{"type":"FeatureCollection","features":[{"type":"Feature","properties":{"name":"(unnamed public road)","road_class":"track","source":"OpenStreetMap","source_detail":"osm way 1227699427","source_tile":"177/392","surface_inferred":true},"geometry":{"type":"LineString","coordinates":[[-117.76181,38.87386],[-117.76234,38.87322],[-117.76352,38.872],[-117.76445,38.87093],[-117.76675,38.86841],[-117.76781,38.8674],[-117.76853,38.86654],[-117.76931,38.86569],[-117.76988,38.86494],[-117.77344,38.86097],[-117.77571,38.85866],[-117.77579,38.85858],[-117.77677,38.85767],[-117.7776,38.85682],[-117.77781,38.85662],[-117.7782,38.85646],[-117.77853,38.85652],[-117.77863,38.85645],[-117.77887,38.85628],[-117.77903,38.85616],[-117.77932,38.85592],[-117.77953,38.8557],[-117.77976,38.85538],[-117.78022,38.85498],[-117.78072,38.85445],[-117.78092,38.85418],[-117.78121,38.85365],[-117.78133,38.85349],[-117.78271,38.85171],[-117.78295,38.85138],[-117.78329,38.85087],[-117.78345,38.85067],[-117.78381,38.85027],[-117.7841,38.84963],[-117.7842,38.84919],[-117.78446,38.8489],[-117.7846,38.84866],[-117.78473,38.84848],[-117.78478,38.84839],[-117.78463,38.84762],[-117.7846,38.84722],[-117.78457,38.84706],[-117.7846,38.84695],[-117.78474,38.84673],[-117.78477,38.84665],[-117.78475,38.84621],[-117.78427,38.84581],[-117.78421,38.84568],[-117.78419,38.84553],[-117.78401,38.84529],[-117.78391,38.84507],[-117.78365,38.84459],[-117.78362,38.84425],[-117.78358,38.84411],[-117.78318,38.84352],[-117.78303,38.84327],[-117.78296,38.84304],[-117.78294,38.84281],[-117.78285,38.84268],[-117.7828,38.84183],[-117.78269,38.84156],[-117.78255,38.84106],[-117.78219,38.84051],[-117.78212,38.84036],[-117.78212,38.84024],[-117.78215,38.84005],[-117.78228,38.83974],[-117.78239,38.83953],[-117.7826,38.8392],[-117.78272,38.83908],[-117.78284,38.839],[-117.7829,38.83892],[-117.78292,38.83881],[-117.78285,38.83864],[-117.78298,38.83846],[-117.78344,38.83814],[-117.78388,38.83791],[-117.78394,38.83784],[-117.78404,38.83764],[-117.78406,38.83752],[-117.78388,38.83719],[-117.78384,38.83707],[-117.7838,38.83688],[-117.7838,38.8367],[-117.78383,38.83645],[-117.7839,38.8361],[-117.78407,38.83574],[-117.7841,38.83563],[-117.78416,38.83508],[-117.78424,38.83453],[-117.78421,38.83384],[-117.78424,38.83353],[-117.7842,38.83322],[-117.78421,38.83286],[-117.78416,38.83239],[-117.78417,38.83182],[-117.78412,38.83149],[-117.78397,38.83132],[-117.78357,38.83098],[-117.78339,38.8309],[-117.78318,38.83084],[-117.78293,38.83071],[-117.78285,38.83064],[-117.78279,38.83055],[-117.7826,38.82997],[-117.7825,38.82921],[-117.7824,38.8287],[-117.78236,38.82834],[-117.78214,38.8269],[-117.78184,38.82588],[-117.78169,38.82572],[-117.78142,38.82553],[-117.78127,38.82546],[-117.78098,38.8254],[-117.78027,38.82493],[-117.77922,38.8245],[-117.77863,38.82431],[-117.77791,38.82419],[-117.77751,38.82409],[-117.7769,38.82388],[-117.77596,38.82351],[-117.77541,38.82322],[-117.77502,38.8226],[-117.77498,38.82241],[-117.77488,38.82225],[-117.77483,38.82192],[-117.77468,38.82167],[-117.77453,38.8213],[-117.77434,38.82092],[-117.77427,38.82071],[-117.77422,38.82063],[-117.77407,38.82046],[-117.774,38.82022],[-117.77374,38.81982],[-117.77342,38.81925],[-117.77316,38.81861],[-117.77314,38.81826],[-117.77302,38.81794],[-117.773,38.81784],[-117.773,38.81766],[-117.77302,38.81748],[-117.77301,38.81701],[-117.77307,38.81656],[-117.77305,38.81644],[-117.77299,38.81632],[-117.77294,38.81598],[-117.77287,38.81567],[-117.77283,38.81492],[-117.77275,38.8147],[-117.77272,38.81455],[-117.77269,38.81345],[-117.77272,38.81309],[-117.77261,38.8128],[-117.77262,38.81275],[-117.77268,38.81271],[-117.77301,38.81267],[-117.77338,38.81257],[-117.7735,38.8125],[-117.77351,38.81239],[-117.77347,38.81225],[-117.77323,38.81209],[-117.77302,38.81187],[-117.77289,38.81176],[-117.77202,38.81116],[-117.77188,38.811],[-117.77174,38.81089],[-117.77148,38.81065],[-117.77136,38.81052],[-117.7713,38.81048],[-117.77102,38.81019],[-117.77093,38.81013],[-117.7708,38.81007],[-117.77043,38.80995],[-117.76958,38.80982],[-117.7695,38.80979],[-117.76943,38.80974],[-117.76935,38.80967],[-117.76915,38.80939],[-117.76888,38.80912],[-117.76869,38.80875],[-117.76863,38.80867],[-117.76855,38.80862],[-117.76838,38.80854],[-117.76817,38.8085],[-117.76772,38.80851],[-117.7676,38.80849],[-117.76749,38.80846],[-117.76709,38.80831],[-117.76682,38.80825],[-117.76655,38.80823],[-117.7659,38.80824],[-117.76546,38.80823],[-117.7652,38.80823],[-117.7645,38.80829],[-117.76396,38.80831],[-117.76346,38.80834],[-117.7633,38.80834],[-117.7628,38.80825],[-117.76245,38.80822],[-117.76213,38.80817],[-117.76198,38.80817],[-117.76075,38.80828],[-117.76049,38.80828],[-117.75979,38.80822],[-117.75904,38.80803],[-117.75891,38.80801],[-117.75876,38.80801],[-117.75825,38.80806],[-117.75763,38.80814],[-117.7569,38.80821],[-117.75653,38.80828],[-117.75638,38.80829],[-117.75606,38.80828],[-117.75561,38.80823],[-117.75534,38.80822],[-117.75515,38.80819],[-117.75499,38.80814],[-117.75483,38.80807],[-117.75465,38.80796],[-117.75423,38.80759],[-117.75415,38.80753],[-117.75395,38.80744],[-117.75378,38.8074],[-117.75359,38.80738],[-117.75275,38.80743],[-117.75232,38.80743],[-117.75181,38.80741],[-117.75143,38.80737],[-117.75098,38.80735],[-117.75054,38.80738],[-117.75037,38.80738],[-117.75013,38.80736],[-117.74992,38.80732],[-117.74979,38.80727],[-117.74907,38.80693],[-117.74893,38.80689],[-117.74875,38.80686],[-117.74839,38.80684],[-117.74778,38.80686],[-117.74752,38.80686],[-117.74621,38.80675],[-117.74537,38.8067],[-117.74493,38.80663],[-117.74437,38.80649],[-117.74372,38.80637],[-117.74283,38.80632],[-117.74165,38.80618],[-117.74088,38.80614],[-117.74034,38.80614],[-117.74,38.80618],[-117.73892,38.80657]]}},{"type":"Feature","properties":{"name":"(unnamed public road)","road_class":"unclassified","surface":"unpaved","source":"OpenStreetMap","source_detail":"osm way 783769733","source_tile":"177/392"},"geometry":{"type":"LineString","coordinates":[[-117.88417,38.69365],[-117.88373,38.69366],[-117.88096,38.69437],[-117.8754,38.69494],[-117.8744,38.69495],[-117.8692,38.6947],[-117.86832,38.69477],[-117.86661,38.69512],[-117.86234,38.69661],[-117.85571,38.69626],[-117.85513,38.69625],[-117.85487,38.69624],[-117.85324,38.69651],[-117.85272,38.69653],[-117.85036,38.69624],[-117.84929,38.69628],[-117.84893,38.69624],[-117.84863,38.69609],[-117.84824,38.69547],[-117.84781,38.69505],[-117.84624,38.69385],[-117.84395,38.69269],[-117.84257,38.69184],[-117.84195,38.69155],[-117.82657,38.6875],[-117.8253,38.68718],[-117.82249,38.68614],[-117.81213,38.68335],[-117.80835,38.68246],[-117.8067,38.68189],[-117.8057,38.68143],[-117.80467,38.68114],[-117.80432,38.68108],[-117.80352,38.68121],[-117.80285,38.68131],[-117.80177,38.68146],[-117.80132,38.68159],[-117.80111,38.68161],[-117.80074,38.6816],[-117.79996,38.68171],[-117.79978,38.6817],[-117.7992,38.6817],[-117.79858,38.68186],[-117.79758,38.68223],[-117.79599,38.68319],[-117.79483,38.6838],[-117.79443,38.68397],[-117.79424,38.68397],[-117.79341,38.68392],[-117.79295,38.68394],[-117.79225,38.68409],[-117.79166,38.68432],[-117.79122,38.68471],[-117.79048,38.68549],[-117.79014,38.68589],[-117.78993,38.68619],[-117.7867,38.68834],[-117.78602,38.68888],[-117.7857,38.689],[-117.78549,38.68923],[-117.78452,38.68979],[-117.78346,38.69056],[-117.78255,38.69109],[-117.78028,38.69217],[-117.7798,38.6924],[-117.77915,38.69273],[-117.77812,38.69316],[-117.77713,38.69391],[-117.77445,38.69582],[-117.77316,38.6967],[-117.77232,38.69719],[-117.7715,38.69762],[-117.77002,38.69868],[-117.76783,38.70029],[-117.76573,38.70155],[-117.76481,38.7021],[-117.76457,38.7022],[-117.76384,38.70236],[-117.76351,38.70248],[-117.76301,38.7028],[-117.7627,38.70289],[-117.76133,38.70318],[-117.76082,38.70337],[-117.76064,38.70337],[-117.76019,38.70323],[-117.75999,38.70321],[-117.75975,38.70329],[-117.7596,38.70355],[-117.75938,38.70403],[-117.75922,38.70428],[-117.75865,38.70459],[-117.75778,38.70505],[-117.75733,38.70518],[-117.75691,38.70523],[-117.75654,38.70535],[-117.75609,38.70546],[-117.75536,38.70554],[-117.75402,38.70565],[-117.75323,38.70577],[-117.75176,38.70609],[-117.75099,38.70626],[-117.74992,38.70662],[-117.74888,38.70676],[-117.74833,38.70674],[-117.74776,38.70672],[-117.7476,38.70672],[-117.74703,38.70667],[-117.74524,38.70681],[-117.74455,38.70672],[-117.74184,38.70622],[-117.73856,38.70552],[-117.73759,38.70539],[-117.73644,38.70539],[-117.73566,38.70547],[-117.73522,38.7056],[-117.73477,38.70597],[-117.73437,38.70638],[-117.73394,38.70677],[-117.73351,38.70695],[-117.73309,38.707],[-117.73286,38.70696],[-117.73241,38.70679],[-117.73187,38.70658],[-117.73111,38.70641],[-117.7298,38.70592],[-117.72886,38.70548],[-117.72825,38.70522],[-117.72766,38.7051],[-117.72688,38.7051],[-117.72643,38.70526]]}},{"type":"Feature","properties":{"name":"(unnamed public road)","road_class":"track","source":"OpenStreetMap","source_detail":"osm way 783780033","source_tile":"177/393","surface_inferred":true},"geometry":{"type":"LineString","coordinates":[[-117.77595,38.53353],[-117.77595,38.53379],[-117.77587,38.53413],[-117.77563,38.53453],[-117.77555,38.53466],[-117.77557,38.53481],[-117.77568,38.535],[-117.77568,38.53515],[-117.77491,38.53589],[-117.77477,38.53615],[-117.77472,38.53641],[-117.77457,38.53659],[-117.77422,38.53685],[-117.77409,38.53709],[-117.77403,38.53757],[-117.77373,38.53832],[-117.77355,38.53862],[-117.77352,38.53884],[-117.77343,38.53906],[-117.77339,38.53926],[-117.77345,38.53946],[-117.77362,38.53951],[-117.77395,38.53951],[-117.77427,38.53959],[-117.77443,38.5396],[-117.77465,38.53952],[-117.77491,38.53951],[-117.77542,38.53968],[-117.7756,38.53984],[-117.77595,38.54002],[-117.77627,38.5401],[-117.77664,38.54012],[-117.77699,38.54009],[-117.77726,38.54022],[-117.77738,38.54042],[-117.77745,38.54068],[-117.77738,38.54098],[-117.77723,38.54121],[-117.77724,38.54138],[-117.77734,38.54153],[-117.77744,38.54169],[-117.77755,38.54181],[-117.7777,38.54192],[-117.77775,38.54209],[-117.77787,38.54227],[-117.77795,38.54242],[-117.77826,38.54274],[-117.77839,38.54282],[-117.77859,38.54309],[-117.77874,38.54331],[-117.77893,38.54345],[-117.77911,38.54348],[-117.7793,38.5435],[-117.77967,38.54371],[-117.78002,38.54394],[-117.78079,38.54428],[-117.78124,38.5446],[-117.78173,38.54478],[-117.78231,38.54506],[-117.78301,38.54523],[-117.78368,38.54543],[-117.78406,38.54563],[-117.78491,38.54578],[-117.78508,38.5458],[-117.78551,38.54594],[-117.78592,38.54601],[-117.78704,38.54635],[-117.78742,38.5465],[-117.78747,38.54652],[-117.78772,38.54653],[-117.78793,38.54649],[-117.78817,38.54642],[-117.78838,38.5464],[-117.78878,38.54645],[-117.78915,38.54656],[-117.78956,38.54674],[-117.78994,38.54682],[-117.79014,38.54692],[-117.79056,38.54701],[-117.79104,38.54723],[-117.79143,38.54747],[-117.79173,38.5476],[-117.79215,38.54768],[-117.79286,38.54791],[-117.7932,38.54806],[-117.79335,38.5482],[-117.79346,38.54845],[-117.7935,38.54869],[-117.79352,38.54892],[-117.79347,38.54918],[-117.79342,38.54944],[-117.7934,38.54966],[-117.79331,38.54985],[-117.79333,38.55007],[-117.79339,38.55021],[-117.79353,38.55033],[-117.79373,38.55047],[-117.79409,38.55062],[-117.79448,38.55075],[-117.79454,38.55079],[-117.79497,38.55102],[-117.7954,38.55135],[-117.79578,38.55176],[-117.796,38.55203],[-117.79625,38.55224],[-117.79664,38.55247],[-117.79716,38.55275],[-117.79758,38.55305],[-117.79794,38.55319],[-117.7984,38.55338],[-117.79858,38.55352],[-117.79989,38.55442],[-117.80009,38.55449],[-117.80033,38.5545],[-117.80058,38.55451],[-117.8008,38.55458],[-117.80133,38.5549],[-117.80178,38.55512],[-117.80243,38.55542],[-117.8027,38.55562],[-117.80292,38.55571],[-117.80312,38.55585],[-117.80321,38.55604],[-117.80326,38.55647],[-117.80327,38.55663],[-117.80335,38.55676],[-117.80354,38.55688],[-117.80368,38.55695],[-117.80384,38.55699],[-117.80404,38.55696],[-117.80428,38.55691],[-117.80461,38.55693],[-117.80495,38.55698],[-117.80524,38.55706],[-117.80534,38.55718],[-117.80545,38.55738],[-117.80589,38.55802],[-117.80599,38.5582],[-117.80619,38.55835],[-117.80682,38.55875],[-117.80816,38.55947],[-117.80823,38.55951],[-117.80883,38.55984],[-117.80938,38.56024],[-117.80965,38.56043],[-117.80987,38.56056],[-117.81004,38.56078],[-117.81031,38.56099],[-117.81101,38.56143],[-117.81114,38.56158],[-117.81117,38.5617],[-117.81111,38.56187],[-117.81089,38.5622],[-117.8108,38.5624],[-117.81093,38.56256],[-117.81161,38.56301],[-117.81194,38.56324],[-117.81211,38.56351],[-117.81187,38.56382],[-117.81148,38.5641],[-117.81094,38.56442],[-117.81036,38.56471],[-117.81015,38.56479],[-117.80979,38.56497],[-117.80958,38.56512],[-117.8095,38.56525],[-117.80952,38.56543],[-117.80967,38.56556],[-117.80987,38.56564],[-117.81086,38.56591],[-117.81114,38.56606],[-117.81145,38.56634],[-117.81165,38.5666],[-117.8117,38.56695],[-117.81179,38.56743],[-117.81147,38.56855],[-117.81134,38.56877],[-117.81088,38.56933],[-117.81073,38.56956],[-117.81054,38.56997],[-117.81003,38.57057],[-117.80982,38.57084],[-117.80979,38.57099],[-117.80945,38.57158],[-117.80943,38.57169],[-117.80946,38.57186],[-117.80944,38.57241],[-117.8093,38.57263],[-117.80933,38.5731],[-117.80918,38.57345],[-117.80918,38.57358],[-117.8093,38.57387],[-117.80934,38.57407],[-117.80912,38.57511],[-117.80891,38.57581],[-117.80889,38.57611],[-117.80877,38.57635],[-117.8084,38.57669],[-117.8078,38.57739],[-117.80758,38.57779],[-117.80756,38.578],[-117.80763,38.5786]]}},{"type":"Feature","properties":{"name":"(unnamed public road)","road_class":"track","surface":"unpaved","source":"OpenStreetMap","source_detail":"osm way 788122410","source_tile":"177/392"},"geometry":{"type":"LineString","coordinates":[[-117.76814,38.5611],[-117.76845,38.56116],[-117.7691,38.56099],[-117.77027,38.56077],[-117.77067,38.56065],[-117.77109,38.56041],[-117.77115,38.56039],[-117.77123,38.56038],[-117.77141,38.5604],[-117.77158,38.56043],[-117.77214,38.5605],[-117.77229,38.5605],[-117.77258,38.56045],[-117.77294,38.5603],[-117.77344,38.55988],[-117.77482,38.55859],[-117.77529,38.55806],[-117.77542,38.55788],[-117.7756,38.55758],[-117.77566,38.55752],[-117.77592,38.55733],[-117.77646,38.55702],[-117.77734,38.55648],[-117.77777,38.55619],[-117.77806,38.55603],[-117.77829,38.55586],[-117.7784,38.55572],[-117.7785,38.55547],[-117.77884,38.55505],[-117.77906,38.5548],[-117.77927,38.55453],[-117.77915,38.55442],[-117.77912,38.55434],[-117.77918,38.55404],[-117.77927,38.55397],[-117.77955,38.5538],[-117.77969,38.55369],[-117.77986,38.55353],[-117.77995,38.55341],[-117.78001,38.5532],[-117.78023,38.55289],[-117.7803,38.55269],[-117.78039,38.55263],[-117.78059,38.55251],[-117.78068,38.55242],[-117.78071,38.55235],[-117.78071,38.55218],[-117.78051,38.55188],[-117.78051,38.55169],[-117.78111,38.55167],[-117.78161,38.55159],[-117.78171,38.55142],[-117.78169,38.55115],[-117.78198,38.55079],[-117.78238,38.5503],[-117.78266,38.54998],[-117.78278,38.54985],[-117.78309,38.54958],[-117.7839,38.5491],[-117.78417,38.5489],[-117.78532,38.54817],[-117.78548,38.54804],[-117.78571,38.54775],[-117.78578,38.54766],[-117.78592,38.54751],[-117.7861,38.54738],[-117.78711,38.54684],[-117.78742,38.5465]]}},{"type":"Feature","properties":{"name":"(unnamed public road)","road_class":"track","surface":"unpaved","source":"OpenStreetMap","source_detail":"osm way 1018879533","source_tile":"177/392"},"geometry":{"type":"LineString","coordinates":[[-117.75812,38.61771],[-117.75891,38.61687],[-117.75985,38.61589],[-117.76021,38.61556],[-117.76117,38.61481],[-117.76223,38.61375],[-117.76296,38.61307],[-117.76345,38.61248],[-117.76386,38.61197],[-117.76463,38.6112],[-117.76571,38.61007],[-117.76649,38.60924],[-117.76779,38.60778],[-117.76857,38.60698],[-117.76911,38.60647],[-117.77011,38.60522],[-117.7711,38.60417],[-117.77142,38.60376],[-117.77182,38.60343],[-117.77205,38.60325],[-117.77217,38.60313],[-117.77348,38.60209],[-117.77383,38.6018],[-117.77398,38.60167],[-117.77446,38.60118],[-117.77487,38.60087],[-117.77522,38.60065],[-117.77542,38.60045],[-117.77559,38.60018],[-117.7757,38.59994],[-117.77575,38.59973],[-117.77592,38.59882],[-117.77606,38.59843],[-117.77623,38.5981],[-117.77685,38.59739],[-117.77723,38.59691],[-117.77767,38.59651],[-117.77888,38.59532],[-117.77947,38.59469],[-117.78002,38.59415],[-117.78021,38.5939],[-117.78062,38.59309],[-117.7809,38.59262],[-117.78099,38.59244],[-117.7812,38.59183],[-117.78143,38.59076],[-117.78197,38.58935],[-117.78212,38.58902],[-117.78248,38.58847],[-117.78273,38.58804],[-117.78328,38.58721],[-117.78332,38.5871],[-117.78331,38.58697]]}},{"type":"Feature","properties":{"name":"(unnamed public road)","road_class":"track","surface":"unpaved","source":"OpenStreetMap","source_detail":"osm way 1018879536","source_tile":"177/392"},"geometry":{"type":"LineString","coordinates":[[-117.68062,38.57288],[-117.68108,38.57282],[-117.68172,38.57287],[-117.68251,38.57265],[-117.68329,38.57268],[-117.68416,38.57282],[-117.68485,38.57305],[-117.68565,38.57374],[-117.68635,38.57433],[-117.68683,38.57475],[-117.68725,38.57488],[-117.68843,38.57502],[-117.6894,38.57508],[-117.69118,38.57559],[-117.69183,38.57572],[-117.69288,38.57612],[-117.69354,38.57661],[-117.69425,38.57753],[-117.69485,38.57814],[-117.69597,38.57896],[-117.69745,38.57985],[-117.69886,38.58064],[-117.69942,38.58139],[-117.69976,38.58178],[-117.70043,38.58226],[-117.70157,38.58287],[-117.70232,38.58298],[-117.70309,38.58293],[-117.70393,38.58303],[-117.70496,38.58303],[-117.70599,38.58314],[-117.7071,38.58298],[-117.70942,38.58317],[-117.71084,38.583],[-117.71189,38.58303],[-117.71386,38.58327],[-117.71556,38.58332],[-117.71856,38.58345],[-117.72047,38.5834],[-117.72148,38.58349],[-117.72322,38.58391],[-117.72371,38.58397],[-117.72436,38.58384],[-117.72506,38.58384],[-117.72633,38.58409],[-117.72712,38.58428],[-117.72854,38.58414],[-117.72957,38.58399],[-117.73034,38.58366],[-117.73092,38.58332],[-117.73144,38.5829],[-117.73176,38.58268],[-117.73268,38.5825],[-117.73302,38.58233],[-117.73352,38.58198],[-117.73425,38.58173],[-117.73541,38.58146],[-117.73633,38.58139],[-117.73708,38.58142],[-117.7383,38.58181],[-117.73942,38.58203],[-117.73978,38.58203],[-117.74011,38.58193],[-117.74184,38.58092],[-117.74274,38.58045],[-117.74311,38.58025],[-117.74343,38.58],[-117.7438,38.57997],[-117.74445,38.58018],[-117.74472,38.58027],[-117.7455,38.58066],[-117.7456,38.58073],[-117.74651,38.58152],[-117.7467,38.58163],[-117.7469,38.58171],[-117.7479,38.58195],[-117.74876,38.58207],[-117.7491,38.58216],[-117.7499,38.58226],[-117.75002,38.58226],[-117.75039,38.58231],[-117.75167,38.58247],[-117.75175,38.58253],[-117.75188,38.58253],[-117.75223,38.58263],[-117.75335,38.58287],[-117.75425,38.5831],[-117.7551,38.58324],[-117.75553,38.58333],[-117.75852,38.58411],[-117.75925,38.58423],[-117.7604,38.58447],[-117.7617,38.58485],[-117.76194,38.58488],[-117.76319,38.58488],[-117.76388,38.58479],[-117.76416,38.5848],[-117.7646,38.58487],[-117.76517,38.58486],[-117.76662,38.58512],[-117.76765,38.58528],[-117.76791,38.58531],[-117.76881,38.58535],[-117.76916,38.58539],[-117.76959,38.58548],[-117.76975,38.5855],[-117.77052,38.58555],[-117.7712,38.58557],[-117.77219,38.58569],[-117.77256,38.58573],[-117.77344,38.58577],[-117.7744,38.58583],[-117.77515,38.5858],[-117.77558,38.58582],[-117.77637,38.5859],[-117.7771,38.586],[-117.77834,38.58614],[-117.7789,38.58622],[-117.77928,38.5863],[-117.77992,38.58638],[-117.78052,38.58659],[-117.78151,38.58663],[-117.78247,38.58672],[-117.78331,38.58697],[-117.78357,38.58698],[-117.78484,38.58715],[-117.785,38.58716],[-117.78515,38.58717],[-117.78577,38.58725],[-117.78631,38.58739],[-117.78773,38.58773],[-117.78828,38.58783],[-117.79188,38.5883],[-117.7919,38.58829],[-117.79202,38.58832],[-117.79227,38.58834],[-117.79369,38.58855],[-117.79424,38.58863],[-117.79528,38.58876],[-117.79738,38.58898],[-117.79799,38.58906],[-117.79954,38.58928],[-117.80023,38.58931],[-117.80086,38.58934],[-117.80177,38.58933],[-117.80263,38.58944],[-117.80356,38.5895],[-117.80373,38.58956],[-117.804,38.58975],[-117.80435,38.5899],[-117.80489,38.59004],[-117.80555,38.59006],[-117.80591,38.59015],[-117.80607,38.59024],[-117.8065,38.59045],[-117.80775,38.591],[-117.80843,38.59118]]}},{"type":"Feature","properties":{"name":"(unnamed public road)","road_class":"track","source":"OpenStreetMap","source_detail":"osm way 1227695795","source_tile":"177/392","surface_inferred":true},"geometry":{"type":"LineString","coordinates":[[-117.79335,38.77464],[-117.79342,38.7748],[-117.7934,38.77498],[-117.79333,38.77514],[-117.7932,38.77529],[-117.79317,38.7754],[-117.79311,38.77556],[-117.79311,38.77561],[-117.79296,38.77584],[-117.79264,38.77617],[-117.79252,38.77625],[-117.79214,38.77638],[-117.79175,38.77681],[-117.79162,38.77687],[-117.79136,38.77696],[-117.79122,38.77697],[-117.79116,38.77696],[-117.79085,38.77686],[-117.79075,38.77684],[-117.7907,38.77685],[-117.79061,38.77689],[-117.79056,38.77695],[-117.79048,38.77699],[-117.7904,38.77704],[-117.79027,38.77709],[-117.7902,38.77714],[-117.79002,38.77724],[-117.78984,38.7773],[-117.78943,38.77738],[-117.78876,38.77773],[-117.78847,38.77776],[-117.7882,38.77773],[-117.78795,38.77763],[-117.78758,38.77759],[-117.7873,38.77749],[-117.78702,38.77724],[-117.78659,38.77678],[-117.78623,38.77656],[-117.78585,38.77623],[-117.78551,38.7761],[-117.78511,38.77608],[-117.78458,38.77601],[-117.78365,38.77592],[-117.78339,38.77592],[-117.78317,38.77591],[-117.78292,38.77596],[-117.78271,38.77596],[-117.78204,38.77587],[-117.78157,38.77572],[-117.78124,38.77546],[-117.78076,38.77505],[-117.78035,38.77465],[-117.77992,38.77429],[-117.77973,38.77401],[-117.7796,38.7737],[-117.77929,38.77286],[-117.77898,38.7722],[-117.77866,38.77163],[-117.77845,38.77149],[-117.77808,38.77135],[-117.77743,38.77111],[-117.77629,38.77073],[-117.77525,38.77045],[-117.7742,38.77021],[-117.77354,38.77002],[-117.77274,38.76971],[-117.77205,38.76961],[-117.77123,38.76956],[-117.77084,38.76946],[-117.77024,38.7692],[-117.76977,38.76904],[-117.76907,38.76891],[-117.76859,38.7689],[-117.76793,38.76896],[-117.76746,38.76912],[-117.76693,38.76943],[-117.76608,38.76993],[-117.76542,38.77032],[-117.76479,38.77053],[-117.76423,38.77052],[-117.76341,38.77055],[-117.7626,38.77056],[-117.76211,38.77047],[-117.76152,38.77038],[-117.76134,38.77037],[-117.76107,38.77046],[-117.76092,38.77049],[-117.76076,38.77051],[-117.7604,38.77052],[-117.75997,38.77056],[-117.75941,38.77065],[-117.75915,38.77071],[-117.75817,38.77087],[-117.75738,38.77094],[-117.75663,38.77109],[-117.75588,38.77104]]}},{"type":"Feature","properties":{"name":"(unnamed public road)","road_class":"track","source":"OpenStreetMap","source_detail":"osm way 1227695809","source_tile":"177/392","surface_inferred":true},"geometry":{"type":"LineString","coordinates":[[-117.82841,38.80977],[-117.82833,38.8099],[-117.82808,38.81004],[-117.8277,38.81012],[-117.82633,38.81026],[-117.82611,38.81026],[-117.82488,38.8099],[-117.82474,38.8098],[-117.82438,38.80969],[-117.82401,38.80954],[-117.82357,38.80934],[-117.82243,38.80865],[-117.82224,38.80847],[-117.82178,38.8083],[-117.82096,38.8084],[-117.82079,38.80838],[-117.82022,38.80841],[-117.81982,38.80844],[-117.81957,38.80845],[-117.81896,38.8084],[-117.81866,38.8084],[-117.81812,38.80837],[-117.81783,38.80838],[-117.81739,38.80828],[-117.81659,38.80814],[-117.81611,38.80802],[-117.81574,38.80798],[-117.81561,38.80793],[-117.8153,38.80778],[-117.81521,38.8077],[-117.81502,38.80746],[-117.81498,38.80734],[-117.81494,38.80713],[-117.81488,38.80636],[-117.8149,38.80616],[-117.81497,38.80592],[-117.81497,38.80577],[-117.81495,38.80562],[-117.81486,38.80529],[-117.81481,38.80521],[-117.81477,38.80516],[-117.81445,38.80494],[-117.81421,38.80462],[-117.81408,38.80441],[-117.81396,38.80429],[-117.81386,38.80421],[-117.81374,38.80414],[-117.81337,38.804],[-117.81302,38.80383],[-117.81243,38.80365],[-117.812,38.80347],[-117.81182,38.80336],[-117.81145,38.80309],[-117.81105,38.80284],[-117.81093,38.80281],[-117.8105,38.80283],[-117.81036,38.80281],[-117.81028,38.80276],[-117.81011,38.80261],[-117.81002,38.80255],[-117.80973,38.80247],[-117.80952,38.80236],[-117.80935,38.80221],[-117.80889,38.8017],[-117.80878,38.80164],[-117.80851,38.80154],[-117.80837,38.80147],[-117.8083,38.80141],[-117.80823,38.80132],[-117.80819,38.80122],[-117.80816,38.80099],[-117.80799,38.80069],[-117.80787,38.80035],[-117.80797,38.79974],[-117.80793,38.79909],[-117.80786,38.79888],[-117.8077,38.79868],[-117.80764,38.79865],[-117.80737,38.79844],[-117.80718,38.79834],[-117.8069,38.7982],[-117.80652,38.79804],[-117.80597,38.798],[-117.80534,38.79796],[-117.80484,38.79778],[-117.80461,38.79758],[-117.80439,38.79718],[-117.80419,38.79701],[-117.80384,38.79691],[-117.80353,38.79685],[-117.80312,38.79657],[-117.80224,38.79622],[-117.80175,38.79609],[-117.80129,38.79585],[-117.80063,38.79551],[-117.80014,38.79533],[-117.79998,38.79518],[-117.79987,38.79484],[-117.79977,38.79452],[-117.79956,38.79433],[-117.79908,38.79416],[-117.79866,38.79376],[-117.79837,38.79353],[-117.79818,38.79345],[-117.79797,38.79349],[-117.79785,38.79367],[-117.79772,38.79375],[-117.79764,38.79379],[-117.79747,38.79378],[-117.79724,38.79371],[-117.79654,38.79334],[-117.79554,38.79262],[-117.79514,38.79233],[-117.7946,38.79221],[-117.7941,38.79195],[-117.79379,38.7919],[-117.79334,38.79186],[-117.79304,38.79189],[-117.79273,38.79203],[-117.79245,38.79208],[-117.79205,38.79212],[-117.79174,38.79208],[-117.79084,38.79152],[-117.7906,38.79147],[-117.79028,38.79148],[-117.7898,38.7916],[-117.78937,38.79178],[-117.78893,38.79181],[-117.7886,38.79168],[-117.78825,38.79136],[-117.7877,38.79068],[-117.78736,38.79057],[-117.78708,38.7905],[-117.7868,38.7905],[-117.78634,38.7905],[-117.78516,38.79054],[-117.78467,38.79063],[-117.78434,38.79065],[-117.78421,38.79067],[-117.78409,38.79071],[-117.78399,38.79075],[-117.78389,38.79083],[-117.78287,38.79173],[-117.78235,38.79209],[-117.78189,38.79239],[-117.78123,38.79259],[-117.78117,38.79258],[-117.78086,38.79265],[-117.7806,38.79273],[-117.78028,38.79289],[-117.78007,38.79297],[-117.77993,38.79299],[-117.77978,38.79299],[-117.77961,38.79302],[-117.77883,38.79329],[-117.77827,38.79345],[-117.77794,38.79358],[-117.7774,38.79376],[-117.77725,38.79379],[-117.77709,38.79379],[-117.77698,38.79377],[-117.77652,38.79357],[-117.77602,38.79346],[-117.77584,38.79345],[-117.77569,38.79346],[-117.7749,38.7936],[-117.7747,38.79362],[-117.77448,38.79363],[-117.77416,38.79359],[-117.77392,38.79352],[-117.77338,38.7933],[-117.77264,38.793],[-117.77206,38.79269],[-117.77182,38.79261],[-117.7716,38.79258],[-117.77107,38.79259],[-117.77079,38.79261],[-117.76983,38.79265],[-117.76954,38.79268],[-117.76894,38.79289],[-117.76854,38.79299],[-117.76837,38.79305],[-117.76784,38.79331],[-117.76772,38.79335],[-117.76753,38.79338],[-117.76732,38.79339],[-117.76717,38.79337],[-117.76643,38.79317],[-117.76599,38.79308],[-117.7657,38.79305],[-117.76538,38.79304],[-117.76496,38.79311],[-117.76453,38.79311],[-117.76445,38.79312],[-117.76402,38.79328],[-117.76371,38.79337],[-117.76328,38.79353],[-117.76314,38.79356],[-117.76303,38.79356],[-117.76279,38.79354],[-117.76248,38.79349],[-117.76216,38.79341],[-117.762,38.79341],[-117.7619,38.79342],[-117.76173,38.79347],[-117.76097,38.79383],[-117.76079,38.79387],[-117.76067,38.79387],[-117.7603,38.7938],[-117.75969,38.79372],[-117.75945,38.7937],[-117.75885,38.79371],[-117.75863,38.7937],[-117.75815,38.79363],[-117.75778,38.79355],[-117.75762,38.79354],[-117.75707,38.79365],[-117.7569,38.79371],[-117.75666,38.79382],[-117.75621,38.79395],[-117.75598,38.79398],[-117.75564,38.794],[-117.75543,38.79397],[-117.75496,38.79387],[-117.75465,38.79383],[-117.75416,38.7938],[-117.75387,38.7938],[-117.75341,38.79387],[-117.75327,38.79385],[-117.75314,38.79378],[-117.75299,38.79367],[-117.75295,38.79362],[-117.7529,38.79354],[-117.75285,38.79335],[-117.75273,38.7931],[-117.7526,38.79292],[-117.75247,38.79283],[-117.75239,38.7928],[-117.75183,38.79272],[-117.75172,38.79273],[-117.75142,38.79284],[-117.75122,38.79288],[-117.75049,38.79292],[-117.75027,38.79292],[-117.75009,38.79288],[-117.74963,38.79273],[-117.74896,38.79261],[-117.74888,38.79258],[-117.74866,38.79246],[-117.7485,38.79241],[-117.74827,38.79237],[-117.74808,38.79235],[-117.74775,38.79235],[-117.74734,38.79243],[-117.7461,38.79275],[-117.74546,38.79278]]}},{"type":"Feature","properties":{"name":"(unnamed public road)","road_class":"track","source":"OpenStreetMap","source_detail":"osm way 1227822510","source_tile":"177/392","surface_inferred":true},"geometry":{"type":"LineString","coordinates":[[-117.77289,38.81176],[-117.77304,38.81168],[-117.77344,38.81157],[-117.77388,38.81145],[-117.77395,38.81143],[-117.77423,38.81137],[-117.77489,38.81119],[-117.77507,38.81117],[-117.77522,38.81113],[-117.7757,38.81093],[-117.77586,38.81088],[-117.77632,38.81081],[-117.77697,38.81066],[-117.77731,38.81054],[-117.77755,38.81049],[-117.77777,38.81047],[-117.77834,38.8103],[-117.77879,38.81024],[-117.77934,38.81011],[-117.77953,38.81003],[-117.7797,38.80992],[-117.77984,38.80981],[-117.77993,38.80977],[-117.78,38.80979],[-117.78006,38.80982],[-117.78024,38.80997],[-117.78029,38.80998],[-117.78064,38.80987],[-117.78141,38.80945],[-117.78165,38.80933],[-117.78191,38.80908],[-117.78206,38.80898],[-117.78214,38.80895],[-117.78235,38.80895],[-117.78255,38.80888],[-117.78275,38.80884],[-117.78291,38.80879],[-117.78305,38.8087],[-117.7833,38.8086],[-117.78359,38.80855],[-117.78379,38.80856]]}},{"type":"Feature","properties":{"name":"(unnamed public road)","road_class":"unclassified","surface":"unpaved","source":"OpenStreetMap","source_detail":"osm way 783784399","source_tile":"177/393"},"geometry":{"type":"LineString","coordinates":[[-117.8598,38.43442],[-117.8591,38.4339],[-117.8578,38.43317],[-117.8538,38.43149],[-117.85246,38.43089],[-117.84971,38.43021],[-117.84894,38.42993],[-117.84817,38.42953],[-117.84753,38.4294],[-117.84655,38.42941],[-117.84528,38.4295],[-117.84346,38.42926],[-117.84205,38.42921],[-117.83725,38.42931],[-117.83694,38.42929],[-117.83663,38.42922],[-117.83549,38.42881],[-117.83513,38.42868],[-117.83132,38.42628],[-117.831,38.42616],[-117.8305,38.42598],[-117.82715,38.42354],[-117.8238,38.42136],[-117.82346,38.42116],[-117.82058,38.42027],[-117.81841,38.41947],[-117.81713,38.41898],[-117.81427,38.41786],[-117.81372,38.41764],[-117.81326,38.41768],[-117.81264,38.4178],[-117.81233,38.41809],[-117.81197,38.41853],[-117.81162,38.41898],[-117.80954,38.41962],[-117.80897,38.41987],[-117.80519,38.4203],[-117.80142,38.42083],[-117.79658,38.42114],[-117.79213,38.42183],[-117.79076,38.42195],[-117.78814,38.4224],[-117.78658,38.42273],[-117.78007,38.42379],[-117.77507,38.42505],[-117.77498,38.42508],[-117.77467,38.42519],[-117.77447,38.4254],[-117.7741,38.42612],[-117.773,38.42826],[-117.77154,38.43156],[-117.77028,38.4345],[-117.76961,38.43624],[-117.76939,38.43745],[-117.76899,38.43976],[-117.76894,38.44027],[-117.76883,38.44159],[-117.76888,38.4419],[-117.76905,38.44219],[-117.76912,38.44255],[-117.76904,38.44287],[-117.76889,38.44319],[-117.76887,38.44337],[-117.76892,38.44381],[-117.76888,38.44446],[-117.76885,38.44506],[-117.76871,38.44549],[-117.76857,38.44606],[-117.76853,38.44697],[-117.76839,38.44805],[-117.76805,38.44933],[-117.76795,38.44974],[-117.76801,38.45042],[-117.76776,38.45156],[-117.76779,38.45191],[-117.76792,38.45222],[-117.76794,38.453],[-117.768,38.45347],[-117.76795,38.45395],[-117.76792,38.45418],[-117.768,38.45461],[-117.76827,38.45513],[-117.76826,38.45534],[-117.76805,38.45616],[-117.76803,38.45625],[-117.76802,38.45683],[-117.76787,38.45808],[-117.76765,38.45874],[-117.76742,38.45909],[-117.76663,38.45978],[-117.76644,38.46004],[-117.76663,38.46117],[-117.76663,38.46156],[-117.76644,38.46208],[-117.76606,38.46304],[-117.76579,38.46424],[-117.76574,38.46557],[-117.76557,38.4701],[-117.76547,38.47053],[-117.76517,38.4711],[-117.76495,38.47151],[-117.76495,38.47181],[-117.7651,38.47238],[-117.76525,38.47259],[-117.76552,38.47289],[-117.76597,38.4735],[-117.76629,38.47375],[-117.76653,38.47396],[-117.76658,38.4742],[-117.76643,38.47492],[-117.76636,38.47533],[-117.76618,38.47561],[-117.76533,38.47663],[-117.76511,38.47692],[-117.76486,38.47744],[-117.76422,38.47817],[-117.76392,38.47859],[-117.7637,38.47898],[-117.76338,38.47945],[-117.76275,38.4799],[-117.76211,38.48041],[-117.76134,38.48082],[-117.76071,38.4813],[-117.76,38.48166],[-117.75981,38.48171],[-117.75935,38.48162],[-117.75906,38.48166],[-117.75828,38.48188],[-117.75799,38.48206],[-117.75709,38.48329],[-117.75671,38.48359],[-117.75602,38.48386],[-117.75416,38.4844],[-117.75363,38.48469],[-117.75285,38.48533],[-117.75222,38.48611],[-117.7519,38.48658],[-117.75178,38.48717],[-117.75157,38.48877],[-117.75158,38.48931],[-117.75131,38.48995],[-117.75068,38.491],[-117.75048,38.49132],[-117.75017,38.49218],[-117.75005,38.4925],[-117.74976,38.49305],[-117.74976,38.49323],[-117.74981,38.49358],[-117.74942,38.49431],[-117.74929,38.49444],[-117.74839,38.49474],[-117.74761,38.49493],[-117.74718,38.49493],[-117.74702,38.49493],[-117.74638,38.49491],[-117.74608,38.49491],[-117.74595,38.49493],[-117.74579,38.49499],[-117.74571,38.49506],[-117.74569,38.49513],[-117.74569,38.49523],[-117.74571,38.49542],[-117.74567,38.49566],[-117.74547,38.49598],[-117.74481,38.49694],[-117.74444,38.49748],[-117.74431,38.49776],[-117.74429,38.49818],[-117.74433,38.49886],[-117.74451,38.49973],[-117.74457,38.49996],[-117.74444,38.5002],[-117.7441,38.50053],[-117.7425,38.50174],[-117.74203,38.502],[-117.7416,38.50229],[-117.74045,38.50352],[-117.74016,38.50399],[-117.73994,38.50419],[-117.73954,38.50447],[-117.73896,38.50463],[-117.73838,38.50503],[-117.73769,38.50535],[-117.73752,38.50552],[-117.73722,38.50618],[-117.73675,38.50685],[-117.73601,38.50859],[-117.73583,38.50885],[-117.73558,38.50901],[-117.73521,38.50909],[-117.73438,38.50919],[-117.73415,38.50927],[-117.73355,38.50965],[-117.73331,38.5099],[-117.7332,38.51064],[-117.73294,38.51127],[-117.73255,38.51173],[-117.73085,38.51354],[-117.73073,38.51383],[-117.73066,38.51453],[-117.73062,38.51653],[-117.73055,38.51683],[-117.73041,38.51724],[-117.73,38.51768],[-117.72919,38.51848],[-117.72864,38.51893],[-117.72503,38.52182],[-117.72299,38.52324],[-117.72177,38.52401],[-117.7206,38.5245],[-117.71928,38.52491],[-117.71846,38.5251],[-117.71816,38.52536],[-117.71718,38.52593],[-117.71672,38.52624],[-117.71633,38.5266],[-117.71579,38.5271],[-117.71524,38.52751],[-117.71485,38.52771],[-117.71425,38.52802],[-117.71371,38.52831],[-117.71319,38.52882],[-117.7126,38.52903],[-117.71144,38.52998],[-117.70972,38.53174],[-117.70876,38.53234],[-117.70796,38.53303],[-117.70582,38.53467],[-117.70511,38.53494],[-117.7031,38.5365],[-117.70275,38.53661],[-117.70171,38.53688],[-117.70049,38.53702],[-117.69965,38.537],[-117.69928,38.53704],[-117.69871,38.53729],[-117.6984,38.53755],[-117.69806,38.538],[-117.69767,38.53844],[-117.69734,38.53865],[-117.6966,38.53927],[-117.69621,38.53953],[-117.6959,38.53968],[-117.69552,38.5398],[-117.6951,38.53988],[-117.69367,38.5407],[-117.69336,38.54096],[-117.69209,38.54227],[-117.6918,38.54247],[-117.69111,38.54286],[-117.69079,38.54314],[-117.68974,38.54417],[-117.6885,38.54512],[-117.68793,38.5456],[-117.68588,38.54749],[-117.68559,38.54776],[-117.68474,38.54857],[-117.68126,38.55179],[-117.68073,38.5522],[-117.68002,38.55293],[-117.67827,38.55444],[-117.67614,38.55624],[-117.67544,38.55679],[-117.67474,38.55727],[-117.67388,38.55799],[-117.6737,38.55806],[-117.6734,38.55819],[-117.6732,38.5583],[-117.6724,38.55881],[-117.67207,38.55899],[-117.67116,38.5594],[-117.67064,38.5596],[-117.67019,38.55974],[-117.66895,38.56009],[-117.6686,38.56015],[-117.66749,38.56024],[-117.66711,38.56026],[-117.66567,38.5603],[-117.66544,38.56031],[-117.66497,38.56029],[-117.66473,38.5603],[-117.66439,38.56034],[-117.66422,38.56037],[-117.66406,38.56037],[-117.66386,38.56037],[-117.66372,38.56035],[-117.66353,38.5603],[-117.66339,38.56024],[-117.66322,38.56015],[-117.66223,38.55958],[-117.66198,38.55942],[-117.66168,38.55927],[-117.66141,38.55917],[-117.66124,38.55913],[-117.66023,38.55904],[-117.65982,38.55896],[-117.65938,38.55884],[-117.65926,38.5588],[-117.65903,38.5587],[-117.65888,38.55861],[-117.65877,38.55858],[-117.65867,38.55856],[-117.65821,38.55855],[-117.65778,38.55852],[-117.65743,38.55846],[-117.65718,38.55838],[-117.65636,38.55799],[-117.65602,38.55787],[-117.6558,38.55782],[-117.65549,38.55776],[-117.65503,38.5577],[-117.65481,38.55768],[-117.65464,38.55769],[-117.65447,38.55772]]}},{"type":"Feature","properties":{"name":"National Forest Development Road 120","road_class":"track","surface":"unpaved","source":"OpenStreetMap","source_detail":"osm way 14413795","source_tile":"177/392"},"geometry":{"type":"LineString","coordinates":[[-117.56951,38.8419],[-117.5694,38.84188],[-117.56929,38.84184],[-117.56918,38.84175],[-117.56914,38.8417],[-117.56906,38.84157],[-117.56897,38.84138],[-117.56887,38.84121],[-117.56872,38.84104],[-117.56846,38.84073],[-117.56835,38.84059],[-117.5682,38.84037],[-117.56748,38.83915],[-117.56743,38.83899],[-117.56741,38.83887],[-117.56737,38.8385],[-117.56739,38.83826],[-117.56748,38.83773],[-117.56755,38.83751],[-117.56756,38.83746],[-117.56757,38.83723],[-117.56758,38.83707],[-117.5676,38.83682],[-117.56761,38.83665],[-117.56759,38.83656],[-117.56753,38.83646],[-117.56748,38.83633],[-117.56747,38.83625],[-117.56749,38.83621],[-117.5676,38.83607],[-117.56763,38.836],[-117.56765,38.83563],[-117.56777,38.83482],[-117.56784,38.83454],[-117.56798,38.83389],[-117.56799,38.83337],[-117.56804,38.83316],[-117.56807,38.8331],[-117.56815,38.833],[-117.5682,38.83286],[-117.56822,38.83271],[-117.56827,38.83255],[-117.56831,38.83247],[-117.56836,38.83237],[-117.56839,38.83232],[-117.56849,38.83211],[-117.56862,38.83174],[-117.56865,38.83152],[-117.56865,38.83115],[-117.56862,38.83065],[-117.56864,38.83026],[-117.56867,38.82933],[-117.56872,38.82911],[-117.5688,38.82895],[-117.56888,38.82875],[-117.56898,38.82836],[-117.56905,38.82819],[-117.5691,38.82807],[-117.56915,38.82798],[-117.56925,38.82781],[-117.56935,38.82769],[-117.56977,38.82696],[-117.56986,38.82674],[-117.57009,38.82633],[-117.57027,38.82614],[-117.5709,38.82531],[-117.57093,38.82525],[-117.57097,38.82511],[-117.571,38.82494],[-117.57116,38.82448],[-117.5712,38.82441],[-117.57141,38.82422],[-117.57156,38.824],[-117.57162,38.82393],[-117.57181,38.82379],[-117.57196,38.82363],[-117.57215,38.82331],[-117.57218,38.82322],[-117.57237,38.82284],[-117.57245,38.82274],[-117.57257,38.82265],[-117.57277,38.82248],[-117.57294,38.82232],[-117.57312,38.82212],[-117.57344,38.82171],[-117.57358,38.82157],[-117.5739,38.82124],[-117.57398,38.82114],[-117.57423,38.82073],[-117.57436,38.82042],[-117.57443,38.82007],[-117.57447,38.81997],[-117.57457,38.81975],[-117.5746,38.81966],[-117.57459,38.81959],[-117.57454,38.8194],[-117.57453,38.81929],[-117.57455,38.81921],[-117.57466,38.81898],[-117.57483,38.81852],[-117.57505,38.81847],[-117.57518,38.81844]]}},{"type":"Feature","properties":{"name":"South Ione Road","road_class":"unclassified","surface":"gravel","source":"OpenStreetMap","source_detail":"osm way 436737898","source_tile":"177/392"},"geometry":{"type":"LineString","coordinates":[[-117.64896,38.87262],[-117.65328,38.86714],[-117.6568,38.86322],[-117.65847,38.86112],[-117.65951,38.8598],[-117.66069,38.85861],[-117.66142,38.85836],[-117.66434,38.85803],[-117.66515,38.85786],[-117.6671,38.85677],[-117.66792,38.85559],[-117.66998,38.85107],[-117.67161,38.8484],[-117.67236,38.84706],[-117.67315,38.84529],[-117.6744,38.84217],[-117.67603,38.83983],[-117.67749,38.8375],[-117.67807,38.83657],[-117.67841,38.83578],[-117.67867,38.83495],[-117.67869,38.83254],[-117.67841,38.83067],[-117.67792,38.82717],[-117.67815,38.82624],[-117.67843,38.82559],[-117.67775,38.8233],[-117.67732,38.82086],[-117.67638,38.81899],[-117.67494,38.81611],[-117.67491,38.81603],[-117.67436,38.81438],[-117.67403,38.8131],[-117.67361,38.81144],[-117.67367,38.80818],[-117.67427,38.80686],[-117.67464,38.80537],[-117.67461,38.80306],[-117.67466,38.80215],[-117.67499,38.80153],[-117.67539,38.80081],[-117.67725,38.794],[-117.6775,38.79327],[-117.6779,38.79213],[-117.67948,38.79042],[-117.68002,38.78954],[-117.68062,38.78843],[-117.68082,38.78669],[-117.68189,38.78569],[-117.68378,38.78426]]}},{"type":"Feature","properties":{"name":"South Newe Road 22","road_class":"unclassified","surface":"unpaved","source":"OpenStreetMap","source_detail":"osm way 657939461","source_tile":"177/392"},"geometry":{"type":"LineString","coordinates":[[-117.51095,38.75918],[-117.51072,38.75964],[-117.51008,38.76094],[-117.50898,38.76303],[-117.50875,38.76351],[-117.50832,38.76437],[-117.50823,38.76461],[-117.5082,38.76478],[-117.50818,38.76506],[-117.50826,38.76638],[-117.50831,38.76701],[-117.50832,38.76708],[-117.50836,38.76826],[-117.50849,38.77065],[-117.50851,38.77107],[-117.50852,38.77135],[-117.50856,38.77208],[-117.50857,38.77229],[-117.50857,38.77242],[-117.50859,38.77248],[-117.50866,38.77264],[-117.50867,38.77267],[-117.50884,38.7731],[-117.50886,38.77323],[-117.50885,38.77347],[-117.50875,38.77403],[-117.50848,38.77516],[-117.50817,38.77643],[-117.50799,38.77708],[-117.50784,38.77778],[-117.50768,38.77872],[-117.50748,38.78003],[-117.50733,38.78098],[-117.50721,38.78171],[-117.50717,38.78196],[-117.50695,38.78292],[-117.50642,38.78497],[-117.50629,38.78539],[-117.50605,38.78628],[-117.50577,38.78733],[-117.50547,38.7881],[-117.50504,38.78928],[-117.50489,38.78969],[-117.5048,38.79002],[-117.50465,38.79055],[-117.50456,38.79082],[-117.5041,38.79229],[-117.50399,38.79272],[-117.50383,38.79336],[-117.50374,38.7937],[-117.50364,38.79402],[-117.50351,38.79445],[-117.50326,38.79548],[-117.50297,38.79648],[-117.50271,38.79744],[-117.50257,38.79794],[-117.50241,38.79862],[-117.50206,38.79994],[-117.50191,38.80075],[-117.50177,38.80166],[-117.5016,38.80295],[-117.50158,38.80303],[-117.50146,38.80362],[-117.5013,38.80473],[-117.50116,38.80552],[-117.50111,38.80576],[-117.50109,38.80594],[-117.50107,38.80693],[-117.50109,38.80758],[-117.50111,38.8077],[-117.50117,38.80786],[-117.5013,38.80806],[-117.50191,38.80887],[-117.502,38.80902],[-117.50207,38.8092],[-117.50216,38.80967],[-117.50225,38.80991],[-117.50233,38.81004],[-117.50269,38.81054],[-117.50287,38.81082],[-117.50294,38.81096],[-117.50298,38.81108],[-117.50299,38.81113],[-117.50327,38.81235],[-117.50355,38.81335],[-117.50362,38.81347],[-117.50381,38.81375],[-117.50406,38.81409],[-117.50444,38.81456],[-117.50471,38.81493],[-117.50475,38.815],[-117.5048,38.81515],[-117.50484,38.81532],[-117.50484,38.81558],[-117.50479,38.81612],[-117.50478,38.81626],[-117.50482,38.81773],[-117.50485,38.81844],[-117.50484,38.81862],[-117.50479,38.81884],[-117.50473,38.81899],[-117.50444,38.81936],[-117.50419,38.81971],[-117.50414,38.81983],[-117.50409,38.82004],[-117.5041,38.82017],[-117.50411,38.82025],[-117.50425,38.82063],[-117.50433,38.82097],[-117.50465,38.82183],[-117.505,38.82287],[-117.50519,38.82333],[-117.50523,38.82347],[-117.50524,38.82381],[-117.50522,38.82397],[-117.50516,38.82409],[-117.50492,38.82449],[-117.5048,38.8247],[-117.50475,38.82482],[-117.50471,38.82505],[-117.5047,38.82521],[-117.50473,38.82538],[-117.5048,38.82553],[-117.50499,38.82581],[-117.50526,38.82619],[-117.50537,38.82639],[-117.50545,38.82659],[-117.50547,38.8267],[-117.50548,38.8274],[-117.50544,38.82759],[-117.50513,38.8288],[-117.50508,38.82905],[-117.505,38.82928],[-117.50465,38.83069],[-117.50457,38.83098],[-117.50454,38.83116],[-117.50436,38.83206],[-117.50413,38.833],[-117.50413,38.8331],[-117.50416,38.8332],[-117.50445,38.83369],[-117.50455,38.83383],[-117.50471,38.83398],[-117.50491,38.83411],[-117.50515,38.83425],[-117.50539,38.83437],[-117.50558,38.83449],[-117.50564,38.83454],[-117.50577,38.83471],[-117.50582,38.83481],[-117.50592,38.83504],[-117.50594,38.83519],[-117.50597,38.83538],[-117.50601,38.8357],[-117.50609,38.83595],[-117.50608,38.83637],[-117.50598,38.8367],[-117.50563,38.83707],[-117.50522,38.83735],[-117.50496,38.83763],[-117.50466,38.83801],[-117.50442,38.83827],[-117.50421,38.83843],[-117.50401,38.83856],[-117.50385,38.83879],[-117.50382,38.83912],[-117.50383,38.83949],[-117.50366,38.84003],[-117.50353,38.84062],[-117.50339,38.84098],[-117.50315,38.84155],[-117.5028,38.8421],[-117.5025,38.84246],[-117.50164,38.84328],[-117.50116,38.84381],[-117.50069,38.84438],[-117.49948,38.84568],[-117.49899,38.8461],[-117.49819,38.84676],[-117.498,38.84697],[-117.49781,38.84721],[-117.4977,38.84765],[-117.49764,38.8479],[-117.49757,38.84819],[-117.49751,38.84853],[-117.4975,38.84857],[-117.49749,38.84868],[-117.4975,38.84894],[-117.49755,38.84922],[-117.49764,38.84952],[-117.49793,38.85039],[-117.498,38.85068],[-117.49803,38.85084],[-117.49811,38.85203],[-117.49814,38.85269],[-117.49817,38.85303],[-117.49814,38.85335],[-117.49811,38.85351],[-117.49798,38.85397],[-117.49796,38.85403],[-117.49778,38.85512],[-117.49774,38.85542],[-117.49774,38.85561],[-117.49766,38.85637],[-117.49767,38.85649],[-117.49764,38.85671],[-117.49759,38.85689],[-117.49751,38.85707],[-117.49728,38.85741],[-117.49709,38.85761],[-117.49691,38.85776],[-117.49637,38.85818],[-117.4959,38.85862],[-117.49537,38.85917],[-117.49493,38.85964],[-117.49464,38.86003],[-117.49453,38.86019],[-117.49434,38.8605],[-117.49409,38.86089],[-117.494,38.86105],[-117.49396,38.86113],[-117.49388,38.86131],[-117.49382,38.86154],[-117.49378,38.86179],[-117.4935,38.86268],[-117.49328,38.8636],[-117.49318,38.86405],[-117.49312,38.86427],[-117.49305,38.86455],[-117.49292,38.86494],[-117.49288,38.86529],[-117.49288,38.86553],[-117.4929,38.86604],[-117.49294,38.86636],[-117.49296,38.86653],[-117.49291,38.86705],[-117.49293,38.86731],[-117.49284,38.86822],[-117.4928,38.86844],[-117.49264,38.86907],[-117.49263,38.86922],[-117.49263,38.8693],[-117.49263,38.86937],[-117.49263,38.86951],[-117.49263,38.86961],[-117.49261,38.86966],[-117.49255,38.86974]]}},{"type":"Feature","properties":{"name":"(unnamed public road)","road_class":"unclassified","surface":"unpaved","source":"OpenStreetMap","source_detail":"osm way 800568228","source_tile":"177/392"},"geometry":{"type":"LineString","coordinates":[[-117.71573,38.87795],[-117.71703,38.87411],[-117.71721,38.87391],[-117.71733,38.87383],[-117.71744,38.87367],[-117.71745,38.87343],[-117.71741,38.87318],[-117.71743,38.87303],[-117.71766,38.87249],[-117.71781,38.87234],[-117.71805,38.8722],[-117.71825,38.87202],[-117.71828,38.87162],[-117.71845,38.87066],[-117.71874,38.8699],[-117.71895,38.86956],[-117.71907,38.86915],[-117.71935,38.86823],[-117.71939,38.86784],[-117.71948,38.86693],[-117.71963,38.86586],[-117.71965,38.86528],[-117.71983,38.86431],[-117.71986,38.86413],[-117.71995,38.86371],[-117.72024,38.8629],[-117.72191,38.85894],[-117.72202,38.85846],[-117.72278,38.85646],[-117.72282,38.85616],[-117.7227,38.8559],[-117.72242,38.85548],[-117.72209,38.85503],[-117.72192,38.85469],[-117.7216,38.85383],[-117.72087,38.85256],[-117.72079,38.85231],[-117.72079,38.85207],[-117.72079,38.85196],[-117.72066,38.85166],[-117.72049,38.85105],[-117.72037,38.8503],[-117.72045,38.85],[-117.72063,38.84982],[-117.72109,38.84959],[-117.72138,38.84934],[-117.72162,38.84898],[-117.72179,38.84854],[-117.72213,38.84821],[-117.72341,38.84727],[-117.72364,38.84709],[-117.72376,38.84696],[-117.72399,38.8467],[-117.72504,38.84556],[-117.72535,38.84506],[-117.72563,38.84421],[-117.72579,38.84333],[-117.72582,38.84291],[-117.7258,38.84279],[-117.72573,38.84242],[-117.7256,38.84198],[-117.7256,38.84151],[-117.72575,38.84093],[-117.72591,38.84055],[-117.7266,38.83976],[-117.72776,38.83785],[-117.72872,38.83617],[-117.72909,38.83548],[-117.72944,38.83473],[-117.73001,38.8341],[-117.73066,38.83264],[-117.73067,38.8323],[-117.73059,38.83193],[-117.73069,38.8313],[-117.73076,38.83089],[-117.73094,38.82965],[-117.73115,38.82905],[-117.73146,38.8284],[-117.73196,38.82703],[-117.73197,38.82682],[-117.73194,38.82624],[-117.73202,38.82569],[-117.73223,38.82518],[-117.73243,38.82485],[-117.73284,38.82448],[-117.73288,38.82428],[-117.73293,38.82406],[-117.73301,38.82358],[-117.73328,38.82291],[-117.73346,38.82257],[-117.73374,38.82225],[-117.73388,38.82195],[-117.73411,38.82085],[-117.73598,38.81555],[-117.7361,38.81475],[-117.73618,38.81443],[-117.7365,38.8136],[-117.73701,38.81205],[-117.73706,38.8119],[-117.73712,38.81173],[-117.73766,38.81013],[-117.73892,38.80657],[-117.73975,38.80422],[-117.73979,38.80382],[-117.73967,38.80332],[-117.73973,38.80293],[-117.73987,38.80206],[-117.74007,38.80142],[-117.74076,38.79964],[-117.74089,38.79918],[-117.74132,38.79871],[-117.74142,38.79841],[-117.74149,38.79826],[-117.74175,38.7976],[-117.74228,38.79614],[-117.74251,38.79566],[-117.74285,38.7952],[-117.74334,38.79489],[-117.74373,38.79463],[-117.74436,38.79392],[-117.74488,38.79345],[-117.74546,38.79278],[-117.74557,38.79266],[-117.74572,38.79229],[-117.74572,38.79163],[-117.74563,38.79134],[-117.74545,38.79098],[-117.74543,38.79072],[-117.74593,38.79031],[-117.74633,38.79001],[-117.74857,38.78907],[-117.74902,38.78882],[-117.74936,38.78855],[-117.74948,38.78816],[-117.74949,38.7878],[-117.74955,38.78671],[-117.74975,38.7858],[-117.74978,38.78543],[-117.74979,38.78528],[-117.7499,38.78468],[-117.74977,38.78409],[-117.74947,38.78332],[-117.74945,38.78305],[-117.74953,38.78269],[-117.74959,38.78218],[-117.74976,38.78166],[-117.74988,38.78148],[-117.74981,38.78118],[-117.74974,38.78054],[-117.7498,38.77982],[-117.75005,38.77956],[-117.75025,38.77929],[-117.75032,38.77895],[-117.75025,38.77848],[-117.75021,38.778],[-117.75026,38.7777],[-117.75049,38.77752],[-117.75056,38.77731],[-117.75061,38.77696],[-117.75083,38.77651],[-117.75098,38.77622],[-117.75109,38.77601],[-117.75119,38.77581],[-117.75114,38.7757],[-117.75102,38.77553],[-117.75097,38.77532],[-117.75104,38.775],[-117.75116,38.7745],[-117.75209,38.77289],[-117.75232,38.77248],[-117.75256,38.772],[-117.75277,38.77178],[-117.75323,38.77145],[-117.75334,38.77133],[-117.75328,38.77126],[-117.75318,38.77125],[-117.753,38.77128],[-117.75291,38.77123],[-117.75298,38.77114],[-117.75317,38.77112],[-117.75341,38.77108],[-117.75392,38.77122],[-117.75425,38.77119],[-117.75463,38.7711],[-117.75546,38.77109],[-117.75576,38.77109],[-117.75588,38.77104],[-117.75586,38.77093],[-117.7557,38.77087],[-117.7552,38.77069],[-117.75509,38.7706],[-117.75513,38.77051],[-117.7554,38.77046],[-117.75562,38.77035],[-117.75591,38.77016],[-117.75708,38.76924],[-117.75732,38.76906],[-117.75771,38.76896],[-117.75835,38.76887],[-117.75889,38.76873],[-117.75928,38.76844],[-117.75991,38.76792],[-117.76038,38.7677],[-117.76073,38.76755],[-117.76088,38.7674],[-117.76091,38.76725],[-117.76086,38.76715],[-117.76052,38.76694],[-117.76027,38.76674],[-117.75951,38.76586],[-117.75905,38.7653],[-117.75807,38.76459],[-117.75775,38.7644],[-117.75735,38.76387],[-117.75683,38.76345],[-117.7566,38.7631],[-117.75653,38.76275],[-117.7567,38.76225],[-117.75689,38.76164],[-117.75705,38.76113],[-117.75737,38.76067],[-117.7579,38.7602],[-117.75915,38.75927],[-117.75968,38.75879],[-117.75987,38.75847],[-117.75983,38.75821],[-117.75982,38.75799],[-117.75987,38.75777],[-117.75996,38.7575],[-117.75989,38.75732],[-117.75944,38.75693],[-117.75933,38.75667],[-117.75906,38.75638],[-117.75855,38.75593],[-117.75832,38.75564],[-117.75823,38.75499],[-117.75825,38.75442],[-117.75807,38.75385],[-117.75801,38.75339],[-117.75759,38.75239],[-117.75747,38.75214],[-117.75702,38.75167],[-117.7569,38.75138],[-117.75682,38.75079],[-117.75625,38.74916],[-117.7561,38.74886],[-117.75583,38.74865],[-117.75535,38.74829],[-117.75506,38.74806],[-117.75482,38.74773],[-117.7547,38.74728],[-117.75478,38.74695],[-117.75488,38.74664],[-117.75493,38.74637],[-117.75483,38.74603],[-117.75472,38.74567],[-117.75464,38.74542],[-117.75474,38.74518],[-117.75511,38.74507],[-117.75539,38.74503],[-117.75572,38.74497],[-117.75613,38.74494],[-117.75636,38.74485],[-117.75652,38.74464],[-117.7566,38.74435],[-117.7568,38.74414],[-117.7574,38.74394],[-117.76166,38.74274],[-117.76201,38.7426],[-117.7623,38.74236],[-117.76261,38.74208],[-117.76276,38.74174],[-117.76286,38.74125],[-117.76342,38.73937],[-117.76371,38.73862],[-117.76389,38.73802],[-117.76419,38.73744],[-117.76449,38.73665],[-117.76467,38.73616],[-117.7649,38.73399],[-117.76508,38.73319],[-117.76498,38.73281],[-117.76434,38.73142],[-117.76417,38.73095],[-117.7641,38.73039],[-117.76412,38.72959],[-117.76404,38.72908],[-117.76378,38.72834],[-117.76371,38.72796],[-117.76377,38.72748],[-117.76378,38.72731],[-117.76383,38.72644],[-117.76382,38.72541],[-117.76376,38.72423],[-117.76365,38.72346],[-117.76359,38.72293],[-117.76364,38.72264],[-117.76373,38.72228],[-117.76373,38.72192],[-117.76359,38.72136],[-117.76321,38.72082],[-117.76098,38.71741],[-117.75945,38.71529],[-117.75908,38.71498],[-117.7586,38.71459],[-117.75819,38.71418],[-117.75787,38.71381],[-117.7571,38.71334],[-117.75668,38.71302],[-117.75628,38.71267],[-117.7562,38.71254],[-117.75611,38.7124],[-117.75603,38.71192],[-117.75628,38.70634],[-117.75635,38.70561],[-117.75637,38.70549],[-117.75654,38.70535]]}},{"type":"Feature","properties":{"name":"(unnamed public road)","road_class":"track","surface":"unpaved","source":"OpenStreetMap","source_detail":"osm way 950274531","source_tile":"177/392"},"geometry":{"type":"LineString","coordinates":[[-117.61132,38.8327],[-117.61125,38.83253],[-117.61098,38.83231],[-117.61026,38.83193],[-117.60995,38.83171],[-117.60977,38.83155],[-117.60966,38.8314],[-117.60939,38.83111],[-117.60899,38.83071],[-117.60882,38.83058],[-117.60845,38.83035],[-117.60727,38.82972],[-117.60719,38.82964],[-117.60671,38.82922],[-117.60665,38.82918],[-117.60653,38.82906],[-117.60647,38.82895],[-117.60617,38.82823],[-117.60593,38.82774],[-117.60581,38.82744],[-117.60575,38.82733],[-117.60542,38.827],[-117.60474,38.82637],[-117.60461,38.82627],[-117.60443,38.82616],[-117.60368,38.82588],[-117.60271,38.82545],[-117.60188,38.82514],[-117.60131,38.82497],[-117.60019,38.8245],[-117.5996,38.8242],[-117.59812,38.82333],[-117.59797,38.82326],[-117.59788,38.82317],[-117.59775,38.82308],[-117.59766,38.82305],[-117.59748,38.82301],[-117.5973,38.82298],[-117.59718,38.82289],[-117.59712,38.82274],[-117.59706,38.82259],[-117.59684,38.82232],[-117.59649,38.82176],[-117.59621,38.82149],[-117.59606,38.82138],[-117.59597,38.82128],[-117.59591,38.82095]]}},{"type":"Feature","properties":{"name":"(unnamed public road)","road_class":"track","surface":"unpaved","source":"OpenStreetMap","source_detail":"osm way 950274535","source_tile":"177/392"},"geometry":{"type":"LineString","coordinates":[[-117.60982,38.84641],[-117.61097,38.84373],[-117.61121,38.84272],[-117.61145,38.84193],[-117.61158,38.84157],[-117.61173,38.84121],[-117.612,38.84011],[-117.61239,38.83882],[-117.6129,38.83742],[-117.6131,38.83684],[-117.61312,38.83674],[-117.61314,38.83637],[-117.61319,38.83618],[-117.6133,38.83586],[-117.61334,38.83564],[-117.61331,38.8354],[-117.61322,38.83518],[-117.61308,38.835],[-117.613,38.83495],[-117.61293,38.83493],[-117.61282,38.83494],[-117.61272,38.83497],[-117.61253,38.83507],[-117.61203,38.83528],[-117.61196,38.83529],[-117.61186,38.83526],[-117.61182,38.83521],[-117.61181,38.83511],[-117.61185,38.83495],[-117.61197,38.83472],[-117.61214,38.83444],[-117.6122,38.83426],[-117.6122,38.83414],[-117.61217,38.83385],[-117.61217,38.83353],[-117.61212,38.83338],[-117.61193,38.83307],[-117.61185,38.83301],[-117.61172,38.83298],[-117.6114,38.83301],[-117.6109,38.83309],[-117.6108,38.83308],[-117.61074,38.83305],[-117.61071,38.83299],[-117.61073,38.8329],[-117.61078,38.83286],[-117.61132,38.8327],[-117.6118,38.83264],[-117.61206,38.83256],[-117.61213,38.83252],[-117.61228,38.83231],[-117.61232,38.83224],[-117.61239,38.83195],[-117.6125,38.83179],[-117.61256,38.83145],[-117.6124,38.8308],[-117.61216,38.83006],[-117.6121,38.82954],[-117.61203,38.82926],[-117.61186,38.82884],[-117.61179,38.82857],[-117.61165,38.82789],[-117.61155,38.82725],[-117.61149,38.82702],[-117.61132,38.82656],[-117.61107,38.82602],[-117.61101,38.82586],[-117.61097,38.8252],[-117.61088,38.82477],[-117.61076,38.82378],[-117.61071,38.82366],[-117.6106,38.82348],[-117.61044,38.82339],[-117.60962,38.8232],[-117.60959,38.82318],[-117.60908,38.82299],[-117.60868,38.82295],[-117.60816,38.82257],[-117.60746,38.8223],[-117.60725,38.82232],[-117.60631,38.82221],[-117.60538,38.82216],[-117.60505,38.8221],[-117.60464,38.8221],[-117.60439,38.82207],[-117.60342,38.82205],[-117.60313,38.82211],[-117.60226,38.82207],[-117.60162,38.82193],[-117.60081,38.82189],[-117.60061,38.82186],[-117.60014,38.82174],[-117.59995,38.82171],[-117.59887,38.82163],[-117.59815,38.82153],[-117.59766,38.82136],[-117.59702,38.82117],[-117.59658,38.82101],[-117.5964,38.82101],[-117.59623,38.82105],[-117.5961,38.82098],[-117.59591,38.82095],[-117.59547,38.8207],[-117.59519,38.82049],[-117.59508,38.82041],[-117.595,38.82027],[-117.59471,38.82005],[-117.59423,38.81977],[-117.59337,38.8195],[-117.59254,38.81931],[-117.59171,38.81916],[-117.59135,38.819],[-117.59125,38.81898],[-117.59103,38.81882],[-117.59083,38.81864],[-117.59066,38.81856],[-117.59034,38.81827],[-117.59019,38.81818],[-117.58981,38.81806],[-117.58936,38.81795],[-117.58906,38.81796],[-117.58875,38.818],[-117.58857,38.81807],[-117.58844,38.81811],[-117.58791,38.81815],[-117.58763,38.81816],[-117.58725,38.81817],[-117.58665,38.81815],[-117.58606,38.81804],[-117.58561,38.81788],[-117.58535,38.81774],[-117.58494,38.81766],[-117.58471,38.8177],[-117.58445,38.81777],[-117.58423,38.81781],[-117.58401,38.81789],[-117.5838,38.81786],[-117.58361,38.81783],[-117.58328,38.81789],[-117.58276,38.81787],[-117.58252,38.81783],[-117.58227,38.81783],[-117.58192,38.81773],[-117.58163,38.81768],[-117.58133,38.8177],[-117.58105,38.81779],[-117.5808,38.81778],[-117.58054,38.81779],[-117.58016,38.81787],[-117.58,38.81788],[-117.57979,38.81791],[-117.57965,38.81795],[-117.57964,38.81801],[-117.57954,38.8181],[-117.57932,38.81822],[-117.57887,38.81841],[-117.57867,38.81851],[-117.57856,38.81865],[-117.57844,38.81873],[-117.57822,38.81885],[-117.57806,38.81892],[-117.57777,38.81898],[-117.57755,38.81898],[-117.57722,38.81891],[-117.577,38.81891],[-117.57683,38.81887],[-117.57667,38.81868],[-117.57649,38.81855],[-117.57622,38.81847],[-117.57599,38.8184],[-117.57572,38.81841],[-117.57552,38.81839]]}},{"type":"Feature","properties":{"name":"(unnamed public road)","road_class":"track","source":"OpenStreetMap","source_detail":"osm way 950279400","source_tile":"177/392","surface_inferred":true},"geometry":{"type":"LineString","coordinates":[[-117.57465,38.82154],[-117.57502,38.82144],[-117.57521,38.8214],[-117.57528,38.8215],[-117.57527,38.8217],[-117.575,38.82199],[-117.57476,38.82226],[-117.57455,38.82254],[-117.5744,38.82278]]}},{"type":"Feature","properties":{"name":"(unnamed public road)","road_class":"track","source":"OpenStreetMap","source_detail":"osm way 1254819839","source_tile":"177/392","surface_inferred":true},"geometry":{"type":"LineString","coordinates":[[-117.67638,38.81899],[-117.6762,38.81942],[-117.67608,38.81963],[-117.67593,38.81978],[-117.67581,38.8199],[-117.67562,38.82007],[-117.67536,38.82024],[-117.67504,38.82046],[-117.67442,38.82091],[-117.67404,38.8212],[-117.67373,38.82141],[-117.67341,38.82161],[-117.67308,38.82179],[-117.67264,38.82201],[-117.67244,38.82214],[-117.67225,38.82226],[-117.67211,38.82238],[-117.67197,38.82252],[-117.67186,38.82265],[-117.67173,38.82281],[-117.67164,38.82292],[-117.67159,38.82297],[-117.67152,38.82304],[-117.6714,38.82311],[-117.67124,38.82318],[-117.67103,38.82329],[-117.67079,38.82341],[-117.67056,38.82352],[-117.67041,38.82359],[-117.67024,38.82367],[-117.67016,38.82371],[-117.67009,38.82377],[-117.67004,38.82384],[-117.67,38.82389],[-117.66993,38.82396]]}},{"type":"Feature","properties":{"name":"(unnamed public road)","road_class":"track","source":"OpenStreetMap","source_detail":"osm way 14359096","source_tile":"177/392","surface_inferred":true},"geometry":{"type":"LineString","coordinates":[[-117.54998,38.56564],[-117.54991,38.56566],[-117.54986,38.5657],[-117.54982,38.56577]]}},{"type":"Feature","properties":{"name":"(unnamed public road)","road_class":"track","source":"OpenStreetMap","source_detail":"osm way 14359270","source_tile":"177/392","surface_inferred":true},"geometry":{"type":"LineString","coordinates":[[-117.50967,38.71719],[-117.50932,38.71662],[-117.50836,38.71568],[-117.50754,38.7154],[-117.50701,38.71501],[-117.50628,38.7149],[-117.50581,38.71451],[-117.50555,38.71421],[-117.50405,38.71359],[-117.50312,38.71343],[-117.50282,38.71323],[-117.5025,38.71258],[-117.50177,38.71208],[-117.50091,38.71137],[-117.50056,38.7113],[-117.50011,38.71149],[-117.49958,38.71149]]}},{"type":"Feature","properties":{"name":"(unnamed public road)","road_class":"track","source":"OpenStreetMap","source_detail":"osm way 14359271","source_tile":"177/392","surface_inferred":true},"geometry":{"type":"LineString","coordinates":[[-117.4954,38.6985],[-117.49551,38.69858],[-117.49569,38.69876],[-117.49582,38.69883],[-117.49593,38.69892],[-117.49602,38.69904],[-117.4961,38.69935],[-117.4963,38.69966],[-117.4963,38.69998],[-117.49635,38.70016],[-117.4963,38.70024],[-117.49604,38.70046],[-117.49597,38.70067],[-117.496,38.7008],[-117.4965,38.70135],[-117.49671,38.7016],[-117.49696,38.70172],[-117.49727,38.70174],[-117.49864,38.70139],[-117.50001,38.70135]]}},{"type":"Feature","properties":{"name":"(unnamed public road)","road_class":"track","source":"OpenStreetMap","source_detail":"osm way 14359272","source_tile":"177/392","surface_inferred":true},"geometry":{"type":"LineString","coordinates":[[-117.50001,38.69661],[-117.50089,38.6979],[-117.50154,38.69919],[-117.50193,38.69974],[-117.50231,38.69999],[-117.50434,38.70064]]}},{"type":"Feature","properties":{"name":"(unnamed public road)","road_class":"track","source":"OpenStreetMap","source_detail":"osm way 14359290","source_tile":"177/392","surface_inferred":true},"geometry":{"type":"LineString","coordinates":[[-117.4971,38.69588],[-117.49718,38.69583],[-117.49744,38.69564],[-117.49768,38.69554],[-117.498,38.69552],[-117.49823,38.69574],[-117.49867,38.69601],[-117.4995,38.69599],[-117.49971,38.69608],[-117.49983,38.69635],[-117.50001,38.69661]]}},{"type":"Feature","properties":{"name":"(unnamed public road)","road_class":"track","source":"OpenStreetMap","source_detail":"osm way 14360912","source_tile":"177/392","surface_inferred":true},"geometry":{"type":"LineString","coordinates":[[-117.67501,38.80026],[-117.6749,38.80024],[-117.67463,38.79965],[-117.6746,38.79889],[-117.67495,38.79818],[-117.67504,38.79765],[-117.6751,38.79656],[-117.67563,38.79555],[-117.67656,38.79438],[-117.67664,38.79434],[-117.6775,38.79327]]}},{"type":"Feature","properties":{"name":"(unnamed public road)","road_class":"track","source":"OpenStreetMap","source_detail":"osm way 14363059","source_tile":"177/392","surface_inferred":true},"geometry":{"type":"LineString","coordinates":[[-117.39705,38.57948],[-117.3973,38.57969],[-117.3976,38.57998],[-117.39763,38.58004],[-117.39766,38.58006],[-117.39785,38.5802],[-117.39793,38.5803],[-117.39797,38.58038],[-117.39803,38.58045],[-117.39813,38.58056],[-117.39832,38.5807],[-117.39843,38.58073],[-117.39876,38.58079],[-117.39886,38.58085],[-117.39895,38.5809],[-117.39905,38.58095],[-117.39933,38.58104],[-117.39978,38.58115],[-117.40004,38.58126],[-117.40022,38.58132],[-117.40032,38.58134],[-117.40052,38.58136],[-117.40066,38.58139],[-117.40075,38.58143],[-117.40131,38.58156],[-117.40184,38.58165],[-117.40194,38.58164],[-117.40215,38.5816],[-117.40231,38.5816],[-117.40282,38.58165],[-117.4029,38.58165],[-117.40364,38.58167],[-117.40391,38.58165],[-117.40413,38.58162],[-117.40503,38.58142],[-117.40517,38.5814],[-117.40614,38.58131],[-117.40632,38.58132],[-117.40639,38.58131],[-117.40649,38.5813],[-117.40681,38.58131],[-117.40725,38.58134],[-117.40731,38.58135],[-117.40746,38.58141],[-117.40759,38.58143],[-117.40787,38.58147],[-117.40808,38.58151],[-117.40855,38.58165],[-117.4087,38.58172],[-117.40906,38.58191],[-117.40913,38.58195],[-117.40935,38.58217],[-117.40941,38.58221],[-117.40973,38.58233],[-117.40982,38.58235],[-117.41,38.58238],[-117.41014,38.58242],[-117.41023,38.58248],[-117.4103,38.58258],[-117.41034,38.58266],[-117.4104,38.58273],[-117.41059,38.58291],[-117.41066,38.58296],[-117.41081,38.58304],[-117.41087,38.58308],[-117.41114,38.58337],[-117.41115,38.58338],[-117.4112,38.58342],[-117.41137,38.58346],[-117.41163,38.5835],[-117.41176,38.58353],[-117.41185,38.58356],[-117.41205,38.58367],[-117.41213,38.58372],[-117.41241,38.58392],[-117.41258,38.58406],[-117.41265,38.58413],[-117.41269,38.58417],[-117.41298,38.58451],[-117.41317,38.58467],[-117.41332,38.58478],[-117.41351,38.58487],[-117.41365,38.58491],[-117.41397,38.58496],[-117.41406,38.58499],[-117.41415,38.58502],[-117.41422,38.58505],[-117.41425,38.58506],[-117.41441,38.58511],[-117.41448,38.58513],[-117.4152,38.58516],[-117.41538,38.58517],[-117.41545,38.58519],[-117.4155,38.58522],[-117.4156,38.58532],[-117.41577,38.58548],[-117.41596,38.58564],[-117.41604,38.5857],[-117.41615,38.5858],[-117.41617,38.58584],[-117.4162,38.58595],[-117.41621,38.58612],[-117.41621,38.58619],[-117.41618,38.58628],[-117.41615,38.58636],[-117.41613,38.58644],[-117.41611,38.58667],[-117.41612,38.58679],[-117.41618,38.58701],[-117.41625,38.58715],[-117.41633,38.58725],[-117.41653,38.58747],[-117.41683,38.58775],[-117.41703,38.58791],[-117.41717,38.58798],[-117.41729,38.588],[-117.4174,38.58801],[-117.4179,38.58795],[-117.41852,38.58796],[-117.41898,38.58798],[-117.41933,38.58802],[-117.4194,38.58804],[-117.4199,38.58827],[-117.42008,38.58837],[-117.42023,38.58855],[-117.42026,38.58858],[-117.42042,38.58866],[-117.42048,38.5887],[-117.42075,38.58896],[-117.42082,38.58911],[-117.4209,38.58919],[-117.4211,38.58937],[-117.42115,38.58943],[-117.42119,38.5895],[-117.42126,38.5897],[-117.42144,38.59006],[-117.4216,38.5904],[-117.42195,38.59106],[-117.42203,38.59114],[-117.42236,38.59136],[-117.42244,38.59141],[-117.42261,38.59151],[-117.42292,38.59165],[-117.42325,38.59178],[-117.42339,38.59183],[-117.42359,38.59187],[-117.42386,38.59187],[-117.42455,38.59185],[-117.42473,38.59184],[-117.42492,38.59183],[-117.42531,38.59183],[-117.42565,38.59184],[-117.42587,38.59188],[-117.42631,38.59199],[-117.42651,38.59203],[-117.42656,38.59205],[-117.42676,38.59213],[-117.427,38.59221],[-117.42711,38.59223],[-117.42747,38.59233],[-117.42769,38.59242],[-117.42779,38.59244],[-117.4279,38.59245],[-117.42862,38.59238],[-117.42888,38.59235],[-117.42928,38.5923],[-117.43023,38.59219],[-117.43045,38.59217],[-117.43061,38.59216],[-117.43117,38.59219],[-117.4315,38.59222],[-117.43166,38.59225],[-117.43171,38.59226],[-117.43194,38.59232],[-117.4321,38.5924],[-117.43222,38.59247],[-117.43238,38.59262],[-117.43246,38.59272],[-117.43249,38.59277],[-117.43251,38.59282],[-117.43262,38.59306],[-117.43268,38.59314],[-117.43302,38.59342],[-117.43325,38.59365],[-117.43338,38.59383],[-117.43378,38.59433],[-117.43391,38.59452],[-117.43394,38.59457],[-117.43412,38.59517],[-117.43414,38.5954],[-117.43414,38.59549],[-117.43417,38.5956],[-117.43422,38.5957],[-117.4343,38.59578],[-117.43447,38.59593],[-117.43457,38.59604],[-117.43463,38.59608],[-117.43482,38.59623],[-117.43488,38.5963],[-117.43515,38.59661],[-117.43529,38.59676],[-117.4354,38.59685],[-117.43629,38.59745],[-117.43651,38.59755],[-117.43718,38.59776],[-117.43734,38.59779],[-117.43751,38.59779],[-117.43767,38.59777],[-117.43794,38.59769],[-117.43802,38.59765],[-117.43818,38.59755],[-117.43852,38.59729],[-117.43881,38.59706],[-117.43891,38.59699],[-117.43918,38.59691],[-117.43921,38.5969],[-117.43941,38.59685],[-117.43999,38.59676],[-117.44034,38.59672],[-117.44052,38.59669],[-117.44065,38.59662],[-117.44127,38.59625],[-117.44135,38.59621],[-117.44163,38.59615],[-117.44181,38.59612],[-117.44217,38.5961],[-117.44253,38.5961],[-117.44276,38.59612],[-117.44296,38.59616],[-117.44319,38.59622],[-117.44338,38.59629],[-117.44352,38.59636],[-117.44371,38.59648],[-117.44409,38.59677],[-117.44413,38.59679],[-117.44422,38.59681],[-117.4448,38.59683],[-117.44491,38.59683],[-117.44525,38.59678],[-117.44559,38.59677],[-117.44567,38.59676],[-117.44583,38.59671],[-117.4462,38.59657],[-117.44634,38.59654],[-117.44647,38.59653],[-117.4467,38.59654],[-117.44681,38.59656],[-117.44696,38.59664],[-117.44718,38.59676],[-117.44751,38.59701],[-117.44765,38.59707],[-117.44798,38.59716],[-117.44814,38.5972],[-117.4486,38.59728],[-117.44888,38.59737],[-117.44924,38.59751],[-117.44984,38.59761],[-117.44997,38.59762],[-117.4502,38.59761],[-117.4503,38.59763],[-117.4504,38.59766],[-117.45045,38.59769],[-117.45061,38.59782],[-117.45077,38.59794],[-117.45096,38.59803],[-117.45129,38.59817],[-117.45135,38.59819],[-117.45173,38.59824],[-117.45184,38.59827],[-117.45273,38.59862],[-117.45316,38.59884],[-117.45332,38.59888],[-117.45363,38.59895],[-117.45377,38.59896],[-117.45393,38.59897],[-117.45401,38.59896],[-117.45421,38.59891],[-117.45436,38.5989],[-117.45444,38.5989],[-117.4546,38.59896],[-117.45471,38.59897],[-117.45506,38.59899],[-117.45553,38.59911],[-117.45562,38.59912],[-117.45574,38.5991],[-117.45677,38.59891],[-117.4571,38.59883],[-117.45744,38.59873],[-117.45772,38.59861],[-117.45823,38.59831],[-117.45836,38.59825],[-117.45853,38.5982],[-117.45868,38.59819],[-117.45881,38.59817],[-117.459,38.59815],[-117.45954,38.59814],[-117.45966,38.59816],[-117.45991,38.59821]]}},{"type":"Feature","properties":{"name":"(unnamed public road)","road_class":"track","source":"OpenStreetMap","source_detail":"osm way 14363072","source_tile":"177/392","surface_inferred":true},"geometry":{"type":"LineString","coordinates":[[-117.55592,38.64605],[-117.55592,38.64594],[-117.55589,38.64587],[-117.55588,38.64575],[-117.55592,38.64566],[-117.55601,38.64556],[-117.55621,38.64546],[-117.55644,38.64537],[-117.55666,38.6453],[-117.55681,38.64527],[-117.55702,38.64525],[-117.55715,38.64525],[-117.55744,38.64528],[-117.5577,38.64529],[-117.55784,38.64528],[-117.55886,38.64516],[-117.55998,38.64498],[-117.56027,38.64496],[-117.56055,38.64494],[-117.56188,38.64487]]}},{"type":"Feature","properties":{"name":"(unnamed public road)","road_class":"track","source":"OpenStreetMap","source_detail":"osm way 14363077","source_tile":"177/392","surface_inferred":true},"geometry":{"type":"LineString","coordinates":[[-117.57501,38.63872],[-117.57526,38.6387],[-117.57546,38.63873],[-117.57591,38.63884],[-117.57625,38.63897],[-117.57641,38.63901],[-117.57677,38.63908],[-117.57706,38.63908],[-117.57766,38.63916],[-117.57839,38.6392],[-117.57904,38.63925],[-117.57941,38.63927],[-117.57952,38.63926],[-117.5798,38.63922],[-117.57996,38.6392],[-117.58076,38.63928],[-117.58101,38.63931],[-117.58119,38.63935],[-117.58145,38.63938],[-117.58156,38.63939],[-117.58184,38.63936],[-117.58223,38.63928],[-117.58242,38.63925],[-117.58259,38.63923],[-117.58272,38.63923],[-117.58286,38.63923],[-117.583,38.63926],[-117.58358,38.63936],[-117.58407,38.63944],[-117.58455,38.63953],[-117.58474,38.63955],[-117.5849,38.63956],[-117.58562,38.63955],[-117.58606,38.63959],[-117.58632,38.63961],[-117.58678,38.63958],[-117.58747,38.63955],[-117.58761,38.63953],[-117.58777,38.63948],[-117.58819,38.63929],[-117.58854,38.6391],[-117.58873,38.63898],[-117.58932,38.63853],[-117.58978,38.63816],[-117.59041,38.63766],[-117.59094,38.63721],[-117.59131,38.63696],[-117.59144,38.63682],[-117.59178,38.63637],[-117.59185,38.6363],[-117.59205,38.63614],[-117.59232,38.63595],[-117.59281,38.63565],[-117.59303,38.6355],[-117.59341,38.63528],[-117.59348,38.63526],[-117.5937,38.63519],[-117.59392,38.63512],[-117.59405,38.63508],[-117.5942,38.63503],[-117.59434,38.63498],[-117.59479,38.63478],[-117.59494,38.63473],[-117.59544,38.63468],[-117.59569,38.63464],[-117.59616,38.63451],[-117.59676,38.6344],[-117.59709,38.63433],[-117.59732,38.63424],[-117.59761,38.63411],[-117.59799,38.63397],[-117.59874,38.63376],[-117.59953,38.63355],[-117.59992,38.63345],[-117.60014,38.63336],[-117.6008,38.63302],[-117.60125,38.63275],[-117.60146,38.63259],[-117.60202,38.63208],[-117.60206,38.63202],[-117.60214,38.63192],[-117.60263,38.63118],[-117.60303,38.63068],[-117.60315,38.63052],[-117.60325,38.63033],[-117.60359,38.6295],[-117.60378,38.62911],[-117.60391,38.62892],[-117.604,38.62882],[-117.60432,38.6285],[-117.60458,38.62823],[-117.60496,38.6277],[-117.6052,38.62731],[-117.60553,38.62682],[-117.60595,38.62627],[-117.60607,38.6261],[-117.60625,38.6259],[-117.60687,38.62534],[-117.60699,38.62521]]}},{"type":"Feature","properties":{"name":"(unnamed public road)","road_class":"track","source":"OpenStreetMap","source_detail":"osm way 14365472","source_tile":"177/392","surface_inferred":true},"geometry":{"type":"LineString","coordinates":[[-117.54763,38.63853],[-117.54753,38.63867],[-117.54751,38.63874],[-117.54752,38.63878],[-117.54756,38.63884],[-117.54758,38.6389],[-117.54758,38.639],[-117.54757,38.63908],[-117.54752,38.63919],[-117.54736,38.63934],[-117.54712,38.63965],[-117.547,38.63985],[-117.5469,38.63995],[-117.54673,38.64008],[-117.54656,38.64026],[-117.54644,38.64036],[-117.54601,38.6406],[-117.54565,38.64078],[-117.54556,38.64083],[-117.54532,38.64091],[-117.54522,38.64099],[-117.54516,38.64106],[-117.54513,38.64111],[-117.54511,38.64119],[-117.54509,38.64133],[-117.54509,38.64159],[-117.54512,38.64166],[-117.54517,38.6417],[-117.54531,38.64175],[-117.54547,38.64177],[-117.54562,38.64181],[-117.54571,38.64185],[-117.54583,38.64193],[-117.54592,38.64202],[-117.54608,38.64214],[-117.54639,38.64233],[-117.54647,38.6424],[-117.54659,38.64252],[-117.54671,38.6426],[-117.54681,38.64263],[-117.54695,38.64264],[-117.54731,38.64261],[-117.54734,38.64261],[-117.5478,38.64259],[-117.54807,38.64257],[-117.54847,38.64252],[-117.5487,38.64249],[-117.54885,38.64249],[-117.54911,38.64254],[-117.54922,38.64253],[-117.54939,38.64249],[-117.54948,38.64245],[-117.54955,38.64244],[-117.54967,38.64243],[-117.54978,38.64244],[-117.55038,38.64258],[-117.55085,38.64274],[-117.55096,38.64276],[-117.55105,38.64277],[-117.55132,38.64277],[-117.55174,38.64285],[-117.55229,38.6429],[-117.55309,38.64302],[-117.55339,38.64304],[-117.55353,38.64306],[-117.55391,38.64316],[-117.55412,38.64322],[-117.5544,38.64334],[-117.55445,38.64337],[-117.55454,38.64345],[-117.5547,38.64361],[-117.55506,38.64389],[-117.55518,38.644],[-117.5553,38.64415],[-117.5554,38.64433],[-117.55548,38.64449],[-117.55567,38.64495],[-117.55601,38.64556],[-117.55617,38.64581],[-117.55628,38.64593]]}},{"type":"Feature","properties":{"name":"(unnamed public road)","road_class":"track","source":"OpenStreetMap","source_detail":"osm way 14368278","source_tile":"177/392","surface_inferred":true},"geometry":{"type":"LineString","coordinates":[[-117.53305,38.7868],[-117.53123,38.78685],[-117.53065,38.78667],[-117.52971,38.78593],[-117.52758,38.78559],[-117.52381,38.78566],[-117.52161,38.7854],[-117.52062,38.78568],[-117.52021,38.78566],[-117.51974,38.7855],[-117.51927,38.78513],[-117.51857,38.78394],[-117.51811,38.7836],[-117.51787,38.7835],[-117.51694,38.78355],[-117.51653,38.78373],[-117.51576,38.78469],[-117.51556,38.78515],[-117.51518,38.78659],[-117.51498,38.78864],[-117.51489,38.78959],[-117.51474,38.79028],[-117.51471,38.79031],[-117.51465,38.79037],[-117.51412,38.79037],[-117.51363,38.7901],[-117.5135,38.78999],[-117.51275,38.78939],[-117.51216,38.78927],[-117.51097,38.78936],[-117.50687,38.79016],[-117.50591,38.7904],[-117.50529,38.79055],[-117.50465,38.79055]]}},{"type":"Feature","properties":{"name":"(unnamed public road)","road_class":"track","surface":"unpaved","source":"OpenStreetMap","source_detail":"osm way 14374470","source_tile":"177/392"},"geometry":{"type":"LineString","coordinates":[[-117.6479,38.70861],[-117.6478,38.70882],[-117.64745,38.70921],[-117.64722,38.70948],[-117.64675,38.71026],[-117.6455,38.71216],[-117.64491,38.71275],[-117.64457,38.71333],[-117.64388,38.71394],[-117.64357,38.71441],[-117.64328,38.71489],[-117.64301,38.71518],[-117.64254,38.71618],[-117.64222,38.71665],[-117.64197,38.71719],[-117.64176,38.71777],[-117.64157,38.71805],[-117.64122,38.71834],[-117.64111,38.71859],[-117.64071,38.7189],[-117.64072,38.71918],[-117.64066,38.71941],[-117.63988,38.72042],[-117.63974,38.72059],[-117.63869,38.72136],[-117.63862,38.72167],[-117.63828,38.72229],[-117.63814,38.72255],[-117.63807,38.72261],[-117.63779,38.72271],[-117.6377,38.7228],[-117.63763,38.72301],[-117.63755,38.72312],[-117.63726,38.72333],[-117.63678,38.72361],[-117.63636,38.72375],[-117.63546,38.72387],[-117.63494,38.72403],[-117.63465,38.72425],[-117.63423,38.7244],[-117.63386,38.72471],[-117.63305,38.72496],[-117.63263,38.72516],[-117.63243,38.72553],[-117.63169,38.72595],[-117.63097,38.72622],[-117.63009,38.72664],[-117.62912,38.72735],[-117.62886,38.7279],[-117.6283,38.72858],[-117.62802,38.72886],[-117.62724,38.7293],[-117.62691,38.72955],[-117.62684,38.72961],[-117.62656,38.72982],[-117.62647,38.73016],[-117.62617,38.73053],[-117.62596,38.73089],[-117.62594,38.7309],[-117.6258,38.73135],[-117.62553,38.73182],[-117.62527,38.73202],[-117.62474,38.73219],[-117.62443,38.73231],[-117.62437,38.73245],[-117.62442,38.73272],[-117.62434,38.73293],[-117.62387,38.73335],[-117.62374,38.7335],[-117.62375,38.73389],[-117.62358,38.7341],[-117.62326,38.73428],[-117.62304,38.73446],[-117.62309,38.73459],[-117.62327,38.73487],[-117.62328,38.73504],[-117.62313,38.73519],[-117.62198,38.73546],[-117.6212,38.73578],[-117.62074,38.73614],[-117.62051,38.73621],[-117.61962,38.73614],[-117.61948,38.73622]]}},{"type":"Feature","properties":{"name":"(unnamed public road)","road_class":"track","surface":"unpaved","source":"OpenStreetMap","source_detail":"osm way 14380748","source_tile":"177/392"},"geometry":{"type":"LineString","coordinates":[[-117.52142,38.61428],[-117.5211,38.61425],[-117.52079,38.61419],[-117.52023,38.61406],[-117.52001,38.61395],[-117.51993,38.61394],[-117.51986,38.61394],[-117.51968,38.61403],[-117.51963,38.61406],[-117.5194,38.6142],[-117.51938,38.61422],[-117.51912,38.61436],[-117.51874,38.61451],[-117.51813,38.61491],[-117.51805,38.61497],[-117.51787,38.61509],[-117.51771,38.61517],[-117.51732,38.6153],[-117.51716,38.61538],[-117.51674,38.61557],[-117.51663,38.61562],[-117.51636,38.61577],[-117.51629,38.61591],[-117.51591,38.61643],[-117.51569,38.61675],[-117.51537,38.61713],[-117.51528,38.61721],[-117.51519,38.61727],[-117.51517,38.61731],[-117.51517,38.61735],[-117.51524,38.61746],[-117.51528,38.61756],[-117.51526,38.61763],[-117.51523,38.61774],[-117.51516,38.61791],[-117.51515,38.61804],[-117.5152,38.61827],[-117.51522,38.61841],[-117.51516,38.61855],[-117.51511,38.61868],[-117.51503,38.61885],[-117.51475,38.61929],[-117.51445,38.61973],[-117.51428,38.62006],[-117.51419,38.62034],[-117.51414,38.62054],[-117.51413,38.62073],[-117.51397,38.62132],[-117.51394,38.6215],[-117.5138,38.62182],[-117.5136,38.62218],[-117.51343,38.62289],[-117.51339,38.62322],[-117.5134,38.62333],[-117.51344,38.62352],[-117.51356,38.62379],[-117.51363,38.6239],[-117.51362,38.62407],[-117.51354,38.62418],[-117.51331,38.62439],[-117.51316,38.62453],[-117.513,38.62479],[-117.51265,38.62515],[-117.51257,38.62527],[-117.51205,38.62673],[-117.51193,38.62702],[-117.5119,38.62753],[-117.51189,38.62763],[-117.51187,38.62771],[-117.51183,38.62793],[-117.5118,38.62828],[-117.51186,38.62839],[-117.51192,38.62867],[-117.5119,38.62887],[-117.51182,38.62909],[-117.5117,38.62987],[-117.51171,38.63007],[-117.51177,38.6304],[-117.51177,38.63056],[-117.51169,38.63085],[-117.51148,38.6313],[-117.51134,38.63183],[-117.51139,38.63206],[-117.51142,38.6321],[-117.5116,38.63229],[-117.51175,38.63236],[-117.51238,38.63235],[-117.51259,38.63238],[-117.51274,38.63247],[-117.51326,38.6329],[-117.51346,38.63332],[-117.51352,38.63339],[-117.51371,38.6336],[-117.51388,38.63381],[-117.51406,38.63403],[-117.51417,38.63439],[-117.51419,38.6345],[-117.51427,38.63463],[-117.51446,38.63478],[-117.51461,38.63488],[-117.51471,38.63505],[-117.51474,38.63526],[-117.5149,38.63549],[-117.51509,38.63578],[-117.51525,38.63606],[-117.51553,38.6363],[-117.51564,38.63659],[-117.51582,38.63686],[-117.51602,38.63715],[-117.5163,38.63744],[-117.51639,38.63749],[-117.51649,38.63749]]}},{"type":"Feature","properties":{"name":"(unnamed public road)","road_class":"track","surface":"unpaved","source":"OpenStreetMap","source_detail":"osm way 14381598","source_tile":"177/392"},"geometry":{"type":"LineString","coordinates":[[-117.50187,38.67464],[-117.50176,38.67475],[-117.50171,38.67485],[-117.50158,38.67525],[-117.50155,38.67549],[-117.50152,38.67555],[-117.50141,38.67567],[-117.50136,38.6757],[-117.50094,38.67595],[-117.50079,38.67602],[-117.50066,38.67605],[-117.50055,38.67607]]}},{"type":"Feature","properties":{"name":"(unnamed public road)","road_class":"track","surface":"unpaved","source":"OpenStreetMap","source_detail":"osm way 14383538","source_tile":"177/392"},"geometry":{"type":"LineString","coordinates":[[-117.60746,38.8223],[-117.60742,38.82197],[-117.60759,38.82144],[-117.60763,38.82122],[-117.60764,38.82066],[-117.60754,38.81987],[-117.60751,38.81937],[-117.60757,38.81862],[-117.60762,38.81844],[-117.60821,38.81713],[-117.60862,38.8164],[-117.60906,38.81608],[-117.60925,38.81589],[-117.6093,38.81576],[-117.60932,38.8155],[-117.60938,38.81539],[-117.60939,38.8153],[-117.60933,38.81517],[-117.6088,38.81463],[-117.60871,38.81445],[-117.60817,38.81303],[-117.60776,38.81172],[-117.60778,38.81143],[-117.60808,38.8109],[-117.60812,38.81074],[-117.60811,38.81059],[-117.60818,38.81016],[-117.60837,38.80968],[-117.60838,38.80931],[-117.60844,38.80913],[-117.6085,38.8086],[-117.60926,38.80673],[-117.60945,38.80599],[-117.6095,38.80564],[-117.60952,38.80533],[-117.60979,38.80452],[-117.6099,38.80433],[-117.61012,38.80405],[-117.61023,38.80388],[-117.6106,38.80302],[-117.61102,38.80232],[-117.6113,38.80189],[-117.61141,38.80168],[-117.6115,38.80146],[-117.61167,38.80089],[-117.61179,38.80034],[-117.61202,38.79972],[-117.61202,38.79951],[-117.61198,38.79924],[-117.61198,38.79883],[-117.612,38.79829],[-117.61203,38.79794],[-117.61214,38.79743],[-117.61211,38.79698],[-117.61214,38.79684],[-117.61214,38.79652],[-117.61201,38.79551],[-117.61186,38.79475],[-117.61174,38.79382],[-117.61169,38.7937],[-117.61142,38.7933],[-117.61129,38.79306],[-117.61121,38.79281],[-117.61117,38.79266],[-117.61111,38.79221],[-117.61085,38.79177],[-117.61081,38.79169],[-117.61082,38.79164],[-117.61077,38.79134],[-117.61076,38.79073],[-117.6107,38.79048],[-117.6106,38.79023],[-117.61054,38.78985],[-117.61052,38.78939],[-117.61044,38.78898],[-117.61041,38.78876],[-117.61035,38.78857],[-117.61025,38.78833],[-117.61001,38.78781],[-117.61013,38.78762],[-117.61011,38.78752],[-117.61,38.78733],[-117.60989,38.78697],[-117.60988,38.78665],[-117.60982,38.78626],[-117.60979,38.78589],[-117.60973,38.78533],[-117.60969,38.78475],[-117.60969,38.78446],[-117.6097,38.78439],[-117.61,38.7836],[-117.61001,38.78342],[-117.60999,38.78319],[-117.61,38.78301],[-117.61006,38.78278],[-117.61018,38.78244],[-117.61025,38.7821],[-117.61025,38.78147],[-117.61021,38.78091],[-117.6102,38.78028],[-117.61015,38.77997],[-117.61005,38.77964],[-117.61001,38.77944],[-117.60998,38.77886],[-117.60992,38.77842],[-117.60984,38.77818],[-117.6097,38.77784],[-117.60965,38.77765],[-117.60963,38.77738],[-117.6097,38.77709],[-117.60958,38.77658],[-117.60949,38.77586],[-117.60936,38.77553],[-117.60923,38.77502],[-117.60906,38.77475],[-117.60899,38.77459],[-117.60896,38.77444],[-117.60897,38.77429],[-117.60899,38.77393],[-117.60873,38.77338],[-117.60832,38.77236],[-117.60817,38.77159],[-117.60849,38.77095],[-117.60917,38.7702],[-117.60927,38.76997],[-117.60937,38.76985],[-117.60983,38.76941],[-117.61014,38.76901],[-117.61043,38.76849],[-117.61078,38.76774],[-117.61082,38.76755],[-117.61086,38.76726],[-117.61096,38.76684],[-117.61097,38.76671],[-117.61093,38.76658],[-117.61078,38.76648],[-117.61042,38.76628],[-117.61037,38.76622],[-117.61021,38.76606],[-117.61051,38.76518],[-117.6106,38.7649],[-117.61057,38.76428],[-117.61052,38.76396],[-117.61053,38.76386],[-117.61062,38.76369],[-117.61095,38.76327],[-117.61105,38.76309],[-117.61131,38.7623],[-117.61136,38.76196],[-117.61144,38.76176],[-117.61156,38.76131],[-117.61171,38.76103],[-117.61207,38.76055],[-117.61227,38.76024],[-117.61266,38.75906],[-117.61284,38.75866],[-117.6129,38.75847],[-117.61293,38.75829],[-117.61292,38.75808],[-117.61288,38.75788],[-117.61284,38.75783],[-117.61278,38.75779],[-117.61201,38.75775],[-117.61193,38.75768],[-117.61207,38.75754],[-117.61242,38.75734],[-117.61284,38.7572],[-117.61302,38.75709],[-117.61311,38.75698],[-117.61314,38.75688],[-117.61316,38.75676],[-117.61314,38.75658],[-117.61308,38.75628],[-117.61319,38.75608],[-117.61347,38.75595],[-117.61403,38.756],[-117.61437,38.75603],[-117.61452,38.75602],[-117.61459,38.756],[-117.61516,38.7556],[-117.61533,38.75546],[-117.61601,38.75485],[-117.61627,38.75465],[-117.61639,38.75453],[-117.61658,38.75428],[-117.61682,38.75409],[-117.61692,38.75403],[-117.61703,38.75395],[-117.61711,38.75375],[-117.61747,38.75328],[-117.61756,38.75315],[-117.61765,38.753],[-117.61778,38.75298],[-117.61811,38.75296],[-117.61814,38.75295],[-117.6182,38.7529],[-117.61826,38.75279],[-117.61833,38.75242],[-117.6184,38.7523],[-117.61881,38.7518],[-117.61935,38.75133],[-117.61951,38.75113],[-117.61987,38.75075],[-117.62007,38.75044],[-117.62038,38.75004],[-117.62048,38.74986],[-117.62055,38.74967],[-117.62057,38.74945],[-117.62064,38.74911],[-117.6207,38.74895],[-117.62093,38.74851],[-117.62131,38.74793],[-117.62153,38.74755],[-117.62182,38.74715],[-117.62207,38.74668],[-117.62282,38.74563],[-117.6232,38.7452],[-117.62348,38.74485],[-117.62382,38.74439],[-117.62413,38.74392],[-117.62478,38.74306],[-117.6251,38.74269],[-117.62514,38.74262],[-117.62525,38.74253],[-117.62538,38.74233],[-117.62583,38.74178],[-117.62601,38.74149],[-117.62668,38.74049],[-117.62778,38.73911],[-117.62804,38.73891],[-117.62827,38.73893]]}},{"type":"Feature","properties":{"name":"(unnamed public road)","road_class":"track","source":"OpenStreetMap","source_detail":"osm way 14389179","source_tile":"177/392","surface_inferred":true},"geometry":{"type":"LineString","coordinates":[[-117.50357,38.73558],[-117.50401,38.73563],[-117.50451,38.7359],[-117.50507,38.7363],[-117.50548,38.73628],[-117.50604,38.73598],[-117.50612,38.73582],[-117.50688,38.73543],[-117.50721,38.73507],[-117.50832,38.73475],[-117.50984,38.73495],[-117.51477,38.73653],[-117.51624,38.73669],[-117.52009,38.73679],[-117.52229,38.7367],[-117.52302,38.7369]]}},{"type":"Feature","properties":{"name":"(unnamed public road)","road_class":"track","source":"OpenStreetMap","source_detail":"osm way 14392391","source_tile":"177/392","surface_inferred":true},"geometry":{"type":"LineString","coordinates":[[-117.4471,38.80734],[-117.44706,38.80746],[-117.44706,38.80757],[-117.44709,38.80764],[-117.44714,38.80769],[-117.44723,38.80773],[-117.44748,38.80781],[-117.44764,38.80784],[-117.44778,38.80783],[-117.4481,38.80775],[-117.44843,38.80765],[-117.44947,38.80716],[-117.45043,38.80676],[-117.45101,38.80649],[-117.45145,38.80645],[-117.45167,38.80649],[-117.45215,38.8067],[-117.45286,38.80685],[-117.45338,38.80708],[-117.45431,38.80747],[-117.45459,38.80751],[-117.4548,38.80746],[-117.45554,38.807],[-117.45603,38.80681],[-117.45654,38.80648],[-117.45696,38.80604],[-117.45737,38.80553],[-117.45754,38.80513],[-117.45777,38.80489],[-117.45812,38.80473],[-117.45838,38.80465],[-117.4587,38.80454],[-117.45885,38.80435],[-117.45898,38.80378],[-117.45938,38.80351],[-117.46066,38.80263],[-117.4611,38.80242],[-117.46149,38.80176],[-117.46194,38.8003],[-117.4625,38.79959],[-117.4629,38.79913],[-117.46297,38.79879],[-117.46307,38.79848],[-117.46342,38.79822],[-117.46374,38.79782],[-117.46416,38.79751],[-117.46464,38.79736],[-117.46556,38.79713],[-117.46599,38.79705],[-117.46756,38.79595],[-117.46893,38.79494],[-117.46954,38.79448],[-117.47,38.79411],[-117.47026,38.79404],[-117.47085,38.7939],[-117.47109,38.79369],[-117.47138,38.79326],[-117.47213,38.79276],[-117.4736,38.7923],[-117.4752,38.79197],[-117.47655,38.79174],[-117.47787,38.79179],[-117.47854,38.79179],[-117.47941,38.79213],[-117.48016,38.7924],[-117.48109,38.79252],[-117.48172,38.79251],[-117.48227,38.79246],[-117.4831,38.79228],[-117.48392,38.79231],[-117.48456,38.79241],[-117.48491,38.79248],[-117.48549,38.7927]]}},{"type":"Feature","properties":{"name":"(unnamed public road)","road_class":"track","source":"OpenStreetMap","source_detail":"osm way 14399561","source_tile":"177/392","surface_inferred":true},"geometry":{"type":"LineString","coordinates":[[-117.44007,38.7487],[-117.44014,38.74884],[-117.44076,38.74928],[-117.4409,38.74944],[-117.44095,38.74954],[-117.44086,38.74964],[-117.44072,38.74962],[-117.44056,38.74965],[-117.44046,38.74986],[-117.44046,38.75],[-117.4408,38.75066],[-117.44106,38.75088],[-117.4411,38.75112],[-117.44143,38.75148],[-117.44144,38.75178],[-117.44145,38.75198]]}},{"type":"Feature","properties":{"name":"(unnamed public road)","road_class":"track","source":"OpenStreetMap","source_detail":"osm way 14401874","source_tile":"177/392","surface_inferred":true},"geometry":{"type":"LineString","coordinates":[[-117.46019,38.59607],[-117.45983,38.59624],[-117.45972,38.59632],[-117.45965,38.59642],[-117.4596,38.59656],[-117.45952,38.59668],[-117.45947,38.59685],[-117.45945,38.59703],[-117.45946,38.59723],[-117.45952,38.5975],[-117.45957,38.59764],[-117.45968,38.59787],[-117.45982,38.59812],[-117.45986,38.59818],[-117.45991,38.59821],[-117.46026,38.59831],[-117.46037,38.59836],[-117.46048,38.59844],[-117.46059,38.5985],[-117.46065,38.59852],[-117.46073,38.59853]]}},{"type":"Feature","properties":{"name":"Golden Wash Road","road_class":"unclassified","surface":"unpaved","source":"OpenStreetMap","source_detail":"osm way 14403449","source_tile":"177/392"},"geometry":{"type":"LineString","coordinates":[[-117.54972,38.56551],[-117.54998,38.56564],[-117.55022,38.56577],[-117.55046,38.56591],[-117.55054,38.56597],[-117.55063,38.56604],[-117.55075,38.56618],[-117.55084,38.56632],[-117.55093,38.56647],[-117.55107,38.56679],[-117.55118,38.56697],[-117.55131,38.56711],[-117.55183,38.56764],[-117.55192,38.56776],[-117.55195,38.56781],[-117.55204,38.56816],[-117.55207,38.56825],[-117.55212,38.56833],[-117.55217,38.56838],[-117.55224,38.56844],[-117.55241,38.56855],[-117.55279,38.56869],[-117.55418,38.56925],[-117.55454,38.5694],[-117.5552,38.56972],[-117.55552,38.56988],[-117.55609,38.57019],[-117.55643,38.57039],[-117.5567,38.57061],[-117.55692,38.57081],[-117.55762,38.57141],[-117.55809,38.57178],[-117.55846,38.57209],[-117.55908,38.57257],[-117.55938,38.57285],[-117.55986,38.57337],[-117.55996,38.57349],[-117.56017,38.57368],[-117.56026,38.57374],[-117.56059,38.57397],[-117.56083,38.57411],[-117.5613,38.57433],[-117.56183,38.57454],[-117.5621,38.57467],[-117.56252,38.57492],[-117.56378,38.57578],[-117.56404,38.57599],[-117.56411,38.57604],[-117.56425,38.5761],[-117.56445,38.57614],[-117.56481,38.57619],[-117.56573,38.57635],[-117.56604,38.57643],[-117.5662,38.57648],[-117.56763,38.57722],[-117.56893,38.57799],[-117.56909,38.57808],[-117.56953,38.57827],[-117.57002,38.57854],[-117.57011,38.57858],[-117.57032,38.57863],[-117.57075,38.57868],[-117.57129,38.57876],[-117.57158,38.5788],[-117.57248,38.57887],[-117.57274,38.57891],[-117.57293,38.57897],[-117.57318,38.57908],[-117.57346,38.57925],[-117.57373,38.57946],[-117.57402,38.57973],[-117.57451,38.58019],[-117.57502,38.58071],[-117.5757,38.58145],[-117.57653,38.58242],[-117.57721,38.58319],[-117.5779,38.58402],[-117.57846,38.58474],[-117.57876,38.5852],[-117.57899,38.58562],[-117.57911,38.58589],[-117.57933,38.58643],[-117.57973,38.58724],[-117.5799,38.58756],[-117.58012,38.58806],[-117.58027,38.58847],[-117.58033,38.58868],[-117.58041,38.58901],[-117.58079,38.59038],[-117.58091,38.59089],[-117.58098,38.59108],[-117.58102,38.59116],[-117.58117,38.59134],[-117.58186,38.59201],[-117.58202,38.59218],[-117.58223,38.59243],[-117.58244,38.59272],[-117.58257,38.59296],[-117.58266,38.59318],[-117.58269,38.59329],[-117.58272,38.5934],[-117.58272,38.59351],[-117.58268,38.59392],[-117.5827,38.59408],[-117.58273,38.59417],[-117.58278,38.59426],[-117.58282,38.5943],[-117.58289,38.59436],[-117.58295,38.59441],[-117.58317,38.5945],[-117.58333,38.59457],[-117.58371,38.59466],[-117.58392,38.5947],[-117.58414,38.59473],[-117.5843,38.59475],[-117.58465,38.59475],[-117.58496,38.59474],[-117.5863,38.59472],[-117.58659,38.59473],[-117.58683,38.59475],[-117.58755,38.59484],[-117.58795,38.59491],[-117.58835,38.595],[-117.58871,38.59513],[-117.58906,38.59529],[-117.58919,38.59538],[-117.58924,38.59543],[-117.58928,38.59549],[-117.58935,38.59567],[-117.58944,38.59608],[-117.58954,38.59677],[-117.58961,38.59749],[-117.58962,38.59782],[-117.5897,38.59833],[-117.58976,38.59849],[-117.58981,38.59856],[-117.58993,38.59869],[-117.59008,38.5988],[-117.59059,38.59912],[-117.59133,38.59966],[-117.59209,38.60027],[-117.59261,38.60071],[-117.59283,38.60088],[-117.59298,38.60095],[-117.59365,38.60111],[-117.59386,38.60119],[-117.59407,38.60128],[-117.59423,38.60133],[-117.59456,38.60141],[-117.59506,38.60151],[-117.59539,38.60161],[-117.59577,38.60176],[-117.59611,38.60194],[-117.59677,38.60234],[-117.59754,38.60273],[-117.59793,38.60291],[-117.59892,38.60331],[-117.59913,38.60343],[-117.59921,38.60348],[-117.59927,38.60354],[-117.59936,38.60368],[-117.59945,38.60387],[-117.59952,38.60413],[-117.59955,38.60427],[-117.59956,38.60448],[-117.59953,38.6048],[-117.59953,38.60499],[-117.59954,38.60509],[-117.59957,38.60516],[-117.5996,38.60524],[-117.59969,38.60537],[-117.60008,38.60583],[-117.60037,38.60619],[-117.60106,38.60711],[-117.60142,38.60753],[-117.60198,38.60809],[-117.60301,38.60899],[-117.60333,38.6093],[-117.60377,38.60977],[-117.60414,38.61034],[-117.60429,38.61062],[-117.60439,38.61083],[-117.60446,38.61106],[-117.60447,38.61117],[-117.60441,38.61145],[-117.6044,38.61164],[-117.60441,38.61171],[-117.60443,38.61179],[-117.60451,38.61193],[-117.60462,38.61206],[-117.60483,38.61229],[-117.60487,38.61233],[-117.60507,38.61255],[-117.60515,38.61265],[-117.60525,38.61282],[-117.60542,38.61315],[-117.60549,38.61328],[-117.60563,38.61353],[-117.60567,38.6137],[-117.60567,38.61383],[-117.60563,38.61404],[-117.60553,38.61438],[-117.60549,38.61468],[-117.60549,38.61488],[-117.60555,38.61556],[-117.60566,38.61638],[-117.60575,38.61695],[-117.60579,38.6171],[-117.60587,38.61727],[-117.60614,38.61771],[-117.60619,38.61782],[-117.60625,38.61797],[-117.60627,38.61809],[-117.60632,38.61883],[-117.60639,38.61933],[-117.6064,38.61948],[-117.60643,38.61987],[-117.60653,38.62069],[-117.60672,38.62183],[-117.60677,38.62256],[-117.60681,38.62345],[-117.60697,38.62433],[-117.60699,38.62467],[-117.60699,38.62521],[-117.60693,38.62564],[-117.60687,38.62591],[-117.60663,38.6267],[-117.60656,38.62708],[-117.60652,38.6274],[-117.60652,38.62765],[-117.60655,38.62779],[-117.60659,38.62791],[-117.60668,38.62808],[-117.60684,38.62825],[-117.60695,38.62835],[-117.60731,38.62864],[-117.60755,38.62881],[-117.60801,38.62913],[-117.60832,38.62939],[-117.60893,38.62997],[-117.60933,38.63029],[-117.60956,38.63046],[-117.6103,38.63099],[-117.61057,38.63117],[-117.61068,38.63125],[-117.61186,38.63202],[-117.61212,38.63222],[-117.61258,38.63262],[-117.61286,38.63281],[-117.6132,38.63302],[-117.61331,38.63309],[-117.61342,38.63318],[-117.61352,38.63328],[-117.61374,38.63355],[-117.61402,38.63385],[-117.6142,38.63403],[-117.61434,38.63415],[-117.61448,38.63429],[-117.61475,38.63467],[-117.61512,38.63533],[-117.61519,38.63549],[-117.61538,38.63583],[-117.61555,38.63607],[-117.61589,38.6365],[-117.61602,38.63668],[-117.61632,38.63702],[-117.6164,38.63714],[-117.61664,38.63754],[-117.61702,38.63832],[-117.6174,38.63896],[-117.61768,38.63946],[-117.61774,38.6396],[-117.61782,38.63977],[-117.61791,38.64004],[-117.61794,38.64018],[-117.61793,38.64059],[-117.61792,38.64083],[-117.6179,38.64135],[-117.61793,38.64197],[-117.61793,38.64267],[-117.61797,38.64292],[-117.6181,38.64348],[-117.61831,38.64411],[-117.61861,38.64484],[-117.61866,38.64504],[-117.61881,38.64594],[-117.61885,38.64608],[-117.61892,38.64617],[-117.61901,38.64624],[-117.61918,38.64632],[-117.61939,38.64639],[-117.6195,38.64644],[-117.61967,38.64655],[-117.62011,38.64686],[-117.62023,38.64695],[-117.62035,38.64705],[-117.62057,38.64728],[-117.62067,38.64733],[-117.62081,38.64741],[-117.62091,38.64746],[-117.62102,38.64749],[-117.62126,38.64758],[-117.62154,38.64766],[-117.62213,38.64787],[-117.6224,38.64798],[-117.62257,38.64809],[-117.62267,38.64818],[-117.62278,38.64833],[-117.62287,38.64849],[-117.62304,38.64887],[-117.62324,38.64919],[-117.6233,38.64927],[-117.62346,38.64945],[-117.62354,38.64959],[-117.62374,38.65013],[-117.62379,38.65024],[-117.62393,38.65048],[-117.62414,38.6508],[-117.6245,38.6514],[-117.62478,38.65186],[-117.62508,38.65231],[-117.62521,38.65261],[-117.62548,38.65337],[-117.62554,38.65352],[-117.62558,38.65365],[-117.6257,38.65418],[-117.62578,38.65445],[-117.62593,38.65474],[-117.62601,38.65486],[-117.62646,38.65549],[-117.62669,38.65585],[-117.62683,38.65615],[-117.62711,38.65661],[-117.6273,38.65688],[-117.6275,38.6572],[-117.62781,38.6578],[-117.62796,38.65815],[-117.62808,38.65835],[-117.62825,38.65854],[-117.62851,38.65875],[-117.62877,38.65897],[-117.62894,38.65909],[-117.62948,38.6594],[-117.6303,38.65986],[-117.63067,38.66009],[-117.63096,38.66031],[-117.6313,38.6606],[-117.63186,38.66116],[-117.63231,38.66171],[-117.63268,38.66218],[-117.633,38.66253],[-117.63307,38.66259],[-117.63418,38.66363],[-117.6347,38.66417],[-117.63484,38.66434],[-117.63506,38.66469],[-117.63511,38.66477],[-117.63518,38.66481],[-117.63563,38.66502],[-117.63576,38.66509],[-117.63603,38.66526],[-117.63664,38.66582],[-117.63716,38.66626],[-117.63814,38.66701],[-117.63847,38.66725],[-117.63874,38.66747],[-117.63914,38.66781],[-117.63964,38.66821],[-117.63992,38.66845],[-117.6404,38.6688],[-117.64098,38.66917],[-117.64139,38.66947],[-117.64167,38.66969],[-117.64213,38.67011],[-117.64233,38.67029],[-117.64254,38.67047],[-117.64334,38.67122],[-117.64365,38.67156],[-117.64394,38.67194],[-117.64438,38.6725],[-117.64466,38.67288],[-117.64483,38.67307],[-117.64651,38.67446],[-117.64689,38.6748],[-117.64704,38.67495],[-117.64719,38.67515],[-117.64738,38.67546],[-117.64749,38.67565],[-117.64754,38.67572],[-117.64771,38.67589],[-117.64789,38.67602],[-117.64816,38.67618],[-117.64845,38.67632],[-117.64859,38.67638],[-117.64874,38.67645],[-117.64902,38.67664],[-117.64947,38.67697],[-117.64999,38.6773],[-117.65016,38.67739],[-117.65056,38.67757],[-117.65095,38.67773],[-117.65132,38.67786],[-117.65233,38.67826],[-117.65264,38.6784],[-117.65326,38.67869],[-117.65428,38.67922],[-117.65492,38.67957],[-117.65592,38.68004],[-117.65628,38.6802],[-117.65717,38.68057],[-117.65792,38.68097],[-117.65862,38.68133],[-117.65896,38.68159],[-117.65933,38.68197],[-117.65976,38.68243],[-117.66016,38.68283],[-117.66037,38.68301],[-117.66058,38.6831],[-117.66136,38.68336],[-117.66163,38.68346],[-117.66197,38.6837],[-117.66223,38.68384],[-117.66255,38.68397],[-117.66295,38.68406],[-117.66331,38.68418],[-117.6647,38.68508],[-117.66564,38.68602],[-117.66597,38.68643],[-117.66619,38.6872],[-117.66645,38.68773],[-117.66762,38.68884],[-117.66903,38.68954],[-117.67096,38.69154],[-117.67427,38.69416],[-117.67665,38.6963],[-117.6798,38.69921],[-117.68191,38.70116],[-117.68568,38.70464],[-117.68592,38.70487],[-117.68686,38.70553],[-117.68797,38.70681],[-117.68965,38.70861],[-117.69214,38.7109],[-117.69237,38.71123],[-117.69333,38.71346],[-117.69486,38.71609],[-117.69632,38.71804],[-117.69958,38.72088],[-117.70159,38.72311],[-117.70256,38.72445]]}},{"type":"Feature","properties":{"name":"(unnamed public road)","road_class":"track","surface":"unpaved","source":"OpenStreetMap","source_detail":"osm way 14406399","source_tile":"177/392"},"geometry":{"type":"LineString","coordinates":[[-117.48611,38.79203],[-117.4847,38.79128],[-117.48441,38.79105],[-117.48422,38.79097],[-117.48329,38.79041],[-117.4829,38.79003],[-117.48245,38.78965],[-117.48156,38.78869],[-117.48108,38.78822],[-117.48068,38.78763],[-117.48056,38.78728],[-117.48042,38.78714],[-117.47987,38.78652],[-117.47965,38.78598],[-117.47965,38.78555],[-117.47948,38.78502],[-117.47914,38.78458],[-117.47759,38.78336],[-117.47714,38.78306],[-117.47687,38.78276],[-117.47632,38.78242],[-117.47514,38.78148],[-117.47325,38.78049],[-117.47288,38.78016],[-117.47247,38.77992],[-117.47224,38.77968],[-117.47194,38.77958],[-117.47144,38.77905],[-117.47114,38.77892],[-117.47034,38.77835],[-117.47024,38.77811],[-117.46911,38.77696],[-117.46867,38.77625],[-117.46829,38.77586],[-117.4673,38.77569],[-117.46702,38.7757],[-117.46644,38.77556],[-117.46587,38.77571],[-117.46551,38.77586],[-117.46537,38.77595],[-117.46512,38.77593],[-117.46469,38.77577],[-117.46426,38.77572],[-117.46397,38.77581],[-117.46367,38.77574],[-117.46339,38.77557],[-117.4631,38.77548],[-117.46296,38.77533],[-117.4629,38.77527],[-117.46273,38.77481],[-117.46252,38.77452],[-117.46244,38.77445],[-117.46227,38.77439],[-117.46199,38.77434],[-117.46187,38.77427],[-117.4618,38.77419],[-117.46147,38.77369],[-117.46132,38.77339],[-117.46128,38.77326],[-117.46128,38.77311],[-117.46133,38.77287],[-117.46131,38.77272],[-117.46124,38.77254],[-117.46111,38.77233],[-117.46099,38.77221],[-117.46074,38.77206],[-117.46056,38.77197],[-117.4601,38.77179],[-117.45997,38.77172],[-117.45974,38.77152],[-117.45931,38.77119],[-117.45851,38.77045],[-117.45775,38.76988],[-117.45762,38.76983],[-117.45744,38.76978],[-117.45702,38.76972],[-117.45686,38.76971],[-117.45672,38.76968],[-117.45647,38.76955],[-117.45614,38.76932],[-117.45593,38.76915],[-117.45553,38.76892],[-117.45538,38.76888],[-117.45515,38.76888],[-117.45368,38.76932],[-117.45295,38.76946]]}},{"type":"Feature","properties":{"name":"(unnamed public road)","road_class":"track","source":"OpenStreetMap","source_detail":"osm way 14406401","source_tile":"177/392","surface_inferred":true},"geometry":{"type":"LineString","coordinates":[[-117.50268,38.77159],[-117.50244,38.77166],[-117.50175,38.77175],[-117.50156,38.77175],[-117.5013,38.77173],[-117.501,38.77167],[-117.50048,38.77148],[-117.50023,38.77141],[-117.50006,38.77139],[-117.49951,38.77125],[-117.49789,38.77114],[-117.49679,38.77074]]}},{"type":"Feature","properties":{"name":"(unnamed public road)","road_class":"track","source":"OpenStreetMap","source_detail":"osm way 14406402","source_tile":"177/392","surface_inferred":true},"geometry":{"type":"LineString","coordinates":[[-117.4881,38.76513],[-117.48825,38.76523],[-117.48941,38.76598],[-117.49075,38.76736],[-117.49115,38.76783],[-117.49258,38.76882],[-117.49376,38.7698],[-117.49562,38.77068],[-117.4967,38.77093]]}},{"type":"Feature","properties":{"name":"(unnamed public road)","road_class":"track","source":"OpenStreetMap","source_detail":"osm way 14407604","source_tile":"177/392","surface_inferred":true},"geometry":{"type":"LineString","coordinates":[[-117.52045,38.72692],[-117.51923,38.72662],[-117.51885,38.72633],[-117.51864,38.72601],[-117.51826,38.72571],[-117.51657,38.72511],[-117.5157,38.72495],[-117.51485,38.72463],[-117.51403,38.72472],[-117.5138,38.72465],[-117.51278,38.7247],[-117.51234,38.72456],[-117.51144,38.72404],[-117.50974,38.72282],[-117.50884,38.72239],[-117.50613,38.72149],[-117.50517,38.72143],[-117.50481,38.72117],[-117.50461,38.72067],[-117.50444,38.72058],[-117.50362,38.72053],[-117.50277,38.72073],[-117.50251,38.72092],[-117.50238,38.72092],[-117.50226,38.721],[-117.50225,38.7211],[-117.50237,38.72124],[-117.50245,38.72134],[-117.50241,38.72149],[-117.50225,38.72154],[-117.5021,38.72148],[-117.50198,38.72144],[-117.50161,38.72149],[-117.5014,38.72164],[-117.50096,38.72174],[-117.50021,38.72198],[-117.49999,38.72205],[-117.49938,38.722]]}},{"type":"Feature","properties":{"name":"(unnamed public road)","road_class":"track","source":"OpenStreetMap","source_detail":"osm way 14407606","source_tile":"177/392","surface_inferred":true},"geometry":{"type":"LineString","coordinates":[[-117.50696,38.71913],[-117.50561,38.71868],[-117.5028,38.71739],[-117.5018,38.71678],[-117.50091,38.71663],[-117.50032,38.71676],[-117.49903,38.71715]]}},{"type":"Feature","properties":{"name":"(unnamed public road)","road_class":"track","surface":"unpaved","source":"OpenStreetMap","source_detail":"osm way 14408503","source_tile":"177/392"},"geometry":{"type":"LineString","coordinates":[[-117.52474,38.64967],[-117.52517,38.64997],[-117.52559,38.65017],[-117.52614,38.65033],[-117.52647,38.65048],[-117.52656,38.65051],[-117.52674,38.65053],[-117.52773,38.65053],[-117.52799,38.65059],[-117.52824,38.65068],[-117.52827,38.65071],[-117.52868,38.65082],[-117.52897,38.65087],[-117.52914,38.65088],[-117.52928,38.65087],[-117.52966,38.65086],[-117.53005,38.65088],[-117.53041,38.65093],[-117.53065,38.651],[-117.5309,38.65115],[-117.53105,38.65125],[-117.53129,38.65133],[-117.53148,38.65145],[-117.5318,38.65152],[-117.5323,38.65156],[-117.53266,38.65168],[-117.53294,38.65191],[-117.53321,38.65224],[-117.53357,38.65254],[-117.5337,38.65261],[-117.53377,38.65276],[-117.53404,38.65304],[-117.53415,38.65319],[-117.53421,38.65323],[-117.53435,38.65326],[-117.53494,38.65326],[-117.53511,38.65324],[-117.53601,38.65333],[-117.53665,38.65334],[-117.53674,38.65337],[-117.53681,38.65342],[-117.53689,38.65351],[-117.53701,38.65368],[-117.53709,38.65376],[-117.53754,38.65395],[-117.5376,38.65395],[-117.53777,38.65393],[-117.53785,38.65393],[-117.53799,38.65397],[-117.53837,38.65413],[-117.53877,38.65435],[-117.53893,38.65443],[-117.53908,38.65448],[-117.53917,38.65449],[-117.53929,38.65447],[-117.53936,38.65443],[-117.53941,38.65438],[-117.53949,38.65434],[-117.53966,38.65436],[-117.53978,38.65435],[-117.54011,38.65424],[-117.54032,38.65413],[-117.54038,38.65412],[-117.54046,38.65415],[-117.54052,38.6542],[-117.54059,38.65429],[-117.54067,38.65445],[-117.54074,38.65444],[-117.54084,38.65438],[-117.54094,38.65434],[-117.54103,38.65435],[-117.54113,38.65442],[-117.5412,38.65444],[-117.5413,38.65444],[-117.54157,38.65438],[-117.54177,38.65438],[-117.5419,38.65439],[-117.54248,38.65454],[-117.54296,38.65458],[-117.54341,38.65478],[-117.54374,38.65488],[-117.54395,38.6549],[-117.54421,38.65483],[-117.54429,38.65482],[-117.54446,38.65492],[-117.54454,38.65495],[-117.54473,38.65497],[-117.54505,38.65509],[-117.5453,38.65511],[-117.54543,38.65508],[-117.5458,38.65493],[-117.5462,38.65472],[-117.54643,38.65453],[-117.54667,38.65441],[-117.54688,38.65426],[-117.54718,38.65415],[-117.54759,38.65395],[-117.54799,38.6538],[-117.54829,38.65371],[-117.54879,38.65366],[-117.54906,38.65365],[-117.5494,38.65352],[-117.5499,38.65341],[-117.55002,38.65336],[-117.55043,38.65332],[-117.55058,38.65327],[-117.55067,38.65321],[-117.55085,38.65304],[-117.55127,38.65274],[-117.55137,38.65265],[-117.55148,38.65251],[-117.55158,38.65234],[-117.55172,38.65201],[-117.55171,38.65179],[-117.55183,38.6514],[-117.55204,38.6512],[-117.55238,38.65079],[-117.5526,38.65063],[-117.55278,38.65054],[-117.55284,38.6505],[-117.55301,38.65029],[-117.5531,38.65022],[-117.55371,38.64993],[-117.55416,38.64971],[-117.55491,38.64942],[-117.55553,38.64929],[-117.55617,38.64933],[-117.5566,38.6494],[-117.55703,38.6494],[-117.55721,38.64945],[-117.55741,38.64947],[-117.5583,38.64947],[-117.55867,38.64943],[-117.55889,38.6494],[-117.55954,38.64925],[-117.5602,38.64917],[-117.56067,38.64908],[-117.56172,38.64892],[-117.56185,38.6489],[-117.56222,38.64881],[-117.56243,38.64877],[-117.56272,38.64869],[-117.5631,38.64865]]}},{"type":"Feature","properties":{"name":"(unnamed public road)","road_class":"track","source":"OpenStreetMap","source_detail":"osm way 14408508","source_tile":"177/392","surface_inferred":true},"geometry":{"type":"LineString","coordinates":[[-117.56267,38.6496],[-117.56259,38.6494],[-117.5624,38.64899],[-117.56222,38.64881],[-117.56214,38.64871],[-117.56202,38.64861],[-117.56194,38.64854],[-117.56192,38.6485],[-117.5619,38.64843],[-117.56191,38.64834],[-117.56188,38.6479],[-117.56185,38.64775],[-117.56171,38.6474],[-117.56162,38.64714],[-117.56161,38.64703],[-117.56155,38.64683],[-117.56151,38.64673],[-117.56124,38.64633],[-117.5612,38.64625],[-117.56116,38.64612],[-117.56115,38.64588],[-117.56118,38.64551],[-117.56128,38.64532],[-117.56143,38.64511],[-117.5615,38.64505],[-117.56158,38.645],[-117.56167,38.64495],[-117.56188,38.64487],[-117.56242,38.64471],[-117.56337,38.6445],[-117.56369,38.64443],[-117.56431,38.64435],[-117.56552,38.64411],[-117.56585,38.64402],[-117.56602,38.64396],[-117.56662,38.64371],[-117.5668,38.64367],[-117.56729,38.64361],[-117.56758,38.64355],[-117.56776,38.64349],[-117.56814,38.64336],[-117.56846,38.64325],[-117.5687,38.64313]]}},{"type":"Feature","properties":{"name":"(unnamed public road)","road_class":"track","source":"OpenStreetMap","source_detail":"osm way 14408521","source_tile":"177/392","surface_inferred":true},"geometry":{"type":"LineString","coordinates":[[-117.56027,38.64496],[-117.56072,38.64509],[-117.56086,38.64516],[-117.56098,38.64524],[-117.56108,38.64533],[-117.56118,38.64551]]}},{"type":"Feature","properties":{"name":"National Forest Development Road 122","road_class":"track","source":"OpenStreetMap","source_detail":"osm way 14410182","source_tile":"177/392","surface_inferred":true},"geometry":{"type":"LineString","coordinates":[[-117.44052,38.75154],[-117.44077,38.75165],[-117.44097,38.75173],[-117.44113,38.75179],[-117.44145,38.75198]]}},{"type":"Feature","properties":{"name":"Indian Valley Road","road_class":"unclassified","surface":"unpaved","source":"OpenStreetMap","source_detail":"osm way 14410998","source_tile":"177/392"},"geometry":{"type":"LineString","coordinates":[[-117.54972,38.56551],[-117.54979,38.56569],[-117.54982,38.56577],[-117.54987,38.56603],[-117.54986,38.56616],[-117.54971,38.5669],[-117.54958,38.56769],[-117.5494,38.56854],[-117.54931,38.56903],[-117.54918,38.56966],[-117.549,38.57063],[-117.54853,38.57296],[-117.54833,38.5741],[-117.5482,38.5747],[-117.54791,38.57619],[-117.54773,38.5771],[-117.54734,38.5792],[-117.54672,38.58257],[-117.54648,38.58384],[-117.54632,38.58463],[-117.54619,38.58537],[-117.54607,38.58586],[-117.54594,38.58632],[-117.54579,38.5869],[-117.54573,38.58704],[-117.5457,38.58712],[-117.54561,38.58726],[-117.54557,38.58737],[-117.54551,38.58745],[-117.54537,38.58771],[-117.5453,38.58792],[-117.54521,38.58854],[-117.54518,38.58894],[-117.54518,38.58933],[-117.54514,38.58958],[-117.54511,38.58966],[-117.54508,38.58973],[-117.54503,38.58979],[-117.54489,38.58991],[-117.5447,38.59004],[-117.54461,38.5901],[-117.54435,38.59024],[-117.54399,38.59041],[-117.54376,38.59049],[-117.54301,38.59073],[-117.54282,38.59079],[-117.54263,38.59089],[-117.54255,38.59094],[-117.54237,38.5911],[-117.54218,38.59131],[-117.54122,38.59255],[-117.5407,38.59325],[-117.54056,38.59342],[-117.53972,38.59453],[-117.53921,38.59522],[-117.53824,38.59645],[-117.53786,38.59687],[-117.53773,38.59698],[-117.53757,38.59706],[-117.53738,38.59712],[-117.53675,38.5973],[-117.53621,38.59746],[-117.53567,38.59767],[-117.53501,38.59796],[-117.53468,38.59812],[-117.53454,38.59821],[-117.53436,38.59836],[-117.53408,38.59869],[-117.53275,38.60043],[-117.53241,38.60093],[-117.53197,38.60147],[-117.53184,38.60166],[-117.53173,38.60186],[-117.53153,38.60231],[-117.53126,38.60273],[-117.53093,38.60321],[-117.53073,38.60347],[-117.53022,38.6041],[-117.52986,38.60451],[-117.52975,38.60462],[-117.5288,38.60549],[-117.52842,38.60578],[-117.52806,38.60604],[-117.52782,38.60624],[-117.5277,38.60637],[-117.52743,38.60675],[-117.52683,38.60774],[-117.5265,38.60825],[-117.52613,38.60889],[-117.526,38.60915],[-117.52577,38.60975],[-117.52572,38.61],[-117.52568,38.61059],[-117.52566,38.61069],[-117.52559,38.61085],[-117.52536,38.61117],[-117.5252,38.61142],[-117.52505,38.61169],[-117.52499,38.61177],[-117.52438,38.61238],[-117.52418,38.61255],[-117.52407,38.61263],[-117.52304,38.61326],[-117.52142,38.61428],[-117.52097,38.61456],[-117.52084,38.61466],[-117.52082,38.61468],[-117.52072,38.61477],[-117.52061,38.61488],[-117.52046,38.61508],[-117.52039,38.61521],[-117.52033,38.61536],[-117.52005,38.61599],[-117.51994,38.6163],[-117.51971,38.61702],[-117.51902,38.61903],[-117.51899,38.61913],[-117.5188,38.61965],[-117.51823,38.62132],[-117.51796,38.6221],[-117.51784,38.62241],[-117.5178,38.62255],[-117.51774,38.6228],[-117.51765,38.62304],[-117.51761,38.62328],[-117.51758,38.6235],[-117.51755,38.62436],[-117.51752,38.62496],[-117.51745,38.62591],[-117.51744,38.62633],[-117.51743,38.62675],[-117.51735,38.62771],[-117.51732,38.62851],[-117.51732,38.6289],[-117.51728,38.62944],[-117.51728,38.62967],[-117.51721,38.63041],[-117.51721,38.63052],[-117.51722,38.63065],[-117.51718,38.63104],[-117.51718,38.63127],[-117.51717,38.63153],[-117.51712,38.63217],[-117.51708,38.6328],[-117.51704,38.63329],[-117.51703,38.63344],[-117.51687,38.63399],[-117.51681,38.63433],[-117.51676,38.63464],[-117.51671,38.63482],[-117.51663,38.63527],[-117.51655,38.63553],[-117.5165,38.63579],[-117.51645,38.63623],[-117.51637,38.63647],[-117.51634,38.63657],[-117.51634,38.6367],[-117.51636,38.63685],[-117.51647,38.63739],[-117.51649,38.63749],[-117.51652,38.63766],[-117.51653,38.6377],[-117.51654,38.63793],[-117.51652,38.63814],[-117.5164,38.63845],[-117.51634,38.63857],[-117.51623,38.63867],[-117.51607,38.63876],[-117.516,38.63884],[-117.51599,38.63889],[-117.51602,38.63901],[-117.51611,38.63923],[-117.51612,38.63939],[-117.51611,38.63943],[-117.51608,38.63949],[-117.51596,38.63948],[-117.51574,38.63943],[-117.51564,38.63942],[-117.51554,38.63943],[-117.51549,38.63946],[-117.51546,38.6395],[-117.51544,38.63954],[-117.51543,38.63961],[-117.51547,38.63974],[-117.51551,38.6398],[-117.51589,38.64022],[-117.51619,38.64054],[-117.51645,38.64086],[-117.51654,38.641],[-117.51672,38.64135],[-117.51707,38.64241],[-117.5172,38.64276],[-117.51727,38.64333],[-117.51733,38.64379],[-117.51746,38.64509],[-117.51747,38.6452],[-117.51753,38.64553],[-117.51807,38.64667],[-117.51812,38.64674],[-117.51818,38.64683],[-117.5182,38.64691],[-117.51817,38.64706],[-117.51813,38.64719],[-117.51806,38.64743],[-117.51779,38.64815],[-117.51749,38.64903],[-117.51737,38.64952],[-117.51726,38.65025],[-117.51714,38.65073],[-117.51707,38.65095],[-117.51692,38.65121],[-117.51649,38.65186],[-117.51621,38.65232]]}},{"type":"Feature","properties":{"name":"National Forest Development Road 018","road_class":"track","source":"OpenStreetMap","source_detail":"osm way 14411013","source_tile":"177/392","surface_inferred":true},"geometry":{"type":"LineString","coordinates":[[-117.49872,38.71466],[-117.49877,38.71458],[-117.49882,38.71431],[-117.49896,38.71378],[-117.49901,38.71364],[-117.49917,38.71343],[-117.49934,38.71323]]}},{"type":"Feature","properties":{"name":"National Forest Development Road 428","road_class":"track","source":"OpenStreetMap","source_detail":"osm way 14411451","source_tile":"177/392","surface_inferred":true},"geometry":{"type":"LineString","coordinates":[[-117.54298,38.63735],[-117.54277,38.63719],[-117.54268,38.6371],[-117.54255,38.63689],[-117.54252,38.63686],[-117.54247,38.63683],[-117.54238,38.63681],[-117.54175,38.63671]]}},{"type":"Feature","properties":{"name":"National Forest Development Road 428","road_class":"track","source":"OpenStreetMap","source_detail":"osm way 14411452","source_tile":"177/392","surface_inferred":true},"geometry":{"type":"LineString","coordinates":[[-117.56478,38.63826],[-117.56509,38.63844],[-117.56558,38.63836],[-117.56594,38.63819],[-117.56612,38.6379]]}},{"type":"Feature","properties":{"name":"National Forest Development Road 428","road_class":"track","source":"OpenStreetMap","source_detail":"osm way 14411495","source_tile":"177/392","surface_inferred":true},"geometry":{"type":"LineString","coordinates":[[-117.51744,38.62633],[-117.5176,38.62628],[-117.51777,38.62625],[-117.51792,38.62624],[-117.5181,38.62625],[-117.51826,38.62629],[-117.51848,38.62637],[-117.51885,38.62647],[-117.51976,38.6267],[-117.52,38.62675],[-117.52051,38.6268],[-117.52086,38.62682],[-117.52147,38.62678],[-117.52173,38.62672],[-117.52186,38.62671],[-117.52205,38.62671],[-117.52255,38.62671],[-117.52275,38.62671],[-117.52321,38.62672],[-117.52336,38.62675],[-117.52367,38.62684],[-117.52384,38.62686],[-117.52411,38.62685],[-117.52421,38.62686],[-117.52438,38.62697],[-117.52452,38.62704],[-117.52467,38.62709],[-117.52496,38.62717],[-117.52515,38.62722],[-117.5256,38.62731],[-117.52572,38.62732],[-117.52581,38.62732],[-117.52608,38.62728],[-117.52623,38.62727],[-117.52652,38.62728],[-117.52669,38.62729],[-117.5268,38.62732],[-117.52695,38.62739],[-117.52737,38.62766],[-117.52783,38.62789],[-117.52844,38.62815],[-117.52859,38.62823],[-117.5288,38.62838],[-117.52896,38.62852],[-117.52914,38.62866],[-117.52934,38.6288],[-117.52962,38.62897],[-117.53009,38.6293],[-117.53024,38.62938],[-117.53083,38.6296],[-117.53113,38.62972],[-117.53122,38.62978],[-117.53132,38.62987],[-117.53137,38.62994],[-117.53152,38.63023],[-117.53155,38.63035],[-117.5316,38.63068],[-117.53171,38.63115],[-117.53175,38.63128],[-117.53186,38.63143],[-117.53214,38.63168],[-117.53223,38.63175],[-117.53251,38.63192],[-117.53303,38.63216],[-117.53313,38.63222],[-117.53381,38.63266],[-117.53458,38.63322],[-117.53481,38.63338],[-117.53498,38.63348],[-117.53519,38.63366],[-117.53531,38.63379],[-117.5356,38.63408],[-117.53572,38.63416],[-117.53588,38.63425],[-117.53604,38.63429],[-117.53643,38.63435],[-117.5369,38.6344],[-117.53736,38.63446],[-117.53751,38.6345],[-117.53763,38.63454],[-117.53777,38.63459],[-117.53784,38.63463],[-117.53799,38.63474],[-117.5384,38.63513],[-117.53849,38.63519],[-117.53859,38.63524],[-117.53874,38.6353],[-117.53896,38.63542],[-117.53908,38.63552],[-117.53926,38.63566],[-117.53952,38.63579],[-117.54018,38.63601],[-117.54035,38.63607],[-117.54046,38.63612],[-117.54049,38.63615],[-117.54055,38.63632],[-117.5406,38.63637],[-117.54067,38.6364],[-117.54084,38.63644],[-117.54114,38.63648],[-117.54125,38.63651],[-117.54146,38.63658],[-117.54175,38.63671],[-117.54184,38.63678],[-117.54189,38.63686],[-117.54193,38.63694],[-117.54198,38.63722],[-117.542,38.6373],[-117.54198,38.63737],[-117.54196,38.6374],[-117.54181,38.63749],[-117.54179,38.63751],[-117.54177,38.63757],[-117.54179,38.63762],[-117.54187,38.63766],[-117.54191,38.63767],[-117.54206,38.63766],[-117.54224,38.63758],[-117.54238,38.63749],[-117.54259,38.63743],[-117.54278,38.63739],[-117.54298,38.63735],[-117.54305,38.63736],[-117.54319,38.63741],[-117.54338,38.6375],[-117.54351,38.63753],[-117.54389,38.63752],[-117.54423,38.63756],[-117.54465,38.63764],[-117.54491,38.63765],[-117.54513,38.63766],[-117.54535,38.63774],[-117.54542,38.63775],[-117.54555,38.63776],[-117.54565,38.63777],[-117.54587,38.63782],[-117.54617,38.63792],[-117.5464,38.63801],[-117.54647,38.63805],[-117.54663,38.63821],[-117.54673,38.63828],[-117.54681,38.63832],[-117.54705,38.63839],[-117.54736,38.63847],[-117.54756,38.63853],[-117.54763,38.63853],[-117.54792,38.63851],[-117.54822,38.63846],[-117.54842,38.63844],[-117.54909,38.6384],[-117.54935,38.63837],[-117.54974,38.63824],[-117.54999,38.63818],[-117.55018,38.63816],[-117.55065,38.63816],[-117.55102,38.63814],[-117.55111,38.63812],[-117.55118,38.63809],[-117.55131,38.63802],[-117.55138,38.63796],[-117.55147,38.63791],[-117.55155,38.63788],[-117.55183,38.6378],[-117.55203,38.63777],[-117.5524,38.63777],[-117.55268,38.63779],[-117.5528,38.63782],[-117.55298,38.63787],[-117.5532,38.63793],[-117.5533,38.63794],[-117.55348,38.63793],[-117.55359,38.63792],[-117.55387,38.63786],[-117.55397,38.63784],[-117.55417,38.63786],[-117.55436,38.63788],[-117.55452,38.63789],[-117.55476,38.63786],[-117.55502,38.63783],[-117.55519,38.63783],[-117.55535,38.63784],[-117.55546,38.63787],[-117.55575,38.63799],[-117.55631,38.63815],[-117.55656,38.63824],[-117.55677,38.63835],[-117.55685,38.63838],[-117.55693,38.63839],[-117.55703,38.63838],[-117.55711,38.63835],[-117.5572,38.63828],[-117.55723,38.63824],[-117.55728,38.63806],[-117.55732,38.63802],[-117.5574,38.63796],[-117.55748,38.63793],[-117.55757,38.63791],[-117.55777,38.6379],[-117.5579,38.63791],[-117.55817,38.63798],[-117.55839,38.63801],[-117.55859,38.638],[-117.55868,38.63801],[-117.55885,38.63805],[-117.55911,38.6381],[-117.55935,38.63815],[-117.55948,38.63814],[-117.55958,38.63811],[-117.5597,38.63805],[-117.55978,38.63796],[-117.55982,38.63788],[-117.55984,38.63773],[-117.55988,38.63764],[-117.55993,38.63759],[-117.55997,38.63755],[-117.56013,38.63748],[-117.56021,38.63746],[-117.56033,38.63745],[-117.5604,38.63746],[-117.56057,38.6375],[-117.5607,38.63752],[-117.56091,38.63751],[-117.56118,38.63748],[-117.56144,38.63745],[-117.56157,38.63746],[-117.56173,38.63748],[-117.56224,38.63763],[-117.56319,38.63779],[-117.56337,38.63784],[-117.56373,38.63798],[-117.56404,38.63808],[-117.56413,38.63811],[-117.56433,38.6382],[-117.56442,38.63823],[-117.56449,38.63825],[-117.56478,38.63826],[-117.56489,38.63825],[-117.56512,38.63822],[-117.5654,38.63815],[-117.56586,38.63803],[-117.56605,38.63792],[-117.56612,38.6379],[-117.56615,38.6379],[-117.56633,38.63788],[-117.56686,38.63786],[-117.56703,38.63786],[-117.56719,38.63784],[-117.5673,38.63781],[-117.56767,38.6377],[-117.56774,38.63766],[-117.56778,38.63762],[-117.56782,38.63751],[-117.56785,38.63745],[-117.56787,38.63742],[-117.56792,38.63737],[-117.568,38.63733],[-117.56828,38.63722],[-117.56839,38.63714],[-117.56853,38.63706],[-117.56884,38.63694],[-117.56895,38.63691],[-117.56905,38.63686],[-117.56928,38.63661],[-117.56933,38.63655],[-117.56949,38.63642],[-117.5698,38.63621],[-117.5699,38.63616],[-117.57003,38.63611],[-117.57016,38.63608],[-117.57029,38.63607],[-117.57036,38.63608],[-117.57046,38.6361],[-117.57062,38.63617],[-117.57089,38.63632],[-117.57128,38.63649],[-117.5717,38.63674],[-117.572,38.63688],[-117.5722,38.63699],[-117.57242,38.6371],[-117.5728,38.63722],[-117.57296,38.6373],[-117.57309,38.63734],[-117.57363,38.63748],[-117.57393,38.63757],[-117.57397,38.63759],[-117.57403,38.63764],[-117.57406,38.63768],[-117.57408,38.63773],[-117.57409,38.63779],[-117.57409,38.63783],[-117.57409,38.63792],[-117.57409,38.63796],[-117.57412,38.63804],[-117.57425,38.6382],[-117.57449,38.63842],[-117.57458,38.6385]]}},{"type":"Feature","properties":{"name":"National Forest Development Road 121","road_class":"track","source":"OpenStreetMap","source_detail":"osm way 14417163","source_tile":"177/392","surface_inferred":true},"geometry":{"type":"LineString","coordinates":[[-117.51095,38.75918],[-117.51081,38.75924],[-117.51077,38.75925],[-117.51058,38.75927],[-117.51046,38.7593],[-117.50943,38.75959],[-117.50911,38.75966],[-117.50852,38.75988],[-117.508,38.76006],[-117.50748,38.76021],[-117.50732,38.76025],[-117.50716,38.76027],[-117.50693,38.76027],[-117.50666,38.76024],[-117.50641,38.76019],[-117.50635,38.76019],[-117.50622,38.76017],[-117.50603,38.76019],[-117.50503,38.76029],[-117.50442,38.76032],[-117.50356,38.76043],[-117.50281,38.76053],[-117.50261,38.76057],[-117.50223,38.76068],[-117.50149,38.76091],[-117.50118,38.76102],[-117.50104,38.76109],[-117.50092,38.76118],[-117.50076,38.76135],[-117.50069,38.76142],[-117.50042,38.76206],[-117.50018,38.76274],[-117.49923,38.76526],[-117.4988,38.76628],[-117.49835,38.7673],[-117.49834,38.76732],[-117.49679,38.77074],[-117.4967,38.77093],[-117.49644,38.77155],[-117.49605,38.77247],[-117.49528,38.77426],[-117.49494,38.775],[-117.49482,38.77527],[-117.49472,38.77549],[-117.49455,38.77594],[-117.49422,38.77671],[-117.49392,38.77745],[-117.49367,38.77802],[-117.49348,38.77846],[-117.4932,38.77906],[-117.49275,38.78012],[-117.49249,38.78065],[-117.49234,38.78099],[-117.49231,38.78108],[-117.4921,38.78147],[-117.49203,38.78157],[-117.49177,38.78185],[-117.49108,38.78264],[-117.4907,38.78304],[-117.49064,38.78312],[-117.49019,38.7837],[-117.49006,38.78389],[-117.49002,38.784],[-117.49003,38.78411],[-117.49007,38.7844],[-117.49005,38.78449],[-117.48992,38.78465],[-117.48972,38.78485],[-117.48917,38.78541],[-117.48894,38.78567],[-117.48862,38.78605],[-117.48844,38.78631],[-117.48832,38.78655],[-117.48827,38.78674],[-117.48818,38.78717],[-117.48818,38.78719],[-117.48818,38.7873],[-117.48824,38.78756],[-117.48825,38.78775],[-117.48822,38.78791],[-117.48811,38.78811],[-117.48756,38.78894],[-117.48735,38.78923],[-117.4872,38.78951],[-117.48699,38.78976],[-117.48671,38.79004],[-117.48596,38.79067],[-117.4859,38.79075],[-117.48589,38.79082],[-117.48591,38.79089],[-117.486,38.79105],[-117.48603,38.79116],[-117.48606,38.7915],[-117.48608,38.79165],[-117.48609,38.7918],[-117.48611,38.79203],[-117.48613,38.79221],[-117.48611,38.79236],[-117.48607,38.79246],[-117.48599,38.79255],[-117.48592,38.79261],[-117.4858,38.79267],[-117.48566,38.79269],[-117.48549,38.7927]]}},{"type":"Feature","properties":{"name":"National Forest Development Road 122","road_class":"track","source":"OpenStreetMap","source_detail":"osm way 14417590","source_tile":"177/392","surface_inferred":true},"geometry":{"type":"LineString","coordinates":[[-117.50069,38.76142],[-117.49913,38.76194],[-117.49818,38.76228],[-117.49756,38.76245],[-117.49523,38.76333],[-117.49446,38.76364],[-117.4932,38.76409],[-117.49251,38.7643],[-117.49195,38.76446],[-117.49166,38.76455],[-117.49143,38.76462],[-117.49121,38.76471],[-117.49105,38.76477],[-117.49092,38.7648],[-117.49074,38.76482],[-117.49056,38.76482],[-117.49039,38.76485],[-117.48983,38.76496],[-117.48916,38.76507],[-117.48864,38.76513],[-117.48838,38.76514],[-117.4881,38.76513],[-117.488,38.7651],[-117.48787,38.76506],[-117.4876,38.7649],[-117.48731,38.76476],[-117.48719,38.76472],[-117.48704,38.76469],[-117.4865,38.76462],[-117.48609,38.76461],[-117.48582,38.7646],[-117.48565,38.76456],[-117.48532,38.76443],[-117.48523,38.76442],[-117.48491,38.76442],[-117.48481,38.76441],[-117.48471,38.76436],[-117.48468,38.76434],[-117.48464,38.76428],[-117.4846,38.76422],[-117.48453,38.76412],[-117.4845,38.7641],[-117.48446,38.76408],[-117.48366,38.76384],[-117.48331,38.76367],[-117.48321,38.7636],[-117.48305,38.76348],[-117.48292,38.76341],[-117.48253,38.76326],[-117.48244,38.76321],[-117.48235,38.76313],[-117.482,38.76282],[-117.48184,38.76264],[-117.48174,38.76255],[-117.48156,38.76245],[-117.48112,38.7623],[-117.48068,38.76215],[-117.48033,38.76205],[-117.47934,38.76181],[-117.47918,38.76178],[-117.47906,38.76175],[-117.47869,38.76165],[-117.47807,38.76141],[-117.47703,38.76102],[-117.47691,38.761],[-117.47684,38.76101],[-117.47672,38.76103],[-117.47661,38.76105],[-117.47651,38.76102],[-117.47595,38.76067],[-117.47573,38.76051],[-117.4756,38.76047],[-117.47541,38.76044],[-117.47513,38.76044],[-117.47498,38.76043],[-117.47465,38.76037],[-117.47402,38.76031],[-117.4737,38.76025],[-117.47349,38.7602],[-117.47299,38.76004],[-117.47286,38.76002],[-117.47219,38.75989],[-117.47181,38.75977],[-117.47173,38.75976],[-117.47129,38.75977],[-117.47112,38.75975],[-117.47089,38.75974],[-117.47078,38.75972],[-117.47071,38.7597],[-117.47057,38.75961],[-117.47038,38.75953],[-117.47023,38.75947],[-117.47019,38.75945],[-117.47016,38.75941],[-117.47014,38.75934],[-117.47014,38.75923],[-117.47019,38.75905],[-117.47026,38.75891],[-117.47048,38.75865],[-117.47051,38.75861],[-117.47052,38.75853],[-117.4705,38.75849],[-117.47043,38.75838],[-117.47034,38.75822],[-117.47024,38.75809],[-117.47016,38.75804],[-117.46994,38.75796],[-117.46971,38.7578],[-117.4696,38.75775],[-117.46866,38.75747],[-117.46847,38.75742],[-117.46816,38.75737],[-117.46747,38.75722],[-117.46694,38.75708],[-117.46645,38.7569],[-117.46631,38.75689],[-117.4661,38.75689],[-117.46587,38.75692],[-117.46555,38.75705],[-117.46532,38.75716],[-117.46526,38.75718],[-117.4652,38.75717],[-117.46483,38.7571],[-117.46472,38.75709],[-117.46457,38.75711],[-117.46434,38.75722],[-117.46412,38.75739],[-117.46398,38.75746],[-117.46376,38.75752],[-117.4634,38.75756],[-117.46324,38.75761],[-117.46313,38.75763],[-117.46304,38.75761],[-117.463,38.75759],[-117.46279,38.75737],[-117.46269,38.75726],[-117.46265,38.75724],[-117.46258,38.75723],[-117.46254,38.75726],[-117.46249,38.75736],[-117.46248,38.75737],[-117.46245,38.7574],[-117.46236,38.75741],[-117.4623,38.7574],[-117.46216,38.75732],[-117.46177,38.75712],[-117.46168,38.75706],[-117.46155,38.75699],[-117.46146,38.75698],[-117.46129,38.75696],[-117.46124,38.75693],[-117.46117,38.75683],[-117.46077,38.75642],[-117.46041,38.7561],[-117.46037,38.75607],[-117.46032,38.75605],[-117.46014,38.75603],[-117.46002,38.75601],[-117.45995,38.75597],[-117.45977,38.75586],[-117.45969,38.75584],[-117.45948,38.75584],[-117.45931,38.75587],[-117.45899,38.75588],[-117.4588,38.75589],[-117.45859,38.75593],[-117.45815,38.75595],[-117.45788,38.75595],[-117.45777,38.75595],[-117.45744,38.75585],[-117.45718,38.75579],[-117.45689,38.75574],[-117.45661,38.75572],[-117.45648,38.75572],[-117.45629,38.75574],[-117.45546,38.75599],[-117.45514,38.7561],[-117.45491,38.75621],[-117.45441,38.75655],[-117.45426,38.75669],[-117.45391,38.75706],[-117.45385,38.75715],[-117.4537,38.7574],[-117.45364,38.75749],[-117.45336,38.75775],[-117.45322,38.75784],[-117.45308,38.75791],[-117.45288,38.75799],[-117.45256,38.75808],[-117.45237,38.75811],[-117.4523,38.75811],[-117.45212,38.75808],[-117.45181,38.75807],[-117.45169,38.75808],[-117.45141,38.75817],[-117.4513,38.75825],[-117.45127,38.7583],[-117.45125,38.75835],[-117.45125,38.75849],[-117.45123,38.75856],[-117.45121,38.75858],[-117.45106,38.75868],[-117.45101,38.75874],[-117.45095,38.75888],[-117.45095,38.75896],[-117.45096,38.75902],[-117.45104,38.75912],[-117.45103,38.75918],[-117.45097,38.75926],[-117.45078,38.75944],[-117.45067,38.75955],[-117.45061,38.75959],[-117.45006,38.7598],[-117.44993,38.75984],[-117.44973,38.75986],[-117.44958,38.75985],[-117.44948,38.75982],[-117.44912,38.75972],[-117.44888,38.75968],[-117.44854,38.75965],[-117.44832,38.75965],[-117.44806,38.75964],[-117.44788,38.75961],[-117.4477,38.75954],[-117.44745,38.75948],[-117.44724,38.75941],[-117.44684,38.75918],[-117.44678,38.7591],[-117.44665,38.7587],[-117.4466,38.75863],[-117.44643,38.75847],[-117.44633,38.75835],[-117.44627,38.75826],[-117.44618,38.75807],[-117.44597,38.75782],[-117.44576,38.75751],[-117.44565,38.75737],[-117.44535,38.75704],[-117.4452,38.75691],[-117.44478,38.7566],[-117.44444,38.75631],[-117.44434,38.75621],[-117.44421,38.75599],[-117.44412,38.75569],[-117.44405,38.75554],[-117.44386,38.75523],[-117.44376,38.75504],[-117.44359,38.75482],[-117.44348,38.75471],[-117.44318,38.75448],[-117.44312,38.75442],[-117.44297,38.75416],[-117.44288,38.75397],[-117.44287,38.75394],[-117.44286,38.75388],[-117.4428,38.75378],[-117.44273,38.75357],[-117.44269,38.7531],[-117.44261,38.75278],[-117.44259,38.75275],[-117.44211,38.75233],[-117.44191,38.75224],[-117.44164,38.75212],[-117.44145,38.75198]]}},{"type":"Feature","properties":{"name":"South Newe Road 22","road_class":"unclassified","surface":"unpaved","source":"OpenStreetMap","source_detail":"osm way 14418862","source_tile":"177/392"},"geometry":{"type":"LineString","coordinates":[[-117.49872,38.71466],[-117.49863,38.71476],[-117.49855,38.71481],[-117.49832,38.71487],[-117.49827,38.71489],[-117.49822,38.71495],[-117.49818,38.71504],[-117.49817,38.71515],[-117.4982,38.71526],[-117.49884,38.7167],[-117.49903,38.71715],[-117.49914,38.71745],[-117.49957,38.71842],[-117.49962,38.71863],[-117.49965,38.71887],[-117.49959,38.71963],[-117.49946,38.72114],[-117.49941,38.72185],[-117.49938,38.722],[-117.49937,38.72205],[-117.49922,38.72361],[-117.49915,38.72406],[-117.49912,38.72417],[-117.49901,38.72443],[-117.49877,38.72529],[-117.49853,38.72641],[-117.49839,38.727],[-117.49818,38.72765],[-117.498,38.72816],[-117.49783,38.7287],[-117.49781,38.72885],[-117.49782,38.72904],[-117.49785,38.72913],[-117.49792,38.72923],[-117.49797,38.72927],[-117.49826,38.72943],[-117.49863,38.72966],[-117.49913,38.73],[-117.49934,38.73015],[-117.49955,38.73035],[-117.49959,38.7304],[-117.50048,38.73179],[-117.50068,38.73207],[-117.50089,38.73254],[-117.50095,38.73268],[-117.50106,38.73303],[-117.5012,38.73339],[-117.50132,38.7336],[-117.50146,38.73374],[-117.50205,38.73416],[-117.50223,38.73433],[-117.50233,38.73448],[-117.50241,38.73456],[-117.50281,38.73484],[-117.50308,38.73508],[-117.50357,38.73558],[-117.50376,38.73577],[-117.50387,38.7359],[-117.504,38.73602],[-117.50466,38.7368],[-117.50485,38.73709],[-117.50534,38.73761],[-117.50556,38.73782],[-117.50612,38.73849],[-117.50657,38.73907],[-117.50687,38.73934],[-117.50714,38.73958],[-117.50723,38.73966],[-117.50731,38.73978],[-117.50775,38.74059],[-117.50792,38.74082],[-117.50804,38.74109],[-117.50832,38.74199],[-117.50836,38.74225],[-117.5084,38.74284],[-117.50854,38.74347],[-117.50883,38.7445],[-117.50885,38.7446],[-117.50886,38.74471],[-117.50881,38.74507],[-117.50879,38.74524],[-117.5088,38.74549],[-117.50884,38.7457],[-117.50903,38.74617],[-117.50917,38.74649],[-117.50957,38.74731],[-117.50982,38.74789],[-117.51074,38.74991],[-117.51095,38.75039],[-117.51126,38.75106],[-117.51229,38.75332],[-117.51233,38.75344],[-117.51241,38.75389],[-117.51252,38.7545],[-117.51252,38.75468],[-117.51248,38.75494],[-117.51237,38.75533],[-117.51197,38.75631],[-117.51193,38.75649],[-117.51185,38.75699],[-117.51164,38.75771],[-117.51158,38.75788],[-117.51141,38.75829],[-117.51128,38.75854],[-117.51112,38.75887],[-117.51095,38.75918]]}},{"type":"Feature","properties":{"name":"South Newe Road 22","road_class":"track","source":"OpenStreetMap","source_detail":"osm way 14418864","source_tile":"177/392","surface_inferred":true},"geometry":{"type":"LineString","coordinates":[[-117.49903,38.71715],[-117.49901,38.71691],[-117.49892,38.71623],[-117.49879,38.71542],[-117.49872,38.71466]]}},{"type":"Feature","properties":{"name":"National Forest Development Road 427","road_class":"track","source":"OpenStreetMap","source_detail":"osm way 14424219","source_tile":"177/392","surface_inferred":true},"geometry":{"type":"LineString","coordinates":[[-117.57501,38.63872],[-117.57479,38.63878],[-117.57403,38.63902],[-117.57353,38.63916],[-117.57326,38.63925],[-117.57303,38.63936],[-117.57287,38.63944],[-117.57267,38.63959],[-117.5725,38.63976],[-117.57232,38.63996],[-117.57219,38.64009],[-117.57159,38.64057],[-117.57119,38.64094],[-117.57088,38.64117],[-117.57077,38.64127],[-117.57054,38.64149],[-117.57031,38.64178],[-117.57024,38.64189],[-117.57013,38.64205],[-117.56994,38.64231],[-117.56986,38.64239],[-117.56964,38.64254],[-117.56916,38.64283],[-117.569,38.64294],[-117.56888,38.64301],[-117.56877,38.64308],[-117.5687,38.64313],[-117.56868,38.6433],[-117.56868,38.64347],[-117.56869,38.64359],[-117.5687,38.6439],[-117.5687,38.64396],[-117.56865,38.64402],[-117.56844,38.64417],[-117.56836,38.64424],[-117.56832,38.64428],[-117.56825,38.64438],[-117.5682,38.64446],[-117.56807,38.64452],[-117.56799,38.64462],[-117.5678,38.64491],[-117.56756,38.64524],[-117.5671,38.64572],[-117.56699,38.64585],[-117.56691,38.64592],[-117.56677,38.64599],[-117.56668,38.64604],[-117.5665,38.64622],[-117.56632,38.6464],[-117.56623,38.64651],[-117.56608,38.64667],[-117.56592,38.64681],[-117.56558,38.64705],[-117.5654,38.64719],[-117.56512,38.64737],[-117.56462,38.64772],[-117.56419,38.64799],[-117.56396,38.64813],[-117.56338,38.64849],[-117.5631,38.64865],[-117.56297,38.64887],[-117.56283,38.64916],[-117.56272,38.64943],[-117.56267,38.6496],[-117.56268,38.64972],[-117.56268,38.64998],[-117.5627,38.65004],[-117.56272,38.65011],[-117.56282,38.65039],[-117.56282,38.65045],[-117.56279,38.65057],[-117.56275,38.65066],[-117.56266,38.65075],[-117.56249,38.6509],[-117.56236,38.6511],[-117.56212,38.65135],[-117.56204,38.65146],[-117.56195,38.65167],[-117.56188,38.65185],[-117.56185,38.65191],[-117.56169,38.65203],[-117.56139,38.65241],[-117.56134,38.65246],[-117.56113,38.65263],[-117.56088,38.65287],[-117.5607,38.6531],[-117.56043,38.65346],[-117.56037,38.65351],[-117.56024,38.65358],[-117.56015,38.65361],[-117.56002,38.65364],[-117.55972,38.6537],[-117.5596,38.65374],[-117.55943,38.65384],[-117.55915,38.65403],[-117.55887,38.65432],[-117.55854,38.65474],[-117.55852,38.65478],[-117.55852,38.65483],[-117.55857,38.6551],[-117.55857,38.65516],[-117.55851,38.65543],[-117.55845,38.65548],[-117.55836,38.65555],[-117.55815,38.6557],[-117.55797,38.6558],[-117.55787,38.65588],[-117.55763,38.65609],[-117.55747,38.65631],[-117.55739,38.6564],[-117.55699,38.65678],[-117.55687,38.65687],[-117.55676,38.65693],[-117.55665,38.65696],[-117.55661,38.65698],[-117.55653,38.65699],[-117.55631,38.65705],[-117.55619,38.65711],[-117.55606,38.65721],[-117.55584,38.6574],[-117.55579,38.65744],[-117.55574,38.65749],[-117.55545,38.65803],[-117.55519,38.65841],[-117.55512,38.65848],[-117.55495,38.65861],[-117.55484,38.65872],[-117.55452,38.65911],[-117.55448,38.65914],[-117.55442,38.65916],[-117.55419,38.65922],[-117.55399,38.65932],[-117.55392,38.65936],[-117.55382,38.65939],[-117.55365,38.65938],[-117.55355,38.6594],[-117.55349,38.65942],[-117.55338,38.65949],[-117.55328,38.65958],[-117.55321,38.65969],[-117.55316,38.65976],[-117.55298,38.65983],[-117.55271,38.65991]]}},{"type":"Feature","properties":{"name":"National Forest Development Road 427","road_class":"track","source":"OpenStreetMap","source_detail":"osm way 14424222","source_tile":"177/392","surface_inferred":true},"geometry":{"type":"LineString","coordinates":[[-117.57458,38.6385],[-117.57478,38.63867],[-117.57484,38.63869],[-117.57501,38.63872]]}},{"type":"Feature","properties":{"name":"(unnamed public road)","road_class":"unclassified","surface":"unpaved","source":"OpenStreetMap","source_detail":"osm way 194574428","source_tile":"177/392"},"geometry":{"type":"LineString","coordinates":[[-117.77206,38.6251],[-117.76548,38.63288],[-117.75209,38.64762],[-117.75082,38.64936],[-117.75039,38.65038],[-117.75003,38.65155],[-117.74949,38.65376],[-117.74876,38.65568],[-117.74812,38.65698],[-117.74756,38.658],[-117.74683,38.65856],[-117.74616,38.65881],[-117.74361,38.65978],[-117.73966,38.66177],[-117.739,38.66228],[-117.73537,38.6643],[-117.73483,38.66475],[-117.73398,38.66544],[-117.73192,38.66754],[-117.7302,38.66965],[-117.72999,38.67037],[-117.72947,38.67235],[-117.72896,38.67533],[-117.72799,38.6792],[-117.72793,38.68278],[-117.72801,38.68655],[-117.72799,38.68967],[-117.72796,38.69003],[-117.72773,38.6934],[-117.72747,38.69541],[-117.7273,38.7008],[-117.7268,38.70454],[-117.72664,38.70501],[-117.72643,38.70526],[-117.72577,38.70576],[-117.72504,38.70629],[-117.7222,38.70789],[-117.71955,38.70923],[-117.71887,38.70948],[-117.7184,38.70962],[-117.71738,38.70987],[-117.71719,38.70991],[-117.71476,38.71041],[-117.7143,38.71064],[-117.71394,38.71093],[-117.71352,38.71145],[-117.71332,38.71178],[-117.70939,38.71673],[-117.70779,38.71853],[-117.70256,38.72445],[-117.70257,38.72523],[-117.7027,38.72645],[-117.70372,38.72829],[-117.70505,38.7307],[-117.70552,38.73258],[-117.70558,38.73326],[-117.70541,38.73414],[-117.70533,38.73493],[-117.70524,38.73787],[-117.70503,38.73888],[-117.70465,38.73963],[-117.70457,38.74007],[-117.7045,38.74082],[-117.70444,38.74154],[-117.70412,38.7427],[-117.70401,38.74396],[-117.70344,38.7452],[-117.70251,38.74682],[-117.70153,38.74853],[-117.7006,38.75005],[-117.70022,38.75075],[-117.69963,38.75186],[-117.6991,38.7529],[-117.69903,38.75354],[-117.69916,38.7542],[-117.69925,38.75503],[-117.69906,38.75584],[-117.69867,38.75652],[-117.69802,38.75739],[-117.69755,38.75822],[-117.69738,38.75883],[-117.69736,38.76078],[-117.69706,38.76225],[-117.69675,38.76438],[-117.69643,38.766],[-117.69586,38.76714],[-117.69484,38.76891],[-117.6941,38.76985],[-117.69321,38.77114],[-117.69215,38.77248],[-117.69207,38.77258],[-117.69166,38.77304],[-117.69132,38.77349],[-117.69124,38.77379],[-117.69119,38.77398],[-117.69108,38.77479],[-117.69091,38.77591],[-117.69076,38.77663],[-117.6906,38.7771],[-117.69057,38.77716],[-117.69036,38.77747],[-117.69002,38.77788],[-117.68949,38.77846],[-117.68891,38.77905],[-117.68849,38.77963],[-117.68824,38.78011],[-117.6872,38.78171],[-117.68667,38.78231],[-117.68621,38.78274],[-117.68527,38.78331],[-117.68378,38.78426]]}},{"type":"Feature","properties":{"name":"Cloverdale Ranch Road","road_class":"unclassified","surface":"unpaved","source":"OpenStreetMap","source_detail":"osm way 194574430","source_tile":"177/393"},"geometry":{"type":"LineString","coordinates":[[-117.56995,38.49427],[-117.56959,38.49477],[-117.56456,38.50206],[-117.56123,38.50679],[-117.55632,38.51378],[-117.5533,38.51821],[-117.54978,38.52347],[-117.54819,38.52569],[-117.54741,38.52775],[-117.54588,38.53187],[-117.54427,38.53663],[-117.54133,38.54595],[-117.54128,38.54622],[-117.54128,38.54631],[-117.54125,38.54667],[-117.54136,38.54741],[-117.54191,38.5504],[-117.54207,38.55133],[-117.54227,38.55233],[-117.54247,38.55325],[-117.54263,38.55393],[-117.54269,38.55426],[-117.54273,38.55469],[-117.54275,38.55541],[-117.54276,38.55669],[-117.54279,38.55695],[-117.54279,38.55697],[-117.54283,38.55709],[-117.54288,38.5572],[-117.54301,38.55738],[-117.54308,38.55745],[-117.54319,38.55755],[-117.54326,38.55761],[-117.54344,38.55772],[-117.54363,38.5578],[-117.54378,38.55785],[-117.54392,38.5579],[-117.54408,38.55799],[-117.54427,38.55815],[-117.54479,38.55869],[-117.54512,38.55895],[-117.54527,38.55909],[-117.54549,38.55939],[-117.54556,38.55949],[-117.54582,38.56004],[-117.54617,38.56082],[-117.54623,38.561],[-117.5464,38.56132],[-117.54658,38.56162],[-117.54666,38.56174],[-117.54674,38.56183],[-117.54701,38.56206],[-117.5471,38.56215],[-117.54718,38.5623],[-117.54745,38.56304],[-117.54761,38.56345],[-117.5477,38.56362],[-117.54779,38.56375],[-117.54792,38.56386],[-117.5481,38.56398],[-117.54841,38.56415],[-117.54867,38.56431],[-117.54883,38.56443],[-117.54902,38.56458],[-117.54923,38.56478],[-117.54938,38.56497],[-117.54967,38.56544],[-117.54972,38.56551]]}},{"type":"Feature","properties":{"name":"(unnamed public road)","road_class":"track","surface":"unpaved","source":"OpenStreetMap","source_detail":"osm way 194574452","source_tile":"177/392"},"geometry":{"type":"LineString","coordinates":[[-117.71588,38.70967],[-117.71577,38.70963],[-117.71501,38.70957],[-117.71492,38.70954],[-117.71473,38.70954],[-117.71331,38.70936],[-117.71259,38.70938],[-117.71125,38.70949],[-117.7106,38.70944],[-117.70989,38.70945],[-117.70963,38.70943],[-117.70806,38.70922],[-117.70757,38.70918],[-117.707,38.7092],[-117.70628,38.70931],[-117.70581,38.70936],[-117.70538,38.70938],[-117.70505,38.70936],[-117.704,38.70935],[-117.70362,38.70932],[-117.70327,38.70927],[-117.70222,38.70902],[-117.70071,38.70875],[-117.70046,38.70874],[-117.69943,38.70882],[-117.69919,38.70881],[-117.69823,38.70866],[-117.69783,38.70856],[-117.6974,38.70843],[-117.69727,38.70841],[-117.69693,38.7084],[-117.69638,38.70835],[-117.69617,38.70831],[-117.69601,38.70826],[-117.6958,38.70816],[-117.69532,38.70774],[-117.69506,38.7076],[-117.69429,38.70729],[-117.69368,38.70709],[-117.69289,38.70681],[-117.6923,38.70656],[-117.69153,38.70632],[-117.69112,38.70623],[-117.69083,38.70619],[-117.69006,38.70612],[-117.68982,38.70612],[-117.68941,38.70615],[-117.68903,38.70611],[-117.68856,38.70601],[-117.68748,38.70568],[-117.68686,38.70553],[-117.6862,38.70538],[-117.6858,38.70526],[-117.6854,38.70518],[-117.6843,38.70502],[-117.68339,38.70499],[-117.6827,38.70493],[-117.68179,38.70479],[-117.67989,38.70442],[-117.6793,38.70432],[-117.67797,38.70417],[-117.6768,38.70407],[-117.67633,38.70399],[-117.67606,38.70393],[-117.67496,38.70361],[-117.67472,38.70355],[-117.67193,38.70308],[-117.67176,38.70307],[-117.6711,38.70295],[-117.67074,38.7029],[-117.66912,38.70264],[-117.66876,38.70254],[-117.66851,38.70252],[-117.66705,38.70228],[-117.6668,38.70226],[-117.66579,38.7021],[-117.6656,38.70208],[-117.66108,38.70143],[-117.6592,38.70142],[-117.65771,38.70137],[-117.65687,38.70131],[-117.65563,38.70105],[-117.65527,38.70103],[-117.65477,38.70108],[-117.65452,38.70118],[-117.65387,38.70131],[-117.65369,38.70152],[-117.65359,38.70162],[-117.65361,38.70167],[-117.65357,38.70187],[-117.6534,38.70218],[-117.65337,38.70236],[-117.65337,38.70256],[-117.65328,38.7029],[-117.65308,38.7033],[-117.65279,38.70373],[-117.65261,38.70391],[-117.6522,38.70426],[-117.65169,38.70477],[-117.65112,38.70522],[-117.65087,38.70545],[-117.65049,38.70588],[-117.65011,38.70638],[-117.64991,38.7066],[-117.64972,38.70673],[-117.64926,38.70696],[-117.64894,38.70715],[-117.64876,38.70722],[-117.64863,38.70726],[-117.64851,38.70731],[-117.64844,38.70741],[-117.64818,38.70823],[-117.6479,38.70861],[-117.64755,38.7087],[-117.64747,38.70871],[-117.64713,38.70872],[-117.6469,38.70865],[-117.64652,38.70866],[-117.64626,38.70866],[-117.64599,38.70866],[-117.64568,38.70871],[-117.64531,38.70874],[-117.64486,38.70871],[-117.64461,38.70867],[-117.64442,38.70864],[-117.64431,38.70859],[-117.64396,38.7083],[-117.64349,38.70795],[-117.64319,38.70766],[-117.643,38.70754],[-117.64275,38.70741],[-117.64224,38.70739],[-117.64131,38.70706],[-117.64076,38.70696],[-117.64034,38.70706],[-117.63987,38.70723],[-117.63951,38.70722],[-117.63901,38.707],[-117.6386,38.70688],[-117.63755,38.70612],[-117.63751,38.70606],[-117.63706,38.7058],[-117.63642,38.70561],[-117.63592,38.70546],[-117.63573,38.70533],[-117.63564,38.7053],[-117.63541,38.70502],[-117.6352,38.70485],[-117.6339,38.70417],[-117.63357,38.70403],[-117.63305,38.70379],[-117.63239,38.70365],[-117.63212,38.70368],[-117.63179,38.70377],[-117.63118,38.70376],[-117.63014,38.70365],[-117.62936,38.70355],[-117.62844,38.70347],[-117.62813,38.70339],[-117.62786,38.70326],[-117.62727,38.70275],[-117.62708,38.70269],[-117.62683,38.70266],[-117.6266,38.70267],[-117.62613,38.70276],[-117.62581,38.70279],[-117.62562,38.70278],[-117.62512,38.7027],[-117.62498,38.70269],[-117.62441,38.70274],[-117.62394,38.70275],[-117.62344,38.70277],[-117.62296,38.70277],[-117.62262,38.7027],[-117.62244,38.7027],[-117.62234,38.70272],[-117.62187,38.7029],[-117.62124,38.70323],[-117.62082,38.70324],[-117.62053,38.70311],[-117.62045,38.70292],[-117.62032,38.70275],[-117.62014,38.70264],[-117.62002,38.70259],[-117.61987,38.70255],[-117.6191,38.70244],[-117.61797,38.70223],[-117.61781,38.70222],[-117.61748,38.70223],[-117.617,38.70226],[-117.61687,38.7023],[-117.6166,38.70242],[-117.61648,38.70245],[-117.61631,38.70245],[-117.61604,38.70241],[-117.6159,38.70242],[-117.6154,38.70257],[-117.61503,38.70266],[-117.61484,38.70269],[-117.61446,38.70282],[-117.61427,38.70285],[-117.61356,38.7029],[-117.613,38.70289],[-117.61273,38.70286],[-117.61252,38.70279],[-117.61241,38.70272],[-117.61231,38.70258],[-117.61228,38.7025],[-117.61223,38.70213],[-117.61218,38.70207],[-117.61209,38.70202],[-117.61176,38.70193],[-117.61152,38.70189],[-117.61101,38.70186],[-117.61063,38.70177],[-117.60986,38.70167],[-117.60968,38.70162],[-117.60951,38.70154],[-117.60943,38.70145],[-117.60942,38.70139],[-117.60943,38.70132],[-117.60956,38.70106],[-117.60956,38.70095],[-117.60938,38.70033],[-117.60935,38.70025],[-117.60924,38.7002],[-117.60914,38.70017],[-117.60765,38.70034],[-117.607,38.70021],[-117.6064,38.70028],[-117.60608,38.70039],[-117.60537,38.70055],[-117.60503,38.70062],[-117.60477,38.70067],[-117.60453,38.70079],[-117.60432,38.7008],[-117.60385,38.70078],[-117.6035,38.70078],[-117.6033,38.70083],[-117.60304,38.70101],[-117.60268,38.70111],[-117.60231,38.70116],[-117.60194,38.70109],[-117.60107,38.70098],[-117.60036,38.70094],[-117.60006,38.70099],[-117.59977,38.70101],[-117.59894,38.70094],[-117.59856,38.70092],[-117.59817,38.70102],[-117.59728,38.70129],[-117.59699,38.70128],[-117.59666,38.70138],[-117.59653,38.70149],[-117.5964,38.70157],[-117.59614,38.7016],[-117.59593,38.70157],[-117.59528,38.70168],[-117.59516,38.70178],[-117.5949,38.70177],[-117.59474,38.70175],[-117.59459,38.70184],[-117.59452,38.70214],[-117.59444,38.70228],[-117.59393,38.70235],[-117.59373,38.70229],[-117.5934,38.70207],[-117.593,38.70195],[-117.59204,38.70209],[-117.59125,38.70249],[-117.59093,38.7029],[-117.59077,38.70325],[-117.59064,38.70339],[-117.59042,38.70336],[-117.59011,38.70313],[-117.58978,38.70301],[-117.58928,38.70252],[-117.58878,38.7025],[-117.58834,38.70265],[-117.58737,38.70315],[-117.58689,38.70307],[-117.58666,38.70291],[-117.58645,38.70262],[-117.58642,38.70248],[-117.58636,38.7022],[-117.58616,38.70202],[-117.58566,38.70207],[-117.58532,38.70221],[-117.58473,38.70246],[-117.58411,38.70262],[-117.58268,38.70262],[-117.58222,38.70289],[-117.58116,38.70383],[-117.58038,38.70411],[-117.5788,38.70397],[-117.57792,38.70401],[-117.57672,38.70457],[-117.57559,38.70493],[-117.57518,38.7053],[-117.57428,38.70648],[-117.5742,38.70682],[-117.57428,38.70714],[-117.57445,38.70734],[-117.57465,38.70768],[-117.57476,38.70775],[-117.57491,38.70793],[-117.57495,38.70801],[-117.57493,38.70804],[-117.57489,38.70805],[-117.57478,38.70806],[-117.57467,38.70807],[-117.5745,38.70804],[-117.5744,38.70806],[-117.57435,38.70814],[-117.57442,38.70823],[-117.57452,38.70838],[-117.57456,38.70857],[-117.57467,38.70864],[-117.57479,38.70868],[-117.57493,38.70865],[-117.5753,38.70811],[-117.57556,38.70789],[-117.57568,38.70787],[-117.57581,38.70789],[-117.57626,38.70817],[-117.57654,38.70823],[-117.57718,38.70829],[-117.57731,38.70833],[-117.5775,38.70844],[-117.57765,38.70851],[-117.57784,38.70856],[-117.57791,38.7086],[-117.57816,38.70879],[-117.57842,38.70908],[-117.57871,38.70948],[-117.57886,38.70982],[-117.57887,38.71004],[-117.57881,38.71027],[-117.57874,38.71039],[-117.57867,38.71046],[-117.57857,38.71053],[-117.57815,38.71068],[-117.57805,38.71075],[-117.57802,38.71082],[-117.57802,38.71122],[-117.57801,38.71136],[-117.57794,38.7116],[-117.57801,38.71233]]}},{"type":"Feature","properties":{"name":"(unnamed public road)","road_class":"track","source":"OpenStreetMap","source_detail":"osm way 194574453","source_tile":"177/392","surface_inferred":true},"geometry":{"type":"LineString","coordinates":[[-117.61948,38.73622],[-117.6197,38.73632],[-117.62422,38.7373],[-117.62549,38.73758],[-117.62594,38.73769],[-117.62607,38.73773],[-117.62713,38.73806],[-117.62798,38.73856],[-117.6281,38.73872],[-117.62827,38.73893],[-117.62893,38.73927],[-117.631,38.74022],[-117.63154,38.7406],[-117.63314,38.74234],[-117.63428,38.74328],[-117.63659,38.74479],[-117.63884,38.74603],[-117.64042,38.74706],[-117.64126,38.74738],[-117.64389,38.74802],[-117.64682,38.74961],[-117.64695,38.74993],[-117.64819,38.75066],[-117.65029,38.75151],[-117.65164,38.75231],[-117.6524,38.75267],[-117.65485,38.75336],[-117.655,38.75344],[-117.65611,38.75405],[-117.65669,38.7548],[-117.65734,38.7551],[-117.65897,38.75561],[-117.66137,38.75652],[-117.66257,38.75684],[-117.66493,38.75769],[-117.66631,38.75796],[-117.66815,38.75812],[-117.66929,38.7584],[-117.67031,38.75899],[-117.6714,38.75986],[-117.67227,38.76044],[-117.6737,38.76121],[-117.67648,38.76289],[-117.67821,38.76405],[-117.68163,38.76598],[-117.68274,38.76644],[-117.68353,38.76664],[-117.68464,38.76712],[-117.6856,38.76776],[-117.68665,38.76868],[-117.68753,38.76966],[-117.68817,38.77058],[-117.68852,38.77124],[-117.68999,38.77266],[-117.69016,38.77293],[-117.69028,38.77344],[-117.69055,38.77363],[-117.69124,38.77379]]}},{"type":"Feature","properties":{"name":"(unnamed public road)","road_class":"track","source":"OpenStreetMap","source_detail":"osm way 657939473","source_tile":"177/392","surface_inferred":true},"geometry":{"type":"LineString","coordinates":[[-117.48549,38.7927],[-117.48558,38.79281],[-117.48617,38.79302],[-117.48654,38.79325],[-117.48724,38.79352],[-117.48835,38.79414],[-117.48861,38.79464],[-117.48965,38.79555],[-117.49065,38.79669],[-117.49193,38.79817],[-117.49379,38.79972],[-117.49463,38.80024],[-117.4964,38.80113],[-117.49905,38.80224],[-117.49968,38.80235],[-117.50054,38.80263],[-117.50119,38.80295],[-117.50158,38.80303]]}},{"type":"Feature","properties":{"name":"(unnamed public road)","road_class":"track","surface":"unpaved","source":"OpenStreetMap","source_detail":"osm way 788122426","source_tile":"177/393"},"geometry":{"type":"LineString","coordinates":[[-117.64161,38.5291],[-117.64288,38.52955],[-117.64328,38.52971],[-117.64347,38.52985],[-117.6435,38.52992],[-117.64369,38.53012],[-117.64397,38.53035],[-117.64415,38.53053],[-117.6443,38.53065],[-117.64543,38.53147],[-117.64586,38.53185],[-117.64632,38.53228],[-117.64657,38.53247],[-117.64678,38.53259],[-117.64702,38.53269],[-117.64737,38.53287],[-117.64749,38.5329],[-117.64762,38.53292],[-117.64851,38.53292],[-117.64942,38.53302],[-117.6498,38.53302],[-117.64987,38.53304],[-117.65016,38.53319],[-117.65124,38.53364],[-117.65153,38.53378],[-117.65165,38.53388],[-117.65178,38.53405],[-117.65194,38.53435],[-117.65199,38.53448],[-117.65205,38.53459],[-117.65232,38.53499],[-117.65257,38.53551],[-117.65279,38.53571],[-117.65334,38.53574],[-117.65361,38.53569],[-117.65449,38.53559],[-117.65509,38.53557],[-117.65599,38.53576],[-117.65654,38.53585],[-117.65677,38.53583],[-117.65742,38.53588],[-117.65766,38.53583],[-117.65782,38.53576],[-117.65793,38.5357],[-117.65809,38.53564],[-117.6583,38.53563],[-117.65842,38.53565],[-117.65879,38.53577],[-117.65904,38.53582],[-117.65947,38.53594],[-117.66014,38.53616],[-117.6603,38.53623],[-117.6604,38.53629],[-117.66081,38.53657],[-117.66105,38.53669],[-117.66172,38.5372],[-117.66231,38.5376],[-117.66257,38.53774],[-117.6628,38.5379],[-117.6632,38.53814],[-117.6633,38.53822],[-117.66358,38.5384],[-117.66374,38.53848],[-117.66384,38.53856],[-117.66423,38.53881],[-117.66467,38.53918],[-117.66511,38.5395],[-117.66545,38.53983],[-117.66557,38.53992],[-117.66586,38.5401],[-117.66644,38.54036],[-117.66659,38.54045],[-117.66714,38.54087],[-117.66727,38.54097],[-117.66793,38.54159],[-117.66799,38.54167],[-117.66831,38.54201],[-117.66847,38.54219],[-117.66871,38.54237],[-117.66882,38.54261],[-117.66913,38.54306],[-117.66932,38.54329],[-117.66938,38.54334],[-117.6696,38.54344],[-117.67002,38.54356],[-117.67027,38.54357],[-117.67054,38.5436],[-117.67126,38.54383],[-117.67166,38.54392],[-117.67205,38.54388],[-117.67278,38.54381],[-117.67395,38.54384],[-117.67474,38.54419],[-117.67519,38.54436],[-117.67538,38.5444],[-117.67588,38.54445],[-117.67602,38.54447],[-117.67628,38.54456],[-117.67665,38.54475],[-117.67718,38.54509],[-117.67756,38.54529],[-117.67765,38.5454],[-117.6777,38.54549],[-117.67786,38.5457],[-117.67792,38.54576],[-117.67816,38.54591],[-117.67832,38.54598],[-117.67847,38.54604],[-117.67909,38.54611],[-117.6797,38.54614],[-117.68051,38.54625],[-117.68094,38.54629],[-117.68126,38.54629],[-117.68207,38.54624],[-117.68236,38.54625],[-117.68255,38.54627],[-117.68367,38.54659],[-117.68555,38.54735],[-117.68588,38.54749],[-117.68591,38.54751],[-117.68667,38.54787],[-117.68688,38.54799],[-117.68702,38.54808],[-117.6872,38.54817],[-117.68868,38.54906],[-117.68946,38.54964],[-117.68973,38.54986],[-117.69001,38.55008],[-117.69019,38.55014],[-117.69026,38.55019],[-117.69037,38.55038],[-117.69051,38.55053],[-117.69123,38.55098],[-117.69186,38.5513]]}},{"type":"Feature","properties":{"name":"(unnamed public road)","road_class":"track","surface":"unpaved","source":"OpenStreetMap","source_detail":"osm way 788122434","source_tile":"177/393"},"geometry":{"type":"LineString","coordinates":[[-117.64148,38.55156],[-117.64084,38.55157],[-117.63989,38.55173],[-117.63891,38.55197],[-117.63822,38.55238],[-117.63784,38.55241],[-117.63703,38.55258],[-117.63468,38.55295],[-117.63446,38.55302],[-117.63317,38.55322],[-117.63281,38.55325],[-117.63257,38.55324],[-117.63246,38.55328],[-117.63233,38.55325],[-117.63227,38.55327],[-117.63153,38.55336],[-117.63086,38.5534],[-117.62909,38.55337],[-117.62851,38.55322],[-117.62749,38.55279],[-117.62425,38.55118],[-117.62352,38.5508],[-117.62283,38.55046],[-117.62264,38.5503],[-117.62229,38.54957],[-117.6223,38.54944],[-117.62198,38.54919],[-117.62154,38.54901],[-117.62094,38.54883],[-117.61929,38.54821],[-117.6191,38.54815],[-117.61792,38.54778],[-117.61728,38.54753],[-117.61679,38.54741],[-117.61645,38.54728],[-117.6162,38.54713],[-117.61572,38.54676],[-117.61439,38.54585],[-117.61418,38.54574],[-117.6138,38.54551],[-117.61359,38.54542],[-117.61327,38.5453],[-117.61287,38.54509],[-117.6126,38.54491],[-117.61193,38.54455],[-117.6112,38.54401],[-117.61108,38.54393],[-117.61094,38.54387],[-117.61054,38.54374],[-117.61023,38.54364],[-117.61002,38.54357],[-117.6099,38.54351],[-117.60945,38.54336],[-117.60904,38.54319],[-117.60864,38.54301],[-117.60833,38.54286],[-117.60815,38.54277],[-117.60771,38.54259],[-117.60744,38.54249],[-117.60721,38.54239],[-117.60664,38.54222],[-117.60621,38.54206],[-117.60573,38.54186],[-117.60509,38.54151],[-117.60435,38.54105],[-117.60387,38.54083],[-117.60369,38.54077],[-117.60327,38.54049],[-117.60315,38.54038],[-117.60287,38.54013],[-117.60246,38.53964],[-117.60149,38.53869],[-117.6007,38.53786],[-117.60038,38.53762],[-117.60008,38.53748],[-117.59984,38.53737],[-117.59969,38.53734],[-117.59913,38.53715]]}},{"type":"Feature","properties":{"name":"(unnamed public road)","road_class":"track","surface":"unpaved","source":"OpenStreetMap","source_detail":"osm way 788122440","source_tile":"177/392"},"geometry":{"type":"LineString","coordinates":[[-117.54521,38.54879],[-117.54536,38.54888],[-117.54578,38.54913],[-117.54605,38.54935],[-117.54624,38.54956],[-117.54632,38.54966],[-117.54647,38.54996],[-117.54657,38.55023],[-117.54667,38.55054],[-117.54667,38.55079],[-117.54663,38.55102],[-117.54666,38.55129],[-117.54682,38.55206],[-117.54691,38.55233],[-117.54704,38.55294],[-117.54704,38.55336],[-117.54698,38.55363],[-117.54697,38.55374],[-117.54696,38.55388],[-117.54687,38.55449],[-117.54675,38.55504],[-117.54674,38.55509],[-117.54653,38.55604],[-117.54642,38.55629],[-117.54632,38.55661],[-117.54623,38.55688],[-117.54614,38.5575],[-117.54603,38.55769],[-117.54602,38.55771],[-117.54591,38.5579],[-117.54591,38.55795],[-117.54595,38.55814],[-117.54593,38.55837],[-117.54567,38.55877]]}},{"type":"Feature","properties":{"name":"(unnamed public road)","road_class":"track","surface":"unpaved","source":"OpenStreetMap","source_detail":"osm way 788122447","source_tile":"177/393"},"geometry":{"type":"LineString","coordinates":[[-117.53643,38.54607],[-117.53644,38.54617],[-117.53651,38.54632],[-117.53749,38.54798],[-117.53761,38.54817],[-117.53842,38.54955],[-117.53887,38.55053],[-117.5394,38.55175],[-117.53944,38.55204],[-117.53936,38.55238],[-117.53925,38.55361],[-117.53937,38.55415],[-117.53987,38.55482],[-117.5401,38.55507],[-117.54096,38.5559],[-117.54133,38.55629],[-117.54151,38.55644],[-117.54184,38.55672],[-117.54246,38.55729],[-117.54252,38.55735],[-117.54261,38.55748],[-117.54275,38.5576],[-117.54291,38.55772],[-117.5434,38.55784],[-117.54378,38.55785]]}},{"type":"Feature","properties":{"name":"(unnamed public road)","road_class":"track","surface":"unpaved","source":"OpenStreetMap","source_detail":"osm way 788122449","source_tile":"177/392"},"geometry":{"type":"LineString","coordinates":[[-117.54851,38.54887],[-117.54838,38.54934],[-117.54837,38.54985],[-117.54847,38.55041],[-117.54835,38.55093],[-117.54839,38.55129],[-117.54872,38.55199],[-117.54879,38.55274],[-117.5492,38.55329],[-117.55029,38.55513],[-117.55067,38.55619],[-117.55174,38.5573],[-117.5526,38.5579],[-117.55363,38.55847],[-117.55535,38.55905],[-117.55579,38.55921],[-117.55665,38.55918],[-117.55702,38.55918],[-117.5573,38.55923],[-117.55763,38.55928],[-117.55778,38.55931],[-117.55818,38.55938],[-117.55902,38.55945],[-117.55976,38.55944],[-117.56003,38.55946],[-117.56096,38.55941],[-117.56177,38.5594],[-117.56215,38.55942],[-117.56325,38.55941],[-117.56405,38.55945],[-117.56419,38.55947],[-117.56442,38.55949],[-117.56459,38.55953],[-117.56482,38.55955],[-117.565,38.5596],[-117.5654,38.55966],[-117.56677,38.55996],[-117.56721,38.56002],[-117.56777,38.56013],[-117.5681,38.56014],[-117.56828,38.56014],[-117.56857,38.5602],[-117.56883,38.56029],[-117.569,38.56033],[-117.5692,38.5604],[-117.56942,38.56046],[-117.56959,38.56048],[-117.56983,38.56062],[-117.5701,38.5607],[-117.57048,38.56078],[-117.57108,38.56094],[-117.57196,38.56119],[-117.57284,38.56147],[-117.5737,38.56185],[-117.57456,38.56213],[-117.57574,38.56243]]}},{"type":"Feature","properties":{"name":"(unnamed public road)","road_class":"track","surface":"unpaved","source":"OpenStreetMap","source_detail":"osm way 788327582","source_tile":"177/392"},"geometry":{"type":"LineString","coordinates":[[-117.54308,38.55745],[-117.54343,38.55728],[-117.54352,38.55718],[-117.54366,38.55699],[-117.54379,38.55686],[-117.54426,38.55659],[-117.54474,38.55635],[-117.54516,38.55607],[-117.54554,38.55587],[-117.5458,38.55584],[-117.54596,38.55585],[-117.54622,38.55597],[-117.54642,38.55629]]}},{"type":"Feature","properties":{"name":"(unnamed public road)","road_class":"track","source":"OpenStreetMap","source_detail":"osm way 788327584","source_tile":"177/392","surface_inferred":true},"geometry":{"type":"LineString","coordinates":[[-117.54567,38.55877],[-117.54558,38.55926],[-117.54549,38.55939]]}},{"type":"Feature","properties":{"name":"(unnamed public road)","road_class":"track","surface":"unpaved","source":"OpenStreetMap","source_detail":"osm way 788327585","source_tile":"177/392"},"geometry":{"type":"LineString","coordinates":[[-117.54479,38.55869],[-117.54561,38.55875],[-117.54567,38.55877]]}},{"type":"Feature","properties":{"name":"(unnamed public road)","road_class":"track","surface":"unpaved","source":"OpenStreetMap","source_detail":"osm way 788327589","source_tile":"177/393"},"geometry":{"type":"LineString","coordinates":[[-117.51372,38.52879],[-117.51356,38.52893],[-117.51321,38.52946],[-117.51317,38.52956],[-117.51288,38.53004],[-117.5128,38.53013],[-117.51269,38.5303],[-117.51189,38.53177],[-117.51172,38.53206],[-117.51154,38.53238],[-117.51149,38.53247],[-117.51127,38.53282],[-117.51094,38.53342],[-117.51084,38.53355],[-117.51078,38.53366],[-117.51059,38.534],[-117.5101,38.53469],[-117.50975,38.53523],[-117.50848,38.53762],[-117.50824,38.53817],[-117.50795,38.53864],[-117.50765,38.53917],[-117.50717,38.53986],[-117.50669,38.5405],[-117.50643,38.54094],[-117.50605,38.54177],[-117.50573,38.54218],[-117.50564,38.54233],[-117.50558,38.54251],[-117.50557,38.54263],[-117.50552,38.54284],[-117.50533,38.54327],[-117.50524,38.54357],[-117.50515,38.54377],[-117.50503,38.54417],[-117.50482,38.54457],[-117.50466,38.54496],[-117.50434,38.54558],[-117.50411,38.54602],[-117.50382,38.54657],[-117.50367,38.54678],[-117.50349,38.54697],[-117.50335,38.54715],[-117.50326,38.5473],[-117.50318,38.54749],[-117.5031,38.54773],[-117.50294,38.54817],[-117.50224,38.54983],[-117.50209,38.55004],[-117.50203,38.55019],[-117.50181,38.55061],[-117.50118,38.55159],[-117.50111,38.55229],[-117.50095,38.55275],[-117.50089,38.55281],[-117.50071,38.55284],[-117.50063,38.55289],[-117.50058,38.55304],[-117.50047,38.55348],[-117.50045,38.55374],[-117.50048,38.55393],[-117.50062,38.5542],[-117.50074,38.55456],[-117.50083,38.55477],[-117.50095,38.55496],[-117.50102,38.55517],[-117.50102,38.55529],[-117.50098,38.55538],[-117.50065,38.55568],[-117.50056,38.55579],[-117.50048,38.55594],[-117.50048,38.55605],[-117.50052,38.55623],[-117.50054,38.55657],[-117.50054,38.5571],[-117.50058,38.55743],[-117.50063,38.55778],[-117.50063,38.55797],[-117.5006,38.55807],[-117.5004,38.55848],[-117.50022,38.55895],[-117.50016,38.55916],[-117.49992,38.55964],[-117.49983,38.55995],[-117.49974,38.56026],[-117.49973,38.56047],[-117.49983,38.56102],[-117.4998,38.56122],[-117.49969,38.56142],[-117.49934,38.56166],[-117.49913,38.56168],[-117.49883,38.56183],[-117.49877,38.56192],[-117.49877,38.56204],[-117.49882,38.56237],[-117.49887,38.56289],[-117.49895,38.56329],[-117.49894,38.56342],[-117.49888,38.56359],[-117.49888,38.56397],[-117.49893,38.56421],[-117.49909,38.56447],[-117.49921,38.56458],[-117.49949,38.56527],[-117.49958,38.56533]]}},{"type":"Feature","properties":{"name":"(unnamed public road)","road_class":"track","surface":"unpaved","source":"OpenStreetMap","source_detail":"osm way 788327590","source_tile":"177/392"},"geometry":{"type":"LineString","coordinates":[[-117.47916,38.57508],[-117.4792,38.57527],[-117.47915,38.57568],[-117.47921,38.5759],[-117.47923,38.57605],[-117.4793,38.57614],[-117.47939,38.57619],[-117.47948,38.57628],[-117.47957,38.57659],[-117.47964,38.57664],[-117.47974,38.57668],[-117.47992,38.57671],[-117.48007,38.57675],[-117.48014,38.57681],[-117.48028,38.57695],[-117.4805,38.5771],[-117.48076,38.57724],[-117.48103,38.57734],[-117.48135,38.57754],[-117.48142,38.57762],[-117.48145,38.57768],[-117.48146,38.57792],[-117.48148,38.57802],[-117.48161,38.57831],[-117.48165,38.57847],[-117.48165,38.57866],[-117.48158,38.57897],[-117.48157,38.57907],[-117.48161,38.57924],[-117.4817,38.57946],[-117.48172,38.57962],[-117.48156,38.58031],[-117.48149,38.58069],[-117.48144,38.58081],[-117.48118,38.58119],[-117.48103,38.58134],[-117.48092,38.58144],[-117.4808,38.58166],[-117.48076,38.58182],[-117.48069,38.58192],[-117.48049,38.58205],[-117.48043,38.58211],[-117.48039,38.58225],[-117.48038,38.58232],[-117.48022,38.58239],[-117.48001,38.58246],[-117.47996,38.58261]]}},{"type":"Feature","properties":{"name":"(unnamed public road)","road_class":"track","surface":"unpaved","source":"OpenStreetMap","source_detail":"osm way 788327592","source_tile":"177/393"},"geometry":{"type":"LineString","coordinates":[[-117.48334,38.50645],[-117.48333,38.50662],[-117.48322,38.50697],[-117.48306,38.50744],[-117.48279,38.50798],[-117.48265,38.50824],[-117.48262,38.50834],[-117.48244,38.50869],[-117.4823,38.50894],[-117.48213,38.50922],[-117.48186,38.50977],[-117.48173,38.51027],[-117.48144,38.51102],[-117.48126,38.51138],[-117.48115,38.51154],[-117.48095,38.5119],[-117.4807,38.51227],[-117.4798,38.51379],[-117.47949,38.51462],[-117.47905,38.51561],[-117.47867,38.51662],[-117.47852,38.51697],[-117.47836,38.51745],[-117.47827,38.51791],[-117.47825,38.51835],[-117.47819,38.51906],[-117.4782,38.51921],[-117.47828,38.51968],[-117.47831,38.52002],[-117.47836,38.52115],[-117.47835,38.52173],[-117.4784,38.52245],[-117.47839,38.52274],[-117.47831,38.52341],[-117.47832,38.52381],[-117.4783,38.52418],[-117.47831,38.5246],[-117.47835,38.52522],[-117.47832,38.52653],[-117.47834,38.52689],[-117.47837,38.52707],[-117.47839,38.52761],[-117.47834,38.52775],[-117.47812,38.52809],[-117.47807,38.52821],[-117.47804,38.52851],[-117.47804,38.52887],[-117.47803,38.529],[-117.478,38.52924],[-117.47793,38.52952],[-117.47784,38.52978],[-117.4777,38.53002],[-117.4777,38.53051],[-117.47765,38.53104],[-117.47764,38.53132],[-117.47763,38.53273],[-117.47768,38.53375],[-117.47763,38.53535],[-117.47769,38.53559],[-117.47773,38.53592],[-117.47772,38.53619],[-117.47765,38.53704],[-117.47763,38.53791],[-117.47761,38.53808],[-117.47748,38.53858],[-117.47751,38.53888],[-117.47753,38.53898],[-117.47743,38.53939],[-117.47745,38.5397],[-117.47754,38.54012],[-117.47748,38.54081],[-117.47747,38.54105],[-117.47755,38.54158],[-117.47751,38.54259],[-117.47744,38.54297],[-117.47742,38.54334],[-117.47731,38.54368],[-117.47721,38.54384],[-117.47676,38.54437],[-117.47666,38.54455],[-117.47667,38.54466],[-117.47675,38.54492],[-117.4768,38.54519],[-117.47717,38.54566],[-117.47725,38.5457],[-117.47721,38.54576],[-117.4772,38.54638],[-117.47719,38.54691],[-117.47727,38.54814],[-117.47738,38.54927],[-117.47738,38.54967],[-117.47744,38.54982],[-117.47747,38.55033],[-117.47745,38.5516],[-117.47754,38.55195],[-117.47773,38.55243],[-117.47768,38.55292],[-117.47768,38.55332],[-117.47766,38.55371],[-117.47767,38.55406],[-117.47764,38.55439],[-117.47766,38.55451],[-117.47773,38.5547],[-117.47774,38.55485],[-117.4777,38.555],[-117.47767,38.55523],[-117.47765,38.55561],[-117.47766,38.55606],[-117.4777,38.55632],[-117.4778,38.55662],[-117.47781,38.55673],[-117.47781,38.55707],[-117.47789,38.55759],[-117.47788,38.55804],[-117.47789,38.5582],[-117.47792,38.55831],[-117.47799,38.55847],[-117.47815,38.55873],[-117.47816,38.55878],[-117.47816,38.55895],[-117.47811,38.55946],[-117.47814,38.55971],[-117.47823,38.56002],[-117.47826,38.56017],[-117.47826,38.56072],[-117.47829,38.56114],[-117.47834,38.56128],[-117.47859,38.56163],[-117.47873,38.56178],[-117.47888,38.56191],[-117.47895,38.56199],[-117.47919,38.56268],[-117.4793,38.56287],[-117.47958,38.56327],[-117.47967,38.56344],[-117.47979,38.56384],[-117.47981,38.56444],[-117.4801,38.56493],[-117.48022,38.56539],[-117.48026,38.56577],[-117.48037,38.56604],[-117.4804,38.56616],[-117.48049,38.5668],[-117.48057,38.56721],[-117.48056,38.56735],[-117.4805,38.56768],[-117.48054,38.56828],[-117.48041,38.56876],[-117.48012,38.56949],[-117.48006,38.56969],[-117.48005,38.56975],[-117.48009,38.56985],[-117.48012,38.57002],[-117.48007,38.57025],[-117.47996,38.57064],[-117.47988,38.57108],[-117.47989,38.57122],[-117.47997,38.5716],[-117.47994,38.57178],[-117.4799,38.57195],[-117.47981,38.57224],[-117.4797,38.5724],[-117.47959,38.57263],[-117.47952,38.57284],[-117.47947,38.57303],[-117.47947,38.57312],[-117.47944,38.57322],[-117.47898,38.57383],[-117.47877,38.57417],[-117.47875,38.57425],[-117.4789,38.5744],[-117.47924,38.57475],[-117.47926,38.57485],[-117.47916,38.57508],[-117.47896,38.57527],[-117.47872,38.57542],[-117.47851,38.57549],[-117.47831,38.57561],[-117.47818,38.5758],[-117.47798,38.57606],[-117.47775,38.57624],[-117.47782,38.57636],[-117.47789,38.57645]]}},{"type":"Feature","properties":{"name":"(unnamed public road)","road_class":"track","surface":"unpaved","source":"OpenStreetMap","source_detail":"osm way 892160394","source_tile":"177/393"},"geometry":{"type":"LineString","coordinates":[[-117.65279,38.53571],[-117.65314,38.53597],[-117.65363,38.53642],[-117.65423,38.53711],[-117.65476,38.53762],[-117.65489,38.53775],[-117.65536,38.53813],[-117.65546,38.53824],[-117.65563,38.53846],[-117.65569,38.53861],[-117.65573,38.53896],[-117.65563,38.53917],[-117.65566,38.53927],[-117.65502,38.5402],[-117.65437,38.54099],[-117.65389,38.5414],[-117.65373,38.54172],[-117.6538,38.54241],[-117.654,38.54325],[-117.65426,38.54362],[-117.65431,38.54399],[-117.65428,38.54429],[-117.65417,38.54467],[-117.654,38.54503],[-117.654,38.54528],[-117.65409,38.5455],[-117.65405,38.54607],[-117.65389,38.54636],[-117.65375,38.5465],[-117.65342,38.54676],[-117.6532,38.54714],[-117.65321,38.54722],[-117.65353,38.54782],[-117.65355,38.54813],[-117.65342,38.54858],[-117.65342,38.54921],[-117.65401,38.55044],[-117.6544,38.55099],[-117.65451,38.5512],[-117.65469,38.55186],[-117.65472,38.55232],[-117.65467,38.55263],[-117.65499,38.55345],[-117.65484,38.55364],[-117.65406,38.55411],[-117.65338,38.55446],[-117.65292,38.5551],[-117.65239,38.55606],[-117.6522,38.55626],[-117.6518,38.55654]]}},{"type":"Feature","properties":{"name":"(unnamed public road)","road_class":"track","surface":"unpaved","source":"OpenStreetMap","source_detail":"osm way 892160395","source_tile":"177/392"},"geometry":{"type":"LineString","coordinates":[[-117.65499,38.55345],[-117.65521,38.55387],[-117.65548,38.55425],[-117.6557,38.5548],[-117.65587,38.5551],[-117.65602,38.55542],[-117.65618,38.55562],[-117.65631,38.55584],[-117.65634,38.55593],[-117.65616,38.55613],[-117.65575,38.55643],[-117.65553,38.55663],[-117.65528,38.55704],[-117.65496,38.55747],[-117.65464,38.55769]]}},{"type":"Feature","properties":{"name":"(unnamed public road)","road_class":"track","surface":"unpaved","source":"OpenStreetMap","source_detail":"osm way 892160398","source_tile":"177/393"},"geometry":{"type":"LineString","coordinates":[[-117.67388,38.55799],[-117.67412,38.55791],[-117.67474,38.55772],[-117.67521,38.55758],[-117.67593,38.55743],[-117.67626,38.55738],[-117.67664,38.55733],[-117.6769,38.55729],[-117.6771,38.55725],[-117.67757,38.55708],[-117.67859,38.55678],[-117.67883,38.55669],[-117.67912,38.55656],[-117.67941,38.55644],[-117.67961,38.55639],[-117.68004,38.55633],[-117.68044,38.55623],[-117.68123,38.55593],[-117.68263,38.55535],[-117.68309,38.55513],[-117.68355,38.55486],[-117.68383,38.55471],[-117.68494,38.55405],[-117.68596,38.55347],[-117.68642,38.5532],[-117.68678,38.553],[-117.68697,38.55292],[-117.68752,38.5527],[-117.68878,38.55226],[-117.68913,38.55214],[-117.68928,38.55211],[-117.68941,38.55209],[-117.68993,38.55205],[-117.69026,38.552],[-117.69041,38.55196],[-117.69064,38.55189],[-117.69086,38.5518],[-117.69115,38.55166],[-117.69149,38.55147],[-117.69186,38.5513],[-117.69194,38.55127],[-117.69222,38.55117],[-117.69239,38.55113],[-117.69332,38.55093],[-117.69363,38.55083],[-117.69391,38.55069],[-117.6941,38.55063],[-117.69516,38.55042],[-117.69535,38.55037],[-117.69563,38.55023],[-117.69579,38.55018],[-117.69604,38.55012],[-117.69625,38.5501],[-117.6965,38.55008],[-117.69698,38.55007],[-117.69706,38.55007],[-117.69721,38.55011],[-117.6974,38.55019],[-117.69792,38.55041],[-117.69801,38.55048],[-117.69823,38.55075],[-117.69841,38.55087],[-117.69858,38.55094],[-117.69871,38.55096],[-117.69905,38.55099],[-117.69942,38.55099],[-117.70032,38.55098],[-117.70058,38.551],[-117.70068,38.551],[-117.701,38.55096],[-117.70146,38.55094],[-117.70174,38.55092],[-117.70193,38.55091],[-117.70246,38.55087],[-117.70278,38.55082],[-117.70305,38.55076],[-117.70312,38.55072],[-117.7034,38.55049],[-117.70348,38.55044],[-117.70363,38.55036],[-117.70443,38.54993],[-117.70459,38.54982],[-117.70465,38.54976],[-117.70483,38.54954],[-117.70508,38.54932],[-117.70532,38.54915],[-117.70554,38.54903],[-117.70568,38.54896],[-117.7058,38.54892],[-117.70607,38.54885],[-117.70676,38.54871],[-117.70697,38.54868],[-117.70733,38.54864],[-117.70776,38.54862],[-117.70804,38.54862],[-117.70866,38.54864],[-117.70914,38.5487],[-117.70936,38.54874],[-117.70948,38.54877],[-117.7097,38.5488],[-117.7099,38.54879],[-117.71005,38.54875],[-117.7102,38.5487],[-117.71036,38.54864],[-117.71092,38.54845],[-117.71148,38.54828],[-117.71171,38.54821],[-117.71189,38.54813],[-117.71209,38.54803],[-117.71236,38.54784],[-117.713,38.54731],[-117.71317,38.54719],[-117.71338,38.54708],[-117.71347,38.54704],[-117.71362,38.54699],[-117.7138,38.54696],[-117.71395,38.54695],[-117.71456,38.54692],[-117.71533,38.54683],[-117.71569,38.54681],[-117.71612,38.5468],[-117.71647,38.54679],[-117.7168,38.54678],[-117.71716,38.54673],[-117.71734,38.54669],[-117.71754,38.54664],[-117.71773,38.54652],[-117.71787,38.54645],[-117.71807,38.54635],[-117.71835,38.54626],[-117.71874,38.54616],[-117.71913,38.54605],[-117.71947,38.54594],[-117.71967,38.54588],[-117.71985,38.54587],[-117.71997,38.54586],[-117.72044,38.54587],[-117.72064,38.54586],[-117.72093,38.54579],[-117.72102,38.54576],[-117.72165,38.54548],[-117.72226,38.54525],[-117.72325,38.5448],[-117.72341,38.54474],[-117.72343,38.54473],[-117.72375,38.54463],[-117.72435,38.54449],[-117.72485,38.54435],[-117.72499,38.54433],[-117.72536,38.54429],[-117.72628,38.54411],[-117.72659,38.54404],[-117.72726,38.54381],[-117.72757,38.54368],[-117.72783,38.54359],[-117.72816,38.5435],[-117.72903,38.54335],[-117.72995,38.54325],[-117.73035,38.54317],[-117.73061,38.54314],[-117.73152,38.54306],[-117.73186,38.54301],[-117.73218,38.54294],[-117.7325,38.54283],[-117.73282,38.54271],[-117.7335,38.54251],[-117.73447,38.54224],[-117.73466,38.54218],[-117.73482,38.54212],[-117.73511,38.54198],[-117.73541,38.54186],[-117.73574,38.54174],[-117.73612,38.54163],[-117.73652,38.54152],[-117.73687,38.54145],[-117.73707,38.54143],[-117.73771,38.54138],[-117.73823,38.54132],[-117.7387,38.54124],[-117.73881,38.54121],[-117.73898,38.54115],[-117.73942,38.54094],[-117.73965,38.5408],[-117.74004,38.54049],[-117.74021,38.54038],[-117.74034,38.54031],[-117.74051,38.54027],[-117.74071,38.54024],[-117.74096,38.54018],[-117.74109,38.54014],[-117.74126,38.54007],[-117.74141,38.54002],[-117.74161,38.54002],[-117.74167,38.54],[-117.7421,38.53982],[-117.74253,38.53973],[-117.74382,38.53952],[-117.74463,38.53936],[-117.74531,38.53931],[-117.74664,38.53922],[-117.7468,38.53921],[-117.74848,38.53902],[-117.74947,38.53899],[-117.75101,38.5388],[-117.75245,38.53863],[-117.75495,38.53823],[-117.75546,38.53789],[-117.75562,38.53784],[-117.75623,38.53783],[-117.75673,38.53784],[-117.75704,38.53783],[-117.75755,38.53784],[-117.75798,38.53786],[-117.75913,38.53791],[-117.75987,38.53796],[-117.76044,38.538],[-117.76083,38.53802],[-117.76119,38.538],[-117.76155,38.53796],[-117.76173,38.53793],[-117.76206,38.53786],[-117.76236,38.53777],[-117.76251,38.53771],[-117.76253,38.5377],[-117.76266,38.53764],[-117.76281,38.53753],[-117.76291,38.53743],[-117.76318,38.53716]]}},{"type":"Feature","properties":{"name":"(unnamed public road)","road_class":"track","surface":"unpaved","source":"OpenStreetMap","source_detail":"osm way 950274523","source_tile":"177/392"},"geometry":{"type":"LineString","coordinates":[[-117.57423,38.82073],[-117.57449,38.82063],[-117.5746,38.82049],[-117.57465,38.82042],[-117.57473,38.82037],[-117.57518,38.81991],[-117.57535,38.81965],[-117.57566,38.81947],[-117.57602,38.8194]]}},{"type":"Feature","properties":{"name":"(unnamed public road)","road_class":"track","surface":"unpaved","source":"OpenStreetMap","source_detail":"osm way 950274524","source_tile":"177/392"},"geometry":{"type":"LineString","coordinates":[[-117.55223,38.81797],[-117.55231,38.81789],[-117.55252,38.81772],[-117.55293,38.81752],[-117.55312,38.81737],[-117.55329,38.81722],[-117.55345,38.81718],[-117.55381,38.81709],[-117.55397,38.81699],[-117.55412,38.81696],[-117.55438,38.81693],[-117.55446,38.81678],[-117.55449,38.81662],[-117.5546,38.81648],[-117.55488,38.81632],[-117.55506,38.81614],[-117.55523,38.81605],[-117.55564,38.81589],[-117.55616,38.81571],[-117.55639,38.81563],[-117.5571,38.81518],[-117.55744,38.815],[-117.55757,38.8149],[-117.55793,38.81452],[-117.55816,38.81425],[-117.55842,38.81404],[-117.5587,38.8139],[-117.55907,38.81375],[-117.55935,38.8136],[-117.55957,38.8136],[-117.55983,38.81366],[-117.56003,38.81366],[-117.56024,38.81355],[-117.56072,38.81341],[-117.56104,38.81328],[-117.56129,38.81313],[-117.56143,38.81309],[-117.56153,38.81302],[-117.56175,38.81279],[-117.56213,38.81257],[-117.56235,38.81243],[-117.5627,38.81214],[-117.56288,38.81201],[-117.56302,38.81194],[-117.56326,38.81186],[-117.56339,38.81186],[-117.5638,38.81191],[-117.56411,38.81201],[-117.56477,38.81244],[-117.56522,38.81276],[-117.56538,38.81292],[-117.56563,38.81333],[-117.56576,38.81367],[-117.56586,38.81385],[-117.56591,38.81429],[-117.56617,38.81477],[-117.56624,38.81488],[-117.56631,38.8151],[-117.56661,38.81546],[-117.56673,38.81555],[-117.5673,38.81589],[-117.56756,38.81599],[-117.56772,38.81603],[-117.56782,38.81603],[-117.56795,38.81601],[-117.56851,38.81599],[-117.56877,38.81595],[-117.56921,38.81574],[-117.56987,38.81539],[-117.57008,38.81531],[-117.57023,38.81529],[-117.57039,38.81529],[-117.571,38.81539],[-117.5711,38.81542],[-117.5712,38.81552],[-117.57134,38.81576],[-117.57141,38.81583],[-117.57156,38.81597],[-117.57174,38.81605],[-117.5726,38.81673],[-117.57267,38.81684],[-117.57273,38.8171],[-117.57281,38.81724],[-117.57323,38.81764],[-117.57364,38.81808],[-117.57441,38.81872],[-117.57466,38.81898]]}},{"type":"Feature","properties":{"name":"(unnamed public road)","road_class":"track","source":"OpenStreetMap","source_detail":"osm way 950274526","source_tile":"177/392","surface_inferred":true},"geometry":{"type":"LineString","coordinates":[[-117.5746,38.81966],[-117.57478,38.81953],[-117.57495,38.81944],[-117.57508,38.8193],[-117.57528,38.81915],[-117.57542,38.81913],[-117.57561,38.81921]]}},{"type":"Feature","properties":{"name":"(unnamed public road)","road_class":"track","surface":"unpaved","source":"OpenStreetMap","source_detail":"osm way 950274527","source_tile":"177/392"},"geometry":{"type":"LineString","coordinates":[[-117.57518,38.81844],[-117.57535,38.81842],[-117.57552,38.81839],[-117.57555,38.8183],[-117.57557,38.81809],[-117.57547,38.81802],[-117.57532,38.81802],[-117.5751,38.81802],[-117.57476,38.81801],[-117.57462,38.81788],[-117.57456,38.81774],[-117.57452,38.81744],[-117.57453,38.81735],[-117.57461,38.81713],[-117.57477,38.81682],[-117.57486,38.81649],[-117.57484,38.81637],[-117.57475,38.81624],[-117.57473,38.81614],[-117.57491,38.81522],[-117.57494,38.81512],[-117.57503,38.81501],[-117.57514,38.81492],[-117.57548,38.81474],[-117.57554,38.81468],[-117.57564,38.81462],[-117.5758,38.81447],[-117.57594,38.81437],[-117.57602,38.81435],[-117.57621,38.81433],[-117.57625,38.81431],[-117.57649,38.81412],[-117.57658,38.8139],[-117.57668,38.81378],[-117.5768,38.81369],[-117.57687,38.81366],[-117.57726,38.81343],[-117.57757,38.8133],[-117.57763,38.81323],[-117.57768,38.81303],[-117.57777,38.81252],[-117.57793,38.81227],[-117.57789,38.8122],[-117.57782,38.81217],[-117.5775,38.81219],[-117.57739,38.81216],[-117.57736,38.81212],[-117.57782,38.81188],[-117.57802,38.81183],[-117.57817,38.81181],[-117.57834,38.81184],[-117.57868,38.81196],[-117.57902,38.81202],[-117.57945,38.81201],[-117.57985,38.81211],[-117.58001,38.81219]]}},{"type":"Feature","properties":{"name":"(unnamed public road)","road_class":"track","surface":"unpaved","source":"OpenStreetMap","source_detail":"osm way 950274528","source_tile":"177/392"},"geometry":{"type":"LineString","coordinates":[[-117.58912,38.82066],[-117.58896,38.82077],[-117.58843,38.82088],[-117.58848,38.82079],[-117.58871,38.82063],[-117.58906,38.8204],[-117.58885,38.82035],[-117.58852,38.82035],[-117.58826,38.8204],[-117.58854,38.82008],[-117.5888,38.8199],[-117.58912,38.81974],[-117.58936,38.81962],[-117.58944,38.81944],[-117.58944,38.81918],[-117.58939,38.81879],[-117.58931,38.81863],[-117.58886,38.81828],[-117.58874,38.81815],[-117.58857,38.81807]]}},{"type":"Feature","properties":{"name":"(unnamed public road)","road_class":"track","surface":"unpaved","source":"OpenStreetMap","source_detail":"osm way 950274529","source_tile":"177/392"},"geometry":{"type":"LineString","coordinates":[[-117.59135,38.819],[-117.59144,38.81879],[-117.5913,38.81849],[-117.59119,38.81807],[-117.59097,38.81749],[-117.59098,38.81736],[-117.59105,38.81724],[-117.59107,38.81716],[-117.59107,38.81694],[-117.59098,38.81678],[-117.59078,38.81655],[-117.59059,38.81624],[-117.59037,38.81607]]}},{"type":"Feature","properties":{"name":"(unnamed public road)","road_class":"track","source":"OpenStreetMap","source_detail":"osm way 950279398","source_tile":"177/392","surface_inferred":true},"geometry":{"type":"LineString","coordinates":[[-117.57358,38.82157],[-117.5741,38.82145],[-117.57449,38.82114],[-117.57476,38.82098]]}},{"type":"Feature","properties":{"name":"(unnamed public road)","road_class":"track","source":"OpenStreetMap","source_detail":"osm way 950279399","source_tile":"177/392","surface_inferred":true},"geometry":{"type":"LineString","coordinates":[[-117.57294,38.82232],[-117.57339,38.82223],[-117.57375,38.8221],[-117.57391,38.82195],[-117.57439,38.82171],[-117.57465,38.82154],[-117.57491,38.82132],[-117.57496,38.82098],[-117.57507,38.8208],[-117.57522,38.82069],[-117.57525,38.82056],[-117.57531,38.82028]]}},{"type":"Feature","properties":{"name":"(unnamed public road)","road_class":"track","source":"OpenStreetMap","source_detail":"osm way 950279402","source_tile":"177/392","surface_inferred":true},"geometry":{"type":"LineString","coordinates":[[-117.5768,38.81369],[-117.57703,38.8138],[-117.57725,38.81418],[-117.57736,38.8146],[-117.57739,38.81485],[-117.57723,38.81518],[-117.57699,38.8155],[-117.57692,38.81576],[-117.57689,38.81604]]}},{"type":"Feature","properties":{"name":"(unnamed public road)","road_class":"track","surface":"unpaved","source":"OpenStreetMap","source_detail":"osm way 950279403","source_tile":"177/392"},"geometry":{"type":"LineString","coordinates":[[-117.60283,38.80996],[-117.60296,38.80996],[-117.60304,38.80993],[-117.60344,38.80949],[-117.60355,38.80946],[-117.60368,38.80948],[-117.60379,38.80954],[-117.60383,38.80959],[-117.6039,38.80981],[-117.60397,38.80993],[-117.60401,38.80997],[-117.60433,38.81016],[-117.60445,38.81026],[-117.60463,38.81046],[-117.60471,38.81058],[-117.60477,38.81064],[-117.60521,38.81081],[-117.60568,38.81103],[-117.60638,38.81127],[-117.60673,38.81123],[-117.60693,38.81116],[-117.60733,38.8109],[-117.60754,38.8108],[-117.6079,38.81069],[-117.60804,38.81061],[-117.60811,38.81059]]}},{"type":"Feature","properties":{"name":"(unnamed public road)","road_class":"track","surface":"unpaved","source":"OpenStreetMap","source_detail":"osm way 950279404","source_tile":"177/392"},"geometry":{"type":"LineString","coordinates":[[-117.60778,38.81143],[-117.6077,38.81136],[-117.6074,38.81097],[-117.60733,38.8109]]}},{"type":"Feature","properties":{"name":"(unnamed public road)","road_class":"track","surface":"unpaved","source":"OpenStreetMap","source_detail":"osm way 950279405","source_tile":"177/392"},"geometry":{"type":"LineString","coordinates":[[-117.60398,38.81433],[-117.60413,38.8141],[-117.60437,38.81398],[-117.60462,38.81392],[-117.6048,38.81382],[-117.60536,38.81342],[-117.60566,38.81323],[-117.60657,38.81248],[-117.60776,38.81172]]}},{"type":"Feature","properties":{"name":"(unnamed public road)","road_class":"track","surface":"unpaved","source":"OpenStreetMap","source_detail":"osm way 950279406","source_tile":"177/392"},"geometry":{"type":"LineString","coordinates":[[-117.60838,38.80931],[-117.60775,38.80862],[-117.60753,38.8082],[-117.60743,38.80782],[-117.60717,38.80722],[-117.60679,38.80664],[-117.60627,38.80624],[-117.60612,38.80617],[-117.60587,38.80594],[-117.60561,38.80587],[-117.60537,38.80587],[-117.60505,38.80591],[-117.60494,38.80589],[-117.60482,38.80584],[-117.60454,38.80562],[-117.60432,38.80534],[-117.60424,38.80526],[-117.60401,38.80507],[-117.60388,38.80499],[-117.60374,38.80485],[-117.60367,38.80466],[-117.60348,38.80422],[-117.60351,38.80404],[-117.6036,38.80379],[-117.60361,38.8037],[-117.60348,38.80282],[-117.60347,38.80256],[-117.60345,38.80248],[-117.60331,38.80229],[-117.60304,38.80208],[-117.60283,38.80186],[-117.60262,38.8014],[-117.60231,38.801],[-117.60217,38.80078],[-117.60195,38.80049],[-117.60196,38.80039],[-117.60176,38.80001],[-117.60168,38.7998],[-117.60142,38.79961],[-117.60129,38.79956],[-117.6012,38.79957],[-117.60106,38.79961],[-117.60092,38.79958],[-117.60076,38.7994],[-117.60048,38.7992],[-117.60039,38.79919],[-117.60024,38.79922],[-117.59985,38.7992],[-117.59975,38.79914],[-117.59961,38.79893],[-117.59953,38.79889],[-117.59934,38.79885],[-117.59924,38.79885],[-117.59886,38.79879],[-117.59873,38.7988],[-117.59861,38.7989],[-117.59859,38.79907],[-117.59856,38.79912],[-117.59849,38.7992],[-117.59829,38.79931],[-117.59812,38.79935],[-117.59766,38.79935]]}},{"type":"Feature","properties":{"name":"(unnamed public road)","road_class":"track","surface":"unpaved","source":"OpenStreetMap","source_detail":"osm way 950279407","source_tile":"177/392"},"geometry":{"type":"LineString","coordinates":[[-117.60612,38.80617],[-117.60584,38.8063],[-117.60573,38.80631],[-117.60561,38.80627],[-117.60545,38.80616],[-117.60535,38.80614],[-117.60475,38.80614],[-117.60402,38.80606],[-117.60331,38.80605],[-117.60326,38.80606],[-117.60321,38.80609],[-117.60318,38.80617],[-117.60321,38.80635],[-117.60332,38.80652]]}},{"type":"Feature","properties":{"name":"(unnamed public road)","road_class":"track","surface":"unpaved","source":"OpenStreetMap","source_detail":"osm way 950279408","source_tile":"177/392"},"geometry":{"type":"LineString","coordinates":[[-117.60925,38.78847],[-117.60948,38.78859],[-117.61044,38.78898]]}},{"type":"Feature","properties":{"name":"(unnamed public road)","road_class":"track","surface":"unpaved","source":"OpenStreetMap","source_detail":"osm way 950279409","source_tile":"177/392"},"geometry":{"type":"LineString","coordinates":[[-117.60211,38.79023],[-117.60291,38.79026],[-117.60337,38.79021],[-117.60366,38.79013],[-117.60382,38.79013],[-117.60408,38.79017],[-117.60438,38.79017],[-117.60537,38.79048],[-117.60541,38.79052],[-117.60561,38.79063],[-117.60599,38.79078],[-117.60644,38.7908],[-117.6066,38.79085],[-117.60688,38.79087],[-117.60711,38.79086],[-117.60727,38.79089],[-117.60775,38.79102],[-117.60812,38.79108],[-117.60839,38.7911],[-117.6085,38.79111],[-117.60856,38.79114],[-117.60885,38.79118],[-117.60946,38.79116],[-117.60974,38.7912],[-117.61046,38.79155],[-117.61085,38.79177]]}},{"type":"Feature","properties":{"name":"(unnamed public road)","road_class":"track","surface":"unpaved","source":"OpenStreetMap","source_detail":"osm way 950279410","source_tile":"177/392"},"geometry":{"type":"LineString","coordinates":[[-117.60817,38.77159],[-117.60811,38.77157],[-117.60796,38.77057],[-117.60796,38.76992],[-117.60788,38.76962],[-117.60782,38.76927],[-117.60776,38.76912],[-117.60757,38.76872],[-117.60748,38.76859],[-117.60733,38.7684],[-117.60727,38.76828],[-117.60725,38.76812],[-117.60719,38.76792],[-117.60716,38.76748],[-117.60701,38.76709],[-117.60673,38.76605],[-117.60655,38.76566]]}},{"type":"Feature","properties":{"name":"(unnamed public road)","road_class":"track","surface":"unpaved","source":"OpenStreetMap","source_detail":"osm way 950279411","source_tile":"177/392"},"geometry":{"type":"LineString","coordinates":[[-117.61051,38.76518],[-117.60839,38.76546],[-117.60817,38.76554],[-117.60805,38.76555],[-117.60787,38.7655],[-117.60772,38.76543],[-117.60747,38.76536],[-117.60733,38.76531],[-117.60708,38.76517],[-117.60678,38.7651],[-117.60646,38.76496],[-117.60615,38.7649],[-117.60579,38.76493],[-117.60559,38.76489],[-117.60536,38.76476],[-117.60527,38.76475],[-117.60517,38.76475],[-117.60507,38.76474],[-117.60502,38.76473],[-117.60501,38.76471],[-117.60499,38.76469],[-117.60498,38.76467],[-117.60503,38.76459],[-117.60504,38.76459],[-117.60508,38.76459],[-117.60514,38.76461],[-117.60521,38.76463],[-117.60536,38.76476]]}},{"type":"Feature","properties":{"name":"(unnamed public road)","road_class":"track","source":"OpenStreetMap","source_detail":"osm way 950279412","source_tile":"177/392","surface_inferred":true},"geometry":{"type":"LineString","coordinates":[[-117.6281,38.73872],[-117.62804,38.73891]]}},{"type":"Feature","properties":{"name":"(unnamed public road)","road_class":"track","surface":"unpaved","source":"OpenStreetMap","source_detail":"osm way 950279413","source_tile":"177/392"},"geometry":{"type":"LineString","coordinates":[[-117.59979,38.73035],[-117.59983,38.73042],[-117.60005,38.73063],[-117.60034,38.73086],[-117.60039,38.73095],[-117.60048,38.73103],[-117.60062,38.73111],[-117.60086,38.7312],[-117.60093,38.73125],[-117.60115,38.73134],[-117.60134,38.73144],[-117.6014,38.73149],[-117.60155,38.73171],[-117.60167,38.73183],[-117.60188,38.73189],[-117.60227,38.73206],[-117.60246,38.73217],[-117.60271,38.73237],[-117.60286,38.73248],[-117.6032,38.73265],[-117.60332,38.73269],[-117.60366,38.73274],[-117.60391,38.73273],[-117.60423,38.73278],[-117.60434,38.73283],[-117.60457,38.73302],[-117.60465,38.73307],[-117.60526,38.73333],[-117.60586,38.73343],[-117.60642,38.73355],[-117.60674,38.73367],[-117.60703,38.73389],[-117.60764,38.73412],[-117.60798,38.73421],[-117.60831,38.73433],[-117.60863,38.73442],[-117.60902,38.73447],[-117.60922,38.73451],[-117.60956,38.73458],[-117.60977,38.73467],[-117.61034,38.73473],[-117.6108,38.73473],[-117.6111,38.73476],[-117.61177,38.73468],[-117.6119,38.73468],[-117.61215,38.73471],[-117.61238,38.73468],[-117.61277,38.73466],[-117.61329,38.73475],[-117.61397,38.73493],[-117.6142,38.73496],[-117.61508,38.73491],[-117.61547,38.73488],[-117.61574,38.73497],[-117.61579,38.73499],[-117.61585,38.73505],[-117.61592,38.73518],[-117.61604,38.73525],[-117.61627,38.7353],[-117.61651,38.73531],[-117.61697,38.73541],[-117.61735,38.73545],[-117.61748,38.73547],[-117.61901,38.73612],[-117.61948,38.73622]]}},{"type":"Feature","properties":{"name":"(unnamed public road)","road_class":"track","surface":"unpaved","source":"OpenStreetMap","source_detail":"osm way 950279414","source_tile":"177/392"},"geometry":{"type":"LineString","coordinates":[[-117.62684,38.72961],[-117.62676,38.72954],[-117.62605,38.72898],[-117.62587,38.72877],[-117.6256,38.72853],[-117.62555,38.72845],[-117.62533,38.72828],[-117.62517,38.72818],[-117.62499,38.72807],[-117.62478,38.72787],[-117.62436,38.72741],[-117.62431,38.72737],[-117.62409,38.72719],[-117.62358,38.72691],[-117.62352,38.72688],[-117.62334,38.72682],[-117.62318,38.7268],[-117.62293,38.7268],[-117.62181,38.72683]]}},{"type":"Feature","properties":{"name":"(unnamed public road)","road_class":"track","surface":"unpaved","source":"OpenStreetMap","source_detail":"osm way 950279415","source_tile":"177/392"},"geometry":{"type":"LineString","coordinates":[[-117.61329,38.69702],[-117.61355,38.69745],[-117.61344,38.69772],[-117.6132,38.69794],[-117.61283,38.69812],[-117.61245,38.69822],[-117.6118,38.69849],[-117.61144,38.69857],[-117.61101,38.69851],[-117.61028,38.69851],[-117.60985,38.69838],[-117.60936,38.69844],[-117.60881,38.69871],[-117.60827,38.69925],[-117.60718,38.69987],[-117.607,38.70021]]}},{"type":"Feature","properties":{"name":"(unnamed public road)","road_class":"track","surface":"unpaved","source":"OpenStreetMap","source_detail":"osm way 950279416","source_tile":"177/392"},"geometry":{"type":"LineString","coordinates":[[-117.57644,38.71035],[-117.57627,38.71029],[-117.57613,38.71017],[-117.57607,38.71005],[-117.57603,38.70982],[-117.57603,38.70962],[-117.5761,38.70937],[-117.57628,38.70897],[-117.57626,38.70817]]}},{"type":"Feature","properties":{"name":"(unnamed public road)","road_class":"track","surface":"unpaved","source":"OpenStreetMap","source_detail":"osm way 950279417","source_tile":"177/392"},"geometry":{"type":"LineString","coordinates":[[-117.631,38.74022],[-117.63163,38.7404],[-117.63211,38.74056],[-117.63347,38.74085],[-117.63403,38.74089],[-117.63504,38.74107],[-117.63559,38.74114],[-117.6369,38.74136],[-117.63816,38.74151],[-117.63917,38.74169],[-117.64046,38.74204],[-117.64157,38.74235],[-117.64182,38.74243],[-117.64268,38.74289],[-117.64318,38.74309],[-117.64378,38.74347],[-117.64434,38.74377],[-117.64497,38.74405],[-117.64549,38.74431],[-117.64578,38.74442],[-117.64622,38.74451],[-117.64683,38.7447],[-117.6476,38.7449],[-117.64801,38.74503],[-117.64873,38.74519],[-117.64946,38.74537],[-117.65047,38.74556],[-117.65123,38.74564],[-117.65188,38.7457],[-117.65316,38.74598],[-117.65423,38.74618],[-117.65498,38.74622],[-117.65548,38.74622],[-117.65561,38.74624],[-117.65597,38.74623],[-117.65629,38.74625],[-117.6578,38.74625],[-117.65863,38.74626],[-117.65957,38.74631],[-117.65987,38.74635],[-117.66064,38.74649],[-117.66088,38.74651],[-117.66204,38.74654],[-117.66289,38.74653],[-117.6637,38.74658],[-117.66507,38.74671],[-117.6666,38.74695],[-117.66735,38.74702],[-117.66801,38.74711],[-117.66941,38.7472],[-117.67014,38.74722],[-117.67021,38.74723],[-117.67114,38.74725],[-117.67201,38.74729],[-117.6725,38.74733],[-117.6735,38.74738],[-117.67435,38.74746],[-117.67512,38.74749],[-117.67566,38.74753],[-117.67625,38.74751],[-117.67736,38.74743],[-117.67776,38.74743],[-117.67799,38.74746],[-117.67855,38.74754],[-117.67968,38.74779],[-117.67988,38.74786],[-117.68031,38.74804],[-117.68063,38.74814],[-117.681,38.74822],[-117.68137,38.74827],[-117.68202,38.74829],[-117.68225,38.74834],[-117.68317,38.74861],[-117.68354,38.74874],[-117.68395,38.74891],[-117.68444,38.74905],[-117.68555,38.74917],[-117.68642,38.74922],[-117.68765,38.74936],[-117.68848,38.74954],[-117.68896,38.74961],[-117.6893,38.74963],[-117.68962,38.74963],[-117.69004,38.74957],[-117.69029,38.74952],[-117.69111,38.74932],[-117.69139,38.74923],[-117.69219,38.7489],[-117.69321,38.74866],[-117.69385,38.74853],[-117.69437,38.74839],[-117.69516,38.74821],[-117.69545,38.74817],[-117.69583,38.74815],[-117.69644,38.74813],[-117.69662,38.74815],[-117.697,38.74832],[-117.69707,38.74837],[-117.69711,38.7484],[-117.69843,38.74936],[-117.69846,38.7494],[-117.69851,38.74945],[-117.69859,38.7495],[-117.699,38.74982],[-117.69955,38.75007],[-117.69988,38.75028],[-117.70022,38.75075]]}},{"type":"Feature","properties":{"name":"(unnamed public road)","road_class":"track","surface":"unpaved","source":"OpenStreetMap","source_detail":"osm way 950279418","source_tile":"177/392"},"geometry":{"type":"LineString","coordinates":[[-117.71027,38.7198],[-117.71,38.72025],[-117.70957,38.72084],[-117.70954,38.72098],[-117.70952,38.72118],[-117.70941,38.7215],[-117.70923,38.72184],[-117.70906,38.72211],[-117.70873,38.7226],[-117.70815,38.72354],[-117.70802,38.72379],[-117.70788,38.7241],[-117.70755,38.72485],[-117.70706,38.72555],[-117.707,38.72574],[-117.70689,38.72616],[-117.70683,38.72676],[-117.70683,38.72699],[-117.70718,38.72803],[-117.70726,38.72849],[-117.70724,38.72876],[-117.70714,38.72909],[-117.70688,38.72968],[-117.70684,38.72985],[-117.70679,38.73035],[-117.70675,38.73058],[-117.70642,38.73145],[-117.70627,38.73196],[-117.70606,38.73245],[-117.7059,38.73284],[-117.70558,38.73326]]}},{"type":"Feature","properties":{"name":"(unnamed public road)","road_class":"track","surface":"unpaved","source":"OpenStreetMap","source_detail":"osm way 950279419","source_tile":"177/392"},"geometry":{"type":"LineString","coordinates":[[-117.71027,38.7198],[-117.71073,38.71901],[-117.71094,38.71858],[-117.71095,38.71854],[-117.71106,38.71839],[-117.7115,38.71682],[-117.71153,38.71676],[-117.71167,38.71626],[-117.7117,38.71617],[-117.71183,38.71567],[-117.71209,38.71486],[-117.71227,38.71434],[-117.7123,38.71429],[-117.71235,38.71413],[-117.71243,38.71395],[-117.71243,38.71392],[-117.7125,38.71377],[-117.71253,38.71372],[-117.71262,38.71345],[-117.7128,38.71307],[-117.71332,38.71178]]}},{"type":"Feature","properties":{"name":"(unnamed public road)","road_class":"track","source":"OpenStreetMap","source_detail":"osm way 950279420","source_tile":"177/392","surface_inferred":true},"geometry":{"type":"LineString","coordinates":[[-117.71095,38.71854],[-117.70958,38.71847],[-117.70886,38.71846],[-117.70779,38.71853]]}},{"type":"Feature","properties":{"name":"(unnamed public road)","road_class":"track","surface":"unpaved","source":"OpenStreetMap","source_detail":"osm way 950280363","source_tile":"177/392"},"geometry":{"type":"LineString","coordinates":[[-117.6854,38.70518],[-117.68561,38.7051],[-117.68583,38.705],[-117.68592,38.70487]]}},{"type":"Feature","properties":{"name":"(unnamed public road)","road_class":"track","surface":"unpaved","source":"OpenStreetMap","source_detail":"osm way 950280364","source_tile":"177/392"},"geometry":{"type":"LineString","coordinates":[[-117.71476,38.71041],[-117.71515,38.71015],[-117.71568,38.70983],[-117.71588,38.70967],[-117.7163,38.70943],[-117.71645,38.70937],[-117.71705,38.7093],[-117.71793,38.70915],[-117.7181,38.70915],[-117.71887,38.70948]]}},{"type":"Feature","properties":{"name":"(unnamed public road)","road_class":"track","source":"OpenStreetMap","source_detail":"osm way 950280365","source_tile":"177/392","surface_inferred":true},"geometry":{"type":"LineString","coordinates":[[-117.7181,38.70915],[-117.72005,38.70872],[-117.7222,38.70789]]}},{"type":"Feature","properties":{"name":"(unnamed public road)","road_class":"track","surface":"unpaved","source":"OpenStreetMap","source_detail":"osm way 950280366","source_tile":"177/392"},"geometry":{"type":"LineString","coordinates":[[-117.71394,38.71093],[-117.71473,38.70954],[-117.7155,38.70676],[-117.71563,38.7063],[-117.71571,38.70589],[-117.71587,38.70431],[-117.71644,38.7026],[-117.71706,38.70093],[-117.71714,38.70075],[-117.71757,38.69963],[-117.71777,38.69909],[-117.71845,38.69742],[-117.7188,38.69654],[-117.71935,38.69528],[-117.71962,38.69455],[-117.71982,38.69411],[-117.7201,38.6934],[-117.72031,38.69294],[-117.72044,38.69256],[-117.72064,38.69215],[-117.72075,38.69181],[-117.7208,38.69156],[-117.72081,38.6914],[-117.72078,38.69027],[-117.72081,38.68996],[-117.72086,38.68874],[-117.72083,38.68794],[-117.72086,38.68788],[-117.72081,38.68741],[-117.72044,38.68551],[-117.72035,38.68504],[-117.72036,38.68491],[-117.72012,38.68347],[-117.71998,38.68203],[-117.71983,38.68134],[-117.7197,38.68064],[-117.71946,38.67895],[-117.71929,38.67739],[-117.71923,38.67702],[-117.71911,38.67668],[-117.71912,38.6766],[-117.71906,38.67648],[-117.71875,38.67545],[-117.71861,38.67461],[-117.71846,38.67295],[-117.71839,38.67259],[-117.71826,38.67209],[-117.71824,38.67191],[-117.71825,38.67151],[-117.71828,38.6712],[-117.71828,38.67067],[-117.71817,38.67029],[-117.71756,38.66867],[-117.71741,38.6682],[-117.71725,38.66738],[-117.71711,38.66648],[-117.7171,38.6663],[-117.71699,38.66583],[-117.71676,38.66501],[-117.71661,38.6644],[-117.71659,38.6642],[-117.7167,38.66314],[-117.71687,38.66269],[-117.7174,38.66154],[-117.71747,38.66134],[-117.71749,38.66122],[-117.71749,38.66077],[-117.71742,38.65978],[-117.7174,38.65914],[-117.71733,38.65808],[-117.71736,38.65632],[-117.7173,38.65519],[-117.7173,38.6548],[-117.71734,38.65392],[-117.71743,38.65326],[-117.71747,38.65269],[-117.71744,38.65175],[-117.71736,38.6512],[-117.71674,38.6492],[-117.71657,38.64872],[-117.71654,38.6487],[-117.71651,38.64849],[-117.71616,38.64742],[-117.71532,38.64497],[-117.71468,38.64288],[-117.7142,38.64118],[-117.71388,38.64016],[-117.71354,38.63892],[-117.71347,38.63873],[-117.71332,38.63813],[-117.7133,38.63797],[-117.71325,38.6378],[-117.7132,38.63755],[-117.71313,38.63732],[-117.71306,38.6372],[-117.71251,38.63655],[-117.71196,38.63582],[-117.71063,38.63417],[-117.71027,38.63369],[-117.70944,38.63268],[-117.70939,38.6326],[-117.70773,38.63054],[-117.70653,38.62897],[-117.70631,38.62848],[-117.70588,38.62734],[-117.70576,38.62707],[-117.70552,38.62643],[-117.70531,38.62583],[-117.70529,38.62557],[-117.70526,38.62552],[-117.70527,38.62528],[-117.70526,38.62522],[-117.70521,38.62515],[-117.70521,38.62498],[-117.70518,38.62488],[-117.70514,38.62469],[-117.70507,38.62444],[-117.70473,38.62242],[-117.70478,38.62209],[-117.70482,38.62201],[-117.70501,38.62137],[-117.7052,38.62091],[-117.70717,38.61505],[-117.70758,38.61386],[-117.70764,38.61365],[-117.70769,38.61354],[-117.70795,38.61272],[-117.70802,38.61243],[-117.70818,38.61207],[-117.70823,38.61191],[-117.70825,38.6117],[-117.70824,38.61156],[-117.7082,38.61136],[-117.70812,38.61114],[-117.70799,38.61063],[-117.70795,38.61057],[-117.70726,38.60826],[-117.70674,38.60652],[-117.70668,38.6064],[-117.70624,38.6048],[-117.70568,38.60264],[-117.70551,38.60175],[-117.70549,38.60171],[-117.70526,38.60076],[-117.70511,38.60024],[-117.70501,38.59974],[-117.70505,38.59964],[-117.705,38.59951],[-117.70504,38.59923],[-117.70508,38.59916],[-117.70534,38.59883],[-117.70589,38.59817],[-117.70737,38.59636],[-117.70958,38.59377],[-117.70992,38.59308]]}},{"type":"Feature","properties":{"name":"(unnamed public road)","road_class":"track","surface":"unpaved","source":"OpenStreetMap","source_detail":"osm way 950280367","source_tile":"177/392"},"geometry":{"type":"LineString","coordinates":[[-117.74616,38.65881],[-117.74491,38.65894],[-117.74449,38.65906],[-117.74344,38.65944],[-117.74313,38.65949],[-117.74289,38.65948],[-117.74262,38.65944],[-117.74198,38.65929],[-117.74147,38.6592],[-117.74099,38.65916],[-117.74077,38.65917],[-117.74067,38.65921],[-117.74059,38.65926],[-117.74045,38.65937],[-117.74027,38.65948],[-117.73997,38.6596],[-117.73923,38.65983],[-117.73877,38.66001],[-117.73864,38.66013],[-117.73857,38.66023],[-117.73853,38.6604],[-117.73856,38.66063],[-117.73837,38.66135],[-117.73829,38.66151],[-117.73782,38.66214],[-117.73683,38.66296],[-117.73616,38.66337],[-117.73599,38.66345],[-117.73468,38.6637],[-117.73449,38.66375],[-117.73437,38.66381],[-117.73422,38.66393],[-117.73363,38.66453],[-117.73284,38.665],[-117.73269,38.66516],[-117.73253,38.66538],[-117.7318,38.66606],[-117.73137,38.66653],[-117.73042,38.66733],[-117.72963,38.66811],[-117.72849,38.66938],[-117.72819,38.66998],[-117.72723,38.67055],[-117.72663,38.67119],[-117.7262,38.67176],[-117.72472,38.67261],[-117.72311,38.67323],[-117.72218,38.6736],[-117.72184,38.67384],[-117.72175,38.6739],[-117.72151,38.67399],[-117.72105,38.67422],[-117.72027,38.67456],[-117.71935,38.67511],[-117.71875,38.67545],[-117.71579,38.67699],[-117.71512,38.67732],[-117.71427,38.6778],[-117.71335,38.67827],[-117.71185,38.67909],[-117.71101,38.67947],[-117.71056,38.67968],[-117.70991,38.68009],[-117.7097,38.68015],[-117.70958,38.68024],[-117.7083,38.68081],[-117.70813,38.6809],[-117.70771,38.6812],[-117.70686,38.68171],[-117.70584,38.68218],[-117.70551,38.68234],[-117.7043,38.68303],[-117.70333,38.68355],[-117.70023,38.68553],[-117.69863,38.6861],[-117.69791,38.68658],[-117.69754,38.68691],[-117.69716,38.6873],[-117.69687,38.68756],[-117.69673,38.68764],[-117.6966,38.68769],[-117.69597,38.68782],[-117.69577,38.68795],[-117.69564,38.68806],[-117.69531,38.68832],[-117.69485,38.68862],[-117.69455,38.68885],[-117.69419,38.68917],[-117.6937,38.68967],[-117.69339,38.68993],[-117.69224,38.69083],[-117.69117,38.69173],[-117.69063,38.69217],[-117.68943,38.69306],[-117.68799,38.6943],[-117.6877,38.69461],[-117.68555,38.69643],[-117.68426,38.69746],[-117.68405,38.69765],[-117.68369,38.69791],[-117.68356,38.69798],[-117.68313,38.69812],[-117.68212,38.69842],[-117.68032,38.69899],[-117.67985,38.69918],[-117.6798,38.6992],[-117.6798,38.69921],[-117.67753,38.70009],[-117.67677,38.70026],[-117.6742,38.70092],[-117.67224,38.70152],[-117.6712,38.70188],[-117.66876,38.70254]]}},{"type":"Feature","properties":{"name":"(unnamed public road)","road_class":"track","source":"OpenStreetMap","source_detail":"osm way 950280368","source_tile":"177/392","surface_inferred":true},"geometry":{"type":"LineString","coordinates":[[-117.73616,38.66337],[-117.73506,38.66436],[-117.73483,38.66475]]}},{"type":"Feature","properties":{"name":"(unnamed public road)","road_class":"track","surface":"unpaved","source":"OpenStreetMap","source_detail":"osm way 950280370","source_tile":"177/392"},"geometry":{"type":"LineString","coordinates":[[-117.71237,38.59332],[-117.71217,38.59306],[-117.7118,38.59201],[-117.71173,38.59186],[-117.71166,38.59168],[-117.71157,38.59141],[-117.71157,38.59126],[-117.71137,38.59097],[-117.7112,38.59087],[-117.71052,38.59014],[-117.71017,38.58992],[-117.70925,38.58938],[-117.70908,38.58932],[-117.70657,38.58793],[-117.70594,38.58752],[-117.70509,38.587],[-117.70494,38.58689],[-117.70446,38.58666],[-117.70441,38.58661],[-117.7036,38.58616],[-117.70305,38.58578],[-117.7028,38.58548],[-117.70268,38.58538],[-117.70244,38.58531],[-117.70192,38.58519],[-117.70176,38.58512],[-117.70116,38.58478],[-117.70067,38.58433],[-117.7001,38.58408],[-117.69962,38.58394],[-117.69933,38.58393],[-117.69903,38.58393],[-117.69828,38.58412]]}},{"type":"Feature","properties":{"name":"(unnamed public road)","road_class":"track","surface":"unpaved","source":"OpenStreetMap","source_detail":"osm way 1018884228","source_tile":"177/392"},"geometry":{"type":"LineString","coordinates":[[-117.70473,38.62242],[-117.70454,38.62151],[-117.70438,38.62072],[-117.70429,38.62051],[-117.704,38.6202],[-117.70363,38.61984],[-117.70352,38.61972],[-117.7032,38.61938],[-117.70229,38.61853],[-117.70211,38.61828]]}},{"type":"Feature","properties":{"name":"(unnamed public road)","road_class":"track","surface":"unpaved","source":"OpenStreetMap","source_detail":"osm way 1018884229","source_tile":"177/392"},"geometry":{"type":"LineString","coordinates":[[-117.62851,38.65875],[-117.6278,38.65864],[-117.62765,38.65869],[-117.62668,38.65919],[-117.62652,38.65927],[-117.62606,38.65949],[-117.6259,38.65962],[-117.62573,38.65977],[-117.6255,38.65994],[-117.62406,38.6605],[-117.62335,38.6614],[-117.62317,38.66156],[-117.62284,38.66183],[-117.62276,38.66187],[-117.62256,38.66194],[-117.62237,38.66202],[-117.62208,38.66219],[-117.6205,38.66337],[-117.62035,38.66351],[-117.62029,38.66359],[-117.62027,38.66368],[-117.6203,38.66382],[-117.62036,38.66395],[-117.62038,38.66405],[-117.62033,38.66434],[-117.62027,38.66442],[-117.61964,38.66469],[-117.61906,38.66501],[-117.61894,38.66506],[-117.61832,38.66525],[-117.61803,38.66531],[-117.61775,38.66531],[-117.61752,38.66525],[-117.61737,38.66517],[-117.61721,38.66511],[-117.61711,38.6651],[-117.61699,38.66513],[-117.61596,38.66558],[-117.61578,38.66563],[-117.6153,38.66572],[-117.61484,38.66586],[-117.61426,38.66611],[-117.61405,38.66621],[-117.61393,38.6663],[-117.61363,38.66663],[-117.61344,38.66678],[-117.61272,38.66718],[-117.6121,38.66748],[-117.61146,38.66785],[-117.61135,38.66795],[-117.61117,38.66808],[-117.61087,38.66828],[-117.61076,38.66838],[-117.61059,38.66858],[-117.61045,38.66881],[-117.61031,38.6691],[-117.60989,38.66971],[-117.60981,38.66985],[-117.60977,38.67006],[-117.60977,38.67026],[-117.60988,38.67075],[-117.60983,38.67092],[-117.60966,38.67119],[-117.60934,38.67155],[-117.60909,38.67174],[-117.60896,38.67186],[-117.60864,38.67232],[-117.60847,38.67247],[-117.60828,38.67267],[-117.60818,38.67282],[-117.60811,38.67299],[-117.60797,38.67305],[-117.60788,38.67306],[-117.60756,38.67305],[-117.60742,38.67309],[-117.60704,38.67346],[-117.60675,38.67363],[-117.6066,38.67381],[-117.60651,38.67387],[-117.60639,38.67391],[-117.60633,38.67395],[-117.60628,38.67405],[-117.60628,38.67411],[-117.6062,38.67443],[-117.60623,38.67471],[-117.6062,38.67491],[-117.60616,38.675],[-117.60598,38.6753],[-117.60578,38.67557],[-117.60571,38.67574],[-117.60565,38.67585],[-117.60562,38.67614],[-117.60549,38.67652]]}},{"type":"Feature","properties":{"name":"(unnamed public road)","road_class":"track","surface":"unpaved","source":"OpenStreetMap","source_detail":"osm way 1018884230","source_tile":"177/392"},"geometry":{"type":"LineString","coordinates":[[-117.62102,38.64749],[-117.62049,38.64799],[-117.62013,38.6484],[-117.6197,38.64867],[-117.61958,38.64879],[-117.61951,38.64889],[-117.61948,38.649],[-117.61944,38.64933],[-117.61933,38.64959],[-117.61932,38.64966],[-117.61937,38.64996],[-117.61921,38.6512],[-117.61921,38.65152],[-117.61905,38.65222],[-117.61905,38.6523],[-117.61907,38.65238],[-117.62018,38.65413],[-117.62046,38.65457],[-117.62093,38.65514],[-117.62108,38.65545],[-117.62116,38.65566],[-117.62117,38.65596],[-117.6212,38.65605],[-117.62131,38.65617],[-117.62142,38.65632],[-117.62189,38.65713],[-117.62287,38.65862],[-117.62392,38.66035],[-117.62406,38.6605]]}},{"type":"Feature","properties":{"name":"(unnamed public road)","road_class":"track","surface":"unpaved","source":"OpenStreetMap","source_detail":"osm way 1018884231","source_tile":"177/392"},"geometry":{"type":"LineString","coordinates":[[-117.6262,38.63187],[-117.62645,38.63145],[-117.62649,38.63111],[-117.62652,38.63104],[-117.62665,38.63093],[-117.62698,38.63075],[-117.62707,38.63068],[-117.62712,38.63062],[-117.62718,38.63041],[-117.62722,38.63036],[-117.62748,38.63025],[-117.62766,38.63013],[-117.62775,38.63006],[-117.62788,38.62999],[-117.62831,38.62986],[-117.62841,38.62981],[-117.62862,38.62966],[-117.62892,38.62953],[-117.62909,38.62941],[-117.62933,38.62915],[-117.62946,38.62903],[-117.62961,38.62895],[-117.62991,38.62883],[-117.63029,38.62863],[-117.63054,38.62852],[-117.63067,38.62848],[-117.63107,38.6286],[-117.63125,38.62884],[-117.63145,38.62921],[-117.63148,38.62935],[-117.63147,38.62955],[-117.63151,38.62962],[-117.63164,38.62968],[-117.63172,38.62975],[-117.63214,38.63031],[-117.63231,38.63058],[-117.63238,38.63075],[-117.63266,38.63161],[-117.63268,38.63182],[-117.63263,38.63209],[-117.63256,38.63224],[-117.6324,38.63247],[-117.63217,38.63287],[-117.63209,38.63295],[-117.63184,38.63307],[-117.63179,38.63317],[-117.63176,38.6334],[-117.63169,38.63365],[-117.63157,38.63395],[-117.63146,38.63413],[-117.63124,38.63435],[-117.63056,38.63488],[-117.62954,38.63587],[-117.62903,38.63636],[-117.62858,38.63674],[-117.62831,38.63687],[-117.62804,38.63685],[-117.62759,38.63679],[-117.62719,38.63681],[-117.62707,38.63685],[-117.62698,38.63691],[-117.62646,38.63742],[-117.62634,38.63751],[-117.62625,38.63755],[-117.62615,38.63757],[-117.62573,38.63758],[-117.62552,38.63752],[-117.62531,38.63743],[-117.62511,38.63736],[-117.62497,38.63734],[-117.6247,38.63734],[-117.6246,38.63736],[-117.62445,38.63744],[-117.62413,38.63779],[-117.62402,38.63785],[-117.62395,38.63786],[-117.62383,38.63782],[-117.62357,38.63761],[-117.62349,38.63756],[-117.62339,38.63752],[-117.62276,38.63745],[-117.62239,38.63745],[-117.62207,38.63748],[-117.62177,38.63752],[-117.62123,38.63767],[-117.621,38.63772],[-117.62093,38.63775],[-117.62077,38.63791],[-117.62066,38.63797],[-117.6206,38.63797],[-117.62045,38.63792],[-117.62036,38.6379],[-117.62021,38.63791],[-117.61922,38.63825],[-117.61911,38.6383],[-117.61882,38.63848],[-117.61859,38.63871],[-117.6185,38.63882],[-117.61837,38.63895],[-117.61831,38.63899],[-117.61774,38.6396]]}},{"type":"Feature","properties":{"name":"(unnamed public road)","road_class":"track","surface":"unpaved","source":"OpenStreetMap","source_detail":"osm way 1018884232","source_tile":"177/392"},"geometry":{"type":"LineString","coordinates":[[-117.60206,38.63202],[-117.60305,38.63198],[-117.60414,38.63177],[-117.60493,38.63157],[-117.60576,38.63142],[-117.60737,38.63145],[-117.60988,38.63141],[-117.61003,38.63138],[-117.61028,38.63124],[-117.61057,38.63117]]}},{"type":"Feature","properties":{"name":"(unnamed public road)","road_class":"track","surface":"unpaved","source":"OpenStreetMap","source_detail":"osm way 1018884233","source_tile":"177/392"},"geometry":{"type":"LineString","coordinates":[[-117.60761,38.63512],[-117.60746,38.63502],[-117.60739,38.63475],[-117.6074,38.63452],[-117.60733,38.63437],[-117.60729,38.63421],[-117.60714,38.63394],[-117.60722,38.63371],[-117.60726,38.63347],[-117.60738,38.63333],[-117.60738,38.63307],[-117.60728,38.63258],[-117.60728,38.6324],[-117.60738,38.63207],[-117.60737,38.63145]]}},{"type":"Feature","properties":{"name":"(unnamed public road)","road_class":"track","surface":"unpaved","source":"OpenStreetMap","source_detail":"osm way 1018884234","source_tile":"177/392"},"geometry":{"type":"LineString","coordinates":[[-117.57638,38.63791],[-117.57645,38.63799],[-117.57649,38.63813],[-117.57641,38.63831],[-117.57641,38.63845],[-117.57653,38.63864],[-117.57667,38.63876],[-117.57673,38.63883],[-117.5769,38.63898],[-117.57706,38.63908],[-117.57735,38.63937],[-117.5776,38.63966],[-117.57785,38.64004],[-117.57811,38.64044],[-117.57824,38.64057],[-117.57851,38.64072],[-117.57862,38.64076],[-117.57874,38.64082],[-117.57906,38.64106],[-117.57914,38.64111]]}},{"type":"Feature","properties":{"name":"(unnamed public road)","road_class":"track","surface":"unpaved","source":"OpenStreetMap","source_detail":"osm way 1018884235","source_tile":"177/392"},"geometry":{"type":"LineString","coordinates":[[-117.57867,38.63386],[-117.57883,38.63432],[-117.57883,38.6344],[-117.5788,38.6345],[-117.57852,38.63489],[-117.57832,38.6354],[-117.5778,38.63592],[-117.57775,38.63604],[-117.57775,38.63623],[-117.57778,38.63636],[-117.57825,38.63687],[-117.57837,38.63704],[-117.57845,38.6374],[-117.57826,38.63781],[-117.57815,38.63795],[-117.57805,38.638],[-117.5777,38.63825],[-117.5773,38.63845],[-117.57673,38.6386],[-117.57662,38.6386],[-117.57653,38.63864],[-117.57638,38.63866],[-117.57591,38.63884]]}},{"type":"Feature","properties":{"name":"(unnamed public road)","road_class":"track","surface":"unpaved","source":"OpenStreetMap","source_detail":"osm way 1018884236","source_tile":"177/392"},"geometry":{"type":"LineString","coordinates":[[-117.57069,38.63387],[-117.57045,38.63416],[-117.57037,38.63432],[-117.57031,38.63456],[-117.57025,38.63467],[-117.57017,38.63477],[-117.56994,38.63493],[-117.56968,38.63504],[-117.56931,38.63531],[-117.56913,38.6355],[-117.56878,38.63632],[-117.56865,38.63653],[-117.56847,38.63668],[-117.56841,38.63686],[-117.56853,38.63706]]}},{"type":"Feature","properties":{"name":"(unnamed public road)","road_class":"track","surface":"unpaved","source":"OpenStreetMap","source_detail":"osm way 1018884237","source_tile":"177/392"},"geometry":{"type":"LineString","coordinates":[[-117.56913,38.6355],[-117.56942,38.63556],[-117.56974,38.63553],[-117.56983,38.63555],[-117.56988,38.63558],[-117.57005,38.63577],[-117.57014,38.63584],[-117.57022,38.63586],[-117.57045,38.63588],[-117.57053,38.63592],[-117.5706,38.63603],[-117.57062,38.63617]]}},{"type":"Feature","properties":{"name":"(unnamed public road)","road_class":"track","surface":"unpaved","source":"OpenStreetMap","source_detail":"osm way 1018884238","source_tile":"177/392"},"geometry":{"type":"LineString","coordinates":[[-117.55879,38.63409],[-117.559,38.63409],[-117.55916,38.63392],[-117.5593,38.63381],[-117.55969,38.63372],[-117.56001,38.6337],[-117.5613,38.6337],[-117.56161,38.63372],[-117.562,38.63374],[-117.56229,38.63378],[-117.56258,38.63378],[-117.56322,38.6337],[-117.56362,38.63362],[-117.56379,38.6336],[-117.56401,38.63361],[-117.56444,38.63368],[-117.56487,38.6338],[-117.56532,38.63396],[-117.56571,38.63412],[-117.56617,38.63428],[-117.56659,38.63439],[-117.56731,38.63455],[-117.56854,38.63499],[-117.56889,38.63503]]}},{"type":"Feature","properties":{"name":"(unnamed public road)","road_class":"track","surface":"unpaved","source":"OpenStreetMap","source_detail":"osm way 1018884239","source_tile":"177/392"},"geometry":{"type":"LineString","coordinates":[[-117.55829,38.63378],[-117.55844,38.63369],[-117.55857,38.63367],[-117.5588,38.63375],[-117.55883,38.63391],[-117.55879,38.63409],[-117.55875,38.63415],[-117.55869,38.63434],[-117.55869,38.6344],[-117.55873,38.63452],[-117.55881,38.63464],[-117.55894,38.63475],[-117.55916,38.63488],[-117.55926,38.635],[-117.5594,38.63535],[-117.55945,38.63569],[-117.55956,38.63591],[-117.55965,38.63626],[-117.55966,38.6364],[-117.5597,38.63656],[-117.55999,38.63694],[-117.56058,38.63711],[-117.56093,38.63726],[-117.56118,38.63748]]}},{"type":"Feature","properties":{"name":"(unnamed public road)","road_class":"track","surface":"unpaved","source":"OpenStreetMap","source_detail":"osm way 1018884240","source_tile":"177/392"},"geometry":{"type":"LineString","coordinates":[[-117.55945,38.63569],[-117.55908,38.63626],[-117.55887,38.63666],[-117.55875,38.6368],[-117.55854,38.63691],[-117.55833,38.63697],[-117.55794,38.63714],[-117.55765,38.63725],[-117.5574,38.63737],[-117.55734,38.63742],[-117.55728,38.63755],[-117.55726,38.63791],[-117.55732,38.63802]]}},{"type":"Feature","properties":{"name":"(unnamed public road)","road_class":"track","surface":"unpaved","source":"OpenStreetMap","source_detail":"osm way 1018884241","source_tile":"177/392"},"geometry":{"type":"LineString","coordinates":[[-117.55548,38.64449],[-117.55557,38.64442],[-117.55562,38.64431],[-117.55554,38.64408],[-117.55548,38.64372],[-117.55536,38.6433],[-117.55541,38.64312],[-117.55555,38.643],[-117.55566,38.64299],[-117.55574,38.64296],[-117.55609,38.64271],[-117.55634,38.64249],[-117.55654,38.64226],[-117.55665,38.6421],[-117.55665,38.64206],[-117.55662,38.64191],[-117.55648,38.64151],[-117.5565,38.6414],[-117.55655,38.64131],[-117.55678,38.64104],[-117.55689,38.64088],[-117.55702,38.64057],[-117.55717,38.64033],[-117.55737,38.63995],[-117.55741,38.63979],[-117.55738,38.63966],[-117.55695,38.63892],[-117.5571,38.63866],[-117.5571,38.63845],[-117.55711,38.63835]]}},{"type":"Feature","properties":{"name":"(unnamed public road)","road_class":"track","surface":"unpaved","source":"OpenStreetMap","source_detail":"osm way 1018884242","source_tile":"177/392"},"geometry":{"type":"LineString","coordinates":[[-117.56369,38.64443],[-117.5638,38.64402],[-117.56389,38.64348],[-117.56389,38.64328],[-117.56384,38.643],[-117.56372,38.64266],[-117.56343,38.64246],[-117.56297,38.64233],[-117.56217,38.64217],[-117.56198,38.64206],[-117.56178,38.6419],[-117.56169,38.64176],[-117.56158,38.64141],[-117.56158,38.64125],[-117.56161,38.64103],[-117.56168,38.64082],[-117.56191,38.64036],[-117.562,38.64024],[-117.56218,38.64014],[-117.56237,38.64007],[-117.56295,38.63993],[-117.5632,38.63984],[-117.56329,38.63976],[-117.56353,38.63952],[-117.56365,38.63935],[-117.56377,38.63904],[-117.56382,38.63885],[-117.56383,38.63876],[-117.56373,38.63859],[-117.56374,38.63842],[-117.56389,38.63825],[-117.56404,38.63808]]}},{"type":"Feature","properties":{"name":"(unnamed public road)","road_class":"track","surface":"unpaved","source":"OpenStreetMap","source_detail":"osm way 1018884243","source_tile":"177/392"},"geometry":{"type":"LineString","coordinates":[[-117.56343,38.64246],[-117.56372,38.64237],[-117.56429,38.64223],[-117.5652,38.64189],[-117.56568,38.64164],[-117.56608,38.64136],[-117.56635,38.64122],[-117.56662,38.64115],[-117.56688,38.64111],[-117.56746,38.64104],[-117.56767,38.64106],[-117.5684,38.64124],[-117.56924,38.64166],[-117.5695,38.64182],[-117.56975,38.64189],[-117.56987,38.6419],[-117.57024,38.64189]]}},{"type":"Feature","properties":{"name":"(unnamed public road)","road_class":"track","surface":"unpaved","source":"OpenStreetMap","source_detail":"osm way 1018884244","source_tile":"177/392"},"geometry":{"type":"LineString","coordinates":[[-117.56927,38.65083],[-117.56933,38.65028],[-117.56925,38.65001],[-117.56915,38.64982],[-117.56915,38.64974],[-117.56919,38.64961],[-117.56932,38.64949],[-117.56945,38.64925],[-117.56963,38.64913],[-117.56991,38.64848],[-117.56994,38.64803],[-117.56983,38.64774],[-117.56979,38.64754],[-117.56975,38.64746],[-117.56956,38.64727],[-117.56927,38.64675],[-117.56899,38.64615],[-117.56887,38.6458],[-117.56864,38.64535],[-117.5685,38.64501],[-117.56819,38.64457],[-117.5682,38.64446],[-117.56809,38.64405],[-117.56801,38.64392],[-117.56799,38.64381],[-117.56808,38.64362],[-117.56814,38.64336]]}},{"type":"Feature","properties":{"name":"(unnamed public road)","road_class":"track","surface":"unpaved","source":"OpenStreetMap","source_detail":"osm way 1018884245","source_tile":"177/392"},"geometry":{"type":"LineString","coordinates":[[-117.54831,38.64871],[-117.5487,38.64866],[-117.54893,38.64854],[-117.54937,38.64844],[-117.5496,38.6483],[-117.54984,38.64821],[-117.54997,38.64811],[-117.55005,38.64811],[-117.55041,38.64796],[-117.55059,38.64791],[-117.55075,38.64788],[-117.55095,38.64788],[-117.55133,38.64793],[-117.5514,38.64792],[-117.55147,38.64786],[-117.55149,38.64783],[-117.5515,38.64759],[-117.55155,38.64734],[-117.55155,38.64729],[-117.55161,38.64718],[-117.55176,38.64697],[-117.55192,38.64681],[-117.55202,38.64673],[-117.55209,38.64669],[-117.55228,38.64668],[-117.55319,38.64672],[-117.55371,38.64682],[-117.55394,38.64687],[-117.55399,38.64687],[-117.55415,38.64692],[-117.555,38.64648],[-117.55576,38.64614],[-117.55592,38.64605],[-117.55601,38.64598],[-117.55628,38.64593],[-117.55713,38.64602],[-117.55793,38.64622],[-117.55866,38.64632],[-117.55884,38.64638],[-117.55907,38.64646],[-117.55995,38.64663],[-117.56022,38.64684],[-117.56063,38.64713],[-117.56102,38.64724],[-117.56162,38.64714]]}},{"type":"Feature","properties":{"name":"(unnamed public road)","road_class":"track","surface":"unpaved","source":"OpenStreetMap","source_detail":"osm way 1018884246","source_tile":"177/392"},"geometry":{"type":"LineString","coordinates":[[-117.55399,38.64687],[-117.55398,38.64681],[-117.55372,38.64647]]}},{"type":"Feature","properties":{"name":"(unnamed public road)","road_class":"track","surface":"unpaved","source":"OpenStreetMap","source_detail":"osm way 1018884247","source_tile":"177/392"},"geometry":{"type":"LineString","coordinates":[[-117.55415,38.64692],[-117.55468,38.6476],[-117.55501,38.64794],[-117.55538,38.64838],[-117.55541,38.64846],[-117.55525,38.64871],[-117.55523,38.64883],[-117.55534,38.64909],[-117.55553,38.64929]]}},{"type":"Feature","properties":{"name":"(unnamed public road)","road_class":"track","surface":"unpaved","source":"OpenStreetMap","source_detail":"osm way 1018884248","source_tile":"177/392"},"geometry":{"type":"LineString","coordinates":[[-117.56202,38.64861],[-117.56194,38.64884],[-117.56185,38.6489]]}},{"type":"Feature","properties":{"name":"(unnamed public road)","road_class":"track","surface":"unpaved","source":"OpenStreetMap","source_detail":"osm way 1018884249","source_tile":"177/392"},"geometry":{"type":"LineString","coordinates":[[-117.60487,38.61233],[-117.60409,38.61356],[-117.6032,38.6145],[-117.60269,38.615],[-117.60205,38.61573],[-117.60199,38.6158],[-117.60192,38.61587],[-117.60181,38.61596],[-117.60142,38.61625],[-117.60036,38.61682],[-117.60025,38.61689],[-117.59929,38.61734],[-117.59855,38.61764],[-117.59763,38.61828],[-117.59649,38.6191],[-117.59626,38.61931],[-117.59579,38.6198],[-117.59532,38.62022],[-117.5947,38.62066],[-117.59447,38.62087],[-117.59441,38.62115],[-117.59442,38.62141],[-117.59451,38.6219],[-117.59444,38.62221],[-117.5944,38.62243],[-117.59438,38.62287],[-117.59405,38.62369],[-117.59381,38.6242],[-117.59344,38.62453],[-117.59302,38.62477],[-117.59259,38.62483],[-117.59218,38.62491],[-117.59198,38.62497],[-117.59149,38.62505],[-117.59119,38.62502],[-117.59069,38.6249],[-117.59042,38.62484],[-117.59006,38.62475],[-117.58958,38.62467],[-117.58916,38.62469],[-117.58855,38.62484],[-117.58819,38.62503],[-117.58789,38.62521],[-117.58742,38.62539],[-117.58723,38.62558],[-117.58715,38.62583],[-117.5872,38.6263],[-117.58726,38.62653],[-117.58724,38.62677],[-117.58704,38.62715],[-117.58667,38.62774],[-117.58656,38.62786],[-117.58623,38.62796],[-117.58502,38.62849],[-117.58444,38.62872],[-117.58417,38.62889],[-117.58364,38.62937],[-117.58349,38.62947],[-117.58326,38.62954],[-117.58306,38.62958],[-117.58294,38.62963],[-117.58213,38.62998],[-117.58195,38.63013],[-117.58138,38.63029],[-117.58099,38.63053],[-117.58025,38.63155],[-117.5801,38.63192],[-117.5799,38.6323],[-117.57934,38.63283],[-117.57907,38.63313],[-117.57906,38.63357],[-117.57928,38.63379],[-117.57975,38.63398],[-117.57984,38.63416],[-117.57981,38.63438],[-117.57946,38.6349],[-117.57927,38.63593],[-117.57898,38.63638],[-117.57825,38.63687],[-117.57782,38.63716],[-117.57723,38.63753],[-117.57684,38.63768],[-117.57638,38.63791],[-117.57623,38.63805],[-117.57601,38.63821],[-117.57584,38.63818],[-117.5753,38.63861],[-117.57501,38.63872]]}},{"type":"Feature","properties":{"name":"(unnamed public road)","road_class":"track","surface":"unpaved","source":"OpenStreetMap","source_detail":"osm way 1018884250","source_tile":"177/392"},"geometry":{"type":"LineString","coordinates":[[-117.59892,38.60331],[-117.59907,38.60323],[-117.59926,38.6032],[-117.59948,38.60319],[-117.59998,38.60311],[-117.60052,38.60287],[-117.60117,38.60251],[-117.60138,38.60245],[-117.60154,38.60242],[-117.6025,38.60242],[-117.60336,38.60236],[-117.60367,38.6023],[-117.60407,38.60215],[-117.60448,38.60205],[-117.60476,38.60202],[-117.60504,38.60202],[-117.60517,38.60204],[-117.60544,38.60211],[-117.60637,38.60243],[-117.60673,38.60257],[-117.60743,38.60277],[-117.60778,38.6029],[-117.60813,38.60297],[-117.60855,38.60328],[-117.60878,38.60339],[-117.60903,38.60342],[-117.6091,38.60339],[-117.60919,38.6034],[-117.60924,38.60341],[-117.60959,38.60353],[-117.61013,38.60356],[-117.61049,38.6035],[-117.61077,38.60332],[-117.61126,38.60282],[-117.61174,38.6025],[-117.61211,38.6024],[-117.61244,38.6024],[-117.6129,38.60248],[-117.61335,38.60256],[-117.61362,38.6026],[-117.61399,38.60274],[-117.61426,38.60278],[-117.61443,38.60278],[-117.6151,38.60274],[-117.61591,38.60267],[-117.61649,38.60264],[-117.61731,38.60252],[-117.61754,38.60246],[-117.61793,38.60221],[-117.61829,38.60201],[-117.61863,38.60193],[-117.61923,38.60189],[-117.62018,38.60182],[-117.62074,38.60182],[-117.62098,38.60179],[-117.62112,38.60169],[-117.62123,38.60148],[-117.62128,38.60115],[-117.62131,38.60089],[-117.62118,38.60045],[-117.6211,38.60018],[-117.62111,38.60005],[-117.62117,38.59979],[-117.62121,38.59932],[-117.62124,38.59927],[-117.62133,38.59923],[-117.62145,38.59922],[-117.62158,38.59914],[-117.62167,38.59909],[-117.6218,38.59909],[-117.62224,38.59925],[-117.62317,38.59968],[-117.62422,38.60019],[-117.62455,38.60037],[-117.62475,38.60046],[-117.62492,38.60047],[-117.62525,38.60045],[-117.62586,38.60035],[-117.62645,38.60027],[-117.6268,38.60015],[-117.62706,38.60001],[-117.62727,38.59985],[-117.62739,38.59973],[-117.6274,38.59963],[-117.62738,38.59944],[-117.6274,38.5993],[-117.62748,38.59913],[-117.62765,38.59892],[-117.62773,38.5988],[-117.62785,38.59861],[-117.62787,38.59844],[-117.62785,38.59812],[-117.62786,38.59782],[-117.62809,38.59737],[-117.62821,38.59729],[-117.62848,38.5972],[-117.62885,38.59703],[-117.62928,38.59688],[-117.62944,38.59676],[-117.62974,38.59662],[-117.63005,38.59649],[-117.63091,38.59618],[-117.63123,38.59613],[-117.63143,38.59606],[-117.63179,38.59591],[-117.63217,38.59585],[-117.63234,38.59586],[-117.63245,38.59592],[-117.63259,38.59597],[-117.63304,38.59601],[-117.63321,38.59595],[-117.63336,38.59595],[-117.63372,38.59584],[-117.63397,38.59581],[-117.6345,38.59574],[-117.63487,38.59563],[-117.63586,38.59528],[-117.63616,38.59512],[-117.63637,38.59499],[-117.63655,38.59483],[-117.63665,38.59476],[-117.63672,38.59475],[-117.63682,38.59474],[-117.63696,38.59464],[-117.63712,38.59445],[-117.63729,38.59436],[-117.63744,38.59427],[-117.63754,38.59423],[-117.63767,38.59414],[-117.63796,38.59404],[-117.63815,38.59394]]}},{"type":"Feature","properties":{"name":"(unnamed public road)","road_class":"track","surface":"unpaved","source":"OpenStreetMap","source_detail":"osm way 1097605801","source_tile":"177/392"},"geometry":{"type":"LineString","coordinates":[[-117.65477,38.70108],[-117.65494,38.70062],[-117.65518,38.69975],[-117.65562,38.69804],[-117.65607,38.69603],[-117.65631,38.6955],[-117.65688,38.69481],[-117.65728,38.69422],[-117.65766,38.69371],[-117.65804,38.69313],[-117.65832,38.69282],[-117.65837,38.6928],[-117.65907,38.69213],[-117.65926,38.6919],[-117.65968,38.69123],[-117.66015,38.69044],[-117.6608,38.68952],[-117.6614,38.68876],[-117.66148,38.68862],[-117.66172,38.68808],[-117.66199,38.68736],[-117.66207,38.68723],[-117.66259,38.68665],[-117.66284,38.68589],[-117.66295,38.68551],[-117.66306,38.68513],[-117.6631,38.68476],[-117.66295,38.68406]]}},{"type":"Feature","properties":{"name":"(unnamed public road)","road_class":"track","surface":"unpaved","source":"OpenStreetMap","source_detail":"osm way 1097606370","source_tile":"177/392"},"geometry":{"type":"LineString","coordinates":[[-117.54327,38.63823],[-117.54297,38.63813],[-117.54279,38.63801],[-117.54277,38.63794],[-117.54278,38.63784],[-117.54298,38.63735],[-117.54368,38.6366],[-117.54383,38.63653],[-117.54411,38.63647],[-117.5444,38.63637],[-117.54451,38.63631],[-117.54458,38.63621],[-117.54459,38.63616],[-117.54454,38.63598],[-117.54447,38.63585],[-117.54438,38.63575],[-117.54364,38.63516],[-117.54312,38.63498],[-117.54249,38.635],[-117.54211,38.63499]]}},{"type":"Feature","properties":{"name":"(unnamed public road)","road_class":"track","surface":"unpaved","source":"OpenStreetMap","source_detail":"osm way 1097606371","source_tile":"177/392"},"geometry":{"type":"LineString","coordinates":[[-117.54312,38.63498],[-117.54316,38.63451],[-117.54284,38.63404],[-117.54265,38.63372],[-117.54258,38.63367],[-117.5424,38.63361],[-117.54232,38.63356],[-117.5422,38.63346],[-117.54207,38.63327],[-117.54192,38.63298],[-117.5418,38.63287],[-117.54149,38.63277],[-117.5412,38.63257],[-117.54078,38.63235],[-117.54005,38.63212],[-117.53992,38.63206],[-117.53975,38.63194],[-117.5396,38.63186],[-117.53919,38.63178],[-117.53875,38.63163]]}},{"type":"Feature","properties":{"name":"(unnamed public road)","road_class":"track","surface":"unpaved","source":"OpenStreetMap","source_detail":"osm way 1097607053","source_tile":"177/392"},"geometry":{"type":"LineString","coordinates":[[-117.51745,38.62591],[-117.51615,38.62554],[-117.51581,38.62539],[-117.51557,38.6253],[-117.51534,38.62528],[-117.51514,38.62531],[-117.51504,38.62531],[-117.51497,38.62529],[-117.51477,38.6252],[-117.51443,38.62511],[-117.51418,38.62497],[-117.51371,38.62476],[-117.51341,38.62448],[-117.51331,38.62439]]}},{"type":"Feature","properties":{"name":"(unnamed public road)","road_class":"track","surface":"unpaved","source":"OpenStreetMap","source_detail":"osm way 1097607054","source_tile":"177/392"},"geometry":{"type":"LineString","coordinates":[[-117.51189,38.62763],[-117.51164,38.62735],[-117.51146,38.62729],[-117.51139,38.62731],[-117.51121,38.62743],[-117.51111,38.62747],[-117.51064,38.62759],[-117.51048,38.62766],[-117.51027,38.62778],[-117.51007,38.62795],[-117.50977,38.62814],[-117.50927,38.62843],[-117.50898,38.62854],[-117.50802,38.62863],[-117.50768,38.62871],[-117.50751,38.62872],[-117.50662,38.6288],[-117.50585,38.62881],[-117.50558,38.62877],[-117.50516,38.62865],[-117.50498,38.62857],[-117.50478,38.62842],[-117.50464,38.62834],[-117.5044,38.62828],[-117.50434,38.62825],[-117.50422,38.62812],[-117.50412,38.62804],[-117.50395,38.62785],[-117.50376,38.62769],[-117.50347,38.62734],[-117.50332,38.62721],[-117.50322,38.62715],[-117.50295,38.62706],[-117.50272,38.62703],[-117.50242,38.62693],[-117.50198,38.62659],[-117.5017,38.62652],[-117.50068,38.62653]]}},{"type":"Feature","properties":{"name":"(unnamed public road)","road_class":"track","surface":"unpaved","source":"OpenStreetMap","source_detail":"osm way 1097607057","source_tile":"177/392"},"geometry":{"type":"LineString","coordinates":[[-117.51142,38.6321],[-117.51134,38.63248],[-117.51116,38.63277],[-117.51112,38.633],[-117.51115,38.63326],[-117.51115,38.63352],[-117.51122,38.63387],[-117.51141,38.63407],[-117.51148,38.63425],[-117.51143,38.63441],[-117.51126,38.63463],[-117.5108,38.63495],[-117.51017,38.6353],[-117.50997,38.63526],[-117.50977,38.63521],[-117.5096,38.63515],[-117.50955,38.63508],[-117.50962,38.6348],[-117.50891,38.63447],[-117.50882,38.63442],[-117.50871,38.63429],[-117.50848,38.6341],[-117.50833,38.63402],[-117.50815,38.63398],[-117.50796,38.63398],[-117.50684,38.6337],[-117.50678,38.63365],[-117.50577,38.63368],[-117.50503,38.63362],[-117.50463,38.63356],[-117.50429,38.63347],[-117.50378,38.63337],[-117.50348,38.63336],[-117.50336,38.63338],[-117.50326,38.63338],[-117.50293,38.63329],[-117.50227,38.63326],[-117.50208,38.63324],[-117.50182,38.63315],[-117.50175,38.63314],[-117.50158,38.63319],[-117.50144,38.6332],[-117.50098,38.63319],[-117.50059,38.63313],[-117.50042,38.63315],[-117.50019,38.6332],[-117.49968,38.63338],[-117.49943,38.63343],[-117.49932,38.63348],[-117.49898,38.63357],[-117.49883,38.63359],[-117.49855,38.63358],[-117.49825,38.63353],[-117.49812,38.63347]]}},{"type":"Feature","properties":{"name":"(unnamed public road)","road_class":"track","surface":"unpaved","source":"OpenStreetMap","source_detail":"osm way 1097607058","source_tile":"177/392"},"geometry":{"type":"LineString","coordinates":[[-117.50112,38.6441],[-117.50124,38.64402],[-117.50142,38.64382],[-117.50153,38.64371],[-117.50173,38.6436],[-117.50199,38.64347],[-117.50235,38.64336],[-117.5025,38.64329],[-117.50268,38.64316],[-117.50307,38.64281],[-117.50324,38.64272],[-117.50377,38.64255],[-117.50398,38.64247],[-117.50476,38.64219],[-117.50511,38.64205],[-117.50532,38.64192],[-117.50545,38.64179],[-117.50561,38.64159],[-117.50592,38.64111],[-117.50609,38.64093],[-117.50634,38.64072],[-117.50647,38.64055],[-117.50658,38.64027],[-117.50672,38.63998],[-117.50694,38.63969],[-117.5071,38.63945],[-117.50718,38.63925],[-117.50723,38.63897],[-117.50735,38.63874],[-117.50755,38.63855],[-117.50848,38.63794],[-117.50871,38.63744],[-117.50864,38.63704],[-117.50867,38.63694],[-117.50874,38.63687],[-117.5089,38.63671],[-117.50952,38.63592],[-117.50977,38.63557],[-117.50997,38.63526]]}},{"type":"Feature","properties":{"name":"(unnamed public road)","road_class":"track","surface":"unpaved","source":"OpenStreetMap","source_detail":"osm way 1097607059","source_tile":"177/392"},"geometry":{"type":"LineString","coordinates":[[-117.50058,38.65122],[-117.50079,38.65124],[-117.50124,38.65136],[-117.50127,38.65139],[-117.50168,38.65146],[-117.50197,38.65159],[-117.50232,38.65169],[-117.50306,38.65177],[-117.50327,38.65174],[-117.50397,38.65155],[-117.50439,38.65148],[-117.50455,38.65148],[-117.5052,38.65153],[-117.50539,38.65156],[-117.50572,38.65166],[-117.50592,38.65176],[-117.50606,38.65187],[-117.50647,38.65225],[-117.507,38.65273],[-117.50747,38.65302],[-117.50779,38.65317],[-117.50805,38.65326],[-117.5082,38.6533],[-117.50837,38.65331],[-117.50862,38.6533],[-117.50896,38.65325],[-117.50977,38.65321],[-117.51065,38.65321],[-117.51088,38.65318],[-117.51119,38.65319],[-117.51151,38.65322],[-117.51178,38.65326],[-117.51187,38.65325],[-117.51244,38.65313],[-117.51287,38.65307],[-117.51348,38.65301],[-117.51436,38.65289],[-117.5146,38.65284],[-117.51468,38.65281],[-117.51508,38.65259],[-117.51535,38.6522],[-117.51551,38.65211],[-117.51565,38.65211],[-117.51621,38.65232]]}},{"type":"Feature","properties":{"name":"(unnamed public road)","road_class":"track","surface":"unpaved","source":"OpenStreetMap","source_detail":"osm way 1097607061","source_tile":"177/392"},"geometry":{"type":"LineString","coordinates":[[-117.51813,38.64719],[-117.51922,38.64734],[-117.51985,38.64763],[-117.52004,38.64771],[-117.52047,38.64795],[-117.52128,38.64826],[-117.52151,38.64843],[-117.52183,38.6486],[-117.52188,38.6486],[-117.52199,38.64861],[-117.52223,38.64868],[-117.52262,38.64872],[-117.52297,38.64877],[-117.52313,38.64879],[-117.52335,38.64882],[-117.52373,38.64885],[-117.52386,38.6489],[-117.52445,38.64922],[-117.52466,38.64932],[-117.5251,38.64949],[-117.52516,38.64953],[-117.52519,38.64959]]}},{"type":"Feature","properties":{"name":"(unnamed public road)","road_class":"track","surface":"unpaved","source":"OpenStreetMap","source_detail":"osm way 1097607064","source_tile":"177/392"},"geometry":{"type":"LineString","coordinates":[[-117.52313,38.64879],[-117.52306,38.64868],[-117.52275,38.64846],[-117.52251,38.64819],[-117.52232,38.6478],[-117.52235,38.6477],[-117.52245,38.6476],[-117.52269,38.64747],[-117.52291,38.64727],[-117.52309,38.64707],[-117.52328,38.64696]]}},{"type":"Feature","properties":{"name":"(unnamed public road)","road_class":"track","surface":"unpaved","source":"OpenStreetMap","source_detail":"osm way 1097607067","source_tile":"177/392"},"geometry":{"type":"LineString","coordinates":[[-117.52445,38.64922],[-117.52444,38.64922],[-117.52442,38.64922],[-117.52431,38.64929],[-117.52419,38.64938],[-117.52412,38.64943],[-117.52409,38.64947],[-117.52408,38.6495],[-117.52409,38.64954],[-117.52414,38.64958],[-117.52429,38.64963],[-117.52444,38.64967],[-117.52459,38.64967],[-117.52474,38.64967],[-117.52487,38.64963],[-117.52514,38.64961],[-117.52519,38.64959],[-117.5256,38.64959],[-117.52583,38.64953]]}},{"type":"Feature","properties":{"name":"(unnamed public road)","road_class":"track","surface":"unpaved","source":"OpenStreetMap","source_detail":"osm way 1097607070","source_tile":"177/392"},"geometry":{"type":"LineString","coordinates":[[-117.56185,38.65191],[-117.56224,38.65235],[-117.5627,38.65301],[-117.563,38.65324],[-117.56342,38.6535],[-117.56362,38.65365],[-117.56402,38.65417],[-117.56424,38.6543],[-117.56457,38.65445],[-117.56496,38.65461],[-117.56504,38.65496],[-117.56493,38.65561],[-117.56474,38.65619],[-117.5649,38.65655]]}},{"type":"Feature","properties":{"name":"(unnamed public road)","road_class":"track","surface":"unpaved","source":"OpenStreetMap","source_detail":"osm way 1097607862","source_tile":"177/392"},"geometry":{"type":"LineString","coordinates":[[-117.52262,38.77257],[-117.52253,38.77246],[-117.52236,38.77233],[-117.52226,38.77222],[-117.5222,38.7722],[-117.52201,38.77218],[-117.52177,38.77203],[-117.52151,38.77192],[-117.52137,38.77189],[-117.52105,38.77197],[-117.52087,38.77195],[-117.52071,38.7719],[-117.52044,38.77177],[-117.5202,38.77177],[-117.5201,38.77174],[-117.51946,38.77145],[-117.51899,38.77126],[-117.51838,38.77113],[-117.51791,38.77097],[-117.51712,38.77081],[-117.51679,38.77071],[-117.51663,38.77069],[-117.51646,38.7707],[-117.51586,38.77081],[-117.51561,38.77081],[-117.51548,38.7708],[-117.51515,38.77086],[-117.51503,38.77084],[-117.51472,38.77074],[-117.51455,38.77071],[-117.51446,38.77072],[-117.51377,38.77086],[-117.5133,38.77089],[-117.51303,38.77088],[-117.51237,38.77075],[-117.51203,38.77075],[-117.51133,38.7708],[-117.50977,38.77106],[-117.50928,38.77112],[-117.50852,38.77135],[-117.50831,38.77147],[-117.50817,38.77151],[-117.50796,38.7716],[-117.50769,38.77174],[-117.50752,38.77179],[-117.50726,38.77182],[-117.50708,38.77184],[-117.50695,38.77193],[-117.50696,38.77209],[-117.50699,38.77218]]}},{"type":"Feature","properties":{"name":"(unnamed public road)","road_class":"track","source":"OpenStreetMap","source_detail":"osm way 1097607866","source_tile":"177/392","surface_inferred":true},"geometry":{"type":"LineString","coordinates":[[-117.50851,38.77107],[-117.50831,38.77147],[-117.50834,38.77167],[-117.50845,38.77201],[-117.50857,38.77229]]}},{"type":"Feature","properties":{"name":"(unnamed public road)","road_class":"track","surface":"unpaved","source":"OpenStreetMap","source_detail":"osm way 1097607867","source_tile":"177/392"},"geometry":{"type":"LineString","coordinates":[[-117.49644,38.77155],[-117.49613,38.77118],[-117.49562,38.77068]]}},{"type":"Feature","properties":{"name":"(unnamed public road)","road_class":"track","surface":"unpaved","source":"OpenStreetMap","source_detail":"osm way 1097607868","source_tile":"177/392"},"geometry":{"type":"LineString","coordinates":[[-117.47144,38.76253],[-117.4716,38.7625],[-117.47179,38.76252],[-117.47221,38.76259],[-117.47249,38.7627],[-117.47275,38.76274],[-117.47321,38.76303],[-117.47391,38.76303],[-117.4746,38.76326],[-117.47514,38.76338],[-117.47551,38.76343],[-117.4759,38.76343],[-117.47617,38.76346],[-117.47644,38.7635],[-117.47688,38.76359],[-117.47764,38.76369],[-117.47817,38.76385],[-117.47858,38.76392],[-117.47904,38.76406],[-117.47997,38.76405],[-117.48058,38.76414],[-117.48093,38.76423],[-117.48134,38.76431],[-117.48165,38.76442],[-117.48238,38.76462],[-117.48273,38.76476],[-117.48324,38.76501],[-117.48339,38.76505],[-117.48378,38.76512],[-117.48422,38.76524],[-117.48436,38.76527],[-117.48456,38.76527],[-117.48481,38.76523],[-117.48517,38.76519],[-117.48544,38.76513],[-117.48578,38.76498],[-117.48599,38.76481],[-117.48609,38.76461]]}},{"type":"Feature","properties":{"name":"(unnamed public road)","road_class":"track","surface":"unpaved","source":"OpenStreetMap","source_detail":"osm way 1097607869","source_tile":"177/392"},"geometry":{"type":"LineString","coordinates":[[-117.48392,38.7622],[-117.48389,38.76283],[-117.4834,38.76319],[-117.48305,38.76348]]}},{"type":"Feature","properties":{"name":"(unnamed public road)","road_class":"track","surface":"unpaved","source":"OpenStreetMap","source_detail":"osm way 1097607870","source_tile":"177/392"},"geometry":{"type":"LineString","coordinates":[[-117.4834,38.76319],[-117.48266,38.76241],[-117.48237,38.76219],[-117.4819,38.76186],[-117.48164,38.76162]]}},{"type":"Feature","properties":{"name":"(unnamed public road)","road_class":"track","surface":"unpaved","source":"OpenStreetMap","source_detail":"osm way 1097607871","source_tile":"177/392"},"geometry":{"type":"LineString","coordinates":[[-117.48112,38.7623],[-117.48149,38.76175],[-117.48164,38.76162],[-117.4817,38.7614]]}},{"type":"Feature","properties":{"name":"(unnamed public road)","road_class":"track","surface":"unpaved","source":"OpenStreetMap","source_detail":"osm way 1097607872","source_tile":"177/392"},"geometry":{"type":"LineString","coordinates":[[-117.47975,38.74713],[-117.47947,38.74742],[-117.47905,38.74823],[-117.47901,38.74834],[-117.47864,38.7489],[-117.47851,38.74913],[-117.47845,38.7493],[-117.4784,38.74954],[-117.47835,38.74994],[-117.47837,38.75045],[-117.47834,38.75074],[-117.47843,38.75143],[-117.47843,38.75171],[-117.47834,38.75206],[-117.47812,38.75264],[-117.47797,38.75313],[-117.47796,38.75325],[-117.47801,38.75338],[-117.47841,38.75395],[-117.47873,38.75438],[-117.47878,38.75448],[-117.47875,38.75491],[-117.47883,38.75555],[-117.47903,38.75613],[-117.47921,38.75633],[-117.47952,38.75665],[-117.47971,38.75691],[-117.47988,38.75718],[-117.48016,38.75772],[-117.48009,38.75783],[-117.47992,38.7579],[-117.4798,38.75791],[-117.47969,38.75795],[-117.4797,38.75802],[-117.47979,38.75807],[-117.48011,38.75819],[-117.4803,38.75834],[-117.48042,38.75866],[-117.48055,38.75884],[-117.48053,38.75906],[-117.48055,38.75915],[-117.48055,38.75927],[-117.48042,38.75979],[-117.48031,38.75997],[-117.47983,38.7604],[-117.47952,38.7606],[-117.47944,38.76062],[-117.47938,38.76063],[-117.47924,38.76061],[-117.47917,38.76058],[-117.47907,38.76058],[-117.479,38.76061],[-117.47895,38.76088],[-117.47906,38.76175]]}},{"type":"Feature","properties":{"name":"(unnamed public road)","road_class":"track","source":"OpenStreetMap","source_detail":"osm way 1097607873","source_tile":"177/392","surface_inferred":true},"geometry":{"type":"LineString","coordinates":[[-117.4797,38.75802],[-117.47956,38.758],[-117.47934,38.75801],[-117.47906,38.75804],[-117.47865,38.75819],[-117.47837,38.75832]]}},{"type":"Feature","properties":{"name":"(unnamed public road)","road_class":"track","source":"OpenStreetMap","source_detail":"osm way 1097607874","source_tile":"177/392","surface_inferred":true},"geometry":{"type":"LineString","coordinates":[[-117.48599,38.79255],[-117.48598,38.79273],[-117.48605,38.79287],[-117.48617,38.79302]]}},{"type":"Feature","properties":{"name":"(unnamed public road)","road_class":"track","surface":"unpaved","source":"OpenStreetMap","source_detail":"osm way 1097607875","source_tile":"177/392"},"geometry":{"type":"LineString","coordinates":[[-117.49065,38.79669],[-117.49048,38.79692],[-117.48941,38.79751],[-117.48885,38.79792],[-117.48866,38.79812],[-117.48834,38.79856],[-117.48807,38.7988],[-117.4877,38.79922],[-117.48746,38.7994],[-117.48713,38.79958],[-117.48699,38.79968],[-117.48693,38.79978],[-117.48689,38.79998],[-117.48683,38.80014],[-117.48669,38.80035],[-117.48661,38.80062],[-117.48644,38.80096],[-117.48625,38.80112],[-117.48613,38.80132],[-117.48604,38.80142],[-117.48572,38.80158],[-117.48531,38.80197],[-117.48531,38.80201],[-117.48532,38.80204],[-117.48544,38.80212],[-117.48548,38.80217],[-117.48542,38.80233],[-117.48542,38.80239],[-117.48547,38.8025],[-117.48546,38.80258],[-117.4854,38.80272],[-117.48531,38.80286],[-117.48526,38.80308],[-117.48519,38.80319],[-117.485,38.8034],[-117.48463,38.80378],[-117.48391,38.8044],[-117.48361,38.80463],[-117.48308,38.80495],[-117.48286,38.8051],[-117.48214,38.80551],[-117.48196,38.80566],[-117.48173,38.80591],[-117.48165,38.80597],[-117.48145,38.80608],[-117.48139,38.80613],[-117.48135,38.80622],[-117.48133,38.8063],[-117.48114,38.80668],[-117.48098,38.80712],[-117.4807,38.80764],[-117.48056,38.80784],[-117.48048,38.80788],[-117.48026,38.8079],[-117.48006,38.80796],[-117.47994,38.80794],[-117.47968,38.80786],[-117.47954,38.80786],[-117.4793,38.80796],[-117.47902,38.80807],[-117.47882,38.80831]]}},{"type":"Feature","properties":{"name":"(unnamed public road)","road_class":"track","surface":"unpaved","source":"OpenStreetMap","source_detail":"osm way 1097607876","source_tile":"177/392"},"geometry":{"type":"LineString","coordinates":[[-117.49487,38.79605],[-117.4944,38.79579],[-117.49381,38.79537],[-117.49376,38.79532],[-117.49341,38.7951],[-117.49285,38.79482],[-117.49212,38.79441],[-117.4917,38.7942],[-117.49134,38.79404],[-117.49108,38.79388],[-117.49071,38.7937],[-117.49024,38.7935],[-117.4898,38.79324],[-117.48973,38.79321],[-117.48969,38.79317],[-117.48962,38.79314],[-117.48914,38.79282],[-117.48809,38.7924],[-117.48796,38.79232],[-117.48773,38.79215],[-117.48766,38.79208],[-117.48707,38.79176],[-117.48684,38.79166],[-117.48606,38.7915]]}},{"type":"Feature","properties":{"name":"(unnamed public road)","road_class":"track","surface":"unpaved","source":"OpenStreetMap","source_detail":"osm way 1097607877","source_tile":"177/392"},"geometry":{"type":"LineString","coordinates":[[-117.46644,38.77556],[-117.46691,38.77542],[-117.46776,38.77529],[-117.4683,38.77517],[-117.46842,38.77517],[-117.46872,38.7752],[-117.46938,38.77519],[-117.46988,38.77517],[-117.47037,38.77517],[-117.47055,38.77515],[-117.47082,38.77515],[-117.47135,38.77511],[-117.47148,38.77513],[-117.47165,38.77519],[-117.4718,38.77521],[-117.47237,38.77519],[-117.47273,38.77521],[-117.47301,38.77518],[-117.47333,38.77517],[-117.47348,38.7752],[-117.47387,38.77537],[-117.474,38.7754],[-117.47418,38.77541],[-117.47473,38.77541],[-117.47498,38.77543],[-117.47522,38.77542],[-117.4756,38.77537],[-117.47582,38.77537],[-117.47631,38.77543],[-117.47673,38.77546],[-117.47722,38.77559],[-117.47783,38.77568],[-117.47806,38.77576],[-117.47822,38.77584],[-117.47833,38.7759],[-117.47847,38.77611],[-117.47853,38.77615],[-117.4786,38.77617],[-117.47883,38.7762],[-117.47896,38.77623],[-117.47923,38.77635],[-117.47963,38.77651],[-117.47994,38.77673],[-117.48037,38.77693],[-117.48048,38.777],[-117.48063,38.77715],[-117.48086,38.7773],[-117.48104,38.77753],[-117.48129,38.77776],[-117.48145,38.77799],[-117.48167,38.7781],[-117.48183,38.77826],[-117.4825,38.77866],[-117.48262,38.77876],[-117.48315,38.77933],[-117.48358,38.77977],[-117.48388,38.78012],[-117.48424,38.78043],[-117.48438,38.78059],[-117.48469,38.78078],[-117.48511,38.7811],[-117.48556,38.78154],[-117.48575,38.78181],[-117.48586,38.78191],[-117.48606,38.78207],[-117.48616,38.78218],[-117.48653,38.78243],[-117.487,38.78272],[-117.48706,38.78277],[-117.48721,38.78287],[-117.48725,38.78291],[-117.48729,38.78292],[-117.48737,38.783],[-117.48748,38.78306],[-117.48776,38.78326],[-117.48782,38.78333],[-117.48845,38.7838],[-117.48918,38.78437],[-117.48972,38.78485]]}},{"type":"Feature","properties":{"name":"(unnamed public road)","road_class":"track","surface":"unpaved","source":"OpenStreetMap","source_detail":"osm way 1097607878","source_tile":"177/392"},"geometry":{"type":"LineString","coordinates":[[-117.46397,38.77581],[-117.4639,38.77606],[-117.46382,38.77618],[-117.46373,38.77622],[-117.46347,38.77626],[-117.463,38.7765],[-117.46262,38.77662],[-117.46246,38.77672],[-117.46223,38.77701],[-117.4621,38.7771],[-117.46191,38.7772],[-117.4618,38.77723],[-117.4617,38.77723],[-117.46131,38.77716],[-117.46095,38.77716],[-117.46074,38.77715],[-117.46035,38.7772],[-117.46024,38.77725],[-117.45996,38.7775],[-117.45993,38.77758],[-117.45996,38.77782],[-117.45973,38.77831],[-117.45927,38.77895],[-117.45906,38.77904],[-117.45862,38.77897],[-117.4584,38.77893],[-117.45825,38.77886],[-117.45801,38.77864],[-117.45748,38.77846]]}},{"type":"Feature","properties":{"name":"(unnamed public road)","road_class":"track","surface":"unpaved","source":"OpenStreetMap","source_detail":"osm way 1097607879","source_tile":"177/392"},"geometry":{"type":"LineString","coordinates":[[-117.49064,38.78312],[-117.49135,38.78373],[-117.49159,38.78409],[-117.49182,38.78438],[-117.49232,38.78474],[-117.49254,38.78512],[-117.49289,38.78564],[-117.49306,38.78599],[-117.49309,38.78636],[-117.49317,38.78646],[-117.4935,38.78673],[-117.49355,38.78675]]}},{"type":"Feature","properties":{"name":"(unnamed public road)","road_class":"track","surface":"unpaved","source":"OpenStreetMap","source_detail":"osm way 1097607880","source_tile":"177/392"},"geometry":{"type":"LineString","coordinates":[[-117.45927,38.77895],[-117.45957,38.77956],[-117.45957,38.77966],[-117.4595,38.77982],[-117.45945,38.78007],[-117.45914,38.78036],[-117.45904,38.78051],[-117.45902,38.78062],[-117.45907,38.78074],[-117.45928,38.78102],[-117.45934,38.78159]]}},{"type":"Feature","properties":{"name":"(unnamed public road)","road_class":"track","surface":"unpaved","source":"OpenStreetMap","source_detail":"osm way 1097607881","source_tile":"177/392"},"geometry":{"type":"LineString","coordinates":[[-117.45151,38.77075],[-117.45145,38.77071],[-117.45134,38.7706],[-117.45125,38.77047],[-117.45118,38.77039],[-117.45093,38.76993],[-117.45076,38.76971],[-117.45064,38.76959],[-117.45041,38.76943],[-117.45026,38.76937],[-117.4501,38.76932],[-117.44981,38.76921],[-117.4493,38.76899],[-117.44894,38.76881],[-117.44873,38.76873],[-117.4483,38.76864],[-117.44809,38.76857],[-117.44779,38.76851],[-117.44745,38.7684],[-117.44722,38.76838],[-117.44698,38.76839],[-117.44685,38.7684],[-117.44613,38.76855],[-117.4456,38.76864],[-117.44532,38.76864],[-117.44491,38.7686],[-117.44424,38.76856],[-117.44361,38.76848],[-117.44312,38.76848],[-117.44141,38.76839],[-117.44089,38.76839],[-117.44043,38.76845],[-117.44,38.76845],[-117.43972,38.76847],[-117.43957,38.76847],[-117.43945,38.76843],[-117.43918,38.7683],[-117.43886,38.7682],[-117.43826,38.76796],[-117.43797,38.7679],[-117.43784,38.76786],[-117.43776,38.76779],[-117.43764,38.76762],[-117.43732,38.76727],[-117.43664,38.76684],[-117.43667,38.7666],[-117.4368,38.76649],[-117.43715,38.76631],[-117.43725,38.76624],[-117.43739,38.76611],[-117.43751,38.76593],[-117.4376,38.76586],[-117.43775,38.76581],[-117.43782,38.7658],[-117.43797,38.76583],[-117.43819,38.7659],[-117.43831,38.7659],[-117.43835,38.76587],[-117.43843,38.76576],[-117.43851,38.76568],[-117.4389,38.76541],[-117.43902,38.76536],[-117.43929,38.76536]]}},{"type":"Feature","properties":{"name":"(unnamed public road)","road_class":"track","surface":"unpaved","source":"OpenStreetMap","source_detail":"osm way 1097607882","source_tile":"177/392"},"geometry":{"type":"LineString","coordinates":[[-117.45167,38.7704],[-117.4516,38.7704],[-117.45125,38.77047]]}},{"type":"Feature","properties":{"name":"(unnamed public road)","road_class":"track","surface":"unpaved","source":"OpenStreetMap","source_detail":"osm way 1097607883","source_tile":"177/392"},"geometry":{"type":"LineString","coordinates":[[-117.45158,38.77058],[-117.45144,38.77058],[-117.45134,38.7706],[-117.44946,38.77151],[-117.44877,38.77171],[-117.44773,38.77203],[-117.44729,38.77214],[-117.44681,38.77236],[-117.44673,38.77241],[-117.44643,38.77255],[-117.44606,38.77271],[-117.44558,38.77298],[-117.44533,38.77318],[-117.44523,38.77325],[-117.44472,38.77358],[-117.44434,38.77398],[-117.44412,38.77432]]}},{"type":"Feature","properties":{"name":"(unnamed public road)","road_class":"track","surface":"unpaved","source":"OpenStreetMap","source_detail":"osm way 1097607884","source_tile":"177/392"},"geometry":{"type":"LineString","coordinates":[[-117.44277,38.7774],[-117.44302,38.77705],[-117.44299,38.7769],[-117.44285,38.77668],[-117.44278,38.77651],[-117.44281,38.77591],[-117.44343,38.77568],[-117.44372,38.77556],[-117.44406,38.77542],[-117.44455,38.77529],[-117.44494,38.7751],[-117.44505,38.775],[-117.44517,38.77485],[-117.44527,38.77479],[-117.44543,38.77471],[-117.44559,38.77467],[-117.4458,38.77459],[-117.44642,38.77427],[-117.44687,38.77384],[-117.44694,38.77375],[-117.44695,38.77364],[-117.44711,38.77351],[-117.44764,38.77338],[-117.44786,38.77339],[-117.44824,38.77347],[-117.44856,38.77346],[-117.44885,38.77334],[-117.44911,38.77326],[-117.44946,38.77325],[-117.44967,38.77318],[-117.45018,38.77318],[-117.45041,38.77321],[-117.4506,38.7732],[-117.4509,38.77313],[-117.45098,38.77305],[-117.45102,38.77293],[-117.45108,38.77283],[-117.45123,38.77284],[-117.45145,38.77289],[-117.45164,38.77283],[-117.45169,38.77277],[-117.4515,38.7726],[-117.45146,38.77246],[-117.45146,38.77199],[-117.45153,38.77155],[-117.45151,38.77075],[-117.45154,38.77072],[-117.45158,38.77058],[-117.45161,38.77055],[-117.45167,38.77044],[-117.45167,38.7704],[-117.45195,38.77018],[-117.45229,38.77001],[-117.45255,38.76986],[-117.45295,38.76946],[-117.4532,38.76901],[-117.45314,38.76858],[-117.45306,38.7684],[-117.45284,38.76818],[-117.4528,38.76808],[-117.45277,38.76768],[-117.45283,38.76746],[-117.45284,38.76737],[-117.45282,38.76731],[-117.45275,38.76722],[-117.4526,38.76713],[-117.45254,38.76707],[-117.45251,38.76693],[-117.45248,38.76686],[-117.45224,38.76651],[-117.4522,38.7664],[-117.45226,38.76613],[-117.45216,38.76585],[-117.45198,38.76561],[-117.45168,38.7654],[-117.45158,38.76524],[-117.45141,38.7651],[-117.45133,38.765],[-117.45114,38.76483],[-117.45106,38.76471],[-117.45099,38.76466],[-117.45078,38.76456],[-117.45058,38.76442],[-117.45056,38.76438],[-117.45057,38.76431],[-117.45069,38.76402],[-117.45069,38.76395],[-117.45058,38.76378],[-117.45059,38.76356],[-117.45044,38.76339],[-117.45007,38.76305],[-117.44975,38.7627],[-117.4497,38.76266],[-117.44953,38.76257],[-117.4493,38.76225],[-117.44925,38.76205],[-117.44922,38.76203],[-117.44911,38.76175],[-117.44911,38.76171],[-117.44879,38.76131],[-117.44876,38.76113],[-117.44859,38.76087],[-117.44877,38.76067],[-117.44889,38.7605],[-117.44886,38.76031],[-117.44908,38.76013],[-117.44945,38.75999],[-117.44973,38.75986]]}},{"type":"Feature","properties":{"name":"(unnamed public road)","road_class":"track","surface":"unpaved","source":"OpenStreetMap","source_detail":"osm way 1097607885","source_tile":"177/392"},"geometry":{"type":"LineString","coordinates":[[-117.45198,38.76561],[-117.45242,38.76519],[-117.45245,38.76513],[-117.45257,38.76461],[-117.45271,38.76441],[-117.45274,38.76424],[-117.45271,38.764],[-117.45279,38.76366]]}},{"type":"Feature","properties":{"name":"(unnamed public road)","road_class":"track","surface":"unpaved","source":"OpenStreetMap","source_detail":"osm way 1097607886","source_tile":"177/392"},"geometry":{"type":"LineString","coordinates":[[-117.44527,38.76208],[-117.44551,38.76192],[-117.44573,38.7619],[-117.44587,38.76185],[-117.44607,38.76177],[-117.44637,38.76156],[-117.44667,38.76135],[-117.44683,38.7613],[-117.44711,38.76133],[-117.44723,38.76128],[-117.44744,38.76127],[-117.44782,38.76123],[-117.44803,38.76121],[-117.44815,38.76117],[-117.44828,38.76112],[-117.44844,38.761],[-117.44859,38.76087]]}},{"type":"Feature","properties":{"name":"(unnamed public road)","road_class":"track","surface":"unpaved","source":"OpenStreetMap","source_detail":"osm way 1097607887","source_tile":"177/392"},"geometry":{"type":"LineString","coordinates":[[-117.43664,38.76684],[-117.43631,38.76696],[-117.43608,38.76715],[-117.43603,38.76723],[-117.436,38.76731],[-117.436,38.76749],[-117.43598,38.76759],[-117.43591,38.76772],[-117.43581,38.76785],[-117.43574,38.76789],[-117.43533,38.76806],[-117.43523,38.76812],[-117.43518,38.76817],[-117.43513,38.76827],[-117.43497,38.76844],[-117.43483,38.7685],[-117.4346,38.76856],[-117.4344,38.76864],[-117.43418,38.76877],[-117.43403,38.76881],[-117.43372,38.76886],[-117.43301,38.7689],[-117.43276,38.76885],[-117.43237,38.76892],[-117.43185,38.76914],[-117.43171,38.76923],[-117.43163,38.76931],[-117.43153,38.76946],[-117.43133,38.76979],[-117.43127,38.76993],[-117.43126,38.77016],[-117.43123,38.77029],[-117.43117,38.77039],[-117.43096,38.77065],[-117.43097,38.77099],[-117.43109,38.77133]]}},{"type":"Feature","properties":{"name":"(unnamed public road)","road_class":"track","surface":"unpaved","source":"OpenStreetMap","source_detail":"osm way 1097607888","source_tile":"177/392"},"geometry":{"type":"LineString","coordinates":[[-117.44343,38.77568],[-117.44347,38.77573],[-117.44364,38.77588],[-117.4437,38.77591],[-117.44376,38.77592],[-117.44441,38.77636],[-117.44453,38.77659],[-117.4447,38.77681],[-117.44516,38.77726],[-117.44515,38.77756],[-117.44501,38.77767],[-117.44471,38.77772],[-117.44449,38.77771],[-117.44386,38.77764],[-117.44354,38.77755],[-117.44335,38.77747],[-117.44277,38.7774],[-117.44213,38.77746],[-117.44118,38.77742],[-117.44095,38.77745],[-117.44065,38.77753],[-117.44049,38.7776],[-117.44021,38.77775],[-117.43958,38.77821],[-117.43887,38.77862],[-117.43842,38.77898],[-117.43832,38.77907],[-117.43818,38.77919],[-117.43715,38.77997],[-117.43685,38.78028],[-117.43655,38.78033],[-117.43639,38.78033],[-117.43617,38.7803],[-117.43601,38.78031],[-117.43571,38.78037],[-117.43528,38.78038],[-117.43505,38.78043],[-117.43479,38.78055],[-117.4346,38.78063],[-117.43452,38.78109],[-117.43427,38.78139],[-117.43385,38.78181]]}},{"type":"Feature","properties":{"name":"(unnamed public road)","road_class":"track","surface":"unpaved","source":"OpenStreetMap","source_detail":"osm way 1097607889","source_tile":"177/392"},"geometry":{"type":"LineString","coordinates":[[-117.43813,38.77902],[-117.43757,38.77869],[-117.43744,38.77857],[-117.43742,38.77839],[-117.4374,38.77834],[-117.43733,38.77826],[-117.43707,38.77814],[-117.43697,38.778],[-117.4369,38.77794],[-117.43659,38.77783],[-117.4365,38.77778],[-117.43637,38.77761],[-117.43618,38.77748],[-117.43557,38.77734]]}},{"type":"Feature","properties":{"name":"(unnamed public road)","road_class":"track","surface":"unpaved","source":"OpenStreetMap","source_detail":"osm way 1097607890","source_tile":"177/392"},"geometry":{"type":"LineString","coordinates":[[-117.43842,38.77898],[-117.43825,38.77902],[-117.43813,38.77902]]}},{"type":"Feature","properties":{"name":"(unnamed public road)","road_class":"track","surface":"unpaved","source":"OpenStreetMap","source_detail":"osm way 1097607891","source_tile":"177/392"},"geometry":{"type":"LineString","coordinates":[[-117.43813,38.77902],[-117.43817,38.7791],[-117.43818,38.77919]]}},{"type":"Feature","properties":{"name":"(unnamed public road)","road_class":"track","surface":"unpaved","source":"OpenStreetMap","source_detail":"osm way 1097607892","source_tile":"177/392"},"geometry":{"type":"LineString","coordinates":[[-117.43386,38.77969],[-117.43436,38.77997],[-117.43449,38.78007],[-117.43462,38.78035],[-117.43479,38.78055],[-117.43499,38.78107],[-117.43523,38.78132],[-117.43536,38.78156],[-117.43549,38.78167],[-117.4357,38.78178],[-117.43593,38.78194],[-117.4361,38.78212],[-117.43632,38.78239],[-117.43637,38.78249],[-117.43652,38.78302],[-117.43658,38.78313],[-117.43663,38.78318],[-117.43703,38.78343],[-117.43714,38.78355],[-117.43733,38.7838],[-117.43739,38.78391],[-117.4376,38.78467],[-117.43759,38.7848],[-117.4375,38.78491]]}},{"type":"Feature","properties":{"name":"(unnamed public road)","road_class":"track","surface":"unpaved","source":"OpenStreetMap","source_detail":"osm way 1097607893","source_tile":"177/392"},"geometry":{"type":"LineString","coordinates":[[-117.44372,38.77556],[-117.44374,38.77575],[-117.44377,38.77587],[-117.44376,38.77592]]}},{"type":"Feature","properties":{"name":"(unnamed public road)","road_class":"track","source":"OpenStreetMap","source_detail":"osm way 1102173817","source_tile":"177/392","surface_inferred":true},"geometry":{"type":"LineString","coordinates":[[-117.43509,38.75028],[-117.43557,38.75013],[-117.43578,38.75011],[-117.43625,38.75017],[-117.4366,38.75025],[-117.43675,38.75026],[-117.43731,38.75017],[-117.43756,38.75015],[-117.43791,38.75007],[-117.43799,38.75007],[-117.43806,38.7501],[-117.43826,38.75025],[-117.43841,38.7503],[-117.43863,38.75027],[-117.43888,38.75022],[-117.43894,38.75023],[-117.43901,38.75028],[-117.43903,38.7504],[-117.43891,38.75072],[-117.43898,38.75081],[-117.43907,38.75088],[-117.43931,38.75101],[-117.43962,38.75114],[-117.44052,38.75154]]}},{"type":"Feature","properties":{"name":"(unnamed public road)","road_class":"track","surface":"unpaved","source":"OpenStreetMap","source_detail":"osm way 1102173818","source_tile":"177/392"},"geometry":{"type":"LineString","coordinates":[[-117.43509,38.75028],[-117.43489,38.75013],[-117.43477,38.74996],[-117.43473,38.74981],[-117.43473,38.74971],[-117.43471,38.74967],[-117.43459,38.74959],[-117.4344,38.74949],[-117.43422,38.74935],[-117.43417,38.74929],[-117.43398,38.74889],[-117.43368,38.74849],[-117.43356,38.74843],[-117.43317,38.74829],[-117.43308,38.74824],[-117.433,38.74815],[-117.43299,38.74807],[-117.43304,38.74785],[-117.43299,38.7474],[-117.43292,38.74712],[-117.43295,38.74692],[-117.43294,38.74683],[-117.4329,38.74678],[-117.43261,38.74663],[-117.43245,38.74651],[-117.4323,38.74634],[-117.43227,38.74611],[-117.43199,38.74575],[-117.43176,38.74558],[-117.4317,38.74552],[-117.43142,38.74542],[-117.43107,38.74517],[-117.43094,38.74499]]}},{"type":"Feature","properties":{"name":"(unnamed public road)","road_class":"track","surface":"unpaved","source":"OpenStreetMap","source_detail":"osm way 1102173820","source_tile":"177/392"},"geometry":{"type":"LineString","coordinates":[[-117.46279,38.75737],[-117.46275,38.75713],[-117.46269,38.75696],[-117.46234,38.75642],[-117.46218,38.75606],[-117.46215,38.75579],[-117.46203,38.75533],[-117.46185,38.75514],[-117.46177,38.75478],[-117.46145,38.75454],[-117.46124,38.7544],[-117.46117,38.75408],[-117.46109,38.75387],[-117.46089,38.75361],[-117.46067,38.75343],[-117.46035,38.75306],[-117.46024,38.75296],[-117.46007,38.75283],[-117.45985,38.75272],[-117.45979,38.75266],[-117.45977,38.7526],[-117.45977,38.75248],[-117.4598,38.7523],[-117.45977,38.75216],[-117.45941,38.75161],[-117.45939,38.75148],[-117.45922,38.75124],[-117.45915,38.751],[-117.45895,38.75069],[-117.45886,38.75039],[-117.45875,38.75027],[-117.45861,38.75016],[-117.45843,38.74998],[-117.45841,38.74981],[-117.45856,38.74964]]}},{"type":"Feature","properties":{"name":"(unnamed public road)","road_class":"track","surface":"unpaved","source":"OpenStreetMap","source_detail":"osm way 1102173821","source_tile":"177/392"},"geometry":{"type":"LineString","coordinates":[[-117.4643,38.76836],[-117.46428,38.76763],[-117.46443,38.76725],[-117.46467,38.767],[-117.46478,38.76693],[-117.4654,38.76667],[-117.46583,38.76644],[-117.4666,38.76615],[-117.46711,38.76604],[-117.46747,38.76593],[-117.46791,38.76587],[-117.46818,38.76582],[-117.46837,38.76575],[-117.46875,38.76559],[-117.46904,38.7654],[-117.46913,38.76533],[-117.46924,38.76521],[-117.46931,38.76508],[-117.4693,38.76487],[-117.46933,38.76479],[-117.46955,38.76452],[-117.4696,38.76449],[-117.46969,38.76446],[-117.46996,38.76443],[-117.47025,38.76442],[-117.4704,38.76443],[-117.47053,38.76448],[-117.47092,38.76474],[-117.47099,38.76481],[-117.47118,38.76512],[-117.47135,38.76526],[-117.47158,38.76552],[-117.47179,38.76572],[-117.47189,38.76581],[-117.472,38.76585],[-117.47215,38.76589],[-117.47251,38.76592],[-117.47278,38.76596],[-117.47288,38.76594],[-117.47305,38.76584],[-117.47372,38.76577],[-117.47394,38.7657],[-117.47404,38.76569],[-117.47432,38.76574],[-117.47455,38.76575],[-117.47506,38.76565],[-117.47592,38.7656],[-117.47624,38.76553],[-117.47702,38.76552],[-117.47733,38.76549],[-117.47743,38.76544],[-117.47786,38.76507],[-117.47808,38.76491],[-117.47812,38.76485],[-117.47814,38.76475],[-117.47819,38.76468],[-117.47845,38.76445],[-117.47864,38.76422],[-117.47904,38.76406]]}},{"type":"Feature","properties":{"name":"(unnamed public road)","road_class":"track","surface":"unpaved","source":"OpenStreetMap","source_detail":"osm way 1102175475","source_tile":"177/392"},"geometry":{"type":"LineString","coordinates":[[-117.52406,38.75505],[-117.52372,38.75491],[-117.52318,38.75487],[-117.52289,38.75479],[-117.52266,38.75466],[-117.52232,38.75463],[-117.52192,38.75451],[-117.5217,38.75452],[-117.5209,38.75464],[-117.52077,38.75464],[-117.52062,38.75462],[-117.52053,38.75463],[-117.5204,38.75468],[-117.52019,38.7548],[-117.52009,38.75484],[-117.52,38.75486],[-117.51981,38.75485],[-117.51936,38.75478],[-117.51898,38.75469],[-117.51875,38.75467],[-117.51851,38.75469],[-117.51803,38.75477],[-117.51782,38.75479],[-117.51684,38.75475],[-117.51663,38.75472],[-117.51608,38.75455],[-117.51539,38.75446],[-117.51497,38.75433],[-117.51467,38.75434],[-117.5145,38.75427],[-117.51437,38.75424],[-117.51391,38.75427],[-117.51348,38.75407],[-117.51329,38.75407],[-117.51313,38.75405],[-117.51275,38.75391],[-117.51241,38.75389]]}},{"type":"Feature","properties":{"name":"(unnamed public road)","road_class":"track","source":"OpenStreetMap","source_detail":"osm way 1154855159","source_tile":"177/392","surface_inferred":true},"geometry":{"type":"LineString","coordinates":[[-117.67491,38.81603],[-117.67521,38.816],[-117.67556,38.81598],[-117.67589,38.81596],[-117.67605,38.81595],[-117.67639,38.81592],[-117.67666,38.81587],[-117.67682,38.81583],[-117.67702,38.81577],[-117.67721,38.81573],[-117.67739,38.8157],[-117.67747,38.81572],[-117.67762,38.81578],[-117.67774,38.81584],[-117.67785,38.81587],[-117.67796,38.81587],[-117.67808,38.81586],[-117.67819,38.81579],[-117.67826,38.81572],[-117.67834,38.81561],[-117.67842,38.81553],[-117.67859,38.81552],[-117.67949,38.81551]]}},{"type":"Feature","properties":{"name":"(unnamed public road)","road_class":"track","surface":"unpaved","source":"OpenStreetMap","source_detail":"osm way 1161006127","source_tile":"177/392"},"geometry":{"type":"LineString","coordinates":[[-117.54521,38.54879],[-117.54609,38.5488],[-117.5468,38.54884],[-117.54694,38.54884],[-117.54788,38.54887],[-117.54819,38.54894],[-117.54832,38.54892],[-117.54851,38.54887],[-117.54853,38.54869],[-117.54848,38.54836],[-117.54848,38.54833]]}},{"type":"Feature","properties":{"name":"(unnamed public road)","road_class":"track","surface":"unpaved","source":"OpenStreetMap","source_detail":"osm way 1161006128","source_tile":"177/393"},"geometry":{"type":"LineString","coordinates":[[-117.54631,38.54634],[-117.54611,38.54665],[-117.5453,38.54782],[-117.54475,38.54836],[-117.54471,38.54845],[-117.54473,38.54852],[-117.54488,38.54861],[-117.54521,38.54879]]}},{"type":"Feature","properties":{"name":"(unnamed public road)","road_class":"track","surface":"unpaved","source":"OpenStreetMap","source_detail":"osm way 1161006129","source_tile":"177/393"},"geometry":{"type":"LineString","coordinates":[[-117.54838,38.54611],[-117.54848,38.54629],[-117.54848,38.54833]]}},{"type":"Feature","properties":{"name":"(unnamed public road)","road_class":"track","surface":"unpaved","source":"OpenStreetMap","source_detail":"osm way 1161006130","source_tile":"177/393"},"geometry":{"type":"LineString","coordinates":[[-117.59913,38.53715],[-117.59902,38.53728],[-117.5989,38.53739],[-117.59886,38.53743],[-117.59876,38.53754],[-117.59851,38.53784],[-117.59825,38.53814],[-117.59791,38.53849],[-117.59745,38.53879],[-117.597,38.53901],[-117.59668,38.53914],[-117.59633,38.53943],[-117.59601,38.5398],[-117.59574,38.54003],[-117.59533,38.54018],[-117.59494,38.54039],[-117.59475,38.54055],[-117.59462,38.54077],[-117.59442,38.54123],[-117.5943,38.54149],[-117.59402,38.54212],[-117.5937,38.54303],[-117.5936,38.54347],[-117.59351,38.54418],[-117.59344,38.5448],[-117.59337,38.54543],[-117.59333,38.54613],[-117.59333,38.54661],[-117.59344,38.54687],[-117.59362,38.54718],[-117.59397,38.54761],[-117.5943,38.54807],[-117.59458,38.5484],[-117.59469,38.54861],[-117.59452,38.54946],[-117.59444,38.54964],[-117.59417,38.55013],[-117.59405,38.55063],[-117.59396,38.55081],[-117.59372,38.55107],[-117.59328,38.55143],[-117.59256,38.55195],[-117.59253,38.55199],[-117.59148,38.55269],[-117.59028,38.55349],[-117.59009,38.55369],[-117.58989,38.55428],[-117.58978,38.55482],[-117.58985,38.55522],[-117.58988,38.55578],[-117.58979,38.55645],[-117.58965,38.55694],[-117.58961,38.55741],[-117.58959,38.558],[-117.58956,38.55829]]}},{"type":"Feature","properties":{"name":"Indian Valley Road","road_class":"unclassified","surface":"unpaved","source":"OpenStreetMap","source_detail":"osm way 1161006132","source_tile":"177/392"},"geometry":{"type":"LineString","coordinates":[[-117.51621,38.65232],[-117.51608,38.6526],[-117.51604,38.65275],[-117.51602,38.65294],[-117.51595,38.65501],[-117.51595,38.65544],[-117.51598,38.65704],[-117.51608,38.66078],[-117.51612,38.66226],[-117.51612,38.66256],[-117.51606,38.66306],[-117.51604,38.6632],[-117.51599,38.66342],[-117.51592,38.66359],[-117.51584,38.66373],[-117.51516,38.66468],[-117.51497,38.66495],[-117.51492,38.66505],[-117.51489,38.6652],[-117.51491,38.66537],[-117.51502,38.6657],[-117.51508,38.666],[-117.51508,38.6662],[-117.51504,38.66639],[-117.51501,38.66646],[-117.51432,38.66726],[-117.51424,38.66732],[-117.51413,38.66739],[-117.51397,38.66745],[-117.51379,38.66749],[-117.51355,38.66754],[-117.5127,38.66766],[-117.51174,38.66774],[-117.5116,38.66777],[-117.51138,38.66783],[-117.5106,38.66816],[-117.50945,38.66862],[-117.50824,38.66913],[-117.50694,38.66965],[-117.5057,38.67017],[-117.50558,38.67023],[-117.50546,38.67033],[-117.50472,38.67115],[-117.50444,38.6715],[-117.50415,38.6718],[-117.50402,38.6719],[-117.5033,38.67236],[-117.50247,38.67287],[-117.50214,38.67308],[-117.50193,38.67325],[-117.50183,38.67336],[-117.50176,38.67346],[-117.50169,38.6736],[-117.50167,38.67366],[-117.50166,38.6737],[-117.50164,38.67384],[-117.50169,38.67414],[-117.50178,38.67443],[-117.50187,38.67464],[-117.50196,38.67487],[-117.50206,38.67518],[-117.50212,38.67531],[-117.50234,38.67564],[-117.50255,38.67606],[-117.50263,38.67627],[-117.50266,38.67643],[-117.50264,38.67672],[-117.50257,38.67706],[-117.50251,38.6773],[-117.50248,38.67745],[-117.5025,38.67759],[-117.50257,38.67781],[-117.50269,38.67805],[-117.50274,38.67822],[-117.50276,38.67835],[-117.5028,38.67845],[-117.50292,38.67859],[-117.50309,38.67877],[-117.50325,38.67894],[-117.50334,38.67908],[-117.50337,38.67914],[-117.5034,38.67932],[-117.5034,38.67956],[-117.50339,38.67972],[-117.50337,38.67981],[-117.50334,38.67988],[-117.50321,38.68017],[-117.50301,38.6807],[-117.50285,38.68106],[-117.50259,38.6817],[-117.50238,38.68218],[-117.50229,38.68238],[-117.5021,38.68262],[-117.50205,38.68271],[-117.50204,38.68284],[-117.50205,38.68403],[-117.50201,38.68435],[-117.50197,38.6846],[-117.50195,38.68503],[-117.50192,38.68515],[-117.50182,38.68545],[-117.50144,38.68674],[-117.50139,38.68722],[-117.50135,38.68734],[-117.50075,38.68843],[-117.50062,38.68872],[-117.50025,38.68941],[-117.50014,38.68968],[-117.50004,38.69012],[-117.50003,38.69021],[-117.50002,38.69031],[-117.50004,38.69051],[-117.50014,38.69088],[-117.50027,38.6913],[-117.50029,38.69136],[-117.50068,38.69238],[-117.50071,38.69253],[-117.50064,38.69274],[-117.50033,38.69378],[-117.50017,38.69419],[-117.50008,38.69455],[-117.50004,38.69484],[-117.50003,38.69498],[-117.50001,38.69564],[-117.50001,38.69661],[-117.50006,38.69758],[-117.50007,38.69788],[-117.5001,38.698],[-117.50027,38.69877],[-117.50029,38.69903],[-117.50028,38.69919],[-117.50021,38.69955],[-117.50011,38.70001],[-117.50008,38.70062],[-117.50003,38.70094],[-117.50001,38.70135],[-117.50002,38.7017],[-117.49991,38.70252],[-117.49982,38.70509],[-117.49983,38.70552],[-117.49977,38.70659],[-117.49972,38.70794],[-117.49967,38.70893],[-117.49965,38.7099],[-117.49958,38.71149],[-117.49955,38.71235],[-117.49947,38.713],[-117.49945,38.7131],[-117.4994,38.71318],[-117.49934,38.71323],[-117.4992,38.71325],[-117.4991,38.71325],[-117.49892,38.71323],[-117.49882,38.71323],[-117.49873,38.71326],[-117.49863,38.71335],[-117.49858,38.71346],[-117.49856,38.71359],[-117.49855,38.71375],[-117.49856,38.71389],[-117.49864,38.71435],[-117.49872,38.71466]]}},{"type":"Feature","properties":{"name":"(unnamed public road)","road_class":"track","source":"OpenStreetMap","source_detail":"osm way 1227822509","source_tile":"177/392","surface_inferred":true},"geometry":{"type":"LineString","coordinates":[[-117.77323,38.81209],[-117.77285,38.81218],[-117.77274,38.81222],[-117.77257,38.8123],[-117.77233,38.81239],[-117.77217,38.81248],[-117.77183,38.8126],[-117.77154,38.81261],[-117.77128,38.81257],[-117.77116,38.81247],[-117.77111,38.81232],[-117.77096,38.81224],[-117.7705,38.81219],[-117.76989,38.81209],[-117.76941,38.81197],[-117.7689,38.8119],[-117.76872,38.8119],[-117.76825,38.81194],[-117.76738,38.81191],[-117.76711,38.81193],[-117.76677,38.81199],[-117.76658,38.81201],[-117.76582,38.81196],[-117.76566,38.81198],[-117.76545,38.81201],[-117.76452,38.81225],[-117.7643,38.81228],[-117.76419,38.81228],[-117.76381,38.81232],[-117.76263,38.8125],[-117.76229,38.81257],[-117.76209,38.81257],[-117.76086,38.81252],[-117.7607,38.81254],[-117.7606,38.81256],[-117.76027,38.81269],[-117.76009,38.81272],[-117.75836,38.81271],[-117.75816,38.81275],[-117.7577,38.8129],[-117.75737,38.81297],[-117.75654,38.81297],[-117.75571,38.81301],[-117.75561,38.81303],[-117.75526,38.81316],[-117.75489,38.81324],[-117.75438,38.81332],[-117.75393,38.81336],[-117.75309,38.81352],[-117.75232,38.81362],[-117.75086,38.81372],[-117.75006,38.81385],[-117.74914,38.81387],[-117.74864,38.81392],[-117.74773,38.81393],[-117.74758,38.81392],[-117.74712,38.81382],[-117.74672,38.81379],[-117.74597,38.81368],[-117.74556,38.81366],[-117.74531,38.81368],[-117.74429,38.81381],[-117.7437,38.814],[-117.74354,38.81403],[-117.74343,38.81404],[-117.74333,38.81403],[-117.74301,38.81395],[-117.74253,38.81385],[-117.74222,38.81381],[-117.74178,38.8137],[-117.74113,38.81342],[-117.74093,38.81331],[-117.74078,38.81321],[-117.74058,38.81313],[-117.74004,38.81304],[-117.73939,38.81291],[-117.73898,38.81286],[-117.73862,38.81282],[-117.73827,38.81265],[-117.73798,38.81246],[-117.73775,38.81236],[-117.73712,38.81173]]}},{"type":"Feature","properties":{"name":"(unnamed public road)","road_class":"track","source":"OpenStreetMap","source_detail":"osm way 1229189063","source_tile":"177/392","surface_inferred":true},"geometry":{"type":"LineString","coordinates":[[-117.45838,38.80465],[-117.4586,38.80493],[-117.45868,38.80532],[-117.45883,38.80567],[-117.45889,38.80574],[-117.45908,38.80586],[-117.45917,38.80594],[-117.45921,38.80601],[-117.45921,38.80614],[-117.45925,38.80622],[-117.45931,38.80625],[-117.45968,38.80636],[-117.45974,38.8064],[-117.45979,38.80646],[-117.45986,38.80669],[-117.45991,38.8068],[-117.46026,38.80725],[-117.4605,38.80768],[-117.46061,38.80808],[-117.46066,38.80835],[-117.46078,38.80856],[-117.46084,38.80878],[-117.46091,38.80889],[-117.46116,38.80918],[-117.4612,38.80931],[-117.4612,38.80952],[-117.46123,38.80968],[-117.46127,38.81014],[-117.46125,38.81026],[-117.46113,38.81039],[-117.4611,38.81047],[-117.46109,38.81089],[-117.46104,38.81106],[-117.46106,38.81129],[-117.46103,38.81137],[-117.46087,38.81159],[-117.46061,38.81185],[-117.46046,38.81195],[-117.46019,38.81206],[-117.45998,38.81224],[-117.4599,38.81229],[-117.45951,38.81253]]}},{"type":"Feature","properties":{"name":"(unnamed public road)","road_class":"track","source":"OpenStreetMap","source_detail":"osm way 1229189064","source_tile":"177/392","surface_inferred":true},"geometry":{"type":"LineString","coordinates":[[-117.44737,38.80668],[-117.4471,38.80734]]}},{"type":"Feature","properties":{"name":"(unnamed public road)","road_class":"track","source":"OpenStreetMap","source_detail":"osm way 1229190443","source_tile":"177/392","surface_inferred":true},"geometry":{"type":"LineString","coordinates":[[-117.50167,38.67366],[-117.50157,38.67354],[-117.50129,38.67279],[-117.50125,38.67266],[-117.5012,38.67253],[-117.50112,38.67228],[-117.50099,38.67181],[-117.50095,38.6717],[-117.50075,38.67149],[-117.50053,38.67149],[-117.50043,38.67143],[-117.50039,38.67135],[-117.5003,38.67119],[-117.50015,38.67102],[-117.50003,38.67067],[-117.50002,38.67046],[-117.49996,38.67017],[-117.49996,38.67],[-117.50014,38.66978],[-117.50016,38.66961],[-117.50016,38.66935],[-117.5002,38.66908],[-117.5003,38.66896],[-117.50034,38.6686],[-117.50037,38.66801],[-117.50037,38.6676],[-117.50028,38.66744],[-117.50023,38.66731]]}},{"type":"Feature","properties":{"name":"(unnamed public road)","road_class":"track","source":"OpenStreetMap","source_detail":"osm way 1229190444","source_tile":"177/392","surface_inferred":true},"geometry":{"type":"LineString","coordinates":[[-117.51739,38.66658],[-117.5171,38.66648],[-117.5168,38.66637],[-117.5161,38.66596],[-117.51574,38.66568],[-117.51564,38.66552],[-117.51561,38.66513],[-117.51555,38.66502],[-117.51545,38.6649],[-117.51541,38.66484],[-117.51516,38.66468]]}},{"type":"Feature","properties":{"name":"(unnamed public road)","road_class":"track","source":"OpenStreetMap","source_detail":"osm way 1229190445","source_tile":"177/392","surface_inferred":true},"geometry":{"type":"LineString","coordinates":[[-117.51608,38.66078],[-117.5165,38.66084],[-117.51752,38.66069],[-117.51802,38.6606],[-117.51836,38.66063],[-117.51856,38.66063],[-117.51883,38.66057],[-117.51946,38.66048],[-117.51971,38.66038],[-117.51985,38.66031],[-117.52006,38.66025],[-117.52052,38.6602],[-117.5208,38.66023],[-117.52095,38.66024],[-117.52122,38.66017],[-117.5219,38.66007],[-117.52239,38.65995],[-117.52252,38.65991],[-117.5228,38.6597],[-117.52305,38.65965],[-117.52312,38.65962],[-117.52326,38.65953],[-117.52354,38.65948],[-117.52392,38.65936],[-117.52401,38.65925],[-117.52437,38.65854]]}},{"type":"Feature","properties":{"name":"(unnamed public road)","road_class":"track","source":"OpenStreetMap","source_detail":"osm way 1229190446","source_tile":"177/392","surface_inferred":true},"geometry":{"type":"LineString","coordinates":[[-117.52768,38.65724],[-117.52751,38.65715],[-117.52728,38.65712],[-117.52716,38.65707],[-117.52698,38.65687],[-117.52691,38.65684],[-117.52675,38.65681],[-117.52656,38.65682],[-117.52648,38.65685],[-117.52632,38.65695],[-117.52605,38.65706],[-117.52568,38.65714],[-117.52556,38.65714],[-117.52488,38.657],[-117.52434,38.65681],[-117.52423,38.65673],[-117.52406,38.65657],[-117.52342,38.65606],[-117.52317,38.6559],[-117.52301,38.65583],[-117.52289,38.65582],[-117.52261,38.65591],[-117.52252,38.65591],[-117.52242,38.65586],[-117.52222,38.65572],[-117.52213,38.65574],[-117.52191,38.65593],[-117.52184,38.65598],[-117.52165,38.65603],[-117.52138,38.65603],[-117.52118,38.65606],[-117.52102,38.65612],[-117.52078,38.65618],[-117.52067,38.65619],[-117.5204,38.65626],[-117.51989,38.65647],[-117.51984,38.65649],[-117.51955,38.65655],[-117.5193,38.65656],[-117.51911,38.65662],[-117.51897,38.65673],[-117.51871,38.65688],[-117.51856,38.65691],[-117.51835,38.65705],[-117.51805,38.65704],[-117.51777,38.65712],[-117.51764,38.65713],[-117.51656,38.65714],[-117.51598,38.65704]]}},{"type":"Feature","properties":{"name":"(unnamed public road)","road_class":"track","source":"OpenStreetMap","source_detail":"osm way 1229190447","source_tile":"177/392","surface_inferred":true},"geometry":{"type":"LineString","coordinates":[[-117.52149,38.658],[-117.52121,38.6579],[-117.52078,38.65793],[-117.52028,38.65796],[-117.52017,38.65795],[-117.51983,38.65785],[-117.51964,38.65778],[-117.51927,38.65757],[-117.51902,38.6575],[-117.51891,38.65745],[-117.51877,38.65731],[-117.51835,38.65705]]}},{"type":"Feature","properties":{"name":"(unnamed public road)","road_class":"track","source":"OpenStreetMap","source_detail":"osm way 1229190448","source_tile":"177/392","surface_inferred":true},"geometry":{"type":"LineString","coordinates":[[-117.52269,38.65697],[-117.52246,38.65722],[-117.52187,38.65759],[-117.52183,38.65767],[-117.52181,38.65774],[-117.52175,38.65788],[-117.52149,38.658],[-117.52127,38.65827],[-117.52125,38.65861],[-117.5211,38.65872],[-117.5208,38.65895],[-117.52068,38.65906],[-117.52031,38.65915],[-117.51999,38.65927],[-117.51905,38.65975],[-117.51901,38.65978],[-117.51878,38.65989],[-117.51862,38.66005],[-117.5183,38.66036],[-117.51802,38.6606]]}},{"type":"Feature","properties":{"name":"(unnamed public road)","road_class":"track","source":"OpenStreetMap","source_detail":"osm way 1229190449","source_tile":"177/392","surface_inferred":true},"geometry":{"type":"LineString","coordinates":[[-117.51707,38.65095],[-117.51768,38.65042],[-117.51818,38.65001],[-117.51851,38.64979],[-117.51883,38.64958],[-117.51961,38.64944],[-117.52001,38.64932],[-117.52064,38.64902],[-117.52088,38.6488],[-117.52114,38.64866],[-117.52183,38.6486]]}},{"type":"Feature","properties":{"name":"(unnamed public road)","road_class":"track","source":"OpenStreetMap","source_detail":"osm way 1229190450","source_tile":"177/392","surface_inferred":true},"geometry":{"type":"LineString","coordinates":[[-117.52235,38.6477],[-117.52298,38.64794],[-117.52357,38.64801],[-117.52417,38.64822],[-117.52463,38.64835],[-117.52493,38.64851],[-117.52505,38.6486],[-117.52504,38.64881],[-117.52509,38.64898],[-117.52509,38.6492]]}},{"type":"Feature","properties":{"name":"(unnamed public road)","road_class":"track","source":"OpenStreetMap","source_detail":"osm way 1229190451","source_tile":"177/392","surface_inferred":true},"geometry":{"type":"LineString","coordinates":[[-117.51812,38.64674],[-117.51876,38.6468],[-117.52022,38.64694],[-117.52094,38.64705],[-117.52179,38.64708],[-117.52224,38.64711],[-117.52256,38.64712],[-117.52281,38.64711],[-117.52309,38.64707]]}},{"type":"Feature","properties":{"name":"(unnamed public road)","road_class":"track","source":"OpenStreetMap","source_detail":"osm way 1229190452","source_tile":"177/392","surface_inferred":true},"geometry":{"type":"LineString","coordinates":[[-117.52354,38.6394],[-117.52305,38.63935],[-117.52248,38.63936],[-117.52232,38.63929],[-117.52221,38.63928],[-117.52163,38.6393],[-117.52104,38.6394],[-117.52095,38.6394],[-117.52068,38.63929],[-117.52039,38.63912],[-117.51982,38.63875],[-117.51964,38.63861],[-117.51948,38.63852],[-117.51928,38.63845],[-117.51846,38.63837],[-117.51788,38.63842],[-117.51682,38.63812],[-117.51654,38.63793]]}},{"type":"Feature","properties":{"name":"(unnamed public road)","road_class":"track","source":"OpenStreetMap","source_detail":"osm way 1229190453","source_tile":"177/392","surface_inferred":true},"geometry":{"type":"LineString","coordinates":[[-117.5178,38.62255],[-117.51807,38.62248],[-117.51825,38.62251],[-117.51843,38.62259],[-117.51859,38.62273],[-117.51919,38.62332],[-117.51991,38.62402],[-117.52012,38.62425],[-117.52041,38.62468],[-117.52127,38.62555],[-117.52168,38.62588],[-117.52209,38.62627],[-117.52242,38.62648],[-117.52275,38.62671]]}},{"type":"Feature","properties":{"name":"(unnamed public road)","road_class":"track","source":"OpenStreetMap","source_detail":"osm way 1229190454","source_tile":"177/392","surface_inferred":true},"geometry":{"type":"LineString","coordinates":[[-117.50714,38.62665],[-117.50748,38.6267],[-117.50782,38.62685],[-117.50816,38.6272],[-117.50826,38.62737],[-117.50823,38.62744],[-117.50814,38.62749],[-117.5077,38.62759],[-117.50762,38.62762],[-117.50752,38.62771],[-117.50737,38.6279],[-117.50744,38.62828],[-117.50768,38.62871]]}},{"type":"Feature","properties":{"name":"(unnamed public road)","road_class":"track","source":"OpenStreetMap","source_detail":"osm way 1229190455","source_tile":"177/392","surface_inferred":true},"geometry":{"type":"LineString","coordinates":[[-117.51636,38.61577],[-117.51601,38.61587],[-117.51506,38.61582],[-117.51482,38.61573],[-117.51437,38.61534],[-117.51429,38.61513],[-117.51432,38.61482],[-117.51402,38.61473],[-117.51374,38.61461],[-117.51348,38.61452]]}},{"type":"Feature","properties":{"name":"(unnamed public road)","road_class":"track","source":"OpenStreetMap","source_detail":"osm way 1229190456","source_tile":"177/392","surface_inferred":true},"geometry":{"type":"LineString","coordinates":[[-117.51866,38.61258],[-117.51879,38.61284],[-117.51907,38.6131],[-117.51946,38.61331],[-117.51953,38.61337],[-117.51995,38.61389],[-117.51993,38.61394]]}},{"type":"Feature","properties":{"name":"(unnamed public road)","road_class":"track","source":"OpenStreetMap","source_detail":"osm way 1229190457","source_tile":"177/392","surface_inferred":true},"geometry":{"type":"LineString","coordinates":[[-117.54791,38.57619],[-117.54767,38.57613],[-117.54751,38.57606],[-117.5471,38.57602],[-117.5464,38.57556],[-117.54629,38.57556],[-117.54563,38.57566],[-117.54532,38.5757],[-117.54477,38.57564],[-117.544,38.5755]]}},{"type":"Feature","properties":{"name":"National Forest Development Road 451","road_class":"track","source":"OpenStreetMap","source_detail":"osm way 14409164","source_tile":"177/393","surface_inferred":true},"geometry":{"type":"LineString","coordinates":[[-117.47935,38.5036],[-117.47872,38.50394],[-117.47793,38.50445],[-117.47438,38.50678],[-117.4722,38.50828],[-117.47157,38.50873],[-117.46917,38.51031],[-117.46791,38.51116],[-117.46742,38.51149],[-117.46602,38.51249],[-117.46488,38.51334],[-117.46463,38.51353],[-117.46375,38.51417],[-117.46346,38.51439],[-117.46239,38.51516],[-117.46188,38.51554],[-117.46067,38.51641],[-117.46014,38.5168],[-117.45978,38.51705],[-117.45804,38.51834],[-117.45761,38.51868],[-117.45609,38.51977],[-117.45588,38.51993],[-117.45553,38.52017],[-117.45344,38.5217],[-117.45295,38.52204],[-117.45225,38.52257],[-117.45186,38.52288],[-117.45101,38.5235],[-117.45014,38.52412],[-117.44991,38.52427],[-117.44974,38.52436],[-117.44904,38.52464],[-117.44861,38.5248],[-117.44847,38.52487],[-117.44803,38.52517],[-117.44773,38.52537],[-117.44744,38.52553],[-117.44712,38.52569],[-117.44701,38.52576],[-117.44694,38.52581],[-117.44685,38.52589],[-117.44628,38.52647],[-117.44615,38.52658],[-117.44601,38.52668],[-117.44582,38.52676],[-117.44384,38.52756],[-117.44346,38.52772],[-117.44315,38.52789],[-117.44251,38.52829],[-117.44181,38.52844],[-117.44159,38.5285],[-117.44126,38.52862],[-117.44114,38.52866],[-117.44004,38.52896],[-117.43913,38.52928],[-117.4389,38.52936],[-117.43863,38.5295],[-117.43825,38.52963],[-117.43816,38.52966],[-117.43744,38.53007],[-117.43719,38.53024],[-117.43709,38.53028],[-117.43694,38.53031],[-117.43681,38.53033],[-117.43637,38.53035],[-117.43617,38.53039],[-117.43586,38.53047],[-117.43559,38.53057],[-117.43534,38.53067],[-117.43515,38.53077],[-117.43503,38.53086],[-117.43477,38.53108],[-117.43436,38.53134],[-117.43371,38.53171],[-117.43252,38.5323],[-117.43204,38.5325],[-117.43184,38.53257],[-117.43161,38.53269],[-117.43121,38.53286],[-117.43094,38.53302],[-117.43046,38.53332],[-117.43037,38.53337],[-117.43028,38.53344],[-117.42996,38.53373],[-117.42986,38.53381],[-117.42887,38.53441],[-117.42851,38.53467],[-117.42833,38.53478],[-117.4281,38.53489],[-117.42731,38.53522],[-117.4272,38.53528],[-117.42704,38.53539],[-117.42691,38.53549],[-117.4267,38.53567],[-117.42657,38.53578],[-117.4262,38.53603],[-117.42556,38.53639],[-117.4251,38.53671],[-117.42491,38.53682],[-117.42457,38.53695],[-117.42439,38.53699],[-117.42421,38.53701],[-117.42361,38.53704],[-117.42335,38.53708],[-117.42294,38.53718],[-117.42246,38.53732],[-117.4217,38.53757],[-117.42105,38.5378],[-117.42033,38.53811],[-117.42002,38.5382],[-117.41977,38.53825],[-117.41958,38.53829],[-117.41938,38.53831],[-117.41926,38.53833],[-117.41912,38.53839],[-117.41902,38.53845],[-117.41884,38.5386],[-117.41863,38.53873],[-117.41848,38.5388],[-117.41832,38.53886],[-117.41817,38.53889],[-117.41797,38.53892],[-117.41691,38.53897],[-117.41606,38.53907],[-117.41554,38.53907],[-117.41534,38.53907],[-117.41496,38.53902],[-117.41478,38.53899],[-117.41423,38.53886],[-117.41395,38.53882],[-117.41372,38.53882],[-117.41357,38.53883],[-117.41249,38.53902],[-117.4123,38.53905],[-117.41222,38.53909],[-117.41204,38.53919],[-117.41184,38.53929],[-117.41157,38.53936],[-117.41144,38.53941],[-117.41113,38.53957],[-117.41098,38.53967],[-117.40988,38.54049],[-117.40979,38.54057],[-117.40972,38.54067],[-117.40968,38.54075],[-117.40954,38.54092],[-117.40925,38.5412],[-117.40906,38.54136],[-117.40902,38.54141],[-117.40874,38.54177],[-117.40832,38.54207],[-117.4078,38.54252],[-117.40769,38.54263],[-117.40766,38.54268],[-117.40761,38.5429],[-117.40759,38.54295],[-117.40755,38.54304],[-117.40749,38.54312],[-117.40737,38.54324],[-117.40712,38.54338],[-117.407,38.54349],[-117.40681,38.54369],[-117.40654,38.54402],[-117.40645,38.54408],[-117.40624,38.54427],[-117.4062,38.54432],[-117.40598,38.54472],[-117.40583,38.54486],[-117.40574,38.545],[-117.40571,38.54507],[-117.40568,38.54515],[-117.40565,38.54554],[-117.4056,38.54562],[-117.40551,38.54573],[-117.40541,38.54589],[-117.40522,38.54614],[-117.40513,38.54623],[-117.40507,38.54632],[-117.40503,38.54643],[-117.405,38.54654],[-117.40495,38.54665],[-117.4049,38.54675],[-117.40445,38.54739],[-117.4043,38.54764],[-117.40425,38.54773],[-117.40424,38.54784],[-117.40423,38.54808],[-117.40417,38.5483],[-117.40397,38.54884],[-117.40398,38.54887],[-117.40404,38.54896],[-117.40414,38.54914],[-117.4042,38.54927],[-117.40426,38.54949],[-117.40424,38.54959],[-117.40419,38.54969],[-117.40414,38.54998],[-117.40414,38.55041],[-117.40417,38.55062],[-117.40423,38.5508],[-117.40432,38.551],[-117.40447,38.55149],[-117.40451,38.55169],[-117.40451,38.55186],[-117.4044,38.5524],[-117.40439,38.55258],[-117.40438,38.55263],[-117.40437,38.5527],[-117.40436,38.55276],[-117.40431,38.55282],[-117.4042,38.55289],[-117.4039,38.55299],[-117.40376,38.55305],[-117.40336,38.55315],[-117.40327,38.5532],[-117.40316,38.55327],[-117.40298,38.55342],[-117.40288,38.55352],[-117.40262,38.55368],[-117.40218,38.554],[-117.40202,38.55409],[-117.40196,38.55414],[-117.40168,38.55446],[-117.40161,38.55452],[-117.40139,38.55469],[-117.40119,38.55492],[-117.40109,38.55501],[-117.40082,38.55532],[-117.4007,38.55544],[-117.40042,38.55568],[-117.40028,38.55586],[-117.39999,38.55635],[-117.39983,38.55651],[-117.39965,38.55683],[-117.39956,38.55691],[-117.39945,38.55707],[-117.39942,38.55715],[-117.3994,38.55724],[-117.39941,38.55737],[-117.39934,38.55779],[-117.39929,38.55792],[-117.39924,38.55803],[-117.39919,38.55811],[-117.39901,38.55826],[-117.39896,38.55832],[-117.39893,38.55838],[-117.39892,38.55844],[-117.39893,38.55865],[-117.39894,38.5588],[-117.39891,38.55888],[-117.39889,38.55896],[-117.39888,38.55906],[-117.39889,38.55915],[-117.39893,38.55944],[-117.39895,38.55958],[-117.3987,38.56009],[-117.39827,38.56083],[-117.39822,38.56094],[-117.39811,38.56132],[-117.39798,38.5617],[-117.39796,38.56181],[-117.39797,38.56191],[-117.39802,38.56213],[-117.39806,38.56226],[-117.39823,38.56263],[-117.39837,38.56285],[-117.39842,38.56291],[-117.39844,38.56294],[-117.39844,38.563],[-117.39842,38.56304],[-117.39838,38.56308],[-117.39828,38.56315],[-117.39821,38.56324],[-117.39812,38.56348],[-117.3981,38.56358],[-117.39808,38.56372],[-117.39804,38.56386],[-117.39801,38.56393],[-117.39796,38.56397],[-117.39792,38.564],[-117.39775,38.56406],[-117.39746,38.56415],[-117.3974,38.56419],[-117.39732,38.56429],[-117.39727,38.56435],[-117.39722,38.56446],[-117.39714,38.56471],[-117.3971,38.56492],[-117.39702,38.56516],[-117.39686,38.56559],[-117.39669,38.56598],[-117.39657,38.56618],[-117.39631,38.56653],[-117.39627,38.56661],[-117.39624,38.5667],[-117.39618,38.56714],[-117.39615,38.56728],[-117.39611,38.56737],[-117.39606,38.56742],[-117.39602,38.56745],[-117.39598,38.56748],[-117.39586,38.56761],[-117.39584,38.56765],[-117.39584,38.56774],[-117.39585,38.56786],[-117.39588,38.56794],[-117.39589,38.56808],[-117.39588,38.56838],[-117.3959,38.56845],[-117.39592,38.5685],[-117.39593,38.56858],[-117.3959,38.56867],[-117.39579,38.56887],[-117.39577,38.56896],[-117.39578,38.56901],[-117.39584,38.56912],[-117.39586,38.56919],[-117.39586,38.56941],[-117.39591,38.56965],[-117.39593,38.56987],[-117.39589,38.57036],[-117.39594,38.57055],[-117.39602,38.57098],[-117.39602,38.57112],[-117.39593,38.57132],[-117.39592,38.57153],[-117.39594,38.57158],[-117.39596,38.57166],[-117.39604,38.57179],[-117.39607,38.57182],[-117.39609,38.57187],[-117.3961,38.57195],[-117.39609,38.57204],[-117.39603,38.57225],[-117.39598,38.57247],[-117.39594,38.57256],[-117.39582,38.57272],[-117.39571,38.57282],[-117.39559,38.57289],[-117.39557,38.57292],[-117.39556,38.57297],[-117.39556,38.57309],[-117.39557,38.57323],[-117.39557,38.57331],[-117.39552,38.57349],[-117.39543,38.57368],[-117.3954,38.57375],[-117.3954,38.57388],[-117.39545,38.57412],[-117.3955,38.57458],[-117.3956,38.57485],[-117.39567,38.5752],[-117.39573,38.57538],[-117.39576,38.57543],[-117.39578,38.57566],[-117.39582,38.57593],[-117.39582,38.57629],[-117.39585,38.57656],[-117.39589,38.57673],[-117.39603,38.5771],[-117.3961,38.57738],[-117.3961,38.57755],[-117.39608,38.57779],[-117.39609,38.57789],[-117.39612,38.57799],[-117.39617,38.57807],[-117.39633,38.57829],[-117.39642,38.57849],[-117.39655,38.57863],[-117.3966,38.57872],[-117.39669,38.57892],[-117.39678,38.57907],[-117.39705,38.57948]]}}]}