{"type":"FeatureCollection","features":[{"type":"Feature","properties":{"name":"(unnamed public road)","road_class":"track","tracktype":"grade2","source":"OpenStreetMap","source_detail":"osm way 14331571","source_tile":"174/381","surface_inferred":true},"geometry":{"type":"LineString","coordinates":[[-118.95763,41.54438],[-118.95732,41.54441],[-118.95703,41.54443],[-118.95693,41.54443],[-118.95681,41.54442],[-118.95649,41.54437],[-118.95525,41.54414],[-118.95508,41.54412],[-118.95494,41.54411],[-118.95469,41.54409],[-118.95453,41.54409],[-118.95445,41.54408],[-118.9541,41.544],[-118.95397,41.54398],[-118.95333,41.54392],[-118.95306,41.54391],[-118.95284,41.5439],[-118.95277,41.54389],[-118.95246,41.54384],[-118.952,41.54373],[-118.95186,41.54369],[-118.95175,41.54365],[-118.95166,41.54361],[-118.95154,41.54355],[-118.95125,41.54338],[-118.95103,41.54329],[-118.95095,41.54324],[-118.95084,41.54317],[-118.95052,41.54294],[-118.95008,41.54267],[-118.94955,41.54237],[-118.9495,41.54236],[-118.94916,41.54232],[-118.9491,41.54231],[-118.94904,41.54229],[-118.949,41.54227],[-118.94895,41.54223],[-118.94888,41.54216],[-118.94882,41.54207],[-118.94873,41.54195],[-118.94868,41.54189],[-118.94862,41.54184],[-118.94847,41.54174],[-118.94786,41.54138],[-118.94712,41.54096],[-118.94683,41.54077],[-118.94676,41.54072],[-118.94668,41.54066],[-118.94655,41.54052],[-118.94636,41.54029],[-118.94608,41.53992],[-118.94568,41.53949],[-118.94523,41.53904],[-118.94514,41.53895],[-118.94497,41.53872],[-118.94484,41.53858],[-118.94469,41.53844],[-118.94405,41.53796],[-118.94401,41.53792],[-118.94386,41.53774],[-118.94374,41.53756],[-118.94363,41.53738],[-118.94356,41.53724],[-118.94348,41.53705],[-118.94339,41.53677],[-118.9433,41.53639],[-118.94326,41.53627],[-118.94314,41.53577],[-118.94312,41.53567],[-118.94312,41.53554],[-118.94314,41.53497],[-118.94314,41.53487],[-118.9431,41.53439],[-118.94309,41.53415],[-118.94311,41.53384],[-118.94316,41.5334],[-118.94316,41.53319],[-118.94316,41.53304],[-118.94312,41.53291],[-118.94299,41.53256],[-118.94296,41.53246],[-118.94287,41.53209],[-118.94278,41.53178],[-118.94276,41.53164],[-118.94275,41.53159],[-118.94276,41.53152],[-118.94276,41.53146],[-118.94276,41.5314],[-118.94268,41.53111],[-118.94264,41.53102],[-118.94252,41.53055],[-118.94249,41.53046],[-118.94242,41.53033],[-118.94235,41.5302],[-118.94229,41.53013],[-118.94223,41.53005],[-118.94214,41.52987],[-118.9421,41.52982],[-118.94205,41.52975],[-118.94186,41.52958],[-118.94172,41.52947],[-118.94146,41.52927],[-118.94108,41.52901],[-118.94083,41.52886],[-118.94067,41.52875],[-118.94046,41.52857],[-118.94036,41.52848],[-118.9403,41.52842],[-118.94027,41.52836],[-118.94024,41.52831],[-118.94022,41.52817],[-118.94022,41.52811],[-118.94023,41.52803],[-118.94025,41.52797],[-118.9404,41.52758],[-118.94043,41.52749],[-118.94044,41.52741],[-118.94045,41.52737],[-118.94044,41.52731],[-118.94043,41.52725],[-118.94041,41.52719],[-118.94037,41.52711],[-118.94023,41.52691],[-118.9399,41.52649],[-118.93982,41.5264],[-118.93969,41.52627],[-118.93957,41.52616],[-118.93944,41.52607],[-118.93906,41.5258],[-118.93868,41.52556],[-118.93816,41.52522],[-118.93779,41.52502],[-118.93761,41.52494],[-118.93745,41.52488],[-118.93732,41.52485],[-118.93722,41.52484],[-118.93708,41.52483],[-118.93687,41.52483],[-118.93665,41.52484],[-118.93614,41.52489],[-118.93549,41.52496],[-118.93524,41.52498],[-118.93485,41.525],[-118.9343,41.52502],[-118.93402,41.52506],[-118.93351,41.52515],[-118.93271,41.52533],[-118.93245,41.52541],[-118.93233,41.52547],[-118.93216,41.52553],[-118.93211,41.52554],[-118.93198,41.52555],[-118.93192,41.52557],[-118.93184,41.52561],[-118.93171,41.52569],[-118.93161,41.52574],[-118.93155,41.52576],[-118.93147,41.52578],[-118.93143,41.52578],[-118.93137,41.52578],[-118.93111,41.52576],[-118.93106,41.52575],[-118.931,41.52572],[-118.93095,41.52569],[-118.93092,41.52566],[-118.93089,41.52562],[-118.93087,41.52558],[-118.93086,41.52551],[-118.93083,41.52529],[-118.9308,41.52519],[-118.93075,41.52506],[-118.93062,41.52479],[-118.93055,41.52467],[-118.9305,41.52458],[-118.93034,41.52437],[-118.93028,41.52425],[-118.93026,41.52417],[-118.93018,41.52381],[-118.93015,41.52363],[-118.93013,41.52358],[-118.9301,41.52353],[-118.93001,41.52339],[-118.92992,41.52334],[-118.92985,41.52331],[-118.92973,41.52329],[-118.92966,41.52328],[-118.92959,41.52328],[-118.92951,41.52329],[-118.92932,41.52334],[-118.92909,41.52339],[-118.92886,41.52343],[-118.9287,41.52345],[-118.92861,41.52345],[-118.92837,41.52346],[-118.92813,41.52348],[-118.92773,41.52352],[-118.92759,41.52354],[-118.92715,41.52365],[-118.92699,41.52369],[-118.92684,41.52373],[-118.92667,41.52378],[-118.92654,41.52383],[-118.92646,41.52387],[-118.92632,41.52395],[-118.92627,41.52398],[-118.92619,41.524],[-118.92609,41.52403],[-118.92595,41.52405],[-118.92575,41.52405],[-118.92566,41.52406],[-118.92545,41.52411],[-118.92538,41.52413],[-118.92526,41.52416],[-118.92513,41.52417],[-118.92486,41.5242],[-118.9247,41.52421],[-118.92456,41.5242],[-118.92426,41.52416],[-118.92421,41.52416],[-118.92416,41.52417],[-118.92413,41.52418],[-118.9241,41.52421],[-118.92407,41.52425],[-118.92404,41.5243],[-118.92399,41.52441],[-118.92386,41.5247],[-118.92382,41.52478],[-118.92377,41.52486],[-118.92362,41.52513],[-118.92356,41.52526],[-118.92353,41.52534],[-118.92347,41.52554],[-118.92334,41.52587],[-118.92327,41.52614],[-118.92325,41.52619],[-118.92318,41.5263],[-118.92314,41.52641],[-118.92311,41.5265],[-118.92307,41.52667],[-118.92304,41.52673],[-118.92301,41.52678],[-118.92289,41.52694],[-118.92253,41.52734],[-118.92237,41.52751],[-118.92223,41.52765],[-118.92212,41.52775],[-118.92199,41.52786],[-118.92164,41.52815],[-118.92146,41.52831],[-118.92133,41.52845],[-118.92122,41.52858],[-118.92108,41.52877],[-118.921,41.52886],[-118.92089,41.529],[-118.92066,41.52923],[-118.92052,41.52936],[-118.91997,41.52981],[-118.91975,41.52999],[-118.9197,41.53004],[-118.91966,41.5301],[-118.91965,41.53014],[-118.91958,41.53045],[-118.91956,41.53053],[-118.91951,41.53066],[-118.91944,41.5308],[-118.91934,41.531],[-118.9193,41.53104],[-118.91925,41.53108],[-118.91918,41.53112],[-118.9189,41.53126],[-118.91881,41.53131],[-118.91871,41.53137],[-118.91853,41.53152],[-118.91847,41.53157],[-118.9184,41.53166],[-118.91836,41.53173],[-118.9183,41.53184],[-118.91811,41.53225],[-118.91807,41.53233],[-118.91805,41.53237],[-118.91795,41.53274],[-118.91787,41.5329],[-118.91781,41.53299],[-118.91775,41.53307],[-118.91768,41.53314],[-118.91762,41.5332],[-118.91753,41.53327],[-118.91743,41.53334],[-118.91735,41.53339],[-118.91724,41.53344],[-118.91716,41.53348],[-118.9168,41.53359],[-118.91671,41.53362],[-118.91664,41.53365],[-118.91653,41.53371],[-118.91627,41.53389],[-118.91607,41.534],[-118.91596,41.53407],[-118.91587,41.53414],[-118.91578,41.53423],[-118.91569,41.53432],[-118.91552,41.5345],[-118.91543,41.53458],[-118.91532,41.53468],[-118.91524,41.53472],[-118.91511,41.53479],[-118.91489,41.53488],[-118.9145,41.53507],[-118.91436,41.53515],[-118.91426,41.5352],[-118.9141,41.53525],[-118.91394,41.53528],[-118.91375,41.53528],[-118.91367,41.53528],[-118.91357,41.53525],[-118.91348,41.53522],[-118.91307,41.53505],[-118.91299,41.53503],[-118.91294,41.53503],[-118.91286,41.53503],[-118.91274,41.53503],[-118.91257,41.53505],[-118.91245,41.53505],[-118.91236,41.53505],[-118.91225,41.53504],[-118.91204,41.53501],[-118.91156,41.53491],[-118.9114,41.53487],[-118.9113,41.53483],[-118.91112,41.53475],[-118.911,41.53469],[-118.91084,41.53459],[-118.91036,41.53425],[-118.91021,41.53415],[-118.91005,41.53405],[-118.90958,41.53379],[-118.90945,41.53371],[-118.90921,41.53352],[-118.90913,41.53346],[-118.90902,41.53341],[-118.90854,41.53319],[-118.9084,41.53311],[-118.90823,41.53301],[-118.90806,41.53287],[-118.90798,41.53281],[-118.9079,41.53276],[-118.90763,41.53267],[-118.90734,41.53257],[-118.90722,41.5325],[-118.90714,41.53245],[-118.90704,41.53237],[-118.90682,41.53218],[-118.90664,41.53203],[-118.90656,41.53198],[-118.90647,41.53192],[-118.90636,41.53186],[-118.9061,41.53175],[-118.90596,41.53168],[-118.90577,41.53155],[-118.90565,41.53147],[-118.90547,41.53138],[-118.9054,41.53136],[-118.90533,41.53135],[-118.90517,41.53136],[-118.90506,41.53138],[-118.90467,41.53148],[-118.90445,41.53155],[-118.90425,41.53161],[-118.90377,41.5318],[-118.90363,41.53186],[-118.90351,41.53191],[-118.90311,41.5321],[-118.90272,41.53227],[-118.90252,41.53235],[-118.9023,41.53243],[-118.9021,41.53248],[-118.90187,41.53254],[-118.90143,41.53262],[-118.90115,41.53265],[-118.90103,41.53266],[-118.9009,41.53267],[-118.90073,41.53266],[-118.90063,41.53265],[-118.90054,41.53264],[-118.90047,41.53262],[-118.90018,41.53251],[-118.89983,41.5324],[-118.89958,41.53234],[-118.89925,41.53226],[-118.89907,41.53223],[-118.89887,41.5322],[-118.89864,41.53218],[-118.89843,41.53217],[-118.89815,41.53216],[-118.89802,41.53217],[-118.89773,41.53221],[-118.89759,41.53224],[-118.89746,41.53228],[-118.89736,41.53231],[-118.89711,41.53243],[-118.89662,41.5327],[-118.89635,41.53288],[-118.89617,41.53302],[-118.8961,41.5331],[-118.89596,41.53321],[-118.8959,41.53324],[-118.89584,41.53327],[-118.89547,41.53337],[-118.89517,41.53343],[-118.89506,41.53345],[-118.89478,41.53346],[-118.89447,41.53345],[-118.89435,41.53344],[-118.89357,41.53333],[-118.89342,41.5333],[-118.89327,41.53327],[-118.89313,41.53324],[-118.89295,41.53318],[-118.89267,41.53311],[-118.89257,41.53309],[-118.89245,41.53306],[-118.89205,41.53292],[-118.89189,41.53285],[-118.89134,41.53254],[-118.89125,41.53249],[-118.89114,41.53244],[-118.89098,41.53235],[-118.8907,41.53215],[-118.89057,41.53205],[-118.8903,41.53182],[-118.88997,41.5315],[-118.88988,41.53141],[-118.88977,41.53129],[-118.88968,41.53113],[-118.88961,41.53099],[-118.88957,41.53089],[-118.88935,41.53006],[-118.88933,41.52994],[-118.8893,41.52975],[-118.8893,41.52961],[-118.88934,41.52904],[-118.88933,41.52897],[-118.88931,41.5289],[-118.88917,41.52852],[-118.88898,41.52791],[-118.88891,41.52766],[-118.88886,41.52741],[-118.88884,41.52729],[-118.88883,41.52711],[-118.88881,41.52683],[-118.8888,41.52676],[-118.88878,41.5267],[-118.88873,41.52661],[-118.88859,41.52634],[-118.88847,41.5261],[-118.88843,41.526],[-118.8884,41.52588],[-118.88835,41.52567],[-118.88827,41.52545],[-118.88803,41.52492],[-118.88801,41.52487],[-118.88799,41.52479],[-118.88798,41.52472],[-118.88798,41.52446],[-118.88797,41.52426],[-118.88795,41.52419],[-118.88789,41.52402],[-118.88778,41.52381],[-118.88768,41.52351],[-118.88763,41.52336],[-118.88749,41.523],[-118.88745,41.5229],[-118.88741,41.52284],[-118.88737,41.52278],[-118.88726,41.52268],[-118.88719,41.52261],[-118.88704,41.52247],[-118.88694,41.52239],[-118.88687,41.52233],[-118.88684,41.52226],[-118.88682,41.52215],[-118.88681,41.52208],[-118.8868,41.52204],[-118.88678,41.522],[-118.88676,41.52197],[-118.88666,41.52186],[-118.88629,41.5215],[-118.88595,41.52121],[-118.88572,41.52101],[-118.88564,41.52095],[-118.88524,41.52068],[-118.88516,41.52063],[-118.88506,41.52052],[-118.88502,41.52048],[-118.88493,41.52033],[-118.88488,41.52026],[-118.88482,41.52018],[-118.88475,41.52011],[-118.88469,41.52007],[-118.88441,41.5199],[-118.8843,41.51984],[-118.88411,41.51971],[-118.88391,41.51955],[-118.88379,41.51945],[-118.88347,41.51925],[-118.88308,41.51898],[-118.88301,41.51894],[-118.88294,41.5189],[-118.88193,41.51853],[-118.88175,41.51846],[-118.8816,41.51837],[-118.88151,41.51831],[-118.8811,41.51801],[-118.88085,41.51781],[-118.88067,41.51766],[-118.88028,41.51731],[-118.8801,41.51716],[-118.88002,41.5171],[-118.87923,41.51663],[-118.8787,41.51634],[-118.87837,41.51613],[-118.87785,41.51578],[-118.87774,41.51574],[-118.87734,41.51565],[-118.87715,41.5156],[-118.87706,41.51558],[-118.87693,41.51554],[-118.87686,41.5155],[-118.8768,41.51547],[-118.8767,41.5154],[-118.87662,41.51532],[-118.87655,41.51525],[-118.87635,41.51495],[-118.87628,41.51482],[-118.87623,41.51473],[-118.87611,41.51457],[-118.87597,41.51442],[-118.87578,41.51426],[-118.87547,41.51403],[-118.87531,41.51391],[-118.87522,41.51386],[-118.87495,41.51373],[-118.87455,41.51358],[-118.87439,41.51355],[-118.8743,41.51354],[-118.8742,41.51353],[-118.87402,41.51353],[-118.87387,41.51354],[-118.87366,41.51357],[-118.87359,41.51358],[-118.87348,41.51358],[-118.87338,41.51357],[-118.87328,41.51356],[-118.87319,41.51353],[-118.87306,41.51351],[-118.87278,41.51345],[-118.87238,41.51334],[-118.8719,41.51324],[-118.8717,41.51318],[-118.87132,41.51305],[-118.87098,41.51292],[-118.87066,41.51277],[-118.87047,41.51272],[-118.87038,41.51271],[-118.87019,41.5127],[-118.87012,41.5127],[-118.87005,41.51268],[-118.86997,41.51266],[-118.86989,41.51262],[-118.86984,41.5126],[-118.86979,41.51259],[-118.86971,41.51259],[-118.86963,41.51246],[-118.86951,41.5123],[-118.86905,41.51179],[-118.86889,41.51161],[-118.86881,41.51149],[-118.86877,41.5114],[-118.86867,41.5111],[-118.86865,41.51101],[-118.86862,41.51092],[-118.8686,41.51088],[-118.86856,41.51083],[-118.86852,41.51078],[-118.86845,41.51073],[-118.86825,41.5106],[-118.86819,41.51055],[-118.86816,41.51052],[-118.86813,41.51046],[-118.86807,41.51019],[-118.86801,41.50999],[-118.86788,41.50962],[-118.86786,41.50957],[-118.86767,41.50925],[-118.86757,41.50911],[-118.86725,41.50862],[-118.86721,41.50855],[-118.86718,41.50848],[-118.86711,41.5082],[-118.86705,41.50804],[-118.86695,41.50779],[-118.86689,41.50768],[-118.86686,41.50764],[-118.86682,41.50759],[-118.86677,41.50756],[-118.86638,41.50735],[-118.86625,41.50728],[-118.86611,41.50723],[-118.86595,41.50718],[-118.8658,41.50713],[-118.86554,41.50701],[-118.8653,41.50686],[-118.86514,41.50676],[-118.86502,41.50668],[-118.86466,41.5064],[-118.8646,41.50637],[-118.86451,41.50633],[-118.86433,41.50627],[-118.86403,41.5062],[-118.86358,41.50606],[-118.86337,41.50597],[-118.86316,41.50587],[-118.86271,41.50563],[-118.86257,41.50556],[-118.86228,41.50543],[-118.8621,41.50537],[-118.862,41.50535],[-118.86188,41.50532],[-118.86172,41.50529],[-118.86142,41.50527],[-118.86121,41.50527],[-118.86098,41.50526],[-118.86074,41.50525],[-118.86057,41.50523],[-118.86039,41.50521],[-118.86017,41.50521],[-118.86007,41.50521],[-118.85992,41.50523],[-118.85969,41.50526],[-118.85932,41.50535],[-118.85912,41.50541],[-118.85898,41.50544],[-118.85881,41.50547],[-118.85865,41.50549],[-118.85797,41.5056],[-118.85775,41.50564],[-118.85754,41.50567],[-118.8573,41.50569],[-118.85712,41.50568],[-118.85704,41.50567],[-118.85697,41.50565],[-118.85679,41.5056],[-118.85645,41.50547],[-118.8563,41.50542],[-118.85609,41.50538],[-118.85593,41.50535],[-118.85576,41.50533],[-118.85551,41.50531],[-118.85523,41.50527],[-118.85503,41.50524],[-118.85492,41.50522],[-118.85463,41.50514],[-118.85446,41.50511],[-118.85411,41.50508],[-118.85385,41.50507],[-118.85374,41.50505],[-118.85366,41.50504],[-118.85352,41.50502],[-118.85342,41.505],[-118.85331,41.50498],[-118.85286,41.50495],[-118.85279,41.50494],[-118.85271,41.50492],[-118.85222,41.50477],[-118.85198,41.50469],[-118.85187,41.50466],[-118.85179,41.50464],[-118.85162,41.50461],[-118.85147,41.50469],[-118.85133,41.50482],[-118.85129,41.50487],[-118.8512,41.505],[-118.85115,41.50512],[-118.85105,41.50531],[-118.85084,41.50564],[-118.85053,41.50618],[-118.85037,41.50639],[-118.85006,41.50678],[-118.84996,41.50688],[-118.84985,41.50696],[-118.84949,41.5072],[-118.84936,41.5073],[-118.84928,41.50737],[-118.84925,41.50741],[-118.84918,41.50751],[-118.84915,41.50759],[-118.84911,41.50773],[-118.84907,41.50787],[-118.84903,41.50812],[-118.84901,41.50816],[-118.84898,41.5082],[-118.84895,41.50824],[-118.84889,41.50829],[-118.84875,41.50835],[-118.84868,41.50841],[-118.84864,41.50847],[-118.84861,41.50854],[-118.84856,41.50879],[-118.84856,41.50893],[-118.84857,41.50898],[-118.84865,41.50915],[-118.84868,41.50924],[-118.84869,41.50931],[-118.8487,41.5095],[-118.84868,41.50957],[-118.84866,41.50963],[-118.84863,41.50969],[-118.84859,41.50975],[-118.84854,41.50981],[-118.84829,41.51006],[-118.84817,41.51017],[-118.8478,41.5106],[-118.84773,41.51071],[-118.84759,41.51098],[-118.84731,41.51161],[-118.84721,41.51187],[-118.84713,41.51212],[-118.8471,41.51218],[-118.84697,41.51241],[-118.84668,41.51314],[-118.84666,41.51319],[-118.84662,41.51324],[-118.84658,41.51329],[-118.84653,41.51333],[-118.84648,41.51338],[-118.84642,41.51341],[-118.84598,41.51363],[-118.84558,41.51384],[-118.84484,41.5142],[-118.84471,41.51425],[-118.84439,41.5147],[-118.84417,41.51504],[-118.84401,41.51533],[-118.84365,41.51615],[-118.8436,41.51628],[-118.84353,41.51651],[-118.84345,41.5168],[-118.84337,41.51722],[-118.84335,41.5173],[-118.84324,41.51753],[-118.84313,41.51771],[-118.84298,41.51794],[-118.84267,41.51843],[-118.84255,41.51865],[-118.84238,41.51898],[-118.84234,41.51906],[-118.84229,41.51922],[-118.84226,41.51937],[-118.8422,41.51991],[-118.84212,41.52021],[-118.84207,41.5204],[-118.84203,41.52052],[-118.84198,41.52064],[-118.84157,41.52144],[-118.84117,41.52229],[-118.8411,41.52248],[-118.84108,41.52266],[-118.84107,41.52286],[-118.84112,41.5231],[-118.84112,41.52325],[-118.8411,41.52335],[-118.84107,41.52343],[-118.84102,41.52351],[-118.84095,41.5236],[-118.84078,41.52381],[-118.8406,41.52394],[-118.84033,41.52434],[-118.84003,41.52464],[-118.83945,41.52537],[-118.83913,41.52571],[-118.83883,41.52579],[-118.83864,41.5259],[-118.83863,41.52603],[-118.83884,41.52625],[-118.83885,41.52641],[-118.8385,41.52722],[-118.83831,41.52751],[-118.83808,41.52775],[-118.83775,41.52809],[-118.83766,41.52823],[-118.83747,41.52841],[-118.8373,41.52853],[-118.83701,41.52874],[-118.83634,41.52927],[-118.83612,41.52942],[-118.83607,41.52945],[-118.83587,41.52957],[-118.83568,41.52968],[-118.83558,41.52974],[-118.83545,41.52982],[-118.83537,41.52986],[-118.83527,41.52988],[-118.83507,41.52991],[-118.83488,41.52993],[-118.83464,41.52996],[-118.83443,41.53],[-118.83416,41.53005],[-118.8339,41.53008],[-118.83361,41.53012],[-118.83327,41.53017],[-118.83295,41.53021],[-118.83255,41.53023],[-118.83245,41.53023],[-118.83216,41.53023],[-118.83177,41.53024],[-118.83167,41.53026],[-118.83151,41.53028],[-118.83128,41.53031],[-118.83101,41.53034],[-118.83072,41.53036],[-118.83012,41.53025],[-118.82953,41.53009],[-118.82943,41.53005],[-118.82823,41.52968],[-118.82816,41.52966],[-118.82809,41.52965],[-118.82803,41.52964],[-118.82797,41.52965]]}},{"type":"Feature","properties":{"name":"(unnamed public road)","road_class":"track","surface":"unpaved","source":"OpenStreetMap","source_detail":"osm way 957366275","source_tile":"174/382"},"geometry":{"type":"LineString","coordinates":[[-118.82945,41.51032],[-118.82938,41.51031],[-118.82913,41.51031],[-118.82813,41.51027],[-118.82726,41.51018],[-118.82619,41.51004],[-118.82588,41.51005],[-118.82515,41.50982],[-118.82396,41.50954],[-118.8235,41.50939],[-118.82287,41.50888],[-118.82144,41.508]]}},{"type":"Feature","properties":{"name":"(unnamed public road)","road_class":"track","surface":"unpaved","source":"OpenStreetMap","source_detail":"osm way 957366276","source_tile":"174/381"},"geometry":{"type":"LineString","coordinates":[[-118.83728,41.49998],[-118.83696,41.50106],[-118.83685,41.50211],[-118.8368,41.50232],[-118.83661,41.50259],[-118.83655,41.50271],[-118.83645,41.50296],[-118.83645,41.50302],[-118.83634,41.50324],[-118.83627,41.50336],[-118.83616,41.50347],[-118.83583,41.5038],[-118.83576,41.50384],[-118.8354,41.50418],[-118.83495,41.50492],[-118.83406,41.50552],[-118.83326,41.50617],[-118.8326,41.50657],[-118.83246,41.50668],[-118.83225,41.50689],[-118.83205,41.50713],[-118.83176,41.50759],[-118.83168,41.50766],[-118.83136,41.50782],[-118.83124,41.50791],[-118.83117,41.50798],[-118.83106,41.50816],[-118.8309,41.50853],[-118.83087,41.50865],[-118.83069,41.50899],[-118.83067,41.50907],[-118.83066,41.50912],[-118.83052,41.5093],[-118.82945,41.51032],[-118.82921,41.51075],[-118.82956,41.5113],[-118.82968,41.51152],[-118.82972,41.51164],[-118.82998,41.51277],[-118.83006,41.51316],[-118.83035,41.51429],[-118.83057,41.51538],[-118.83065,41.51624],[-118.83074,41.5177],[-118.83072,41.51808],[-118.83061,41.5185],[-118.83038,41.51912],[-118.8303,41.51919],[-118.83015,41.51949],[-118.82983,41.51997],[-118.82895,41.5212],[-118.82863,41.52174],[-118.82811,41.52267],[-118.82809,41.52277],[-118.82725,41.52424],[-118.827,41.52462],[-118.82689,41.52484],[-118.82677,41.52515],[-118.82661,41.52532],[-118.82625,41.52566],[-118.8261,41.52578],[-118.82602,41.52593],[-118.82626,41.52628],[-118.8264,41.52648],[-118.82662,41.52669],[-118.82665,41.52675],[-118.82665,41.52681],[-118.82664,41.52689],[-118.82648,41.52735],[-118.82615,41.52799]]}},{"type":"Feature","properties":{"name":"(unnamed public road)","road_class":"track","surface":"unpaved","source":"OpenStreetMap","source_detail":"osm way 14325871","source_tile":"174/382"},"geometry":{"type":"LineString","coordinates":[[-118.78478,41.48021],[-118.78491,41.48029],[-118.78501,41.48033],[-118.78519,41.48039],[-118.78556,41.48056],[-118.78575,41.48065],[-118.78639,41.48096],[-118.78655,41.48103],[-118.78682,41.48113],[-118.78731,41.48127],[-118.78825,41.48158],[-118.78859,41.4817],[-118.78907,41.48192],[-118.78934,41.48205],[-118.78958,41.48217],[-118.78988,41.48236],[-118.79006,41.48246],[-118.7903,41.48259],[-118.79088,41.4829],[-118.79144,41.48322],[-118.79193,41.48347],[-118.79208,41.48356],[-118.79228,41.4837],[-118.79248,41.48381],[-118.79305,41.4841],[-118.79359,41.48436],[-118.7943,41.48468],[-118.79544,41.48523],[-118.79614,41.48559],[-118.79671,41.48586],[-118.79721,41.48613],[-118.79924,41.48715],[-118.7994,41.48724],[-118.80029,41.48789],[-118.80041,41.48798],[-118.80078,41.48832],[-118.80116,41.48871],[-118.8013,41.48896],[-118.80134,41.48909],[-118.80136,41.48931],[-118.80147,41.48977],[-118.80156,41.48994],[-118.80178,41.49014],[-118.80222,41.4905],[-118.80266,41.49073],[-118.80315,41.49111],[-118.80339,41.49123],[-118.80364,41.4913],[-118.80387,41.49134],[-118.80411,41.49148],[-118.80439,41.49166],[-118.80518,41.49215],[-118.80544,41.49227],[-118.80609,41.49253],[-118.80646,41.4927],[-118.80684,41.49283],[-118.80706,41.4929],[-118.80715,41.49292],[-118.80725,41.49293],[-118.80734,41.49293],[-118.80744,41.49293],[-118.80756,41.49292],[-118.80781,41.4929],[-118.80803,41.49289],[-118.80895,41.49288],[-118.80927,41.49289],[-118.80932,41.4929],[-118.80935,41.49291],[-118.80942,41.49295],[-118.80948,41.49301],[-118.80959,41.49316],[-118.80968,41.49324],[-118.80975,41.49327],[-118.80982,41.49329],[-118.81051,41.49338],[-118.81068,41.4934],[-118.8108,41.49343],[-118.81106,41.49349],[-118.81177,41.49371],[-118.81183,41.49372],[-118.81199,41.49374],[-118.81222,41.49374],[-118.81301,41.49369],[-118.81329,41.4937],[-118.81347,41.49372],[-118.81364,41.49375],[-118.81381,41.49379],[-118.81411,41.49386],[-118.81448,41.49397],[-118.81468,41.49401],[-118.81503,41.49406],[-118.81537,41.49409],[-118.81547,41.49412],[-118.81614,41.4943],[-118.81629,41.49433],[-118.81644,41.49436],[-118.8181,41.49455],[-118.81843,41.49459],[-118.81863,41.49462],[-118.81879,41.49462],[-118.82003,41.49465],[-118.82012,41.49466],[-118.8202,41.49467],[-118.82028,41.49469],[-118.82036,41.49472],[-118.8204,41.49474],[-118.82058,41.49479],[-118.82066,41.4948],[-118.82074,41.49481],[-118.82082,41.49481],[-118.8209,41.49481],[-118.82098,41.4948],[-118.82106,41.49478],[-118.82116,41.49475],[-118.82193,41.49456],[-118.82232,41.49448],[-118.8226,41.49445],[-118.82289,41.49443],[-118.82307,41.49443],[-118.8234,41.49443],[-118.82364,41.49446],[-118.82391,41.49451],[-118.82405,41.49453],[-118.8244,41.49457],[-118.8246,41.49459],[-118.82496,41.49463],[-118.82506,41.49465],[-118.82636,41.49497],[-118.82679,41.49509],[-118.82718,41.49519],[-118.82747,41.49529],[-118.82761,41.49534],[-118.82774,41.49539],[-118.82809,41.49558],[-118.82831,41.49568],[-118.82855,41.49578],[-118.82956,41.49618],[-118.82972,41.49625],[-118.82986,41.49633],[-118.83034,41.4966],[-118.83052,41.4967],[-118.83064,41.49674],[-118.83092,41.49682],[-118.83105,41.49685],[-118.83196,41.49704],[-118.83239,41.49714],[-118.83267,41.49721],[-118.83335,41.49744],[-118.83407,41.49772],[-118.83427,41.49781],[-118.83433,41.49784],[-118.83467,41.49806],[-118.83511,41.49837],[-118.83593,41.49899],[-118.83622,41.49918],[-118.83693,41.49969],[-118.83717,41.49988],[-118.83728,41.49998],[-118.83772,41.50047],[-118.83812,41.50093],[-118.8386,41.50157],[-118.83871,41.50166],[-118.83877,41.50169],[-118.83886,41.50173],[-118.83897,41.50177],[-118.83912,41.50181],[-118.83958,41.5019],[-118.83977,41.50192],[-118.83994,41.50193],[-118.84018,41.50194],[-118.84104,41.50192],[-118.84149,41.50193],[-118.84179,41.50196],[-118.84246,41.50197],[-118.84314,41.50204],[-118.84331,41.50207],[-118.84342,41.50209],[-118.84374,41.50218],[-118.84385,41.50222],[-118.84395,41.50227],[-118.84406,41.50234],[-118.84419,41.50243],[-118.84437,41.50258],[-118.84488,41.50303],[-118.84521,41.50328],[-118.84543,41.50344],[-118.84565,41.50359],[-118.84584,41.5037],[-118.84618,41.50388],[-118.84654,41.50407],[-118.84686,41.50421],[-118.84702,41.50426],[-118.84744,41.50438],[-118.84781,41.50446],[-118.84814,41.50453],[-118.84865,41.50461],[-118.8494,41.50472],[-118.84975,41.50474],[-118.84997,41.50473],[-118.85047,41.5047],[-118.85078,41.50467],[-118.8513,41.50461],[-118.85137,41.5046],[-118.85153,41.50461],[-118.85162,41.50461]]}},{"type":"Feature","properties":{"name":"(unnamed public road)","road_class":"track","surface":"unpaved","source":"OpenStreetMap","source_detail":"osm way 14331612","source_tile":"174/382"},"geometry":{"type":"LineString","coordinates":[[-118.86159,41.40395],[-118.86135,41.40424],[-118.86074,41.40502],[-118.8604,41.40538],[-118.85959,41.40633],[-118.85943,41.40654],[-118.85909,41.407],[-118.85881,41.40737],[-118.85831,41.40806],[-118.85813,41.40828],[-118.85805,41.40837],[-118.85797,41.40848],[-118.8578,41.40874],[-118.85745,41.40922],[-118.85723,41.40951],[-118.85706,41.40973],[-118.85693,41.40993],[-118.8568,41.41011],[-118.85608,41.41106],[-118.85555,41.41181],[-118.85545,41.41193],[-118.85534,41.41206],[-118.85525,41.41214],[-118.85509,41.41236],[-118.85495,41.41254],[-118.85475,41.41281],[-118.85453,41.41312],[-118.85409,41.41372],[-118.85384,41.41405],[-118.85356,41.41437],[-118.85292,41.41518],[-118.85248,41.41584],[-118.85235,41.41605],[-118.85218,41.41625],[-118.85194,41.41659],[-118.85167,41.41694],[-118.85125,41.41743],[-118.85097,41.41777],[-118.85072,41.41804],[-118.85032,41.41846],[-118.85,41.41875],[-118.84945,41.41924],[-118.8489,41.4198],[-118.84873,41.41996],[-118.84853,41.42014],[-118.8481,41.42054],[-118.84786,41.42076],[-118.84767,41.42095],[-118.84677,41.42185],[-118.84642,41.42213],[-118.84628,41.42225],[-118.84616,41.42237],[-118.84601,41.42254],[-118.84563,41.42294],[-118.84496,41.42359],[-118.84464,41.42389],[-118.84266,41.4257],[-118.84234,41.42598],[-118.84176,41.42654],[-118.84162,41.42667],[-118.84104,41.42716],[-118.84078,41.42741],[-118.84005,41.42815],[-118.83954,41.42867],[-118.83913,41.42904],[-118.83895,41.42922],[-118.83867,41.42956],[-118.83855,41.4297],[-118.83821,41.43003],[-118.83799,41.43022],[-118.8372,41.43095],[-118.83695,41.4312],[-118.83598,41.43221],[-118.83538,41.43279],[-118.83481,41.43326],[-118.83428,41.43372],[-118.83402,41.4339],[-118.83354,41.43423],[-118.83305,41.4346],[-118.8324,41.43505],[-118.83202,41.43533],[-118.8314,41.43579],[-118.83111,41.43608],[-118.83016,41.43714],[-118.82949,41.43804],[-118.82917,41.43844],[-118.82898,41.43867],[-118.82886,41.4388],[-118.82837,41.43938],[-118.8281,41.43967],[-118.82778,41.43998],[-118.82734,41.44038],[-118.82706,41.4406],[-118.82654,41.44099],[-118.82628,41.44119]]}},{"type":"Feature","properties":{"name":"(unnamed public road)","road_class":"track","surface":"unpaved","source":"OpenStreetMap","source_detail":"osm way 14339514","source_tile":"174/382"},"geometry":{"type":"LineString","coordinates":[[-118.80169,41.36646],[-118.80142,41.3665],[-118.80131,41.36651],[-118.80051,41.36656],[-118.8004,41.36656],[-118.80018,41.36655],[-118.79996,41.36653],[-118.79979,41.36649],[-118.79933,41.36637],[-118.79917,41.36631],[-118.79896,41.36623],[-118.79874,41.36615],[-118.79862,41.36611],[-118.79851,41.36608],[-118.79794,41.366],[-118.79737,41.36588],[-118.79659,41.36579],[-118.7965,41.36577],[-118.79637,41.36573],[-118.79625,41.36569],[-118.7961,41.36561],[-118.79578,41.3654],[-118.79563,41.36533],[-118.79535,41.36521],[-118.7948,41.36499],[-118.79457,41.36489],[-118.79447,41.36483],[-118.79433,41.36474],[-118.79422,41.36465],[-118.79413,41.36459],[-118.79397,41.3645],[-118.79364,41.36435],[-118.79344,41.36425],[-118.79318,41.3641],[-118.79278,41.36386],[-118.7926,41.36373],[-118.79247,41.36363],[-118.79232,41.36349],[-118.79222,41.3634],[-118.79214,41.36331],[-118.79196,41.36312],[-118.79184,41.36296],[-118.79172,41.36283],[-118.79161,41.36272],[-118.79143,41.36259],[-118.79124,41.36246],[-118.79107,41.36236],[-118.7909,41.36228],[-118.7908,41.36224],[-118.79077,41.36222],[-118.79075,41.36219],[-118.79075,41.36216],[-118.79077,41.36213],[-118.7908,41.36211],[-118.79108,41.36206],[-118.79139,41.36198],[-118.79188,41.36191],[-118.79207,41.36189],[-118.79227,41.36188],[-118.79243,41.36187],[-118.79271,41.36183],[-118.79298,41.36179],[-118.79313,41.3617],[-118.7933,41.36162],[-118.79345,41.36156],[-118.79362,41.3615],[-118.79389,41.36142],[-118.79408,41.36136],[-118.79436,41.36126],[-118.79457,41.36115],[-118.79481,41.36104],[-118.79488,41.36101],[-118.79499,41.36098],[-118.7951,41.36096],[-118.79521,41.36095],[-118.7957,41.36093],[-118.79614,41.36091],[-118.79629,41.36089],[-118.79639,41.36088],[-118.79684,41.36078],[-118.79722,41.36068],[-118.79749,41.36058],[-118.79777,41.36046],[-118.79787,41.36043],[-118.79799,41.36041],[-118.79847,41.36035],[-118.79921,41.36024],[-118.79961,41.3602],[-118.79981,41.36016],[-118.80037,41.36003],[-118.80047,41.36001],[-118.80057,41.36001],[-118.80062,41.36002],[-118.80072,41.36004],[-118.80087,41.36009],[-118.80097,41.36012],[-118.80103,41.36012],[-118.80116,41.36012],[-118.80123,41.36012],[-118.80129,41.3601],[-118.80135,41.36008],[-118.80143,41.36005],[-118.80158,41.35997],[-118.80173,41.35987],[-118.80183,41.35978],[-118.80194,41.35967],[-118.802,41.3596],[-118.80209,41.35945],[-118.80222,41.35922],[-118.80225,41.35915],[-118.80226,41.3591],[-118.80226,41.35905],[-118.80226,41.35901],[-118.80225,41.35896],[-118.80222,41.35889],[-118.80207,41.35864],[-118.80195,41.35839],[-118.80188,41.35821],[-118.80181,41.35798],[-118.80176,41.35773],[-118.80173,41.35763],[-118.80183,41.35752],[-118.80189,41.35745],[-118.80194,41.35736],[-118.802,41.35721],[-118.80215,41.35693],[-118.80222,41.35683],[-118.80239,41.35666],[-118.80262,41.35646],[-118.80297,41.35614],[-118.80326,41.35579],[-118.80338,41.35568],[-118.80348,41.3556],[-118.80358,41.35552],[-118.80382,41.35541],[-118.80389,41.35538],[-118.80397,41.35535],[-118.80407,41.35533],[-118.80441,41.35526],[-118.8046,41.35521],[-118.80481,41.35515],[-118.80504,41.35507],[-118.80529,41.35499],[-118.80539,41.35498],[-118.8055,41.35498],[-118.8056,41.35499],[-118.8057,41.35503],[-118.80574,41.35505],[-118.80579,41.35508],[-118.80624,41.35543],[-118.80639,41.35551],[-118.80652,41.35556],[-118.80673,41.35563],[-118.80701,41.35569],[-118.80732,41.35576],[-118.80743,41.35578],[-118.80757,41.35584],[-118.80771,41.35591],[-118.80781,41.35597],[-118.80793,41.35606],[-118.808,41.35613],[-118.80815,41.35631],[-118.8082,41.35636],[-118.80825,41.35638],[-118.80831,41.3564],[-118.80839,41.35641],[-118.80863,41.35642],[-118.80872,41.35644],[-118.8088,41.35646],[-118.80884,41.35648],[-118.80888,41.35651],[-118.8091,41.35661],[-118.80928,41.35666],[-118.80938,41.3567],[-118.80944,41.35673],[-118.8095,41.35677],[-118.80955,41.35684],[-118.80968,41.35698],[-118.8098,41.3571],[-118.80988,41.35717],[-118.80997,41.35721],[-118.81003,41.35724],[-118.81014,41.35726],[-118.81042,41.35729],[-118.81064,41.35732],[-118.81084,41.35736],[-118.81136,41.35748],[-118.81156,41.35754],[-118.81181,41.35763],[-118.81222,41.35779],[-118.8126,41.35796],[-118.81294,41.35811],[-118.81352,41.35833],[-118.81385,41.35846],[-118.81416,41.35859],[-118.81423,41.35861],[-118.81431,41.35863],[-118.81438,41.35863],[-118.81445,41.35864],[-118.81453,41.35863],[-118.8146,41.35863],[-118.81483,41.35858],[-118.815,41.35856],[-118.8152,41.35855],[-118.81549,41.35856],[-118.8157,41.35858],[-118.81661,41.35873],[-118.81793,41.35898],[-118.8184,41.35905],[-118.81862,41.35909],[-118.81929,41.3592],[-118.81986,41.3593],[-118.82125,41.35953],[-118.8223,41.3597],[-118.82298,41.35981],[-118.82554,41.36026],[-118.82621,41.3604],[-118.82636,41.36043],[-118.82651,41.36044],[-118.8267,41.36046],[-118.82684,41.36046],[-118.82705,41.36048],[-118.82729,41.36054],[-118.82793,41.36065],[-118.82855,41.36075],[-118.8294,41.36089],[-118.83002,41.361],[-118.83131,41.36122],[-118.83203,41.36133],[-118.83275,41.36148],[-118.83327,41.36158],[-118.83346,41.3616],[-118.83358,41.36162],[-118.83382,41.36166],[-118.83428,41.36173],[-118.83453,41.36176],[-118.83475,41.3618],[-118.83504,41.36184],[-118.83522,41.36188],[-118.83538,41.36192],[-118.83554,41.36195],[-118.83578,41.36198],[-118.83687,41.3622],[-118.83741,41.36231],[-118.83805,41.36245],[-118.83881,41.36262],[-118.83955,41.36277],[-118.8402,41.36289],[-118.84112,41.36309],[-118.84221,41.36327],[-118.84285,41.3634],[-118.84326,41.36348],[-118.8436,41.36355],[-118.844,41.36364],[-118.84447,41.36374],[-118.8452,41.36387],[-118.84563,41.36397],[-118.84658,41.36416],[-118.84745,41.36432],[-118.84778,41.36438],[-118.84828,41.36449],[-118.84897,41.36462],[-118.84951,41.36473],[-118.84977,41.36478],[-118.85034,41.36487],[-118.85082,41.36493],[-118.85114,41.36501],[-118.8513,41.36505],[-118.85178,41.36512],[-118.85202,41.36517],[-118.85227,41.36521],[-118.85267,41.3653],[-118.85299,41.36536],[-118.85405,41.36554],[-118.85542,41.36577],[-118.85661,41.36599],[-118.85731,41.36612],[-118.85783,41.36619],[-118.85807,41.36622],[-118.85837,41.36628],[-118.85848,41.3663],[-118.85876,41.36632],[-118.859,41.36633],[-118.85935,41.36634],[-118.8595,41.36634],[-118.8596,41.36635],[-118.85966,41.36636],[-118.85978,41.3664],[-118.85983,41.36643],[-118.8599,41.36647],[-118.85998,41.3665],[-118.86007,41.36653],[-118.86016,41.36653],[-118.86044,41.36653],[-118.86065,41.36653],[-118.86075,41.36654],[-118.86084,41.36656],[-118.86107,41.36663],[-118.86115,41.36665],[-118.86124,41.36666],[-118.86154,41.36666],[-118.86176,41.36666],[-118.86189,41.36666],[-118.86199,41.36667],[-118.86214,41.36671],[-118.86231,41.36676],[-118.86248,41.36682],[-118.86272,41.36691],[-118.8628,41.36693],[-118.86289,41.36695],[-118.86297,41.36696],[-118.86312,41.36697],[-118.86329,41.36697],[-118.86356,41.36694],[-118.86377,41.3669],[-118.86437,41.36681],[-118.86476,41.36677],[-118.86532,41.36671],[-118.86582,41.36668]]}},{"type":"Feature","properties":{"name":"(unnamed public road)","road_class":"track","surface":"unpaved","source":"OpenStreetMap","source_detail":"osm way 14339788","source_tile":"174/382"},"geometry":{"type":"LineString","coordinates":[[-118.8628,41.40392],[-118.86159,41.40395],[-118.86129,41.40394],[-118.86068,41.40396],[-118.86037,41.40397],[-118.86012,41.40397],[-118.85749,41.40401],[-118.85677,41.40402],[-118.85646,41.40402],[-118.85623,41.404],[-118.85611,41.40406],[-118.85595,41.40414],[-118.8558,41.4042],[-118.85561,41.40425],[-118.85519,41.40435],[-118.8548,41.40444],[-118.85409,41.40461],[-118.85332,41.40476],[-118.85278,41.40489],[-118.85234,41.40497],[-118.85178,41.4051],[-118.85156,41.40516],[-118.8514,41.40517],[-118.85091,41.40519],[-118.85063,41.40519],[-118.84968,41.40515],[-118.84864,41.40508],[-118.84767,41.40505],[-118.8459,41.40496],[-118.84449,41.40489],[-118.84104,41.40472],[-118.84018,41.40468],[-118.83871,41.40459],[-118.83751,41.40453],[-118.83708,41.40451],[-118.83658,41.40449],[-118.83622,41.40447],[-118.83562,41.40443],[-118.83404,41.40437],[-118.82997,41.40418],[-118.82973,41.40416],[-118.82959,41.40414],[-118.82945,41.40413],[-118.82929,41.40414],[-118.829,41.40413],[-118.82811,41.40408],[-118.82768,41.40406],[-118.82712,41.40403],[-118.82679,41.40402],[-118.82632,41.40401],[-118.82595,41.404],[-118.82549,41.40396],[-118.82491,41.40394],[-118.82342,41.40386],[-118.82229,41.4038],[-118.82082,41.40373],[-118.81963,41.40364],[-118.81879,41.40355],[-118.81859,41.40353],[-118.81836,41.40353],[-118.81814,41.40352],[-118.8177,41.40349],[-118.81729,41.4037],[-118.81693,41.40388],[-118.81652,41.40409],[-118.81582,41.40447],[-118.81532,41.40473],[-118.81493,41.40492],[-118.81413,41.40536],[-118.81375,41.40555],[-118.81353,41.40566],[-118.81331,41.40576],[-118.81306,41.40588],[-118.81243,41.4062],[-118.81199,41.40641],[-118.81163,41.40658],[-118.81081,41.40702],[-118.81039,41.40722],[-118.80955,41.40765],[-118.8088,41.40805],[-118.80853,41.40819],[-118.80822,41.40834],[-118.80784,41.4085],[-118.80743,41.40865],[-118.80711,41.40875],[-118.80681,41.40885],[-118.80624,41.40901]]}},{"type":"Feature","properties":{"name":"(unnamed public road)","road_class":"track","surface":"unpaved","source":"OpenStreetMap","source_detail":"osm way 14327855","source_tile":"174/382"},"geometry":{"type":"LineString","coordinates":[[-118.74485,41.48033],[-118.74468,41.48041],[-118.74465,41.48044],[-118.74462,41.48048],[-118.74459,41.48065],[-118.74457,41.48072],[-118.74453,41.48081],[-118.74436,41.48107],[-118.74407,41.4816],[-118.74391,41.4819],[-118.74369,41.48236],[-118.74345,41.4829],[-118.74335,41.48313],[-118.74332,41.48319],[-118.74329,41.48324],[-118.74325,41.48328],[-118.74321,41.48333],[-118.74315,41.48337],[-118.74306,41.4834],[-118.74295,41.48342],[-118.74289,41.48343],[-118.74282,41.48345],[-118.74271,41.48349],[-118.74263,41.48352],[-118.74224,41.48381],[-118.74193,41.48398],[-118.74095,41.48446],[-118.74052,41.48469],[-118.73998,41.48499],[-118.7398,41.48511],[-118.73963,41.48522],[-118.73951,41.4853],[-118.7394,41.48537],[-118.73932,41.48544],[-118.73911,41.48564],[-118.73901,41.48575],[-118.73892,41.48588],[-118.73887,41.48596],[-118.73879,41.4861],[-118.73865,41.4864],[-118.73855,41.48662],[-118.7384,41.48705],[-118.73832,41.48724],[-118.73822,41.48745],[-118.73813,41.48763],[-118.73802,41.48784],[-118.7378,41.48838],[-118.73752,41.48901],[-118.73735,41.48929],[-118.73721,41.48953],[-118.73715,41.48959],[-118.73709,41.48965],[-118.73694,41.48975],[-118.73686,41.48979],[-118.73654,41.48991],[-118.73647,41.48994],[-118.73643,41.48996],[-118.73633,41.49007],[-118.73606,41.49033],[-118.736,41.49039],[-118.73589,41.49047],[-118.73577,41.49054],[-118.73565,41.4906],[-118.73534,41.49072],[-118.73504,41.49081],[-118.73459,41.49091],[-118.73415,41.49099],[-118.73364,41.49107],[-118.7335,41.4911],[-118.73325,41.49117],[-118.73304,41.49126],[-118.73291,41.49133],[-118.7326,41.4915],[-118.73252,41.49155],[-118.73214,41.49177],[-118.73194,41.49196],[-118.73171,41.49219],[-118.73157,41.49236],[-118.7315,41.49247],[-118.73126,41.49276],[-118.73047,41.49368],[-118.72976,41.49444],[-118.72862,41.4958],[-118.72843,41.49605],[-118.72831,41.49622],[-118.72824,41.49634],[-118.72815,41.49652],[-118.72807,41.49669],[-118.72777,41.49738],[-118.72744,41.49807],[-118.72709,41.49852],[-118.72691,41.4988],[-118.72686,41.49906],[-118.72681,41.49938],[-118.72671,41.49955],[-118.72666,41.49965],[-118.72663,41.49973],[-118.72661,41.49984],[-118.72661,41.50003],[-118.7267,41.50075],[-118.72678,41.50159],[-118.72685,41.50205],[-118.72694,41.50252],[-118.72699,41.50291],[-118.72699,41.50377],[-118.72698,41.50393],[-118.72697,41.50404],[-118.72697,41.50407],[-118.72692,41.50429],[-118.72689,41.50441],[-118.7268,41.50467],[-118.72678,41.50474],[-118.72668,41.50499],[-118.72644,41.50555],[-118.72641,41.50565],[-118.72641,41.50577],[-118.72638,41.50682],[-118.72644,41.50881],[-118.72645,41.50971],[-118.72644,41.50986],[-118.72641,41.51011],[-118.72641,41.51034],[-118.72659,41.51098],[-118.72662,41.51114],[-118.72664,41.51121],[-118.72677,41.51168],[-118.72649,41.51192],[-118.72647,41.51198],[-118.72639,41.51209],[-118.72623,41.51223],[-118.72619,41.51228],[-118.7261,41.51239],[-118.72601,41.51262],[-118.72599,41.51269],[-118.72542,41.51332],[-118.72517,41.51366],[-118.72503,41.51388],[-118.72485,41.51414],[-118.72473,41.51439],[-118.72442,41.51475],[-118.7241,41.51519],[-118.72399,41.51535],[-118.72386,41.51552],[-118.72376,41.51564],[-118.72353,41.51587],[-118.72344,41.51595],[-118.72326,41.51609],[-118.72318,41.51613],[-118.72284,41.51628]]}},{"type":"Feature","properties":{"name":"(unnamed public road)","road_class":"track","source":"OpenStreetMap","source_detail":"osm way 14339962","source_tile":"174/382","surface_inferred":true},"geometry":{"type":"LineString","coordinates":[[-118.59108,41.4974],[-118.5958,41.49834],[-118.59636,41.49842],[-118.59785,41.49855],[-118.59796,41.49859],[-118.598,41.49862],[-118.59802,41.49865],[-118.59805,41.49871],[-118.59808,41.49883],[-118.59821,41.49967],[-118.59823,41.49977],[-118.59827,41.49989],[-118.59831,41.49997],[-118.59846,41.50024],[-118.5985,41.5003],[-118.59853,41.50033],[-118.59857,41.50036],[-118.59862,41.50039],[-118.59912,41.50055],[-118.59918,41.50059],[-118.59919,41.50061],[-118.59921,41.50065],[-118.59922,41.50074],[-118.59921,41.50085],[-118.59916,41.50108],[-118.59915,41.50118],[-118.59915,41.50124],[-118.59917,41.50131],[-118.59924,41.50149],[-118.59926,41.50155],[-118.59928,41.50166],[-118.59928,41.50174],[-118.59924,41.50183],[-118.59921,41.50189],[-118.59914,41.50199],[-118.59905,41.50214],[-118.59901,41.5022],[-118.599,41.50225],[-118.59899,41.50231],[-118.59902,41.50258],[-118.59901,41.50267],[-118.59897,41.50273],[-118.59889,41.50277],[-118.59887,41.50279],[-118.59885,41.50284],[-118.59885,41.50288],[-118.59887,41.50292],[-118.59891,41.50296],[-118.59897,41.50299],[-118.59909,41.50303],[-118.59925,41.50306],[-118.59979,41.50316],[-118.59984,41.50318],[-118.59988,41.50321],[-118.59991,41.50325],[-118.59992,41.50327],[-118.59991,41.5033],[-118.5999,41.50333],[-118.59986,41.50337],[-118.5995,41.50372],[-118.59926,41.50391],[-118.59903,41.50416],[-118.59852,41.50467],[-118.5984,41.50477],[-118.59834,41.50482],[-118.59827,41.50487],[-118.59817,41.50491],[-118.59769,41.50511],[-118.59756,41.50518],[-118.5975,41.50522],[-118.59744,41.50527],[-118.59739,41.50532],[-118.59733,41.50542],[-118.5971,41.50588],[-118.59705,41.50595],[-118.59698,41.50602],[-118.59602,41.50672],[-118.59594,41.50678],[-118.59581,41.50687],[-118.59572,41.50693],[-118.59566,41.50696],[-118.59519,41.50714],[-118.59511,41.50718],[-118.59503,41.50723],[-118.59497,41.50728],[-118.59491,41.50733],[-118.59463,41.50767],[-118.59452,41.50784],[-118.59439,41.50812],[-118.59418,41.50839],[-118.59413,41.50848],[-118.59409,41.50859],[-118.59407,41.5087],[-118.59406,41.50877],[-118.59407,41.50915],[-118.59405,41.50921],[-118.59404,41.50923],[-118.59398,41.50927],[-118.59342,41.50953],[-118.59328,41.5096],[-118.59316,41.50967],[-118.59305,41.50976],[-118.59295,41.50985],[-118.59287,41.50995],[-118.59275,41.5101],[-118.59268,41.51017],[-118.59256,41.51026],[-118.59251,41.51031],[-118.59248,41.51037],[-118.59245,41.51051],[-118.59241,41.51058],[-118.59239,41.51061],[-118.59229,41.5107],[-118.59206,41.51087],[-118.59187,41.51104],[-118.59174,41.51118],[-118.59157,41.51141],[-118.59147,41.51157],[-118.59144,41.51163],[-118.59143,41.51173],[-118.59142,41.5118],[-118.59144,41.512],[-118.59146,41.51207],[-118.59149,41.51215],[-118.59153,41.51225],[-118.59156,41.51233],[-118.59157,41.51239],[-118.59157,41.51246],[-118.59155,41.51267],[-118.59151,41.51286],[-118.59149,41.5129],[-118.59144,41.51298],[-118.59139,41.51305],[-118.5913,41.51313],[-118.59127,41.51318],[-118.59124,41.51322],[-118.59118,41.51331],[-118.59114,41.5134],[-118.59102,41.51371],[-118.59096,41.51383],[-118.59087,41.51398],[-118.59082,41.51405],[-118.59077,41.51416],[-118.59074,41.51428],[-118.59073,41.51443],[-118.59069,41.51455],[-118.5906,41.51473],[-118.59054,41.51498],[-118.59051,41.51514],[-118.5905,41.51549],[-118.59049,41.51552],[-118.59043,41.5156],[-118.59001,41.51604]]}},{"type":"Feature","properties":{"name":"(unnamed public road)","road_class":"track","surface":"unpaved","source":"OpenStreetMap","source_detail":"osm way 14340327","source_tile":"174/382"},"geometry":{"type":"LineString","coordinates":[[-118.6931,41.48123],[-118.6933,41.48083],[-118.69338,41.48069],[-118.69348,41.4805],[-118.69362,41.48006],[-118.69366,41.4799],[-118.69371,41.47976],[-118.69377,41.47964],[-118.69394,41.47934],[-118.6941,41.47909],[-118.69429,41.47887],[-118.69443,41.47873],[-118.69491,41.4783],[-118.6952,41.47805],[-118.69527,41.47797],[-118.69533,41.47788],[-118.69537,41.47779],[-118.6954,41.4777],[-118.69546,41.47739],[-118.69549,41.47733],[-118.69553,41.47727],[-118.69562,41.47722],[-118.6957,41.47718],[-118.69579,41.47714],[-118.69588,41.47712],[-118.69598,41.4771],[-118.69607,41.47709],[-118.69624,41.47708],[-118.69632,41.47707],[-118.69639,41.47703],[-118.69645,41.47699],[-118.69652,41.47691],[-118.69659,41.47683],[-118.69664,41.47674],[-118.69672,41.47654],[-118.69677,41.47646],[-118.69683,41.47639],[-118.69695,41.47631],[-118.69705,41.47624],[-118.69713,41.47615],[-118.69726,41.47597],[-118.69752,41.47557],[-118.69776,41.47515],[-118.69799,41.47482],[-118.69823,41.47448],[-118.69833,41.47431],[-118.69847,41.47403],[-118.69864,41.47366],[-118.69872,41.4735],[-118.69876,41.47343],[-118.69929,41.47277],[-118.69954,41.4724],[-118.70016,41.47133],[-118.70044,41.47091],[-118.70054,41.47077],[-118.70066,41.47064],[-118.70089,41.47042],[-118.70108,41.47024],[-118.70184,41.47031],[-118.70274,41.4704],[-118.70334,41.47046],[-118.70392,41.4705],[-118.70454,41.47056],[-118.70518,41.47063],[-118.70575,41.47069],[-118.70696,41.47083],[-118.70756,41.47085],[-118.70782,41.47085],[-118.7081,41.47087],[-118.70835,41.47091],[-118.7094,41.47101],[-118.70973,41.47105],[-118.71004,41.47108],[-118.71062,41.47112],[-118.71091,41.47115],[-118.71101,41.47117],[-118.71114,41.47122],[-118.71123,41.47129],[-118.71129,41.47134],[-118.71135,41.47142],[-118.71137,41.47147],[-118.7114,41.47157],[-118.71142,41.47169],[-118.71142,41.47191],[-118.7114,41.4722],[-118.71141,41.47246],[-118.71142,41.47253],[-118.71147,41.47268],[-118.71176,41.47324],[-118.7119,41.47353],[-118.71201,41.47382],[-118.7121,41.474],[-118.71215,41.47407],[-118.71238,41.47444],[-118.71269,41.47445],[-118.71295,41.47482],[-118.7134,41.47499],[-118.71374,41.47552],[-118.71417,41.47599],[-118.71452,41.47644],[-118.71549,41.47733],[-118.71554,41.47754],[-118.71572,41.47772],[-118.71613,41.47892],[-118.71695,41.481],[-118.71714,41.4817],[-118.71723,41.48177],[-118.71725,41.48211],[-118.71734,41.48218],[-118.71712,41.48433],[-118.71692,41.48785],[-118.71671,41.49007],[-118.71664,41.49048],[-118.71656,41.4913],[-118.71659,41.49153],[-118.71655,41.49231],[-118.71652,41.49249],[-118.71649,41.49253],[-118.71649,41.49297],[-118.71647,41.49315],[-118.7164,41.49344],[-118.7164,41.49351],[-118.71536,41.49416],[-118.71523,41.49433],[-118.71481,41.49529],[-118.7146,41.49572],[-118.71444,41.49687],[-118.71435,41.49732],[-118.71426,41.49758],[-118.71374,41.49844],[-118.71288,41.49938],[-118.71284,41.49946],[-118.71287,41.49996],[-118.71276,41.50072],[-118.71273,41.50136],[-118.71257,41.50296],[-118.71256,41.50355],[-118.7125,41.50443],[-118.71252,41.50529],[-118.71251,41.50567],[-118.71251,41.50576],[-118.71248,41.50597],[-118.71246,41.50609],[-118.71246,41.50626],[-118.71246,41.50785],[-118.7124,41.50854],[-118.71236,41.50888],[-118.71229,41.50927],[-118.71227,41.50945],[-118.71227,41.50966],[-118.71227,41.50988],[-118.71228,41.51012],[-118.71231,41.51081],[-118.71232,41.51128],[-118.71233,41.51137],[-118.71235,41.51144],[-118.71239,41.51151],[-118.71241,41.51155],[-118.71248,41.51162],[-118.71253,41.51165],[-118.71263,41.5117],[-118.713,41.51184],[-118.7132,41.51193],[-118.71377,41.51226],[-118.71405,41.51243],[-118.71439,41.51263],[-118.71461,41.51275],[-118.71474,41.51283],[-118.71483,41.51289],[-118.7149,41.51296],[-118.71496,41.51303],[-118.71499,41.51308],[-118.71503,41.51315],[-118.71508,41.5133],[-118.71511,41.51344],[-118.71515,41.51353],[-118.71519,41.51362],[-118.71523,41.5137],[-118.71553,41.51413],[-118.71562,41.51426]]}},{"type":"Feature","properties":{"name":"(unnamed public road)","road_class":"track","source":"OpenStreetMap","source_detail":"osm way 14341042","source_tile":"174/382","surface_inferred":true},"geometry":{"type":"LineString","coordinates":[[-118.56415,41.53285],[-118.56435,41.5334],[-118.56449,41.53379],[-118.56461,41.53407],[-118.56468,41.53421],[-118.56477,41.53437],[-118.56485,41.53451],[-118.56503,41.53482],[-118.56522,41.53509],[-118.56565,41.53559],[-118.56609,41.53608],[-118.56615,41.53616],[-118.56621,41.53626],[-118.56625,41.53629],[-118.56635,41.53647],[-118.56648,41.53677],[-118.56654,41.53695],[-118.5666,41.53705],[-118.56666,41.53717],[-118.56682,41.5374],[-118.56695,41.53756],[-118.56766,41.53819],[-118.56807,41.5385],[-118.56841,41.53881],[-118.56857,41.53892],[-118.56867,41.53899],[-118.56876,41.53904],[-118.56896,41.53912],[-118.56921,41.53925],[-118.56932,41.53933],[-118.56974,41.53964],[-118.57008,41.53985],[-118.57024,41.53985],[-118.5705,41.53985],[-118.57067,41.53986],[-118.57081,41.53988],[-118.57094,41.53991],[-118.57105,41.53994],[-118.57117,41.53999],[-118.57164,41.54019],[-118.57182,41.54026],[-118.57209,41.54034],[-118.57221,41.54039],[-118.57231,41.54043],[-118.57242,41.54051],[-118.57249,41.54056],[-118.57253,41.54058],[-118.57258,41.5406],[-118.57292,41.54063],[-118.57298,41.54064],[-118.57304,41.54066],[-118.57337,41.54087],[-118.57344,41.5409],[-118.57358,41.54094],[-118.57365,41.54095],[-118.57383,41.54096],[-118.57395,41.54096],[-118.57457,41.54091],[-118.5748,41.5409],[-118.57501,41.54088],[-118.57526,41.54087],[-118.57576,41.54086],[-118.57628,41.54086],[-118.5765,41.54087],[-118.5769,41.54094],[-118.57727,41.541],[-118.57803,41.54112],[-118.57844,41.54117],[-118.5792,41.54131],[-118.57971,41.54142],[-118.5799,41.54147],[-118.58007,41.54152],[-118.58023,41.54158],[-118.5803,41.54161],[-118.58048,41.54169],[-118.58068,41.54182],[-118.58083,41.54193],[-118.58092,41.54201],[-118.581,41.54209],[-118.58106,41.54219],[-118.58115,41.5424],[-118.58128,41.54266],[-118.5814,41.54286],[-118.58148,41.54298],[-118.58155,41.54306],[-118.58164,41.54315],[-118.58174,41.54322],[-118.58183,41.54327],[-118.58206,41.54339],[-118.58229,41.54348],[-118.58261,41.54362],[-118.58273,41.54368],[-118.58297,41.54378],[-118.58315,41.54385],[-118.58332,41.5439],[-118.58346,41.54393],[-118.58357,41.54395],[-118.58393,41.54395],[-118.58455,41.544],[-118.58477,41.54403],[-118.58494,41.54406],[-118.58502,41.54408],[-118.58507,41.54412],[-118.58511,41.54416],[-118.58513,41.54421],[-118.58512,41.54426],[-118.58504,41.5444],[-118.58503,41.54445],[-118.58503,41.5445],[-118.58504,41.54455],[-118.58506,41.54458],[-118.5851,41.54462],[-118.58515,41.54465],[-118.58545,41.54476],[-118.58573,41.54488],[-118.58601,41.54505],[-118.58622,41.54519],[-118.58641,41.54532],[-118.58655,41.54544],[-118.58664,41.54552],[-118.58677,41.54566],[-118.58689,41.54577],[-118.587,41.54585],[-118.58721,41.54601],[-118.58801,41.54663],[-118.58815,41.54671],[-118.58845,41.54687],[-118.58853,41.54692],[-118.58859,41.54698],[-118.58864,41.54704],[-118.58876,41.54722],[-118.58883,41.5473],[-118.5889,41.54736],[-118.58899,41.54742],[-118.58916,41.54752],[-118.58927,41.54756],[-118.58962,41.5477],[-118.58973,41.54776],[-118.58983,41.54782],[-118.58992,41.54789],[-118.59001,41.54798],[-118.59007,41.54805],[-118.5902,41.54819],[-118.5903,41.54826],[-118.59051,41.5484],[-118.59059,41.54847],[-118.59065,41.54853],[-118.59075,41.54866],[-118.59093,41.54894],[-118.59098,41.549],[-118.59104,41.54905],[-118.59111,41.5491],[-118.59133,41.54923],[-118.59143,41.5493],[-118.59152,41.54939],[-118.59169,41.54959],[-118.5918,41.54969],[-118.59191,41.54977],[-118.59201,41.54984],[-118.59217,41.54992],[-118.59292,41.55024],[-118.59333,41.5504],[-118.59342,41.55045],[-118.59352,41.55051],[-118.59358,41.55055],[-118.59364,41.55061],[-118.59381,41.55083],[-118.59389,41.55093],[-118.594,41.55102],[-118.59411,41.55111],[-118.59423,41.55118],[-118.59437,41.55125],[-118.59449,41.5513],[-118.59461,41.55133],[-118.5947,41.55134],[-118.59478,41.55135],[-118.59547,41.55132],[-118.59556,41.55133],[-118.59573,41.55134],[-118.59585,41.55136],[-118.5972,41.55153],[-118.59728,41.55153],[-118.59741,41.55152],[-118.5977,41.55147],[-118.59783,41.55145],[-118.59796,41.55145],[-118.5989,41.55141],[-118.59911,41.55141],[-118.59932,41.55142],[-118.59948,41.55143],[-118.5996,41.55145],[-118.59982,41.55149],[-118.59998,41.55153],[-118.60019,41.5516],[-118.60044,41.55171],[-118.60053,41.55173],[-118.60062,41.55174],[-118.60072,41.55173],[-118.60081,41.55171],[-118.60084,41.55169],[-118.60088,41.55167],[-118.60094,41.55161],[-118.60129,41.55126],[-118.60156,41.551],[-118.60168,41.5509],[-118.60184,41.55078],[-118.60192,41.55073],[-118.60202,41.55067],[-118.60222,41.55058],[-118.60253,41.55045],[-118.60284,41.55036],[-118.60298,41.55033],[-118.60306,41.55032],[-118.60313,41.55032],[-118.60352,41.55035],[-118.60367,41.55037],[-118.60391,41.55041],[-118.60402,41.55041],[-118.60407,41.5504],[-118.60413,41.55039],[-118.6043,41.55033],[-118.60441,41.55026],[-118.60446,41.55022],[-118.6045,41.55018],[-118.60454,41.55013],[-118.60458,41.55008],[-118.6046,41.55003],[-118.60463,41.54996],[-118.60465,41.54976],[-118.60467,41.54971],[-118.6047,41.54968],[-118.60474,41.54965],[-118.60506,41.54947],[-118.60529,41.54933],[-118.60543,41.54924],[-118.6055,41.54919],[-118.60554,41.54917],[-118.60557,41.54916],[-118.60562,41.54915],[-118.60577,41.54904],[-118.60582,41.54899],[-118.60588,41.54892],[-118.60591,41.54884],[-118.60592,41.5488],[-118.60593,41.54855],[-118.60594,41.54851],[-118.60595,41.54847],[-118.60599,41.5484],[-118.60606,41.54832],[-118.60616,41.54823],[-118.60622,41.54819],[-118.60633,41.54811],[-118.60644,41.54805],[-118.60647,41.54803],[-118.60648,41.54801],[-118.60649,41.54798],[-118.60647,41.54795],[-118.60644,41.54793],[-118.60639,41.54792],[-118.60625,41.54794],[-118.60611,41.54797],[-118.60597,41.54799],[-118.60586,41.54801],[-118.60566,41.54801],[-118.60547,41.54801],[-118.6051,41.54799],[-118.60501,41.54798],[-118.60492,41.54796],[-118.60483,41.54794],[-118.60475,41.54791],[-118.60467,41.54787],[-118.6046,41.54782],[-118.60453,41.54777],[-118.60447,41.54772],[-118.60442,41.54766],[-118.60398,41.54707],[-118.60352,41.54632],[-118.60345,41.54624],[-118.60337,41.54616],[-118.60328,41.54609],[-118.60319,41.54604],[-118.60303,41.54592],[-118.60293,41.54583],[-118.60287,41.54576],[-118.60261,41.54543],[-118.6022,41.54478],[-118.60204,41.54442],[-118.60188,41.54412],[-118.60176,41.54377],[-118.60171,41.54352],[-118.6017,41.54345],[-118.60171,41.54338],[-118.60172,41.54331],[-118.60175,41.54324],[-118.60178,41.54317],[-118.60182,41.54311],[-118.60189,41.54303],[-118.60207,41.54293],[-118.6023,41.54281],[-118.60251,41.54273],[-118.60268,41.54268],[-118.60284,41.54263],[-118.60292,41.54259],[-118.60298,41.54255],[-118.60303,41.5425],[-118.60307,41.54245],[-118.6032,41.54228],[-118.6033,41.54218],[-118.60349,41.54204],[-118.60364,41.54191],[-118.60367,41.54186],[-118.6037,41.54182],[-118.6037,41.54177],[-118.6037,41.54172],[-118.60369,41.54165],[-118.60367,41.54159],[-118.60364,41.54153],[-118.60359,41.54148],[-118.60351,41.54139],[-118.60345,41.54131],[-118.6034,41.54124],[-118.60335,41.54115],[-118.60333,41.54107],[-118.60332,41.541],[-118.60331,41.54087],[-118.60334,41.54035],[-118.60333,41.54026],[-118.60332,41.5402],[-118.60319,41.5398],[-118.60318,41.5397],[-118.60314,41.53919],[-118.60312,41.53901],[-118.60307,41.53876],[-118.60304,41.53863],[-118.60299,41.53846],[-118.60293,41.53831],[-118.6029,41.53824],[-118.60289,41.53817],[-118.60288,41.53805],[-118.60289,41.53794],[-118.60291,41.53784],[-118.60312,41.53722],[-118.60337,41.53643],[-118.60352,41.53607],[-118.60371,41.53554],[-118.60379,41.53529],[-118.60399,41.53471],[-118.60409,41.53451],[-118.60417,41.53438],[-118.60425,41.53427],[-118.60444,41.53405],[-118.60482,41.53368],[-118.60544,41.53313],[-118.6059,41.53267],[-118.60649,41.53211],[-118.60733,41.53128],[-118.6077,41.53093],[-118.60818,41.53041],[-118.60838,41.53021],[-118.60884,41.52978],[-118.60927,41.52936],[-118.60933,41.5293],[-118.60942,41.52923],[-118.60951,41.52918],[-118.60971,41.52909],[-118.60979,41.52906],[-118.61002,41.52902],[-118.61005,41.529],[-118.61008,41.52898],[-118.6101,41.52895],[-118.61013,41.52889],[-118.61013,41.52885],[-118.61013,41.52882],[-118.61012,41.52877],[-118.61008,41.52871],[-118.60972,41.52841],[-118.60968,41.52837],[-118.60966,41.52833],[-118.60965,41.52827],[-118.60965,41.52823],[-118.60966,41.5282],[-118.6097,41.52816],[-118.60976,41.52811],[-118.60993,41.528],[-118.61003,41.52796],[-118.61013,41.52793],[-118.61025,41.52791],[-118.61035,41.5279],[-118.61069,41.52789],[-118.61089,41.52789],[-118.61101,41.52788],[-118.61106,41.52787],[-118.61111,41.52785],[-118.61114,41.52782],[-118.61119,41.52773],[-118.61122,41.52766],[-118.61123,41.52759],[-118.61123,41.52751],[-118.61122,41.5273],[-118.61123,41.52685],[-118.61123,41.5268],[-118.61126,41.52677],[-118.61128,41.52674],[-118.61131,41.52673],[-118.61135,41.52672],[-118.6114,41.52671],[-118.61149,41.52671],[-118.61167,41.52673],[-118.61174,41.52674],[-118.61181,41.52676],[-118.61204,41.52685],[-118.61219,41.5269],[-118.61237,41.52694],[-118.61243,41.52694],[-118.61251,41.52694],[-118.61262,41.52694],[-118.61269,41.52692],[-118.61281,41.52688],[-118.61286,41.52685],[-118.61291,41.52682],[-118.61316,41.52664],[-118.61348,41.52643],[-118.61371,41.52631],[-118.61388,41.52623],[-118.61395,41.5262],[-118.614,41.52619],[-118.61406,41.52619],[-118.61412,41.52618],[-118.6142,41.52619],[-118.61427,41.52621],[-118.61432,41.52623],[-118.61446,41.52633],[-118.61466,41.52644],[-118.61479,41.52651],[-118.615,41.52661],[-118.61523,41.52669],[-118.61532,41.52673],[-118.6154,41.52678],[-118.61546,41.52682],[-118.61555,41.52693],[-118.61562,41.52704],[-118.61566,41.52708],[-118.61569,41.52712],[-118.61576,41.52717],[-118.61585,41.52721],[-118.61597,41.52724],[-118.61603,41.52725],[-118.61614,41.52725],[-118.61624,41.52723],[-118.61629,41.52721],[-118.61631,41.5272],[-118.61635,41.52716],[-118.61638,41.52712],[-118.61638,41.52707],[-118.61636,41.52703],[-118.61622,41.52684],[-118.61617,41.52675],[-118.61599,41.52639],[-118.61591,41.52625],[-118.61575,41.52602],[-118.61562,41.52578],[-118.61559,41.52573],[-118.61554,41.52569],[-118.61545,41.52563],[-118.61539,41.52559],[-118.61536,41.52557],[-118.61534,41.52553],[-118.61528,41.5252],[-118.61523,41.52485],[-118.61516,41.52467],[-118.61513,41.52457],[-118.61511,41.52448],[-118.61511,41.52441],[-118.61512,41.52418],[-118.61513,41.52406],[-118.61522,41.52356],[-118.61526,41.52341],[-118.6153,41.52316],[-118.6153,41.52306],[-118.6153,41.5229],[-118.61527,41.52279],[-118.61525,41.52257],[-118.61526,41.52241],[-118.61531,41.52225],[-118.61541,41.52207],[-118.61578,41.52152],[-118.61594,41.52131],[-118.61617,41.52096],[-118.61634,41.52063],[-118.61636,41.52058],[-118.61639,41.52053],[-118.61642,41.52048],[-118.61646,41.52043],[-118.61651,41.52039],[-118.61656,41.52036],[-118.61662,41.52033],[-118.61709,41.5202],[-118.61731,41.52015],[-118.61801,41.52006],[-118.61825,41.52005],[-118.61897,41.52002],[-118.61902,41.52001],[-118.61911,41.51999],[-118.6192,41.51995],[-118.61928,41.5199],[-118.61938,41.51983],[-118.61954,41.51969],[-118.61979,41.51952],[-118.62011,41.51937],[-118.62024,41.51931],[-118.62041,41.51919],[-118.6206,41.51905],[-118.62071,41.51898],[-118.62081,41.51893],[-118.62101,41.51884],[-118.62117,41.51877],[-118.62131,41.5187],[-118.6215,41.51861],[-118.62175,41.51852],[-118.62189,41.5185],[-118.62204,41.51848],[-118.62221,41.51847],[-118.62242,41.51848],[-118.62251,41.51849],[-118.623,41.51855],[-118.62331,41.51858],[-118.62354,41.51861],[-118.62396,41.5187],[-118.62434,41.51881],[-118.62448,41.51884],[-118.6247,41.51889],[-118.6248,41.51892],[-118.62547,41.5192],[-118.62621,41.51956],[-118.62672,41.51981],[-118.62777,41.52053],[-118.62818,41.52079],[-118.62823,41.52082],[-118.62827,41.52084],[-118.62836,41.52084],[-118.62841,41.52083],[-118.62845,41.5208],[-118.62925,41.52009],[-118.6295,41.51984],[-118.62973,41.51954],[-118.62991,41.51929],[-118.63009,41.519],[-118.63018,41.51881],[-118.63046,41.51833],[-118.63062,41.51806],[-118.63089,41.5177],[-118.63103,41.51754],[-118.63143,41.51716],[-118.63158,41.51698],[-118.63165,41.51689],[-118.63171,41.51679],[-118.6318,41.5166],[-118.632,41.51616],[-118.63208,41.51602],[-118.6323,41.51568],[-118.6324,41.51555],[-118.63282,41.51518],[-118.63301,41.515],[-118.63313,41.51491],[-118.63331,41.5148],[-118.63352,41.5147],[-118.63423,41.51446],[-118.63452,41.51437],[-118.63489,41.51428],[-118.63501,41.51425],[-118.63511,41.51424],[-118.63537,41.51423],[-118.6354,41.51422],[-118.63541,41.51421],[-118.63542,41.51418],[-118.63541,41.51416],[-118.63526,41.51411],[-118.63463,41.51392],[-118.63438,41.51386],[-118.6342,41.51384],[-118.63407,41.51384],[-118.63338,41.51386],[-118.63318,41.51387],[-118.63305,41.51388],[-118.63293,41.51389],[-118.63275,41.51393],[-118.63175,41.51421],[-118.63165,41.51422],[-118.63156,41.51423],[-118.63143,41.51423],[-118.63121,41.5142],[-118.63106,41.51417],[-118.63051,41.51406],[-118.6304,41.51403],[-118.63034,41.514],[-118.63029,41.51398],[-118.63019,41.51389],[-118.63014,41.51385],[-118.63012,41.51382],[-118.63009,41.51373],[-118.63006,41.51367],[-118.63003,41.51362],[-118.62999,41.51358],[-118.62994,41.51353],[-118.62989,41.5135],[-118.62984,41.51348],[-118.62972,41.51344],[-118.62955,41.51336],[-118.62949,41.51331],[-118.62944,41.51325],[-118.62936,41.51314],[-118.62931,41.51308],[-118.62925,41.51303],[-118.62916,41.51297],[-118.62908,41.51292],[-118.629,41.51289],[-118.62886,41.51285],[-118.62858,41.51279],[-118.62832,41.51271],[-118.62823,41.51267],[-118.62816,41.51263],[-118.62809,41.51258],[-118.6279,41.51236],[-118.6274,41.51149],[-118.62707,41.51096],[-118.62688,41.51065],[-118.62664,41.51035],[-118.6265,41.51017],[-118.62638,41.50997],[-118.62634,41.50993],[-118.6263,41.50991],[-118.62624,41.50989],[-118.62609,41.50988],[-118.62602,41.50987],[-118.62596,41.50985],[-118.62577,41.50979],[-118.62557,41.50971],[-118.62545,41.50964],[-118.62538,41.5096],[-118.62531,41.50954],[-118.62526,41.50949],[-118.62503,41.50915],[-118.6248,41.5088],[-118.62461,41.50854],[-118.62453,41.50841],[-118.62446,41.50827],[-118.62426,41.50782],[-118.62373,41.50684],[-118.62352,41.50637],[-118.62315,41.50572],[-118.62311,41.50558],[-118.62298,41.50537],[-118.62285,41.50527],[-118.62271,41.50518]]}},{"type":"Feature","properties":{"name":"(unnamed public road)","road_class":"track","surface":"unpaved","source":"OpenStreetMap","source_detail":"osm way 14344466","source_tile":"174/382"},"geometry":{"type":"LineString","coordinates":[[-118.73091,41.51254],[-118.73121,41.51185],[-118.73148,41.51124],[-118.73176,41.51054],[-118.73206,41.50983],[-118.73233,41.50916],[-118.73269,41.50845],[-118.73297,41.50778],[-118.73315,41.50734],[-118.73362,41.50626],[-118.73414,41.50518],[-118.73443,41.50454],[-118.73475,41.50372],[-118.73536,41.50226],[-118.73554,41.50189],[-118.73584,41.50119],[-118.73613,41.50062],[-118.73632,41.50017],[-118.73635,41.50009],[-118.7364,41.49991],[-118.73646,41.49974],[-118.73673,41.49916],[-118.73753,41.49732],[-118.73768,41.49706],[-118.73775,41.49692],[-118.73805,41.49622],[-118.73849,41.49524],[-118.73872,41.49471],[-118.73896,41.49417],[-118.73941,41.4932],[-118.73973,41.49249],[-118.7401,41.49162],[-118.74024,41.49133],[-118.7405,41.4907],[-118.74094,41.48972],[-118.74131,41.48896],[-118.74203,41.48732],[-118.74261,41.48602],[-118.7427,41.48582],[-118.7428,41.48563],[-118.74291,41.48539],[-118.74363,41.48376],[-118.74365,41.48372],[-118.74379,41.48341],[-118.74425,41.48231],[-118.74439,41.48204],[-118.74461,41.48157],[-118.74467,41.48139],[-118.74478,41.48108],[-118.74481,41.48094],[-118.74485,41.48064],[-118.74485,41.48033],[-118.74487,41.47997],[-118.7449,41.47982],[-118.74492,41.47976],[-118.74497,41.4797],[-118.74504,41.47964],[-118.74512,41.47959],[-118.74522,41.47956],[-118.74532,41.47954],[-118.74542,41.47954],[-118.74553,41.47956],[-118.74577,41.47963],[-118.74595,41.47967],[-118.74677,41.47981],[-118.74719,41.47987],[-118.74728,41.47988],[-118.74741,41.47989],[-118.74748,41.47988],[-118.74754,41.47987],[-118.7476,41.47986],[-118.74767,41.47984],[-118.74773,41.47982],[-118.74798,41.47978],[-118.74854,41.4796],[-118.74902,41.47952],[-118.74934,41.47941],[-118.74989,41.47903],[-118.75023,41.47888],[-118.75067,41.4787],[-118.75099,41.47857],[-118.75148,41.47826],[-118.75239,41.47774],[-118.75266,41.47751],[-118.75274,41.47712]]}},{"type":"Feature","properties":{"name":"(unnamed public road)","road_class":"track","surface":"unpaved","source":"OpenStreetMap","source_detail":"osm way 14345488","source_tile":"174/382"},"geometry":{"type":"LineString","coordinates":[[-118.72669,41.48792],[-118.72554,41.49324],[-118.72492,41.49484],[-118.72355,41.49731],[-118.7234,41.49781],[-118.72287,41.49924],[-118.72269,41.49982],[-118.72252,41.50051],[-118.72194,41.50748],[-118.72167,41.50858],[-118.72139,41.51076],[-118.72122,41.51103],[-118.72117,41.51112],[-118.72111,41.51125],[-118.72105,41.5114],[-118.72099,41.51162],[-118.72095,41.51179],[-118.72094,41.51186],[-118.72093,41.51196],[-118.72094,41.51246],[-118.72094,41.51264],[-118.72093,41.51269],[-118.72089,41.5128],[-118.72084,41.5129],[-118.72077,41.513],[-118.72003,41.51397],[-118.71992,41.51409],[-118.7195,41.51445],[-118.71928,41.51466],[-118.71914,41.51482],[-118.71905,41.51495],[-118.719,41.515],[-118.71892,41.51508],[-118.71883,41.51515]]}},{"type":"Feature","properties":{"name":"Woodward Road","road_class":"unclassified","surface":"unpaved","source":"OpenStreetMap","source_detail":"osm way 1126550805","source_tile":"174/382"},"geometry":{"type":"LineString","coordinates":[[-118.59654,41.4828],[-118.59551,41.48562],[-118.59278,41.49292],[-118.59108,41.4974],[-118.58847,41.50448],[-118.58838,41.50469],[-118.58828,41.5049],[-118.58817,41.50511],[-118.58806,41.50531],[-118.58794,41.5055],[-118.58782,41.50569],[-118.5877,41.50584],[-118.58758,41.50597],[-118.58745,41.50611],[-118.58732,41.50623],[-118.58718,41.50634],[-118.58704,41.50645],[-118.58547,41.5076],[-118.58523,41.50778],[-118.585,41.50795],[-118.58478,41.50813],[-118.58451,41.50835],[-118.58425,41.50857],[-118.58399,41.5088],[-118.58348,41.50924],[-118.58297,41.50969],[-118.58215,41.51039],[-118.58187,41.51063],[-118.58159,41.51088],[-118.58135,41.5111],[-118.58112,41.51133],[-118.5809,41.51156],[-118.58067,41.5118],[-118.58044,41.51205],[-118.58022,41.5123],[-118.58,41.51257],[-118.57979,41.51284],[-118.57971,41.51296],[-118.57964,41.51308],[-118.57957,41.5132],[-118.57949,41.51336],[-118.57942,41.51352],[-118.57933,41.51378],[-118.57925,41.51404],[-118.57916,41.51433],[-118.57695,41.52152],[-118.57687,41.52174],[-118.57678,41.52196],[-118.57667,41.52218],[-118.57655,41.52241],[-118.57641,41.52264],[-118.57634,41.52276],[-118.57626,41.52287],[-118.57614,41.52304],[-118.576,41.52321],[-118.57586,41.52338],[-118.57571,41.52355],[-118.57401,41.52528],[-118.57389,41.52538],[-118.57376,41.52548],[-118.57363,41.52558],[-118.5735,41.52566],[-118.57336,41.52573],[-118.57153,41.52665],[-118.57136,41.52675],[-118.57119,41.52685],[-118.57103,41.52695],[-118.57088,41.52706],[-118.57074,41.52717],[-118.5706,41.52729],[-118.57047,41.52741],[-118.56786,41.52972],[-118.56775,41.52983],[-118.56765,41.52994],[-118.56756,41.53006],[-118.56747,41.53018],[-118.56739,41.53031],[-118.56731,41.53044],[-118.56694,41.53107],[-118.56687,41.53118],[-118.56679,41.53128],[-118.5667,41.53138],[-118.56661,41.53146],[-118.5665,41.53154],[-118.5664,41.53161],[-118.56628,41.53168],[-118.56526,41.53228],[-118.56498,41.53243],[-118.5647,41.53258],[-118.56446,41.5327],[-118.56415,41.53285],[-118.56239,41.53368],[-118.56227,41.53374],[-118.56215,41.53381],[-118.56203,41.53388],[-118.56191,41.53397],[-118.56179,41.53407],[-118.56167,41.53417],[-118.5585,41.53724],[-118.55834,41.5374],[-118.55819,41.53757],[-118.55804,41.53774],[-118.5579,41.53791],[-118.55776,41.5381],[-118.55763,41.53829],[-118.55751,41.53848],[-118.5574,41.53868],[-118.55731,41.53887],[-118.55723,41.53906],[-118.55715,41.53926],[-118.55709,41.53945],[-118.55688,41.54008],[-118.55647,41.54132],[-118.55594,41.543],[-118.55526,41.5452],[-118.55506,41.54588],[-118.55487,41.54655],[-118.55475,41.54701],[-118.55467,41.54732],[-118.55463,41.54748],[-118.55457,41.54769],[-118.55439,41.5484],[-118.55429,41.54878],[-118.55417,41.54916],[-118.55404,41.54954],[-118.5539,41.54991],[-118.55376,41.55027],[-118.5536,41.55063],[-118.55349,41.5509],[-118.55339,41.55118],[-118.55336,41.55125],[-118.55334,41.55132],[-118.55333,41.55139],[-118.55333,41.55147],[-118.55334,41.55155],[-118.55336,41.55163],[-118.55338,41.55166],[-118.55339,41.5517],[-118.55341,41.55173],[-118.55343,41.55176],[-118.55346,41.55181],[-118.55351,41.55185],[-118.55357,41.5519],[-118.55363,41.55193],[-118.55478,41.5526],[-118.55493,41.55269],[-118.55507,41.55279],[-118.55521,41.5529],[-118.55537,41.55303],[-118.55551,41.55316],[-118.55565,41.5533],[-118.55599,41.55367],[-118.55652,41.55424],[-118.55673,41.55451],[-118.55694,41.55477],[-118.5571,41.55498],[-118.55725,41.55519],[-118.55741,41.55539],[-118.55758,41.55559],[-118.55771,41.55572],[-118.55784,41.55585],[-118.55797,41.55598],[-118.55812,41.55612],[-118.55828,41.55625],[-118.55845,41.55638],[-118.55863,41.5565],[-118.55881,41.55662],[-118.559,41.55674],[-118.55922,41.55688],[-118.55944,41.55702],[-118.55954,41.55709],[-118.55963,41.55716],[-118.5597,41.55724],[-118.55977,41.55732],[-118.55982,41.5574],[-118.55987,41.55748],[-118.55992,41.55757],[-118.55996,41.55766],[-118.56,41.55781],[-118.56002,41.55797],[-118.56004,41.55811],[-118.56006,41.55826],[-118.56007,41.55845],[-118.56007,41.55864],[-118.56006,41.55884],[-118.55988,41.56119],[-118.55989,41.56134],[-118.55991,41.5615],[-118.55994,41.56164],[-118.55998,41.56178],[-118.56003,41.56192],[-118.56012,41.56214],[-118.56023,41.56236],[-118.56027,41.56244],[-118.56033,41.56251],[-118.56038,41.56259],[-118.56046,41.56267],[-118.56054,41.56276],[-118.56064,41.56284],[-118.56083,41.56301],[-118.56102,41.56317],[-118.56123,41.56333],[-118.56141,41.56346],[-118.5616,41.56359],[-118.5617,41.56366],[-118.5618,41.56372],[-118.56194,41.5638],[-118.5621,41.56388],[-118.56225,41.56395],[-118.56328,41.56438],[-118.5635,41.56449],[-118.56371,41.5646],[-118.56392,41.56471],[-118.56419,41.56487],[-118.56445,41.56503],[-118.56464,41.56516],[-118.56482,41.5653],[-118.56501,41.56543],[-118.56596,41.56612],[-118.5661,41.56622],[-118.56624,41.56633],[-118.56637,41.56644],[-118.5665,41.56657],[-118.56656,41.56664],[-118.56662,41.5667],[-118.56668,41.56679],[-118.56674,41.56688],[-118.56677,41.56693],[-118.56682,41.56699],[-118.56686,41.56705],[-118.56693,41.56712],[-118.56701,41.56718],[-118.5671,41.56723],[-118.56727,41.56734],[-118.56738,41.5674],[-118.56746,41.56744],[-118.56757,41.5675],[-118.56767,41.56757],[-118.5678,41.56765],[-118.56792,41.56775],[-118.56901,41.56867],[-118.5692,41.56882],[-118.56937,41.56898],[-118.56951,41.56912],[-118.56963,41.56926],[-118.56981,41.56949],[-118.56998,41.56972],[-118.57014,41.56995],[-118.57032,41.57022],[-118.57049,41.57048],[-118.57057,41.57062],[-118.57064,41.57077],[-118.57071,41.57092],[-118.57077,41.57107],[-118.57081,41.57119],[-118.57084,41.57132],[-118.57091,41.57157],[-118.57098,41.57185],[-118.57105,41.57214],[-118.57109,41.57236],[-118.57113,41.57259],[-118.57131,41.57343],[-118.57139,41.57381],[-118.5715,41.57431],[-118.5716,41.5748],[-118.57182,41.57601],[-118.57185,41.57618],[-118.57189,41.57634],[-118.57194,41.57655],[-118.57201,41.57676],[-118.57219,41.57721],[-118.57226,41.57735],[-118.57233,41.57749],[-118.57242,41.57764],[-118.57251,41.57779],[-118.57261,41.57793],[-118.57303,41.57843],[-118.57312,41.57853],[-118.57322,41.57863],[-118.57332,41.57873],[-118.57343,41.57882],[-118.57356,41.57892],[-118.5737,41.57902],[-118.57385,41.57911],[-118.5741,41.57925],[-118.57436,41.57939],[-118.57446,41.57944],[-118.57455,41.57949],[-118.57463,41.57955],[-118.57471,41.57961],[-118.57479,41.57969],[-118.57487,41.57977],[-118.57494,41.57985],[-118.57499,41.57994],[-118.57543,41.58067],[-118.57622,41.58208],[-118.57645,41.58246],[-118.57667,41.58285],[-118.57689,41.58324],[-118.57713,41.58369],[-118.57735,41.58414],[-118.57857,41.58664],[-118.57868,41.58688],[-118.57879,41.58712],[-118.5789,41.58737],[-118.57899,41.58761],[-118.57908,41.58785],[-118.57914,41.58801],[-118.57921,41.58816],[-118.57929,41.58831],[-118.57939,41.58849],[-118.57949,41.58866],[-118.57965,41.58892],[-118.5798,41.58917],[-118.57996,41.58945],[-118.58012,41.58973],[-118.58018,41.58985],[-118.58025,41.58997],[-118.58033,41.59009],[-118.58041,41.5902],[-118.58049,41.5903],[-118.58057,41.59041],[-118.58067,41.59051],[-118.58077,41.59061],[-118.58085,41.59071],[-118.58092,41.5908],[-118.58097,41.5909],[-118.58102,41.591],[-118.58105,41.5911],[-118.58107,41.59121],[-118.5811,41.59162],[-118.58115,41.59234],[-118.58117,41.5925],[-118.5812,41.59261],[-118.58123,41.59273],[-118.58139,41.59332],[-118.58142,41.59341],[-118.58145,41.59355],[-118.58146,41.59366],[-118.58146,41.59377],[-118.58129,41.60075],[-118.58126,41.60725],[-118.58125,41.61006],[-118.58125,41.61013],[-118.58127,41.61018],[-118.58129,41.61024],[-118.58133,41.6103],[-118.58136,41.61035],[-118.58141,41.6104],[-118.58146,41.61044],[-118.58152,41.61048],[-118.58223,41.61091],[-118.5823,41.61095],[-118.58237,41.611],[-118.58243,41.61105],[-118.58248,41.61111],[-118.58252,41.61116],[-118.58255,41.6112],[-118.58261,41.6113],[-118.58267,41.6114],[-118.58271,41.61149],[-118.58275,41.61159],[-118.58279,41.61169],[-118.58285,41.61187],[-118.58291,41.61205],[-118.58296,41.61225],[-118.58301,41.61246],[-118.58305,41.61266],[-118.58311,41.61296],[-118.58317,41.61325],[-118.58325,41.61354],[-118.58331,41.61376],[-118.58335,41.61398],[-118.58339,41.61422],[-118.58342,41.61446],[-118.58343,41.61464],[-118.58344,41.61483],[-118.5835,41.61609],[-118.58356,41.61723],[-118.58358,41.61736],[-118.5836,41.61749],[-118.58364,41.61761]]}},{"type":"Feature","properties":{"name":"(unnamed public road)","road_class":"track","source":"OpenStreetMap","source_detail":"osm way 14326023","source_tile":"175/382","surface_inferred":true},"geometry":{"type":"LineString","coordinates":[[-118.45709,41.29584],[-118.45742,41.29608],[-118.45753,41.29615],[-118.45769,41.29624],[-118.45792,41.29637],[-118.45803,41.29644],[-118.4581,41.29651],[-118.45818,41.2966],[-118.45824,41.29668],[-118.45842,41.29707],[-118.45854,41.29722],[-118.45862,41.29727],[-118.45873,41.29728],[-118.45885,41.29728],[-118.45897,41.29724],[-118.4591,41.29717],[-118.4592,41.29708],[-118.45933,41.29693],[-118.4594,41.29685],[-118.45945,41.29676],[-118.45949,41.29667],[-118.45951,41.2965],[-118.4595,41.29642],[-118.45948,41.29636],[-118.45944,41.29631],[-118.45935,41.29621],[-118.45934,41.29617],[-118.45934,41.29613],[-118.45937,41.2961],[-118.45943,41.29604],[-118.45949,41.296],[-118.45956,41.29596],[-118.45965,41.29593],[-118.45973,41.2959],[-118.4598,41.29589],[-118.45986,41.29588],[-118.45991,41.29588],[-118.46023,41.29593],[-118.46042,41.29595],[-118.46061,41.29595],[-118.46083,41.29591],[-118.46108,41.29583],[-118.46133,41.2958],[-118.46182,41.29582],[-118.46205,41.29582],[-118.46234,41.29581],[-118.46271,41.29583],[-118.4628,41.29584],[-118.46294,41.29586],[-118.46328,41.29586],[-118.46336,41.29587],[-118.46344,41.29588],[-118.46351,41.29591],[-118.46378,41.29604],[-118.46395,41.29611],[-118.46447,41.29629],[-118.46465,41.29634],[-118.46482,41.2964],[-118.46514,41.29653],[-118.46546,41.29669],[-118.46589,41.29692],[-118.46631,41.2971],[-118.46665,41.29723],[-118.4668,41.29729],[-118.46706,41.29744],[-118.46721,41.29751],[-118.46735,41.29758],[-118.4678,41.29776],[-118.468,41.29784],[-118.46838,41.29794],[-118.46856,41.29801],[-118.46871,41.29808],[-118.46898,41.2982],[-118.46917,41.29831],[-118.46935,41.29843],[-118.46948,41.29852],[-118.46966,41.29861],[-118.46978,41.29865],[-118.4699,41.29869],[-118.47002,41.29871],[-118.47015,41.29873],[-118.4721,41.29877],[-118.47262,41.29875],[-118.47287,41.29872],[-118.47307,41.29871],[-118.47323,41.29872],[-118.47331,41.29873],[-118.47346,41.29874],[-118.47399,41.2987],[-118.47422,41.2987],[-118.47442,41.2987],[-118.47455,41.29871],[-118.47474,41.29873],[-118.47482,41.29874],[-118.4749,41.29874],[-118.47498,41.29873],[-118.47506,41.2987],[-118.47514,41.29867],[-118.47522,41.29865],[-118.47531,41.29864],[-118.47535,41.29864],[-118.47541,41.29865],[-118.4759,41.29877],[-118.47639,41.2989],[-118.47722,41.29913],[-118.47753,41.29919],[-118.47762,41.29922],[-118.47784,41.29931],[-118.478,41.29939],[-118.47808,41.29944],[-118.47824,41.2996],[-118.47844,41.29981],[-118.47852,41.29991],[-118.4786,41.3],[-118.47869,41.30006],[-118.47911,41.30028],[-118.47927,41.30039],[-118.47939,41.30049],[-118.47968,41.30073],[-118.47985,41.30085],[-118.48046,41.30131],[-118.48056,41.3014],[-118.48069,41.30147],[-118.481,41.30166],[-118.48108,41.30172],[-118.48115,41.30178],[-118.48124,41.30187],[-118.48145,41.30212],[-118.48153,41.30223],[-118.48164,41.30237],[-118.48171,41.30244],[-118.48218,41.30282],[-118.48224,41.30287],[-118.48237,41.30302],[-118.48244,41.30314],[-118.48251,41.30324],[-118.48287,41.30361],[-118.48293,41.30371],[-118.48308,41.30397],[-118.48314,41.30406],[-118.48322,41.30414],[-118.48334,41.30423],[-118.4835,41.30434],[-118.48358,41.3044],[-118.48362,41.30445],[-118.48367,41.30451],[-118.48371,41.30459],[-118.48387,41.30485],[-118.48408,41.30518],[-118.4842,41.30542],[-118.48424,41.30548],[-118.4843,41.30555],[-118.48437,41.30561],[-118.48446,41.30567],[-118.48454,41.30572],[-118.48481,41.30582],[-118.48489,41.30587],[-118.48495,41.30592],[-118.48507,41.30603],[-118.48518,41.30611],[-118.48537,41.30621],[-118.48546,41.30627],[-118.48553,41.30632],[-118.48557,41.30639],[-118.48572,41.30667],[-118.48576,41.30674],[-118.48583,41.3068],[-118.48591,41.30685],[-118.4861,41.30696],[-118.4864,41.30705],[-118.48689,41.30731],[-118.48732,41.30754],[-118.48755,41.30764],[-118.48769,41.30769],[-118.48778,41.3077],[-118.48795,41.30775],[-118.48807,41.30781],[-118.48813,41.30784],[-118.4883,41.30794],[-118.48837,41.30799],[-118.48848,41.30804],[-118.48858,41.30809],[-118.48867,41.30813],[-118.4888,41.30817],[-118.48906,41.3083]]}},{"type":"Feature","properties":{"name":"(unnamed public road)","road_class":"track","source":"OpenStreetMap","source_detail":"osm way 14327327","source_tile":"174/382","surface_inferred":true},"geometry":{"type":"LineString","coordinates":[[-118.64923,41.47038],[-118.64907,41.47057],[-118.64898,41.47068],[-118.6489,41.47081],[-118.64872,41.47122],[-118.6485,41.47166],[-118.6482,41.47235],[-118.64762,41.47268],[-118.6475,41.47276],[-118.64744,41.47281],[-118.64739,41.47287],[-118.64735,41.47293],[-118.64733,41.473],[-118.6473,41.47315],[-118.64728,41.47324],[-118.64711,41.47368],[-118.64699,41.47397],[-118.64697,41.47401],[-118.64693,41.47404],[-118.6469,41.47407],[-118.64644,41.47432],[-118.6463,41.47442],[-118.64624,41.47449],[-118.64607,41.47468],[-118.64596,41.47486],[-118.64588,41.47504],[-118.64576,41.47537],[-118.64568,41.47561],[-118.64559,41.47583],[-118.64556,41.47588],[-118.6455,41.47596],[-118.64544,41.476],[-118.64537,41.47603],[-118.645,41.4762],[-118.64494,41.47625],[-118.6449,41.47629],[-118.64488,41.47633],[-118.64487,41.47639],[-118.64487,41.47664],[-118.64485,41.47674],[-118.64474,41.47702],[-118.64472,41.47709],[-118.64472,41.47715],[-118.64472,41.47736],[-118.64475,41.47745],[-118.64477,41.4775],[-118.64493,41.47773],[-118.64499,41.47785],[-118.64501,41.47789],[-118.64502,41.47794],[-118.64502,41.47803],[-118.645,41.47808],[-118.6448,41.47851],[-118.64456,41.47893],[-118.64447,41.47907],[-118.64437,41.4792],[-118.64425,41.47933],[-118.64411,41.47946],[-118.64376,41.47977]]}},{"type":"Feature","properties":{"name":"(unnamed public road)","road_class":"track","source":"OpenStreetMap","source_detail":"osm way 14327328","source_tile":"174/382","surface_inferred":true},"geometry":{"type":"LineString","coordinates":[[-118.64684,41.47549],[-118.64692,41.47532],[-118.64699,41.47519],[-118.64708,41.47508],[-118.64717,41.47497],[-118.64732,41.47484],[-118.64772,41.47452],[-118.64778,41.47446],[-118.64784,41.4744],[-118.6479,41.47431],[-118.64794,41.47424],[-118.64797,41.47414],[-118.64805,41.47357],[-118.64807,41.47335],[-118.64812,41.47271],[-118.64814,41.47255],[-118.64815,41.47247],[-118.6482,41.47235]]}},{"type":"Feature","properties":{"name":"(unnamed public road)","road_class":"track","surface":"unpaved","source":"OpenStreetMap","source_detail":"osm way 14327632","source_tile":"174/382"},"geometry":{"type":"LineString","coordinates":[[-118.81113,41.50055],[-118.81116,41.50023],[-118.81123,41.49986],[-118.81147,41.49941],[-118.81162,41.49916],[-118.81166,41.49908],[-118.81168,41.499],[-118.8117,41.49892],[-118.81171,41.49885],[-118.81169,41.49872],[-118.81167,41.49865],[-118.81164,41.49859],[-118.81142,41.49832],[-118.8112,41.49802],[-118.8111,41.49788],[-118.81103,41.49777],[-118.81095,41.4976],[-118.81085,41.49729],[-118.81081,41.49711],[-118.81078,41.49685],[-118.81058,41.49654],[-118.81052,41.49639],[-118.81049,41.49626],[-118.81046,41.49595],[-118.81042,41.49555],[-118.81041,41.49518],[-118.8104,41.49506],[-118.81038,41.49495],[-118.81032,41.4948],[-118.81028,41.49472],[-118.81005,41.49444],[-118.80998,41.49433],[-118.80992,41.49421],[-118.80989,41.49414],[-118.80984,41.49389],[-118.80981,41.4938],[-118.80969,41.49346],[-118.80959,41.49316]]}},{"type":"Feature","properties":{"name":"(unnamed public road)","road_class":"track","surface":"unpaved","source":"OpenStreetMap","source_detail":"osm way 14327638","source_tile":"174/382"},"geometry":{"type":"LineString","coordinates":[[-118.81078,41.49685],[-118.81115,41.49721],[-118.8113,41.49734],[-118.81149,41.49748],[-118.81196,41.49775],[-118.81257,41.49806],[-118.81292,41.49827],[-118.81309,41.49838],[-118.81319,41.49843],[-118.81332,41.49848],[-118.81347,41.49853],[-118.81364,41.49856],[-118.8138,41.49858],[-118.81396,41.49858],[-118.81413,41.49858],[-118.81439,41.49853],[-118.81453,41.4985],[-118.81495,41.49837],[-118.81503,41.49833],[-118.81512,41.4983],[-118.81522,41.49825],[-118.81559,41.49802],[-118.8157,41.49797],[-118.81585,41.49788],[-118.81596,41.49782],[-118.816,41.49778],[-118.81605,41.49774],[-118.81609,41.49769],[-118.81612,41.49764],[-118.81615,41.49759],[-118.81617,41.49753],[-118.81618,41.49747],[-118.81618,41.49742],[-118.81618,41.49592],[-118.81614,41.49512],[-118.81615,41.49494],[-118.81617,41.4948],[-118.81621,41.49468],[-118.81623,41.49463],[-118.81627,41.49456],[-118.81631,41.49449],[-118.81637,41.49442],[-118.81644,41.49436]]}},{"type":"Feature","properties":{"name":"(unnamed public road)","road_class":"track","source":"OpenStreetMap","source_detail":"osm way 14328692","source_tile":"174/382","surface_inferred":true},"geometry":{"type":"LineString","coordinates":[[-118.61467,41.46617],[-118.61434,41.46713],[-118.61425,41.46742],[-118.61404,41.46798],[-118.61396,41.4682],[-118.61371,41.46887],[-118.61345,41.46943],[-118.61321,41.47005],[-118.61312,41.47025],[-118.6129,41.47064],[-118.61244,41.47155]]}},{"type":"Feature","properties":{"name":"(unnamed public road)","road_class":"track","source":"OpenStreetMap","source_detail":"osm way 14329381","source_tile":"174/382","surface_inferred":true},"geometry":{"type":"LineString","coordinates":[[-118.71252,41.46463],[-118.71257,41.46469],[-118.71317,41.46536],[-118.71339,41.46559],[-118.71351,41.46574],[-118.71367,41.46594],[-118.7142,41.46639],[-118.71455,41.46671],[-118.71516,41.46713],[-118.71532,41.46712],[-118.71584,41.46708],[-118.71627,41.46706],[-118.7167,41.46705],[-118.71708,41.46705],[-118.71799,41.46704],[-118.71821,41.46704],[-118.71841,41.46704],[-118.71877,41.46704],[-118.71927,41.46702],[-118.71944,41.46703],[-118.71971,41.46705],[-118.72025,41.4671],[-118.72093,41.46715],[-118.7217,41.46723],[-118.72266,41.46728],[-118.72289,41.4673],[-118.72309,41.46731],[-118.72338,41.46733],[-118.72395,41.46734],[-118.72424,41.46736],[-118.72447,41.46738],[-118.7249,41.46741],[-118.72521,41.46743],[-118.72544,41.46745],[-118.72582,41.4675],[-118.72599,41.46751],[-118.72609,41.46752],[-118.72621,41.46752]]}},{"type":"Feature","properties":{"name":"(unnamed public road)","road_class":"track","source":"OpenStreetMap","source_detail":"osm way 14329394","source_tile":"174/382","surface_inferred":true},"geometry":{"type":"LineString","coordinates":[[-118.64089,41.46686],[-118.64135,41.46677],[-118.64156,41.46674],[-118.64182,41.46671],[-118.64202,41.4667],[-118.64278,41.46668],[-118.64331,41.46668],[-118.64606,41.46674],[-118.64626,41.46675],[-118.64652,41.46678],[-118.64718,41.46687],[-118.64862,41.46707],[-118.64882,41.4671],[-118.64899,41.46712],[-118.6493,41.46717],[-118.64968,41.46724],[-118.64997,41.46731],[-118.65015,41.46733],[-118.65027,41.46734],[-118.65105,41.46739],[-118.65127,41.46741],[-118.65171,41.4675],[-118.65197,41.46754],[-118.65209,41.46755],[-118.65266,41.46757],[-118.65282,41.46758],[-118.65308,41.46761],[-118.65359,41.46766],[-118.65372,41.46767],[-118.65406,41.46767],[-118.65422,41.46768],[-118.65436,41.4677],[-118.65495,41.4678],[-118.65523,41.46785],[-118.65553,41.4679],[-118.65625,41.46806],[-118.65661,41.46813],[-118.65737,41.46822],[-118.6577,41.46826],[-118.65882,41.46836],[-118.65956,41.46844],[-118.6601,41.46852],[-118.66063,41.46858],[-118.661,41.46861],[-118.66172,41.46865],[-118.66201,41.46869],[-118.66239,41.46874],[-118.66315,41.46881],[-118.66384,41.46888],[-118.66406,41.46889],[-118.66433,41.46889],[-118.66509,41.46888],[-118.66553,41.46887],[-118.66564,41.46887],[-118.6658,41.46887],[-118.66627,41.46883],[-118.66657,41.46878],[-118.66701,41.4687],[-118.66722,41.46865],[-118.66735,41.46863],[-118.66752,41.46862],[-118.66775,41.46862],[-118.66794,41.46862],[-118.66809,41.46863],[-118.66823,41.46866],[-118.66857,41.46873],[-118.66875,41.46876],[-118.66891,41.46877],[-118.66908,41.46877],[-118.66928,41.46876],[-118.66945,41.46875],[-118.66961,41.46874],[-118.66988,41.46869],[-118.6702,41.46863],[-118.6709,41.46844],[-118.67112,41.46839],[-118.6716,41.4683],[-118.67229,41.4682],[-118.67244,41.4682],[-118.67271,41.46819],[-118.67324,41.4682],[-118.67379,41.46821],[-118.6741,41.46823],[-118.6748,41.46829],[-118.67504,41.46831],[-118.67579,41.46835],[-118.67603,41.46838],[-118.67634,41.46843],[-118.67674,41.46848],[-118.67687,41.46849],[-118.67714,41.46849],[-118.67735,41.46849],[-118.67782,41.4685],[-118.67798,41.46851],[-118.67814,41.46852],[-118.67839,41.46856],[-118.67868,41.46862],[-118.67883,41.46864],[-118.67906,41.46865],[-118.67935,41.46866],[-118.67974,41.46865],[-118.68048,41.46865],[-118.68061,41.46865],[-118.68076,41.46867],[-118.68157,41.46876],[-118.68255,41.46886],[-118.68484,41.46899],[-118.68559,41.46905],[-118.68596,41.46907],[-118.68643,41.4691],[-118.68687,41.46914],[-118.68751,41.46921],[-118.68798,41.46925],[-118.68833,41.46928],[-118.68869,41.46932],[-118.69075,41.4695],[-118.69289,41.4697],[-118.69338,41.46971],[-118.69394,41.46972],[-118.6941,41.46972],[-118.69426,41.46974],[-118.69453,41.4698],[-118.69463,41.46982],[-118.69479,41.46985],[-118.69501,41.46986],[-118.69524,41.46987],[-118.69577,41.46989],[-118.69653,41.46994],[-118.69676,41.46995],[-118.6972,41.46995],[-118.69738,41.46996],[-118.69759,41.46999],[-118.69786,41.47001],[-118.69948,41.4701],[-118.69986,41.47012],[-118.70014,41.47014],[-118.70049,41.47017],[-118.70065,41.47019],[-118.70108,41.47024]]}},{"type":"Feature","properties":{"name":"(unnamed public road)","road_class":"track","source":"OpenStreetMap","source_detail":"osm way 14329535","source_tile":"174/382","surface_inferred":true},"geometry":{"type":"LineString","coordinates":[[-118.54974,41.32028],[-118.54957,41.32028],[-118.54948,41.32028],[-118.54939,41.32027],[-118.5493,41.32026],[-118.54922,41.32024],[-118.54902,41.3202],[-118.54883,41.32015],[-118.54865,41.32009],[-118.54848,41.32002],[-118.5483,41.31994],[-118.5476,41.3196],[-118.54756,41.31957],[-118.54752,41.31953],[-118.5475,41.3195],[-118.54749,41.31946],[-118.54735,41.31901],[-118.54733,41.31897],[-118.5473,41.31893],[-118.54727,41.3189],[-118.54723,41.31887],[-118.54718,41.31885],[-118.54713,41.31883],[-118.54707,41.31881],[-118.54702,41.3188],[-118.54696,41.3188],[-118.5469,41.31881],[-118.54684,41.31882],[-118.5443,41.31944],[-118.54416,41.31947],[-118.54403,41.31948],[-118.54389,41.31949],[-118.54376,41.3195],[-118.54278,41.31952],[-118.54261,41.31953],[-118.54245,41.31955],[-118.54227,41.31957],[-118.54209,41.3196],[-118.54052,41.31995],[-118.54034,41.32],[-118.54016,41.32005],[-118.53988,41.32014],[-118.53961,41.32024],[-118.53886,41.3205],[-118.53865,41.32058],[-118.53844,41.32067],[-118.53821,41.32078],[-118.5379,41.32092],[-118.53783,41.32095],[-118.53776,41.32097],[-118.53768,41.32099],[-118.53759,41.321],[-118.5375,41.321],[-118.53741,41.321],[-118.53731,41.32099],[-118.53722,41.32099],[-118.53711,41.321],[-118.53701,41.32102],[-118.53519,41.32132],[-118.53511,41.32132],[-118.53502,41.32133],[-118.53494,41.32132],[-118.53487,41.32131],[-118.5348,41.3213],[-118.53474,41.32128],[-118.53362,41.32093],[-118.53352,41.32091],[-118.53341,41.32089],[-118.53328,41.32087],[-118.53299,41.32085],[-118.53293,41.32085],[-118.53287,41.32086],[-118.53282,41.32087],[-118.53275,41.32089],[-118.5327,41.32092],[-118.53249,41.32107],[-118.53245,41.32108],[-118.5324,41.32109],[-118.53236,41.32109],[-118.53232,41.32108],[-118.53207,41.32098],[-118.53198,41.32095],[-118.53188,41.32093],[-118.53179,41.32092],[-118.53169,41.32091],[-118.5316,41.3209],[-118.53147,41.32089],[-118.53135,41.32089],[-118.53124,41.32087],[-118.53111,41.32085],[-118.53098,41.32081],[-118.53023,41.3206],[-118.52999,41.32052],[-118.52978,41.32045],[-118.52971,41.32043],[-118.52963,41.32042],[-118.52955,41.32042],[-118.52948,41.32042],[-118.5294,41.32042],[-118.52926,41.32044],[-118.52921,41.32044],[-118.52915,41.32044],[-118.52909,41.32044],[-118.52903,41.32043],[-118.52898,41.32041],[-118.52892,41.32039],[-118.52831,41.32015],[-118.52823,41.32013],[-118.52815,41.3201],[-118.52806,41.32008],[-118.52798,41.32007],[-118.52793,41.32006],[-118.52788,41.32005],[-118.52784,41.32003],[-118.5278,41.32002],[-118.52777,41.31999],[-118.52772,41.31994],[-118.52766,41.31989],[-118.5276,41.31985],[-118.52754,41.31981],[-118.52747,41.31978],[-118.52737,41.31973],[-118.52728,41.31968],[-118.52716,41.3196],[-118.52705,41.31952],[-118.52689,41.3194],[-118.52684,41.31937],[-118.52678,41.31934],[-118.52671,41.31933],[-118.52663,41.31931],[-118.52655,41.31931],[-118.52648,41.31931],[-118.5264,41.31933],[-118.52601,41.31944],[-118.52595,41.31946],[-118.52588,41.31947],[-118.52581,41.31948],[-118.52574,41.31948],[-118.52567,41.31948],[-118.5256,41.31948],[-118.52542,41.31947],[-118.52524,41.31946],[-118.52503,41.31945],[-118.52482,41.31945],[-118.52463,41.31944],[-118.52454,41.31943],[-118.52444,41.31943],[-118.52432,41.31943],[-118.5242,41.31943],[-118.52408,41.31945],[-118.52354,41.3195],[-118.52345,41.31951],[-118.52335,41.31951],[-118.52326,41.31951],[-118.52314,41.3195],[-118.52303,41.31949],[-118.52214,41.31932],[-118.52203,41.31929],[-118.52192,41.31925],[-118.52178,41.3192],[-118.52166,41.31914],[-118.52143,41.31904],[-118.52135,41.31901],[-118.52126,41.31898],[-118.52116,41.31896],[-118.52106,41.31895],[-118.52096,41.31894],[-118.52086,41.31893],[-118.52071,41.3189],[-118.52056,41.31887],[-118.52031,41.3188],[-118.52006,41.31874],[-118.51985,41.3187],[-118.51965,41.31866],[-118.51945,41.31863],[-118.51929,41.31861],[-118.51914,41.31857],[-118.519,41.31854],[-118.51883,41.31849],[-118.51868,41.31844],[-118.51862,41.31842],[-118.51858,41.31839],[-118.51853,41.31835],[-118.51849,41.31831],[-118.51846,41.31827],[-118.5184,41.31817],[-118.51837,41.31814],[-118.51834,41.31811],[-118.5183,41.31809],[-118.51826,41.31808],[-118.51821,41.31807],[-118.51749,41.31797],[-118.5174,41.31795],[-118.51731,41.31793],[-118.51723,41.3179],[-118.51715,41.31787],[-118.51708,41.31783],[-118.51702,41.31779],[-118.51688,41.3177],[-118.51681,41.31767],[-118.51674,41.31764],[-118.51666,41.31762],[-118.51659,41.3176],[-118.51651,41.31759],[-118.51644,41.31758],[-118.51637,41.31757],[-118.5163,41.31756],[-118.51622,41.31753],[-118.51616,41.31751],[-118.51595,41.31742],[-118.51577,41.31733],[-118.51565,41.31726],[-118.51553,41.31719],[-118.51543,41.31712],[-118.51531,41.31706],[-118.51514,41.31697],[-118.51496,41.31689],[-118.51488,41.31686],[-118.5148,41.31683],[-118.51473,41.31682],[-118.51465,41.3168],[-118.51457,41.3168],[-118.51449,41.31679],[-118.51441,41.31677],[-118.51436,41.31675],[-118.5143,41.31673],[-118.51425,41.3167],[-118.51417,41.31666],[-118.51409,41.31662],[-118.51401,41.31659],[-118.51393,41.31657],[-118.51385,41.31655],[-118.51376,41.31652],[-118.51368,41.31649],[-118.5136,41.31646],[-118.51353,41.31641],[-118.51346,41.31638],[-118.51338,41.31634],[-118.5133,41.31631],[-118.51297,41.3162],[-118.51285,41.31617],[-118.51273,41.31615],[-118.51259,41.31613],[-118.51246,41.31611],[-118.51223,41.31608],[-118.51201,41.31604],[-118.5119,41.31602],[-118.51178,41.31601],[-118.51163,41.316],[-118.51148,41.316],[-118.51103,41.31599],[-118.51094,41.31599],[-118.51085,41.31598],[-118.51074,41.31596],[-118.51064,41.31593],[-118.50999,41.31574],[-118.50993,41.31572],[-118.50989,41.3157],[-118.50984,41.31567],[-118.50979,41.31564],[-118.50975,41.3156],[-118.50972,41.31557],[-118.50968,41.31552],[-118.50963,41.31548],[-118.50957,41.31544],[-118.50951,41.31541],[-118.50945,41.31537],[-118.50909,41.3152],[-118.50904,41.31518],[-118.50898,41.31516],[-118.50892,41.31515],[-118.50885,41.31515],[-118.50879,41.31516],[-118.50873,41.31517],[-118.50869,41.3152],[-118.50864,41.31522],[-118.5086,41.31525],[-118.50857,41.31529],[-118.50855,41.31533],[-118.50854,41.31536],[-118.50854,41.3154],[-118.50852,41.31559],[-118.50852,41.31569],[-118.50851,41.31572],[-118.50849,41.31576],[-118.50846,41.31578],[-118.50843,41.31581],[-118.50839,41.31583],[-118.50834,41.31584],[-118.50812,41.31589],[-118.50801,41.3159],[-118.50791,41.3159],[-118.50782,41.3159],[-118.50772,41.31588],[-118.50744,41.31583],[-118.50736,41.31581],[-118.50729,41.31578],[-118.5072,41.31574],[-118.50711,41.3157],[-118.50703,41.31566],[-118.50694,41.31563],[-118.50658,41.31551],[-118.50581,41.31527],[-118.50572,41.31525],[-118.50564,41.31523],[-118.50555,41.31522],[-118.50546,41.31522],[-118.50537,41.31523],[-118.50528,41.31524],[-118.5052,41.31526],[-118.50512,41.31529],[-118.50504,41.31532],[-118.50482,41.31543],[-118.50473,41.31546],[-118.50464,41.31549],[-118.50457,41.31551],[-118.50449,41.31552],[-118.5044,41.31553],[-118.50432,41.31553],[-118.50425,41.31553],[-118.50419,41.31552],[-118.50413,41.31551],[-118.50406,41.31549],[-118.50399,41.31547],[-118.50392,41.31544],[-118.50386,41.31541],[-118.50376,41.31535],[-118.50365,41.31529],[-118.50355,41.31524],[-118.50343,41.3152],[-118.50332,41.31517],[-118.50316,41.31512],[-118.503,41.31506],[-118.50289,41.31502],[-118.50279,41.31497],[-118.50269,41.31492],[-118.50261,41.31488],[-118.50253,41.31486],[-118.50245,41.31483],[-118.50236,41.31481],[-118.50226,41.3148],[-118.50217,41.31479],[-118.50208,41.31478],[-118.50173,41.31477],[-118.50156,41.31476],[-118.5014,41.31475],[-118.50117,41.31472],[-118.50094,41.31469],[-118.50085,41.31467],[-118.50077,41.31465],[-118.50069,41.31462],[-118.5006,41.31458],[-118.50051,41.31454],[-118.50043,41.3145],[-118.5002,41.31434],[-118.50008,41.31428],[-118.49996,41.31422],[-118.49984,41.31417],[-118.49973,41.31413],[-118.49961,41.31409],[-118.49947,41.31405],[-118.49933,41.314],[-118.49919,41.31394],[-118.49906,41.31387],[-118.4986,41.31365],[-118.4985,41.31358],[-118.49839,41.31352],[-118.49828,41.31343],[-118.49816,41.31335],[-118.4981,41.31331],[-118.49804,41.31328],[-118.49798,41.31326],[-118.49792,41.31324],[-118.49785,41.31323],[-118.4976,41.31317],[-118.49752,41.31315],[-118.49745,41.31313],[-118.4974,41.3131],[-118.49735,41.31307],[-118.4973,41.31304],[-118.49711,41.31291],[-118.49692,41.31278],[-118.49676,41.31269],[-118.49659,41.3126],[-118.49642,41.31251],[-118.4961,41.31235],[-118.49578,41.3122],[-118.49569,41.31215],[-118.49561,41.3121],[-118.49553,41.31205],[-118.49542,41.31197],[-118.49532,41.31189],[-118.49502,41.31164],[-118.49492,41.31157],[-118.49482,41.31151],[-118.49463,41.31139],[-118.49455,41.31134],[-118.49447,41.31129],[-118.4944,41.31123],[-118.49434,41.31117],[-118.49428,41.3111],[-118.49423,41.31103],[-118.49413,41.31094],[-118.49403,41.31085],[-118.49394,41.31078],[-118.49385,41.31071],[-118.49375,41.31065],[-118.49366,41.31061],[-118.49357,41.31057],[-118.49348,41.31055],[-118.4934,41.31053],[-118.49331,41.31052],[-118.49319,41.3105],[-118.49309,41.31048],[-118.493,41.31045],[-118.49292,41.31043],[-118.49284,41.31039],[-118.49267,41.3103],[-118.49262,41.31027],[-118.49258,41.31023],[-118.49253,41.31018],[-118.49248,41.31012],[-118.49241,41.31003],[-118.49233,41.30995],[-118.49225,41.30986],[-118.49215,41.30977],[-118.49204,41.30969],[-118.49193,41.30961],[-118.49181,41.30953],[-118.49164,41.30943],[-118.49147,41.30933],[-118.49133,41.30926],[-118.49119,41.30918],[-118.49112,41.30914],[-118.49106,41.3091],[-118.491,41.30905],[-118.49094,41.309],[-118.49089,41.30894],[-118.49084,41.30888],[-118.49079,41.30883],[-118.49072,41.30879],[-118.49065,41.30875],[-118.49058,41.30872],[-118.49051,41.30869],[-118.49043,41.30867],[-118.49036,41.30865],[-118.49029,41.30863],[-118.49022,41.3086],[-118.49015,41.30856],[-118.49009,41.30853],[-118.49004,41.3085],[-118.48999,41.30848],[-118.48994,41.30846],[-118.48987,41.30845],[-118.48981,41.30844],[-118.48974,41.30843],[-118.48967,41.30844],[-118.48959,41.30843],[-118.48952,41.30842],[-118.48944,41.30841],[-118.48936,41.30838],[-118.48906,41.3083]]}},{"type":"Feature","properties":{"name":"(unnamed public road)","road_class":"track","source":"OpenStreetMap","source_detail":"osm way 14329944","source_tile":"174/382","surface_inferred":true},"geometry":{"type":"LineString","coordinates":[[-118.79378,41.34774],[-118.79433,41.34789],[-118.79442,41.34791],[-118.79449,41.34792],[-118.79456,41.34792],[-118.79463,41.34792],[-118.7947,41.34791],[-118.79492,41.34786],[-118.79499,41.34786],[-118.79506,41.34787],[-118.79511,41.34788],[-118.79516,41.34792],[-118.79523,41.34799],[-118.79528,41.34806],[-118.79536,41.34813],[-118.79546,41.3482],[-118.79557,41.34827],[-118.79597,41.34847],[-118.7967,41.34871],[-118.79683,41.34877],[-118.79694,41.34884],[-118.79704,41.34892],[-118.79713,41.349],[-118.79719,41.34907],[-118.7974,41.34942],[-118.79756,41.34966],[-118.79767,41.34981],[-118.79777,41.34996],[-118.79783,41.35007],[-118.7979,41.35023],[-118.79799,41.35036],[-118.79821,41.35065],[-118.79846,41.35097],[-118.79856,41.35107],[-118.79889,41.35135],[-118.79907,41.35147],[-118.79912,41.35152],[-118.79915,41.35156],[-118.79919,41.35161],[-118.79922,41.35166],[-118.79927,41.35184],[-118.79946,41.35234],[-118.79952,41.35248],[-118.79973,41.35284],[-118.79994,41.35319],[-118.80037,41.35392],[-118.8004,41.35397],[-118.80052,41.35427],[-118.80061,41.35452],[-118.80069,41.35466],[-118.80079,41.35484],[-118.80099,41.35515],[-118.80109,41.35532],[-118.80119,41.35552],[-118.80127,41.35573],[-118.80135,41.35596],[-118.80142,41.35622],[-118.80146,41.35638],[-118.80157,41.35721],[-118.8016,41.35734],[-118.80163,41.35743],[-118.80173,41.35763]]}},{"type":"Feature","properties":{"name":"(unnamed public road)","road_class":"track","source":"OpenStreetMap","source_detail":"osm way 14329951","source_tile":"174/382","surface_inferred":true},"geometry":{"type":"LineString","coordinates":[[-118.79214,41.36331],[-118.79217,41.36313],[-118.79221,41.36293],[-118.79225,41.36284],[-118.79231,41.36273],[-118.79269,41.36209],[-118.79277,41.36198],[-118.79284,41.36191],[-118.79298,41.36179]]}},{"type":"Feature","properties":{"name":"(unnamed public road)","road_class":"track","source":"OpenStreetMap","source_detail":"osm way 14331098","source_tile":"175/383","surface_inferred":true},"geometry":{"type":"LineString","coordinates":[[-118.46417,41.21124],[-118.46427,41.21129],[-118.46437,41.21134],[-118.46451,41.21137],[-118.46459,41.21145],[-118.46468,41.2115],[-118.46478,41.2115],[-118.46496,41.21146],[-118.46513,41.21142],[-118.46516,41.21141],[-118.46528,41.21134],[-118.4654,41.21124],[-118.46551,41.21115],[-118.46566,41.21113],[-118.46586,41.21114],[-118.46636,41.21132],[-118.46667,41.21176],[-118.46709,41.21239],[-118.46721,41.21254],[-118.46728,41.21266],[-118.46773,41.21329],[-118.46788,41.21347],[-118.46808,41.21377],[-118.46826,41.21409],[-118.46837,41.21426],[-118.46854,41.21449],[-118.46907,41.21524],[-118.46917,41.2154],[-118.46921,41.2155],[-118.46934,41.21571],[-118.47019,41.21691],[-118.4704,41.21726],[-118.47117,41.2184],[-118.47123,41.2185],[-118.4713,41.21865],[-118.47144,41.21901],[-118.47162,41.21939],[-118.47166,41.2195],[-118.47169,41.21963],[-118.47169,41.2197],[-118.47169,41.21981],[-118.47168,41.22019],[-118.47169,41.22029],[-118.47172,41.22046],[-118.47182,41.2209],[-118.47197,41.22148],[-118.47202,41.22163],[-118.47229,41.22226],[-118.47241,41.22254],[-118.47268,41.22318],[-118.47294,41.22377],[-118.47309,41.22414],[-118.47315,41.2243],[-118.47319,41.22445],[-118.47339,41.22522],[-118.47347,41.22561],[-118.47352,41.22607],[-118.47357,41.22639],[-118.47381,41.22744],[-118.4739,41.2277],[-118.47406,41.22831],[-118.47412,41.22857],[-118.47416,41.22874],[-118.47425,41.2293],[-118.47436,41.22985],[-118.47437,41.22992],[-118.47437,41.23002],[-118.47436,41.23009],[-118.47422,41.23062],[-118.47416,41.2309],[-118.47406,41.2314],[-118.47387,41.2321],[-118.47386,41.23218],[-118.47386,41.23228],[-118.47387,41.2324],[-118.47395,41.23271],[-118.47397,41.23283],[-118.47398,41.23292],[-118.47406,41.23454],[-118.47406,41.23482],[-118.47402,41.23531],[-118.47401,41.23567],[-118.47401,41.23604],[-118.47402,41.23624],[-118.47408,41.23654],[-118.47411,41.23666],[-118.47413,41.23676],[-118.47419,41.23698],[-118.47423,41.23715],[-118.47427,41.23735],[-118.4743,41.23758],[-118.47435,41.23778],[-118.47442,41.23799],[-118.4745,41.2382],[-118.47467,41.23858],[-118.47476,41.23887],[-118.4748,41.23899],[-118.47489,41.23919],[-118.47495,41.23938],[-118.47499,41.23955],[-118.475,41.23966],[-118.47501,41.24012],[-118.47503,41.24026],[-118.47505,41.24039],[-118.47508,41.24053],[-118.47514,41.24069],[-118.47521,41.24084],[-118.47535,41.24112],[-118.47547,41.24139],[-118.47551,41.24148],[-118.47558,41.24175],[-118.47561,41.24192],[-118.47564,41.24215],[-118.47564,41.24228],[-118.47563,41.24255],[-118.47562,41.24269],[-118.4756,41.24281],[-118.47549,41.24313],[-118.47548,41.24323],[-118.47547,41.2434],[-118.47549,41.24434],[-118.47551,41.24447],[-118.47555,41.24461],[-118.47563,41.24497],[-118.47571,41.2452],[-118.47579,41.24538],[-118.476,41.24575],[-118.47606,41.24588],[-118.4761,41.246],[-118.47615,41.24619],[-118.47616,41.24628],[-118.47616,41.24635],[-118.47613,41.24645],[-118.47609,41.24651],[-118.47588,41.24689],[-118.47583,41.24702],[-118.47578,41.24714],[-118.47576,41.24724],[-118.47576,41.2474],[-118.47584,41.24787],[-118.47585,41.24809],[-118.47584,41.2482],[-118.47581,41.24837],[-118.47576,41.24849],[-118.4757,41.24862],[-118.47561,41.24875],[-118.47553,41.24887],[-118.47545,41.24902],[-118.47542,41.24908],[-118.47541,41.24914],[-118.47541,41.24919],[-118.47541,41.24925],[-118.47542,41.2493],[-118.47545,41.24938],[-118.47569,41.24981],[-118.47571,41.24988],[-118.47573,41.24995],[-118.47573,41.25005],[-118.47572,41.25025],[-118.47567,41.25085],[-118.47565,41.25092],[-118.47562,41.25097],[-118.4755,41.25115],[-118.47548,41.25123],[-118.47548,41.25135],[-118.4755,41.25143],[-118.47552,41.2515],[-118.47555,41.25156],[-118.47572,41.25176],[-118.47578,41.25184],[-118.47581,41.25189],[-118.47589,41.25207],[-118.47599,41.25261],[-118.47599,41.25269],[-118.47597,41.25282],[-118.47589,41.25309],[-118.47586,41.25322],[-118.47584,41.25336],[-118.47583,41.2535],[-118.47576,41.25382],[-118.47575,41.25391],[-118.47574,41.25406],[-118.47574,41.2542],[-118.47576,41.2545],[-118.47579,41.25468],[-118.47589,41.25525],[-118.4759,41.25536],[-118.47589,41.25545],[-118.47588,41.2557],[-118.47589,41.2559],[-118.47591,41.25604],[-118.47598,41.25631],[-118.47606,41.2565],[-118.47614,41.25675],[-118.47622,41.25698],[-118.47628,41.2571],[-118.47641,41.25727],[-118.47658,41.25756],[-118.47669,41.25776],[-118.47674,41.25798],[-118.47675,41.25814],[-118.47675,41.25828],[-118.47674,41.25843],[-118.4767,41.25864],[-118.47664,41.25883],[-118.47661,41.25888],[-118.47658,41.25894],[-118.4765,41.25902],[-118.47639,41.25912],[-118.4763,41.25923],[-118.47627,41.25928],[-118.47625,41.25933],[-118.47625,41.25939],[-118.47625,41.25951],[-118.47627,41.25966],[-118.4763,41.25977],[-118.47634,41.25988],[-118.47638,41.25994],[-118.47642,41.25999],[-118.47646,41.26002],[-118.47649,41.26007],[-118.47651,41.26011],[-118.4765,41.2603],[-118.47647,41.26052],[-118.47639,41.26085],[-118.47636,41.26094],[-118.47626,41.2611],[-118.47612,41.26133],[-118.47602,41.26146],[-118.47596,41.26158],[-118.47578,41.26184],[-118.47571,41.26196],[-118.47563,41.26214],[-118.47554,41.26235],[-118.4754,41.26274],[-118.47536,41.26295],[-118.47532,41.2632],[-118.47521,41.26381],[-118.47517,41.26394],[-118.47514,41.26403],[-118.47508,41.26419],[-118.475,41.26442],[-118.47494,41.26462],[-118.47472,41.26522],[-118.47458,41.26557],[-118.47446,41.26592],[-118.47427,41.26644],[-118.47401,41.2672],[-118.47391,41.26745],[-118.47356,41.26817],[-118.47346,41.26834],[-118.47336,41.26847],[-118.47313,41.26877],[-118.47298,41.26894],[-118.47258,41.26927],[-118.47245,41.26937],[-118.47231,41.26952],[-118.47204,41.26985],[-118.472,41.26989],[-118.47195,41.26992],[-118.47167,41.27009],[-118.47153,41.27019],[-118.47136,41.27034],[-118.47088,41.27071],[-118.47069,41.27088],[-118.47061,41.27097],[-118.47055,41.27107],[-118.47049,41.27117],[-118.47045,41.27128],[-118.47043,41.2714],[-118.4704,41.27173],[-118.47039,41.27181],[-118.47035,41.27191],[-118.47029,41.27205],[-118.47022,41.27217],[-118.47003,41.27247],[-118.46991,41.27266],[-118.46977,41.27293],[-118.46967,41.27316],[-118.46958,41.27336],[-118.46953,41.27352],[-118.46947,41.27371],[-118.46945,41.27383],[-118.46942,41.27413],[-118.46935,41.27481],[-118.46934,41.27496],[-118.46933,41.27509],[-118.4693,41.27521],[-118.46925,41.27529],[-118.46889,41.27578],[-118.46881,41.2759],[-118.46871,41.27614],[-118.46867,41.2762],[-118.46859,41.27627],[-118.46848,41.27637],[-118.46838,41.27647],[-118.46825,41.27661],[-118.46818,41.27674],[-118.46808,41.27692],[-118.46787,41.27745],[-118.4678,41.27765],[-118.46775,41.27791],[-118.46772,41.278],[-118.46768,41.27808],[-118.4676,41.27827],[-118.46752,41.27844],[-118.46744,41.27867],[-118.46741,41.2789],[-118.46738,41.27941],[-118.4674,41.27962],[-118.46745,41.28015],[-118.46744,41.28046],[-118.46739,41.2806],[-118.46732,41.28071],[-118.46721,41.28086],[-118.46706,41.28109],[-118.46679,41.28146],[-118.46662,41.28177],[-118.46647,41.28202],[-118.46623,41.28235],[-118.46608,41.28254],[-118.46571,41.28305],[-118.4655,41.28335],[-118.46541,41.28351],[-118.46538,41.28359],[-118.46531,41.28401],[-118.46525,41.28429],[-118.46524,41.28434],[-118.4652,41.28441],[-118.46515,41.28445],[-118.46511,41.28447],[-118.46508,41.28447],[-118.46478,41.28446],[-118.46469,41.28447],[-118.46461,41.28449],[-118.46453,41.28451],[-118.46431,41.2846],[-118.46413,41.28469],[-118.46396,41.2848],[-118.4637,41.28502],[-118.46299,41.28566],[-118.4626,41.28598],[-118.46248,41.28605],[-118.4623,41.28616],[-118.4622,41.28624],[-118.46203,41.28643],[-118.46192,41.28653],[-118.46171,41.28669],[-118.46143,41.28688],[-118.46112,41.28712],[-118.46085,41.28736],[-118.46021,41.28795],[-118.4598,41.28835],[-118.4597,41.28842],[-118.45967,41.28844],[-118.45961,41.28844],[-118.45955,41.28844],[-118.45948,41.28842],[-118.45944,41.28839],[-118.45939,41.28835],[-118.45935,41.28827],[-118.45931,41.28817],[-118.45924,41.2879],[-118.45919,41.28766],[-118.45917,41.28761],[-118.45915,41.28757],[-118.45908,41.28748],[-118.45904,41.28744],[-118.45894,41.28738],[-118.4589,41.28736],[-118.45872,41.2873],[-118.45865,41.28729],[-118.45858,41.28729],[-118.45852,41.2873],[-118.45846,41.28732],[-118.45841,41.28735],[-118.45828,41.28742],[-118.45813,41.28753],[-118.45794,41.28773],[-118.45781,41.28791],[-118.45761,41.28819],[-118.45727,41.28864],[-118.45685,41.2891],[-118.45676,41.28919],[-118.45668,41.28924],[-118.4566,41.28929],[-118.4563,41.28944],[-118.45596,41.28966],[-118.45564,41.28984],[-118.4556,41.2899],[-118.45559,41.28994],[-118.4556,41.29],[-118.45562,41.29006],[-118.45571,41.29017],[-118.45583,41.29035],[-118.45588,41.29046],[-118.45589,41.29055],[-118.4559,41.29065],[-118.45589,41.29074],[-118.45585,41.29096],[-118.45582,41.29104],[-118.45578,41.29109],[-118.45574,41.29115],[-118.45567,41.29122],[-118.45557,41.2913],[-118.45547,41.29136],[-118.45532,41.29143],[-118.45514,41.2915],[-118.45506,41.29152],[-118.45494,41.29153],[-118.45482,41.29154],[-118.45449,41.29153],[-118.45413,41.29147],[-118.45399,41.29145],[-118.45387,41.29144],[-118.45381,41.29144],[-118.45376,41.29146],[-118.45371,41.2915],[-118.45369,41.29153],[-118.45367,41.29156],[-118.45361,41.2916],[-118.45328,41.2917],[-118.4532,41.29174],[-118.45271,41.29201],[-118.45251,41.29211],[-118.45239,41.29216],[-118.45227,41.29221],[-118.45212,41.29228],[-118.45184,41.29243],[-118.45157,41.29256],[-118.4514,41.29262],[-118.4513,41.29265],[-118.45121,41.29266],[-118.45111,41.29265],[-118.45106,41.29264],[-118.45051,41.29248],[-118.45034,41.29244],[-118.45014,41.29242],[-118.45005,41.29242],[-118.44997,41.29242],[-118.44989,41.29243],[-118.44982,41.29245],[-118.44974,41.29247],[-118.44967,41.29249],[-118.44961,41.29252],[-118.44943,41.29263],[-118.44907,41.2928],[-118.44895,41.29288],[-118.44884,41.29297],[-118.44875,41.29306],[-118.44866,41.29317],[-118.44858,41.2933],[-118.4485,41.29346],[-118.44841,41.29363],[-118.44829,41.29381],[-118.44821,41.29391],[-118.44813,41.29399],[-118.44805,41.29404],[-118.44797,41.29409],[-118.44781,41.29416],[-118.4476,41.29425],[-118.44741,41.29432],[-118.44721,41.2944],[-118.44709,41.29443],[-118.44699,41.29445],[-118.4469,41.29447],[-118.4468,41.29447],[-118.44668,41.29446],[-118.44639,41.29443],[-118.44613,41.29439],[-118.44576,41.29436],[-118.44567,41.29433],[-118.44559,41.2943],[-118.44552,41.29427],[-118.44546,41.29422],[-118.44541,41.29416],[-118.44539,41.29409],[-118.44538,41.29406],[-118.44539,41.29398],[-118.44542,41.29376],[-118.44541,41.29372],[-118.44538,41.29366],[-118.44535,41.29363],[-118.44531,41.2936],[-118.44528,41.29359],[-118.44522,41.29357],[-118.44515,41.29356],[-118.44508,41.29356],[-118.44482,41.2936],[-118.44472,41.2936],[-118.44462,41.29358],[-118.44453,41.29355],[-118.44447,41.29353],[-118.44426,41.2934],[-118.44421,41.29338],[-118.44412,41.29335],[-118.44401,41.29333],[-118.44392,41.29333],[-118.44375,41.29333],[-118.44348,41.29333],[-118.44341,41.29332],[-118.44335,41.29329],[-118.44331,41.29325],[-118.44329,41.29322],[-118.44327,41.29311]]}},{"type":"Feature","properties":{"name":"(unnamed public road)","road_class":"track","source":"OpenStreetMap","source_detail":"osm way 14331135","source_tile":"175/382","surface_inferred":true},"geometry":{"type":"LineString","coordinates":[[-118.46435,41.30524],[-118.46458,41.30527],[-118.46466,41.30527],[-118.46475,41.30526],[-118.46483,41.30523],[-118.46489,41.3052],[-118.4654,41.30487],[-118.46592,41.30455],[-118.46615,41.30442],[-118.46645,41.30427],[-118.46658,41.3042],[-118.46677,41.30412],[-118.46685,41.30409],[-118.46692,41.30407],[-118.46807,41.30377],[-118.46828,41.30372],[-118.46841,41.30368],[-118.46888,41.30351],[-118.46903,41.30347],[-118.46952,41.30336],[-118.4704,41.30315],[-118.47079,41.30306],[-118.47098,41.30303],[-118.47118,41.303],[-118.47197,41.30296],[-118.47212,41.30296],[-118.47251,41.30297],[-118.47264,41.30297],[-118.47276,41.30297],[-118.473,41.30295],[-118.47313,41.30294],[-118.47387,41.30291],[-118.47408,41.30291],[-118.47494,41.30293],[-118.47535,41.30296],[-118.47566,41.303],[-118.4758,41.30302],[-118.47589,41.30304],[-118.47603,41.30309],[-118.47631,41.3032],[-118.47655,41.30325],[-118.47714,41.30335],[-118.47754,41.3034],[-118.47766,41.30342],[-118.47773,41.30345],[-118.47798,41.30354],[-118.47813,41.30358],[-118.47836,41.30363],[-118.47854,41.30369],[-118.47877,41.3038],[-118.47894,41.30386],[-118.4793,41.30396],[-118.48004,41.30419],[-118.4806,41.30439],[-118.4808,41.30444],[-118.48127,41.30455],[-118.48158,41.30464],[-118.48169,41.30467],[-118.48176,41.30469],[-118.48181,41.30472],[-118.48186,41.30475],[-118.48193,41.30481],[-118.48204,41.30493],[-118.48212,41.30501],[-118.48216,41.30503],[-118.48222,41.30504],[-118.48251,41.30505],[-118.48257,41.30506],[-118.48264,41.30508],[-118.48269,41.3051],[-118.48383,41.3058],[-118.48393,41.30585],[-118.48419,41.30598],[-118.48431,41.30606],[-118.4844,41.30613],[-118.48447,41.3062],[-118.48464,41.30639],[-118.48474,41.3065],[-118.48487,41.30661],[-118.48505,41.30678],[-118.48515,41.3069],[-118.48522,41.307],[-118.48535,41.30721],[-118.48541,41.30728],[-118.48555,41.30741],[-118.48581,41.30765],[-118.48593,41.30781],[-118.48601,41.30788],[-118.48608,41.30796],[-118.48618,41.30801],[-118.48628,41.30806],[-118.48698,41.3083],[-118.48717,41.30838],[-118.48744,41.3085],[-118.48769,41.3086],[-118.48816,41.3088],[-118.48822,41.30881],[-118.48829,41.30882],[-118.48839,41.30881],[-118.48845,41.30879],[-118.48851,41.30875],[-118.48898,41.30838],[-118.48906,41.3083]]}},{"type":"Feature","properties":{"name":"(unnamed public road)","road_class":"track","surface":"unpaved","source":"OpenStreetMap","source_detail":"osm way 14331677","source_tile":"174/382"},"geometry":{"type":"LineString","coordinates":[[-118.79741,41.47005],[-118.79861,41.46938],[-118.8001,41.46853],[-118.80047,41.46835],[-118.80066,41.46826],[-118.80084,41.46819],[-118.80111,41.46807],[-118.80123,41.46801],[-118.80132,41.46796],[-118.80139,41.46791],[-118.80149,41.46781],[-118.80157,41.46775],[-118.80165,41.46771],[-118.80174,41.46768],[-118.80274,41.46747],[-118.80288,41.46744],[-118.80304,41.46738],[-118.80305,41.46737],[-118.80307,41.46735],[-118.80307,41.46734],[-118.80308,41.46732],[-118.80306,41.46726],[-118.80306,41.46724],[-118.80306,41.46721],[-118.80307,41.46719],[-118.80309,41.46716],[-118.80311,41.46714],[-118.80372,41.46675],[-118.80375,41.46672],[-118.80378,41.46668],[-118.80379,41.46665],[-118.8038,41.46661],[-118.8038,41.46658],[-118.80379,41.46654],[-118.80375,41.46639],[-118.80372,41.46628],[-118.8037,41.46618],[-118.80367,41.46609],[-118.80362,41.466],[-118.80357,41.46591],[-118.8035,41.46581],[-118.80342,41.46572],[-118.80333,41.46564],[-118.80308,41.46536],[-118.80284,41.46508],[-118.80268,41.46489],[-118.80253,41.4647],[-118.80247,41.46462],[-118.80242,41.46454],[-118.80238,41.46446],[-118.80234,41.46439],[-118.80229,41.46434],[-118.80225,41.46428],[-118.80217,41.4642]]}},{"type":"Feature","properties":{"name":"(unnamed public road)","road_class":"track","source":"OpenStreetMap","source_detail":"osm way 14332413","source_tile":"174/382","surface_inferred":true},"geometry":{"type":"LineString","coordinates":[[-118.70782,41.47085],[-118.70797,41.4708],[-118.70813,41.47074],[-118.70834,41.47067],[-118.70856,41.47058],[-118.70975,41.47009],[-118.71,41.46999],[-118.71032,41.46986],[-118.71055,41.46975],[-118.71077,41.46964],[-118.7109,41.46957],[-118.71106,41.46947],[-118.71148,41.46916],[-118.71213,41.46875],[-118.71232,41.46861],[-118.713,41.46808],[-118.71339,41.46779],[-118.71415,41.46735],[-118.71447,41.46724],[-118.71458,41.46721],[-118.71475,41.46717],[-118.71499,41.46714],[-118.71516,41.46713],[-118.71532,41.46722],[-118.71543,41.46728],[-118.71579,41.46742],[-118.71621,41.46756],[-118.71709,41.46789],[-118.71738,41.46801],[-118.71805,41.46826],[-118.71855,41.46842],[-118.71894,41.46854],[-118.71904,41.46858],[-118.7192,41.46865],[-118.71937,41.46873],[-118.71954,41.46881],[-118.71971,41.46892],[-118.7198,41.46898],[-118.71988,41.46905],[-118.71996,41.46914],[-118.72009,41.4693],[-118.72023,41.46952],[-118.72037,41.46973],[-118.72062,41.47014],[-118.72068,41.47027],[-118.72077,41.47048],[-118.72093,41.47093],[-118.72112,41.47146]]}},{"type":"Feature","properties":{"name":"(unnamed public road)","road_class":"track","surface":"unpaved","source":"OpenStreetMap","source_detail":"osm way 14332792","source_tile":"174/382"},"geometry":{"type":"LineString","coordinates":[[-118.81046,41.49595],[-118.81028,41.49616],[-118.80999,41.49628],[-118.80985,41.49652],[-118.80954,41.49699],[-118.80939,41.49715],[-118.80902,41.4975],[-118.80841,41.49812],[-118.80813,41.49828],[-118.80791,41.49852],[-118.8077,41.49888],[-118.80745,41.49942],[-118.80735,41.49954],[-118.8073,41.49973],[-118.80748,41.50011],[-118.80759,41.50024],[-118.80763,41.50033],[-118.80774,41.50049],[-118.80788,41.50059],[-118.80862,41.50076],[-118.80883,41.5008],[-118.80907,41.50082],[-118.80917,41.50085],[-118.80937,41.50095],[-118.8099,41.50125],[-118.80995,41.50124],[-118.81026,41.50109],[-118.81113,41.50055],[-118.81122,41.50049],[-118.81152,41.50043],[-118.81193,41.5003],[-118.81251,41.49992],[-118.81289,41.49956],[-118.81316,41.4994],[-118.8136,41.4991],[-118.81405,41.49883],[-118.81443,41.49859],[-118.81453,41.4985]]}},{"type":"Feature","properties":{"name":"(unnamed public road)","road_class":"track","surface":"unpaved","source":"OpenStreetMap","source_detail":"osm way 14332793","source_tile":"174/382"},"geometry":{"type":"LineString","coordinates":[[-118.81514,41.49993],[-118.81505,41.49947],[-118.81498,41.49919],[-118.81496,41.499],[-118.81495,41.49837]]}},{"type":"Feature","properties":{"name":"(unnamed public road)","road_class":"track","surface":"unpaved","source":"OpenStreetMap","source_detail":"osm way 14332798","source_tile":"174/382"},"geometry":{"type":"LineString","coordinates":[[-118.81621,41.49468],[-118.81655,41.49501],[-118.81669,41.49513],[-118.81703,41.4954],[-118.81735,41.49568],[-118.81749,41.49581],[-118.81762,41.49596],[-118.81767,41.49603],[-118.81773,41.49612],[-118.8178,41.49626],[-118.81785,41.49638],[-118.81789,41.49648],[-118.81791,41.4966],[-118.81792,41.49675],[-118.81791,41.49696],[-118.81786,41.49725],[-118.81784,41.49748],[-118.81783,41.49792],[-118.81784,41.49813],[-118.81786,41.49829]]}},{"type":"Feature","properties":{"name":"(unnamed public road)","road_class":"track","source":"OpenStreetMap","source_detail":"osm way 14332799","source_tile":"174/382","surface_inferred":true},"geometry":{"type":"LineString","coordinates":[[-118.82496,41.49463],[-118.82473,41.49448],[-118.82431,41.49426],[-118.82394,41.49405],[-118.82366,41.49392],[-118.82349,41.49383],[-118.82345,41.49381],[-118.8234,41.49377],[-118.82336,41.49374],[-118.82332,41.4937],[-118.82329,41.49365],[-118.82327,41.49361],[-118.82325,41.49356],[-118.82324,41.49351],[-118.82323,41.49315],[-118.82322,41.49289],[-118.82319,41.49276],[-118.82317,41.49265],[-118.82333,41.49204],[-118.82338,41.49184],[-118.8234,41.49166],[-118.8234,41.49137],[-118.82339,41.49106],[-118.82335,41.49071],[-118.82324,41.49003]]}},{"type":"Feature","properties":{"name":"(unnamed public road)","road_class":"track","source":"OpenStreetMap","source_detail":"osm way 14336730","source_tile":"174/382","surface_inferred":true},"geometry":{"type":"LineString","coordinates":[[-118.57562,41.43567],[-118.57609,41.43592],[-118.57656,41.43614],[-118.57711,41.43646],[-118.57746,41.43666],[-118.57791,41.43691],[-118.57834,41.43716],[-118.57878,41.43738],[-118.57907,41.43752],[-118.57973,41.43781],[-118.57986,41.43786],[-118.57996,41.43789],[-118.5801,41.43791],[-118.58056,41.43796],[-118.58076,41.438],[-118.58099,41.43804],[-118.58127,41.43811],[-118.58195,41.43833],[-118.58246,41.4385],[-118.58282,41.43865],[-118.58329,41.43882],[-118.58354,41.43891],[-118.58371,41.43899],[-118.58385,41.43909],[-118.58399,41.43919],[-118.5842,41.43936],[-118.58437,41.43951],[-118.5845,41.43962],[-118.5847,41.43978],[-118.58493,41.43993],[-118.58521,41.44013],[-118.58546,41.44033],[-118.58621,41.44095],[-118.58642,41.4411],[-118.58703,41.44153],[-118.58733,41.44173],[-118.5875,41.44182],[-118.58787,41.44202],[-118.58828,41.44225],[-118.58857,41.44242],[-118.58902,41.44264],[-118.5895,41.4429],[-118.58958,41.44295],[-118.58976,41.44308],[-118.58986,41.44314],[-118.59008,41.44326],[-118.59078,41.44361],[-118.59098,41.44372],[-118.59141,41.44398],[-118.59277,41.44474],[-118.59393,41.44536],[-118.59438,41.44561],[-118.59458,41.44574],[-118.5948,41.44586],[-118.59501,41.44597],[-118.59548,41.44625],[-118.59605,41.44656],[-118.59646,41.44678],[-118.59659,41.44685],[-118.59695,41.44708],[-118.5973,41.44729],[-118.59774,41.44752],[-118.59815,41.44773],[-118.59874,41.44806],[-118.5991,41.44824],[-118.59943,41.44843],[-118.59963,41.44857],[-118.5998,41.44866],[-118.59991,41.44871],[-118.60055,41.44907],[-118.60091,41.44925],[-118.60127,41.44945],[-118.60175,41.4497],[-118.60221,41.44994],[-118.60296,41.45035],[-118.60329,41.45056],[-118.60382,41.45084],[-118.60426,41.45112],[-118.60459,41.45131],[-118.60495,41.45152],[-118.60529,41.45171],[-118.60573,41.45196],[-118.60622,41.45225],[-118.60692,41.45267],[-118.60816,41.45334],[-118.60864,41.45363],[-118.60894,41.45382],[-118.60905,41.45388],[-118.60945,41.45409],[-118.61018,41.4545],[-118.6106,41.45473],[-118.61086,41.45485],[-118.61101,41.45493],[-118.61111,41.45499],[-118.61132,41.45514],[-118.61255,41.45585],[-118.61319,41.4562],[-118.61425,41.45682],[-118.61443,41.45693],[-118.61483,41.45714],[-118.61544,41.45747],[-118.61594,41.45778],[-118.6163,41.45798],[-118.61674,41.4582],[-118.61758,41.45865],[-118.61817,41.45896],[-118.61886,41.45934],[-118.61956,41.45969],[-118.61978,41.45981],[-118.62,41.45994],[-118.62038,41.46015],[-118.62059,41.46025],[-118.62144,41.46075],[-118.62183,41.46098],[-118.62225,41.4612],[-118.62264,41.46142],[-118.62298,41.46163],[-118.6235,41.46195],[-118.62391,41.46216],[-118.62439,41.46245],[-118.62495,41.46281],[-118.62593,41.46336],[-118.62659,41.46371],[-118.62679,41.46383],[-118.62704,41.46396],[-118.62729,41.46406],[-118.62839,41.46448],[-118.62888,41.4647]]}},{"type":"Feature","properties":{"name":"(unnamed public road)","road_class":"track","source":"OpenStreetMap","source_detail":"osm way 14336989","source_tile":"174/382","surface_inferred":true},"geometry":{"type":"LineString","coordinates":[[-118.63769,41.46601],[-118.63759,41.4662],[-118.63752,41.46633],[-118.6374,41.46665],[-118.63729,41.46693],[-118.63719,41.46719],[-118.63708,41.46742],[-118.63701,41.4676],[-118.63696,41.46776],[-118.63688,41.46805],[-118.63682,41.46824],[-118.63679,41.46837],[-118.63677,41.46848],[-118.63674,41.46879],[-118.63673,41.46884],[-118.63671,41.46889],[-118.63663,41.469],[-118.63656,41.46913],[-118.6365,41.46924],[-118.63642,41.46943],[-118.6363,41.46977],[-118.63628,41.46987],[-118.63624,41.47028],[-118.63622,41.47039],[-118.63615,41.47061],[-118.63614,41.47067],[-118.63611,41.471],[-118.63609,41.47108],[-118.63605,41.47118],[-118.63598,41.47133],[-118.63589,41.47147],[-118.63582,41.47157],[-118.63573,41.47168],[-118.63565,41.47179],[-118.63563,41.47184],[-118.63561,41.47191],[-118.63559,41.47225],[-118.63557,41.47233],[-118.63554,41.47242],[-118.63551,41.4725],[-118.63545,41.47261],[-118.63526,41.47287],[-118.6352,41.47297],[-118.63516,41.47304],[-118.63513,41.47314],[-118.63509,41.47326],[-118.63504,41.47341],[-118.63503,41.47346],[-118.63502,41.47351],[-118.63503,41.47355],[-118.63506,41.47365],[-118.6351,41.47372],[-118.63515,41.47382],[-118.63516,41.47386],[-118.63516,41.47394],[-118.63514,41.47401],[-118.63512,41.47404],[-118.63507,41.47411],[-118.63482,41.47435],[-118.6347,41.47449],[-118.6346,41.47464],[-118.63453,41.47476],[-118.63446,41.47494],[-118.63431,41.47534],[-118.63416,41.4758],[-118.63403,41.47616],[-118.63391,41.47654],[-118.63381,41.47678],[-118.63362,41.47714],[-118.63353,41.47737],[-118.63348,41.47753],[-118.63347,41.47763],[-118.63347,41.47774],[-118.63348,41.47784],[-118.6335,41.47796],[-118.63355,41.47817],[-118.63355,41.47831],[-118.63354,41.47839],[-118.63349,41.47854],[-118.63325,41.47908],[-118.63323,41.47916],[-118.63321,41.47926],[-118.6332,41.47941],[-118.63321,41.47952],[-118.63322,41.47961],[-118.63324,41.47972],[-118.63327,41.47982],[-118.63331,41.47993],[-118.63341,41.48013],[-118.6335,41.48027],[-118.63357,41.48035],[-118.63379,41.48056],[-118.63394,41.4807],[-118.63412,41.48087],[-118.63419,41.48095],[-118.63425,41.48104],[-118.6343,41.48114],[-118.63434,41.48127],[-118.63434,41.48153],[-118.63434,41.48161],[-118.63436,41.4817],[-118.63447,41.48203],[-118.63449,41.48211],[-118.63452,41.48226],[-118.63452,41.48238],[-118.63452,41.48252],[-118.63451,41.48269],[-118.63443,41.48335],[-118.63443,41.48349],[-118.63444,41.48364],[-118.63446,41.48378],[-118.63452,41.48405],[-118.63459,41.48431],[-118.63462,41.48445],[-118.63469,41.48486],[-118.63473,41.48513],[-118.63477,41.4855],[-118.63479,41.48585],[-118.63486,41.48643],[-118.63488,41.48651],[-118.6349,41.48658],[-118.63493,41.48665],[-118.635,41.48678],[-118.63509,41.48693],[-118.63519,41.48706],[-118.63534,41.48722],[-118.6351,41.48889],[-118.63512,41.48969],[-118.63582,41.49138],[-118.63583,41.49173],[-118.63565,41.49202],[-118.6356,41.49246],[-118.63557,41.49269],[-118.63508,41.49315],[-118.63389,41.49368],[-118.63362,41.49397],[-118.63301,41.49544],[-118.63295,41.49653],[-118.63283,41.49679],[-118.63289,41.49701],[-118.6328,41.49708],[-118.63264,41.49813],[-118.63109,41.4999]]}},{"type":"Feature","properties":{"name":"(unnamed public road)","road_class":"track","source":"OpenStreetMap","source_detail":"osm way 14337467","source_tile":"174/382","surface_inferred":true},"geometry":{"type":"LineString","coordinates":[[-118.82394,41.49405],[-118.82445,41.49373],[-118.82467,41.4936],[-118.82478,41.49355],[-118.82485,41.49353],[-118.82557,41.49335],[-118.82627,41.49315],[-118.82646,41.4931],[-118.82665,41.49307],[-118.82712,41.49301]]}},{"type":"Feature","properties":{"name":"(unnamed public road)","road_class":"track","surface":"unpaved","source":"OpenStreetMap","source_detail":"osm way 14337483","source_tile":"174/382"},"geometry":{"type":"LineString","coordinates":[[-118.82317,41.49265],[-118.82306,41.49248],[-118.823,41.49241],[-118.82294,41.49235],[-118.82286,41.49229],[-118.82279,41.49225],[-118.82274,41.49222],[-118.82266,41.4922],[-118.82255,41.49217],[-118.82247,41.49213],[-118.82239,41.4921],[-118.82232,41.49205],[-118.82226,41.492],[-118.8222,41.49195],[-118.82215,41.49189],[-118.82184,41.49143],[-118.82163,41.49116],[-118.82159,41.49111],[-118.82153,41.49103],[-118.82132,41.49079],[-118.8212,41.49068],[-118.82109,41.49059],[-118.82097,41.4905],[-118.82058,41.49025],[-118.82047,41.4902],[-118.82039,41.49016],[-118.82033,41.49014],[-118.82015,41.49013],[-118.82006,41.49012],[-118.81993,41.49013],[-118.81974,41.49016],[-118.81935,41.49025],[-118.81914,41.49031],[-118.81903,41.49035],[-118.81892,41.4904],[-118.81884,41.49045],[-118.81875,41.49052],[-118.81866,41.49061],[-118.81858,41.4907],[-118.81839,41.49098],[-118.81827,41.49111]]}},{"type":"Feature","properties":{"name":"(unnamed public road)","road_class":"track","surface":"unpaved","source":"OpenStreetMap","source_detail":"osm way 14337486","source_tile":"174/382"},"geometry":{"type":"LineString","coordinates":[[-118.82159,41.49111],[-118.82135,41.49121],[-118.82128,41.49125],[-118.82119,41.49132],[-118.82112,41.49139],[-118.82104,41.49149],[-118.82097,41.4916],[-118.82086,41.49181],[-118.82084,41.49191],[-118.82083,41.49196],[-118.82084,41.49201],[-118.82086,41.4921],[-118.82088,41.49222],[-118.82089,41.49233],[-118.82089,41.49244],[-118.82088,41.4926]]}},{"type":"Feature","properties":{"name":"(unnamed public road)","road_class":"track","source":"OpenStreetMap","source_detail":"osm way 14339522","source_tile":"174/382","surface_inferred":true},"geometry":{"type":"LineString","coordinates":[[-118.7898,41.34876],[-118.7901,41.34891],[-118.79016,41.34893],[-118.79023,41.34895],[-118.79031,41.34897],[-118.79038,41.34898],[-118.79056,41.34898],[-118.79066,41.34899],[-118.79076,41.34901],[-118.79086,41.34904],[-118.79091,41.34906],[-118.79108,41.34913],[-118.79117,41.34916],[-118.79122,41.34917],[-118.79132,41.34918],[-118.79158,41.34916],[-118.79177,41.34914],[-118.79197,41.34911],[-118.79237,41.34905],[-118.79245,41.34904],[-118.79256,41.34904],[-118.79285,41.34906],[-118.79296,41.34906],[-118.79308,41.34906],[-118.79318,41.34905],[-118.79359,41.349],[-118.79367,41.349],[-118.79375,41.349],[-118.79382,41.34901],[-118.7939,41.34902],[-118.79397,41.34904],[-118.7943,41.34915],[-118.79442,41.34917],[-118.79454,41.34917],[-118.79504,41.3491],[-118.7952,41.34907],[-118.7953,41.34907],[-118.79536,41.34908],[-118.79541,41.34909],[-118.79552,41.34912],[-118.7956,41.34916],[-118.7958,41.34933],[-118.79607,41.34958],[-118.79622,41.3497],[-118.79629,41.34974],[-118.79636,41.34976],[-118.79645,41.34978],[-118.79671,41.34977],[-118.79679,41.34977],[-118.79688,41.34978],[-118.79696,41.3498],[-118.79703,41.34982],[-118.79711,41.34985],[-118.79718,41.34988],[-118.79751,41.35011],[-118.79759,41.35016],[-118.79766,41.35018],[-118.7979,41.35023]]}},{"type":"Feature","properties":{"name":"(unnamed public road)","road_class":"track","source":"OpenStreetMap","source_detail":"osm way 14340709","source_tile":"174/382","surface_inferred":true},"geometry":{"type":"LineString","coordinates":[[-118.8004,41.35397],[-118.80078,41.35419],[-118.80114,41.35435],[-118.8019,41.35465],[-118.80198,41.35469],[-118.80205,41.35473],[-118.80211,41.35477],[-118.80217,41.35483],[-118.80222,41.35488],[-118.80226,41.35495],[-118.80239,41.35518],[-118.80245,41.35527],[-118.8025,41.35531],[-118.80257,41.35536],[-118.80261,41.35538],[-118.8027,41.35541],[-118.80279,41.35543],[-118.80309,41.35544],[-118.80327,41.35545],[-118.80342,41.35547],[-118.8035,41.35549],[-118.80358,41.35552]]}},{"type":"Feature","properties":{"name":"(unnamed public road)","road_class":"track","surface":"unpaved","source":"OpenStreetMap","source_detail":"osm way 14341613","source_tile":"174/382"},"geometry":{"type":"LineString","coordinates":[[-118.81993,41.401],[-118.82015,41.40127],[-118.82039,41.40155],[-118.82053,41.40167],[-118.82066,41.40181],[-118.8209,41.4021],[-118.82096,41.4022],[-118.82115,41.40251],[-118.82129,41.40278],[-118.82139,41.40294],[-118.82149,41.40307],[-118.8216,41.4032],[-118.82199,41.40359],[-118.82211,41.40369],[-118.82219,41.40374],[-118.82229,41.4038]]}},{"type":"Feature","properties":{"name":"(unnamed public road)","road_class":"track","surface":"unpaved","source":"OpenStreetMap","source_detail":"osm way 14341616","source_tile":"174/382"},"geometry":{"type":"LineString","coordinates":[[-118.8177,41.40349],[-118.81784,41.40338],[-118.81791,41.40332],[-118.81808,41.40315],[-118.81835,41.40284],[-118.8188,41.40232],[-118.81896,41.40212],[-118.81975,41.4012],[-118.81993,41.401],[-118.82007,41.40084],[-118.82025,41.40062],[-118.82091,41.39985],[-118.82111,41.39963],[-118.822,41.39857],[-118.82255,41.3979],[-118.82282,41.3976],[-118.82314,41.39719],[-118.8235,41.39677],[-118.82372,41.39649],[-118.82388,41.39627],[-118.824,41.39608],[-118.82404,41.39601],[-118.82406,41.39594],[-118.82408,41.39586],[-118.82409,41.39562],[-118.82411,41.39545],[-118.82415,41.39525],[-118.82415,41.39521],[-118.82415,41.39517],[-118.82413,41.39509],[-118.82411,41.39506],[-118.82406,41.39499],[-118.82396,41.3949],[-118.82385,41.39482],[-118.8238,41.39477],[-118.82373,41.3947],[-118.8237,41.39464],[-118.82368,41.39456],[-118.82367,41.39448],[-118.82366,41.39439],[-118.82367,41.39424],[-118.82371,41.39396],[-118.82372,41.39382],[-118.82373,41.39312],[-118.82373,41.39299],[-118.8237,41.39288],[-118.82365,41.39274],[-118.8235,41.39246],[-118.82334,41.3922],[-118.8232,41.39196],[-118.82311,41.39172],[-118.82299,41.39148],[-118.82295,41.39136],[-118.82292,41.39124],[-118.82291,41.39111],[-118.82292,41.39099],[-118.82295,41.3909],[-118.82298,41.3908],[-118.82311,41.39055],[-118.82329,41.39027],[-118.82344,41.39008],[-118.82353,41.38996],[-118.82389,41.38948],[-118.82408,41.38913],[-118.82412,41.38904],[-118.82415,41.38893],[-118.82416,41.38885],[-118.82417,41.38875],[-118.82416,41.38865],[-118.82412,41.38843],[-118.8241,41.38824],[-118.8241,41.38802],[-118.8241,41.38788],[-118.82409,41.38781],[-118.82406,41.38772],[-118.82397,41.38754],[-118.82389,41.38734],[-118.82385,41.38724],[-118.82382,41.38708],[-118.82382,41.38633],[-118.8238,41.38591],[-118.8238,41.38562],[-118.82377,41.38518],[-118.82377,41.38492],[-118.82376,41.38475],[-118.82375,41.38464],[-118.82364,41.38402],[-118.82361,41.38314],[-118.82359,41.38303],[-118.82355,41.38289],[-118.82337,41.38245],[-118.8233,41.38233],[-118.82325,41.38226],[-118.82313,41.38215],[-118.82288,41.38195],[-118.82276,41.38186],[-118.82271,41.38182],[-118.82264,41.38175],[-118.82251,41.38155],[-118.82244,41.38143],[-118.82236,41.38129],[-118.82232,41.38119],[-118.82229,41.3811],[-118.82229,41.38101],[-118.82229,41.38094],[-118.82233,41.3807],[-118.82233,41.38027],[-118.82232,41.38014],[-118.82231,41.38003],[-118.82219,41.3796],[-118.82207,41.37909],[-118.82199,41.37839],[-118.822,41.37831],[-118.82201,41.37823],[-118.82203,41.37815],[-118.82211,41.37795],[-118.82213,41.37786],[-118.82211,41.37777],[-118.82209,41.37771],[-118.82202,41.37756],[-118.82187,41.37727],[-118.82184,41.3772],[-118.82181,41.37711],[-118.8217,41.37645],[-118.82162,41.37609],[-118.82147,41.37551],[-118.82138,41.37522],[-118.82132,41.37509],[-118.82127,41.375],[-118.82121,41.3749],[-118.82095,41.37455],[-118.8207,41.37427],[-118.82059,41.37413],[-118.82047,41.37395],[-118.82028,41.37355],[-118.8202,41.37344],[-118.82012,41.37335],[-118.81988,41.37315],[-118.81915,41.37267],[-118.81894,41.37251],[-118.81881,41.37241],[-118.81875,41.37236],[-118.81868,41.37232],[-118.81861,41.37228],[-118.81853,41.37225],[-118.81824,41.37218],[-118.81814,41.37215],[-118.81801,41.3721],[-118.81788,41.37203],[-118.81777,41.37196],[-118.8177,41.37189],[-118.81765,41.37183],[-118.81761,41.37177],[-118.81746,41.37144],[-118.81741,41.37136],[-118.81733,41.37127],[-118.81726,41.37121],[-118.81703,41.37104],[-118.81686,41.37092],[-118.81673,41.3708],[-118.81662,41.37069],[-118.81659,41.37063],[-118.81657,41.37055],[-118.81656,41.37047],[-118.81657,41.37036],[-118.8167,41.37],[-118.81671,41.36996],[-118.81672,41.36991],[-118.8167,41.36982],[-118.81667,41.36974],[-118.81663,41.36969],[-118.81657,41.36962],[-118.8165,41.36952],[-118.81647,41.36944],[-118.81644,41.36933],[-118.81643,41.36926],[-118.81645,41.36912],[-118.81644,41.36907],[-118.81643,41.36901],[-118.81636,41.36886],[-118.81622,41.36852],[-118.81609,41.36821],[-118.81607,41.3681],[-118.81605,41.368],[-118.81603,41.36771],[-118.816,41.36766],[-118.81597,41.36763],[-118.81588,41.36757],[-118.81582,41.36753],[-118.81578,41.36747],[-118.81576,41.36742],[-118.81569,41.36711],[-118.81562,41.36689],[-118.81539,41.36625],[-118.81531,41.36608],[-118.81528,41.36599],[-118.81526,41.36592],[-118.81525,41.36573],[-118.81524,41.36566],[-118.81522,41.3656],[-118.81519,41.36554],[-118.81506,41.36532],[-118.81494,41.36515],[-118.81487,41.36503],[-118.8148,41.36489],[-118.81457,41.36431],[-118.81454,41.36424],[-118.81429,41.36381],[-118.81426,41.36373],[-118.81422,41.36362],[-118.81418,41.36334],[-118.81416,41.36329],[-118.81413,41.36324],[-118.81387,41.36289],[-118.81382,41.3628],[-118.81378,41.36274],[-118.81375,41.36265],[-118.81374,41.36256],[-118.81371,41.36209],[-118.81368,41.36178],[-118.81361,41.36131],[-118.81358,41.36115],[-118.81355,41.36108],[-118.81331,41.36073],[-118.81313,41.36047],[-118.81288,41.36002],[-118.81276,41.35986],[-118.8127,41.35976],[-118.81264,41.35966],[-118.81258,41.35954],[-118.81242,41.35904],[-118.81237,41.35896],[-118.81234,41.35891],[-118.81203,41.35857],[-118.81184,41.35833],[-118.81171,41.35818],[-118.81165,41.35809],[-118.81161,41.35801],[-118.81147,41.3577],[-118.81136,41.35748]]}},{"type":"Feature","properties":{"name":"(unnamed public road)","road_class":"track","surface":"unpaved","source":"OpenStreetMap","source_detail":"osm way 14342293","source_tile":"174/382"},"geometry":{"type":"LineString","coordinates":[[-118.79448,41.46943],[-118.79415,41.46973],[-118.79384,41.47005],[-118.79352,41.47044],[-118.79328,41.47075],[-118.79304,41.47104],[-118.79297,41.47113],[-118.79279,41.47148],[-118.79266,41.47167],[-118.79256,41.47178],[-118.79247,41.47187],[-118.7924,41.47191],[-118.79232,41.47196],[-118.79223,41.472]]}},{"type":"Feature","properties":{"name":"(unnamed public road)","road_class":"track","source":"OpenStreetMap","source_detail":"osm way 14342947","source_tile":"174/382","surface_inferred":true},"geometry":{"type":"LineString","coordinates":[[-118.58625,41.463],[-118.58665,41.46311],[-118.58733,41.46325],[-118.58753,41.46328],[-118.58774,41.46328],[-118.58789,41.46328],[-118.58799,41.46329],[-118.58813,41.4633],[-118.58826,41.46333],[-118.5884,41.46337],[-118.58852,41.46342],[-118.58863,41.46347],[-118.58875,41.46355],[-118.5889,41.46367],[-118.58896,41.4637],[-118.58902,41.46373],[-118.58908,41.46376],[-118.58915,41.46378],[-118.58922,41.46379],[-118.58937,41.46381],[-118.58962,41.46385],[-118.59004,41.46393],[-118.59033,41.46399],[-118.59055,41.46401],[-118.59062,41.46402],[-118.59068,41.46403],[-118.5908,41.46408],[-118.59095,41.46413],[-118.59105,41.46415],[-118.59116,41.46416],[-118.59127,41.46416],[-118.59138,41.46416],[-118.59149,41.46415],[-118.59158,41.46413],[-118.59189,41.46406],[-118.59194,41.46405],[-118.59206,41.46405],[-118.59217,41.46407],[-118.59248,41.46416],[-118.59259,41.4642],[-118.5929,41.46439],[-118.59296,41.46442],[-118.59303,41.46444],[-118.59311,41.46446],[-118.5933,41.46449],[-118.59349,41.46455],[-118.59371,41.46464],[-118.59386,41.46469],[-118.59394,41.46472],[-118.5942,41.46477],[-118.59465,41.46481],[-118.595,41.46485],[-118.59511,41.46486],[-118.59523,41.46489],[-118.59547,41.46496],[-118.59602,41.46514],[-118.59631,41.46521],[-118.59689,41.46531],[-118.59726,41.46538],[-118.59742,41.46542],[-118.59756,41.46546],[-118.59771,41.46551],[-118.59831,41.46575],[-118.59845,41.46578],[-118.59857,41.46581],[-118.59868,41.46583],[-118.59894,41.46585],[-118.59913,41.46587],[-118.59941,41.46591],[-118.59965,41.46595],[-118.59986,41.466],[-118.60004,41.46604],[-118.60079,41.46625],[-118.60095,41.4663],[-118.60112,41.46633],[-118.60134,41.46637],[-118.60189,41.46646],[-118.60242,41.46655],[-118.60302,41.46668],[-118.60376,41.46686],[-118.60414,41.46694],[-118.60446,41.46702],[-118.60488,41.4671],[-118.60535,41.46722],[-118.60611,41.46735],[-118.60662,41.46746],[-118.6069,41.46755],[-118.60796,41.4678]]}},{"type":"Feature","properties":{"name":"(unnamed public road)","road_class":"track","surface":"unpaved","source":"OpenStreetMap","source_detail":"osm way 14344630","source_tile":"174/382"},"geometry":{"type":"LineString","coordinates":[[-118.72658,41.48368],[-118.72633,41.48389],[-118.7262,41.48401],[-118.72609,41.48412],[-118.72593,41.48433],[-118.72581,41.4845],[-118.72568,41.48472],[-118.72553,41.48499],[-118.72538,41.48526],[-118.72509,41.48566],[-118.72484,41.48596],[-118.7246,41.48623],[-118.72434,41.48649],[-118.72425,41.48658],[-118.72424,41.48664],[-118.72425,41.48669],[-118.72428,41.48673],[-118.72431,41.48676],[-118.72466,41.48705],[-118.72476,41.48712],[-118.72485,41.48717],[-118.72494,41.48721],[-118.72522,41.4873],[-118.72533,41.48733],[-118.72669,41.48792],[-118.72711,41.48812],[-118.72738,41.48824],[-118.72751,41.48831],[-118.72844,41.48889],[-118.72872,41.48904],[-118.72912,41.48924],[-118.7294,41.48938],[-118.72978,41.48959],[-118.72998,41.48969],[-118.73024,41.48981],[-118.73053,41.48996],[-118.73059,41.48999],[-118.73073,41.49007],[-118.73086,41.49015],[-118.73114,41.49036],[-118.73122,41.49042],[-118.73127,41.49047],[-118.73132,41.49055],[-118.73147,41.49078],[-118.73158,41.49093],[-118.73167,41.49104],[-118.73176,41.49113],[-118.73188,41.49123],[-118.73202,41.49133],[-118.73213,41.49142],[-118.73218,41.49147],[-118.73226,41.49151],[-118.73232,41.49153],[-118.73245,41.49155],[-118.73252,41.49155]]}},{"type":"Feature","properties":{"name":"(unnamed public road)","road_class":"track","surface":"unpaved","source":"OpenStreetMap","source_detail":"osm way 14345653","source_tile":"174/382"},"geometry":{"type":"LineString","coordinates":[[-118.73218,41.49147],[-118.7322,41.49152],[-118.7322,41.49157],[-118.73219,41.49164],[-118.73214,41.49177]]}},{"type":"Feature","properties":{"name":"(unnamed public road)","road_class":"track","source":"OpenStreetMap","source_detail":"osm way 14346661","source_tile":"174/382","surface_inferred":true},"geometry":{"type":"LineString","coordinates":[[-118.71415,41.46735],[-118.71412,41.46704],[-118.71411,41.46696],[-118.71391,41.46647],[-118.71379,41.46618],[-118.71367,41.46594]]}},{"type":"Feature","properties":{"name":"(unnamed public road)","road_class":"unclassified","surface":"unpaved","source":"OpenStreetMap","source_detail":"osm way 530977926","source_tile":"174/382"},"geometry":{"type":"LineString","coordinates":[[-118.55716,41.31932],[-118.55701,41.31933],[-118.55689,41.31935],[-118.55678,41.31937],[-118.55668,41.3194],[-118.5566,41.31944],[-118.55655,41.31949]]}},{"type":"Feature","properties":{"name":"(unnamed public road)","road_class":"unclassified","surface":"unpaved","source":"OpenStreetMap","source_detail":"osm way 530977929","source_tile":"174/382"},"geometry":{"type":"LineString","coordinates":[[-118.55549,41.32377],[-118.55545,41.32381],[-118.5554,41.32383],[-118.55535,41.32384],[-118.55529,41.32384],[-118.55523,41.32383],[-118.55517,41.32381],[-118.55506,41.32377],[-118.5549,41.3237],[-118.55476,41.32365],[-118.5546,41.32359],[-118.55453,41.32357],[-118.55446,41.32356],[-118.55439,41.32355],[-118.55432,41.32356],[-118.55425,41.32358],[-118.55419,41.32361],[-118.55416,41.32364],[-118.55409,41.32373]]}},{"type":"Feature","properties":{"name":"(unnamed public road)","road_class":"unclassified","surface":"unpaved","source":"OpenStreetMap","source_detail":"osm way 530977930","source_tile":"174/382"},"geometry":{"type":"LineString","coordinates":[[-118.5554,41.32411],[-118.55539,41.32406],[-118.55536,41.32401],[-118.55532,41.32398],[-118.55527,41.32396],[-118.5552,41.32394],[-118.55513,41.32393],[-118.55503,41.32392],[-118.5549,41.32392],[-118.55482,41.32392],[-118.55476,41.32391],[-118.55469,41.3239],[-118.55436,41.3238]]}},{"type":"Feature","properties":{"name":"(unnamed public road)","road_class":"unclassified","surface":"unpaved","source":"OpenStreetMap","source_detail":"osm way 530977931","source_tile":"174/382"},"geometry":{"type":"LineString","coordinates":[[-118.55881,41.31922],[-118.55853,41.31924],[-118.55821,41.31926],[-118.5578,41.31929],[-118.5576,41.31931],[-118.55742,41.31932],[-118.55727,41.31932],[-118.55716,41.31932],[-118.55707,41.31931],[-118.55697,41.31929],[-118.55687,41.31926],[-118.55678,41.31922],[-118.55669,41.31918],[-118.55657,41.3191],[-118.55654,41.31909],[-118.55644,41.31904],[-118.55632,41.319],[-118.55621,41.31897],[-118.55611,41.31897],[-118.55601,41.31897],[-118.55591,41.31898],[-118.5558,41.31901],[-118.55558,41.31909],[-118.55522,41.31921],[-118.55475,41.31936],[-118.55426,41.31949],[-118.55392,41.31959],[-118.55359,41.31971],[-118.55342,41.31976],[-118.55327,41.3198],[-118.55312,41.31984],[-118.55296,41.31986],[-118.5528,41.31988],[-118.55265,41.31988],[-118.55251,41.31988],[-118.55236,41.31988],[-118.55205,41.31986],[-118.55064,41.31977],[-118.55036,41.31975],[-118.55015,41.31974],[-118.55,41.31974],[-118.5499,41.31974],[-118.54982,41.31976],[-118.54976,41.31979],[-118.54971,41.31982],[-118.54968,41.31986],[-118.54968,41.3199],[-118.54968,41.31995],[-118.54969,41.32004],[-118.54974,41.32028],[-118.54978,41.32048],[-118.54981,41.32063],[-118.5499,41.3211],[-118.55003,41.32186],[-118.55011,41.32237],[-118.55013,41.32244],[-118.55014,41.3225],[-118.55017,41.32256],[-118.55021,41.32261],[-118.55027,41.32266],[-118.55035,41.32271],[-118.55044,41.32275],[-118.55056,41.32279],[-118.55113,41.32294],[-118.55297,41.32343],[-118.55409,41.32373],[-118.55421,41.32376],[-118.55436,41.3238],[-118.55445,41.32384],[-118.55449,41.3239],[-118.55451,41.32396],[-118.55451,41.32403],[-118.55449,41.32409],[-118.55444,41.32417],[-118.55431,41.32434],[-118.55421,41.32448],[-118.5541,41.32466],[-118.55366,41.32538],[-118.55322,41.32611],[-118.55278,41.32685],[-118.55259,41.32718],[-118.55253,41.32728],[-118.5525,41.32738],[-118.55248,41.32749],[-118.55247,41.32759],[-118.55247,41.32772],[-118.5525,41.32814],[-118.55256,41.32907],[-118.55257,41.32924],[-118.55257,41.32936],[-118.55256,41.32947],[-118.55254,41.32958],[-118.55251,41.32971],[-118.55245,41.32991],[-118.55238,41.33015],[-118.55228,41.33044],[-118.55218,41.3307],[-118.55203,41.33103]]}},{"type":"Feature","properties":{"name":"(unnamed public road)","road_class":"track","surface":"unpaved","source":"OpenStreetMap","source_detail":"osm way 946170577","source_tile":"174/382"},"geometry":{"type":"LineString","coordinates":[[-118.72764,41.5045],[-118.72752,41.50446],[-118.72741,41.50441],[-118.72731,41.50435],[-118.72723,41.50429],[-118.72715,41.50424],[-118.72708,41.50417],[-118.72702,41.50411],[-118.72697,41.50404]]}},{"type":"Feature","properties":{"name":"(unnamed public road)","road_class":"track","surface":"unpaved","source":"OpenStreetMap","source_detail":"osm way 946170578","source_tile":"174/382"},"geometry":{"type":"LineString","coordinates":[[-118.73443,41.50454],[-118.73439,41.50459],[-118.73434,41.50462],[-118.73428,41.50465],[-118.73422,41.50468],[-118.73417,41.50469],[-118.73411,41.5047],[-118.73405,41.5047],[-118.72817,41.50453],[-118.72799,41.50452],[-118.72782,41.50451],[-118.72764,41.5045],[-118.72755,41.50449],[-118.72746,41.50448],[-118.72731,41.50448],[-118.72716,41.50448],[-118.7271,41.50449],[-118.72703,41.5045],[-118.72697,41.50453],[-118.72692,41.50456],[-118.72687,41.50459],[-118.72683,41.50463],[-118.7268,41.50467]]}},{"type":"Feature","properties":{"name":"(unnamed public road)","road_class":"track","surface":"unpaved","source":"OpenStreetMap","source_detail":"osm way 947941602","source_tile":"174/382"},"geometry":{"type":"LineString","coordinates":[[-118.73053,41.48996],[-118.73077,41.48992],[-118.73118,41.4896],[-118.73169,41.48936],[-118.73197,41.48915],[-118.73252,41.48885],[-118.7328,41.48834],[-118.73308,41.48795],[-118.73363,41.48709],[-118.73382,41.48699],[-118.73394,41.48687],[-118.73403,41.48656],[-118.73427,41.48615],[-118.73486,41.48535],[-118.73514,41.48477],[-118.7352,41.48469],[-118.73524,41.48463],[-118.73528,41.48456],[-118.73531,41.48448],[-118.73533,41.48438],[-118.73536,41.48418],[-118.73539,41.48408],[-118.73543,41.48397],[-118.73548,41.48387],[-118.73643,41.48242],[-118.73676,41.48195],[-118.73703,41.48156],[-118.73765,41.48064],[-118.73767,41.48047]]}},{"type":"Feature","properties":{"name":"(unnamed public road)","road_class":"track","surface":"unpaved","source":"OpenStreetMap","source_detail":"osm way 947941603","source_tile":"174/382"},"geometry":{"type":"LineString","coordinates":[[-118.72167,41.48198],[-118.72228,41.48224],[-118.72279,41.4824],[-118.72353,41.48258],[-118.72437,41.4827],[-118.72465,41.48277],[-118.72516,41.48295],[-118.72567,41.48315],[-118.72615,41.48332],[-118.72708,41.48372],[-118.72736,41.48387],[-118.72862,41.48443],[-118.72873,41.48449],[-118.72991,41.48504],[-118.73304,41.4864],[-118.73355,41.48666],[-118.73379,41.48667],[-118.73383,41.48666],[-118.73384,41.48666],[-118.73387,41.48664],[-118.73395,41.4866],[-118.73403,41.48656]]}},{"type":"Feature","properties":{"name":"(unnamed public road)","road_class":"track","surface":"unpaved","source":"OpenStreetMap","source_detail":"osm way 947941604","source_tile":"174/382"},"geometry":{"type":"LineString","coordinates":[[-118.73363,41.48709],[-118.73359,41.48704],[-118.73356,41.48694],[-118.73355,41.48666]]}},{"type":"Feature","properties":{"name":"(unnamed public road)","road_class":"track","surface":"unpaved","source":"OpenStreetMap","source_detail":"osm way 947941605","source_tile":"174/382"},"geometry":{"type":"LineString","coordinates":[[-118.73932,41.48544],[-118.73887,41.4854],[-118.73879,41.48538],[-118.73825,41.48523],[-118.73807,41.48514],[-118.73785,41.48496],[-118.73761,41.48479],[-118.73686,41.48437],[-118.73658,41.4843],[-118.73613,41.48431],[-118.73533,41.48438]]}},{"type":"Feature","properties":{"name":"(unnamed public road)","road_class":"track","surface":"unpaved","source":"OpenStreetMap","source_detail":"osm way 947941606","source_tile":"174/382"},"geometry":{"type":"LineString","coordinates":[[-118.73927,41.48014],[-118.73937,41.48034],[-118.73965,41.48048],[-118.73991,41.48067],[-118.74027,41.48107],[-118.74057,41.48139],[-118.74095,41.48206],[-118.74142,41.4826],[-118.74152,41.48278],[-118.74159,41.483],[-118.74159,41.48306],[-118.74152,41.48329],[-118.74139,41.48342],[-118.74119,41.48358],[-118.74108,41.48368],[-118.74084,41.48392],[-118.74062,41.48417],[-118.74044,41.48444],[-118.73998,41.48499]]}},{"type":"Feature","properties":{"name":"(unnamed public road)","road_class":"track","surface":"unpaved","source":"OpenStreetMap","source_detail":"osm way 947941607","source_tile":"174/382"},"geometry":{"type":"LineString","coordinates":[[-118.73927,41.48014],[-118.73899,41.48011],[-118.73831,41.4801],[-118.73809,41.48019],[-118.73787,41.48038],[-118.73767,41.48047]]}},{"type":"Feature","properties":{"name":"(unnamed public road)","road_class":"track","source":"OpenStreetMap","source_detail":"osm way 947941608","source_tile":"174/382","surface_inferred":true},"geometry":{"type":"LineString","coordinates":[[-118.73879,41.48538],[-118.73892,41.48557],[-118.73892,41.48588]]}},{"type":"Feature","properties":{"name":"(unnamed public road)","road_class":"track","source":"OpenStreetMap","source_detail":"osm way 947941609","source_tile":"174/382","surface_inferred":true},"geometry":{"type":"LineString","coordinates":[[-118.74365,41.48372],[-118.74352,41.48362],[-118.74289,41.48343],[-118.74242,41.48339],[-118.74163,41.48341],[-118.74139,41.48342]]}},{"type":"Feature","properties":{"name":"(unnamed public road)","road_class":"track","source":"OpenStreetMap","source_detail":"osm way 947941610","source_tile":"174/382","surface_inferred":true},"geometry":{"type":"LineString","coordinates":[[-118.79213,41.46948],[-118.79448,41.46943],[-118.79658,41.46943],[-118.79663,41.46942],[-118.79669,41.46941],[-118.79674,41.4694],[-118.79679,41.46937]]}},{"type":"Feature","properties":{"name":"(unnamed public road)","road_class":"track","surface":"unpaved","source":"OpenStreetMap","source_detail":"osm way 947941612","source_tile":"174/382"},"geometry":{"type":"LineString","coordinates":[[-118.79721,41.48613],[-118.79689,41.48624],[-118.79666,41.48636],[-118.79629,41.48656],[-118.79571,41.48695],[-118.79537,41.48715],[-118.79518,41.48724],[-118.79494,41.48737],[-118.7946,41.48759],[-118.79447,41.48769],[-118.79424,41.48793],[-118.79384,41.48837],[-118.79364,41.48858],[-118.79347,41.48872],[-118.79299,41.48917],[-118.79238,41.48976],[-118.79208,41.49003],[-118.79175,41.4903],[-118.79133,41.4907],[-118.79096,41.49103],[-118.79054,41.49139],[-118.79029,41.4916],[-118.78991,41.49189],[-118.78953,41.49221],[-118.78938,41.49234],[-118.78927,41.49245],[-118.78915,41.49259],[-118.78908,41.49269],[-118.78884,41.49312],[-118.78872,41.4934],[-118.78829,41.49474],[-118.78813,41.49516],[-118.78807,41.49536],[-118.78799,41.49572],[-118.78794,41.4959],[-118.7878,41.49654],[-118.78758,41.49734],[-118.78732,41.49822],[-118.78729,41.49838],[-118.78724,41.49863],[-118.78718,41.49902],[-118.78706,41.49989],[-118.78703,41.50042],[-118.78695,41.50129],[-118.78685,41.50216],[-118.78667,41.50393],[-118.78662,41.50447]]}},{"type":"Feature","properties":{"name":"(unnamed public road)","road_class":"track","surface":"unpaved","source":"OpenStreetMap","source_detail":"osm way 947941613","source_tile":"174/382"},"geometry":{"type":"LineString","coordinates":[[-118.81193,41.5003],[-118.81218,41.50034],[-118.81397,41.50038],[-118.81434,41.50041],[-118.81441,41.50043],[-118.81452,41.50048],[-118.81511,41.50089],[-118.81521,41.50091],[-118.81524,41.5009],[-118.81529,41.50081],[-118.81529,41.5004],[-118.81514,41.49993]]}},{"type":"Feature","properties":{"name":"(unnamed public road)","road_class":"track","surface":"unpaved","source":"OpenStreetMap","source_detail":"osm way 947941614","source_tile":"174/382"},"geometry":{"type":"LineString","coordinates":[[-118.81152,41.50043],[-118.81139,41.50068],[-118.8114,41.50077],[-118.81156,41.50107],[-118.81187,41.50154],[-118.81259,41.50283]]}},{"type":"Feature","properties":{"name":"(unnamed public road)","road_class":"track","surface":"unpaved","source":"OpenStreetMap","source_detail":"osm way 947941615","source_tile":"174/382"},"geometry":{"type":"LineString","coordinates":[[-118.81609,41.49769],[-118.81632,41.49827],[-118.81652,41.49874],[-118.81663,41.49905],[-118.81665,41.49921],[-118.8166,41.4995],[-118.81659,41.49968],[-118.81663,41.49984],[-118.81678,41.50019],[-118.81677,41.50048],[-118.81667,41.50077],[-118.81654,41.50101],[-118.81642,41.50261],[-118.81643,41.5031],[-118.81656,41.50382],[-118.8165,41.50459],[-118.81653,41.50531]]}},{"type":"Feature","properties":{"name":"Old Leonard Creek Road","road_class":"track","surface":"unpaved","source":"OpenStreetMap","source_detail":"osm way 947941616","source_tile":"174/382"},"geometry":{"type":"LineString","coordinates":[[-118.82224,41.44198],[-118.82191,41.44203],[-118.8217,41.44207],[-118.82153,41.4421],[-118.82099,41.44216],[-118.82073,41.44218],[-118.82051,41.44221],[-118.8203,41.44226],[-118.82024,41.44228],[-118.82018,41.4423],[-118.82012,41.44233],[-118.82007,41.44236],[-118.82002,41.4424],[-118.81998,41.44244],[-118.81994,41.44248],[-118.81991,41.44252],[-118.81989,41.44258],[-118.81978,41.4429],[-118.81975,41.44296],[-118.81971,41.44302],[-118.81967,41.44308],[-118.81961,41.44313],[-118.81927,41.44346]]}},{"type":"Feature","properties":{"name":"(unnamed public road)","road_class":"track","surface":"unpaved","source":"OpenStreetMap","source_detail":"osm way 956364987","source_tile":"174/382"},"geometry":{"type":"LineString","coordinates":[[-118.50761,41.38389],[-118.50725,41.3838],[-118.5065,41.3834],[-118.50612,41.38306],[-118.50583,41.38282],[-118.50562,41.38269],[-118.50556,41.38265],[-118.50541,41.38254],[-118.50533,41.38246],[-118.50505,41.38225],[-118.50482,41.38212],[-118.50469,41.38203],[-118.50461,41.38195],[-118.50456,41.38192],[-118.50454,41.38189],[-118.50435,41.38174],[-118.50426,41.38163],[-118.50414,41.38139],[-118.50387,41.38112],[-118.50366,41.38087],[-118.50352,41.38072],[-118.50339,41.38056],[-118.5032,41.38026],[-118.50305,41.38007],[-118.5028,41.37982],[-118.50262,41.37968],[-118.5025,41.37961],[-118.50246,41.37957],[-118.50238,41.37937],[-118.50233,41.3793],[-118.50195,41.37891],[-118.50158,41.37856],[-118.50155,41.3785],[-118.50155,41.37839],[-118.50157,41.3783],[-118.50158,41.37811],[-118.50154,41.378],[-118.50145,41.37788]]}},{"type":"Feature","properties":{"name":"(unnamed public road)","road_class":"track","surface":"unpaved","source":"OpenStreetMap","source_detail":"osm way 956364996","source_tile":"175/382"},"geometry":{"type":"LineString","coordinates":[[-118.50177,41.40129],[-118.50133,41.40116],[-118.50051,41.40105],[-118.50041,41.40102],[-118.49982,41.40103],[-118.49962,41.40105],[-118.49929,41.40107],[-118.49886,41.40112],[-118.49814,41.40116],[-118.49785,41.40114],[-118.49759,41.4011],[-118.497,41.40096],[-118.49641,41.40083],[-118.49592,41.40075],[-118.49542,41.40063],[-118.49509,41.40052],[-118.4944,41.40031],[-118.49416,41.40022],[-118.49369,41.4],[-118.49312,41.39977],[-118.49274,41.39959],[-118.49232,41.39935],[-118.49223,41.39932],[-118.49205,41.3993],[-118.49172,41.39915],[-118.49126,41.39903],[-118.4912,41.39903],[-118.49091,41.39889],[-118.49062,41.39878],[-118.4903,41.3987],[-118.49005,41.39864],[-118.48935,41.39835],[-118.48881,41.39816],[-118.48798,41.39793],[-118.48756,41.39779],[-118.48696,41.39765],[-118.48682,41.39759],[-118.48671,41.39752],[-118.48643,41.3972],[-118.48624,41.39707],[-118.48598,41.39693],[-118.48524,41.39664],[-118.48489,41.39648],[-118.48455,41.39626],[-118.48393,41.3959],[-118.48353,41.39569],[-118.48301,41.39547],[-118.48288,41.39539],[-118.48272,41.39522],[-118.48258,41.39511],[-118.48247,41.39505],[-118.48232,41.39499],[-118.4822,41.39492],[-118.48212,41.39483],[-118.4821,41.39479],[-118.48211,41.39445],[-118.48209,41.39441],[-118.48199,41.39432],[-118.48165,41.39413],[-118.48132,41.39386],[-118.48127,41.39378],[-118.48123,41.39363],[-118.48119,41.39323],[-118.48103,41.39302],[-118.48102,41.39285],[-118.48109,41.39267],[-118.48114,41.39257],[-118.48117,41.39246],[-118.48114,41.39208],[-118.4811,41.39183],[-118.48104,41.39173],[-118.48089,41.39159],[-118.4806,41.39138],[-118.48036,41.39126],[-118.48012,41.39117],[-118.47959,41.39109],[-118.47935,41.39109],[-118.47915,41.39107],[-118.47901,41.39103],[-118.47883,41.39094],[-118.47857,41.39089],[-118.47833,41.39078],[-118.47779,41.39065],[-118.47713,41.39055],[-118.47657,41.39054],[-118.47627,41.3905],[-118.47602,41.39053],[-118.47566,41.39051],[-118.47554,41.39049],[-118.47529,41.39037],[-118.47518,41.39034],[-118.47466,41.39025],[-118.4745,41.39025],[-118.4743,41.3903],[-118.47399,41.39034],[-118.47381,41.39033],[-118.47356,41.39035],[-118.47324,41.39021],[-118.47312,41.3902],[-118.47288,41.39022],[-118.47252,41.39019],[-118.47227,41.39021],[-118.47206,41.39015],[-118.47192,41.39015],[-118.47183,41.39005],[-118.47152,41.38987],[-118.47139,41.38979],[-118.47109,41.38972]]}},{"type":"Feature","properties":{"name":"(unnamed public road)","road_class":"track","surface":"unpaved","source":"OpenStreetMap","source_detail":"osm way 956364998","source_tile":"174/382"},"geometry":{"type":"LineString","coordinates":[[-118.49672,41.44273],[-118.49742,41.43817],[-118.49748,41.4379],[-118.49771,41.43619],[-118.49809,41.43378],[-118.4982,41.43293],[-118.49847,41.43134],[-118.49854,41.43074],[-118.49863,41.43035],[-118.49869,41.43002],[-118.49872,41.4296],[-118.49882,41.42891],[-118.49903,41.42768],[-118.49914,41.42681],[-118.49917,41.42671],[-118.49918,41.42636],[-118.4993,41.42578],[-118.49941,41.42492],[-118.49956,41.4241],[-118.49961,41.42368],[-118.49976,41.4229],[-118.49981,41.42244],[-118.50005,41.42101],[-118.50035,41.41886],[-118.50042,41.41842],[-118.50051,41.41802],[-118.50056,41.41743],[-118.50061,41.41711],[-118.50066,41.41689],[-118.50072,41.41646],[-118.50082,41.4161],[-118.501,41.4148],[-118.50106,41.41448],[-118.50115,41.41379],[-118.50138,41.41245],[-118.5015,41.4113],[-118.50158,41.41081],[-118.50173,41.40968],[-118.50184,41.40943],[-118.50221,41.40689],[-118.50236,41.406],[-118.50243,41.40248]]}},{"type":"Feature","properties":{"name":"(unnamed public road)","road_class":"track","surface":"unpaved","source":"OpenStreetMap","source_detail":"osm way 956364999","source_tile":"174/382"},"geometry":{"type":"LineString","coordinates":[[-118.50809,41.40378],[-118.50768,41.40405],[-118.50745,41.40413],[-118.50714,41.40418],[-118.50661,41.40421],[-118.50621,41.40433],[-118.50586,41.4045],[-118.50556,41.4049],[-118.50498,41.40594],[-118.50479,41.40614],[-118.50451,41.4064],[-118.50426,41.40657],[-118.50412,41.4067],[-118.50376,41.40724],[-118.50344,41.40763],[-118.50331,41.4078],[-118.50308,41.40806],[-118.50274,41.40833],[-118.50253,41.40855],[-118.50194,41.40945],[-118.50173,41.40968],[-118.50138,41.40999],[-118.50087,41.41081],[-118.50047,41.41137],[-118.50025,41.41161],[-118.49951,41.41224],[-118.49881,41.41291],[-118.49852,41.4133],[-118.49844,41.41339],[-118.49822,41.41371],[-118.49808,41.41396],[-118.49772,41.41445],[-118.49762,41.41461],[-118.49755,41.41477],[-118.49746,41.41501],[-118.4973,41.41535],[-118.49722,41.41561],[-118.49717,41.41571],[-118.49702,41.41587],[-118.4967,41.41611],[-118.49651,41.41622],[-118.49606,41.41657],[-118.49576,41.41691],[-118.49543,41.41725],[-118.4953,41.41745],[-118.49516,41.41771],[-118.49509,41.41781],[-118.49469,41.41805],[-118.49461,41.41813],[-118.49452,41.41825],[-118.4944,41.41848],[-118.49431,41.41883],[-118.49423,41.41902],[-118.49402,41.41926],[-118.49392,41.41939],[-118.49362,41.41995],[-118.49343,41.42022],[-118.49332,41.42047],[-118.49306,41.42078],[-118.49283,41.4211],[-118.49253,41.42159],[-118.49228,41.42195],[-118.49208,41.42229],[-118.49171,41.42281],[-118.49156,41.42309],[-118.49144,41.42341],[-118.49126,41.42374],[-118.49124,41.42379],[-118.49097,41.42428],[-118.49071,41.42485],[-118.49054,41.42511],[-118.49014,41.42556],[-118.49001,41.42574],[-118.48998,41.42583],[-118.48997,41.42603],[-118.48994,41.42614],[-118.48987,41.42626],[-118.48963,41.42654],[-118.4895,41.42678],[-118.48934,41.42733],[-118.48907,41.42804],[-118.48904,41.42816],[-118.48903,41.42842],[-118.489,41.42852],[-118.48869,41.4291],[-118.48846,41.42961],[-118.48833,41.43024],[-118.48735,41.43243],[-118.48729,41.43265],[-118.48722,41.43278],[-118.48716,41.43295],[-118.48697,41.43329],[-118.48679,41.43378],[-118.48663,41.43405],[-118.48627,41.43457],[-118.48615,41.43502],[-118.48591,41.43556],[-118.48584,41.43578],[-118.48567,41.43646],[-118.48562,41.43684],[-118.48556,41.43718],[-118.48554,41.43722],[-118.48555,41.43726],[-118.4853,41.43814],[-118.48519,41.43837],[-118.48482,41.439],[-118.48458,41.43946],[-118.48453,41.43962],[-118.48452,41.44005],[-118.48443,41.44026],[-118.48434,41.4405],[-118.48378,41.44157],[-118.48328,41.44245]]}},{"type":"Feature","properties":{"name":"(unnamed public road)","road_class":"track","surface":"unpaved","source":"OpenStreetMap","source_detail":"osm way 956365000","source_tile":"174/382"},"geometry":{"type":"LineString","coordinates":[[-118.48734,41.43113],[-118.48737,41.43154],[-118.48735,41.43243]]}},{"type":"Feature","properties":{"name":"(unnamed public road)","road_class":"track","surface":"unpaved","source":"OpenStreetMap","source_detail":"osm way 956365001","source_tile":"174/382"},"geometry":{"type":"LineString","coordinates":[[-118.50589,41.40267],[-118.50598,41.40283],[-118.50622,41.40307],[-118.5066,41.40325],[-118.50706,41.40349],[-118.50773,41.40365],[-118.50809,41.40378],[-118.509,41.40424],[-118.51047,41.40488],[-118.51151,41.40542],[-118.51211,41.40578],[-118.51221,41.40581],[-118.51264,41.40588],[-118.51312,41.40598],[-118.51355,41.40612],[-118.51393,41.40635],[-118.51403,41.40638],[-118.51416,41.4064],[-118.51461,41.40628],[-118.51474,41.40628],[-118.51479,41.40637],[-118.51466,41.40663],[-118.51471,41.40672],[-118.51478,41.40677],[-118.51484,41.4068],[-118.51514,41.40677],[-118.51534,41.40686],[-118.51577,41.40725],[-118.51662,41.40779],[-118.5171,41.40807],[-118.51755,41.40836],[-118.51789,41.40856],[-118.51819,41.40869],[-118.51867,41.40882],[-118.51894,41.40893],[-118.51942,41.40908],[-118.52051,41.40962],[-118.52081,41.4098],[-118.52177,41.41032],[-118.52263,41.41073],[-118.52502,41.41208],[-118.52586,41.41252],[-118.52667,41.41293],[-118.52741,41.41328],[-118.52781,41.41349],[-118.52879,41.41394],[-118.52959,41.41429],[-118.53045,41.41469],[-118.53168,41.41528],[-118.53213,41.41552],[-118.53296,41.41602],[-118.53384,41.4166],[-118.53462,41.41721],[-118.53535,41.4177],[-118.53588,41.4181],[-118.53657,41.41867],[-118.53683,41.41885],[-118.53786,41.41936],[-118.53814,41.41953],[-118.53849,41.41971],[-118.53858,41.41977],[-118.53873,41.41983],[-118.53969,41.42046],[-118.53977,41.42082],[-118.54004,41.42138],[-118.54047,41.42176],[-118.54133,41.4221],[-118.54356,41.42268],[-118.54405,41.42297],[-118.54423,41.42305],[-118.54606,41.42412],[-118.54683,41.42449],[-118.54727,41.42473],[-118.5482,41.42532],[-118.54891,41.42574],[-118.54912,41.42585],[-118.54974,41.42612],[-118.5504,41.42638],[-118.55108,41.42658],[-118.55166,41.42671],[-118.55234,41.427],[-118.55339,41.42748],[-118.5545,41.42803],[-118.55509,41.42826],[-118.5554,41.42837],[-118.55621,41.42858],[-118.55697,41.42888]]}},{"type":"Feature","properties":{"name":"(unnamed public road)","road_class":"track","surface":"unpaved","source":"OpenStreetMap","source_detail":"osm way 956365004","source_tile":"174/382"},"geometry":{"type":"LineString","coordinates":[[-118.49762,41.40484],[-118.49685,41.40457],[-118.49603,41.40429],[-118.49593,41.40419],[-118.49585,41.40417],[-118.49563,41.40407],[-118.49481,41.40373]]}},{"type":"Feature","properties":{"name":"(unnamed public road)","road_class":"track","surface":"unpaved","source":"OpenStreetMap","source_detail":"osm way 956365005","source_tile":"175/382"},"geometry":{"type":"LineString","coordinates":[[-118.46577,41.41488],[-118.46776,41.41598],[-118.46834,41.41626],[-118.46862,41.41643],[-118.46875,41.41649],[-118.46899,41.41658],[-118.46995,41.41678],[-118.4705,41.41676],[-118.47134,41.41686],[-118.47157,41.41693],[-118.47169,41.41701],[-118.47189,41.41723],[-118.47198,41.41727],[-118.47208,41.41725],[-118.47227,41.41717],[-118.47244,41.41713],[-118.47309,41.41707],[-118.47371,41.41697],[-118.47427,41.4169],[-118.47657,41.41678],[-118.47712,41.41682],[-118.47757,41.41698],[-118.47771,41.417],[-118.47836,41.41702],[-118.47875,41.41707],[-118.4796,41.41708],[-118.48039,41.41701],[-118.48068,41.41696],[-118.48161,41.41685],[-118.48214,41.41685],[-118.48268,41.41683],[-118.48279,41.4168],[-118.48291,41.4168],[-118.48304,41.41674],[-118.48316,41.41671],[-118.48361,41.41673],[-118.48379,41.41675],[-118.48402,41.4168],[-118.48447,41.41692],[-118.4847,41.41694],[-118.48498,41.41696],[-118.48547,41.41708],[-118.48708,41.41727],[-118.48805,41.4173]]}},{"type":"Feature","properties":{"name":"(unnamed public road)","road_class":"track","surface":"unpaved","source":"OpenStreetMap","source_detail":"osm way 956365007","source_tile":"175/382"},"geometry":{"type":"LineString","coordinates":[[-118.48256,41.42951],[-118.48143,41.42932],[-118.48116,41.42924],[-118.48066,41.42902],[-118.48022,41.42892],[-118.47983,41.42881],[-118.47951,41.42876],[-118.47928,41.42875],[-118.47917,41.42877],[-118.47877,41.42888],[-118.47847,41.42894],[-118.47816,41.429],[-118.4777,41.42904],[-118.47657,41.42901],[-118.47511,41.42867],[-118.47497,41.42862],[-118.47483,41.42852],[-118.47431,41.42813],[-118.47398,41.42777],[-118.47376,41.42761],[-118.47358,41.42752],[-118.47318,41.42742],[-118.473,41.42736],[-118.47273,41.42726],[-118.47257,41.42718],[-118.47216,41.42691],[-118.47195,41.42666],[-118.47182,41.42656],[-118.47108,41.42611],[-118.47069,41.42589],[-118.47062,41.42582],[-118.4706,41.42574],[-118.47062,41.42533],[-118.47061,41.42504],[-118.47057,41.42473],[-118.4705,41.42459],[-118.47024,41.42422],[-118.47006,41.42404],[-118.46955,41.42361],[-118.46889,41.42313],[-118.46883,41.4231],[-118.46867,41.42308],[-118.46832,41.42307],[-118.4682,41.42305],[-118.46813,41.42303],[-118.46788,41.42289],[-118.46741,41.42257],[-118.46734,41.42248],[-118.46731,41.42241],[-118.46724,41.4223],[-118.46721,41.42221],[-118.46734,41.42196],[-118.46723,41.42179],[-118.46705,41.42117],[-118.46688,41.42097],[-118.46658,41.4207],[-118.4663,41.4205],[-118.46593,41.42028],[-118.46549,41.42009],[-118.46524,41.41994],[-118.46502,41.41973],[-118.46496,41.41963],[-118.46493,41.41951],[-118.46493,41.41938],[-118.46499,41.41907],[-118.46501,41.41867],[-118.46511,41.41826],[-118.4652,41.41761],[-118.46532,41.41726],[-118.46538,41.41701],[-118.46551,41.41668],[-118.46544,41.41644],[-118.46547,41.41584],[-118.46555,41.41572],[-118.46571,41.41558],[-118.46585,41.41537],[-118.46584,41.41515],[-118.46577,41.41488],[-118.46537,41.41439],[-118.46509,41.41412],[-118.4649,41.41398],[-118.46445,41.41353],[-118.46405,41.41303],[-118.46375,41.41272],[-118.46275,41.4121],[-118.46228,41.4118],[-118.46218,41.41175],[-118.46154,41.41134],[-118.46126,41.41118],[-118.46123,41.41115],[-118.46011,41.4105],[-118.45973,41.41027],[-118.45926,41.41005],[-118.45884,41.40975],[-118.45832,41.40945],[-118.45806,41.4091],[-118.45794,41.40904],[-118.45738,41.40888],[-118.4569,41.40879],[-118.45647,41.40865],[-118.4558,41.40851],[-118.45514,41.40842],[-118.45449,41.40841],[-118.45431,41.40842],[-118.45392,41.40852],[-118.45368,41.40862],[-118.45311,41.40892],[-118.45299,41.40897],[-118.45256,41.40909],[-118.45207,41.40915],[-118.45154,41.40924],[-118.45023,41.40925],[-118.44964,41.40918],[-118.44932,41.40915],[-118.44844,41.40912],[-118.44828,41.40911],[-118.44758,41.40911],[-118.44734,41.40914],[-118.44724,41.40916],[-118.44688,41.40923],[-118.44578,41.40976],[-118.44487,41.41035],[-118.44455,41.41038],[-118.44383,41.41024],[-118.44366,41.41025],[-118.44351,41.41028],[-118.44342,41.41028],[-118.44303,41.41024],[-118.44221,41.41026],[-118.4415,41.41018],[-118.44129,41.41023],[-118.4411,41.41031],[-118.44089,41.41044],[-118.44066,41.41064],[-118.44062,41.41066],[-118.44056,41.41066],[-118.44025,41.41053],[-118.4402,41.4105],[-118.44021,41.41022],[-118.44014,41.41],[-118.43999,41.40975],[-118.43977,41.40958],[-118.43948,41.4095],[-118.43918,41.40947],[-118.43895,41.40947],[-118.43836,41.40954],[-118.43793,41.40954],[-118.43788,41.40957],[-118.43787,41.40961],[-118.43804,41.40978],[-118.43835,41.41013],[-118.43836,41.41021],[-118.43833,41.41025],[-118.43828,41.41028],[-118.43788,41.41031],[-118.43763,41.41035],[-118.43707,41.41033],[-118.43687,41.41027],[-118.43658,41.4102],[-118.43627,41.41017],[-118.43569,41.41063],[-118.4356,41.41066],[-118.43542,41.41065],[-118.43501,41.41051],[-118.43484,41.4104],[-118.43463,41.40978],[-118.43417,41.40863],[-118.43409,41.40855],[-118.43397,41.40849],[-118.43379,41.40843],[-118.43345,41.40838],[-118.43262,41.40847],[-118.4321,41.40853],[-118.43166,41.40869],[-118.43139,41.40875],[-118.43105,41.4088],[-118.43093,41.40879],[-118.43086,41.40877],[-118.43077,41.40868],[-118.43058,41.40835],[-118.43048,41.40823],[-118.43009,41.40802],[-118.42954,41.40766],[-118.429,41.40733],[-118.42869,41.40712],[-118.4286,41.40703],[-118.42853,41.40693],[-118.42845,41.40676],[-118.42837,41.40653],[-118.42839,41.4061],[-118.42835,41.40549],[-118.42837,41.40537],[-118.42836,41.40528],[-118.4283,41.40521],[-118.42821,41.40514],[-118.42787,41.40495],[-118.42778,41.40485],[-118.42771,41.40471],[-118.42765,41.40467],[-118.42753,41.40466],[-118.42717,41.40471],[-118.42695,41.40473],[-118.42664,41.40473],[-118.42634,41.4047],[-118.42594,41.40465],[-118.42578,41.40461],[-118.42571,41.40457],[-118.42539,41.40428],[-118.4253,41.40424],[-118.42524,41.40423],[-118.42444,41.40423],[-118.42423,41.40421],[-118.42376,41.40411],[-118.4235,41.40403],[-118.42332,41.40394],[-118.42318,41.40382],[-118.42304,41.40362],[-118.42296,41.40344],[-118.42281,41.40302],[-118.42277,41.40283],[-118.42278,41.40273],[-118.42281,41.40266],[-118.42291,41.40249],[-118.42292,41.40243],[-118.42291,41.40238],[-118.42277,41.40232],[-118.4226,41.4023],[-118.42247,41.40226],[-118.42233,41.40219],[-118.42204,41.40192],[-118.42167,41.40162],[-118.42121,41.40114],[-118.42051,41.40017],[-118.4201,41.39974]]}},{"type":"Feature","properties":{"name":"(unnamed public road)","road_class":"track","surface":"unpaved","source":"OpenStreetMap","source_detail":"osm way 957366279","source_tile":"174/382"},"geometry":{"type":"LineString","coordinates":[[-118.79133,41.4907],[-118.79153,41.49068],[-118.79218,41.49064],[-118.79243,41.49063],[-118.79282,41.49065],[-118.79332,41.49068],[-118.79434,41.49072],[-118.79491,41.49072],[-118.79585,41.4907],[-118.79662,41.49067],[-118.79825,41.49065],[-118.79954,41.49063],[-118.79985,41.49064],[-118.80029,41.49068],[-118.80043,41.49069],[-118.8007,41.49071],[-118.80148,41.4908],[-118.80244,41.49093],[-118.80315,41.49111]]}},{"type":"Feature","properties":{"name":"Woodward Road","road_class":"unclassified","surface":"unpaved","source":"OpenStreetMap","source_detail":"osm way 1126550795","source_tile":"174/382"},"geometry":{"type":"LineString","coordinates":[[-118.59587,41.48223],[-118.59596,41.48224],[-118.59605,41.48226],[-118.59613,41.48229],[-118.59621,41.48233],[-118.59629,41.48237],[-118.59635,41.48242],[-118.59641,41.48248],[-118.59646,41.48253],[-118.59649,41.4826],[-118.59652,41.48266],[-118.59654,41.48273],[-118.59654,41.4828]]}},{"type":"Feature","properties":{"name":"Woodward Road","road_class":"unclassified","surface":"unpaved","source":"OpenStreetMap","source_detail":"osm way 1126550796","source_tile":"174/382"},"geometry":{"type":"LineString","coordinates":[[-118.59654,41.4828],[-118.59664,41.48261],[-118.59674,41.48243],[-118.59685,41.48225],[-118.59695,41.48211],[-118.59705,41.48198],[-118.59716,41.48184]]}},{"type":"Feature","properties":{"name":"(unnamed public road)","road_class":"track","source":"OpenStreetMap","source_detail":"osm way 1214537851","source_tile":"174/382","surface_inferred":true},"geometry":{"type":"LineString","coordinates":[[-118.50445,41.31576],[-118.50437,41.31569],[-118.50428,41.31563],[-118.50417,41.31556],[-118.50406,41.31549]]}},{"type":"Feature","properties":{"name":"(unnamed public road)","road_class":"track","source":"OpenStreetMap","source_detail":"osm way 1214537852","source_tile":"174/382","surface_inferred":true},"geometry":{"type":"LineString","coordinates":[[-118.50445,41.31576],[-118.50457,41.31551]]}},{"type":"Feature","properties":{"name":"(unnamed public road)","road_class":"track","source":"OpenStreetMap","source_detail":"osm way 1214537853","source_tile":"174/382","surface_inferred":true},"geometry":{"type":"LineString","coordinates":[[-118.50445,41.31815],[-118.50446,41.31801],[-118.50445,41.31795],[-118.50444,41.31789],[-118.50442,41.31781],[-118.5044,41.31774],[-118.50428,41.31744],[-118.50425,41.31733],[-118.50423,41.31723],[-118.50422,41.31715],[-118.50421,41.31707],[-118.50421,41.31699],[-118.50422,41.31692],[-118.50425,41.31685],[-118.5044,41.31631],[-118.50443,41.31621],[-118.50445,41.31611],[-118.50446,41.31599],[-118.50446,41.31593],[-118.50446,41.31587],[-118.50446,41.31581],[-118.50445,41.31576]]}},{"type":"Feature","properties":{"name":"(unnamed public road)","road_class":"track","surface":"unpaved","source":"OpenStreetMap","source_detail":"osm way 1265046884","source_tile":"174/382"},"geometry":{"type":"LineString","coordinates":[[-118.80375,41.46639],[-118.80377,41.46619],[-118.8038,41.466],[-118.80384,41.46581],[-118.80389,41.46561],[-118.80396,41.46541],[-118.80403,41.46521],[-118.80412,41.46501],[-118.80419,41.46481],[-118.80426,41.4646],[-118.80432,41.4644],[-118.80433,41.46428],[-118.80435,41.46416],[-118.80438,41.46407],[-118.80442,41.46397],[-118.80446,41.46388],[-118.80451,41.46376],[-118.80454,41.46364],[-118.80457,41.46351],[-118.8046,41.46341],[-118.80463,41.4633],[-118.80468,41.4632],[-118.80475,41.46303],[-118.80481,41.46285],[-118.80486,41.46267],[-118.8049,41.46248],[-118.80494,41.46229],[-118.80495,41.46204],[-118.80498,41.4618],[-118.80501,41.46158],[-118.80505,41.46137],[-118.80506,41.46132],[-118.80507,41.46128],[-118.8051,41.46123],[-118.80512,41.46119],[-118.80515,41.46115],[-118.80519,41.4611],[-118.80522,41.46104],[-118.80525,41.46098],[-118.80528,41.4609],[-118.80529,41.46081],[-118.80529,41.46073],[-118.8053,41.46064],[-118.80532,41.46056],[-118.80546,41.46032],[-118.80548,41.46025],[-118.8055,41.46018],[-118.8055,41.4601],[-118.8055,41.45992],[-118.8055,41.45975]]}},{"type":"Feature","properties":{"name":"(unnamed public road)","road_class":"track","surface":"unpaved","source":"OpenStreetMap","source_detail":"osm way 1272679621","source_tile":"174/382"},"geometry":{"type":"LineString","coordinates":[[-118.74902,41.48035],[-118.74921,41.48032],[-118.7494,41.48033],[-118.74985,41.48031],[-118.75109,41.4803],[-118.75164,41.4803],[-118.75253,41.48031],[-118.75436,41.48028],[-118.75537,41.48026],[-118.7579,41.48025],[-118.76123,41.48021],[-118.76212,41.48022],[-118.76293,41.48024],[-118.76342,41.48024],[-118.76385,41.48025],[-118.76541,41.48025],[-118.76568,41.48025],[-118.76705,41.48022],[-118.76841,41.48018],[-118.76927,41.48019],[-118.77041,41.48017],[-118.77222,41.48017],[-118.77306,41.48016],[-118.77503,41.48017],[-118.77637,41.48016],[-118.77746,41.48016],[-118.77875,41.48016],[-118.77975,41.48015],[-118.78161,41.48015],[-118.78355,41.48016],[-118.78396,41.48016],[-118.78421,41.48018],[-118.78438,41.48019],[-118.78457,41.4802],[-118.78478,41.48021]]}}]}