{"type":"FeatureCollection","features":[{"type":"Feature","properties":{"name":"(unnamed public road)","road_class":"track","surface":"unpaved","source":"Caltrans All Roads + OpenStreetMap explicit surface","source_detail":"osm way 10714769; Caltrans All Roads public-network geometry match","source_tile":"174/407","public_network_source":"Caltrans All Roads (ARNOLD/HPMS)","surface_source":"OpenStreetMap explicit surface tag","caltrans_match_coverage":1.0,"verified_length_m":1685},"geometry":{"type":"LineString","coordinates":[[-118.76069,34.45336],[-118.76082,34.45332],[-118.76087,34.45328],[-118.76098,34.45331],[-118.76104,34.45334],[-118.76116,34.45341],[-118.76131,34.4535],[-118.76139,34.45357],[-118.76151,34.45364],[-118.76166,34.45372],[-118.76174,34.45381],[-118.76203,34.45404],[-118.7623,34.45425],[-118.76237,34.45442],[-118.76241,34.4545],[-118.76243,34.45463],[-118.76245,34.45468],[-118.76247,34.45475],[-118.76248,34.45483],[-118.76251,34.45515],[-118.76248,34.45546],[-118.76241,34.45574],[-118.76236,34.45582],[-118.76237,34.45587],[-118.76245,34.45604],[-118.76257,34.45625],[-118.76266,34.45637],[-118.76275,34.45651],[-118.76292,34.4567],[-118.76301,34.45676],[-118.76333,34.45695],[-118.76339,34.45699],[-118.76347,34.45708],[-118.7635,34.45713],[-118.76352,34.4572],[-118.76353,34.45728],[-118.76352,34.45739],[-118.76355,34.4579],[-118.76352,34.45798],[-118.7635,34.45808],[-118.76351,34.45816],[-118.76355,34.45825],[-118.76357,34.45831],[-118.76361,34.45836],[-118.76366,34.4584],[-118.76372,34.45842],[-118.76384,34.45846],[-118.76394,34.45848],[-118.76402,34.4585],[-118.76429,34.45852],[-118.76442,34.45853],[-118.7645,34.45855],[-118.76458,34.45857],[-118.76472,34.45863],[-118.76481,34.45868],[-118.7649,34.45873],[-118.76498,34.45876],[-118.76507,34.45879],[-118.76519,34.45881],[-118.76531,34.45882],[-118.76568,34.45882],[-118.76605,34.4588],[-118.76621,34.45879],[-118.7665,34.4588],[-118.76658,34.45881],[-118.76664,34.45884],[-118.76698,34.45907],[-118.76704,34.45912],[-118.76707,34.45916],[-118.76709,34.4592],[-118.7671,34.45929],[-118.76713,34.45932],[-118.76765,34.4595],[-118.76802,34.45975],[-118.7681,34.45979],[-118.76817,34.45985],[-118.7682,34.45992],[-118.76821,34.46],[-118.76822,34.46007],[-118.76839,34.46046],[-118.76842,34.4605],[-118.76848,34.46057],[-118.76859,34.46071],[-118.76874,34.46088],[-118.76885,34.46099],[-118.76897,34.46108],[-118.76908,34.46113],[-118.76919,34.46117],[-118.76927,34.46123],[-118.76934,34.4613],[-118.76941,34.46141],[-118.76944,34.46149],[-118.76945,34.46158],[-118.76947,34.46165],[-118.76951,34.4617],[-118.76957,34.46173],[-118.76965,34.46174],[-118.76973,34.46174],[-118.76988,34.46175],[-118.76994,34.46176],[-118.76998,34.46178],[-118.77004,34.46184],[-118.77009,34.4619],[-118.77014,34.46201],[-118.77016,34.46206],[-118.77019,34.46211],[-118.77036,34.46231],[-118.77042,34.46235],[-118.77051,34.46237],[-118.77061,34.4624],[-118.77079,34.46245],[-118.77088,34.46247],[-118.77094,34.46249],[-118.77105,34.46256],[-118.77113,34.4626],[-118.7712,34.46263],[-118.77128,34.46263],[-118.77137,34.46263],[-118.77146,34.46264],[-118.77196,34.46275]]}},{"type":"Feature","properties":{"name":"(unnamed public road)","road_class":"track","surface":"ground","source":"Caltrans All Roads + OpenStreetMap explicit surface","source_detail":"osm way 10724028; Caltrans All Roads public-network geometry match","source_tile":"174/407","public_network_source":"Caltrans All Roads (ARNOLD/HPMS)","surface_source":"OpenStreetMap explicit surface tag","caltrans_match_coverage":1.0,"verified_length_m":603},"geometry":{"type":"LineString","coordinates":[[-118.77961,34.41014],[-118.77965,34.40998],[-118.77964,34.40982],[-118.77966,34.40974],[-118.77988,34.40884],[-118.78014,34.40777],[-118.78035,34.40691],[-118.78034,34.40686],[-118.7804,34.40659],[-118.78045,34.40643],[-118.78052,34.40622],[-118.78074,34.40518],[-118.78074,34.40514],[-118.78073,34.4051],[-118.78069,34.40503],[-118.78053,34.40483]]}},{"type":"Feature","properties":{"name":"Sharp Rch","road_class":"track","surface":"unpaved","tracktype":"grade2","source":"Caltrans All Roads + OpenStreetMap explicit surface","source_detail":"osm way 10735559; Caltrans All Roads public-network geometry match","source_tile":"174/407","public_network_source":"Caltrans All Roads (ARNOLD/HPMS)","surface_source":"OpenStreetMap explicit surface tag","caltrans_match_coverage":1.0,"verified_length_m":1235},"geometry":{"type":"LineString","coordinates":[[-118.73085,34.41494],[-118.7308,34.41498],[-118.73075,34.41504],[-118.73068,34.41509],[-118.73058,34.41512],[-118.73047,34.41513],[-118.73016,34.41515],[-118.72986,34.41518],[-118.72967,34.41519],[-118.72952,34.41518],[-118.72934,34.41516],[-118.72899,34.41511],[-118.72887,34.41509],[-118.72883,34.4151],[-118.7288,34.41512],[-118.7288,34.41515],[-118.72884,34.41519],[-118.72894,34.41524],[-118.72902,34.41528],[-118.7291,34.41532],[-118.72926,34.41543],[-118.72934,34.41548],[-118.72948,34.41557],[-118.72956,34.4156],[-118.72968,34.41563],[-118.72974,34.41566],[-118.72977,34.4157],[-118.72977,34.41573],[-118.72976,34.41577],[-118.72973,34.4158],[-118.72968,34.41582],[-118.72962,34.41583],[-118.72956,34.41583],[-118.72942,34.41582],[-118.72932,34.4158],[-118.72889,34.41566],[-118.72881,34.41564],[-118.72872,34.41563],[-118.72854,34.41564],[-118.72846,34.41565],[-118.72839,34.41566],[-118.72833,34.41568],[-118.72813,34.41577],[-118.72793,34.41587],[-118.72771,34.41595],[-118.7275,34.41604],[-118.72746,34.41603],[-118.72744,34.41601],[-118.72742,34.41598],[-118.72742,34.41595],[-118.72743,34.41592],[-118.72744,34.4159],[-118.72749,34.41586],[-118.72766,34.41576],[-118.7277,34.41573],[-118.72771,34.4157],[-118.72772,34.41568],[-118.72771,34.41564],[-118.72762,34.41552],[-118.72756,34.41545],[-118.7275,34.41538],[-118.72744,34.41525],[-118.72743,34.41521],[-118.72743,34.41516],[-118.72743,34.41512],[-118.72746,34.41506],[-118.72758,34.41488],[-118.72764,34.41475],[-118.72766,34.41469],[-118.72767,34.41459],[-118.72766,34.41443],[-118.72764,34.41437],[-118.72758,34.41425],[-118.72745,34.4141],[-118.72742,34.41406],[-118.7274,34.41401],[-118.72739,34.41398],[-118.72738,34.41393],[-118.72738,34.41388],[-118.72737,34.41383],[-118.72736,34.4138],[-118.7273,34.41374],[-118.72704,34.4135],[-118.72701,34.41346],[-118.72699,34.41341],[-118.72698,34.41336],[-118.72698,34.41329],[-118.72699,34.41325],[-118.72701,34.41321],[-118.72708,34.41314],[-118.72711,34.41311],[-118.72714,34.41306],[-118.72716,34.41302],[-118.72716,34.41296],[-118.72716,34.41289],[-118.72714,34.41278],[-118.72711,34.41273],[-118.72705,34.41264],[-118.72703,34.41259],[-118.72703,34.41255],[-118.72703,34.41251],[-118.72704,34.41247],[-118.7272,34.41228],[-118.72723,34.41223],[-118.72724,34.41217],[-118.72725,34.41206],[-118.72725,34.41166],[-118.72725,34.41162],[-118.72727,34.41157],[-118.72741,34.41135],[-118.72741,34.41132],[-118.7274,34.41118],[-118.72737,34.41112],[-118.72734,34.41108],[-118.72732,34.41102],[-118.7273,34.4109],[-118.72732,34.41082],[-118.7275,34.41039]]}},{"type":"Feature","properties":{"name":"Lime Canyon","road_class":"track","surface":"unpaved","source":"Caltrans All Roads + OpenStreetMap explicit surface","source_detail":"osm way 10735869; Caltrans All Roads public-network geometry match","source_tile":"174/407","public_network_source":"Caltrans All Roads (ARNOLD/HPMS)","surface_source":"OpenStreetMap explicit surface tag","caltrans_match_coverage":1.0,"verified_length_m":1856},"geometry":{"type":"LineString","coordinates":[[-118.78503,34.46862],[-118.78515,34.4686],[-118.78525,34.46857],[-118.78535,34.46852],[-118.78548,34.46839],[-118.78556,34.46832],[-118.78562,34.46819],[-118.78567,34.46798],[-118.78571,34.46774],[-118.78579,34.46754],[-118.78597,34.46742],[-118.7862,34.46722],[-118.78656,34.46688],[-118.78676,34.46686],[-118.78689,34.46687],[-118.78697,34.46685],[-118.78699,34.46681],[-118.78698,34.46676],[-118.78695,34.46674],[-118.78657,34.46669],[-118.7864,34.46666],[-118.78628,34.46671],[-118.78619,34.46677],[-118.78611,34.46678],[-118.786,34.46682],[-118.78582,34.46694],[-118.78573,34.46695],[-118.78568,34.46692],[-118.7856,34.46672],[-118.78566,34.4665],[-118.78566,34.46644],[-118.78564,34.4664],[-118.7856,34.46632],[-118.78549,34.4662],[-118.7854,34.46613],[-118.78532,34.46608],[-118.78526,34.46601],[-118.78519,34.46582],[-118.78508,34.46558],[-118.78498,34.46541],[-118.78492,34.4653],[-118.78483,34.46512],[-118.7847,34.46494],[-118.78459,34.46478],[-118.78454,34.46456],[-118.78449,34.46405],[-118.78451,34.46376],[-118.78459,34.46348],[-118.78454,34.46343],[-118.78449,34.4634],[-118.78444,34.46345],[-118.78433,34.46352],[-118.78423,34.46359],[-118.78417,34.46367],[-118.7841,34.46378],[-118.78403,34.46383],[-118.78396,34.46386],[-118.78387,34.46389],[-118.7838,34.46393],[-118.78374,34.46399],[-118.7837,34.46403],[-118.78365,34.46404],[-118.78359,34.46404],[-118.7835,34.46404],[-118.7834,34.46399],[-118.7833,34.46396],[-118.78321,34.46391],[-118.78311,34.46387],[-118.78296,34.46383],[-118.78261,34.46375],[-118.78253,34.46371],[-118.78249,34.46366],[-118.78245,34.46361],[-118.78244,34.46354],[-118.78245,34.46345],[-118.78247,34.4634],[-118.7825,34.46335],[-118.78252,34.46328],[-118.78254,34.46322],[-118.78257,34.46306],[-118.78258,34.46302],[-118.78258,34.46297],[-118.78257,34.46292],[-118.78247,34.46287],[-118.78238,34.46285],[-118.78228,34.46282],[-118.7822,34.46279],[-118.78209,34.46272],[-118.78203,34.46266],[-118.78195,34.46259],[-118.78187,34.46252],[-118.78175,34.46246],[-118.7817,34.46241],[-118.78158,34.46236],[-118.78153,34.46232],[-118.78148,34.46224],[-118.78141,34.46212],[-118.78138,34.46207],[-118.78135,34.46203],[-118.78128,34.46199],[-118.78125,34.46199],[-118.7812,34.46197],[-118.78112,34.46195],[-118.78103,34.46195],[-118.7809,34.46196],[-118.78075,34.46197],[-118.78064,34.46199],[-118.78058,34.46201],[-118.78046,34.46203],[-118.78037,34.46203],[-118.78028,34.46203],[-118.78014,34.46199],[-118.78004,34.46194],[-118.77976,34.46174],[-118.77957,34.46165],[-118.77945,34.4616],[-118.77927,34.46154],[-118.77912,34.4615],[-118.77895,34.46147],[-118.7788,34.46145],[-118.77874,34.46144],[-118.77866,34.46145],[-118.7786,34.46149],[-118.77852,34.46155],[-118.77829,34.4614],[-118.77822,34.46137],[-118.77814,34.46137],[-118.77803,34.4614],[-118.77796,34.46144],[-118.7779,34.46149],[-118.77777,34.46156],[-118.77765,34.46158],[-118.77747,34.46158],[-118.7774,34.46159],[-118.77715,34.46166],[-118.77707,34.46168],[-118.77702,34.46166],[-118.77692,34.46165],[-118.77687,34.46168],[-118.77682,34.46173],[-118.77679,34.46178],[-118.77677,34.46183],[-118.77676,34.46187],[-118.77677,34.46192],[-118.77679,34.46198],[-118.77681,34.46203],[-118.77688,34.46209],[-118.777,34.46212],[-118.77714,34.46216],[-118.77717,34.46222]]}},{"type":"Feature","properties":{"name":"Lime Canyon","road_class":"track","surface":"unpaved","source":"Caltrans All Roads + OpenStreetMap explicit surface","source_detail":"osm way 10735870; Caltrans All Roads public-network geometry match","source_tile":"174/407","public_network_source":"Caltrans All Roads (ARNOLD/HPMS)","surface_source":"OpenStreetMap explicit surface tag","caltrans_match_coverage":1.0,"verified_length_m":1132},"geometry":{"type":"LineString","coordinates":[[-118.77413,34.46086],[-118.77405,34.46086],[-118.77401,34.46086],[-118.77396,34.46089],[-118.77391,34.46091],[-118.77387,34.46093],[-118.77382,34.46096],[-118.77376,34.46097],[-118.7737,34.46099],[-118.77364,34.461],[-118.77359,34.46101],[-118.77348,34.46102],[-118.77339,34.461],[-118.77332,34.46096],[-118.77326,34.46079],[-118.77324,34.46072],[-118.77322,34.46062],[-118.7732,34.46059],[-118.77314,34.46057],[-118.77301,34.46053],[-118.77269,34.46041],[-118.77234,34.46026],[-118.77195,34.46009],[-118.77178,34.46004],[-118.77175,34.46002],[-118.77171,34.45998],[-118.77166,34.45993],[-118.77161,34.45989],[-118.77156,34.45987],[-118.77111,34.45981],[-118.77104,34.45979],[-118.77097,34.45976],[-118.77086,34.45971],[-118.77081,34.45969],[-118.77068,34.45965],[-118.77057,34.4596],[-118.77051,34.4596],[-118.77045,34.4596],[-118.77038,34.45961],[-118.77029,34.45965],[-118.77025,34.45965],[-118.7702,34.45964],[-118.77016,34.45961],[-118.77002,34.45949],[-118.76992,34.45941],[-118.76988,34.45938],[-118.76984,34.45936],[-118.76971,34.45931],[-118.76968,34.45928],[-118.76966,34.45925],[-118.76963,34.45913],[-118.76961,34.45908],[-118.76958,34.45904],[-118.76954,34.459],[-118.76949,34.45897],[-118.76925,34.45883],[-118.76912,34.45877],[-118.76905,34.45871],[-118.76903,34.45866],[-118.76903,34.45861],[-118.769,34.45825],[-118.76903,34.45818],[-118.76904,34.45813],[-118.76903,34.4581],[-118.76899,34.45805],[-118.76894,34.45803],[-118.76885,34.45803],[-118.76873,34.45804],[-118.76864,34.45806],[-118.76854,34.4581],[-118.76845,34.45815],[-118.76827,34.45826],[-118.76819,34.45829],[-118.76812,34.4583],[-118.76806,34.4583],[-118.76802,34.45829],[-118.76797,34.45826],[-118.76791,34.45818],[-118.76787,34.45813],[-118.76782,34.45806],[-118.76778,34.45801],[-118.76774,34.45797],[-118.76769,34.45795],[-118.76765,34.45794],[-118.76757,34.45794],[-118.76751,34.45794],[-118.76744,34.45796],[-118.76737,34.45798],[-118.76728,34.458],[-118.76721,34.45801],[-118.76714,34.45801],[-118.76706,34.45801],[-118.76702,34.45801],[-118.76686,34.45804],[-118.76677,34.45805],[-118.7667,34.45804],[-118.76661,34.45803],[-118.76653,34.45802],[-118.76648,34.45801],[-118.76643,34.45801],[-118.76638,34.458],[-118.76633,34.45801],[-118.76628,34.45803],[-118.76625,34.45805],[-118.76615,34.45813],[-118.7661,34.45815],[-118.76604,34.45816],[-118.76598,34.45816],[-118.76593,34.45816],[-118.76588,34.45813],[-118.76581,34.45804],[-118.76577,34.45795],[-118.76574,34.45789],[-118.76572,34.45786],[-118.76569,34.45782],[-118.76565,34.45777],[-118.7656,34.45775],[-118.76554,34.45773],[-118.76548,34.45773],[-118.76533,34.45776],[-118.76518,34.45781],[-118.76503,34.45784],[-118.76495,34.45785],[-118.76489,34.45785],[-118.76484,34.45784],[-118.76479,34.45782],[-118.76475,34.45778],[-118.76473,34.45773],[-118.76474,34.45768],[-118.76475,34.45763],[-118.76475,34.45758]]}},{"type":"Feature","properties":{"name":"Lime Canyon","road_class":"track","surface":"unpaved","source":"Caltrans All Roads + OpenStreetMap explicit surface","source_detail":"osm way 10735871; Caltrans All Roads public-network geometry match","source_tile":"174/407","public_network_source":"Caltrans All Roads (ARNOLD/HPMS)","surface_source":"OpenStreetMap explicit surface tag","caltrans_match_coverage":1.0,"verified_length_m":738},"geometry":{"type":"LineString","coordinates":[[-118.78385,34.46882],[-118.78378,34.46884],[-118.78371,34.46894],[-118.78364,34.46902],[-118.78359,34.46913],[-118.78355,34.46923],[-118.78351,34.46931],[-118.78348,34.46937],[-118.78342,34.4694],[-118.78339,34.46945],[-118.78339,34.46954],[-118.78337,34.46963],[-118.78334,34.46969],[-118.78327,34.46974],[-118.78319,34.46977],[-118.78311,34.46976],[-118.78304,34.46975],[-118.78298,34.46975],[-118.7829,34.46978],[-118.78285,34.4698],[-118.78284,34.46988],[-118.78281,34.46993],[-118.78276,34.47002],[-118.78269,34.47005],[-118.78253,34.47013],[-118.78242,34.47018],[-118.78226,34.47032],[-118.78214,34.47039],[-118.782,34.47042],[-118.78188,34.47048],[-118.78183,34.47052],[-118.78181,34.47058],[-118.78177,34.47064],[-118.78173,34.47069],[-118.78161,34.47077],[-118.78155,34.4708],[-118.78149,34.47085],[-118.78149,34.47091],[-118.78149,34.47102],[-118.78155,34.47113],[-118.78162,34.47124],[-118.78165,34.47134],[-118.78166,34.47145],[-118.78167,34.47149],[-118.78176,34.47154],[-118.78187,34.47155],[-118.78198,34.47157],[-118.78213,34.47157],[-118.78224,34.47157],[-118.78235,34.47158],[-118.78242,34.47159],[-118.78248,34.47162],[-118.78254,34.47166],[-118.78262,34.47175],[-118.78278,34.47197],[-118.78286,34.4721],[-118.78295,34.47226],[-118.78304,34.47242],[-118.7831,34.47254],[-118.78319,34.47267],[-118.78339,34.47292],[-118.78345,34.47298],[-118.78352,34.47304],[-118.7836,34.47311],[-118.78362,34.47319],[-118.78364,34.47329],[-118.78366,34.47338],[-118.78371,34.47357]]}},{"type":"Feature","properties":{"name":"East Canyon Trail","road_class":"track","surface":"dirt","tracktype":"grade3","source":"Caltrans All Roads + OpenStreetMap explicit surface","source_detail":"osm way 13262160; Caltrans All Roads public-network geometry match","source_tile":"174/407","public_network_source":"Caltrans All Roads (ARNOLD/HPMS)","surface_source":"OpenStreetMap explicit surface tag","caltrans_match_coverage":1.0,"verified_length_m":2753},"geometry":{"type":"LineString","coordinates":[[-118.54506,34.32988],[-118.54502,34.33006],[-118.54501,34.33018],[-118.54502,34.33025],[-118.54506,34.33031],[-118.5451,34.33034],[-118.5452,34.33036],[-118.54535,34.33042],[-118.54539,34.33046],[-118.5454,34.3305],[-118.5454,34.33057],[-118.54539,34.33065],[-118.54536,34.33088],[-118.5454,34.3313],[-118.54541,34.33145],[-118.54545,34.33155],[-118.5455,34.33161],[-118.54556,34.33165],[-118.54584,34.3318],[-118.5459,34.33187],[-118.54589,34.33196],[-118.5458,34.33209],[-118.54569,34.33225],[-118.54558,34.33245],[-118.54553,34.33272],[-118.5455,34.33285],[-118.5455,34.33295],[-118.54554,34.33308],[-118.54561,34.33319],[-118.54576,34.33346],[-118.54584,34.33355],[-118.546,34.33371],[-118.54608,34.3338],[-118.54611,34.33385],[-118.5461,34.33393],[-118.54605,34.33401],[-118.54599,34.33411],[-118.54597,34.3342],[-118.54601,34.33429],[-118.54605,34.33438],[-118.54606,34.33445],[-118.54606,34.33449],[-118.54604,34.33454],[-118.54601,34.33459],[-118.54597,34.33463],[-118.54589,34.33466],[-118.54573,34.33468],[-118.54559,34.33468],[-118.54544,34.33466],[-118.54521,34.33464],[-118.54515,34.33462],[-118.54474,34.33456],[-118.54432,34.33441],[-118.54403,34.33432],[-118.54384,34.33429],[-118.54374,34.33422],[-118.54358,34.33412],[-118.54352,34.33407],[-118.54346,34.33407],[-118.54339,34.33407],[-118.54331,34.33409],[-118.54329,34.33411],[-118.54327,34.33413],[-118.54326,34.33423],[-118.5433,34.33428],[-118.54343,34.33434],[-118.54373,34.33445],[-118.54397,34.33457],[-118.54403,34.33463],[-118.54406,34.33471],[-118.54417,34.33496],[-118.5442,34.33514],[-118.54427,34.33557],[-118.54433,34.33575],[-118.54433,34.33583],[-118.54433,34.33584],[-118.5443,34.33593],[-118.54433,34.33618],[-118.54432,34.33625],[-118.54431,34.33631],[-118.54432,34.33646],[-118.54436,34.33658],[-118.54446,34.33668],[-118.54463,34.33681],[-118.54469,34.33688],[-118.54468,34.33698],[-118.54462,34.33704],[-118.54442,34.3371],[-118.54431,34.3371],[-118.54409,34.33715],[-118.54386,34.33725],[-118.5438,34.33732],[-118.54378,34.33738],[-118.54379,34.33747],[-118.54383,34.33754],[-118.54416,34.33781],[-118.5442,34.33786],[-118.54417,34.33797],[-118.54412,34.33805],[-118.54411,34.33828],[-118.54424,34.33844],[-118.54426,34.33851],[-118.54424,34.33855],[-118.5442,34.3386],[-118.54412,34.33863],[-118.54404,34.33861],[-118.54399,34.33858],[-118.5439,34.33846],[-118.54383,34.33832],[-118.5438,34.33817],[-118.54376,34.3381],[-118.54369,34.33802],[-118.54349,34.33789],[-118.54323,34.33767],[-118.54298,34.33754],[-118.5426,34.33744],[-118.54239,34.33742],[-118.54223,34.33738],[-118.54203,34.33729],[-118.54189,34.33718],[-118.54182,34.33702],[-118.54163,34.33682],[-118.5415,34.33663],[-118.54144,34.33656],[-118.54139,34.33654],[-118.54133,34.33651],[-118.54121,34.3365],[-118.54109,34.33653],[-118.54104,34.33657],[-118.54101,34.33664],[-118.54102,34.33672],[-118.54108,34.33696],[-118.54117,34.33726],[-118.54122,34.3374],[-118.54128,34.33748],[-118.54136,34.33753],[-118.54152,34.33759],[-118.54174,34.33777],[-118.54181,34.33788],[-118.54186,34.33802],[-118.54187,34.33815],[-118.5417,34.33835],[-118.54162,34.33846],[-118.54161,34.33856],[-118.5416,34.33866],[-118.54152,34.33876],[-118.54122,34.33887],[-118.5411,34.33889],[-118.54095,34.33888],[-118.54045,34.33876],[-118.54036,34.3387],[-118.5403,34.33861],[-118.54026,34.33841],[-118.54021,34.33836],[-118.54011,34.33831],[-118.54001,34.3383],[-118.53995,34.33832],[-118.5399,34.33837],[-118.53987,34.33848],[-118.53986,34.33858],[-118.53997,34.33888],[-118.54001,34.33899],[-118.54005,34.33907],[-118.54013,34.33919],[-118.54015,34.33927],[-118.54013,34.33932],[-118.53997,34.33937],[-118.53987,34.3394],[-118.5398,34.33948],[-118.53977,34.33967],[-118.53979,34.33981],[-118.53985,34.33992],[-118.53995,34.34001],[-118.54007,34.34007],[-118.54019,34.34009],[-118.54035,34.34012],[-118.54041,34.34014],[-118.54046,34.34018],[-118.54048,34.34029],[-118.54052,34.34048],[-118.54065,34.34077],[-118.54073,34.34095],[-118.54093,34.34124]]}},{"type":"Feature","properties":{"name":"Grapevine Motorway","road_class":"track","surface":"unpaved","tracktype":"grade2","source":"Caltrans All Roads + OpenStreetMap explicit surface","source_detail":"osm way 13304182; Caltrans All Roads public-network geometry match","source_tile":"174/407","public_network_source":"Caltrans All Roads (ARNOLD/HPMS)","surface_source":"OpenStreetMap explicit surface tag","caltrans_match_coverage":1.0,"verified_length_m":2063},"geometry":{"type":"LineString","coordinates":[[-118.49444,34.34025],[-118.4943,34.34038],[-118.49424,34.34056],[-118.49422,34.34076],[-118.4941,34.34092],[-118.4939,34.34104],[-118.49373,34.34097],[-118.4936,34.3408],[-118.49347,34.34065],[-118.49322,34.3406],[-118.49305,34.34042],[-118.49286,34.34022],[-118.49275,34.34013],[-118.49264,34.34004],[-118.49247,34.33999],[-118.49222,34.34004],[-118.49189,34.34009],[-118.49173,34.34011],[-118.4917,34.3401],[-118.49163,34.34008],[-118.4916,34.34004],[-118.49155,34.3399],[-118.49155,34.33974],[-118.49158,34.33958],[-118.49157,34.3395],[-118.49153,34.33944],[-118.49138,34.33933],[-118.4911,34.33926],[-118.49102,34.33922],[-118.49095,34.33918],[-118.49091,34.33911],[-118.4909,34.33905],[-118.49091,34.33903],[-118.49094,34.33901],[-118.49099,34.33899],[-118.49103,34.339],[-118.49113,34.33904],[-118.4912,34.33906],[-118.49125,34.33906],[-118.49136,34.33904],[-118.49144,34.33905],[-118.4915,34.33906],[-118.49153,34.33907],[-118.49172,34.33914],[-118.49179,34.33916],[-118.49187,34.33916],[-118.49197,34.33913],[-118.49205,34.33909],[-118.49207,34.33905],[-118.49206,34.33899],[-118.4919,34.33887],[-118.49186,34.33879],[-118.49188,34.33876],[-118.49191,34.33873],[-118.49203,34.33872],[-118.49219,34.33876],[-118.49265,34.33887],[-118.49273,34.33888],[-118.49281,34.33886],[-118.49285,34.33882],[-118.49286,34.33877],[-118.49281,34.33867],[-118.49268,34.33847],[-118.49251,34.33835],[-118.49241,34.33822],[-118.49228,34.33802],[-118.49225,34.33793],[-118.49234,34.33763],[-118.49235,34.33755],[-118.49232,34.33749],[-118.49228,34.33743],[-118.49217,34.33738],[-118.49204,34.33736],[-118.49188,34.33735],[-118.49163,34.33736],[-118.49149,34.33735],[-118.4914,34.33734],[-118.49134,34.33729],[-118.49131,34.33723],[-118.49134,34.33716],[-118.49147,34.33707],[-118.49161,34.33695],[-118.49171,34.33684],[-118.49177,34.33673],[-118.49177,34.33662],[-118.49172,34.3365],[-118.49157,34.33619],[-118.49149,34.33598],[-118.49146,34.33579],[-118.49139,34.33559],[-118.49132,34.33549],[-118.49125,34.33544],[-118.49117,34.33541],[-118.49103,34.33543],[-118.49095,34.33542],[-118.49088,34.33538],[-118.49082,34.33528],[-118.49076,34.33521],[-118.49065,34.33516],[-118.49057,34.33513],[-118.49052,34.33507],[-118.49051,34.33501],[-118.49054,34.33493],[-118.49062,34.33476],[-118.49063,34.33469],[-118.49061,34.33462],[-118.49054,34.33453],[-118.49041,34.33444],[-118.49035,34.33435],[-118.49027,34.33423],[-118.49017,34.3341],[-118.49005,34.33398],[-118.48998,34.33386],[-118.48998,34.33381],[-118.48998,34.33375],[-118.49,34.3337],[-118.49005,34.33365],[-118.49014,34.33357],[-118.4902,34.33355],[-118.49026,34.33354],[-118.4905,34.33356],[-118.49067,34.3336],[-118.49076,34.33361],[-118.49087,34.33357],[-118.49092,34.33353],[-118.49095,34.33347],[-118.49097,34.3334],[-118.49102,34.33332],[-118.4911,34.33325],[-118.49119,34.3332],[-118.49132,34.33314],[-118.49197,34.33299],[-118.49208,34.33293],[-118.49223,34.33279],[-118.49244,34.33266],[-118.49265,34.33252],[-118.49268,34.3325],[-118.49271,34.3325],[-118.49274,34.33251],[-118.49276,34.33253],[-118.49277,34.33256],[-118.49275,34.33259],[-118.49268,34.33265],[-118.49259,34.33269],[-118.49251,34.33276],[-118.49242,34.33284],[-118.49236,34.33292],[-118.49228,34.33304],[-118.4919,34.33335],[-118.49175,34.33349],[-118.49167,34.33355],[-118.49165,34.33359],[-118.49164,34.33362],[-118.49164,34.33365],[-118.49166,34.33367],[-118.49169,34.33368],[-118.49172,34.33368],[-118.49178,34.33366],[-118.49186,34.3336],[-118.49198,34.3335],[-118.49216,34.33338]]}},{"type":"Feature","properties":{"name":"Wayside Canyon Road","road_class":"track","surface":"unpaved","tracktype":"grade3","motor_vehicle":"yes","source":"Caltrans All Roads + OpenStreetMap explicit surface","source_detail":"osm way 13381354; Caltrans All Roads public-network geometry match","source_tile":"174/407","public_network_source":"Caltrans All Roads (ARNOLD/HPMS)","surface_source":"OpenStreetMap explicit surface tag","caltrans_match_coverage":1.0,"verified_length_m":3334},"geometry":{"type":"LineString","coordinates":[[-118.60311,34.47936],[-118.60305,34.47945],[-118.60297,34.47953],[-118.60283,34.47961],[-118.60274,34.4797],[-118.60236,34.48018],[-118.60197,34.4805],[-118.60189,34.48054],[-118.60159,34.48066],[-118.60141,34.48075],[-118.6009,34.48111],[-118.60059,34.48134],[-118.60028,34.48154],[-118.59987,34.48176],[-118.59971,34.4819],[-118.59946,34.48218],[-118.59925,34.48238],[-118.59896,34.48251],[-118.59844,34.48271],[-118.59833,34.48281],[-118.59825,34.48291],[-118.59807,34.48307],[-118.59803,34.48313],[-118.59791,34.48343],[-118.59786,34.48374],[-118.5978,34.48385],[-118.59757,34.48411],[-118.59735,34.48427],[-118.5973,34.48434],[-118.59723,34.48449],[-118.59715,34.48459],[-118.59712,34.48466],[-118.59719,34.485],[-118.59718,34.48508],[-118.59713,34.48515],[-118.59669,34.48545],[-118.59654,34.48551],[-118.59636,34.48556],[-118.59624,34.48562],[-118.59615,34.48568],[-118.5959,34.48603],[-118.59586,34.48612],[-118.5958,34.48633],[-118.59573,34.48649],[-118.59561,34.48665],[-118.59526,34.48718],[-118.59521,34.48724],[-118.59515,34.48728],[-118.59478,34.48743],[-118.59457,34.48756],[-118.59439,34.48774],[-118.59426,34.4878],[-118.59399,34.48779],[-118.5939,34.4878],[-118.5938,34.48784],[-118.59365,34.48798],[-118.59347,34.48823],[-118.59335,34.48836],[-118.59307,34.48858],[-118.59285,34.48879],[-118.59275,34.48886],[-118.59262,34.48891],[-118.59212,34.48904],[-118.59182,34.48917],[-118.591,34.4894],[-118.59084,34.48946],[-118.59063,34.48957],[-118.5905,34.48958],[-118.59026,34.48956],[-118.58994,34.48965],[-118.58981,34.48966],[-118.58899,34.48965],[-118.58838,34.48973],[-118.58825,34.48976],[-118.58814,34.48982],[-118.58807,34.48989],[-118.58792,34.49021],[-118.58783,34.49032],[-118.58758,34.49048],[-118.58748,34.49059],[-118.5874,34.49075],[-118.58718,34.49106],[-118.58706,34.49117],[-118.58696,34.49124],[-118.58683,34.49128],[-118.58666,34.4913],[-118.5865,34.49136],[-118.58601,34.49163],[-118.58578,34.49183],[-118.58553,34.492],[-118.58521,34.49229],[-118.5847,34.49276],[-118.58435,34.49299],[-118.58392,34.49335],[-118.58359,34.49351],[-118.58342,34.49356],[-118.58326,34.49358],[-118.58307,34.49358],[-118.58269,34.4935],[-118.58257,34.49346],[-118.58239,34.49338],[-118.58212,34.49323],[-118.58188,34.49307],[-118.58178,34.49295],[-118.58165,34.49276],[-118.5814,34.49246],[-118.58135,34.49237],[-118.58132,34.49223],[-118.58134,34.4921],[-118.58132,34.49198],[-118.58129,34.49189],[-118.58119,34.49172],[-118.58117,34.49168],[-118.58112,34.49155],[-118.58113,34.49134],[-118.58111,34.49121],[-118.58102,34.49105],[-118.58086,34.49088],[-118.58085,34.49079],[-118.58105,34.49049],[-118.58109,34.49037],[-118.58112,34.49023],[-118.58122,34.48974],[-118.58139,34.48942],[-118.58151,34.48925],[-118.58169,34.48908],[-118.58206,34.48883],[-118.58214,34.48879],[-118.58227,34.48876],[-118.58251,34.48875],[-118.58271,34.48871],[-118.58293,34.48862],[-118.58298,34.48857],[-118.58299,34.48849]]}},{"type":"Feature","properties":{"name":"Elsmere Canyon Road","road_class":"track","surface":"unpaved","tracktype":"grade2","source":"Caltrans All Roads + OpenStreetMap explicit surface","source_detail":"osm way 13464731; Caltrans All Roads public-network geometry match","source_tile":"174/407","public_network_source":"Caltrans All Roads (ARNOLD/HPMS)","surface_source":"OpenStreetMap explicit surface tag","caltrans_match_coverage":0.873,"verified_length_m":2692},"geometry":{"type":"LineString","coordinates":[[-118.49532,34.34524],[-118.49547,34.34527],[-118.49573,34.34527],[-118.49611,34.34509],[-118.49648,34.34502],[-118.49712,34.34492],[-118.49754,34.3449],[-118.4978,34.34474],[-118.498,34.3445],[-118.49809,34.34439],[-118.49813,34.34417],[-118.49823,34.34379],[-118.4983,34.34342],[-118.49829,34.34323],[-118.49821,34.34312],[-118.49791,34.34311],[-118.4977,34.34301],[-118.49754,34.34289],[-118.49737,34.34282],[-118.49721,34.3428],[-118.49691,34.34278],[-118.49656,34.34269],[-118.49603,34.34256],[-118.49559,34.34253],[-118.49544,34.34241],[-118.49519,34.34173],[-118.49512,34.34151],[-118.49505,34.34128],[-118.49503,34.34095],[-118.4949,34.34084],[-118.49476,34.34065],[-118.49468,34.34048],[-118.49444,34.34025],[-118.49435,34.34009],[-118.4942,34.33987],[-118.49414,34.33954],[-118.49402,34.33936],[-118.49397,34.33922],[-118.49401,34.33903],[-118.49404,34.33892],[-118.49413,34.3388],[-118.49427,34.33866],[-118.49439,34.33853],[-118.49454,34.33822],[-118.49471,34.33813],[-118.49474,34.3381],[-118.49476,34.33805],[-118.49473,34.33798],[-118.49462,34.33793],[-118.49452,34.33793],[-118.49441,34.33795],[-118.49431,34.338],[-118.49415,34.33815],[-118.49405,34.33815],[-118.49398,34.33813],[-118.49379,34.33809],[-118.49353,34.33791],[-118.49349,34.33784],[-118.49349,34.33775],[-118.49368,34.3375],[-118.49379,34.33732],[-118.49347,34.33668],[-118.49351,34.33636],[-118.4935,34.33618],[-118.49344,34.3359],[-118.49345,34.33557],[-118.49344,34.33544],[-118.49339,34.33537],[-118.49333,34.33527],[-118.49313,34.33494],[-118.49286,34.33477],[-118.49279,34.33469],[-118.49277,34.33465],[-118.49277,34.3346],[-118.49281,34.33458],[-118.49287,34.33458],[-118.49295,34.33464],[-118.49318,34.33481],[-118.49349,34.33501],[-118.49354,34.33503],[-118.49358,34.33504],[-118.49363,34.33504],[-118.49366,34.33501],[-118.49369,34.33498],[-118.49369,34.33495],[-118.49367,34.33488],[-118.49348,34.33467],[-118.49339,34.33455],[-118.49327,34.33432],[-118.4932,34.33422],[-118.49318,34.33412],[-118.49321,34.334],[-118.49318,34.33385],[-118.49311,34.3337],[-118.49299,34.33363],[-118.49286,34.33357],[-118.49281,34.33355],[-118.49276,34.33354],[-118.49246,34.33353],[-118.49239,34.33354],[-118.49233,34.33357],[-118.49215,34.33375],[-118.49212,34.33377],[-118.49207,34.33378],[-118.49203,34.33379],[-118.492,34.33377],[-118.49195,34.33373],[-118.49194,34.33371],[-118.49195,34.33368],[-118.49198,34.33361],[-118.49205,34.33353],[-118.49216,34.33338],[-118.4923,34.3333],[-118.49263,34.3332],[-118.49287,34.33305],[-118.49306,34.33305],[-118.4932,34.33304],[-118.49327,34.33297],[-118.4933,34.3329],[-118.49332,34.33268],[-118.49337,34.33249],[-118.49342,34.33237],[-118.49343,34.33222],[-118.49338,34.33201],[-118.49344,34.33186],[-118.49352,34.33174],[-118.49358,34.33165],[-118.49365,34.33156],[-118.49369,34.33151],[-118.49371,34.33145],[-118.49371,34.33141],[-118.49371,34.33137],[-118.49366,34.33126],[-118.49361,34.33116],[-118.49361,34.3311],[-118.49361,34.33105],[-118.49369,34.33092],[-118.49375,34.33083],[-118.49379,34.33074],[-118.49381,34.33064],[-118.49381,34.33054],[-118.49379,34.33033],[-118.49376,34.33013],[-118.49375,34.33011],[-118.49373,34.33009],[-118.4937,34.33006],[-118.49367,34.33004],[-118.4935,34.32999]]}},{"type":"Feature","properties":{"name":"(unnamed public road)","road_class":"track","surface":"dirt","tracktype":"grade2","source":"Caltrans All Roads + OpenStreetMap explicit surface","source_detail":"osm way 365584667; Caltrans All Roads public-network geometry match","source_tile":"174/407","public_network_source":"Caltrans All Roads (ARNOLD/HPMS)","surface_source":"OpenStreetMap explicit surface tag","caltrans_match_coverage":1.0,"verified_length_m":1617},"geometry":{"type":"LineString","coordinates":[[-118.69369,34.58272],[-118.69347,34.58293],[-118.69324,34.58298],[-118.69313,34.58299],[-118.69288,34.58293],[-118.69272,34.58284],[-118.69249,34.58254],[-118.69239,34.58241],[-118.69231,34.58221],[-118.69224,34.58204],[-118.69221,34.58197],[-118.69203,34.58184],[-118.69189,34.58187],[-118.69181,34.58191],[-118.69156,34.58208],[-118.69145,34.58217],[-118.69138,34.58226],[-118.69133,34.58233],[-118.69131,34.58247],[-118.69133,34.58259],[-118.69139,34.58289],[-118.69147,34.58309],[-118.69148,34.58323],[-118.69148,34.58338],[-118.69129,34.5844],[-118.69127,34.58466],[-118.69125,34.5848],[-118.69124,34.58495],[-118.69123,34.58512],[-118.69131,34.58516],[-118.69148,34.58523],[-118.69167,34.58523],[-118.69193,34.58516],[-118.69209,34.58505],[-118.69232,34.58493],[-118.69241,34.58484],[-118.69251,34.58474],[-118.69256,34.58467],[-118.6926,34.58462],[-118.69272,34.58461],[-118.69277,34.58465],[-118.69282,34.5847],[-118.69283,34.58477],[-118.69279,34.58486],[-118.69273,34.58494],[-118.69253,34.58518],[-118.69245,34.58531],[-118.69241,34.58539],[-118.69226,34.5857],[-118.69219,34.5858],[-118.69204,34.5859],[-118.69199,34.58593],[-118.69151,34.58636],[-118.69139,34.58644],[-118.69132,34.5865],[-118.69073,34.58674],[-118.6903,34.58701],[-118.69011,34.58709],[-118.69004,34.5871],[-118.68995,34.5871],[-118.68981,34.5871],[-118.6896,34.58713],[-118.68956,34.58715],[-118.68953,34.58723],[-118.68953,34.58729],[-118.68947,34.58762],[-118.68945,34.5878],[-118.68943,34.5879],[-118.68936,34.58801],[-118.68927,34.58806],[-118.68923,34.58809],[-118.68914,34.58809],[-118.68905,34.58809],[-118.68896,34.58808],[-118.68884,34.58804],[-118.68878,34.58803],[-118.68836,34.58805],[-118.68798,34.58807],[-118.6869,34.58827],[-118.68655,34.58828],[-118.68639,34.5883]]}},{"type":"Feature","properties":{"name":"(unnamed public road)","road_class":"track","surface":"dirt","tracktype":"grade3","source":"Caltrans All Roads + OpenStreetMap explicit surface","source_detail":"osm way 365588307; Caltrans All Roads public-network geometry match","source_tile":"174/407","public_network_source":"Caltrans All Roads (ARNOLD/HPMS)","surface_source":"OpenStreetMap explicit surface tag","caltrans_match_coverage":1.0,"verified_length_m":3339},"geometry":{"type":"LineString","coordinates":[[-118.72142,34.58418],[-118.72151,34.58416],[-118.72166,34.58415],[-118.72191,34.5841],[-118.72213,34.58405],[-118.72223,34.58402],[-118.72234,34.584],[-118.72244,34.58399],[-118.72268,34.58396],[-118.72278,34.58396],[-118.72288,34.58397],[-118.72294,34.58399],[-118.72333,34.5843],[-118.72345,34.5844],[-118.72364,34.58456],[-118.72375,34.58461],[-118.72383,34.5847],[-118.72399,34.58493],[-118.72406,34.58502],[-118.72411,34.58508],[-118.72436,34.58531],[-118.72444,34.58539],[-118.7245,34.58547],[-118.72463,34.58566],[-118.72467,34.5857],[-118.72474,34.58576],[-118.72479,34.58577],[-118.72507,34.58579],[-118.72532,34.58579],[-118.72554,34.58581],[-118.72643,34.58602],[-118.7265,34.58605],[-118.72658,34.5861],[-118.72661,34.58614],[-118.72675,34.58626],[-118.72685,34.5863],[-118.72691,34.58633],[-118.727,34.58636],[-118.72703,34.58638],[-118.72706,34.58643],[-118.72707,34.58649],[-118.7271,34.5866],[-118.72713,34.5867],[-118.72713,34.58682],[-118.72705,34.58704],[-118.72705,34.58718],[-118.72709,34.58727],[-118.72735,34.5877],[-118.72742,34.58779],[-118.72749,34.58785],[-118.72753,34.5879],[-118.72766,34.58805],[-118.72781,34.58814],[-118.72788,34.58818],[-118.72792,34.58832],[-118.72803,34.58849],[-118.72809,34.58864],[-118.72813,34.58879],[-118.7282,34.58895],[-118.72831,34.58909],[-118.72841,34.58918],[-118.72847,34.58922],[-118.72853,34.58924],[-118.72866,34.58923],[-118.72875,34.58922],[-118.7288,34.58922],[-118.7289,34.58921],[-118.72896,34.58925],[-118.72899,34.58928],[-118.729,34.58933],[-118.72914,34.58954],[-118.72937,34.58973],[-118.72957,34.58988],[-118.72968,34.58998],[-118.72974,34.59004],[-118.72982,34.59017],[-118.72984,34.59023],[-118.72985,34.59031],[-118.72974,34.59044],[-118.72962,34.59057],[-118.72955,34.59061],[-118.72944,34.59061],[-118.72915,34.59065],[-118.72905,34.59067],[-118.72899,34.5907],[-118.72894,34.59075],[-118.72892,34.59078],[-118.72888,34.59084],[-118.72883,34.59101],[-118.72884,34.59108],[-118.72884,34.59113],[-118.72886,34.59117],[-118.7289,34.59122],[-118.72924,34.59149],[-118.72946,34.59169],[-118.72951,34.59177],[-118.72977,34.5922],[-118.72985,34.59232],[-118.72989,34.59237],[-118.72994,34.59241],[-118.72996,34.59246],[-118.72997,34.59251],[-118.73003,34.5926],[-118.73008,34.59266],[-118.73014,34.59269],[-118.73018,34.59273],[-118.73028,34.59287],[-118.73031,34.59293],[-118.73036,34.59301],[-118.73039,34.59304],[-118.73043,34.59306],[-118.73046,34.59308],[-118.73057,34.5931],[-118.73085,34.59311],[-118.73098,34.59315],[-118.73104,34.59318],[-118.73114,34.5932],[-118.73141,34.5933],[-118.73151,34.59331],[-118.73163,34.59331],[-118.7319,34.59328],[-118.73197,34.59328],[-118.7321,34.59331],[-118.73247,34.59348],[-118.73256,34.5935],[-118.73262,34.59349],[-118.73269,34.59349],[-118.73277,34.59349],[-118.73282,34.5935],[-118.73298,34.59355],[-118.73335,34.59372],[-118.73346,34.59373],[-118.7337,34.59373],[-118.73381,34.59374],[-118.73388,34.59375],[-118.73394,34.59377],[-118.73403,34.59382],[-118.73426,34.59401],[-118.73441,34.59421],[-118.73448,34.59429],[-118.73457,34.5943],[-118.73466,34.5943],[-118.73486,34.59428],[-118.73499,34.59429],[-118.73511,34.59432],[-118.73531,34.59435],[-118.7355,34.59436],[-118.7361,34.59438],[-118.73617,34.59439],[-118.73631,34.59441],[-118.73639,34.59442],[-118.73654,34.59442],[-118.73688,34.59442],[-118.73701,34.5944],[-118.73727,34.59436],[-118.73765,34.59427],[-118.73777,34.59426],[-118.73787,34.59426],[-118.73794,34.59426],[-118.738,34.59426],[-118.7381,34.5942],[-118.73812,34.59413],[-118.73812,34.59408],[-118.73807,34.59395],[-118.73803,34.59391],[-118.73795,34.59385],[-118.73781,34.59373],[-118.73776,34.59367],[-118.73773,34.59363],[-118.73772,34.59358],[-118.73771,34.59355],[-118.73768,34.59352],[-118.73766,34.59349],[-118.73761,34.59347],[-118.73754,34.59347],[-118.73752,34.59346],[-118.73748,34.59344],[-118.73731,34.59332],[-118.73724,34.59329],[-118.73713,34.59328],[-118.73705,34.59329],[-118.73684,34.59341],[-118.73657,34.5936],[-118.73648,34.59364],[-118.73639,34.59365],[-118.73629,34.59366],[-118.73617,34.59365],[-118.73606,34.59358],[-118.73602,34.59353],[-118.73556,34.59301],[-118.73551,34.59298],[-118.73543,34.59292],[-118.73537,34.59291],[-118.73532,34.5929],[-118.73529,34.5929],[-118.73522,34.59289],[-118.73516,34.59289],[-118.73467,34.59307],[-118.73459,34.59308],[-118.73449,34.59309],[-118.73423,34.59306],[-118.73394,34.59295],[-118.73385,34.59291],[-118.7337,34.59281],[-118.73359,34.59273],[-118.73347,34.59267],[-118.7334,34.59265],[-118.73333,34.59265],[-118.73324,34.59264],[-118.7332,34.59263],[-118.73285,34.59254],[-118.7327,34.59252],[-118.73265,34.59252],[-118.73246,34.59252],[-118.73217,34.59258],[-118.73185,34.59257],[-118.73152,34.59257],[-118.73134,34.59262],[-118.73114,34.59266],[-118.73098,34.59266],[-118.73086,34.59264],[-118.73057,34.59254],[-118.73047,34.59248],[-118.73036,34.59242],[-118.73016,34.59222],[-118.73005,34.59211],[-118.72995,34.59202],[-118.72968,34.59177],[-118.72952,34.59168],[-118.72943,34.5916],[-118.72932,34.59152],[-118.72924,34.59149]]}},{"type":"Feature","properties":{"name":"Piru Canyon Road","road_class":"unclassified","surface":"unpaved","source":"Caltrans All Roads + OpenStreetMap explicit surface","source_detail":"osm way 370462463; Caltrans All Roads public-network geometry match","source_tile":"174/407","public_network_source":"Caltrans All Roads (ARNOLD/HPMS)","surface_source":"OpenStreetMap explicit surface tag","caltrans_match_coverage":0.919,"verified_length_m":4302},"geometry":{"type":"LineString","coordinates":[[-118.76191,34.5046],[-118.76193,34.50466],[-118.76195,34.50475],[-118.76191,34.50484],[-118.76186,34.5049],[-118.76179,34.50495],[-118.76172,34.50499],[-118.76161,34.505],[-118.76148,34.505],[-118.76105,34.50493],[-118.76081,34.50489],[-118.76058,34.50483],[-118.76048,34.50479],[-118.76034,34.50472],[-118.76026,34.50469],[-118.76019,34.50469],[-118.76014,34.5047],[-118.76008,34.50474],[-118.76003,34.50479],[-118.75976,34.50504],[-118.75972,34.50509],[-118.7597,34.50515],[-118.7597,34.5052],[-118.7597,34.50527],[-118.75978,34.50551],[-118.75983,34.50558],[-118.75989,34.50564],[-118.75996,34.50567],[-118.76002,34.50569],[-118.76019,34.50574],[-118.76027,34.50578],[-118.76035,34.50585],[-118.7604,34.5059],[-118.76043,34.50596],[-118.76046,34.50602],[-118.76047,34.50609],[-118.76046,34.5062],[-118.76046,34.50626],[-118.76048,34.50632],[-118.76052,34.50646],[-118.76074,34.50682],[-118.76093,34.50704],[-118.76117,34.50725],[-118.76126,34.50733],[-118.76154,34.50755],[-118.76166,34.50763],[-118.76174,34.50766],[-118.76184,34.50768],[-118.76191,34.50768],[-118.76211,34.50766],[-118.76217,34.50764],[-118.76224,34.50762],[-118.76231,34.50759],[-118.76237,34.50756],[-118.76242,34.50752],[-118.76247,34.50748],[-118.76261,34.50736],[-118.76272,34.50726],[-118.76279,34.50724],[-118.76286,34.50723],[-118.76292,34.50724],[-118.76299,34.50726],[-118.76304,34.50731],[-118.76307,34.50736],[-118.76309,34.50744],[-118.76309,34.50753],[-118.76307,34.50761],[-118.76304,34.50766],[-118.76268,34.50822],[-118.76247,34.50848],[-118.76238,34.50861],[-118.7623,34.50877],[-118.76222,34.50887],[-118.76217,34.50891],[-118.76197,34.50902],[-118.76187,34.50909],[-118.76183,34.50913],[-118.76179,34.50918],[-118.76175,34.50924],[-118.76168,34.50939],[-118.76165,34.50953],[-118.76165,34.50958],[-118.76162,34.50967],[-118.7616,34.50971],[-118.76155,34.50979],[-118.76117,34.51017],[-118.7609,34.51042],[-118.76073,34.51064],[-118.76065,34.51075],[-118.76056,34.5109],[-118.76048,34.51111],[-118.76038,34.5113],[-118.76034,34.51145],[-118.76032,34.51155],[-118.76031,34.51158],[-118.7603,34.51162],[-118.7603,34.5117],[-118.76037,34.51186],[-118.76053,34.512],[-118.76063,34.51209],[-118.76098,34.51224],[-118.76124,34.51224],[-118.76143,34.51225],[-118.76157,34.5123],[-118.76177,34.51242],[-118.76182,34.51252],[-118.76182,34.51256],[-118.76179,34.5127],[-118.76172,34.51279],[-118.76164,34.5129],[-118.7615,34.51303],[-118.76134,34.51314],[-118.76116,34.5132],[-118.76098,34.51325],[-118.76077,34.51329],[-118.76052,34.5133],[-118.7603,34.51327],[-118.76006,34.51324],[-118.75948,34.51313],[-118.75891,34.51305],[-118.75874,34.51304],[-118.75837,34.51309],[-118.7581,34.51317],[-118.75801,34.51326],[-118.75798,34.51333],[-118.75799,34.51339],[-118.75801,34.51348],[-118.7581,34.51359],[-118.75824,34.51371],[-118.75844,34.5139],[-118.75858,34.51409],[-118.75871,34.51439],[-118.7588,34.51471],[-118.75881,34.51501],[-118.75884,34.51521],[-118.75889,34.51535],[-118.75896,34.51549],[-118.75907,34.51562],[-118.75912,34.51573],[-118.75913,34.51587],[-118.75906,34.51599],[-118.75893,34.51611],[-118.75879,34.51625],[-118.75873,34.51638],[-118.75874,34.51648],[-118.75878,34.51657],[-118.75899,34.51679],[-118.75911,34.517],[-118.75917,34.51716],[-118.75918,34.51724],[-118.75915,34.51732],[-118.75907,34.5174],[-118.75895,34.51751],[-118.75891,34.51767],[-118.75889,34.51806],[-118.75889,34.51842],[-118.75891,34.51868],[-118.759,34.51894],[-118.75912,34.51933],[-118.75917,34.51948],[-118.75919,34.51952],[-118.75921,34.51961],[-118.75922,34.51965],[-118.75921,34.5197],[-118.75919,34.51979],[-118.75908,34.52004],[-118.75907,34.52014],[-118.75907,34.52021],[-118.7591,34.52027],[-118.75917,34.52038],[-118.75919,34.52044],[-118.7592,34.52051],[-118.75919,34.52057],[-118.75917,34.52063],[-118.75914,34.52068],[-118.75904,34.5208],[-118.75898,34.5209],[-118.75893,34.52101],[-118.75878,34.52146],[-118.75876,34.52159],[-118.75875,34.52172],[-118.75876,34.5218],[-118.75878,34.52188],[-118.75882,34.522],[-118.75888,34.52211],[-118.75902,34.52225],[-118.75906,34.52233],[-118.75909,34.5224],[-118.7591,34.52246],[-118.75911,34.52251],[-118.7591,34.52254],[-118.75908,34.52258],[-118.75903,34.52265],[-118.759,34.52268],[-118.7589,34.52276],[-118.75887,34.52278],[-118.75883,34.5228],[-118.75878,34.5228],[-118.75863,34.52284],[-118.75857,34.52285],[-118.75849,34.52288],[-118.75843,34.52292],[-118.75838,34.52297],[-118.75835,34.523],[-118.75829,34.52312],[-118.75826,34.52328],[-118.75821,34.52339],[-118.75813,34.52355],[-118.75802,34.52371],[-118.75792,34.52387],[-118.75784,34.52428],[-118.7578,34.52453],[-118.7577,34.52492],[-118.75758,34.52547],[-118.75747,34.52586],[-118.75742,34.52603],[-118.75733,34.52626],[-118.75729,34.52652],[-118.75718,34.52704],[-118.75703,34.52754],[-118.75701,34.52764],[-118.757,34.52778],[-118.757,34.5279],[-118.75701,34.52846],[-118.75697,34.52873],[-118.75694,34.52887],[-118.75694,34.52899],[-118.75694,34.52903],[-118.75698,34.52915],[-118.75703,34.52933],[-118.75706,34.52952],[-118.75711,34.52976],[-118.75708,34.52995],[-118.75707,34.53014],[-118.75707,34.53029],[-118.75708,34.53037],[-118.75722,34.53066],[-118.75746,34.531],[-118.75779,34.53128],[-118.7579,34.53153],[-118.75802,34.53185],[-118.75825,34.53225],[-118.75853,34.53276],[-118.75862,34.533],[-118.75862,34.5332],[-118.75857,34.53331]]}},{"type":"Feature","properties":{"name":"Holser Canyon","road_class":"track","surface":"unpaved","source":"Caltrans All Roads + OpenStreetMap explicit surface","source_detail":"osm way 370462466; Caltrans All Roads public-network geometry match","source_tile":"174/407","public_network_source":"Caltrans All Roads (ARNOLD/HPMS)","surface_source":"OpenStreetMap explicit surface tag","caltrans_match_coverage":1.0,"verified_length_m":589},"geometry":{"type":"LineString","coordinates":[[-118.75879,34.43889],[-118.75867,34.43889],[-118.75849,34.43893],[-118.75837,34.43895],[-118.75825,34.43899],[-118.7581,34.43906],[-118.758,34.43916],[-118.75789,34.43929],[-118.75771,34.43952],[-118.75741,34.43994],[-118.75726,34.44014],[-118.75717,34.44024],[-118.75703,34.44044],[-118.75693,34.44055],[-118.75689,34.44058],[-118.75683,34.44059],[-118.75675,34.44059],[-118.75667,34.44057],[-118.75655,34.44053],[-118.75622,34.44044],[-118.75591,34.44035],[-118.75538,34.44014],[-118.75526,34.44012],[-118.75514,34.44013],[-118.75503,34.44016],[-118.75491,34.4402],[-118.75474,34.44027],[-118.75447,34.4404],[-118.75391,34.44062],[-118.75365,34.44065]]}},{"type":"Feature","properties":{"name":"Elsmere Canyon Road","road_class":"track","surface":"unpaved","tracktype":"grade2","source":"Caltrans All Roads + OpenStreetMap explicit surface","source_detail":"osm way 375674474; Caltrans All Roads public-network geometry match","source_tile":"174/407","public_network_source":"Caltrans All Roads (ARNOLD/HPMS)","surface_source":"OpenStreetMap explicit surface tag","caltrans_match_coverage":1.0,"verified_length_m":1707},"geometry":{"type":"LineString","coordinates":[[-118.49611,34.35458],[-118.49619,34.35462],[-118.4963,34.35466],[-118.49659,34.35465],[-118.49675,34.35464],[-118.4969,34.35465],[-118.49707,34.35465],[-118.49711,34.3546],[-118.49705,34.35453],[-118.49686,34.35438],[-118.49634,34.35399],[-118.49631,34.35391],[-118.49638,34.35387],[-118.4965,34.35389],[-118.49675,34.35399],[-118.4969,34.35402],[-118.49703,34.354],[-118.49706,34.3539],[-118.49701,34.35383],[-118.49694,34.35379],[-118.49669,34.35371],[-118.49658,34.3536],[-118.49654,34.35346],[-118.49653,34.35335],[-118.4965,34.35322],[-118.49645,34.35317],[-118.49633,34.35314],[-118.49614,34.35308],[-118.4961,34.353],[-118.4961,34.35278],[-118.49621,34.35264],[-118.49638,34.35255],[-118.49673,34.35244],[-118.49681,34.35233],[-118.49674,34.35213],[-118.49656,34.35184],[-118.4964,34.3517],[-118.4962,34.35161],[-118.49602,34.35152],[-118.49568,34.35144],[-118.49556,34.35133],[-118.49545,34.35109],[-118.4953,34.3509],[-118.49532,34.35077],[-118.49541,34.3507],[-118.49565,34.35058],[-118.49578,34.35047],[-118.49594,34.35039],[-118.49616,34.35031],[-118.49621,34.35023],[-118.49624,34.35015],[-118.49622,34.35009],[-118.49616,34.35002],[-118.49584,34.34986],[-118.49574,34.34977],[-118.49572,34.34966],[-118.49576,34.34944],[-118.49578,34.34934],[-118.49575,34.34923],[-118.49569,34.34916],[-118.49563,34.34911],[-118.49552,34.3491],[-118.49544,34.34914],[-118.49533,34.3492],[-118.49524,34.34921],[-118.49515,34.34915],[-118.49508,34.34908],[-118.495,34.34904],[-118.49491,34.349],[-118.49473,34.349],[-118.4946,34.34904],[-118.49449,34.34914],[-118.49438,34.34914],[-118.49432,34.34913],[-118.49425,34.34908],[-118.49401,34.34878],[-118.49402,34.34847],[-118.49406,34.34836],[-118.49413,34.34828],[-118.49425,34.34816],[-118.49437,34.34794],[-118.49439,34.3479],[-118.49445,34.34759],[-118.49443,34.34736],[-118.49435,34.34717],[-118.49434,34.34697],[-118.49439,34.34666],[-118.49447,34.34644],[-118.49451,34.34624],[-118.49451,34.34606],[-118.49443,34.34583],[-118.49433,34.34575],[-118.49423,34.34563],[-118.49423,34.34559],[-118.49424,34.34556],[-118.49426,34.34553],[-118.49433,34.3455],[-118.49442,34.3455],[-118.49457,34.34553],[-118.49462,34.34553],[-118.49466,34.34551],[-118.49472,34.34548],[-118.49476,34.34543],[-118.49485,34.34532],[-118.49505,34.3452],[-118.49519,34.34521],[-118.49522,34.34522]]}},{"type":"Feature","properties":{"name":"Tapia Canyon Road","road_class":"unclassified","surface":"unpaved","source":"Caltrans All Roads + OpenStreetMap explicit surface","source_detail":"osm way 392315948; Caltrans All Roads public-network geometry match","source_tile":"174/407","public_network_source":"Caltrans All Roads (ARNOLD/HPMS)","surface_source":"OpenStreetMap explicit surface tag","caltrans_match_coverage":1.0,"verified_length_m":5349},"geometry":{"type":"LineString","coordinates":[[-118.60379,34.47921],[-118.60358,34.47926],[-118.60331,34.47935],[-118.60311,34.47936],[-118.60294,34.4793],[-118.60292,34.47929],[-118.60281,34.47925],[-118.60261,34.47922],[-118.60202,34.47918],[-118.60163,34.4791],[-118.60151,34.47908],[-118.60134,34.47906],[-118.60118,34.47912],[-118.60083,34.47922],[-118.60039,34.47935],[-118.60027,34.47942],[-118.59989,34.47964],[-118.59951,34.47977],[-118.59917,34.4798],[-118.59875,34.47982],[-118.59806,34.47994],[-118.59749,34.48002],[-118.59651,34.48016],[-118.59581,34.48024],[-118.59548,34.48018],[-118.59522,34.48008],[-118.59496,34.48008],[-118.59445,34.48018],[-118.59389,34.48027],[-118.59344,34.48033],[-118.59336,34.48034],[-118.59305,34.48037],[-118.59273,34.48038],[-118.59244,34.48039],[-118.59221,34.48045],[-118.59193,34.48055],[-118.59138,34.48077],[-118.59116,34.48079],[-118.59075,34.48077],[-118.59043,34.48082],[-118.58994,34.48101],[-118.58964,34.48137],[-118.58937,34.48152],[-118.58921,34.48164],[-118.58912,34.48179],[-118.58906,34.48191],[-118.58903,34.48219],[-118.58897,34.48242],[-118.58879,34.48266],[-118.58861,34.48273],[-118.58837,34.48281],[-118.58821,34.48283],[-118.58789,34.48283],[-118.58759,34.48279],[-118.58738,34.48279],[-118.58719,34.48289],[-118.58705,34.48313],[-118.58695,34.48325],[-118.58677,34.48342],[-118.58644,34.48354],[-118.58616,34.48363],[-118.58602,34.48375],[-118.58598,34.48378],[-118.58585,34.48388],[-118.58569,34.48392],[-118.5856,34.48393],[-118.58519,34.48397],[-118.58494,34.48399],[-118.5847,34.48396],[-118.5846,34.484],[-118.58454,34.48418],[-118.58446,34.48435],[-118.58445,34.48438],[-118.58432,34.48445],[-118.58414,34.48443],[-118.5839,34.48431],[-118.5836,34.48429],[-118.58338,34.48432],[-118.58304,34.48429],[-118.58289,34.48426],[-118.58262,34.48427],[-118.5825,34.48438],[-118.58245,34.48443],[-118.58214,34.48463],[-118.58189,34.48472],[-118.58161,34.48483],[-118.58136,34.48495],[-118.58127,34.48513],[-118.5812,34.48521],[-118.58106,34.48532],[-118.58094,34.48543],[-118.58069,34.48565],[-118.5803,34.48594],[-118.57987,34.48645],[-118.57947,34.48677],[-118.57909,34.48714],[-118.57862,34.48745],[-118.57825,34.48763],[-118.57783,34.48804],[-118.57765,34.48815],[-118.57732,34.48822],[-118.57716,34.48832],[-118.57694,34.48865],[-118.57666,34.48874],[-118.57641,34.4889],[-118.5764,34.4891],[-118.57641,34.48925],[-118.57634,34.4894],[-118.57619,34.48954],[-118.57589,34.48963],[-118.57549,34.4897],[-118.57512,34.4899],[-118.57495,34.49014],[-118.57483,34.49042],[-118.57441,34.49085],[-118.57371,34.49179],[-118.57317,34.49254],[-118.57286,34.49305],[-118.57264,34.4933],[-118.57233,34.49351],[-118.57213,34.49379],[-118.57202,34.49405],[-118.57193,34.49443],[-118.5714,34.49483],[-118.57102,34.49541],[-118.5706,34.49634],[-118.57046,34.49657],[-118.57006,34.49725],[-118.56972,34.4978],[-118.56934,34.49791],[-118.56918,34.49794],[-118.56885,34.498],[-118.56838,34.49799],[-118.568,34.49793],[-118.56741,34.49749],[-118.56699,34.49718],[-118.56664,34.49685],[-118.56618,34.49663],[-118.56588,34.49662],[-118.56566,34.49669],[-118.56537,34.4968],[-118.56507,34.49684],[-118.56497,34.49699],[-118.5648,34.49721],[-118.56451,34.49728],[-118.56419,34.49721],[-118.56376,34.49714],[-118.56336,34.49697],[-118.56286,34.49673],[-118.56261,34.49654],[-118.56241,34.49643],[-118.56217,34.49644],[-118.56203,34.49648],[-118.56194,34.49654],[-118.5618,34.49683],[-118.56178,34.49713],[-118.56132,34.49783],[-118.56119,34.49807],[-118.56098,34.49813],[-118.56041,34.49803],[-118.56006,34.49795],[-118.55962,34.49786]]}},{"type":"Feature","properties":{"name":"Charlie Canyon Road","road_class":"track","surface":"gravel","tracktype":"grade2","source":"Caltrans All Roads + OpenStreetMap explicit surface","source_detail":"osm way 392318278; Caltrans All Roads public-network geometry match","source_tile":"174/407","public_network_source":"Caltrans All Roads (ARNOLD/HPMS)","surface_source":"OpenStreetMap explicit surface tag","caltrans_match_coverage":1.0,"verified_length_m":996},"geometry":{"type":"LineString","coordinates":[[-118.59946,34.48897],[-118.59891,34.48909],[-118.59836,34.48937],[-118.59775,34.4896],[-118.59717,34.48972],[-118.59671,34.48991],[-118.59618,34.49023],[-118.59513,34.49105],[-118.59438,34.49182],[-118.59383,34.49207],[-118.59287,34.49291],[-118.59241,34.49313],[-118.59204,34.49336],[-118.59171,34.4936],[-118.59147,34.49376],[-118.59117,34.49391],[-118.59093,34.49402],[-118.59079,34.49412]]}},{"type":"Feature","properties":{"name":"(unnamed public road)","road_class":"track","surface":"compacted","tracktype":"grade2","source":"Caltrans All Roads + OpenStreetMap explicit surface","source_detail":"osm way 463922989; Caltrans All Roads public-network geometry match","source_tile":"174/407","public_network_source":"Caltrans All Roads (ARNOLD/HPMS)","surface_source":"OpenStreetMap explicit surface tag","caltrans_match_coverage":0.925,"verified_length_m":858},"geometry":{"type":"LineString","coordinates":[[-118.71524,34.40457],[-118.71473,34.40436],[-118.71426,34.40409],[-118.71403,34.40397],[-118.71383,34.40389],[-118.71164,34.40328],[-118.71006,34.40285],[-118.7093,34.40266],[-118.70899,34.40262],[-118.70876,34.4026],[-118.70851,34.40258],[-118.70823,34.40257],[-118.70781,34.40256],[-118.70726,34.4026],[-118.70685,34.40267],[-118.7064,34.4028]]}},{"type":"Feature","properties":{"name":"San Francisquito Motorway","road_class":"track","surface":"dirt","source":"Caltrans All Roads + OpenStreetMap explicit surface","source_detail":"osm way 509135504; Caltrans All Roads public-network geometry match","source_tile":"174/407","public_network_source":"Caltrans All Roads (ARNOLD/HPMS)","surface_source":"OpenStreetMap explicit surface tag","caltrans_match_coverage":1.0,"verified_length_m":10057},"geometry":{"type":"LineString","coordinates":[[-118.53032,34.55642],[-118.53027,34.55628],[-118.53019,34.55613],[-118.53003,34.55593],[-118.52985,34.55585],[-118.52946,34.55578],[-118.52929,34.55575],[-118.52925,34.55573],[-118.52922,34.55569],[-118.5292,34.55566],[-118.52909,34.55534],[-118.52903,34.55526],[-118.52895,34.55516],[-118.52889,34.55512],[-118.52876,34.55507],[-118.52869,34.55503],[-118.52861,34.55496],[-118.52857,34.55493],[-118.52854,34.55491],[-118.52851,34.5549],[-118.52847,34.5549],[-118.52842,34.55491],[-118.52833,34.55493],[-118.52831,34.55494],[-118.52828,34.55495],[-118.52825,34.55494],[-118.52822,34.55493],[-118.5282,34.55492],[-118.52819,34.55489],[-118.52819,34.55487],[-118.52817,34.55478],[-118.52816,34.55466],[-118.52813,34.55458],[-118.52803,34.55446],[-118.52798,34.55443],[-118.52791,34.55442],[-118.52785,34.55442],[-118.52779,34.55444],[-118.52774,34.55447],[-118.52767,34.55452],[-118.52764,34.55454],[-118.5276,34.55455],[-118.52756,34.55454],[-118.52753,34.55453],[-118.5275,34.55451],[-118.52748,34.55448],[-118.52745,34.55439],[-118.52739,34.55418],[-118.52736,34.55411],[-118.52725,34.55392],[-118.52721,34.55389],[-118.52717,34.55388],[-118.52712,34.55387],[-118.52707,34.55388],[-118.52703,34.5539],[-118.52699,34.55393],[-118.52685,34.55408],[-118.5268,34.5541],[-118.52674,34.5541],[-118.52659,34.55411],[-118.52651,34.55412],[-118.52639,34.55414],[-118.5263,34.55413],[-118.52619,34.55409],[-118.52604,34.55403],[-118.52589,34.55399],[-118.52581,34.55394],[-118.52551,34.55373],[-118.52549,34.55372],[-118.52548,34.55369],[-118.52548,34.55367],[-118.52548,34.55364],[-118.5255,34.55362],[-118.52552,34.55361],[-118.52555,34.5536],[-118.52558,34.5536],[-118.5257,34.55359],[-118.52587,34.55357],[-118.52605,34.55351],[-118.5262,34.55341],[-118.5263,34.55329],[-118.52641,34.55311],[-118.52656,34.55285],[-118.52658,34.55282],[-118.52661,34.5528],[-118.52664,34.55279],[-118.52667,34.55279],[-118.52671,34.55279],[-118.52716,34.55282],[-118.52722,34.55282],[-118.52728,34.5528],[-118.5274,34.55275],[-118.52746,34.55275],[-118.52752,34.55275],[-118.52757,34.55278],[-118.52774,34.55288],[-118.52781,34.55289],[-118.52789,34.55289],[-118.52796,34.55287],[-118.52814,34.55279],[-118.52823,34.55277],[-118.52853,34.55272],[-118.52867,34.55268],[-118.5288,34.55262],[-118.52896,34.55256],[-118.5291,34.55252],[-118.52929,34.55244],[-118.52948,34.55231],[-118.52977,34.55212],[-118.52989,34.55199],[-118.52995,34.55184],[-118.52998,34.55162],[-118.52998,34.55147],[-118.52995,34.55132],[-118.52985,34.55104],[-118.52984,34.55101],[-118.52985,34.55097],[-118.52987,34.55093],[-118.5299,34.5509],[-118.5301,34.55084],[-118.53016,34.55081],[-118.53021,34.55076],[-118.53024,34.5507],[-118.53026,34.55051],[-118.53026,34.55047],[-118.53028,34.55043],[-118.53031,34.5504],[-118.53036,34.55038],[-118.53041,34.55037],[-118.53053,34.55037],[-118.5306,34.55036],[-118.53068,34.55033],[-118.53074,34.55028],[-118.53082,34.55023],[-118.53093,34.5502],[-118.53105,34.55018],[-118.53125,34.55009],[-118.53134,34.55003],[-118.5314,34.54995],[-118.53144,34.54987],[-118.53143,34.54979],[-118.53135,34.54926],[-118.5313,34.54913],[-118.53122,34.54902],[-118.53107,34.54887],[-118.53103,34.54879],[-118.53099,34.54864],[-118.53099,34.54861],[-118.531,34.54858],[-118.53102,34.54855],[-118.53105,34.54853],[-118.53109,34.54852],[-118.53113,34.54853],[-118.53144,34.54852],[-118.53154,34.5485],[-118.53164,34.54846],[-118.53195,34.54833],[-118.53209,34.54824],[-118.53223,34.54821],[-118.53252,34.54817],[-118.53256,34.54817],[-118.53259,34.54815],[-118.53261,34.54813],[-118.53263,34.5481],[-118.53263,34.54807],[-118.53267,34.54792],[-118.53274,34.54783],[-118.5328,34.54775],[-118.53281,34.54771],[-118.53282,34.54767],[-118.53281,34.54763],[-118.53278,34.5476],[-118.53269,34.54747],[-118.53266,34.54739],[-118.5326,34.5472],[-118.53251,34.547],[-118.53251,34.54692],[-118.5325,34.54667],[-118.53247,34.54657],[-118.5324,34.54646],[-118.53228,34.54631],[-118.53226,34.54621],[-118.53228,34.54611],[-118.53233,34.54601],[-118.53243,34.54593],[-118.53293,34.54571],[-118.53309,34.54556],[-118.5332,34.54538],[-118.53329,34.54515],[-118.5333,34.54508],[-118.53329,34.54501],[-118.53325,34.54495],[-118.53311,34.54466],[-118.53288,34.54432],[-118.53285,34.54428],[-118.53284,34.54424],[-118.53284,34.54419],[-118.53287,34.54414],[-118.5329,34.54411],[-118.53312,34.54404],[-118.53322,34.54404],[-118.53337,34.54405],[-118.53342,34.54404],[-118.53347,34.54402],[-118.53351,34.54399],[-118.53354,34.54395],[-118.5336,34.54375],[-118.53366,34.54365],[-118.53368,34.54363],[-118.53371,34.54361],[-118.53375,34.54361],[-118.53379,34.54361],[-118.53382,34.54362],[-118.53425,34.54385],[-118.5345,34.54403],[-118.53472,34.54412],[-118.53495,34.54415],[-118.5354,34.54415],[-118.53552,34.54412],[-118.53568,34.54404],[-118.53585,34.5439],[-118.53613,34.54376],[-118.53639,34.54366],[-118.53658,34.54365],[-118.53671,34.54364],[-118.53687,34.54361],[-118.53729,34.54355],[-118.5374,34.54357],[-118.53749,34.54361],[-118.53784,34.54392],[-118.53789,34.54395],[-118.53794,34.54397],[-118.53799,34.54397],[-118.53804,34.54395],[-118.53808,34.54393],[-118.53811,34.54389],[-118.53812,34.54385],[-118.53811,34.54381],[-118.53796,34.54363],[-118.53785,34.5435],[-118.53779,34.54346],[-118.53773,34.54343],[-118.5375,34.54334],[-118.53747,34.54332],[-118.53745,34.5433],[-118.53743,34.54328],[-118.53743,34.54326],[-118.53743,34.54323],[-118.53745,34.54321],[-118.53765,34.54297],[-118.5377,34.54293],[-118.53776,34.54291],[-118.53783,34.54289],[-118.5379,34.54289],[-118.538,34.54291],[-118.53812,34.5429],[-118.53817,34.54288],[-118.53821,34.54286],[-118.53824,34.54282],[-118.53825,34.54278],[-118.53826,34.54271],[-118.53827,34.54267],[-118.5383,34.54264],[-118.53834,34.54262],[-118.53848,34.54255],[-118.53852,34.54252],[-118.53854,34.54248],[-118.53855,34.54244],[-118.53859,34.54227],[-118.53864,34.54221],[-118.53872,34.54216],[-118.53879,34.54214],[-118.53886,34.54213],[-118.53893,34.54213],[-118.5393,34.54221],[-118.53936,34.54223],[-118.53942,34.54223],[-118.53947,34.54222],[-118.53952,34.54219],[-118.53955,34.54215],[-118.53957,34.54211],[-118.53953,34.54203],[-118.53941,34.54187],[-118.53939,34.54184],[-118.53937,34.54183],[-118.53934,34.54182],[-118.53931,34.54182],[-118.53928,34.54183],[-118.53907,34.54189],[-118.539,34.5419],[-118.53894,34.5419],[-118.53877,34.5419],[-118.53868,34.54192],[-118.53851,34.54198],[-118.53837,34.542],[-118.53827,34.54199],[-118.53816,34.542],[-118.53806,34.54203],[-118.53776,34.54217],[-118.53768,34.54219],[-118.5376,34.54219],[-118.53752,34.54217],[-118.53741,34.54213],[-118.53733,34.54211],[-118.53725,34.54211],[-118.53717,34.54213],[-118.537,34.54217],[-118.53691,34.54217],[-118.53674,34.54216],[-118.53636,34.54209],[-118.53632,34.54208],[-118.53628,34.54206],[-118.53626,34.54202],[-118.53625,34.54199],[-118.53625,34.54195],[-118.53627,34.54192],[-118.53648,34.54166],[-118.53666,34.54146],[-118.53679,34.54136],[-118.53685,34.54125],[-118.5369,34.54115],[-118.53691,34.54104],[-118.53685,34.5408],[-118.53675,34.54045],[-118.53676,34.5404],[-118.53679,34.54035],[-118.53684,34.54032],[-118.5369,34.54029],[-118.53733,34.54022],[-118.53737,34.5402],[-118.5374,34.54018],[-118.53743,34.54015],[-118.53744,34.54012],[-118.53743,34.54008],[-118.53742,34.54005],[-118.53739,34.54002],[-118.53735,34.54],[-118.53719,34.53991],[-118.53715,34.53986],[-118.53712,34.53979],[-118.53712,34.53972],[-118.53715,34.53966],[-118.53743,34.53947],[-118.53753,34.53944],[-118.53764,34.53943],[-118.53786,34.53942],[-118.53793,34.53939],[-118.53799,34.53934],[-118.53803,34.53928],[-118.5381,34.5391],[-118.53811,34.53872],[-118.53814,34.53867],[-118.53818,34.53863],[-118.53824,34.5386],[-118.5383,34.53859],[-118.53844,34.53859],[-118.53854,34.53856],[-118.53867,34.53847],[-118.53869,34.53844],[-118.5387,34.53841],[-118.5387,34.53837],[-118.53868,34.53834],[-118.53865,34.53832],[-118.53861,34.5383],[-118.53856,34.5383],[-118.53819,34.53828],[-118.53812,34.53829],[-118.53801,34.53834],[-118.53795,34.53835],[-118.53789,34.53834],[-118.53783,34.53832],[-118.53779,34.53828],[-118.53776,34.53824],[-118.53772,34.53813],[-118.53772,34.53802],[-118.53776,34.53791],[-118.53795,34.53765],[-118.53799,34.53758],[-118.53801,34.53751],[-118.538,34.53743],[-118.53797,34.53718],[-118.5379,34.53699],[-118.5379,34.53691],[-118.53793,34.53683],[-118.53802,34.53674],[-118.53821,34.53656],[-118.53823,34.53651],[-118.53824,34.53645],[-118.53827,34.53635],[-118.53833,34.53626],[-118.53842,34.53618],[-118.5386,34.5361],[-118.53884,34.53606],[-118.53918,34.53605],[-118.53927,34.53604],[-118.53935,34.53601],[-118.53945,34.53597],[-118.53954,34.53595],[-118.53977,34.53593],[-118.53991,34.53588],[-118.5401,34.53578],[-118.54034,34.53562],[-118.54081,34.5354],[-118.54084,34.53539],[-118.54085,34.53536],[-118.54086,34.53534],[-118.54086,34.53531],[-118.54084,34.53529],[-118.54082,34.53527],[-118.54079,34.53526],[-118.54076,34.53526],[-118.54042,34.53527],[-118.54014,34.53521],[-118.53963,34.53518],[-118.53939,34.5351],[-118.53932,34.53503],[-118.53917,34.53488],[-118.53899,34.53477],[-118.53892,34.53464],[-118.53894,34.53453],[-118.53904,34.53435],[-118.53913,34.53428],[-118.53943,34.53412],[-118.53962,34.53406],[-118.53981,34.53402],[-118.53989,34.53397],[-118.53997,34.53389],[-118.54009,34.53372],[-118.54015,34.53367],[-118.54022,34.53364],[-118.5403,34.53363],[-118.54038,34.53363],[-118.54059,34.53367],[-118.54065,34.53367],[-118.5407,34.53366],[-118.54075,34.53364],[-118.54079,34.5336],[-118.54081,34.53356],[-118.54083,34.53343],[-118.54083,34.53341],[-118.54085,34.53339],[-118.54087,34.53338],[-118.5409,34.53337],[-118.54092,34.53337],[-118.54112,34.53333],[-118.54118,34.5333],[-118.54123,34.53327],[-118.54138,34.53317],[-118.54146,34.53314],[-118.54155,34.53312],[-118.54182,34.5331],[-118.54187,34.53308],[-118.5419,34.53306],[-118.54193,34.53302],[-118.54194,34.53299],[-118.54194,34.53295],[-118.54192,34.53291],[-118.54182,34.53274],[-118.54169,34.53254],[-118.5417,34.53239],[-118.54175,34.53226],[-118.54176,34.53217],[-118.54166,34.53197],[-118.54163,34.53195],[-118.54159,34.53193],[-118.54155,34.53193],[-118.54151,34.53193],[-118.54147,34.53194],[-118.54117,34.53202],[-118.54112,34.53202],[-118.54107,34.53202],[-118.54102,34.532],[-118.54099,34.53197],[-118.54096,34.53193],[-118.54095,34.53189],[-118.54096,34.53185],[-118.54103,34.53149],[-118.54103,34.5314],[-118.541,34.53133],[-118.54093,34.53127],[-118.54085,34.53122],[-118.54076,34.53121],[-118.5404,34.53114],[-118.54034,34.53111],[-118.54028,34.53107],[-118.54024,34.53102],[-118.54022,34.53097],[-118.54017,34.53083],[-118.54011,34.53073],[-118.54,34.53061],[-118.54019,34.53038],[-118.54039,34.53024],[-118.54066,34.53008],[-118.54069,34.53006],[-118.5407,34.53002],[-118.5407,34.52999],[-118.54069,34.52995],[-118.54066,34.52992],[-118.54062,34.5299],[-118.54038,34.52985],[-118.54004,34.52984],[-118.53983,34.52977],[-118.5396,34.52968],[-118.53931,34.52959],[-118.53898,34.52951],[-118.53893,34.52947],[-118.5389,34.52941],[-118.53889,34.52935],[-118.5389,34.52929],[-118.53913,34.52896],[-118.53922,34.52888],[-118.53939,34.5288],[-118.53949,34.52871],[-118.53961,34.5285],[-118.5397,34.5284],[-118.5398,34.52835],[-118.54005,34.52829],[-118.54011,34.52825],[-118.54016,34.5282],[-118.54018,34.52814],[-118.54027,34.52802],[-118.54051,34.52782],[-118.54054,34.52778],[-118.54056,34.52772],[-118.54056,34.52767],[-118.54054,34.52762],[-118.5405,34.52757],[-118.5404,34.5274],[-118.5404,34.52735],[-118.54041,34.5273],[-118.54044,34.52725],[-118.54049,34.52721],[-118.54055,34.52719],[-118.54061,34.52718],[-118.54072,34.52716],[-118.54133,34.52722],[-118.54139,34.52723],[-118.54145,34.52721],[-118.5415,34.52719],[-118.54153,34.52715],[-118.54156,34.52711],[-118.54171,34.52688],[-118.54193,34.52665],[-118.54198,34.52657],[-118.54204,34.52639],[-118.54206,34.52633],[-118.54211,34.52628],[-118.54217,34.52625],[-118.54259,34.52613],[-118.54265,34.52611],[-118.54271,34.52612],[-118.54277,34.52613],[-118.54282,34.52616],[-118.54286,34.5262],[-118.54303,34.52639],[-118.54313,34.52644],[-118.54328,34.5265],[-118.54342,34.52662],[-118.54345,34.52665],[-118.54349,34.52667],[-118.54354,34.52668],[-118.54358,34.52667],[-118.54362,34.52665],[-118.54365,34.52663],[-118.54367,34.5266],[-118.54372,34.52652],[-118.54373,34.52647],[-118.54373,34.52643],[-118.5437,34.52639],[-118.54367,34.52636],[-118.54354,34.52623],[-118.54352,34.52618],[-118.54352,34.52611],[-118.54354,34.52606],[-118.5437,34.52591],[-118.54383,34.52583],[-118.544,34.52576],[-118.54404,34.52575],[-118.54407,34.52572],[-118.54409,34.52569],[-118.5441,34.52565],[-118.5441,34.52562],[-118.54408,34.52558],[-118.54391,34.52538],[-118.54384,34.5253],[-118.54366,34.52521],[-118.54361,34.52518],[-118.54358,34.52514],[-118.54356,34.52509],[-118.54357,34.52504],[-118.54365,34.52487],[-118.54368,34.52468],[-118.54372,34.52448],[-118.54375,34.52417],[-118.54372,34.52403],[-118.54364,34.52391],[-118.54352,34.52381],[-118.54331,34.52372],[-118.54314,34.52366],[-118.54295,34.52357],[-118.54275,34.52341],[-118.54271,34.52336],[-118.54269,34.52332],[-118.54268,34.52326],[-118.54269,34.52314],[-118.54269,34.52311],[-118.54268,34.52308],[-118.54266,34.52306],[-118.54263,34.52305],[-118.5426,34.52304],[-118.54256,34.52305],[-118.54253,34.52306],[-118.54243,34.5231],[-118.54238,34.52311],[-118.54233,34.52311],[-118.54228,34.5231],[-118.54212,34.523],[-118.54204,34.52296],[-118.54196,34.52294],[-118.54187,34.52294],[-118.54173,34.52294],[-118.54165,34.52293],[-118.54158,34.52289],[-118.54152,34.52284],[-118.5415,34.52275],[-118.54152,34.52266],[-118.5416,34.52244],[-118.5416,34.52231],[-118.54154,34.52221],[-118.5415,34.52214],[-118.54148,34.5221],[-118.54148,34.52206],[-118.5415,34.52202],[-118.54153,34.52199],[-118.54168,34.52189],[-118.54179,34.52181],[-118.54189,34.52176],[-118.54229,34.52161],[-118.54245,34.52155],[-118.54253,34.52149],[-118.54261,34.52143],[-118.54266,34.5214],[-118.54272,34.52138],[-118.54278,34.52138],[-118.54298,34.52141],[-118.54301,34.52141],[-118.54305,34.5214],[-118.54308,34.52138],[-118.5431,34.52136],[-118.5431,34.52133],[-118.5431,34.5213],[-118.54309,34.52127],[-118.54297,34.5212],[-118.54271,34.52109],[-118.54264,34.52103],[-118.54258,34.52089],[-118.54254,34.52083],[-118.54242,34.52074],[-118.54239,34.52064],[-118.54249,34.52031],[-118.54252,34.52027],[-118.54257,34.52024],[-118.54263,34.52023],[-118.54278,34.52017],[-118.54286,34.52012],[-118.54307,34.51995],[-118.54314,34.51986],[-118.5432,34.51969],[-118.54321,34.5195],[-118.54323,34.51941],[-118.54333,34.51932],[-118.54338,34.51926],[-118.54342,34.51917],[-118.54348,34.51909],[-118.54361,34.51902],[-118.54384,34.51892],[-118.54403,34.51887],[-118.54406,34.51886],[-118.54409,34.51884],[-118.54411,34.51882],[-118.54411,34.51879],[-118.54411,34.51876],[-118.54409,34.51873],[-118.54407,34.51871],[-118.54396,34.51861],[-118.5437,34.51837],[-118.54364,34.51829],[-118.54357,34.51808],[-118.54352,34.518],[-118.54333,34.51783],[-118.54326,34.51773],[-118.54322,34.51761],[-118.54323,34.5175],[-118.5433,34.51728],[-118.54343,34.51707],[-118.54368,34.5168],[-118.54389,34.51652],[-118.54414,34.51629],[-118.54431,34.51616],[-118.54445,34.51609],[-118.5445,34.51606],[-118.54453,34.51602],[-118.54455,34.51597],[-118.54454,34.51592],[-118.54453,34.51576],[-118.54455,34.51567],[-118.54459,34.51559],[-118.54496,34.51499],[-118.54506,34.51488],[-118.54512,34.51479],[-118.5453,34.51442],[-118.54534,34.51437],[-118.54538,34.51433],[-118.54566,34.51409],[-118.54599,34.51387],[-118.54645,34.51358],[-118.54669,34.5134],[-118.5468,34.51335],[-118.54703,34.51326],[-118.54714,34.51321],[-118.54719,34.51315],[-118.54724,34.51306],[-118.54755,34.51237],[-118.54768,34.51214],[-118.54774,34.51194],[-118.54783,34.5117],[-118.54793,34.5115],[-118.54796,34.51135],[-118.54802,34.51103],[-118.54812,34.51079],[-118.54825,34.51058],[-118.54827,34.5105],[-118.54828,34.51043],[-118.54829,34.51022],[-118.54834,34.51012],[-118.54843,34.51002],[-118.54852,34.50998],[-118.54869,34.50994],[-118.54913,34.50982],[-118.54934,34.50972],[-118.54955,34.50958],[-118.5497,34.50939],[-118.54973,34.50922],[-118.54969,34.50904],[-118.54971,34.50889],[-118.54979,34.50878],[-118.54987,34.5087],[-118.54991,34.50848],[-118.54986,34.50826],[-118.54977,34.508],[-118.54961,34.50781],[-118.54972,34.5076],[-118.54989,34.50736],[-118.54984,34.50697],[-118.54973,34.50638],[-118.54986,34.5061],[-118.5501,34.5059],[-118.55057,34.50552],[-118.5509,34.50531],[-118.55115,34.50514],[-118.55156,34.50456],[-118.55176,34.50441],[-118.55183,34.50414],[-118.55183,34.50369],[-118.55178,34.5034],[-118.55164,34.50315]]}},{"type":"Feature","properties":{"name":"North Hog Farm Rd.","road_class":"track","surface":"unpaved","tracktype":"grade3","source":"Caltrans All Roads + OpenStreetMap explicit surface","source_detail":"osm way 509771635; Caltrans All Roads public-network geometry match","source_tile":"174/407","public_network_source":"Caltrans All Roads (ARNOLD/HPMS)","surface_source":"OpenStreetMap explicit surface tag","caltrans_match_coverage":1.0,"verified_length_m":704},"geometry":{"type":"LineString","coordinates":[[-118.59344,34.48033],[-118.59354,34.48019],[-118.59369,34.48009],[-118.59388,34.47987],[-118.59404,34.47968],[-118.59422,34.47955],[-118.59443,34.47948],[-118.59466,34.47944],[-118.59478,34.4794],[-118.59476,34.4793],[-118.59465,34.47926],[-118.59446,34.47923],[-118.59392,34.47925],[-118.59358,34.47923],[-118.59322,34.47909],[-118.59303,34.47899],[-118.59301,34.47887],[-118.59312,34.47862],[-118.59324,34.47843],[-118.59336,34.47824],[-118.59371,34.478],[-118.5939,34.47786],[-118.59396,34.47774],[-118.59392,34.47761],[-118.59384,34.47747],[-118.5938,34.47731],[-118.59381,34.47718],[-118.59378,34.47704],[-118.59371,34.47688],[-118.59364,34.47668],[-118.59358,34.47649],[-118.59357,34.47637],[-118.59354,34.47625],[-118.59352,34.47616],[-118.59346,34.4761]]}},{"type":"Feature","properties":{"name":"Charlie Canyon Road","road_class":"track","surface":"unpaved","tracktype":"grade2","source":"Caltrans All Roads + OpenStreetMap explicit surface","source_detail":"osm way 715591326; Caltrans All Roads public-network geometry match","source_tile":"174/407","public_network_source":"Caltrans All Roads (ARNOLD/HPMS)","surface_source":"OpenStreetMap explicit surface tag","caltrans_match_coverage":1.0,"verified_length_m":3884},"geometry":{"type":"LineString","coordinates":[[-118.59079,34.49412],[-118.59071,34.49424],[-118.59052,34.49455],[-118.59022,34.49472],[-118.58971,34.49494],[-118.58924,34.49523],[-118.5889,34.49575],[-118.58881,34.49589],[-118.58871,34.49596],[-118.58819,34.49607],[-118.58788,34.49613],[-118.58766,34.49625],[-118.58757,34.49633],[-118.5869,34.49694],[-118.58651,34.49736],[-118.58636,34.49744],[-118.58611,34.49746],[-118.58593,34.49751],[-118.58589,34.49763],[-118.58605,34.49794],[-118.58603,34.49805],[-118.58596,34.49816],[-118.58577,34.49824],[-118.58556,34.49828],[-118.58517,34.49839],[-118.58478,34.49862],[-118.58454,34.49892],[-118.58424,34.4992],[-118.58395,34.49939],[-118.58397,34.49956],[-118.58416,34.49972],[-118.58425,34.49987],[-118.58418,34.5001],[-118.58405,34.5003],[-118.58356,34.50047],[-118.58292,34.50085],[-118.58251,34.50106],[-118.58209,34.50132],[-118.58184,34.50138],[-118.58158,34.50138],[-118.5814,34.50143],[-118.58125,34.5015],[-118.5809,34.50176],[-118.58041,34.50196],[-118.58026,34.50209],[-118.58005,34.50228],[-118.57978,34.50242],[-118.57951,34.50247],[-118.57929,34.50248],[-118.57907,34.50244],[-118.57847,34.50211],[-118.57817,34.50208],[-118.57775,34.50236],[-118.57758,34.50241],[-118.57746,34.50237],[-118.57746,34.5022],[-118.57754,34.50205],[-118.57757,34.50187],[-118.5775,34.50165],[-118.57734,34.50155],[-118.57718,34.50157],[-118.57674,34.50173],[-118.57622,34.50175],[-118.57591,34.502],[-118.5756,34.50203],[-118.57546,34.50217],[-118.5751,34.50221],[-118.57495,34.50215],[-118.57478,34.5022],[-118.57435,34.50232],[-118.57422,34.50247],[-118.5741,34.5026],[-118.57365,34.50282],[-118.57323,34.50275],[-118.57284,34.50279],[-118.57269,34.5029],[-118.57255,34.5031],[-118.57255,34.50328],[-118.57242,34.50335],[-118.57222,34.50342],[-118.57216,34.50354],[-118.57205,34.50357],[-118.57065,34.50327],[-118.57052,34.50343],[-118.57016,34.5036],[-118.56985,34.50369],[-118.56896,34.50371],[-118.56876,34.50372],[-118.56878,34.5039],[-118.56893,34.50407],[-118.56895,34.50419],[-118.56888,34.50467],[-118.56824,34.50575],[-118.56818,34.50617],[-118.56819,34.50639],[-118.5685,34.5068],[-118.56857,34.507],[-118.56861,34.50721],[-118.56857,34.50739],[-118.56851,34.50741],[-118.5684,34.50741],[-118.56825,34.5074],[-118.56818,34.5074],[-118.56801,34.50762],[-118.56775,34.50766],[-118.56753,34.50791],[-118.5676,34.50823],[-118.56778,34.50835],[-118.568,34.50843],[-118.56814,34.50845],[-118.56835,34.50841],[-118.5685,34.50833],[-118.5687,34.50829],[-118.569,34.50828],[-118.56919,34.50832],[-118.56944,34.50884],[-118.56972,34.50909],[-118.57012,34.50921],[-118.57028,34.50915],[-118.57037,34.50895],[-118.57041,34.50879],[-118.57046,34.50868],[-118.5705,34.5086],[-118.57091,34.50855],[-118.571,34.50846],[-118.57156,34.5077],[-118.57158,34.50755]]}},{"type":"Feature","properties":{"name":"Piru Canyon Road","road_class":"unclassified","surface":"unpaved","source":"Caltrans All Roads + OpenStreetMap explicit surface","source_detail":"osm way 967396028; Caltrans All Roads public-network geometry match","source_tile":"174/407","public_network_source":"Caltrans All Roads (ARNOLD/HPMS)","surface_source":"OpenStreetMap explicit surface tag","caltrans_match_coverage":1.0,"verified_length_m":3214},"geometry":{"type":"LineString","coordinates":[[-118.761,34.48707],[-118.7611,34.48725],[-118.76112,34.48731],[-118.76113,34.48739],[-118.76112,34.4875],[-118.76111,34.48757],[-118.76105,34.48776],[-118.76103,34.48783],[-118.76101,34.48802],[-118.76099,34.48817],[-118.76101,34.48829],[-118.76103,34.48837],[-118.76104,34.48847],[-118.76103,34.48858],[-118.76097,34.48869],[-118.76061,34.4891],[-118.76051,34.48919],[-118.76039,34.48923],[-118.76024,34.48924],[-118.76015,34.48921],[-118.76004,34.48915],[-118.75999,34.48911],[-118.75995,34.48903],[-118.75981,34.48891],[-118.75966,34.48885],[-118.75951,34.48886],[-118.75941,34.48889],[-118.75934,34.48897],[-118.7593,34.48903],[-118.75931,34.48914],[-118.75932,34.4893],[-118.75933,34.48949],[-118.75931,34.48956],[-118.75926,34.48973],[-118.75925,34.48978],[-118.75927,34.48986],[-118.75928,34.48989],[-118.7593,34.48994],[-118.75932,34.49],[-118.75932,34.49004],[-118.75932,34.49009],[-118.7593,34.49012],[-118.75928,34.49017],[-118.75921,34.49026],[-118.75886,34.49064],[-118.75884,34.49068],[-118.75881,34.49074],[-118.75879,34.49085],[-118.75876,34.49101],[-118.75875,34.49105],[-118.75872,34.49109],[-118.7585,34.49129],[-118.75843,34.49139],[-118.75836,34.49153],[-118.75833,34.49165],[-118.75833,34.49171],[-118.75835,34.49175],[-118.75838,34.4918],[-118.75842,34.49184],[-118.75846,34.49186],[-118.75868,34.49199],[-118.7589,34.49215],[-118.759,34.49224],[-118.75904,34.49226],[-118.75912,34.49231],[-118.7594,34.49242],[-118.75954,34.49248],[-118.75971,34.49257],[-118.75978,34.4926],[-118.75997,34.49274],[-118.76009,34.49285],[-118.76024,34.49302],[-118.76031,34.49308],[-118.76058,34.49331],[-118.76065,34.49342],[-118.76067,34.49347],[-118.76067,34.49351],[-118.76067,34.49354],[-118.76066,34.49358],[-118.76065,34.49362],[-118.76062,34.49366],[-118.76057,34.49372],[-118.76052,34.49375],[-118.76048,34.49377],[-118.76043,34.49378],[-118.76038,34.49379],[-118.76033,34.49379],[-118.76026,34.49378],[-118.76019,34.49375],[-118.76003,34.49367],[-118.75978,34.49349],[-118.7597,34.49345],[-118.75964,34.49343],[-118.75958,34.49342],[-118.75953,34.49342],[-118.75949,34.49342],[-118.75944,34.49342],[-118.75927,34.4934],[-118.75917,34.49336],[-118.75904,34.49331],[-118.75899,34.4933],[-118.75891,34.4933],[-118.75847,34.49332],[-118.75841,34.49333],[-118.75837,34.49334],[-118.75833,34.49336],[-118.7582,34.49345],[-118.75815,34.49348],[-118.75783,34.4936],[-118.75777,34.49364],[-118.75773,34.49368],[-118.75769,34.49373],[-118.75762,34.49385],[-118.75759,34.494],[-118.75759,34.49415],[-118.75764,34.49429],[-118.75773,34.49449],[-118.75776,34.49461],[-118.75775,34.49478],[-118.75772,34.495],[-118.75773,34.49579],[-118.7577,34.49599],[-118.75773,34.49616],[-118.75774,34.49622],[-118.75776,34.49626],[-118.75779,34.4963],[-118.75783,34.49633],[-118.75788,34.49637],[-118.75806,34.49645],[-118.75828,34.49651],[-118.75838,34.49653],[-118.75847,34.49655],[-118.75858,34.49659],[-118.75878,34.49663],[-118.75914,34.49679],[-118.75933,34.4969],[-118.75947,34.49702],[-118.75954,34.49713],[-118.75953,34.49719],[-118.75948,34.49726],[-118.75944,34.4973],[-118.75929,34.49739],[-118.75896,34.49758],[-118.75873,34.49778],[-118.75858,34.49788],[-118.75846,34.49795],[-118.75838,34.49798],[-118.75794,34.49813],[-118.75788,34.49816],[-118.75776,34.49823],[-118.75769,34.49829],[-118.75767,34.49833],[-118.75765,34.49837],[-118.75764,34.49842],[-118.75764,34.49849],[-118.75765,34.49856],[-118.75767,34.49862],[-118.75771,34.49866],[-118.75778,34.49872],[-118.75789,34.49877],[-118.75809,34.49885],[-118.75825,34.49892],[-118.75834,34.49898],[-118.75836,34.49901],[-118.75839,34.49904],[-118.7584,34.49908],[-118.7584,34.49912],[-118.75839,34.49915],[-118.75837,34.49918],[-118.75834,34.49921],[-118.7583,34.49923],[-118.75824,34.49925],[-118.75799,34.49932],[-118.75787,34.49936],[-118.75768,34.49944],[-118.75749,34.4995],[-118.75722,34.49955],[-118.75717,34.49958],[-118.75714,34.49961],[-118.75712,34.49966],[-118.7571,34.49972],[-118.75708,34.4998],[-118.75707,34.49986],[-118.75707,34.49992],[-118.75708,34.49998],[-118.75711,34.50003],[-118.75714,34.50007],[-118.7572,34.50013],[-118.75728,34.5002],[-118.75734,34.50024],[-118.75741,34.50028],[-118.75747,34.50028],[-118.75758,34.50028],[-118.75769,34.50029],[-118.75782,34.50035],[-118.75802,34.50052],[-118.75823,34.50065],[-118.75828,34.50067],[-118.75831,34.5007],[-118.75841,34.50074],[-118.75855,34.50084],[-118.75878,34.50095],[-118.75892,34.5011],[-118.75896,34.50113],[-118.75898,34.50115],[-118.75898,34.50119],[-118.75898,34.50122],[-118.75896,34.50125],[-118.75893,34.50129],[-118.7588,34.50142],[-118.7587,34.50149],[-118.75862,34.50153],[-118.7585,34.50154],[-118.7584,34.50154],[-118.75829,34.50152],[-118.7582,34.50152],[-118.75813,34.50153],[-118.75806,34.50154],[-118.75799,34.50157],[-118.75794,34.5016],[-118.75791,34.50165],[-118.75789,34.50171],[-118.75788,34.50177],[-118.75788,34.50183],[-118.75791,34.50189],[-118.75796,34.50193],[-118.75808,34.502],[-118.75817,34.50204],[-118.75857,34.50226],[-118.75866,34.5023],[-118.75877,34.50233],[-118.75891,34.50239],[-118.75912,34.50244],[-118.75932,34.50249],[-118.75955,34.50252],[-118.75994,34.50257],[-118.76004,34.50262],[-118.76014,34.50273],[-118.76022,34.50303],[-118.76023,34.5031],[-118.76026,34.50314],[-118.76049,34.50332],[-118.76055,34.50339],[-118.76067,34.50353],[-118.76075,34.50361],[-118.76082,34.5037],[-118.76097,34.50392],[-118.76101,34.50397],[-118.76108,34.50401],[-118.76118,34.50408],[-118.76148,34.50422],[-118.76164,34.50429],[-118.76174,34.50438],[-118.76181,34.50446],[-118.76189,34.50454]]}},{"type":"Feature","properties":{"name":"Whitaker Peak Road","road_class":"track","surface":"dirt","tracktype":"grade3","source":"Caltrans All Roads + OpenStreetMap explicit surface","source_detail":"osm way 986488219; Caltrans All Roads public-network geometry match","source_tile":"174/407","public_network_source":"Caltrans All Roads (ARNOLD/HPMS)","surface_source":"OpenStreetMap explicit surface tag","caltrans_match_coverage":1.0,"verified_length_m":3398},"geometry":{"type":"LineString","coordinates":[[-118.72687,34.58142],[-118.72741,34.58107],[-118.72757,34.58106],[-118.72775,34.58109],[-118.7279,34.5811],[-118.72808,34.58103],[-118.72829,34.58094],[-118.72847,34.58082],[-118.72854,34.58079],[-118.72861,34.58078],[-118.72875,34.58078],[-118.72891,34.5808],[-118.72904,34.58081],[-118.72921,34.58075],[-118.72931,34.58064],[-118.72938,34.58052],[-118.72946,34.58044],[-118.72953,34.5804],[-118.72974,34.58037],[-118.72979,34.58037],[-118.72992,34.58042],[-118.73006,34.58048],[-118.73012,34.58052],[-118.73017,34.5806],[-118.73023,34.5807],[-118.73026,34.58084],[-118.73035,34.58091],[-118.73041,34.581],[-118.73047,34.58105],[-118.73052,34.58111],[-118.73061,34.58112],[-118.73084,34.58119],[-118.73105,34.58134],[-118.73116,34.58141],[-118.73122,34.58155],[-118.73131,34.5816],[-118.73147,34.58164],[-118.73163,34.58163],[-118.73177,34.58155],[-118.7318,34.58152],[-118.73198,34.58117],[-118.73202,34.58107],[-118.7322,34.58083],[-118.73226,34.58073],[-118.73229,34.58065],[-118.73233,34.58056],[-118.73234,34.58041],[-118.73233,34.58031],[-118.73232,34.5802],[-118.73235,34.58015],[-118.73241,34.58014],[-118.73253,34.58014],[-118.7326,34.58014],[-118.73267,34.58018],[-118.73276,34.58026],[-118.73307,34.58041],[-118.73327,34.58042],[-118.73344,34.58047],[-118.73359,34.5805],[-118.73377,34.58051],[-118.73384,34.58049],[-118.73389,34.58047],[-118.73393,34.58047],[-118.73399,34.58049],[-118.73401,34.58051],[-118.7342,34.58063],[-118.73431,34.58064],[-118.73441,34.58061],[-118.73464,34.58058],[-118.73475,34.58058],[-118.735,34.58052],[-118.73521,34.58049],[-118.73534,34.58045],[-118.73557,34.58037],[-118.73572,34.58033],[-118.73584,34.58026],[-118.73583,34.58022],[-118.73579,34.58017],[-118.73566,34.58012],[-118.73525,34.58001],[-118.73515,34.57997],[-118.73508,34.57992],[-118.73504,34.57989],[-118.735,34.57982],[-118.73492,34.57975],[-118.73478,34.57953],[-118.73477,34.57944],[-118.73472,34.57938],[-118.73464,34.57932],[-118.73456,34.57927],[-118.73448,34.57923],[-118.73441,34.57919],[-118.73436,34.57915],[-118.73435,34.5791],[-118.73434,34.57903],[-118.73443,34.57889],[-118.73442,34.57882],[-118.73438,34.57876],[-118.73436,34.57871],[-118.73436,34.57864],[-118.73437,34.57859],[-118.7344,34.57855],[-118.73446,34.57851],[-118.73478,34.57837],[-118.73487,34.57829],[-118.73491,34.57824],[-118.73491,34.57817],[-118.73472,34.57792],[-118.73465,34.57784],[-118.73459,34.5778],[-118.73452,34.57774],[-118.73449,34.5777],[-118.73447,34.57764],[-118.73448,34.57757],[-118.73451,34.57753],[-118.73451,34.57747],[-118.73447,34.57742],[-118.73438,34.5774],[-118.73429,34.57739],[-118.73423,34.57735],[-118.73417,34.57731],[-118.73416,34.57725],[-118.73417,34.57709],[-118.73415,34.57697],[-118.73419,34.57692],[-118.73423,34.57685],[-118.73426,34.57679],[-118.73428,34.57663],[-118.73431,34.57643],[-118.73432,34.57597],[-118.73435,34.57544],[-118.73438,34.57535],[-118.73441,34.57525],[-118.73454,34.57496],[-118.73461,34.57486],[-118.73466,34.57479],[-118.7347,34.57471],[-118.73473,34.57469],[-118.73487,34.57469],[-118.73519,34.57472],[-118.7354,34.57472],[-118.73549,34.57469],[-118.73564,34.57465],[-118.73575,34.57455],[-118.73595,34.57441],[-118.73634,34.57403],[-118.73644,34.57396],[-118.73668,34.57396],[-118.73688,34.57395],[-118.73694,34.57393],[-118.73716,34.57386],[-118.73739,34.57382],[-118.73755,34.57377],[-118.73764,34.57371],[-118.73769,34.57363],[-118.73773,34.57353],[-118.73781,34.57343],[-118.73788,34.57328],[-118.73797,34.57325],[-118.73806,34.57325],[-118.73815,34.57322],[-118.73822,34.57315],[-118.73826,34.57309],[-118.73841,34.57299],[-118.73848,34.57294],[-118.73849,34.57287],[-118.73846,34.57282],[-118.7381,34.57252],[-118.73807,34.57245],[-118.73807,34.57239],[-118.73811,34.57232],[-118.73852,34.57152],[-118.73865,34.57145],[-118.7387,34.57141],[-118.73878,34.57135],[-118.73885,34.57132],[-118.73892,34.57131],[-118.73899,34.57131],[-118.73906,34.57127],[-118.73914,34.57125],[-118.73925,34.57123],[-118.73938,34.57126],[-118.73944,34.57129],[-118.7395,34.57133],[-118.73963,34.57128],[-118.73967,34.57124],[-118.7397,34.57118],[-118.73975,34.57084],[-118.73996,34.5704],[-118.74004,34.5703],[-118.74005,34.57021],[-118.74006,34.57015],[-118.74011,34.57004],[-118.74014,34.57001],[-118.74042,34.56992],[-118.74095,34.56973],[-118.7412,34.56969],[-118.74133,34.56967],[-118.74185,34.56966],[-118.74202,34.56962],[-118.74212,34.56955],[-118.74219,34.56949],[-118.74222,34.56946],[-118.74227,34.5694],[-118.74229,34.5693],[-118.74227,34.56922],[-118.74223,34.56918],[-118.74196,34.56894],[-118.74181,34.56871],[-118.74179,34.56869],[-118.74174,34.56856],[-118.74171,34.56846],[-118.74161,34.56817],[-118.74161,34.56814],[-118.74162,34.56801],[-118.74167,34.56793],[-118.74178,34.56781],[-118.74195,34.56771],[-118.7421,34.56765],[-118.74262,34.56751],[-118.74267,34.56748],[-118.7428,34.56745],[-118.7429,34.56744],[-118.74294,34.56746],[-118.74297,34.5675],[-118.74298,34.56756],[-118.74296,34.56762],[-118.74292,34.56765],[-118.74284,34.5677],[-118.74267,34.56777],[-118.74223,34.56788],[-118.74187,34.568],[-118.74161,34.56814]]}},{"type":"Feature","properties":{"name":"San Francisquito Motorway","road_class":"track","surface":"dirt","source":"Caltrans All Roads + OpenStreetMap explicit surface","source_detail":"osm way 1180259268; Caltrans All Roads public-network geometry match","source_tile":"174/407","public_network_source":"Caltrans All Roads (ARNOLD/HPMS)","surface_source":"OpenStreetMap explicit surface tag","caltrans_match_coverage":1.0,"verified_length_m":1849},"geometry":{"type":"LineString","coordinates":[[-118.55164,34.50315],[-118.55122,34.50284],[-118.55102,34.50248],[-118.55124,34.50236],[-118.55144,34.50232],[-118.55162,34.50225],[-118.55172,34.50213],[-118.55165,34.502],[-118.55152,34.50194],[-118.55133,34.50161],[-118.55129,34.50125],[-118.55186,34.50102],[-118.55185,34.50037],[-118.55174,34.50017],[-118.55168,34.49993],[-118.55167,34.49987],[-118.55165,34.49949],[-118.55159,34.49938],[-118.55147,34.49918],[-118.55131,34.49892],[-118.55132,34.49875],[-118.55136,34.49861],[-118.55143,34.49835],[-118.5513,34.49793],[-118.55128,34.49765],[-118.55153,34.49752],[-118.55174,34.49732],[-118.55191,34.49673],[-118.55192,34.49668],[-118.55197,34.4964],[-118.55195,34.49599],[-118.55197,34.49562],[-118.55206,34.49531],[-118.55228,34.49497],[-118.55254,34.49459],[-118.55292,34.49423],[-118.55325,34.4939],[-118.55356,34.49382],[-118.55372,34.49375],[-118.55383,34.49366],[-118.55394,34.49342],[-118.55399,34.49337],[-118.55405,34.49333],[-118.55413,34.49331],[-118.55421,34.49331],[-118.55452,34.4933],[-118.5548,34.49325],[-118.55505,34.49315],[-118.55529,34.49299],[-118.55543,34.49281],[-118.55564,34.49233],[-118.55574,34.49221],[-118.5559,34.49209],[-118.55615,34.49184],[-118.55634,34.49148],[-118.55652,34.49126],[-118.55694,34.49095],[-118.55702,34.49084],[-118.55709,34.49071],[-118.5571,34.49063],[-118.55714,34.49057],[-118.5572,34.49051],[-118.55728,34.49048],[-118.55758,34.49037],[-118.55769,34.49027],[-118.55779,34.49015],[-118.55785,34.48995]]}},{"type":"Feature","properties":{"name":"San Francisquito Motorway","road_class":"track","surface":"dirt","source":"Caltrans All Roads + OpenStreetMap explicit surface","source_detail":"osm way 1180259269; Caltrans All Roads public-network geometry match","source_tile":"174/407","public_network_source":"Caltrans All Roads (ARNOLD/HPMS)","surface_source":"OpenStreetMap explicit surface tag","caltrans_match_coverage":0.901,"verified_length_m":1301},"geometry":{"type":"LineString","coordinates":[[-118.57089,34.47061],[-118.57101,34.47046],[-118.57112,34.47038],[-118.57123,34.47033],[-118.57141,34.47026],[-118.57159,34.47021],[-118.57171,34.47018],[-118.57185,34.47018],[-118.57211,34.47018],[-118.57217,34.47018],[-118.57226,34.47015],[-118.57235,34.47009],[-118.57253,34.46998],[-118.57259,34.46993],[-118.57264,34.46988],[-118.57269,34.46978],[-118.57276,34.46967],[-118.57281,34.46959],[-118.57287,34.46955],[-118.57295,34.46952],[-118.57303,34.4695],[-118.5731,34.4695],[-118.57322,34.46949],[-118.57331,34.46948],[-118.5734,34.46945],[-118.57351,34.46941],[-118.57367,34.46931],[-118.57382,34.46921],[-118.57392,34.46916],[-118.5742,34.46909],[-118.57428,34.46908],[-118.57436,34.46907],[-118.57446,34.46909],[-118.57466,34.46916],[-118.57479,34.46921],[-118.57484,34.46925],[-118.57488,34.46932],[-118.57492,34.4694],[-118.57496,34.4696],[-118.57491,34.4699],[-118.57485,34.47005],[-118.5747,34.47019],[-118.57465,34.47039],[-118.57466,34.47054],[-118.57474,34.47073],[-118.57495,34.471],[-118.57518,34.47115],[-118.57536,34.47121],[-118.57551,34.47121],[-118.57566,34.47111],[-118.57578,34.47105],[-118.57602,34.47102],[-118.57644,34.47094],[-118.57673,34.47094],[-118.57724,34.47088],[-118.57764,34.47079],[-118.57797,34.47073],[-118.57821,34.47069],[-118.57838,34.47067],[-118.57861,34.47071],[-118.57878,34.47073],[-118.57897,34.47072],[-118.57921,34.47065],[-118.57943,34.47062],[-118.57973,34.47058],[-118.57998,34.47057],[-118.58019,34.47053],[-118.58025,34.47062],[-118.58023,34.47078],[-118.58021,34.47089],[-118.5802,34.47115],[-118.58014,34.47167],[-118.58013,34.47181],[-118.58026,34.47191]]}},{"type":"Feature","properties":{"name":"Reasoner Canyon","road_class":"track","surface":"unpaved","source":"Caltrans All Roads + OpenStreetMap explicit surface","source_detail":"osm way 1420874415; Caltrans All Roads public-network geometry match","source_tile":"174/407","public_network_source":"Caltrans All Roads (ARNOLD/HPMS)","surface_source":"OpenStreetMap explicit surface tag","caltrans_match_coverage":1.0,"verified_length_m":1657},"geometry":{"type":"LineString","coordinates":[[-118.81122,34.47624],[-118.81107,34.47626],[-118.81093,34.47623],[-118.81082,34.47617],[-118.81071,34.47608],[-118.81061,34.47601],[-118.81049,34.47598],[-118.8104,34.47597],[-118.81032,34.47599],[-118.81023,34.47601],[-118.80995,34.47612],[-118.80969,34.4762],[-118.80919,34.47632],[-118.80912,34.47635],[-118.80904,34.4764],[-118.80883,34.47659],[-118.80875,34.47668],[-118.80858,34.47681],[-118.80852,34.47685],[-118.80847,34.47686],[-118.8084,34.47687],[-118.80834,34.47689],[-118.80828,34.47691],[-118.80824,34.47696],[-118.8082,34.47702],[-118.80816,34.47714],[-118.80814,34.47721],[-118.80812,34.47736],[-118.80809,34.47744],[-118.80806,34.47751],[-118.80802,34.47758],[-118.80796,34.47763],[-118.80779,34.47777],[-118.80767,34.47786],[-118.80758,34.47791],[-118.80749,34.47795],[-118.80736,34.478],[-118.80724,34.47801],[-118.80707,34.47801],[-118.80692,34.478],[-118.80665,34.47798],[-118.80655,34.47798],[-118.80644,34.47799],[-118.80633,34.47801],[-118.8062,34.47805],[-118.80608,34.47808],[-118.80599,34.47812],[-118.80591,34.47816],[-118.80586,34.4782],[-118.80581,34.47826],[-118.80573,34.47839],[-118.80569,34.47847],[-118.80566,34.47853],[-118.80564,34.47866],[-118.80564,34.47872],[-118.80566,34.47878],[-118.8057,34.47882],[-118.80584,34.47891],[-118.80602,34.47899],[-118.8064,34.47913],[-118.80651,34.47916],[-118.80664,34.47918],[-118.80674,34.47919],[-118.8068,34.47922],[-118.80687,34.47927],[-118.80692,34.47933],[-118.80696,34.47939],[-118.80698,34.47948],[-118.80698,34.47952],[-118.80696,34.47955],[-118.80693,34.47958],[-118.80688,34.47959],[-118.80681,34.4796],[-118.80672,34.4796],[-118.80656,34.47956],[-118.80647,34.47952],[-118.80637,34.47948],[-118.80629,34.47946],[-118.80606,34.47946],[-118.80598,34.47948],[-118.80592,34.47949],[-118.80573,34.47957],[-118.80565,34.47961],[-118.80559,34.47964],[-118.80556,34.47967],[-118.80552,34.4797],[-118.80549,34.47976],[-118.80545,34.47981],[-118.8054,34.47983],[-118.80532,34.47984],[-118.80493,34.47981],[-118.80474,34.47981],[-118.80467,34.47982],[-118.80462,34.47984],[-118.80456,34.47989],[-118.80451,34.47991],[-118.80443,34.47993],[-118.80428,34.47996],[-118.80401,34.48002],[-118.80381,34.48002],[-118.8037,34.48003],[-118.80359,34.48006],[-118.8035,34.4801],[-118.80343,34.48014],[-118.8033,34.48027],[-118.80325,34.48031],[-118.80318,34.48034],[-118.80299,34.48044],[-118.80289,34.48049],[-118.8028,34.48051],[-118.80268,34.48052],[-118.80245,34.48053],[-118.8022,34.48053],[-118.80198,34.48051],[-118.80189,34.48052],[-118.80185,34.48054],[-118.8018,34.48058],[-118.80161,34.48071],[-118.80146,34.48078],[-118.80127,34.48086],[-118.80114,34.48092],[-118.80108,34.48096],[-118.80097,34.48101],[-118.80086,34.48104],[-118.80077,34.48104],[-118.80065,34.48104],[-118.80057,34.48103],[-118.80049,34.48101],[-118.80044,34.48096],[-118.80043,34.48089],[-118.80044,34.48083],[-118.80048,34.48069],[-118.80049,34.4806],[-118.80046,34.48053],[-118.80041,34.48047],[-118.80032,34.48039],[-118.80027,34.48035],[-118.80025,34.48031],[-118.80024,34.48027],[-118.80026,34.48022],[-118.80034,34.48012],[-118.80046,34.47994],[-118.80052,34.4799],[-118.80059,34.47985],[-118.80066,34.47981],[-118.80071,34.47977]]}},{"type":"Feature","properties":{"name":"Lime Canyon","road_class":"track","surface":"unpaved","source":"Caltrans All Roads + OpenStreetMap explicit surface","source_detail":"osm way 1420874458; Caltrans All Roads public-network geometry match","source_tile":"174/407","public_network_source":"Caltrans All Roads (ARNOLD/HPMS)","surface_source":"OpenStreetMap explicit surface tag","caltrans_match_coverage":1.0,"verified_length_m":884},"geometry":{"type":"LineString","coordinates":[[-118.77717,34.46222],[-118.77688,34.46215],[-118.77681,34.46216],[-118.77674,34.46215],[-118.77669,34.46212],[-118.77665,34.46209],[-118.77658,34.46205],[-118.77652,34.46203],[-118.77647,34.462],[-118.77645,34.46195],[-118.77642,34.4619],[-118.7764,34.46177],[-118.7764,34.46166],[-118.77642,34.46156],[-118.77647,34.46143],[-118.77653,34.46134],[-118.77658,34.46127],[-118.7767,34.46116],[-118.77676,34.46116],[-118.77685,34.46117],[-118.77694,34.46116],[-118.77705,34.46113],[-118.77725,34.46106],[-118.77731,34.46103],[-118.77743,34.46093],[-118.77746,34.4609],[-118.7775,34.46084],[-118.77757,34.46078],[-118.77766,34.46073],[-118.77774,34.4607],[-118.77781,34.46066],[-118.77785,34.46061],[-118.77785,34.46056],[-118.77782,34.46053],[-118.77776,34.46051],[-118.77768,34.4605],[-118.77759,34.46052],[-118.77751,34.46054],[-118.77744,34.46057],[-118.77735,34.46061],[-118.777,34.46072],[-118.77692,34.46073],[-118.77682,34.46072],[-118.7765,34.46068],[-118.77608,34.46056],[-118.77596,34.46054],[-118.77586,34.46055],[-118.77577,34.46058],[-118.77571,34.46062],[-118.77568,34.46067],[-118.77566,34.46077],[-118.77563,34.46081],[-118.77551,34.46087],[-118.77545,34.46091],[-118.77538,34.46093],[-118.77523,34.461],[-118.77513,34.46106],[-118.77502,34.46114],[-118.77497,34.46119],[-118.77493,34.46123],[-118.77489,34.46132],[-118.77486,34.46136],[-118.77481,34.46139],[-118.77476,34.46141],[-118.77471,34.46143],[-118.77465,34.46145],[-118.77452,34.46152],[-118.77446,34.46153],[-118.7744,34.46153],[-118.77421,34.46152],[-118.77412,34.46152],[-118.77393,34.46162],[-118.7738,34.4617],[-118.77375,34.46176],[-118.77372,34.4618],[-118.77366,34.46185],[-118.77362,34.46187],[-118.77358,34.46187],[-118.77353,34.46186],[-118.7735,34.46184],[-118.7735,34.4618],[-118.77351,34.46176],[-118.77356,34.46172],[-118.77372,34.46157],[-118.77381,34.46149],[-118.7739,34.46139],[-118.77402,34.4612],[-118.77407,34.46111],[-118.77412,34.46106]]}},{"type":"Feature","properties":{"name":"Lime Canyon","road_class":"track","surface":"unpaved","source":"Caltrans All Roads + OpenStreetMap explicit surface","source_detail":"osm way 1420874460; Caltrans All Roads public-network geometry match","source_tile":"174/407","public_network_source":"Caltrans All Roads (ARNOLD/HPMS)","surface_source":"OpenStreetMap explicit surface tag","caltrans_match_coverage":1.0,"verified_length_m":623},"geometry":{"type":"LineString","coordinates":[[-118.76475,34.45758],[-118.76474,34.45751],[-118.76459,34.45734],[-118.76447,34.45709],[-118.7644,34.45704],[-118.76435,34.457],[-118.76424,34.45693],[-118.76416,34.45689],[-118.76408,34.45682],[-118.76355,34.45636],[-118.76344,34.45628],[-118.76336,34.45621],[-118.7633,34.45618],[-118.76323,34.45614],[-118.76317,34.45607],[-118.76317,34.45602],[-118.76318,34.45597],[-118.76326,34.45584],[-118.76332,34.45573],[-118.76333,34.45568],[-118.76333,34.45564],[-118.76334,34.45559],[-118.76334,34.45554],[-118.76328,34.45536],[-118.76322,34.45517],[-118.76318,34.45505],[-118.76313,34.45499],[-118.76308,34.45493],[-118.763,34.45486],[-118.76295,34.45481],[-118.76291,34.45476],[-118.76289,34.4547],[-118.7629,34.45464],[-118.76296,34.45454],[-118.76303,34.45444],[-118.76305,34.45438],[-118.76306,34.45433],[-118.76306,34.45428],[-118.76304,34.45423],[-118.76298,34.45405],[-118.76296,34.45396],[-118.76294,34.45379],[-118.7629,34.4537],[-118.76285,34.45366],[-118.76269,34.45365],[-118.76246,34.45367],[-118.76229,34.45368],[-118.76206,34.45371],[-118.7619,34.45371],[-118.76178,34.45372],[-118.76166,34.45372]]}},{"type":"Feature","properties":{"name":"Forest Route 7N01","road_class":"track","surface":"dirt","tracktype":"grade2","source":"Caltrans All Roads + OpenStreetMap explicit surface","source_detail":"osm way 397691168; Caltrans All Roads public-network geometry match","source_tile":"175/406","public_network_source":"Caltrans All Roads (ARNOLD/HPMS)","surface_source":"OpenStreetMap explicit surface tag","caltrans_match_coverage":1.0,"verified_length_m":18247},"geometry":{"type":"LineString","coordinates":[[-118.37826,34.6431],[-118.37836,34.64311],[-118.37857,34.64314],[-118.37865,34.64321],[-118.37876,34.64336],[-118.37892,34.64341],[-118.37915,34.64342],[-118.37926,34.64347],[-118.37937,34.64355],[-118.37945,34.64366],[-118.37949,34.64378],[-118.37951,34.64395],[-118.37953,34.64426],[-118.37949,34.64439],[-118.37936,34.64448],[-118.37927,34.64458],[-118.37919,34.64471],[-118.37916,34.64477],[-118.37918,34.64484],[-118.37929,34.64494],[-118.37948,34.64522],[-118.37955,34.64527],[-118.37964,34.64528],[-118.37976,34.64526],[-118.37993,34.64539],[-118.38004,34.64558],[-118.37999,34.64578],[-118.37983,34.64601],[-118.3797,34.64621],[-118.37967,34.64635],[-118.37969,34.6465],[-118.37989,34.64659],[-118.38008,34.64656],[-118.38048,34.64648],[-118.3808,34.64632],[-118.38098,34.64617],[-118.38119,34.64603],[-118.38151,34.64596],[-118.38174,34.64608],[-118.38195,34.6461],[-118.38215,34.64599],[-118.38233,34.64582],[-118.38243,34.64572],[-118.38257,34.64565],[-118.38273,34.64561],[-118.38294,34.64563],[-118.38307,34.64578],[-118.38313,34.64593],[-118.38322,34.64602],[-118.38339,34.64601],[-118.38355,34.64592],[-118.38372,34.64582],[-118.3841,34.64551],[-118.38437,34.64539],[-118.38478,34.64535],[-118.38504,34.64534],[-118.38529,34.64521],[-118.38544,34.645],[-118.38564,34.64487],[-118.38578,34.64491],[-118.38586,34.64503],[-118.38595,34.64512],[-118.38608,34.64515],[-118.38626,34.64517],[-118.38642,34.64526],[-118.38659,34.64541],[-118.38695,34.64542],[-118.38732,34.64525],[-118.38759,34.64513],[-118.38771,34.64505],[-118.3881,34.64497],[-118.38825,34.64488],[-118.38839,34.64476],[-118.38847,34.64476],[-118.38864,34.64496],[-118.38883,34.64549],[-118.38902,34.64577],[-118.38937,34.64595],[-118.3897,34.64589],[-118.38996,34.64569],[-118.39014,34.64561],[-118.39036,34.6457],[-118.3905,34.64597],[-118.39057,34.64604],[-118.39072,34.64618],[-118.39082,34.64644],[-118.39098,34.64661],[-118.39141,34.64664],[-118.39169,34.64663],[-118.39193,34.64662],[-118.39235,34.64661],[-118.39256,34.64644],[-118.39264,34.6462],[-118.39266,34.6461],[-118.39279,34.64604],[-118.39304,34.64604],[-118.39327,34.64619],[-118.39341,34.64627],[-118.39366,34.6463],[-118.39384,34.64646],[-118.39406,34.64654],[-118.39423,34.64654],[-118.39446,34.6465],[-118.39463,34.64652],[-118.39477,34.64652],[-118.39496,34.64647],[-118.39531,34.64639],[-118.39556,34.64614],[-118.39591,34.6462],[-118.39621,34.64638],[-118.39665,34.6463],[-118.39712,34.64622],[-118.39737,34.64613],[-118.3976,34.64609],[-118.3978,34.64604],[-118.39808,34.64586],[-118.39834,34.64555],[-118.39855,34.64517],[-118.39863,34.6449],[-118.39863,34.64472],[-118.39847,34.64434],[-118.3985,34.64405],[-118.39837,34.64376],[-118.39835,34.64365],[-118.39841,34.64353],[-118.39859,34.64356],[-118.39881,34.64374],[-118.39911,34.64379],[-118.3992,34.64396],[-118.39905,34.64416],[-118.39905,34.64442],[-118.39933,34.64468],[-118.39979,34.64484],[-118.40027,34.64485],[-118.40057,34.64484],[-118.40065,34.64501],[-118.40031,34.64519],[-118.40019,34.64532],[-118.40039,34.64553],[-118.40087,34.64567],[-118.4015,34.64582],[-118.40176,34.64593],[-118.402,34.64614],[-118.40223,34.64614],[-118.40253,34.64598],[-118.40264,34.64583],[-118.40283,34.64555],[-118.4031,34.64534],[-118.4034,34.64536],[-118.40348,34.64541],[-118.40349,34.64552],[-118.40343,34.64587],[-118.40348,34.64599],[-118.40355,34.64603],[-118.40418,34.64632],[-118.4045,34.64642],[-118.40484,34.64662],[-118.40531,34.64673],[-118.40558,34.64678],[-118.40584,34.64674],[-118.40614,34.64669],[-118.40645,34.64661],[-118.4066,34.64655],[-118.40673,34.64665],[-118.40676,34.64684],[-118.40661,34.64704],[-118.40663,34.64717],[-118.4068,34.64732],[-118.40712,34.64748],[-118.40746,34.64752],[-118.40783,34.6475],[-118.40811,34.64749],[-118.40832,34.64754],[-118.40847,34.64774],[-118.40858,34.6478],[-118.40875,34.64794],[-118.40887,34.64802],[-118.40907,34.64803],[-118.40936,34.64799],[-118.40965,34.64798],[-118.41013,34.64803],[-118.41028,34.64796],[-118.4106,34.64801],[-118.41084,34.64812],[-118.41103,34.64816],[-118.41128,34.64814],[-118.41146,34.64803],[-118.41153,34.64792],[-118.41155,34.64772],[-118.41167,34.64766],[-118.41192,34.64781],[-118.41222,34.64789],[-118.41253,34.64824],[-118.41284,34.64839],[-118.41307,34.64834],[-118.41325,34.64821],[-118.41366,34.64822],[-118.41399,34.64832],[-118.41419,34.64821],[-118.4143,34.64773],[-118.4143,34.64743],[-118.41431,34.64721],[-118.41442,34.64709],[-118.41456,34.64722],[-118.41469,34.6475],[-118.41487,34.64781],[-118.41511,34.64814],[-118.41527,34.64829],[-118.41558,34.64842],[-118.41592,34.64843],[-118.41645,34.64839],[-118.41684,34.64827],[-118.41723,34.64839],[-118.41751,34.6483],[-118.41762,34.64809],[-118.41773,34.64796],[-118.41813,34.64796],[-118.41835,34.6481],[-118.41849,34.64816],[-118.41882,34.64809],[-118.41916,34.64818],[-118.41937,34.64845],[-118.41967,34.64858],[-118.42012,34.64861],[-118.42042,34.64861],[-118.42083,34.64865],[-118.42101,34.64867],[-118.42156,34.64871],[-118.42195,34.64876],[-118.42222,34.64884],[-118.42252,34.64894],[-118.42282,34.64891],[-118.42306,34.64869],[-118.42329,34.64853],[-118.42351,34.64843],[-118.42397,34.6483],[-118.42431,34.64819],[-118.42456,34.64802],[-118.42511,34.6477],[-118.42552,34.64758],[-118.42585,34.6474],[-118.42598,34.64724],[-118.42613,34.64704],[-118.42639,34.64702],[-118.42672,34.64713],[-118.42707,34.64724],[-118.42752,34.64754],[-118.42772,34.64776],[-118.4279,34.64791],[-118.42811,34.64796],[-118.42842,34.64788],[-118.42841,34.64774],[-118.42857,34.6476],[-118.42865,34.64751],[-118.42871,34.64739],[-118.42895,34.64725],[-118.42918,34.6472],[-118.42945,34.6473],[-118.42948,34.64739],[-118.42952,34.64751],[-118.42983,34.64745],[-118.42998,34.64714],[-118.43024,34.64688],[-118.4305,34.64671],[-118.43082,34.64665],[-118.43098,34.64678],[-118.43113,34.64695],[-118.43126,34.64705],[-118.4315,34.64697],[-118.43162,34.64672],[-118.43179,34.64658],[-118.432,34.64644],[-118.43227,34.64636],[-118.43252,34.64633],[-118.43275,34.64624],[-118.43291,34.64613],[-118.43321,34.64598],[-118.4335,34.64587],[-118.43384,34.64578],[-118.4341,34.64567],[-118.43501,34.6453],[-118.43505,34.64504],[-118.4349,34.64488],[-118.43498,34.64459],[-118.43507,34.64443],[-118.43526,34.64439],[-118.43556,34.64444],[-118.43597,34.64433],[-118.43691,34.64437],[-118.43733,34.64421],[-118.43822,34.64456],[-118.43862,34.64449],[-118.43884,34.64444],[-118.43902,34.64441],[-118.43911,34.64425],[-118.4394,34.64436],[-118.43956,34.64443],[-118.43977,34.64436],[-118.43992,34.64422],[-118.44005,34.64422],[-118.4404,34.64426],[-118.44051,34.64426],[-118.44067,34.64414],[-118.44067,34.64393],[-118.4407,34.6438],[-118.44091,34.64382],[-118.44107,34.64383],[-118.44116,34.64369],[-118.44117,34.64345],[-118.44125,34.64328],[-118.44148,34.64315],[-118.44172,34.64302],[-118.44205,34.64306],[-118.44227,34.64305],[-118.44248,34.64315],[-118.44272,34.64326],[-118.44292,34.64315],[-118.44302,34.64289],[-118.44316,34.64277],[-118.44342,34.64275],[-118.44368,34.64271],[-118.44384,34.64261],[-118.44374,34.64236],[-118.44348,34.64222],[-118.44329,34.64206],[-118.44323,34.64193],[-118.44325,34.64146],[-118.44336,34.64131],[-118.4436,34.6412],[-118.44363,34.64102],[-118.44358,34.64089],[-118.44355,34.64072],[-118.44358,34.64058],[-118.44367,34.64047],[-118.44391,34.64036],[-118.44407,34.64021],[-118.44422,34.63986],[-118.44423,34.63973],[-118.44431,34.63956],[-118.44463,34.63958],[-118.44491,34.63957],[-118.44507,34.63948],[-118.44521,34.63915],[-118.4454,34.63886],[-118.44539,34.63867],[-118.44537,34.63848],[-118.44551,34.63829],[-118.44586,34.63801],[-118.44613,34.63791],[-118.44637,34.63775],[-118.44669,34.63781],[-118.44685,34.63801],[-118.44713,34.63816],[-118.44728,34.638],[-118.44733,34.63781],[-118.4475,34.63772],[-118.44763,34.63759],[-118.44776,34.63729],[-118.44792,34.63705],[-118.44813,34.63667],[-118.44817,34.63657],[-118.44827,34.63647],[-118.44842,34.63651],[-118.44863,34.63654],[-118.44922,34.63644],[-118.44941,34.63638],[-118.44957,34.63638],[-118.44981,34.63642],[-118.44993,34.63632],[-118.44987,34.63601],[-118.44979,34.63572],[-118.44981,34.63542],[-118.45011,34.63501],[-118.45025,34.6348],[-118.4505,34.63444],[-118.45051,34.63425],[-118.45054,34.63394],[-118.45073,34.63365],[-118.45072,34.63345],[-118.45066,34.63322],[-118.45073,34.63308],[-118.45099,34.63287],[-118.45109,34.63274],[-118.45113,34.63247],[-118.45121,34.63237],[-118.45124,34.63226],[-118.4513,34.63203],[-118.45149,34.63182],[-118.45171,34.6317],[-118.45214,34.6318],[-118.45246,34.63175],[-118.45251,34.63153],[-118.45243,34.63135],[-118.45248,34.63105],[-118.45269,34.63084],[-118.45294,34.63073],[-118.45319,34.63073],[-118.45344,34.63073],[-118.45366,34.63068],[-118.45382,34.63071],[-118.45398,34.63078],[-118.45427,34.63072],[-118.45444,34.63049],[-118.45454,34.6303],[-118.45473,34.62994],[-118.45491,34.62959],[-118.45505,34.62947],[-118.45528,34.62946],[-118.4555,34.62947],[-118.45576,34.62964],[-118.45593,34.62987],[-118.45622,34.62987],[-118.45653,34.62963],[-118.45638,34.6293],[-118.45624,34.62913],[-118.45626,34.62894],[-118.45653,34.62861],[-118.45671,34.62847],[-118.45703,34.62837],[-118.45723,34.62829],[-118.45747,34.6282],[-118.45772,34.62815],[-118.45813,34.62806],[-118.4582,34.6279],[-118.45824,34.62773],[-118.45855,34.62742],[-118.45885,34.62723],[-118.45899,34.6271],[-118.45916,34.62688],[-118.45934,34.62662],[-118.45947,34.62645],[-118.45957,34.62634],[-118.46021,34.6263],[-118.4605,34.62634],[-118.46056,34.62657],[-118.46046,34.62669],[-118.46055,34.62679],[-118.46085,34.62684],[-118.46107,34.62681],[-118.46138,34.62681],[-118.4616,34.62656],[-118.4615,34.62624],[-118.46131,34.62601],[-118.46132,34.62566],[-118.46147,34.62554],[-118.46172,34.62553],[-118.46201,34.62569],[-118.46241,34.62575],[-118.46257,34.62564],[-118.46262,34.62523],[-118.46267,34.62515],[-118.46302,34.62485],[-118.46337,34.62465],[-118.46356,34.62453],[-118.46373,34.62449],[-118.46394,34.62451],[-118.46411,34.62432],[-118.46417,34.62406],[-118.46417,34.6238],[-118.46423,34.62362],[-118.4644,34.62339],[-118.46454,34.6232],[-118.46464,34.62297],[-118.46477,34.62271],[-118.46492,34.62238],[-118.46529,34.62222],[-118.46566,34.62221],[-118.46591,34.62207],[-118.46576,34.62178],[-118.46561,34.62165],[-118.46574,34.62137],[-118.46586,34.6212],[-118.46589,34.62102],[-118.46575,34.6208],[-118.46549,34.6206],[-118.4654,34.62041],[-118.46555,34.61995],[-118.46587,34.61972],[-118.46589,34.61926],[-118.466,34.61869],[-118.46598,34.61848],[-118.46608,34.61832],[-118.46624,34.61816],[-118.46649,34.61794],[-118.46655,34.61771],[-118.46652,34.61733],[-118.4666,34.61726],[-118.4669,34.61712],[-118.46696,34.61698],[-118.46692,34.61653],[-118.46696,34.61642],[-118.46727,34.61639],[-118.46741,34.61628],[-118.46754,34.616],[-118.4677,34.61592],[-118.46806,34.61632],[-118.46844,34.61655],[-118.46908,34.61657],[-118.46962,34.61658],[-118.46993,34.61654],[-118.4702,34.6165],[-118.4704,34.61672],[-118.47041,34.6169],[-118.47052,34.61699],[-118.47107,34.61709],[-118.47123,34.61692],[-118.47134,34.61657],[-118.47146,34.61643],[-118.47186,34.61626],[-118.47234,34.61616],[-118.47268,34.61622],[-118.4729,34.6162],[-118.47316,34.61606],[-118.47329,34.61584],[-118.47342,34.6155],[-118.4735,34.61529],[-118.47372,34.61527],[-118.47392,34.61539],[-118.47419,34.61541],[-118.4744,34.61536],[-118.47448,34.61509],[-118.47451,34.61488],[-118.47458,34.61474],[-118.47488,34.61466],[-118.47528,34.61461],[-118.4757,34.61432],[-118.47569,34.6139],[-118.47599,34.61351],[-118.47666,34.61347],[-118.47684,34.6133],[-118.47689,34.61284],[-118.47687,34.61271],[-118.47699,34.61261],[-118.47725,34.61258],[-118.47741,34.61259],[-118.47831,34.61219],[-118.47835,34.61177],[-118.47858,34.61124],[-118.47901,34.61126],[-118.47952,34.61113],[-118.47991,34.61117],[-118.48084,34.61147],[-118.48101,34.61135],[-118.48106,34.61074],[-118.4812,34.61055],[-118.48183,34.61057],[-118.48192,34.61051],[-118.48196,34.61019],[-118.48204,34.60998],[-118.48269,34.60981],[-118.48301,34.60968],[-118.48314,34.60942],[-118.48337,34.60919],[-118.48379,34.60917],[-118.48391,34.60901],[-118.48391,34.6088],[-118.48407,34.60868],[-118.48444,34.6085],[-118.4845,34.60839],[-118.48432,34.60798],[-118.4843,34.60781],[-118.4845,34.60749],[-118.48449,34.60708],[-118.48522,34.60673],[-118.48538,34.60647],[-118.48513,34.60584],[-118.48512,34.60547],[-118.48532,34.60514],[-118.48558,34.60486],[-118.48589,34.60473],[-118.48616,34.6047],[-118.48672,34.60444],[-118.487,34.60431],[-118.48737,34.60438],[-118.48758,34.60417],[-118.48778,34.60385],[-118.48796,34.60363],[-118.48839,34.60354],[-118.48886,34.60337],[-118.48917,34.60322],[-118.48944,34.60292],[-118.48944,34.6026],[-118.48943,34.60234],[-118.48957,34.60205],[-118.48956,34.6018],[-118.48928,34.60146],[-118.48911,34.60125],[-118.4891,34.60114],[-118.48918,34.60104],[-118.48976,34.60125],[-118.49005,34.60118],[-118.49024,34.60108],[-118.49036,34.60085],[-118.49051,34.60064],[-118.49072,34.6006],[-118.49093,34.60065],[-118.49102,34.60092],[-118.49121,34.601],[-118.49131,34.60094],[-118.49147,34.60064],[-118.49159,34.60041],[-118.49189,34.60011],[-118.49201,34.59989],[-118.492,34.59966],[-118.4921,34.59935],[-118.49224,34.59909],[-118.49265,34.59905],[-118.49285,34.59887],[-118.49292,34.59869],[-118.49319,34.59865],[-118.49335,34.59855],[-118.49345,34.59842],[-118.49351,34.59835],[-118.49379,34.59824],[-118.49383,34.59817],[-118.49375,34.59807],[-118.49352,34.59815],[-118.49333,34.59832],[-118.49318,34.59828],[-118.49295,34.59804],[-118.49279,34.59782],[-118.49265,34.59772],[-118.49263,34.59756],[-118.49272,34.59732],[-118.49284,34.59719],[-118.49296,34.59686],[-118.49297,34.59653],[-118.49298,34.59624],[-118.4929,34.5961],[-118.49268,34.59605],[-118.49244,34.59623],[-118.4926,34.59649],[-118.49257,34.59664],[-118.49235,34.59669],[-118.49208,34.59657],[-118.49184,34.59665],[-118.49168,34.59668],[-118.49155,34.59657],[-118.49164,34.59631],[-118.49173,34.59614],[-118.492,34.59591],[-118.492,34.59578],[-118.49227,34.59554],[-118.49237,34.59535],[-118.4922,34.59521],[-118.49209,34.59497],[-118.49223,34.59482],[-118.49225,34.59467],[-118.49231,34.59424],[-118.49245,34.5938],[-118.49263,34.59326]]}},{"type":"Feature","properties":{"name":"Forest Route 6N21","road_class":"track","surface":"dirt","source":"Caltrans All Roads + OpenStreetMap explicit surface","source_detail":"osm way 404712936; Caltrans All Roads public-network geometry match","source_tile":"175/407","public_network_source":"Caltrans All Roads (ARNOLD/HPMS)","surface_source":"OpenStreetMap explicit surface tag","caltrans_match_coverage":0.967,"verified_length_m":15952},"geometry":{"type":"LineString","coordinates":[[-118.45082,34.58824],[-118.45068,34.58817],[-118.45057,34.58807],[-118.45045,34.58777],[-118.4503,34.58748],[-118.45035,34.58727],[-118.45055,34.58697],[-118.45066,34.58682],[-118.45083,34.58671],[-118.45139,34.5866],[-118.45165,34.58653],[-118.45204,34.58643],[-118.45242,34.58617],[-118.45239,34.58604],[-118.45222,34.58594],[-118.45213,34.58588],[-118.45209,34.58579],[-118.45209,34.58543],[-118.452,34.58527],[-118.45178,34.58522],[-118.45147,34.58526],[-118.45118,34.5854],[-118.45084,34.58562],[-118.45063,34.58587],[-118.45051,34.58604],[-118.45035,34.58608],[-118.45027,34.58601],[-118.45016,34.58584],[-118.45006,34.58566],[-118.45006,34.58551],[-118.45007,34.58537],[-118.45004,34.58522],[-118.44994,34.58507],[-118.44994,34.58497],[-118.45,34.58493],[-118.45034,34.58505],[-118.45057,34.58501],[-118.45071,34.58485],[-118.45084,34.58473],[-118.45111,34.58464],[-118.45159,34.58448],[-118.45173,34.58437],[-118.45191,34.5841],[-118.45204,34.58387],[-118.45205,34.58372],[-118.45195,34.58359],[-118.45181,34.58353],[-118.45175,34.58333],[-118.45169,34.5831],[-118.45163,34.58301],[-118.45141,34.58289],[-118.45125,34.58276],[-118.45112,34.5827],[-118.4509,34.58267],[-118.45071,34.58267],[-118.45055,34.58267],[-118.4505,34.58263],[-118.45048,34.58257],[-118.4505,34.58244],[-118.45049,34.5823],[-118.45044,34.58211],[-118.45046,34.58202],[-118.45059,34.58202],[-118.45078,34.58213],[-118.45091,34.58219],[-118.45106,34.58206],[-118.45101,34.58167],[-118.4509,34.58149],[-118.45094,34.58138],[-118.45106,34.58131],[-118.45137,34.58126],[-118.45158,34.58144],[-118.45173,34.58165],[-118.45184,34.58175],[-118.452,34.58183],[-118.45218,34.58183],[-118.45226,34.58173],[-118.45232,34.5816],[-118.45238,34.58132],[-118.45234,34.58119],[-118.45215,34.58101],[-118.45206,34.58072],[-118.45208,34.58053],[-118.45218,34.58034],[-118.45234,34.58019],[-118.45234,34.57998],[-118.45241,34.57985],[-118.45259,34.57981],[-118.45275,34.57976],[-118.45292,34.57924],[-118.45298,34.57913],[-118.45304,34.57905],[-118.45337,34.57887],[-118.45349,34.5787],[-118.45346,34.57857],[-118.45324,34.57847],[-118.45301,34.57843],[-118.45283,34.57838],[-118.45263,34.57835],[-118.45234,34.57833],[-118.45191,34.57811],[-118.45175,34.57784],[-118.45178,34.5777],[-118.45201,34.57757],[-118.45226,34.57702],[-118.4525,34.57682],[-118.45269,34.57672],[-118.45278,34.57653],[-118.45283,34.57619],[-118.45295,34.57599],[-118.45329,34.57584],[-118.45376,34.57573],[-118.45372,34.57558],[-118.45362,34.57545],[-118.45348,34.57526],[-118.45329,34.575],[-118.45306,34.57478],[-118.45302,34.57454],[-118.45305,34.57427],[-118.45321,34.57406],[-118.45346,34.57385],[-118.45354,34.5738],[-118.45394,34.57359],[-118.45425,34.57347],[-118.45488,34.57315],[-118.4554,34.573],[-118.45607,34.57266],[-118.45644,34.57269],[-118.45676,34.57269],[-118.45699,34.5726],[-118.45712,34.57249],[-118.45703,34.57238],[-118.45686,34.57243],[-118.45664,34.57248],[-118.45637,34.57242],[-118.4562,34.57236],[-118.45615,34.57226],[-118.45605,34.57195],[-118.456,34.57176],[-118.45594,34.5717],[-118.45584,34.5717],[-118.45572,34.57179],[-118.45553,34.57176],[-118.45535,34.57173],[-118.45517,34.57181],[-118.45506,34.57191],[-118.45488,34.5719],[-118.45476,34.57179],[-118.4546,34.57161],[-118.45452,34.57151],[-118.45431,34.57138],[-118.45415,34.57127],[-118.45409,34.57121],[-118.45385,34.57116],[-118.45351,34.57123],[-118.45338,34.5712],[-118.45315,34.57111],[-118.45292,34.57103],[-118.45272,34.57099],[-118.45253,34.57095],[-118.45255,34.57086],[-118.45272,34.57085],[-118.45297,34.57091],[-118.45336,34.57085],[-118.45363,34.57071],[-118.45388,34.57062],[-118.45416,34.57054],[-118.45434,34.57045],[-118.45446,34.57046],[-118.4546,34.57055],[-118.45475,34.57059],[-118.45481,34.57054],[-118.4547,34.57034],[-118.45445,34.57006],[-118.45426,34.56993],[-118.45395,34.56978],[-118.4539,34.56974],[-118.45385,34.56967],[-118.45387,34.56957],[-118.45447,34.56937],[-118.4549,34.56939],[-118.45528,34.56947],[-118.45543,34.56934],[-118.45567,34.56925],[-118.45605,34.56922],[-118.45632,34.56915],[-118.45667,34.56891],[-118.45698,34.56878],[-118.45716,34.56844],[-118.45726,34.56813],[-118.4574,34.56781],[-118.45752,34.56757],[-118.45731,34.56749],[-118.45709,34.56776],[-118.45698,34.56816],[-118.4566,34.56831],[-118.45594,34.56835],[-118.45568,34.56847],[-118.45548,34.5684],[-118.45512,34.56826],[-118.45476,34.56809],[-118.45434,34.56808],[-118.45421,34.56809],[-118.45426,34.568],[-118.45464,34.56793],[-118.455,34.56796],[-118.45525,34.56804],[-118.4557,34.56785],[-118.45613,34.56763],[-118.45623,34.56736],[-118.45615,34.567],[-118.45622,34.56684],[-118.45654,34.5668],[-118.4568,34.56678],[-118.45702,34.56644],[-118.4571,34.56619],[-118.45718,34.5659],[-118.45709,34.56569],[-118.45734,34.5652],[-118.4575,34.56518],[-118.45779,34.56543],[-118.45817,34.56554],[-118.45828,34.56575],[-118.45852,34.56593],[-118.45888,34.56588],[-118.45917,34.56585],[-118.45936,34.56572],[-118.45955,34.56547],[-118.4599,34.5653],[-118.46006,34.56519],[-118.46005,34.56499],[-118.45979,34.56497],[-118.45966,34.56501],[-118.45978,34.56471],[-118.45996,34.56455],[-118.46025,34.56418],[-118.46064,34.56408],[-118.46108,34.56357],[-118.46099,34.56342],[-118.46079,34.56327],[-118.46029,34.56323],[-118.4601,34.56316],[-118.46014,34.56298],[-118.46013,34.56276],[-118.45974,34.56278],[-118.45974,34.56262],[-118.4597,34.56227],[-118.45948,34.56196],[-118.45908,34.56141],[-118.45912,34.56107],[-118.45891,34.56086],[-118.45889,34.56033],[-118.45864,34.55999],[-118.45834,34.5598],[-118.45809,34.55954],[-118.45806,34.5594],[-118.45852,34.55922],[-118.45877,34.55891],[-118.45905,34.55871],[-118.45917,34.55858],[-118.45926,34.55834],[-118.45963,34.55809],[-118.4595,34.55765],[-118.45932,34.55749],[-118.45907,34.55731],[-118.45894,34.55715],[-118.45903,34.557],[-118.46059,34.5569],[-118.46137,34.55678],[-118.46191,34.55685],[-118.46246,34.55689],[-118.46281,34.55704],[-118.46314,34.5575],[-118.46348,34.5577],[-118.4639,34.55768],[-118.46432,34.55831],[-118.46514,34.55871],[-118.46541,34.55873],[-118.46573,34.55866],[-118.46582,34.55858],[-118.46588,34.55836],[-118.46572,34.5581],[-118.46581,34.55758],[-118.46603,34.55728],[-118.46633,34.55687],[-118.46648,34.55675],[-118.46681,34.55708],[-118.46712,34.55732],[-118.46762,34.55767],[-118.46802,34.55742],[-118.46849,34.55746],[-118.46867,34.5573],[-118.46881,34.55678],[-118.46893,34.55673],[-118.46925,34.55675],[-118.46956,34.5567],[-118.46996,34.55676],[-118.47063,34.55661],[-118.47079,34.55653],[-118.47159,34.55614],[-118.47254,34.55569],[-118.47296,34.55564],[-118.47308,34.55562],[-118.47383,34.55525],[-118.47441,34.55528],[-118.47477,34.55507],[-118.47564,34.55458],[-118.4757,34.55455],[-118.47583,34.55448],[-118.47589,34.55445],[-118.4759,34.5542],[-118.47583,34.55386],[-118.47536,34.55366],[-118.47525,34.55371],[-118.47509,34.55395],[-118.47497,34.55397],[-118.47479,34.55391],[-118.47429,34.5537],[-118.47396,34.55384],[-118.47387,34.55385],[-118.47382,34.55378],[-118.47383,34.55361],[-118.47372,34.55353],[-118.47361,34.55352],[-118.47345,34.55371],[-118.47334,34.5537],[-118.47331,34.5535],[-118.47324,34.55331],[-118.47329,34.55316],[-118.47354,34.55302],[-118.47379,34.55297],[-118.47401,34.55284],[-118.47401,34.55258],[-118.47414,34.55255],[-118.47432,34.55263],[-118.47458,34.55229],[-118.4748,34.55213],[-118.47528,34.55206],[-118.47536,34.55198],[-118.47529,34.55175],[-118.47536,34.55167],[-118.47577,34.55179],[-118.47587,34.55173],[-118.47598,34.55158],[-118.47601,34.55159],[-118.4763,34.55176],[-118.47667,34.5516],[-118.47691,34.55154],[-118.47709,34.55086],[-118.47733,34.55095],[-118.47781,34.55117],[-118.4784,34.55112],[-118.47887,34.55118],[-118.47913,34.55106],[-118.47906,34.5508],[-118.47953,34.55073],[-118.47985,34.55071],[-118.48014,34.55077],[-118.48036,34.55054],[-118.48036,34.55029],[-118.48026,34.55001],[-118.48022,34.54963],[-118.47998,34.54943],[-118.47995,34.54933],[-118.48022,34.54934],[-118.48051,34.54946],[-118.48091,34.54981],[-118.4812,34.54986],[-118.4815,34.54998],[-118.48176,34.55011],[-118.48202,34.55026],[-118.4822,34.55021],[-118.48225,34.54993],[-118.48231,34.54955],[-118.4824,34.54918],[-118.4824,34.54902],[-118.48261,34.54888],[-118.48287,34.54916],[-118.48299,34.54985],[-118.48294,34.55003],[-118.48302,34.55017],[-118.48319,34.5503],[-118.4833,34.55025],[-118.48339,34.54995],[-118.48369,34.55009],[-118.48389,34.55021],[-118.48404,34.55026],[-118.48436,34.55056],[-118.48457,34.55067],[-118.48488,34.55048],[-118.48521,34.5505],[-118.48546,34.55026],[-118.48566,34.55024],[-118.48598,34.55033],[-118.48605,34.55035],[-118.48615,34.55032],[-118.48619,34.55028],[-118.48591,34.55011],[-118.48557,34.54992],[-118.48522,34.54972],[-118.48526,34.5496],[-118.48571,34.54955],[-118.48588,34.54945],[-118.4859,34.5492],[-118.48606,34.54917],[-118.48635,34.54915],[-118.48698,34.54878],[-118.48707,34.54873],[-118.4895,34.54748],[-118.48978,34.54722],[-118.48988,34.54683],[-118.49036,34.54637],[-118.49079,34.54609],[-118.49145,34.54578],[-118.49316,34.54506],[-118.49414,34.54475],[-118.4944,34.54467],[-118.49461,34.5443],[-118.49475,34.54395],[-118.49506,34.54353],[-118.49524,34.54339],[-118.49518,34.54329],[-118.49486,34.54321],[-118.4947,34.54288],[-118.49472,34.54263],[-118.49486,34.54247],[-118.49515,34.54232],[-118.49602,34.54166],[-118.49696,34.54107],[-118.49845,34.53996],[-118.49947,34.53916],[-118.50059,34.53832],[-118.50115,34.53795],[-118.50144,34.53775],[-118.50277,34.53734],[-118.50306,34.53709],[-118.50311,34.53687],[-118.50319,34.53649],[-118.50311,34.53584],[-118.50288,34.53522],[-118.50295,34.5348],[-118.5032,34.53431],[-118.50342,34.53406],[-118.50383,34.53394],[-118.5041,34.53391],[-118.50442,34.53368],[-118.50481,34.5332],[-118.50551,34.53258],[-118.50583,34.53229],[-118.50608,34.53203],[-118.50681,34.53141],[-118.50732,34.53106],[-118.50763,34.53079],[-118.50797,34.53035],[-118.50835,34.53017],[-118.50853,34.53008],[-118.50879,34.52987],[-118.50916,34.52972],[-118.50939,34.52952],[-118.50954,34.52921],[-118.5099,34.52896],[-118.51046,34.52873],[-118.51099,34.52831],[-118.51138,34.52816],[-118.51176,34.52803],[-118.51276,34.52731],[-118.51296,34.52708],[-118.51313,34.52711],[-118.51333,34.52699],[-118.5138,34.52643],[-118.51402,34.52615],[-118.51427,34.52593],[-118.51451,34.5258],[-118.51537,34.5255],[-118.51585,34.52535],[-118.51631,34.52498],[-118.51671,34.5248],[-118.51719,34.52476],[-118.51753,34.52446],[-118.51778,34.52443]]}},{"type":"Feature","properties":{"name":"Del Sur Road","road_class":"track","surface":"unpaved","source":"Caltrans All Roads + OpenStreetMap explicit surface","source_detail":"osm way 404721980; Caltrans All Roads public-network geometry match","source_tile":"175/407","public_network_source":"Caltrans All Roads (ARNOLD/HPMS)","surface_source":"OpenStreetMap explicit surface tag","caltrans_match_coverage":1.0,"verified_length_m":10337},"geometry":{"type":"LineString","coordinates":[[-118.482,34.50045],[-118.48195,34.50049],[-118.48174,34.50059],[-118.48144,34.50062],[-118.48127,34.50067],[-118.4812,34.50077],[-118.4812,34.50097],[-118.48128,34.50123],[-118.481,34.50191],[-118.4809,34.50202],[-118.48066,34.50222],[-118.48031,34.50253],[-118.48017,34.50268],[-118.48022,34.50301],[-118.48011,34.50317],[-118.47996,34.5033],[-118.4798,34.50341],[-118.47975,34.5035],[-118.47967,34.5037],[-118.47955,34.5038],[-118.47942,34.50395],[-118.47934,34.50408],[-118.47918,34.50429],[-118.47912,34.50449],[-118.47902,34.50471],[-118.47892,34.50481],[-118.47871,34.50488],[-118.47844,34.50494],[-118.4783,34.50503],[-118.47827,34.50527],[-118.47803,34.50539],[-118.4779,34.50548],[-118.47784,34.50563],[-118.47774,34.50578],[-118.47764,34.50594],[-118.47758,34.50625],[-118.47749,34.50637],[-118.47711,34.50674],[-118.47707,34.50701],[-118.47702,34.50717],[-118.4769,34.50737],[-118.47689,34.5075],[-118.47693,34.50769],[-118.47735,34.50795],[-118.47769,34.50799],[-118.4781,34.50806],[-118.47839,34.50821],[-118.4784,34.50837],[-118.47837,34.50859],[-118.47847,34.50884],[-118.47849,34.50917],[-118.4786,34.50944],[-118.47863,34.51002],[-118.47862,34.51021],[-118.47868,34.51042],[-118.47881,34.51049],[-118.47907,34.51056],[-118.47939,34.51064],[-118.47978,34.5107],[-118.48024,34.51081],[-118.48027,34.51092],[-118.48019,34.511],[-118.47996,34.51106],[-118.47903,34.51116],[-118.47843,34.51122],[-118.4782,34.51132],[-118.47803,34.51158],[-118.47782,34.51176],[-118.47766,34.51181],[-118.47758,34.51193],[-118.47753,34.51222],[-118.47737,34.51308],[-118.47742,34.51323],[-118.47739,34.51341],[-118.47719,34.51357],[-118.4769,34.51366],[-118.47665,34.51383],[-118.47653,34.51394],[-118.47641,34.51417],[-118.47628,34.51432],[-118.47616,34.51439],[-118.4757,34.5145],[-118.47537,34.51462],[-118.47505,34.51473],[-118.47438,34.51489],[-118.47405,34.51516],[-118.47392,34.51524],[-118.47378,34.51526],[-118.47353,34.51517],[-118.4733,34.51517],[-118.47299,34.5152],[-118.47266,34.51532],[-118.4724,34.51539],[-118.4722,34.51544],[-118.47211,34.51552],[-118.472,34.51579],[-118.47183,34.51626],[-118.4717,34.51649],[-118.47163,34.5166],[-118.47146,34.51666],[-118.47099,34.51665],[-118.47046,34.51676],[-118.47027,34.51693],[-118.47021,34.51705],[-118.47013,34.51722],[-118.47001,34.51739],[-118.4699,34.51761],[-118.46975,34.51778],[-118.46922,34.51825],[-118.46892,34.51846],[-118.4686,34.51877],[-118.4684,34.51904],[-118.4681,34.51939],[-118.46794,34.51984],[-118.46786,34.52018],[-118.46784,34.52036],[-118.4677,34.52064],[-118.46734,34.52081],[-118.46707,34.52086],[-118.46663,34.52081],[-118.46653,34.52083],[-118.46628,34.52097],[-118.46614,34.52117],[-118.46601,34.52137],[-118.46591,34.52161],[-118.4657,34.52186],[-118.46558,34.52192],[-118.4655,34.52203],[-118.46541,34.52224],[-118.46529,34.52248],[-118.4651,34.5225],[-118.46485,34.52258],[-118.46441,34.52271],[-118.46414,34.5231],[-118.46404,34.52341],[-118.4639,34.52381],[-118.46376,34.52407],[-118.46358,34.52427],[-118.46318,34.52476],[-118.46306,34.52498],[-118.46295,34.52521],[-118.46286,34.52549],[-118.46287,34.52578],[-118.46279,34.52608],[-118.46268,34.5263],[-118.46211,34.52678],[-118.46204,34.52686],[-118.46192,34.52709],[-118.46185,34.52734],[-118.46173,34.52759],[-118.46143,34.52798],[-118.46144,34.52819],[-118.46129,34.5285],[-118.46113,34.5288],[-118.46087,34.52929],[-118.46081,34.52945],[-118.46076,34.52965],[-118.46074,34.53001],[-118.46066,34.53008],[-118.46022,34.53032],[-118.46004,34.53047],[-118.45976,34.53089],[-118.45949,34.53115],[-118.45925,34.53134],[-118.45924,34.53145],[-118.45917,34.53174],[-118.45905,34.53206],[-118.45901,34.53233],[-118.45901,34.53274],[-118.45882,34.53309],[-118.45877,34.53319],[-118.45867,34.53324],[-118.45856,34.53326],[-118.45835,34.53324],[-118.45809,34.53308],[-118.45788,34.53288],[-118.45748,34.53268],[-118.45725,34.53251],[-118.45699,34.53246],[-118.45682,34.53258],[-118.45678,34.53272],[-118.45686,34.53309],[-118.45692,34.53332],[-118.45695,34.53385],[-118.45709,34.53418],[-118.45719,34.53439],[-118.45723,34.53453],[-118.4572,34.53465],[-118.45706,34.53477],[-118.45693,34.53494],[-118.45673,34.53558],[-118.45658,34.53595],[-118.45639,34.53632],[-118.45627,34.53662],[-118.45625,34.53697],[-118.45625,34.53709],[-118.45616,34.53733],[-118.45581,34.53767],[-118.45553,34.53783],[-118.45534,34.53788],[-118.455,34.53804],[-118.45433,34.53854],[-118.45406,34.53904],[-118.45396,34.53923],[-118.45374,34.53938],[-118.45358,34.53945],[-118.45336,34.53948],[-118.45316,34.53956],[-118.453,34.53968],[-118.45287,34.53986],[-118.45276,34.54016],[-118.45252,34.54053],[-118.45248,34.54094],[-118.4525,34.54151],[-118.45256,34.54195],[-118.45255,34.54219],[-118.45239,34.54257],[-118.45227,34.54291],[-118.45224,34.5433],[-118.45231,34.54367],[-118.45229,34.54405],[-118.4523,34.54445],[-118.45225,34.54477],[-118.45219,34.54499],[-118.45191,34.54527],[-118.45147,34.54558],[-118.45112,34.54596],[-118.4508,34.5463],[-118.45046,34.54655],[-118.45026,34.54678],[-118.45016,34.54702],[-118.45001,34.54737],[-118.44995,34.54787],[-118.44991,34.54815],[-118.44987,34.54843],[-118.44975,34.54863],[-118.4497,34.54882],[-118.44968,34.54901],[-118.44966,34.54924],[-118.44961,34.54937],[-118.44941,34.54949],[-118.44919,34.54968],[-118.44877,34.55004],[-118.44849,34.55014],[-118.44809,34.55032],[-118.44782,34.55048],[-118.44745,34.55063],[-118.44711,34.5509],[-118.44681,34.55111],[-118.44668,34.55127],[-118.44652,34.55156],[-118.44632,34.55181],[-118.44585,34.55216],[-118.44554,34.55247],[-118.44536,34.55269],[-118.44523,34.55298],[-118.44518,34.55306],[-118.44501,34.55338],[-118.44463,34.55371],[-118.44429,34.55381],[-118.44397,34.55394],[-118.44388,34.55412],[-118.44365,34.55445],[-118.44347,34.55483],[-118.44331,34.55544],[-118.44313,34.55556],[-118.44246,34.55574],[-118.44214,34.55579],[-118.44143,34.55579],[-118.44087,34.55597],[-118.44013,34.55606],[-118.43959,34.55617],[-118.43874,34.55641],[-118.43832,34.55686],[-118.43815,34.557],[-118.43805,34.55722],[-118.43797,34.55752],[-118.43748,34.55783],[-118.43732,34.558],[-118.43711,34.55829],[-118.43671,34.55852],[-118.43633,34.55864],[-118.43605,34.5587],[-118.4357,34.55877],[-118.43543,34.55867],[-118.43509,34.55856],[-118.43478,34.55852],[-118.43461,34.55856],[-118.43447,34.55868],[-118.43433,34.55884],[-118.43419,34.5596],[-118.43407,34.55992],[-118.43373,34.56011],[-118.43307,34.56026],[-118.43267,34.56038],[-118.43247,34.56048],[-118.43235,34.5607],[-118.43224,34.56089],[-118.43197,34.56103],[-118.43175,34.56119],[-118.43147,34.56139],[-118.43119,34.56213],[-118.43123,34.56261],[-118.43094,34.56301],[-118.43064,34.56346],[-118.43017,34.56376],[-118.42988,34.56411],[-118.42968,34.56462],[-118.42963,34.56497],[-118.42947,34.56521],[-118.42935,34.56554],[-118.42916,34.56572],[-118.42884,34.56567],[-118.4285,34.5656]]}}]}