{"type":"FeatureCollection","features":[{"type":"Feature","properties":{"name":"California Riding and Hiking Trail","road_class":"track","surface":"unpaved","tracktype":"grade2","source":"Caltrans All Roads + OpenStreetMap explicit surface","source_detail":"osm way 7189476; Caltrans All Roads public-network geometry match","source_tile":"180/411","public_network_source":"Caltrans All Roads (ARNOLD/HPMS)","surface_source":"OpenStreetMap explicit surface tag","caltrans_match_coverage":0.991,"verified_length_m":7162},"geometry":{"type":"LineString","coordinates":[[-116.68209,33.42722],[-116.68203,33.42758],[-116.68197,33.42773],[-116.68191,33.42789],[-116.68182,33.42808],[-116.68175,33.4283],[-116.68172,33.42849],[-116.6817,33.42862],[-116.68169,33.42872],[-116.6817,33.42885],[-116.68171,33.42898],[-116.68175,33.42913],[-116.68181,33.42931],[-116.68183,33.42942],[-116.68185,33.42952],[-116.68184,33.42961],[-116.68181,33.42973],[-116.6818,33.42982],[-116.6818,33.42997],[-116.68182,33.43013],[-116.68184,33.43022],[-116.68188,33.4303],[-116.68198,33.43053],[-116.68203,33.43072],[-116.68209,33.43091],[-116.68213,33.43099],[-116.6822,33.43109],[-116.68228,33.4312],[-116.68234,33.43125],[-116.6824,33.43131],[-116.68241,33.43137],[-116.68245,33.43145],[-116.68251,33.43152],[-116.68279,33.43182],[-116.68289,33.43196],[-116.68305,33.43211],[-116.68318,33.43221],[-116.68325,33.4323],[-116.68331,33.43241],[-116.68333,33.43246],[-116.68335,33.43255],[-116.68335,33.43263],[-116.68332,33.43273],[-116.68326,33.43285],[-116.68321,33.43302],[-116.68311,33.43322],[-116.68305,33.43338],[-116.68301,33.4335],[-116.68301,33.43357],[-116.68303,33.4337],[-116.68306,33.43389],[-116.68307,33.43395],[-116.68306,33.43401],[-116.68304,33.43405],[-116.68299,33.4341],[-116.68288,33.43419],[-116.68276,33.43427],[-116.68266,33.43436],[-116.68258,33.43446],[-116.68251,33.43458],[-116.68247,33.43464],[-116.68241,33.43467],[-116.68229,33.43475],[-116.68223,33.4348],[-116.68219,33.43485],[-116.68217,33.43492],[-116.68215,33.43506],[-116.68212,33.43514],[-116.68209,33.4352],[-116.68203,33.43525],[-116.682,33.43531],[-116.68199,33.43536],[-116.68199,33.43545],[-116.682,33.43553],[-116.68202,33.4356],[-116.68204,33.43568],[-116.68208,33.43577],[-116.68214,33.43592],[-116.68219,33.43605],[-116.68221,33.43614],[-116.68223,33.43624],[-116.68223,33.43638],[-116.68224,33.43661],[-116.68224,33.43673],[-116.68224,33.43685],[-116.68223,33.43693],[-116.6822,33.43702],[-116.68216,33.43719],[-116.68213,33.43729],[-116.68209,33.43739],[-116.68207,33.43746],[-116.68207,33.43753],[-116.68208,33.43763],[-116.68211,33.43777],[-116.68211,33.43784],[-116.68211,33.43793],[-116.68208,33.4381],[-116.68205,33.43827],[-116.68205,33.43844],[-116.68207,33.43868],[-116.68207,33.43885],[-116.68206,33.43896],[-116.68205,33.43903],[-116.68201,33.43915],[-116.68195,33.43932],[-116.68188,33.43948],[-116.6818,33.43962],[-116.68173,33.43971],[-116.68165,33.43977],[-116.68145,33.43991],[-116.68137,33.43996],[-116.6813,33.44003],[-116.68125,33.44009],[-116.68123,33.44014],[-116.68123,33.44019],[-116.68124,33.44023],[-116.68126,33.44028],[-116.68131,33.44034],[-116.68136,33.44042],[-116.68139,33.44049],[-116.68141,33.44054],[-116.68141,33.44059],[-116.6814,33.44065],[-116.68135,33.44091],[-116.68133,33.44104],[-116.68133,33.44111],[-116.68134,33.44118],[-116.68133,33.44126],[-116.68127,33.44151],[-116.6812,33.4418],[-116.68115,33.44199],[-116.68115,33.44208],[-116.68116,33.44222],[-116.6812,33.44243],[-116.68124,33.44264],[-116.68124,33.44272],[-116.68122,33.44281],[-116.68113,33.44319],[-116.68101,33.44364],[-116.68089,33.444],[-116.68084,33.44419],[-116.68077,33.44437],[-116.68071,33.44456],[-116.68067,33.44472],[-116.68064,33.44494],[-116.68062,33.44507],[-116.68056,33.44522],[-116.68049,33.44535],[-116.68045,33.44547],[-116.68041,33.44567],[-116.68041,33.44579],[-116.68041,33.44594],[-116.68043,33.44613],[-116.68044,33.44624],[-116.68042,33.44639],[-116.68041,33.4465],[-116.68039,33.44672],[-116.68036,33.44685],[-116.68034,33.44692],[-116.68034,33.447],[-116.68036,33.44708],[-116.68039,33.44716],[-116.68045,33.44733],[-116.68047,33.4474],[-116.68047,33.44746],[-116.68046,33.44752],[-116.68045,33.44757],[-116.68042,33.44767],[-116.68037,33.448],[-116.68032,33.4482],[-116.68025,33.44841],[-116.68022,33.44856],[-116.68018,33.44865],[-116.67998,33.44916],[-116.67989,33.44943],[-116.67982,33.44967],[-116.67978,33.4498],[-116.67973,33.45001],[-116.67971,33.45017],[-116.6797,33.45035],[-116.67969,33.4505],[-116.67967,33.45072],[-116.67963,33.4509],[-116.67956,33.45109],[-116.67951,33.45123],[-116.67939,33.45151],[-116.67935,33.45161],[-116.67932,33.45165],[-116.67928,33.4517],[-116.67923,33.45174],[-116.67915,33.45182],[-116.67906,33.4519],[-116.67885,33.45207],[-116.67871,33.45217],[-116.67851,33.45229],[-116.67843,33.45235],[-116.67836,33.45242],[-116.6783,33.4525],[-116.67824,33.45258],[-116.67815,33.45272],[-116.67811,33.45281],[-116.67808,33.45289],[-116.67807,33.45304],[-116.67807,33.45317],[-116.67809,33.45331],[-116.6781,33.45343],[-116.67811,33.4536],[-116.67811,33.45369],[-116.67808,33.45375],[-116.67804,33.45384],[-116.67802,33.45394],[-116.67803,33.45404],[-116.67804,33.45416],[-116.67808,33.45425],[-116.67813,33.45434],[-116.6782,33.45446],[-116.67827,33.45461],[-116.67831,33.45475],[-116.67832,33.45489],[-116.67831,33.45512],[-116.67828,33.4553],[-116.67826,33.45557],[-116.67824,33.4557],[-116.6782,33.45585],[-116.67816,33.45602],[-116.6781,33.45614],[-116.67803,33.45624],[-116.67797,33.4563],[-116.67788,33.45636],[-116.67776,33.45641],[-116.67755,33.45649],[-116.67735,33.45661],[-116.67722,33.4567],[-116.67716,33.45676],[-116.67713,33.45683],[-116.67711,33.45691],[-116.67711,33.45706],[-116.67713,33.45728],[-116.67713,33.4574],[-116.67711,33.45751],[-116.67711,33.45762],[-116.67712,33.45771],[-116.67713,33.45778],[-116.67717,33.45786],[-116.67723,33.45797],[-116.67727,33.45805],[-116.67728,33.45814],[-116.67727,33.45823],[-116.67722,33.45836],[-116.6772,33.45845],[-116.6772,33.4585],[-116.6772,33.45853],[-116.67723,33.45856],[-116.67732,33.4586],[-116.67749,33.45863],[-116.67767,33.45868],[-116.67787,33.45874],[-116.67801,33.45881],[-116.67815,33.45893],[-116.6782,33.45902],[-116.67822,33.4591],[-116.67823,33.45917],[-116.67821,33.45926],[-116.67817,33.45935],[-116.67812,33.45944],[-116.67808,33.45948],[-116.67802,33.45953],[-116.67791,33.45958],[-116.6778,33.45962],[-116.67774,33.45965],[-116.67771,33.45967],[-116.67769,33.45969],[-116.67768,33.45973],[-116.67769,33.45988],[-116.67771,33.4601],[-116.67772,33.46025],[-116.67772,33.46039],[-116.67771,33.46052],[-116.67769,33.4607],[-116.67769,33.46075],[-116.6777,33.46082],[-116.67772,33.46088],[-116.67776,33.46096],[-116.67783,33.46107],[-116.67793,33.46119],[-116.67801,33.46132],[-116.67805,33.46141],[-116.67807,33.46149],[-116.67809,33.46158],[-116.67813,33.46168],[-116.6782,33.46184],[-116.67826,33.46202],[-116.67832,33.4622],[-116.67841,33.46243],[-116.67844,33.46252],[-116.67846,33.46265],[-116.67848,33.46279],[-116.67851,33.46289],[-116.67854,33.46294],[-116.67857,33.46299],[-116.67861,33.46307],[-116.67866,33.46318],[-116.6787,33.46328],[-116.67875,33.46343],[-116.67881,33.46367],[-116.67894,33.464],[-116.67902,33.46424],[-116.67909,33.46445],[-116.67916,33.46466],[-116.67921,33.46488],[-116.67924,33.46497],[-116.67932,33.46519],[-116.67938,33.46536],[-116.67946,33.46559],[-116.67949,33.46569],[-116.67952,33.46574],[-116.67956,33.46579],[-116.67962,33.46582],[-116.67972,33.46585],[-116.67988,33.46589],[-116.68002,33.46593],[-116.68011,33.46598],[-116.68016,33.46603],[-116.68019,33.46608],[-116.68021,33.46613],[-116.68022,33.46618],[-116.68021,33.46625],[-116.68019,33.46631],[-116.68015,33.46637],[-116.6801,33.46643],[-116.67998,33.46653],[-116.67984,33.46663],[-116.67977,33.46668],[-116.67972,33.46675],[-116.6797,33.46679],[-116.67969,33.46683],[-116.6797,33.46687],[-116.67972,33.46692],[-116.67975,33.46697],[-116.6798,33.46701],[-116.67985,33.46707],[-116.67988,33.4671],[-116.67988,33.46711],[-116.67988,33.46713],[-116.67987,33.46717],[-116.67984,33.46721],[-116.67979,33.46729],[-116.67973,33.46738],[-116.67969,33.46745],[-116.67967,33.46753],[-116.67967,33.46763],[-116.67968,33.46773],[-116.6797,33.46779],[-116.67972,33.46782],[-116.67976,33.46788],[-116.67982,33.46795],[-116.6799,33.46803],[-116.67998,33.46812],[-116.68009,33.46823],[-116.68015,33.46834],[-116.68017,33.46845],[-116.6802,33.46857],[-116.68025,33.46867],[-116.68031,33.46872],[-116.68034,33.46879],[-116.68035,33.46883],[-116.68035,33.46887],[-116.68038,33.46892],[-116.68042,33.46896],[-116.68048,33.46901],[-116.68055,33.46905],[-116.68067,33.46908],[-116.68081,33.46909],[-116.68092,33.46911],[-116.68102,33.46916],[-116.68116,33.46925],[-116.68127,33.46933],[-116.68132,33.46935],[-116.68138,33.46935],[-116.68147,33.46935],[-116.68152,33.46935],[-116.68155,33.46936],[-116.68157,33.46937],[-116.68159,33.4694],[-116.68159,33.46943],[-116.68159,33.46949],[-116.68156,33.46958],[-116.68154,33.46963],[-116.68153,33.46968],[-116.68154,33.46972],[-116.68157,33.46975],[-116.68162,33.46978],[-116.6817,33.46981],[-116.68176,33.46985],[-116.68183,33.46991],[-116.6819,33.47001],[-116.6821,33.47019],[-116.68233,33.47042],[-116.68238,33.47048],[-116.6824,33.47054],[-116.68243,33.47062],[-116.6825,33.47073],[-116.68256,33.47084],[-116.6826,33.47095],[-116.68262,33.47102],[-116.68268,33.47108],[-116.68278,33.47116],[-116.68294,33.47129],[-116.68305,33.47137],[-116.68317,33.47142],[-116.68342,33.4715],[-116.68361,33.47159],[-116.68376,33.47167],[-116.68386,33.47171],[-116.68397,33.47174],[-116.68406,33.47175],[-116.68416,33.47175],[-116.68426,33.47172],[-116.68434,33.47168],[-116.68442,33.47162],[-116.68447,33.47157],[-116.68452,33.4715],[-116.6846,33.4714],[-116.68465,33.47136],[-116.68471,33.47133],[-116.68476,33.47133],[-116.68482,33.47133],[-116.68486,33.47135],[-116.68488,33.4714],[-116.68489,33.47148],[-116.6849,33.47155],[-116.6849,33.47161],[-116.68488,33.47173],[-116.68485,33.47182],[-116.68483,33.47186],[-116.68482,33.47191],[-116.68483,33.47194],[-116.68485,33.47197],[-116.68489,33.47201],[-116.68492,33.47207],[-116.68495,33.47213],[-116.68496,33.47221],[-116.68496,33.47235],[-116.68496,33.47251],[-116.68498,33.47268],[-116.685,33.47283],[-116.68501,33.47288],[-116.68502,33.47292],[-116.68505,33.47296],[-116.68512,33.47306],[-116.68524,33.47318],[-116.68529,33.47326],[-116.68533,33.47334],[-116.68535,33.47341],[-116.68536,33.4735],[-116.68536,33.47362],[-116.68539,33.47408],[-116.6854,33.47446],[-116.68543,33.47504],[-116.68544,33.47547],[-116.68545,33.4759],[-116.68544,33.47606],[-116.68544,33.47614],[-116.68547,33.47637],[-116.68549,33.47696],[-116.68549,33.47721],[-116.68551,33.47756],[-116.68551,33.4778],[-116.68551,33.478],[-116.68549,33.47821],[-116.68548,33.47838],[-116.68548,33.47853],[-116.68549,33.47874],[-116.68548,33.47917],[-116.68546,33.47951],[-116.68544,33.48011],[-116.68544,33.48054],[-116.68542,33.48096],[-116.68542,33.48115],[-116.68542,33.48128],[-116.6854,33.48207],[-116.6854,33.48296],[-116.68539,33.48314],[-116.68538,33.48362],[-116.68537,33.48388],[-116.68537,33.48404],[-116.68537,33.48445],[-116.68537,33.48453],[-116.68536,33.4846],[-116.68534,33.48467],[-116.68532,33.48476]]}},{"type":"Feature","properties":{"name":"Yaqui Wells Road","road_class":"track","surface":"dirt","tracktype":"grade2","source":"Caltrans All Roads + OpenStreetMap explicit surface","source_detail":"osm way 820817266; Caltrans All Roads public-network geometry match","source_tile":"180/412","public_network_source":"Caltrans All Roads (ARNOLD/HPMS)","surface_source":"OpenStreetMap explicit surface tag","caltrans_match_coverage":1.0,"verified_length_m":5761},"geometry":{"type":"LineString","coordinates":[[-116.39197,33.13753],[-116.39226,33.13747],[-116.39433,33.13687],[-116.39478,33.13677],[-116.39578,33.13667],[-116.39579,33.13667],[-116.39675,33.13665],[-116.39702,33.13672],[-116.39726,33.13673],[-116.39752,33.1367],[-116.39784,33.13674],[-116.39802,33.13674],[-116.39835,33.13668],[-116.39986,33.13635],[-116.40057,33.13628],[-116.40092,33.13627],[-116.40141,33.13627],[-116.40154,33.13625],[-116.40178,33.13609],[-116.40212,33.13589],[-116.40231,33.13585],[-116.40244,33.13583],[-116.40264,33.13584],[-116.4028,33.13588],[-116.40298,33.13596],[-116.40326,33.13613],[-116.40337,33.13618],[-116.40369,33.13627],[-116.40403,33.13642],[-116.40437,33.1365],[-116.40454,33.1366],[-116.40486,33.13674],[-116.405,33.13678],[-116.40536,33.13682],[-116.40557,33.1368],[-116.4059,33.13675],[-116.40704,33.13645],[-116.40821,33.13618],[-116.41005,33.13582],[-116.41099,33.13566],[-116.41155,33.13553],[-116.41256,33.13534],[-116.41299,33.13522],[-116.41344,33.13513],[-116.41388,33.13509],[-116.41454,33.13498],[-116.41531,33.13485],[-116.41663,33.13456],[-116.41698,33.13452],[-116.41773,33.1345],[-116.41788,33.13449],[-116.41927,33.13441],[-116.41948,33.13441],[-116.41993,33.13445],[-116.42116,33.13456],[-116.42165,33.13458],[-116.42195,33.13464],[-116.42208,33.13469],[-116.42229,33.13481],[-116.42262,33.13496],[-116.42326,33.13534],[-116.42409,33.13571],[-116.42532,33.1362],[-116.4255,33.13629],[-116.42622,33.13657],[-116.4268,33.13677],[-116.42792,33.13723],[-116.42834,33.13742],[-116.42951,33.13788],[-116.43054,33.13835],[-116.43088,33.13855],[-116.43114,33.13868],[-116.43166,33.1389],[-116.4318,33.13899],[-116.43192,33.13902],[-116.43211,33.13902],[-116.43224,33.13903],[-116.43251,33.13912],[-116.43288,33.13927],[-116.43333,33.13938],[-116.43351,33.13939],[-116.43368,33.13938],[-116.43404,33.13946],[-116.43434,33.13958],[-116.43488,33.13968],[-116.43501,33.13972],[-116.43581,33.14011],[-116.43663,33.1405],[-116.43866,33.14146],[-116.43885,33.14156],[-116.43943,33.14193],[-116.44054,33.14251],[-116.44133,33.1429],[-116.44152,33.14299],[-116.44158,33.14302],[-116.44205,33.14322],[-116.44234,33.14337],[-116.44245,33.14345],[-116.44262,33.14359],[-116.44293,33.14379],[-116.44454,33.14494],[-116.4447,33.14503],[-116.44721,33.1463],[-116.44748,33.14642],[-116.44767,33.1464],[-116.44794,33.14628],[-116.44812,33.14622],[-116.44823,33.14615],[-116.44836,33.14608],[-116.44856,33.1459],[-116.44875,33.14583]]}},{"type":"Feature","properties":{"name":"Puerta La Cruz Road","road_class":"track","surface":"dirt","tracktype":"grade2","source":"Caltrans All Roads + OpenStreetMap explicit surface","source_detail":"osm way 6053734; Caltrans All Roads public-network geometry match","source_tile":"180/411","public_network_source":"Caltrans All Roads (ARNOLD/HPMS)","surface_source":"OpenStreetMap explicit surface tag","caltrans_match_coverage":1.0,"verified_length_m":5596},"geometry":{"type":"LineString","coordinates":[[-116.72375,33.34846],[-116.72372,33.34848],[-116.72356,33.34849],[-116.72333,33.34845],[-116.72313,33.34841],[-116.72271,33.34835],[-116.72237,33.34809],[-116.72218,33.34799],[-116.72207,33.34796],[-116.72187,33.34796],[-116.72174,33.348],[-116.72166,33.34807],[-116.72159,33.34819],[-116.72145,33.34857],[-116.72143,33.34868],[-116.72141,33.34914],[-116.72138,33.34924],[-116.72128,33.34934],[-116.72092,33.34947],[-116.72076,33.34955],[-116.7206,33.34969],[-116.72055,33.34978],[-116.72052,33.34993],[-116.72054,33.35017],[-116.7205,33.35027],[-116.72042,33.35036],[-116.72026,33.35055],[-116.72015,33.35065],[-116.71999,33.35075],[-116.71967,33.35086],[-116.71947,33.35098],[-116.71918,33.35112],[-116.71915,33.35116],[-116.71914,33.35124],[-116.71918,33.35139],[-116.71922,33.35144],[-116.7193,33.3515],[-116.71938,33.35153],[-116.71941,33.35156],[-116.71944,33.35162],[-116.71943,33.3517],[-116.71914,33.35207],[-116.71908,33.35224],[-116.71905,33.3524],[-116.71904,33.35249],[-116.71902,33.35257],[-116.71884,33.35284],[-116.71875,33.35306],[-116.71867,33.35322],[-116.71856,33.35339],[-116.71852,33.35348],[-116.71852,33.3536],[-116.71852,33.35383],[-116.71849,33.35414],[-116.71844,33.35438],[-116.71846,33.35451],[-116.71852,33.35461],[-116.71858,33.35471],[-116.71858,33.35485],[-116.71852,33.355],[-116.71813,33.35553],[-116.7181,33.35564],[-116.71811,33.35575],[-116.71821,33.356],[-116.71822,33.35613],[-116.71813,33.35629],[-116.71803,33.35638],[-116.71786,33.35649],[-116.7178,33.35657],[-116.71773,33.35672],[-116.7177,33.35675],[-116.71761,33.35677],[-116.71745,33.35671],[-116.71729,33.35671],[-116.71719,33.35675],[-116.71712,33.35678],[-116.71697,33.35688],[-116.71686,33.35703],[-116.71684,33.3572],[-116.71682,33.35725],[-116.71669,33.35741],[-116.71661,33.35745],[-116.71638,33.35753],[-116.71632,33.35762],[-116.71629,33.35787],[-116.71626,33.35792],[-116.71595,33.35813],[-116.71583,33.35817],[-116.71542,33.35821],[-116.71535,33.35819],[-116.7152,33.35812],[-116.71501,33.35809],[-116.7149,33.35812],[-116.71482,33.3583],[-116.71468,33.35847],[-116.71447,33.35862],[-116.7142,33.3587],[-116.71385,33.35877],[-116.71376,33.35883],[-116.71364,33.35896],[-116.71304,33.35949],[-116.7129,33.35956],[-116.71249,33.35965],[-116.712,33.35962],[-116.7119,33.35963],[-116.71181,33.35966],[-116.71155,33.35981],[-116.71149,33.3599],[-116.71149,33.36008],[-116.71162,33.36024],[-116.71166,33.36036],[-116.71166,33.36043],[-116.71159,33.36056],[-116.71155,33.36062],[-116.71139,33.36074],[-116.71114,33.36096],[-116.71089,33.36107],[-116.71084,33.3611],[-116.71045,33.36149],[-116.7103,33.3616],[-116.71024,33.36163],[-116.71015,33.36165],[-116.71004,33.36164],[-116.70959,33.36146],[-116.70952,33.36138],[-116.70948,33.36123],[-116.70943,33.36111],[-116.70938,33.36107],[-116.7093,33.36093],[-116.70926,33.36078],[-116.70923,33.36073],[-116.70916,33.36069],[-116.70901,33.36069],[-116.70877,33.36077],[-116.7086,33.36086],[-116.7084,33.36103],[-116.70837,33.36108],[-116.70824,33.36159],[-116.70812,33.36177],[-116.70799,33.36187],[-116.70776,33.36196],[-116.7076,33.36206],[-116.70754,33.36212],[-116.7075,33.36217],[-116.70728,33.36259],[-116.70721,33.36281],[-116.70719,33.36298],[-116.70722,33.36319],[-116.70722,33.36341],[-116.70719,33.36354],[-116.70711,33.36362],[-116.70702,33.36367],[-116.70665,33.3638],[-116.70634,33.36397],[-116.70613,33.36416],[-116.70584,33.36449],[-116.70564,33.36476],[-116.70525,33.36519],[-116.70508,33.36528],[-116.70483,33.36538],[-116.70469,33.36541],[-116.70452,33.36539],[-116.7044,33.36534],[-116.70428,33.3652],[-116.70417,33.36484],[-116.7041,33.36475],[-116.7039,33.36466],[-116.70377,33.36465],[-116.70368,33.36465],[-116.70354,33.36469],[-116.70335,33.36479],[-116.70325,33.36487],[-116.70322,33.36492],[-116.70318,33.36507],[-116.70313,33.36516],[-116.70285,33.3655],[-116.70248,33.36606],[-116.7024,33.36615],[-116.70216,33.36635],[-116.70181,33.36647],[-116.70174,33.36647],[-116.7016,33.36642],[-116.70155,33.36639],[-116.70133,33.36613],[-116.70122,33.36591],[-116.7011,33.36576],[-116.701,33.36566],[-116.70081,33.36554],[-116.70065,33.36547],[-116.70056,33.36541],[-116.70048,33.36533],[-116.70033,33.36514],[-116.70029,33.36512],[-116.70015,33.36512],[-116.70007,33.36514],[-116.69981,33.36531],[-116.69954,33.36544],[-116.69941,33.36546],[-116.69926,33.36546],[-116.69913,33.36543],[-116.69889,33.36535],[-116.69861,33.36521],[-116.69848,33.36519],[-116.69842,33.36521],[-116.69835,33.36527],[-116.69825,33.36541],[-116.69816,33.36571],[-116.69819,33.36585],[-116.69845,33.36613],[-116.69867,33.3663],[-116.69891,33.36641],[-116.69899,33.36647],[-116.69904,33.36657],[-116.69901,33.3668],[-116.69902,33.3669],[-116.6991,33.36712],[-116.69922,33.36726],[-116.69924,33.36734],[-116.6992,33.36741],[-116.69915,33.36745],[-116.69902,33.36749],[-116.69895,33.36755],[-116.69884,33.36776],[-116.69881,33.36788],[-116.6988,33.36805],[-116.69876,33.36813],[-116.69872,33.36818],[-116.69834,33.3684],[-116.69826,33.3685],[-116.69819,33.3687],[-116.69818,33.36878],[-116.6982,33.36885],[-116.69827,33.36896],[-116.6983,33.36904],[-116.69833,33.36929],[-116.69833,33.36933],[-116.69828,33.3694],[-116.69824,33.36943],[-116.69788,33.36952],[-116.6977,33.36953],[-116.69739,33.36949],[-116.69733,33.36952],[-116.69713,33.36984],[-116.69697,33.37],[-116.69686,33.37006],[-116.69672,33.3701],[-116.69656,33.37012],[-116.69641,33.3701],[-116.69618,33.37001],[-116.696,33.36995],[-116.69575,33.36992],[-116.69543,33.36985],[-116.69521,33.36975],[-116.69511,33.36975],[-116.69489,33.36982],[-116.69472,33.3698],[-116.69458,33.36975],[-116.69441,33.36966],[-116.69426,33.36956],[-116.69411,33.36943],[-116.69406,33.36941],[-116.69398,33.36941],[-116.69395,33.36943],[-116.69389,33.3695],[-116.69373,33.36961],[-116.69362,33.36967],[-116.69341,33.36972],[-116.69312,33.36974],[-116.69291,33.36972],[-116.69276,33.36974],[-116.69256,33.3698],[-116.69252,33.36986],[-116.69254,33.37024],[-116.69253,33.37032],[-116.69244,33.37054],[-116.69234,33.37089],[-116.69231,33.37109],[-116.69231,33.37136],[-116.6924,33.37181],[-116.69237,33.37206],[-116.69235,33.37229],[-116.69232,33.37239],[-116.69226,33.37252],[-116.69209,33.37279],[-116.69208,33.37283],[-116.69207,33.37289],[-116.69207,33.37296],[-116.69206,33.37301],[-116.69205,33.37307]]}},{"type":"Feature","properties":{"name":"Horse Camp Road","road_class":"track","surface":"dirt","tracktype":"grade4","source":"Caltrans All Roads + OpenStreetMap explicit surface","source_detail":"osm way 5939771; Caltrans All Roads public-network geometry match","source_tile":"180/411","public_network_source":"Caltrans All Roads (ARNOLD/HPMS)","surface_source":"OpenStreetMap explicit surface tag","caltrans_match_coverage":1.0,"verified_length_m":1232},"geometry":{"type":"LineString","coordinates":[[-116.39231,33.34065],[-116.39241,33.3408],[-116.3927,33.34118],[-116.39297,33.34183],[-116.39323,33.34213],[-116.39375,33.3426],[-116.39381,33.34266],[-116.39393,33.34289],[-116.39403,33.34301],[-116.39453,33.34363],[-116.39468,33.34375],[-116.39475,33.34385],[-116.39498,33.34407],[-116.39536,33.34434],[-116.39575,33.3447],[-116.39602,33.34486],[-116.39634,33.34512],[-116.3965,33.34528],[-116.39663,33.34552],[-116.39705,33.34586],[-116.39724,33.34599],[-116.3976,33.34624],[-116.39782,33.34636],[-116.39792,33.34644],[-116.39871,33.3475],[-116.39907,33.3478],[-116.39921,33.34795],[-116.39941,33.34823],[-116.39936,33.34842],[-116.39987,33.34932],[-116.39999,33.34935],[-116.40006,33.34933]]}},{"type":"Feature","properties":{"name":"Bureau of Indian Affairs Road 51","road_class":"unclassified","surface":"dirt","source":"Caltrans All Roads + OpenStreetMap explicit surface","source_detail":"osm way 5963594; Caltrans All Roads public-network geometry match","source_tile":"180/411","public_network_source":"Caltrans All Roads (ARNOLD/HPMS)","surface_source":"OpenStreetMap explicit surface tag","caltrans_match_coverage":0.951,"verified_length_m":8077},"geometry":{"type":"LineString","coordinates":[[-116.63111,33.16264],[-116.63109,33.16268],[-116.63107,33.1629],[-116.63113,33.16304],[-116.63125,33.16311],[-116.63155,33.16317],[-116.63173,33.16325],[-116.63184,33.16333],[-116.63191,33.16341],[-116.63197,33.16356],[-116.63196,33.16367],[-116.63201,33.16378],[-116.63216,33.16391],[-116.63236,33.16416],[-116.63276,33.16449],[-116.63282,33.16459],[-116.63306,33.16487],[-116.6331,33.16499],[-116.63307,33.16511],[-116.63297,33.16523],[-116.63283,33.16531],[-116.63268,33.16536],[-116.63225,33.1654],[-116.63205,33.16546],[-116.63199,33.1655],[-116.63192,33.16558],[-116.63191,33.16565],[-116.63202,33.16583],[-116.63212,33.16593],[-116.63235,33.16606],[-116.63273,33.16622],[-116.63288,33.16631],[-116.63298,33.16642],[-116.63303,33.16657],[-116.63294,33.16676],[-116.63285,33.16686],[-116.63261,33.16702],[-116.63252,33.16714],[-116.63248,33.16735],[-116.6325,33.16752],[-116.63252,33.16755],[-116.63258,33.16758],[-116.63267,33.16756],[-116.63285,33.16747],[-116.63312,33.1674],[-116.63335,33.1674],[-116.63356,33.16736],[-116.6338,33.16735],[-116.63399,33.16736],[-116.63418,33.16741],[-116.63425,33.16747],[-116.63428,33.16752],[-116.63431,33.16779],[-116.6343,33.16781],[-116.6343,33.16788],[-116.63432,33.16796],[-116.63438,33.16804],[-116.63452,33.16817],[-116.63466,33.16833],[-116.63475,33.1685],[-116.63482,33.16884],[-116.6348,33.16893],[-116.63477,33.16898],[-116.63464,33.1691],[-116.63461,33.16919],[-116.6346,33.16921],[-116.63461,33.16927],[-116.63469,33.1694],[-116.63473,33.16957],[-116.63473,33.16973],[-116.6348,33.16983],[-116.63493,33.16984],[-116.63569,33.16961],[-116.63582,33.16962],[-116.63598,33.16969],[-116.63605,33.16975],[-116.63618,33.1698],[-116.63627,33.1698],[-116.63653,33.16977],[-116.63672,33.1698],[-116.63688,33.16987],[-116.63717,33.17006],[-116.63734,33.1701],[-116.63741,33.1701],[-116.63753,33.17008],[-116.63795,33.16999],[-116.63835,33.16994],[-116.6384,33.16993],[-116.63864,33.16996],[-116.63876,33.17001],[-116.6388,33.17003],[-116.63906,33.1702],[-116.63927,33.17037],[-116.63934,33.17048],[-116.6394,33.17062],[-116.63945,33.17089],[-116.63945,33.171],[-116.63942,33.17118],[-116.63937,33.17132],[-116.63932,33.17139],[-116.63926,33.17158],[-116.63925,33.17169],[-116.6393,33.17211],[-116.63929,33.17227],[-116.63923,33.17247],[-116.63905,33.17272],[-116.63859,33.17321],[-116.63854,33.17326],[-116.63836,33.17347],[-116.63828,33.17356],[-116.63808,33.17372],[-116.638,33.17381],[-116.63795,33.17398],[-116.63797,33.17403],[-116.63802,33.17409],[-116.63817,33.17414],[-116.63825,33.17414],[-116.63835,33.17412],[-116.63851,33.17408],[-116.63893,33.17396],[-116.63903,33.17395],[-116.63919,33.17398],[-116.63966,33.17416],[-116.64001,33.17434],[-116.64042,33.17449],[-116.64061,33.17455],[-116.64088,33.17462],[-116.64146,33.17474],[-116.64158,33.17473],[-116.64183,33.17488],[-116.64187,33.17497],[-116.64186,33.1751],[-116.64174,33.17548],[-116.64173,33.17558],[-116.64178,33.17568],[-116.64183,33.17571],[-116.64217,33.17577],[-116.64225,33.17581],[-116.64229,33.17593],[-116.6423,33.17621],[-116.64235,33.17629],[-116.64243,33.17633],[-116.64253,33.17634],[-116.64301,33.17626],[-116.64324,33.17627],[-116.64343,33.17626],[-116.64349,33.17636],[-116.64334,33.17657],[-116.64303,33.1772],[-116.64299,33.17738],[-116.64301,33.17771],[-116.6431,33.17782],[-116.64321,33.17789],[-116.64334,33.17789],[-116.64346,33.17785],[-116.64357,33.17776],[-116.64369,33.17772],[-116.64375,33.17772],[-116.64384,33.17777],[-116.64388,33.17783],[-116.64391,33.17794],[-116.64387,33.17831],[-116.64389,33.17836],[-116.64396,33.17841],[-116.6443,33.17853],[-116.64452,33.17865],[-116.64465,33.17874],[-116.64486,33.17897],[-116.645,33.17928],[-116.64507,33.1796],[-116.64508,33.17992],[-116.64513,33.18002],[-116.64523,33.18006],[-116.64539,33.18008],[-116.64563,33.18006],[-116.64582,33.1801],[-116.64594,33.18018],[-116.64597,33.18028],[-116.64606,33.18039],[-116.64617,33.18044],[-116.64623,33.18043],[-116.64639,33.18031],[-116.64656,33.1801],[-116.64677,33.17952],[-116.64681,33.17946],[-116.64687,33.17942],[-116.64697,33.1794],[-116.64727,33.17948],[-116.64743,33.17949],[-116.6475,33.17948],[-116.64774,33.17934],[-116.64784,33.17933],[-116.64792,33.17935],[-116.64797,33.17938],[-116.64806,33.1795],[-116.64809,33.17958],[-116.64809,33.17971],[-116.64816,33.17984],[-116.64822,33.1799],[-116.64839,33.18002],[-116.64847,33.18005],[-116.64854,33.18005],[-116.64863,33.18003],[-116.64881,33.17989],[-116.64895,33.17976],[-116.64905,33.17977],[-116.64911,33.17986],[-116.64916,33.18013],[-116.64921,33.18027],[-116.64931,33.18034],[-116.64947,33.18036],[-116.64959,33.18037],[-116.64963,33.1804],[-116.64963,33.18046],[-116.6496,33.18051],[-116.64951,33.18052],[-116.64934,33.1805],[-116.64892,33.18027],[-116.64883,33.18025],[-116.64874,33.18029],[-116.64864,33.18038],[-116.64856,33.18041],[-116.64843,33.18043],[-116.6483,33.1804],[-116.64824,33.1804],[-116.64812,33.18045],[-116.64807,33.18054],[-116.64794,33.18098],[-116.64787,33.18106],[-116.64777,33.18109],[-116.64766,33.18109],[-116.64754,33.18105],[-116.64748,33.181],[-116.64742,33.18089],[-116.64735,33.1808],[-116.64725,33.18077],[-116.64716,33.1808],[-116.64711,33.18084],[-116.64706,33.18092],[-116.64707,33.18099],[-116.64707,33.18148],[-116.64694,33.1823],[-116.64686,33.18247],[-116.64668,33.18261],[-116.64654,33.18266],[-116.64638,33.18269],[-116.64629,33.18268],[-116.64616,33.18262],[-116.64598,33.18238],[-116.6457,33.18211],[-116.64547,33.18196],[-116.64524,33.18189],[-116.6451,33.18187],[-116.64489,33.18189],[-116.64481,33.18191],[-116.64467,33.18191],[-116.64454,33.1819],[-116.64405,33.18176],[-116.6439,33.18169],[-116.64381,33.18162],[-116.64375,33.18152],[-116.64368,33.18121],[-116.64364,33.18112],[-116.64359,33.18106],[-116.64352,33.18101],[-116.6434,33.181],[-116.64326,33.18106],[-116.64271,33.18154],[-116.64254,33.18173],[-116.64243,33.18196],[-116.64241,33.18206],[-116.6424,33.18227],[-116.64246,33.18249],[-116.6424,33.18272],[-116.64227,33.18286],[-116.64217,33.18292],[-116.64201,33.18297],[-116.6418,33.18297],[-116.64165,33.18293],[-116.64112,33.18268],[-116.64091,33.18254],[-116.64082,33.1824],[-116.64075,33.18237],[-116.64065,33.18235],[-116.64054,33.18238],[-116.64042,33.1825],[-116.64035,33.18265],[-116.64033,33.18281],[-116.64036,33.18292],[-116.64034,33.18303],[-116.6403,33.18313],[-116.64021,33.18322],[-116.6401,33.18324],[-116.63995,33.18319],[-116.63975,33.18315],[-116.63965,33.18315],[-116.63943,33.18322],[-116.63934,33.18329],[-116.63918,33.18334],[-116.63908,33.18335],[-116.63902,33.18333],[-116.63893,33.18336],[-116.63844,33.18401],[-116.63803,33.18415],[-116.63778,33.18424],[-116.63763,33.18426],[-116.63744,33.18421],[-116.63737,33.18415],[-116.63705,33.18383],[-116.63705,33.18379],[-116.63701,33.18372],[-116.63692,33.18362],[-116.63665,33.18356],[-116.63647,33.18355],[-116.63632,33.18359],[-116.63625,33.18364],[-116.63612,33.18378],[-116.63607,33.18386],[-116.63605,33.18397],[-116.63609,33.18444],[-116.63606,33.1845],[-116.63599,33.18456],[-116.63593,33.18457],[-116.63589,33.18457],[-116.63574,33.18454],[-116.63552,33.18444],[-116.63542,33.18444],[-116.63534,33.18449],[-116.63503,33.18481],[-116.63483,33.18492],[-116.63448,33.18504],[-116.6344,33.18505],[-116.63422,33.18504],[-116.63414,33.18501],[-116.63377,33.18481],[-116.63368,33.18472],[-116.63365,33.18464],[-116.63366,33.18456],[-116.63371,33.18441],[-116.63364,33.18433],[-116.63355,33.1843],[-116.63341,33.18427],[-116.63288,33.18422],[-116.63266,33.18415],[-116.6323,33.18401],[-116.63164,33.1837],[-116.63155,33.1837],[-116.63151,33.18371],[-116.63139,33.18376],[-116.63132,33.18382],[-116.63123,33.18385],[-116.63114,33.18385],[-116.63094,33.18382],[-116.63074,33.18386],[-116.63023,33.18426],[-116.63009,33.18437],[-116.63006,33.18442],[-116.63005,33.1845],[-116.6301,33.18457],[-116.63024,33.18466],[-116.63034,33.18467],[-116.63047,33.18465],[-116.63078,33.18455],[-116.63091,33.18459],[-116.63094,33.18461],[-116.631,33.18472],[-116.63098,33.18486],[-116.63092,33.18494],[-116.63081,33.18499],[-116.63017,33.18498],[-116.63002,33.18495],[-116.62974,33.18482],[-116.62966,33.1848],[-116.62956,33.1848],[-116.6293,33.18485],[-116.62921,33.18484],[-116.62912,33.18476],[-116.62908,33.18462],[-116.62898,33.18449],[-116.62891,33.18444],[-116.62876,33.18438],[-116.62869,33.18439],[-116.62862,33.18442],[-116.62855,33.18451],[-116.62849,33.18475],[-116.62845,33.18482],[-116.62779,33.1854],[-116.62769,33.18545],[-116.62756,33.18547],[-116.62749,33.18546],[-116.62713,33.18529],[-116.62701,33.18527],[-116.62689,33.18531],[-116.62685,33.18535],[-116.62681,33.18541],[-116.62677,33.18555],[-116.62679,33.18575],[-116.62679,33.18581],[-116.62688,33.18602],[-116.62711,33.18634],[-116.62714,33.18653],[-116.62711,33.18662],[-116.62705,33.1867],[-116.62698,33.18675],[-116.62629,33.18709],[-116.62605,33.18724],[-116.62584,33.18742],[-116.62582,33.18745],[-116.62579,33.18758],[-116.62582,33.18766],[-116.6259,33.18776],[-116.62598,33.18783],[-116.62608,33.18789],[-116.62625,33.18795],[-116.62679,33.18805],[-116.62684,33.18808],[-116.62691,33.18816],[-116.62689,33.18828],[-116.6268,33.1884],[-116.62627,33.18882],[-116.62621,33.18888],[-116.62618,33.18901],[-116.6262,33.18905],[-116.62619,33.18914],[-116.62617,33.18916],[-116.6261,33.18917],[-116.62586,33.18916],[-116.62567,33.18921],[-116.6255,33.18917],[-116.62538,33.18917],[-116.6253,33.18918],[-116.62488,33.1894]]}},{"type":"Feature","properties":{"name":"Bureau of Indian Affairs Road 51","road_class":"unclassified","surface":"dirt","source":"Caltrans All Roads + OpenStreetMap explicit surface","source_detail":"osm way 5963595; Caltrans All Roads public-network geometry match","source_tile":"180/411","public_network_source":"Caltrans All Roads (ARNOLD/HPMS)","surface_source":"OpenStreetMap explicit surface tag","caltrans_match_coverage":0.911,"verified_length_m":2726},"geometry":{"type":"LineString","coordinates":[[-116.63083,33.19041],[-116.63071,33.19041],[-116.63039,33.19041],[-116.62983,33.1903],[-116.62955,33.1903],[-116.62914,33.19038],[-116.62871,33.19036],[-116.62834,33.19032],[-116.62786,33.19024],[-116.62767,33.19023],[-116.62726,33.1902],[-116.62696,33.19015],[-116.62686,33.19013],[-116.62669,33.19009],[-116.62654,33.19005],[-116.62636,33.1901],[-116.62621,33.19008],[-116.62611,33.19009],[-116.62592,33.19016],[-116.6258,33.19015],[-116.62538,33.18988],[-116.62519,33.1896],[-116.62507,33.18951],[-116.62488,33.1894],[-116.62461,33.18955],[-116.6245,33.18964],[-116.62436,33.18984],[-116.62411,33.19014],[-116.62384,33.19038],[-116.62364,33.1906],[-116.6235,33.19074],[-116.62344,33.19083],[-116.62334,33.19092],[-116.62312,33.19118],[-116.62274,33.19156],[-116.62247,33.19177],[-116.62203,33.19203],[-116.62193,33.19207],[-116.62143,33.19208],[-116.62128,33.19212],[-116.62112,33.19224],[-116.62091,33.19261],[-116.62087,33.19267],[-116.62061,33.19302],[-116.62038,33.19346],[-116.62025,33.1936],[-116.62012,33.19368],[-116.62,33.19371],[-116.61977,33.19369],[-116.61963,33.19362],[-116.61946,33.19358],[-116.61938,33.19357],[-116.61887,33.19362],[-116.61842,33.1937],[-116.6184,33.1937],[-116.61819,33.19371],[-116.61813,33.19372],[-116.61787,33.19368],[-116.61781,33.19367],[-116.61765,33.19362],[-116.61748,33.19361],[-116.61738,33.19362],[-116.61716,33.19367],[-116.61552,33.19462],[-116.61529,33.19475],[-116.6151,33.1949],[-116.61498,33.19502],[-116.61491,33.19514],[-116.61488,33.19535],[-116.61482,33.19548],[-116.61473,33.19559],[-116.61453,33.19578],[-116.61429,33.19576],[-116.61407,33.19567],[-116.61405,33.19567],[-116.61378,33.19563],[-116.61347,33.19561],[-116.61311,33.19546],[-116.61255,33.19515],[-116.61219,33.19483],[-116.612,33.19464],[-116.6119,33.19457],[-116.61177,33.19456],[-116.61115,33.19418],[-116.61073,33.19386],[-116.61063,33.1937],[-116.61052,33.19343],[-116.61046,33.19334],[-116.61028,33.1933],[-116.60978,33.19334],[-116.60966,33.19338],[-116.60929,33.19364],[-116.60922,33.19368],[-116.60914,33.19369],[-116.60824,33.19369],[-116.60818,33.19367],[-116.60808,33.19359],[-116.60783,33.1933],[-116.60778,33.19314],[-116.60782,33.19284]]}},{"type":"Feature","properties":{"name":"Bureau of Indian Affairs Road 54","road_class":"track","surface":"dirt","source":"Caltrans All Roads + OpenStreetMap explicit surface","source_detail":"osm way 5963615; Caltrans All Roads public-network geometry match","source_tile":"180/411","public_network_source":"Caltrans All Roads (ARNOLD/HPMS)","surface_source":"OpenStreetMap explicit surface tag","caltrans_match_coverage":1.0,"verified_length_m":5850},"geometry":{"type":"LineString","coordinates":[[-116.63895,33.15116],[-116.63879,33.15118],[-116.6384,33.15116],[-116.6379,33.15107],[-116.63757,33.15098],[-116.63737,33.15096],[-116.63718,33.15099],[-116.63671,33.15116],[-116.63659,33.15119],[-116.63643,33.15121],[-116.63603,33.1512],[-116.63593,33.15122],[-116.63575,33.15131],[-116.63569,33.15139],[-116.6356,33.15147],[-116.63539,33.15155],[-116.63512,33.15159],[-116.63482,33.15171],[-116.63447,33.15197],[-116.63435,33.15202],[-116.63412,33.15202],[-116.63402,33.152],[-116.63361,33.15187],[-116.63335,33.15176],[-116.63281,33.15147],[-116.6328,33.15146],[-116.63203,33.1511],[-116.63184,33.15099],[-116.63127,33.15054],[-116.63114,33.15038],[-116.63097,33.15022],[-116.63074,33.15005],[-116.63062,33.1499],[-116.63045,33.14973],[-116.63039,33.14962],[-116.63044,33.14938],[-116.63044,33.1493],[-116.63038,33.14924],[-116.63033,33.14923],[-116.63028,33.14925],[-116.6301,33.14946],[-116.63001,33.14952],[-116.63,33.14952],[-116.62962,33.14962],[-116.62919,33.14969],[-116.62904,33.14967],[-116.62885,33.14958],[-116.62875,33.14955],[-116.62812,33.14944],[-116.62803,33.1494],[-116.62787,33.14931],[-116.62772,33.14924],[-116.62741,33.14915],[-116.62677,33.14891],[-116.62646,33.14886],[-116.6262,33.1489],[-116.62601,33.14888],[-116.62571,33.14878],[-116.62547,33.14862],[-116.6254,33.14853],[-116.62526,33.14843],[-116.62488,33.1483],[-116.62465,33.14823],[-116.62431,33.14819],[-116.62421,33.14815],[-116.62412,33.14808],[-116.62394,33.14801],[-116.62379,33.14801],[-116.62344,33.14812],[-116.62293,33.14825],[-116.62281,33.1483],[-116.62267,33.14837],[-116.62255,33.14846],[-116.62239,33.14852],[-116.62234,33.14852],[-116.62225,33.14846],[-116.62224,33.14841],[-116.62225,33.14811],[-116.62235,33.14782],[-116.62237,33.14768],[-116.62234,33.14754],[-116.62234,33.14737],[-116.62229,33.14725],[-116.62222,33.14716],[-116.62198,33.14701],[-116.62177,33.14694],[-116.62164,33.14693],[-116.62129,33.14695],[-116.62112,33.14703],[-116.62082,33.14727],[-116.62072,33.1474],[-116.62062,33.14747],[-116.62054,33.1475],[-116.62042,33.14748],[-116.62035,33.14742],[-116.62029,33.14732],[-116.62018,33.14721],[-116.61987,33.14701],[-116.61972,33.14697],[-116.61957,33.14696],[-116.61917,33.14704],[-116.61873,33.14718],[-116.61837,33.14729],[-116.61787,33.14749],[-116.61773,33.14758],[-116.61758,33.14773],[-116.61755,33.14778],[-116.61758,33.14793],[-116.61781,33.14811],[-116.61784,33.14822],[-116.61783,33.1483],[-116.61776,33.14845],[-116.6176,33.1486],[-116.61749,33.14865],[-116.61729,33.14872],[-116.61683,33.1491],[-116.61644,33.14927],[-116.61624,33.14936],[-116.6161,33.1495],[-116.61607,33.14959],[-116.61607,33.14974],[-116.6161,33.14987],[-116.61607,33.15012],[-116.61598,33.1503],[-116.61597,33.15042],[-116.616,33.15054],[-116.61604,33.1506],[-116.61604,33.15073],[-116.616,33.15086],[-116.6161,33.15106],[-116.6163,33.1512],[-116.61637,33.15128],[-116.61642,33.15137],[-116.61649,33.15143],[-116.61655,33.15145],[-116.61673,33.15147],[-116.61682,33.15146],[-116.61692,33.15148],[-116.61707,33.15157],[-116.61716,33.15174],[-116.61717,33.15185],[-116.61714,33.15205],[-116.61709,33.15218],[-116.61668,33.1527],[-116.61654,33.15296],[-116.61649,33.15331],[-116.61647,33.15348],[-116.61642,33.15366],[-116.61639,33.15391],[-116.61639,33.15406],[-116.61655,33.15487],[-116.61662,33.15498],[-116.6167,33.15505],[-116.61706,33.15519],[-116.61717,33.15519],[-116.61731,33.15516],[-116.61749,33.155],[-116.61768,33.15488],[-116.61777,33.15487],[-116.61781,33.15488],[-116.61789,33.15493],[-116.61794,33.15508],[-116.618,33.15537],[-116.61809,33.15558],[-116.61846,33.15604],[-116.61872,33.15626],[-116.6189,33.15658],[-116.61891,33.15667],[-116.61884,33.15699],[-116.6187,33.15733],[-116.61858,33.15747],[-116.61845,33.15774],[-116.61845,33.15781],[-116.61852,33.15791],[-116.61884,33.15809],[-116.61898,33.15824],[-116.61904,33.15837],[-116.61918,33.15878],[-116.61919,33.15928],[-116.61919,33.15934],[-116.61926,33.15946],[-116.61931,33.1595],[-116.61944,33.15953],[-116.61951,33.15953],[-116.61977,33.15948],[-116.61983,33.1595],[-116.61987,33.15954],[-116.61988,33.15989],[-116.61993,33.16005],[-116.62002,33.16013],[-116.62007,33.16014],[-116.62012,33.16013],[-116.62022,33.16006],[-116.62052,33.15979],[-116.62054,33.15975],[-116.62065,33.15966],[-116.62079,33.1596],[-116.62103,33.15955],[-116.62122,33.15948],[-116.62135,33.15946],[-116.62148,33.15948],[-116.62169,33.15956],[-116.62187,33.15968],[-116.62207,33.15978],[-116.62226,33.15985],[-116.62254,33.1599],[-116.62284,33.1599],[-116.62315,33.15986],[-116.62368,33.1597],[-116.62516,33.15922],[-116.62597,33.15894],[-116.62623,33.1589],[-116.62658,33.15892],[-116.62725,33.15911],[-116.62751,33.15913],[-116.62761,33.15911],[-116.62794,33.15904],[-116.62812,33.15902],[-116.62859,33.15908],[-116.62875,33.15908],[-116.62952,33.15892],[-116.62975,33.15888],[-116.62985,33.15885],[-116.63002,33.15876],[-116.63019,33.15861],[-116.63027,33.15844],[-116.63034,33.15818],[-116.63039,33.1581],[-116.63049,33.15802],[-116.63107,33.15785],[-116.6312,33.15778],[-116.63146,33.15759],[-116.63158,33.15755],[-116.63172,33.15753],[-116.63183,33.15755],[-116.63199,33.15763],[-116.63218,33.15788],[-116.63253,33.15841],[-116.63296,33.15903],[-116.63308,33.15916],[-116.63318,33.15922],[-116.63341,33.15929],[-116.63368,33.15928],[-116.6339,33.1592],[-116.63406,33.15911],[-116.63416,33.15902]]}},{"type":"Feature","properties":{"name":"Bureau of Indian Affairs Road 54","road_class":"unclassified","surface":"dirt","source":"Caltrans All Roads + OpenStreetMap explicit surface","source_detail":"osm way 5963616; Caltrans All Roads public-network geometry match","source_tile":"180/411","public_network_source":"Caltrans All Roads (ARNOLD/HPMS)","surface_source":"OpenStreetMap explicit surface tag","caltrans_match_coverage":1.0,"verified_length_m":666},"geometry":{"type":"LineString","coordinates":[[-116.63416,33.15902],[-116.6341,33.15911],[-116.63416,33.15953],[-116.6341,33.15973],[-116.6336,33.16043],[-116.63354,33.1605],[-116.63345,33.16056],[-116.63338,33.16059],[-116.63309,33.16065],[-116.63289,33.16081],[-116.6328,33.16092],[-116.63271,33.16108],[-116.6327,33.16118],[-116.63263,33.1613],[-116.63256,33.16136],[-116.63251,33.16139],[-116.63238,33.1614],[-116.63226,33.16138],[-116.63219,33.16133],[-116.6321,33.16125],[-116.63199,33.16118],[-116.63185,33.16114],[-116.63174,33.16112],[-116.63159,33.16113],[-116.6313,33.16122],[-116.63113,33.1613],[-116.63113,33.1614],[-116.63117,33.16149],[-116.63147,33.16169],[-116.63163,33.16185],[-116.63168,33.16192],[-116.63172,33.16214],[-116.63168,33.16226],[-116.63164,33.16231],[-116.63139,33.16248],[-116.63119,33.16257],[-116.63111,33.16264]]}},{"type":"Feature","properties":{"name":"Cooper Cienega Truck Trail","road_class":"track","surface":"unpaved","tracktype":"grade2","source":"Caltrans All Roads + OpenStreetMap explicit surface","source_detail":"osm way 5963780; Caltrans All Roads public-network geometry match","source_tile":"180/411","public_network_source":"Caltrans All Roads (ARNOLD/HPMS)","surface_source":"OpenStreetMap explicit surface tag","caltrans_match_coverage":1.0,"verified_length_m":2459},"geometry":{"type":"LineString","coordinates":[[-116.68631,33.39523],[-116.68628,33.39526],[-116.68626,33.39529],[-116.68624,33.39533],[-116.68622,33.39536],[-116.68618,33.39538],[-116.6861,33.3954],[-116.6849,33.39534],[-116.68465,33.39535],[-116.68469,33.39556],[-116.68472,33.39584],[-116.68473,33.39637],[-116.68478,33.39687],[-116.68492,33.39754],[-116.68501,33.39793],[-116.68503,33.39813],[-116.6851,33.39838],[-116.68517,33.39847],[-116.68546,33.39938],[-116.68547,33.3995],[-116.68555,33.39975],[-116.68573,33.39996],[-116.686,33.40019],[-116.68623,33.40028],[-116.68639,33.40036],[-116.68652,33.40046],[-116.68734,33.40122],[-116.68742,33.40132],[-116.6875,33.40157],[-116.68743,33.40212],[-116.68744,33.40235],[-116.68742,33.40242],[-116.68736,33.40247],[-116.68732,33.40255],[-116.6873,33.40273],[-116.68722,33.40301],[-116.68713,33.40319],[-116.68703,33.40339],[-116.68704,33.40359],[-116.68718,33.40384],[-116.68726,33.40409],[-116.68732,33.40413],[-116.68753,33.40415],[-116.6876,33.40418],[-116.68763,33.40423],[-116.68762,33.40429],[-116.68752,33.40445],[-116.68751,33.40452],[-116.68754,33.40461],[-116.68764,33.40474],[-116.68767,33.40487],[-116.68761,33.40498],[-116.68762,33.40522],[-116.68775,33.40541],[-116.68777,33.40547],[-116.68775,33.4056],[-116.68768,33.40569],[-116.68745,33.40582],[-116.68733,33.40596],[-116.68731,33.40602],[-116.68732,33.40613],[-116.68746,33.40625],[-116.68748,33.40629],[-116.68747,33.40636],[-116.68701,33.40694],[-116.6867,33.40708],[-116.68658,33.40718],[-116.68655,33.40729],[-116.68655,33.40761],[-116.68663,33.40774],[-116.68682,33.40791],[-116.68688,33.40796],[-116.68696,33.40798],[-116.68709,33.40801],[-116.68735,33.40802],[-116.68758,33.40799],[-116.68778,33.40797],[-116.68793,33.40798],[-116.68792,33.40802],[-116.68792,33.40805],[-116.68795,33.40813],[-116.68799,33.40823],[-116.68802,33.4083],[-116.68802,33.40835],[-116.688,33.40839],[-116.68797,33.40846],[-116.68793,33.40852],[-116.68793,33.40859],[-116.68794,33.40863],[-116.68798,33.40867],[-116.68804,33.40872],[-116.68813,33.40877],[-116.68829,33.40887],[-116.68846,33.40903],[-116.68854,33.40911],[-116.68856,33.40915],[-116.68856,33.40919],[-116.68855,33.40924],[-116.68853,33.40927],[-116.68844,33.40936],[-116.68834,33.40946],[-116.68822,33.40962],[-116.68808,33.40974],[-116.68793,33.40992],[-116.68784,33.41002],[-116.68776,33.41015],[-116.6877,33.41027],[-116.68766,33.4104],[-116.68765,33.41062],[-116.68766,33.41077],[-116.68765,33.41087],[-116.68764,33.41095],[-116.68762,33.41101],[-116.68758,33.41108],[-116.68739,33.41133],[-116.68715,33.41165],[-116.68703,33.4118],[-116.68697,33.41187],[-116.68691,33.41195],[-116.68686,33.41208],[-116.68684,33.41217],[-116.68682,33.41221],[-116.68678,33.41224],[-116.68666,33.41227],[-116.68656,33.41232],[-116.68642,33.41238],[-116.68636,33.41242],[-116.68629,33.41246]]}},{"type":"Feature","properties":{"name":"Cooper Cienega Truck Trail","road_class":"track","surface":"unpaved","tracktype":"grade2","source":"Caltrans All Roads + OpenStreetMap explicit surface","source_detail":"osm way 5963781; Caltrans All Roads public-network geometry match","source_tile":"180/411","public_network_source":"Caltrans All Roads (ARNOLD/HPMS)","surface_source":"OpenStreetMap explicit surface tag","caltrans_match_coverage":1.0,"verified_length_m":1992},"geometry":{"type":"LineString","coordinates":[[-116.68629,33.41246],[-116.68626,33.41248],[-116.68623,33.41251],[-116.6862,33.41259],[-116.68618,33.41265],[-116.68618,33.41271],[-116.68619,33.41276],[-116.68621,33.41283],[-116.68621,33.41286],[-116.6862,33.4129],[-116.68619,33.41297],[-116.68617,33.41305],[-116.6861,33.41312],[-116.68602,33.41318],[-116.68591,33.41323],[-116.68569,33.41329],[-116.68557,33.41333],[-116.68546,33.41337],[-116.68534,33.41346],[-116.68521,33.41355],[-116.68507,33.41364],[-116.6849,33.41374],[-116.68481,33.41383],[-116.68471,33.4139],[-116.68459,33.41395],[-116.68447,33.414],[-116.68438,33.41406],[-116.68433,33.41413],[-116.68429,33.41421],[-116.68426,33.41427],[-116.68423,33.41436],[-116.68421,33.41446],[-116.68417,33.41452],[-116.6841,33.41456],[-116.68399,33.41461],[-116.68389,33.41466],[-116.68384,33.41472],[-116.6838,33.41481],[-116.68377,33.41492],[-116.68376,33.41503],[-116.68378,33.41515],[-116.68381,33.41525],[-116.68386,33.41538],[-116.68395,33.41563],[-116.68402,33.41579],[-116.6841,33.41601],[-116.68418,33.41624],[-116.68424,33.4164],[-116.68426,33.41648],[-116.68426,33.41658],[-116.68425,33.41663],[-116.68418,33.41683],[-116.68411,33.41703],[-116.684,33.41738],[-116.6839,33.4176],[-116.68387,33.41769],[-116.68388,33.41774],[-116.6839,33.41777],[-116.68394,33.4178],[-116.68401,33.41781],[-116.6841,33.41782],[-116.68416,33.41784],[-116.68422,33.4179],[-116.68425,33.41798],[-116.68425,33.41803],[-116.68422,33.4181],[-116.68419,33.41818],[-116.68418,33.41821],[-116.68415,33.41826],[-116.68408,33.41833],[-116.68401,33.41836],[-116.68395,33.4184],[-116.6839,33.41845],[-116.68388,33.41851],[-116.68387,33.41858],[-116.6839,33.41869],[-116.68394,33.41882],[-116.68399,33.41893],[-116.68405,33.41905],[-116.6841,33.41916],[-116.68411,33.41921],[-116.68409,33.41924],[-116.68406,33.41927],[-116.684,33.41929],[-116.68393,33.41929],[-116.68388,33.41927],[-116.68379,33.41921],[-116.68371,33.41916],[-116.68361,33.41912],[-116.68352,33.4191],[-116.68342,33.4191],[-116.68327,33.41912],[-116.6831,33.41915],[-116.68305,33.41916],[-116.68299,33.41918],[-116.68296,33.4192],[-116.68291,33.41926],[-116.68276,33.41942],[-116.6827,33.41954],[-116.68264,33.41962],[-116.68256,33.41968],[-116.68251,33.41971],[-116.68249,33.41974],[-116.68245,33.41979],[-116.68244,33.41985],[-116.68243,33.41992],[-116.68245,33.41998],[-116.68249,33.42007],[-116.68255,33.42018],[-116.68258,33.42029],[-116.68262,33.42037],[-116.68268,33.42047],[-116.68274,33.42056],[-116.6828,33.42068],[-116.68283,33.42077],[-116.68285,33.42087],[-116.68285,33.42094],[-116.68284,33.421],[-116.68281,33.42105],[-116.68278,33.42113],[-116.68276,33.4212],[-116.68276,33.42126],[-116.68276,33.42171],[-116.68276,33.42191],[-116.68279,33.42209],[-116.6828,33.42229],[-116.68279,33.42243],[-116.68278,33.42255],[-116.68274,33.42268],[-116.68268,33.42289],[-116.68264,33.423],[-116.68263,33.42304],[-116.68262,33.42309],[-116.68262,33.42313],[-116.68263,33.42317],[-116.68269,33.4233],[-116.68271,33.42338],[-116.68273,33.42346],[-116.68273,33.42352],[-116.68272,33.42356],[-116.68268,33.42361],[-116.68265,33.42364],[-116.68255,33.42372],[-116.68247,33.42379],[-116.68243,33.42386],[-116.68237,33.42396],[-116.6823,33.42405],[-116.68223,33.42412],[-116.68216,33.4242],[-116.68211,33.42425],[-116.68209,33.42429],[-116.68207,33.42433],[-116.68207,33.42438],[-116.68208,33.42444],[-116.6821,33.42453],[-116.68211,33.42458],[-116.68211,33.42464],[-116.6821,33.42473],[-116.68208,33.42484],[-116.68206,33.42509],[-116.68203,33.42522],[-116.682,33.42538],[-116.68194,33.42554],[-116.68189,33.42567],[-116.68185,33.42577],[-116.68181,33.42581],[-116.68179,33.42585],[-116.68179,33.42586],[-116.6818,33.42588],[-116.68181,33.4259],[-116.68185,33.42593],[-116.68191,33.42598],[-116.68201,33.42603],[-116.68209,33.42608],[-116.68214,33.42612],[-116.68218,33.42615],[-116.6822,33.42619],[-116.68223,33.42625],[-116.68225,33.42633],[-116.68224,33.42641],[-116.68223,33.42651],[-116.68218,33.42673],[-116.68214,33.42694],[-116.68209,33.42722]]}},{"type":"Feature","properties":{"name":"Lost Valley Road","road_class":"track","surface":"compacted","tracktype":"grade2","source":"Caltrans All Roads + OpenStreetMap explicit surface","source_detail":"osm way 5982168; Caltrans All Roads public-network geometry match","source_tile":"180/411","public_network_source":"Caltrans All Roads (ARNOLD/HPMS)","surface_source":"OpenStreetMap explicit surface tag","caltrans_match_coverage":1.0,"verified_length_m":9363},"geometry":{"type":"LineString","coordinates":[[-116.62148,33.37483],[-116.62103,33.37453],[-116.62088,33.37447],[-116.62074,33.37445],[-116.62061,33.37446],[-116.6205,33.3745],[-116.62042,33.37455],[-116.62026,33.37477],[-116.62017,33.37483],[-116.62009,33.37484],[-116.61997,33.37479],[-116.61977,33.37462],[-116.61966,33.37454],[-116.61955,33.37452],[-116.61944,33.37452],[-116.61861,33.37473],[-116.61796,33.37483],[-116.61769,33.37487],[-116.61739,33.3749],[-116.61716,33.37497],[-116.61683,33.37523],[-116.6167,33.37528],[-116.61662,33.37529],[-116.61649,33.37526],[-116.61612,33.37515],[-116.61573,33.37506],[-116.61547,33.37495],[-116.61492,33.37468],[-116.61469,33.37461],[-116.61458,33.37455],[-116.61444,33.37453],[-116.61431,33.37458],[-116.61423,33.37463],[-116.61413,33.37467],[-116.61406,33.3747],[-116.61397,33.37469],[-116.61392,33.37464],[-116.6138,33.37448],[-116.61373,33.37446],[-116.61365,33.37447],[-116.61351,33.37455],[-116.61339,33.37461],[-116.6132,33.37465],[-116.61241,33.37474],[-116.61225,33.37479],[-116.61213,33.37486],[-116.61203,33.37496],[-116.61199,33.37508],[-116.61198,33.37524],[-116.61195,33.37541],[-116.61187,33.37548],[-116.61159,33.37559],[-116.61138,33.37562],[-116.61116,33.37561],[-116.61104,33.37564],[-116.61079,33.37582],[-116.61054,33.37602],[-116.61045,33.3761],[-116.61035,33.37613],[-116.61025,33.37611],[-116.61014,33.37603],[-116.61007,33.376],[-116.60993,33.376],[-116.60983,33.37598],[-116.60978,33.37593],[-116.6097,33.3757],[-116.6097,33.3755],[-116.60966,33.37535],[-116.60959,33.37526],[-116.60946,33.37521],[-116.60931,33.3752],[-116.60898,33.37526],[-116.60863,33.37536],[-116.60855,33.37543],[-116.60849,33.37554],[-116.6084,33.37562],[-116.60828,33.37565],[-116.60802,33.37555],[-116.60792,33.37548],[-116.60789,33.37542],[-116.60793,33.37531],[-116.60793,33.37525],[-116.6078,33.37502],[-116.6076,33.37475],[-116.60729,33.37468],[-116.6072,33.37463],[-116.60705,33.37449],[-116.60682,33.3744],[-116.60671,33.37432],[-116.60651,33.37417],[-116.60632,33.3741],[-116.60616,33.37409],[-116.6056,33.37416],[-116.60545,33.37415],[-116.60529,33.37411],[-116.60517,33.3741],[-116.60509,33.3741],[-116.6049,33.37416],[-116.60475,33.37426],[-116.60462,33.37446],[-116.60459,33.37455],[-116.6046,33.37462],[-116.60463,33.37468],[-116.60477,33.37482],[-116.60478,33.37489],[-116.60472,33.37495],[-116.60468,33.37497],[-116.60454,33.37493],[-116.60441,33.37494],[-116.60435,33.37496],[-116.60423,33.37503],[-116.60375,33.37586],[-116.60373,33.37594],[-116.6036,33.3765],[-116.60363,33.37671],[-116.60362,33.37696],[-116.6036,33.37709],[-116.6036,33.37731],[-116.60362,33.37751],[-116.60368,33.37776],[-116.60367,33.37782],[-116.60358,33.37794],[-116.60349,33.37798],[-116.60319,33.37802],[-116.60286,33.37811],[-116.60265,33.37819],[-116.60238,33.37828],[-116.60185,33.37839],[-116.60167,33.37848],[-116.60155,33.3786],[-116.60139,33.379],[-116.60139,33.37917],[-116.60146,33.37932],[-116.60146,33.37938],[-116.60143,33.37942],[-116.60134,33.37946],[-116.60126,33.37946],[-116.60114,33.37935],[-116.60099,33.37926],[-116.60081,33.37921],[-116.6007,33.37921],[-116.6004,33.37923],[-116.60017,33.37921],[-116.59972,33.3792],[-116.59935,33.37923],[-116.59911,33.37933],[-116.59886,33.37934],[-116.59863,33.37938],[-116.59833,33.37957],[-116.59806,33.3796],[-116.59779,33.3796],[-116.59764,33.37968],[-116.59747,33.37985],[-116.59724,33.37992],[-116.59714,33.37997],[-116.59702,33.38007],[-116.59695,33.3802],[-116.59686,33.3803],[-116.59681,33.38034],[-116.5966,33.38041],[-116.59655,33.38046],[-116.59653,33.38055],[-116.59655,33.38059],[-116.59662,33.38065],[-116.59692,33.38077],[-116.59697,33.38082],[-116.59697,33.38092],[-116.59693,33.38096],[-116.59686,33.38098],[-116.59676,33.38097],[-116.59663,33.38099],[-116.59645,33.38108],[-116.59615,33.38128],[-116.59603,33.38138],[-116.59591,33.38143],[-116.59583,33.38144],[-116.59555,33.38143],[-116.59524,33.38151],[-116.5951,33.38153],[-116.59468,33.38156],[-116.59443,33.38158],[-116.59417,33.38163],[-116.59407,33.38164],[-116.59396,33.38164],[-116.59378,33.3816],[-116.59362,33.38153],[-116.59353,33.38148],[-116.5934,33.38135],[-116.59328,33.38116],[-116.59326,33.38091],[-116.59328,33.38082],[-116.59338,33.3806],[-116.59338,33.3805],[-116.59332,33.38039],[-116.59299,33.38016],[-116.59267,33.3799],[-116.59251,33.37971],[-116.59246,33.37963],[-116.5924,33.37957],[-116.59236,33.37954],[-116.59229,33.37951],[-116.59213,33.3795],[-116.59193,33.37957],[-116.59174,33.37968],[-116.59164,33.37976],[-116.59155,33.37989],[-116.59142,33.37999],[-116.59122,33.38001],[-116.59095,33.37999],[-116.59089,33.37997],[-116.5908,33.37991],[-116.59077,33.37987],[-116.59074,33.37976],[-116.59077,33.37967],[-116.5909,33.37957],[-116.59113,33.3795],[-116.5912,33.37945],[-116.59126,33.37936],[-116.59129,33.37924],[-116.59125,33.37908],[-116.59117,33.37899],[-116.591,33.37892],[-116.59087,33.37889],[-116.59075,33.37883],[-116.5907,33.37876],[-116.59079,33.37854],[-116.59089,33.37838],[-116.5909,33.37826],[-116.59077,33.37794],[-116.59067,33.37779],[-116.59055,33.37769],[-116.59035,33.37756],[-116.59007,33.37745],[-116.58991,33.37736],[-116.58948,33.37719],[-116.58931,33.37714],[-116.58913,33.37712],[-116.58884,33.37704],[-116.58863,33.37696],[-116.58846,33.37693],[-116.58822,33.37691],[-116.58797,33.37687],[-116.5877,33.37675],[-116.58581,33.37566],[-116.58569,33.37564],[-116.58555,33.37565],[-116.5854,33.37574],[-116.58526,33.37578],[-116.58508,33.37579],[-116.58501,33.37578],[-116.58488,33.37572],[-116.58456,33.37554],[-116.58424,33.37543],[-116.58383,33.37524],[-116.58342,33.37499],[-116.58333,33.37497],[-116.58318,33.37499],[-116.58307,33.37508],[-116.58304,33.37519],[-116.58305,33.37525],[-116.58301,33.37541],[-116.58291,33.37552],[-116.58268,33.37563],[-116.58263,33.37566],[-116.58247,33.37603],[-116.58228,33.37626],[-116.58211,33.37636],[-116.58202,33.37637],[-116.58192,33.37633],[-116.58165,33.37616],[-116.58147,33.37598],[-116.58138,33.37592],[-116.58125,33.37588],[-116.58109,33.37588],[-116.58099,33.37586],[-116.58086,33.37581],[-116.5808,33.37576],[-116.58072,33.37573],[-116.5806,33.37572],[-116.58042,33.37577],[-116.58035,33.37584],[-116.58022,33.37589],[-116.58009,33.37588],[-116.57999,33.37584],[-116.57973,33.37548],[-116.57973,33.37539],[-116.5798,33.37529],[-116.57985,33.37518],[-116.57984,33.37511],[-116.57967,33.3748],[-116.57958,33.37476],[-116.57953,33.37476],[-116.57946,33.37479],[-116.57899,33.37526],[-116.5789,33.37529],[-116.5788,33.3753],[-116.57863,33.37525],[-116.57856,33.37519],[-116.57854,33.37516],[-116.57829,33.37499],[-116.57809,33.37492],[-116.57794,33.3749],[-116.57766,33.3749],[-116.57754,33.37486],[-116.57748,33.37481],[-116.57742,33.37474],[-116.57737,33.37448],[-116.57733,33.37442],[-116.57693,33.3741],[-116.57679,33.37404],[-116.57646,33.37395],[-116.5763,33.37393],[-116.57599,33.37396],[-116.57561,33.37407],[-116.57522,33.37411],[-116.57513,33.37415],[-116.57509,33.37419],[-116.57506,33.37427],[-116.57508,33.37434],[-116.57517,33.37448],[-116.5752,33.37456],[-116.5752,33.37465],[-116.57523,33.37474],[-116.57529,33.37483],[-116.57527,33.37494],[-116.57523,33.375],[-116.57516,33.37504],[-116.57484,33.37508],[-116.57472,33.37512],[-116.57458,33.37522],[-116.57452,33.37531],[-116.57444,33.37534],[-116.57439,33.37533],[-116.57429,33.37528],[-116.57421,33.37526],[-116.57397,33.37529],[-116.57384,33.37524],[-116.57362,33.37508],[-116.57351,33.37504],[-116.57339,33.37502],[-116.57284,33.37508],[-116.57262,33.37514],[-116.57248,33.37523],[-116.57227,33.3753],[-116.57217,33.3753],[-116.57201,33.37526],[-116.57193,33.37526],[-116.57178,33.3753],[-116.57172,33.37535],[-116.57165,33.37552],[-116.57165,33.3756],[-116.57153,33.37591],[-116.57154,33.37603],[-116.57171,33.37631],[-116.57172,33.37641],[-116.57166,33.37649],[-116.57156,33.37656],[-116.57126,33.37672],[-116.57101,33.3768],[-116.57085,33.3768],[-116.57068,33.37676],[-116.57057,33.37667],[-116.57053,33.37661],[-116.57047,33.37637],[-116.5704,33.37624],[-116.57012,33.37598],[-116.56993,33.37574],[-116.56984,33.37569],[-116.56974,33.37568],[-116.56967,33.37569],[-116.56962,33.37572],[-116.56953,33.3758],[-116.56931,33.37626],[-116.56931,33.37643],[-116.56941,33.37671],[-116.56944,33.37684],[-116.56944,33.37698],[-116.56938,33.37704],[-116.56924,33.37713],[-116.56911,33.37725],[-116.56898,33.37739],[-116.56892,33.37743],[-116.56886,33.37743],[-116.56863,33.37735],[-116.56835,33.37733],[-116.5682,33.37728],[-116.56779,33.37699],[-116.56758,33.37686],[-116.56751,33.37684],[-116.56746,33.37685],[-116.56735,33.3769],[-116.56729,33.37696],[-116.56728,33.37727],[-116.56719,33.3774],[-116.56702,33.37778],[-116.56693,33.37783],[-116.56689,33.37783],[-116.56645,33.37767],[-116.56612,33.3775],[-116.56573,33.37739],[-116.56564,33.37732],[-116.56555,33.37716],[-116.56549,33.37709],[-116.56513,33.3769],[-116.56509,33.37683],[-116.56511,33.37649],[-116.56504,33.37634],[-116.56499,33.3763],[-116.56493,33.37618],[-116.56493,33.3761],[-116.56487,33.37598],[-116.56455,33.37568],[-116.56452,33.37561],[-116.56456,33.37538],[-116.56454,33.3753],[-116.56448,33.37522],[-116.56432,33.37514],[-116.56422,33.37505],[-116.56419,33.37497],[-116.56412,33.37489],[-116.56403,33.37485],[-116.56391,33.37485],[-116.56373,33.37493],[-116.56364,33.37495],[-116.56356,33.37492],[-116.56351,33.3748],[-116.56351,33.37468],[-116.56345,33.37458],[-116.56341,33.37456],[-116.56316,33.3745],[-116.56311,33.37444],[-116.56311,33.37432],[-116.56314,33.37426],[-116.56322,33.37397],[-116.56322,33.37381],[-116.5632,33.37376],[-116.56316,33.37372],[-116.56301,33.37365],[-116.5629,33.37357],[-116.56285,33.37347],[-116.56286,33.37332],[-116.56284,33.37324],[-116.56248,33.37295],[-116.56226,33.37275],[-116.56213,33.37268],[-116.56204,33.37269],[-116.56196,33.37273],[-116.56176,33.373],[-116.56164,33.37307],[-116.56156,33.37314],[-116.56146,33.37334],[-116.56142,33.37338],[-116.56123,33.37344],[-116.56112,33.37344],[-116.56103,33.37341],[-116.5608,33.3733],[-116.56062,33.37324],[-116.5603,33.37318],[-116.56005,33.37319],[-116.55996,33.37322],[-116.55988,33.37326],[-116.55935,33.37372],[-116.55927,33.37374],[-116.55917,33.37373],[-116.55913,33.3737],[-116.55904,33.3736],[-116.55901,33.37355],[-116.559,33.37343],[-116.55901,33.37332],[-116.55896,33.37323],[-116.55888,33.37316],[-116.55868,33.37307],[-116.5586,33.37299],[-116.55858,33.37286],[-116.55859,33.37259],[-116.55858,33.37249],[-116.55849,33.37233],[-116.55836,33.37217],[-116.55833,33.37206],[-116.55833,33.37194],[-116.55836,33.3718],[-116.55852,33.37145],[-116.55862,33.37113],[-116.55871,33.37097],[-116.5589,33.37073],[-116.55908,33.37036],[-116.55907,33.37029],[-116.55898,33.37021],[-116.55878,33.37012],[-116.55872,33.37005],[-116.55866,33.36992],[-116.55866,33.36986],[-116.55874,33.36968],[-116.55869,33.36942],[-116.55856,33.36915],[-116.55851,33.36901],[-116.55852,33.36886]]}},{"type":"Feature","properties":{"name":"Lost Valley Road","road_class":"track","surface":"compacted","tracktype":"grade2","source":"Caltrans All Roads + OpenStreetMap explicit surface","source_detail":"osm way 5982194; Caltrans All Roads public-network geometry match","source_tile":"180/411","public_network_source":"Caltrans All Roads (ARNOLD/HPMS)","surface_source":"OpenStreetMap explicit surface tag","caltrans_match_coverage":1.0,"verified_length_m":4406},"geometry":{"type":"LineString","coordinates":[[-116.65286,33.38472],[-116.65223,33.38474],[-116.65066,33.38471],[-116.65048,33.38473],[-116.64939,33.38469],[-116.64922,33.3847],[-116.64891,33.38474],[-116.64864,33.38473],[-116.64845,33.3847],[-116.64799,33.38466],[-116.64754,33.38462],[-116.64693,33.38459],[-116.64653,33.3846],[-116.64561,33.38456],[-116.64499,33.38455],[-116.64374,33.38446],[-116.64365,33.38448],[-116.64354,33.38453],[-116.6435,33.38456],[-116.64334,33.38472],[-116.64325,33.3849],[-116.64319,33.38498],[-116.64301,33.38512],[-116.64285,33.38517],[-116.64259,33.38519],[-116.64182,33.38512],[-116.6412,33.38515],[-116.64106,33.38517],[-116.64091,33.38522],[-116.64072,33.3853],[-116.63979,33.3858],[-116.63967,33.38583],[-116.63957,33.38584],[-116.63943,33.38589],[-116.63938,33.38595],[-116.63935,33.38603],[-116.63935,33.38615],[-116.63931,33.38634],[-116.6392,33.38652],[-116.63897,33.38667],[-116.63882,33.38672],[-116.63865,33.38673],[-116.63852,33.38675],[-116.63815,33.38692],[-116.63754,33.38717],[-116.63734,33.38723],[-116.63715,33.38725],[-116.63698,33.38723],[-116.63689,33.38723],[-116.63674,33.3873],[-116.63646,33.38771],[-116.63632,33.38809],[-116.63623,33.38846],[-116.63609,33.38873],[-116.63597,33.38884],[-116.63586,33.38885],[-116.63577,33.38882],[-116.6357,33.38875],[-116.63566,33.38866],[-116.63566,33.38861],[-116.63562,33.38855],[-116.63548,33.38842],[-116.6354,33.38839],[-116.63531,33.38839],[-116.63523,33.38844],[-116.63515,33.38853],[-116.635,33.3886],[-116.63485,33.38861],[-116.6347,33.38858],[-116.63457,33.38852],[-116.63406,33.38813],[-116.63396,33.38798],[-116.63394,33.38772],[-116.63388,33.38738],[-116.63387,33.38723],[-116.63374,33.38687],[-116.63366,33.38672],[-116.6335,33.38658],[-116.63318,33.38639],[-116.633,33.3863],[-116.63282,33.38624],[-116.63253,33.38608],[-116.63239,33.38598],[-116.63226,33.38592],[-116.63207,33.38591],[-116.6319,33.38596],[-116.63176,33.3861],[-116.6317,33.3862],[-116.63162,33.38639],[-116.63154,33.38647],[-116.63138,33.38649],[-116.63137,33.38648],[-116.63128,33.38645],[-116.63116,33.38633],[-116.63108,33.38614],[-116.63094,33.38591],[-116.63081,33.38582],[-116.63064,33.38576],[-116.63056,33.38573],[-116.63039,33.38553],[-116.62991,33.38479],[-116.62977,33.3846],[-116.62943,33.38394],[-116.62923,33.38359],[-116.62904,33.3832],[-116.62869,33.38255],[-116.62862,33.38244],[-116.62859,33.38227],[-116.62851,33.38203],[-116.62838,33.38183],[-116.62829,33.38172],[-116.62819,33.3817],[-116.62809,33.38171],[-116.62796,33.38181],[-116.62783,33.38212],[-116.62776,33.38221],[-116.62769,33.38225],[-116.62758,33.38227],[-116.62748,33.38225],[-116.62741,33.38219],[-116.62737,33.38209],[-116.62738,33.38199],[-116.62743,33.38189],[-116.62743,33.38162],[-116.62741,33.38147],[-116.62735,33.38131],[-116.62727,33.38122],[-116.62719,33.38118],[-116.62695,33.38117],[-116.62658,33.38119],[-116.62648,33.38118],[-116.6263,33.3811],[-116.62611,33.3809],[-116.62572,33.38058],[-116.62564,33.38048],[-116.62556,33.38033],[-116.62556,33.38004],[-116.62563,33.37991],[-116.62573,33.37982],[-116.62598,33.37953],[-116.62608,33.37936],[-116.62608,33.37929],[-116.62605,33.37918],[-116.62605,33.37907],[-116.6261,33.37897],[-116.62611,33.37878],[-116.62608,33.37871],[-116.62584,33.37847],[-116.62566,33.37835],[-116.62541,33.37828],[-116.62531,33.37827],[-116.6252,33.37826],[-116.62507,33.37822],[-116.62495,33.37814],[-116.62491,33.37806],[-116.6247,33.37737],[-116.62465,33.37729],[-116.62453,33.37718],[-116.62442,33.37702],[-116.6244,33.37695],[-116.62429,33.3768],[-116.62421,33.37674],[-116.62414,33.37663],[-116.62414,33.37649],[-116.6241,33.37636],[-116.62372,33.37581],[-116.62347,33.37557],[-116.62338,33.37553],[-116.62327,33.37551],[-116.62318,33.37552],[-116.62296,33.37561],[-116.62287,33.37562],[-116.62273,33.37562],[-116.62261,33.37559],[-116.62238,33.37541],[-116.62206,33.37509],[-116.62191,33.37499],[-116.62148,33.37483]]}},{"type":"Feature","properties":{"name":"Old Chaney Ranch Road","road_class":"unclassified","surface":"dirt","source":"Caltrans All Roads + OpenStreetMap explicit surface","source_detail":"osm way 5988302; Caltrans All Roads public-network geometry match","source_tile":"180/411","public_network_source":"Caltrans All Roads (ARNOLD/HPMS)","surface_source":"OpenStreetMap explicit surface tag","caltrans_match_coverage":1.0,"verified_length_m":2735},"geometry":{"type":"LineString","coordinates":[[-116.68911,33.30815],[-116.68835,33.30825],[-116.68803,33.30827],[-116.68704,33.30839],[-116.68505,33.30855],[-116.68473,33.30861],[-116.68442,33.3087],[-116.68346,33.30893],[-116.68331,33.30894],[-116.68283,33.30893],[-116.68262,33.30899],[-116.68236,33.30913],[-116.68227,33.30917],[-116.6819,33.30924],[-116.68143,33.30931],[-116.68091,33.30935],[-116.68068,33.30936],[-116.67987,33.30938],[-116.67928,33.30936],[-116.67906,33.30938],[-116.67649,33.30956],[-116.67625,33.3096],[-116.67588,33.30969],[-116.67561,33.30973],[-116.67436,33.30981],[-116.67397,33.3098],[-116.67338,33.30971],[-116.67313,33.3097],[-116.67291,33.30967],[-116.67278,33.30966],[-116.67247,33.30969],[-116.6724,33.3097],[-116.67229,33.30973],[-116.67221,33.30976],[-116.67178,33.30988],[-116.67168,33.30989],[-116.67148,33.30989],[-116.67017,33.30965],[-116.66972,33.30959],[-116.66962,33.30959],[-116.66907,33.30958],[-116.66894,33.30956],[-116.66874,33.30949],[-116.66854,33.3094],[-116.66844,33.30935],[-116.66811,33.30927],[-116.66785,33.30924],[-116.6676,33.30923],[-116.6673,33.30918],[-116.6671,33.30913],[-116.66693,33.30905],[-116.6668,33.30896],[-116.66647,33.30865],[-116.66606,33.30837],[-116.66544,33.30806],[-116.66458,33.3077],[-116.66321,33.30706],[-116.66234,33.30672],[-116.66182,33.30655],[-116.66154,33.30637],[-116.66144,33.30626],[-116.66129,33.30616],[-116.66117,33.30613]]}},{"type":"Feature","properties":{"name":"Grapevine Canyon Road","road_class":"unclassified","surface":"dirt","tracktype":"grade2","source":"Caltrans All Roads + OpenStreetMap explicit surface","source_detail":"osm way 6003382; Caltrans All Roads public-network geometry match","source_tile":"180/411","public_network_source":"Caltrans All Roads (ARNOLD/HPMS)","surface_source":"OpenStreetMap explicit surface tag","caltrans_match_coverage":1.0,"verified_length_m":3462},"geometry":{"type":"LineString","coordinates":[[-116.56471,33.21265],[-116.56487,33.21245],[-116.5649,33.21225],[-116.56482,33.21212],[-116.56471,33.21199],[-116.56451,33.21181],[-116.56438,33.21167],[-116.56375,33.21085],[-116.56363,33.21073],[-116.56347,33.21057],[-116.56344,33.2105],[-116.56341,33.21043],[-116.56335,33.21029],[-116.56284,33.20965],[-116.56244,33.20913],[-116.56173,33.2082],[-116.56156,33.20797],[-116.5614,33.20778],[-116.56114,33.20763],[-116.56065,33.20744],[-116.56058,33.2074],[-116.56016,33.20716],[-116.55998,33.20709],[-116.5598,33.20705],[-116.55897,33.20686],[-116.55886,33.20682],[-116.55823,33.20658],[-116.55754,33.20631],[-116.55731,33.20616],[-116.55659,33.20567],[-116.55637,33.20553],[-116.55627,33.20546],[-116.55591,33.20522],[-116.55543,33.20488],[-116.55524,33.2048],[-116.55496,33.2047],[-116.5548,33.2046],[-116.55457,33.20446],[-116.55447,33.2044],[-116.55413,33.20418],[-116.55361,33.20377],[-116.55349,33.20358],[-116.55348,33.20353],[-116.55341,33.20326],[-116.55336,33.20309],[-116.55324,33.20293],[-116.55306,33.20271],[-116.55271,33.20223],[-116.55259,33.20203],[-116.55237,33.20187],[-116.55213,33.20152],[-116.55183,33.20114],[-116.55146,33.20062],[-116.55107,33.20028],[-116.55104,33.20024],[-116.55094,33.20013],[-116.55091,33.20003],[-116.55086,33.19985],[-116.55069,33.19968],[-116.5505,33.19951],[-116.55022,33.19924],[-116.55003,33.19897],[-116.54981,33.19861],[-116.5495,33.19822],[-116.54945,33.19815],[-116.54929,33.19792],[-116.54923,33.19784],[-116.54914,33.19774],[-116.54895,33.19751],[-116.54874,33.19725],[-116.54843,33.19691],[-116.54757,33.19583],[-116.54736,33.19546],[-116.54715,33.19519],[-116.54708,33.19512],[-116.54675,33.19485],[-116.54662,33.1947],[-116.5465,33.19459],[-116.54635,33.1945],[-116.5463,33.19446],[-116.54596,33.19431],[-116.54565,33.19417],[-116.5453,33.194],[-116.54519,33.19396],[-116.54486,33.19382],[-116.54427,33.19352],[-116.54412,33.19338],[-116.54386,33.19299],[-116.54366,33.19275],[-116.54357,33.19262],[-116.54344,33.19237],[-116.54334,33.19228],[-116.54307,33.19212],[-116.54303,33.19206],[-116.54295,33.19183],[-116.54288,33.19176],[-116.54272,33.1917],[-116.54259,33.1917],[-116.5425,33.19173],[-116.54222,33.19192],[-116.54219,33.19196],[-116.54216,33.19206],[-116.54215,33.19219],[-116.54218,33.1924],[-116.54214,33.19249],[-116.54213,33.19252],[-116.54205,33.1926],[-116.54195,33.19267],[-116.54173,33.19276],[-116.54148,33.19279],[-116.54118,33.19276],[-116.54096,33.19271]]}},{"type":"Feature","properties":{"name":"Camino San Ignacio Road","road_class":"unclassified","surface":"dirt","source":"Caltrans All Roads + OpenStreetMap explicit surface","source_detail":"osm way 6005219; Caltrans All Roads public-network geometry match","source_tile":"180/411","public_network_source":"Caltrans All Roads (ARNOLD/HPMS)","surface_source":"OpenStreetMap explicit surface tag","caltrans_match_coverage":1.0,"verified_length_m":4441},"geometry":{"type":"LineString","coordinates":[[-116.51407,33.30039],[-116.51448,33.30081],[-116.51476,33.3009],[-116.51505,33.30108],[-116.51508,33.30112],[-116.51553,33.30157],[-116.51564,33.30172],[-116.51572,33.30194],[-116.51577,33.30203],[-116.51596,33.30226],[-116.51613,33.30253],[-116.5162,33.30315],[-116.51623,33.30326],[-116.5163,33.30338],[-116.51655,33.30364],[-116.51662,33.30382],[-116.51665,33.30385],[-116.51686,33.30396],[-116.51715,33.30409],[-116.5177,33.30427],[-116.51785,33.30434],[-116.51925,33.30527],[-116.51949,33.30544],[-116.51994,33.30572],[-116.52014,33.30587],[-116.52033,33.306],[-116.52076,33.3062],[-116.52101,33.30634],[-116.52117,33.30641],[-116.52119,33.30642],[-116.52175,33.3066],[-116.52222,33.30682],[-116.52306,33.30705],[-116.52345,33.30722],[-116.52377,33.30742],[-116.52409,33.30755],[-116.52437,33.30761],[-116.52486,33.30764],[-116.52504,33.30761],[-116.52514,33.30757],[-116.5252,33.30753],[-116.52531,33.30744],[-116.5254,33.30732],[-116.52554,33.30698],[-116.52565,33.30675],[-116.52602,33.30632],[-116.52669,33.30564],[-116.52702,33.3053],[-116.52706,33.30519],[-116.5269,33.30408],[-116.52689,33.30405],[-116.52684,33.30397],[-116.52679,33.30394],[-116.52673,33.30391],[-116.52638,33.30374],[-116.52602,33.30352],[-116.52576,33.30333],[-116.52549,33.30308],[-116.52515,33.30269],[-116.5251,33.30259],[-116.52509,33.30235],[-116.52505,33.30213],[-116.52496,33.3019],[-116.52487,33.30175],[-116.52481,33.30156],[-116.52477,33.30092],[-116.52465,33.3008],[-116.52452,33.30078],[-116.52396,33.30092],[-116.52374,33.30092],[-116.52366,33.3009],[-116.52354,33.3008],[-116.52351,33.30072],[-116.52351,33.30057],[-116.52361,33.3004],[-116.52381,33.30016],[-116.52393,33.29993],[-116.52393,33.29971],[-116.5239,33.29963],[-116.5238,33.29948],[-116.5237,33.29936],[-116.52364,33.29921],[-116.52368,33.29887],[-116.52366,33.29865],[-116.5235,33.29827],[-116.52348,33.2981],[-116.52354,33.29797],[-116.52377,33.29759],[-116.52383,33.29752],[-116.52393,33.29744],[-116.52404,33.2974],[-116.52422,33.29739],[-116.5244,33.29736],[-116.52451,33.29729],[-116.52454,33.29716],[-116.52451,33.29708],[-116.52452,33.29685],[-116.52458,33.29674],[-116.52494,33.29628],[-116.52504,33.29605],[-116.52506,33.29585],[-116.52508,33.2954],[-116.52515,33.2952],[-116.52525,33.29506],[-116.52547,33.29472],[-116.52548,33.29462],[-116.52548,33.2946],[-116.52543,33.29444],[-116.52525,33.29409],[-116.52518,33.29382],[-116.52518,33.29347],[-116.52515,33.29319],[-116.52512,33.2926],[-116.52498,33.29232],[-116.52494,33.29216],[-116.52495,33.29192],[-116.52505,33.29155],[-116.52505,33.29149],[-116.52501,33.29137],[-116.52496,33.29106],[-116.52497,33.29092],[-116.52498,33.29084],[-116.52507,33.29063],[-116.52516,33.29051],[-116.52518,33.29047],[-116.52517,33.29037],[-116.52509,33.29016],[-116.52509,33.28998],[-116.52514,33.28956],[-116.52524,33.28898],[-116.52529,33.28876],[-116.52552,33.28822],[-116.52576,33.28778],[-116.52587,33.28747],[-116.52592,33.28716],[-116.52598,33.28698],[-116.52626,33.2864],[-116.52634,33.28633],[-116.52644,33.28627],[-116.52648,33.28624],[-116.52676,33.28597],[-116.52718,33.28568],[-116.52726,33.28556],[-116.52726,33.28548],[-116.52717,33.28513],[-116.52723,33.28472],[-116.52724,33.28447],[-116.52716,33.28373]]}},{"type":"Feature","properties":{"name":"Mataguay Road","road_class":"unclassified","surface":"unpaved","source":"Caltrans All Roads + OpenStreetMap explicit surface","source_detail":"osm way 6051732; Caltrans All Roads public-network geometry match","source_tile":"180/411","public_network_source":"Caltrans All Roads (ARNOLD/HPMS)","surface_source":"OpenStreetMap explicit surface tag","caltrans_match_coverage":0.889,"verified_length_m":1247},"geometry":{"type":"LineString","coordinates":[[-116.64949,33.19762],[-116.64952,33.19772],[-116.64953,33.19781],[-116.64953,33.19784],[-116.64957,33.19794],[-116.64965,33.19805],[-116.6498,33.19822],[-116.65003,33.19849],[-116.65018,33.19868],[-116.65022,33.19875],[-116.65031,33.19889],[-116.65039,33.19901],[-116.65046,33.19906],[-116.6505,33.19909],[-116.65061,33.19925],[-116.65066,33.19931],[-116.65072,33.19935],[-116.65078,33.19944],[-116.65085,33.19955],[-116.65089,33.19969],[-116.65104,33.20009],[-116.65119,33.20039],[-116.65126,33.20047],[-116.65133,33.20053],[-116.65144,33.20058],[-116.65152,33.20063],[-116.65203,33.20093],[-116.65222,33.20091],[-116.65235,33.20098],[-116.65243,33.20111],[-116.65249,33.20117],[-116.65256,33.20124],[-116.65281,33.20138],[-116.65285,33.20141],[-116.65315,33.20161],[-116.65335,33.20179],[-116.65354,33.20195],[-116.65373,33.20221],[-116.65387,33.20248],[-116.65395,33.2026],[-116.65404,33.20273],[-116.6541,33.2031],[-116.65421,33.20349],[-116.65423,33.20354],[-116.65427,33.20359],[-116.6544,33.20367],[-116.65465,33.20376],[-116.65478,33.2038],[-116.65489,33.20387],[-116.65493,33.20395],[-116.65499,33.20407],[-116.65506,33.20427],[-116.65512,33.20441],[-116.65522,33.20454],[-116.65534,33.20471],[-116.65546,33.20484],[-116.65554,33.20495],[-116.65559,33.20504],[-116.65553,33.2051],[-116.65546,33.20515],[-116.65539,33.20522],[-116.65525,33.20542],[-116.65516,33.20556],[-116.65507,33.20568],[-116.65498,33.20577],[-116.65479,33.20596],[-116.65465,33.20608],[-116.65459,33.20612],[-116.65455,33.20614],[-116.65448,33.20627],[-116.65442,33.20639],[-116.65438,33.20645],[-116.65435,33.20651]]}},{"type":"Feature","properties":{"name":"Qawish Road","road_class":"track","surface":"dirt","source":"Caltrans All Roads + OpenStreetMap explicit surface","source_detail":"osm way 6053664; Caltrans All Roads public-network geometry match","source_tile":"180/411","public_network_source":"Caltrans All Roads (ARNOLD/HPMS)","surface_source":"OpenStreetMap explicit surface tag","caltrans_match_coverage":1.0,"verified_length_m":3399},"geometry":{"type":"LineString","coordinates":[[-116.5252,33.30753],[-116.52547,33.30747],[-116.52599,33.30731],[-116.52634,33.3074],[-116.52686,33.30757],[-116.52718,33.30771],[-116.52821,33.30811],[-116.52843,33.30826],[-116.52855,33.30833],[-116.52876,33.30854],[-116.52888,33.30864],[-116.52944,33.3089],[-116.52969,33.30905],[-116.52997,33.30926],[-116.5303,33.30956],[-116.53075,33.30979],[-116.53104,33.30985],[-116.53129,33.30984],[-116.53151,33.30979],[-116.53273,33.30923],[-116.5329,33.30917],[-116.53342,33.30906],[-116.53357,33.30904],[-116.53385,33.30911],[-116.534,33.30912],[-116.5342,33.30912],[-116.53453,33.30904],[-116.53482,33.30901],[-116.53536,33.30892],[-116.53586,33.30891],[-116.53611,33.30886],[-116.53635,33.30878],[-116.53696,33.30851],[-116.53738,33.30839],[-116.53765,33.30828],[-116.53786,33.30824],[-116.53804,33.30824],[-116.53877,33.30841],[-116.53928,33.30854],[-116.53996,33.30877],[-116.54041,33.30889],[-116.54069,33.309],[-116.54101,33.30918],[-116.54114,33.30923],[-116.54177,33.30934],[-116.5419,33.3094],[-116.54196,33.30945],[-116.54205,33.30956],[-116.54211,33.30976],[-116.54224,33.31008],[-116.54229,33.31015],[-116.54237,33.31022],[-116.5425,33.3103],[-116.54263,33.31041],[-116.54283,33.31065],[-116.54298,33.31076],[-116.5439,33.31119],[-116.54404,33.31123],[-116.54428,33.31123],[-116.5444,33.31125],[-116.54492,33.31149],[-116.54559,33.31171],[-116.54594,33.31187],[-116.54636,33.31212],[-116.54688,33.31246],[-116.54716,33.31268],[-116.5475,33.31292],[-116.54763,33.31298],[-116.54803,33.31323],[-116.54816,33.31327],[-116.54832,33.31329],[-116.54844,33.31328],[-116.54887,33.31321],[-116.54924,33.31318],[-116.54942,33.31321],[-116.54966,33.31331],[-116.54986,33.31345],[-116.55005,33.31364],[-116.55022,33.31389],[-116.55038,33.31406],[-116.55064,33.31419],[-116.55145,33.31446],[-116.55196,33.31459],[-116.55237,33.31466],[-116.55254,33.31473],[-116.55317,33.31514],[-116.55354,33.31543],[-116.5537,33.31553],[-116.55385,33.31565],[-116.55436,33.31623],[-116.55464,33.31649],[-116.55482,33.31671],[-116.55495,33.31682],[-116.55537,33.31704],[-116.55586,33.31735],[-116.55596,33.31748],[-116.55602,33.31771],[-116.55603,33.31777]]}},{"type":"Feature","properties":{"name":"Old Mitchell Camp Road","road_class":"track","surface":"unpaved","tracktype":"grade3","source":"Caltrans All Roads + OpenStreetMap explicit surface","source_detail":"osm way 6055031; Caltrans All Roads public-network geometry match","source_tile":"180/411","public_network_source":"Caltrans All Roads (ARNOLD/HPMS)","surface_source":"OpenStreetMap explicit surface tag","caltrans_match_coverage":1.0,"verified_length_m":1234},"geometry":{"type":"LineString","coordinates":[[-116.68637,33.38439],[-116.68637,33.38448],[-116.68636,33.38493],[-116.68636,33.38525],[-116.68635,33.38555],[-116.68635,33.3865],[-116.68635,33.38718],[-116.68635,33.38779],[-116.68634,33.38817],[-116.68633,33.38847],[-116.68633,33.38876],[-116.68632,33.38902],[-116.68633,33.3894],[-116.68635,33.38977],[-116.68635,33.38994],[-116.68635,33.39018],[-116.68635,33.39044],[-116.68633,33.39063],[-116.68632,33.39069],[-116.6863,33.39074],[-116.68628,33.39078],[-116.68625,33.3908],[-116.68618,33.39083],[-116.68611,33.39086],[-116.68604,33.39092],[-116.68595,33.391],[-116.6859,33.39108],[-116.68587,33.39113],[-116.68584,33.39119],[-116.68583,33.39123],[-116.68584,33.39128],[-116.68586,33.39133],[-116.68588,33.39138],[-116.68589,33.39146],[-116.68591,33.39155],[-116.68592,33.39163],[-116.68594,33.39168],[-116.68596,33.39172],[-116.68601,33.39176],[-116.68609,33.39183],[-116.68618,33.39188],[-116.68624,33.39192],[-116.68628,33.39195],[-116.6863,33.39198],[-116.68631,33.39202],[-116.68632,33.39205],[-116.68632,33.39239],[-116.68631,33.39274],[-116.68632,33.39301],[-116.68631,33.39311],[-116.6863,33.39323],[-116.68628,33.39334],[-116.68628,33.39348],[-116.68629,33.39357],[-116.68632,33.39367],[-116.68632,33.39375],[-116.68633,33.39384],[-116.68632,33.39434],[-116.68632,33.39468],[-116.68632,33.39506],[-116.68631,33.39517],[-116.68631,33.39521],[-116.68631,33.39523]]}},{"type":"Feature","properties":{"name":"Indian Flats Road","road_class":"track","surface":"dirt","tracktype":"grade2","source":"Caltrans All Roads + OpenStreetMap explicit surface","source_detail":"osm way 6055528; Caltrans All Roads public-network geometry match","source_tile":"180/411","public_network_source":"Caltrans All Roads (ARNOLD/HPMS)","surface_source":"OpenStreetMap explicit surface tag","caltrans_match_coverage":1.0,"verified_length_m":2172},"geometry":{"type":"LineString","coordinates":[[-116.69205,33.37307],[-116.69201,33.37311],[-116.69195,33.37316],[-116.69189,33.3732],[-116.69182,33.37324],[-116.69175,33.37327],[-116.69169,33.37329],[-116.69162,33.37329],[-116.69155,33.37328],[-116.69145,33.37323],[-116.69136,33.37319],[-116.69127,33.37315],[-116.69119,33.37314],[-116.69102,33.37312],[-116.69084,33.37308],[-116.69072,33.37304],[-116.69065,33.37301],[-116.69059,33.37295],[-116.69057,33.3729],[-116.69058,33.37284],[-116.6906,33.37279],[-116.69066,33.37274],[-116.69079,33.37267],[-116.691,33.37258],[-116.69104,33.37255],[-116.69106,33.3725],[-116.69106,33.37245],[-116.69104,33.37236],[-116.69101,33.37226],[-116.69101,33.37217],[-116.69103,33.37208],[-116.69104,33.37202],[-116.69103,33.37198],[-116.69099,33.37193],[-116.69092,33.37187],[-116.69076,33.37176],[-116.69068,33.3717],[-116.69062,33.37162],[-116.69058,33.37154],[-116.69048,33.37142],[-116.69031,33.3713],[-116.69016,33.37119],[-116.69007,33.37113],[-116.68997,33.37108],[-116.68979,33.37104],[-116.68967,33.371],[-116.68956,33.37096],[-116.68943,33.37093],[-116.68938,33.37094],[-116.68932,33.37097],[-116.68928,33.37103],[-116.68925,33.37111],[-116.68919,33.37118],[-116.68913,33.37124],[-116.68906,33.3713],[-116.68891,33.37135],[-116.68871,33.37141],[-116.68862,33.37145],[-116.68857,33.37146],[-116.68852,33.37145],[-116.68842,33.37142],[-116.68816,33.37134],[-116.68812,33.37132],[-116.68806,33.37127],[-116.688,33.3712],[-116.68794,33.37114],[-116.68787,33.37109],[-116.68781,33.37107],[-116.68771,33.37105],[-116.68762,33.37108],[-116.68753,33.3711],[-116.68743,33.37111],[-116.68731,33.3711],[-116.6871,33.37113],[-116.68682,33.37117],[-116.68671,33.37117],[-116.68664,33.37115],[-116.68659,33.37112],[-116.68652,33.37105],[-116.68647,33.37097],[-116.68646,33.37093],[-116.68646,33.37088],[-116.68647,33.37082],[-116.68649,33.37077],[-116.68654,33.37068],[-116.6866,33.37059],[-116.6867,33.37049],[-116.68676,33.37046],[-116.6869,33.3704],[-116.687,33.37038],[-116.68707,33.37035],[-116.68714,33.37031],[-116.6872,33.37023],[-116.68723,33.37018],[-116.68724,33.37011],[-116.68723,33.36993],[-116.68724,33.36986],[-116.68726,33.36982],[-116.6873,33.36977],[-116.68736,33.36971],[-116.68738,33.36966],[-116.68738,33.36963],[-116.68736,33.36961],[-116.68733,33.3696],[-116.68727,33.3696],[-116.68717,33.36963],[-116.68706,33.36966],[-116.68702,33.36968],[-116.68697,33.36971],[-116.68685,33.36988],[-116.68675,33.36999],[-116.68669,33.37004],[-116.68659,33.37008],[-116.6865,33.3701],[-116.6864,33.37012],[-116.68615,33.37014],[-116.68605,33.37017],[-116.686,33.3702],[-116.68593,33.37027],[-116.68588,33.37031],[-116.68582,33.37034],[-116.68574,33.37035],[-116.68565,33.37034],[-116.68553,33.3703],[-116.68542,33.37024],[-116.68536,33.37019],[-116.68533,33.37014],[-116.68531,33.37008],[-116.68527,33.37004],[-116.68521,33.37001],[-116.68512,33.37001],[-116.68507,33.37001],[-116.68496,33.37],[-116.68474,33.36995],[-116.68453,33.36987],[-116.68442,33.36982],[-116.68436,33.36979],[-116.68431,33.36974],[-116.68427,33.36968],[-116.68425,33.3696],[-116.68422,33.36941],[-116.68421,33.36932],[-116.6842,33.36924],[-116.68416,33.36915],[-116.68414,33.36909],[-116.68413,33.36905],[-116.68414,33.36902],[-116.68416,33.36899],[-116.68419,33.36897],[-116.68434,33.36889],[-116.6844,33.36884],[-116.68448,33.36879],[-116.68458,33.36875],[-116.68468,33.36872],[-116.68488,33.36866],[-116.68493,33.36862],[-116.68496,33.36859],[-116.68497,33.36855],[-116.68495,33.36852],[-116.68491,33.3685],[-116.6848,33.36847],[-116.68476,33.36845],[-116.68469,33.3684],[-116.68463,33.36835],[-116.68455,33.3683],[-116.68451,33.36827],[-116.68447,33.36822],[-116.68442,33.36816],[-116.68434,33.36812],[-116.6841,33.36806],[-116.68394,33.36802],[-116.68385,33.36798],[-116.68376,33.36792],[-116.68369,33.36787],[-116.68366,33.36782],[-116.68365,33.36778],[-116.68366,33.36774],[-116.6837,33.36765],[-116.68372,33.36761],[-116.68373,33.36754],[-116.68371,33.36748],[-116.68367,33.36745],[-116.68364,33.36744],[-116.68359,33.36744],[-116.68344,33.36747],[-116.68324,33.3675],[-116.68311,33.36751],[-116.683,33.3675],[-116.68291,33.36749],[-116.68284,33.36746],[-116.68278,33.36742],[-116.6827,33.36737],[-116.68263,33.36735],[-116.68251,33.36735],[-116.6822,33.36741],[-116.68205,33.36745],[-116.68181,33.3675],[-116.68171,33.3675],[-116.68152,33.36746],[-116.68134,33.36743],[-116.68123,33.36742],[-116.68113,33.36739],[-116.68105,33.36733],[-116.681,33.36726],[-116.68091,33.36709],[-116.68087,33.36699],[-116.68083,33.36696],[-116.68079,33.36695],[-116.6807,33.36695],[-116.68061,33.36694],[-116.68047,33.36692],[-116.68033,33.36688],[-116.68026,33.36684],[-116.68019,33.3668],[-116.68008,33.36674],[-116.67985,33.36668],[-116.67975,33.36663],[-116.67958,33.36653],[-116.67938,33.36641],[-116.67928,33.36638]]}},{"type":"Feature","properties":{"name":"Bureau of Indian Affairs Road 52","road_class":"track","surface":"dirt","source":"Caltrans All Roads + OpenStreetMap explicit surface","source_detail":"osm way 110355321; Caltrans All Roads public-network geometry match","source_tile":"180/411","public_network_source":"Caltrans All Roads (ARNOLD/HPMS)","surface_source":"OpenStreetMap explicit surface tag","caltrans_match_coverage":1.0,"verified_length_m":6960},"geometry":{"type":"LineString","coordinates":[[-116.66169,33.17373],[-116.66207,33.17324],[-116.66216,33.17316],[-116.66217,33.17286],[-116.66211,33.17241],[-116.66209,33.1722],[-116.66208,33.17213],[-116.662,33.17196],[-116.66177,33.1716],[-116.66154,33.17132],[-116.66132,33.17102],[-116.66116,33.17083],[-116.66074,33.17039],[-116.66062,33.17022],[-116.66054,33.17002],[-116.66046,33.16989],[-116.66006,33.16949],[-116.65991,33.16938],[-116.65978,33.16926],[-116.65932,33.16875],[-116.6593,33.16861],[-116.65932,33.16845],[-116.65947,33.16819],[-116.65948,33.16813],[-116.65943,33.16804],[-116.65937,33.16799],[-116.6592,33.16798],[-116.65902,33.16802],[-116.65891,33.16798],[-116.65887,33.16792],[-116.65886,33.16779],[-116.65896,33.16754],[-116.65894,33.16745],[-116.65851,33.16729],[-116.65845,33.16721],[-116.65845,33.1671],[-116.65855,33.16682],[-116.65867,33.16658],[-116.65866,33.16653],[-116.65862,33.16651],[-116.65855,33.16651],[-116.65843,33.16648],[-116.65838,33.16644],[-116.65828,33.16626],[-116.65809,33.16565],[-116.65804,33.16537],[-116.65807,33.16514],[-116.65797,33.16493],[-116.65791,33.16478],[-116.65773,33.16447],[-116.65763,33.16412],[-116.6575,33.164],[-116.65748,33.16399],[-116.65738,33.16399],[-116.65688,33.16422],[-116.65666,33.16427],[-116.6564,33.16425],[-116.65607,33.16416],[-116.65579,33.16404],[-116.6557,33.16402],[-116.65557,33.16404],[-116.65538,33.16414],[-116.65514,33.1642],[-116.65502,33.16418],[-116.65456,33.16396],[-116.6542,33.16377],[-116.65395,33.16357],[-116.65386,33.16346],[-116.6536,33.16287],[-116.65356,33.16267],[-116.65348,33.16244],[-116.6534,33.1623],[-116.65322,33.16201],[-116.65309,33.16171],[-116.653,33.16155],[-116.65281,33.16131],[-116.6526,33.16104],[-116.65243,33.16085],[-116.65235,33.16064],[-116.65223,33.1604],[-116.65215,33.16015],[-116.65202,33.15985],[-116.65198,33.15971],[-116.65188,33.1595],[-116.65175,33.15929],[-116.65165,33.15918],[-116.65156,33.15907],[-116.65123,33.15873],[-116.65099,33.15855],[-116.65094,33.15849],[-116.65086,33.15835],[-116.65081,33.15797],[-116.65075,33.15784],[-116.65065,33.15775],[-116.65051,33.1577],[-116.6498,33.1577],[-116.64947,33.15765],[-116.64919,33.15758],[-116.64899,33.15757],[-116.64882,33.15759],[-116.64855,33.15765],[-116.64843,33.15765],[-116.64836,33.15762],[-116.64813,33.15743],[-116.648,33.15728],[-116.64783,33.15709],[-116.64772,33.157],[-116.64759,33.15695],[-116.64746,33.15693],[-116.64732,33.15697],[-116.64708,33.15704],[-116.64683,33.15715],[-116.64665,33.15724],[-116.64656,33.15725],[-116.64648,33.15723],[-116.64612,33.15709],[-116.64592,33.15706],[-116.64571,33.15706],[-116.64529,33.15712],[-116.64516,33.15712],[-116.64503,33.1571],[-116.64492,33.15705],[-116.6448,33.15696],[-116.64458,33.15673],[-116.64449,33.15666],[-116.64443,33.15665],[-116.6443,33.15667],[-116.6435,33.1569],[-116.64323,33.15701],[-116.64301,33.15703],[-116.64263,33.15708],[-116.6424,33.15706],[-116.64222,33.15701],[-116.64203,33.15698],[-116.64183,33.15699],[-116.64149,33.15705],[-116.6413,33.15705],[-116.64093,33.15699],[-116.64086,33.15696],[-116.6408,33.15689],[-116.64078,33.15676],[-116.64103,33.15595],[-116.64103,33.15591],[-116.64099,33.15583],[-116.64088,33.15573],[-116.64073,33.1556],[-116.64059,33.15547],[-116.64043,33.15536],[-116.6402,33.15527],[-116.6401,33.15518],[-116.64007,33.15509],[-116.6399,33.15474],[-116.63967,33.15449],[-116.63961,33.15437],[-116.63961,33.15425],[-116.63968,33.15403],[-116.63968,33.15389],[-116.63962,33.15375],[-116.63951,33.15363],[-116.63926,33.15318],[-116.63921,33.15306],[-116.63918,33.15291],[-116.63919,33.15278],[-116.63924,33.15265],[-116.63939,33.15245],[-116.63946,33.15232],[-116.63953,33.15212],[-116.63955,33.15203],[-116.63961,33.15185],[-116.63966,33.15165],[-116.63972,33.15139],[-116.63982,33.15122],[-116.63988,33.15114],[-116.64018,33.15093],[-116.64032,33.15082],[-116.64054,33.15052],[-116.64066,33.15039],[-116.64083,33.15024],[-116.64104,33.15009],[-116.64111,33.14999],[-116.64113,33.14986],[-116.64112,33.14975],[-116.64106,33.14953],[-116.64103,33.1494],[-116.64105,33.14929],[-116.64112,33.14913],[-116.64127,33.14881],[-116.64144,33.1484],[-116.64147,33.14826],[-116.6414,33.148],[-116.6409,33.14699],[-116.64088,33.14688],[-116.6409,33.14668],[-116.64079,33.14622],[-116.64069,33.14599],[-116.64067,33.14585],[-116.6407,33.14571],[-116.64073,33.14566],[-116.64079,33.14561],[-116.64086,33.14559],[-116.64096,33.14558],[-116.64115,33.14562],[-116.64127,33.14571],[-116.64136,33.14582],[-116.64147,33.14588],[-116.64186,33.1459],[-116.64216,33.14595],[-116.64237,33.14602],[-116.64251,33.14609],[-116.64259,33.14611],[-116.64275,33.1461],[-116.64327,33.14602],[-116.64338,33.14602],[-116.64355,33.14605],[-116.64367,33.1461],[-116.64381,33.14621],[-116.64389,33.14631],[-116.64393,33.14645],[-116.64391,33.14682],[-116.64397,33.14716],[-116.64403,33.14725],[-116.64408,33.14728],[-116.64417,33.14731],[-116.64423,33.14729],[-116.64433,33.14724],[-116.64439,33.14717],[-116.64467,33.14693],[-116.64479,33.14679],[-116.64493,33.14657],[-116.64505,33.14644],[-116.64541,33.14613],[-116.64548,33.1461],[-116.64562,33.14608],[-116.64577,33.14612],[-116.64626,33.14612],[-116.64642,33.14617],[-116.64668,33.14635],[-116.64696,33.14658],[-116.64722,33.14669],[-116.64749,33.14689],[-116.64759,33.14694],[-116.64764,33.147],[-116.64767,33.1471],[-116.64783,33.14735],[-116.64789,33.1475],[-116.64796,33.14758],[-116.64805,33.14759],[-116.64814,33.14756],[-116.64832,33.14743],[-116.64851,33.14721],[-116.64859,33.14716],[-116.6487,33.14716],[-116.64883,33.14724],[-116.64913,33.14733],[-116.6492,33.14731],[-116.64924,33.14724],[-116.64923,33.14716],[-116.64918,33.14703],[-116.64913,33.14679],[-116.64914,33.14666],[-116.64922,33.1465],[-116.64928,33.14645],[-116.64941,33.14641],[-116.64967,33.14639],[-116.65016,33.14633],[-116.65097,33.14643],[-116.65122,33.14651],[-116.65143,33.14659],[-116.65212,33.14697],[-116.65236,33.14713],[-116.65262,33.14732],[-116.6528,33.14743],[-116.65303,33.14754],[-116.65344,33.14771],[-116.65368,33.14789],[-116.65376,33.14798],[-116.65381,33.14813],[-116.6538,33.14832],[-116.65383,33.14839],[-116.6539,33.14843],[-116.65401,33.14845],[-116.65408,33.14843],[-116.65427,33.14831],[-116.65441,33.14826],[-116.65468,33.14823],[-116.65474,33.14822],[-116.65494,33.14825],[-116.6558,33.14859],[-116.65627,33.14881],[-116.65642,33.14887],[-116.65694,33.14907],[-116.65762,33.14931],[-116.65804,33.14955],[-116.65822,33.14967],[-116.65842,33.14977]]}},{"type":"Feature","properties":{"name":"Puerta La Cruz Road","road_class":"track","surface":"dirt","tracktype":"grade2","source":"Caltrans All Roads + OpenStreetMap explicit surface","source_detail":"osm way 189087060; Caltrans All Roads public-network geometry match","source_tile":"180/411","public_network_source":"Caltrans All Roads (ARNOLD/HPMS)","surface_source":"OpenStreetMap explicit surface tag","caltrans_match_coverage":1.0,"verified_length_m":1195},"geometry":{"type":"LineString","coordinates":[[-116.68646,33.38029],[-116.68647,33.38023],[-116.68646,33.38011],[-116.68646,33.38003],[-116.68648,33.37998],[-116.68648,33.37995],[-116.68646,33.37988],[-116.68646,33.37981],[-116.68646,33.37972],[-116.68647,33.37961],[-116.6865,33.37948],[-116.6865,33.37938],[-116.68649,33.37927],[-116.68649,33.37918],[-116.68651,33.37901],[-116.68652,33.37887],[-116.68653,33.3788],[-116.68654,33.37874],[-116.68653,33.37861],[-116.68654,33.37841],[-116.68654,33.37821],[-116.68654,33.37803],[-116.68655,33.37783],[-116.68656,33.37768],[-116.68655,33.37756],[-116.68655,33.37741],[-116.68655,33.37728],[-116.68656,33.37722],[-116.68657,33.37717],[-116.6866,33.37712],[-116.68665,33.37707],[-116.68671,33.37701],[-116.68679,33.37698],[-116.68693,33.37692],[-116.6871,33.37686],[-116.68751,33.37676],[-116.68777,33.37669],[-116.6881,33.37656],[-116.68826,33.37649],[-116.68836,33.37646],[-116.68845,33.37643],[-116.68856,33.37642],[-116.68871,33.37641],[-116.68886,33.37638],[-116.68904,33.37635],[-116.6892,33.37633],[-116.68931,33.37633],[-116.68944,33.37633],[-116.68956,33.37632],[-116.68968,33.37629],[-116.68979,33.37624],[-116.68983,33.3762],[-116.68997,33.37603],[-116.69004,33.37594],[-116.69012,33.37584],[-116.69017,33.37577],[-116.69021,33.37572],[-116.69025,33.3757],[-116.6903,33.37568],[-116.69035,33.37569],[-116.69043,33.37572],[-116.69056,33.37578],[-116.69062,33.3758],[-116.69069,33.37581],[-116.69079,33.3758],[-116.69088,33.37578],[-116.691,33.37573],[-116.6911,33.37568],[-116.69118,33.37566],[-116.69128,33.37564],[-116.69136,33.37561],[-116.69145,33.37555],[-116.69162,33.37544],[-116.69175,33.37536],[-116.69206,33.37519],[-116.69217,33.37515],[-116.69222,33.37512],[-116.69224,33.3751],[-116.69225,33.37507],[-116.69226,33.37502],[-116.69225,33.37497],[-116.69224,33.37492],[-116.69224,33.37489],[-116.69225,33.37486],[-116.69227,33.37483],[-116.6923,33.37478],[-116.69232,33.37474],[-116.69232,33.37469],[-116.69231,33.37463],[-116.69228,33.37455],[-116.69225,33.37444],[-116.69224,33.37436],[-116.69224,33.37428],[-116.69226,33.37419],[-116.69229,33.3741],[-116.69232,33.37404],[-116.69233,33.37399],[-116.69234,33.37387],[-116.69235,33.37375],[-116.69236,33.37363],[-116.69237,33.37348],[-116.69237,33.37343],[-116.69236,33.37338],[-116.69234,33.37333],[-116.69227,33.37327],[-116.69218,33.37318],[-116.69214,33.37313],[-116.69209,33.37309],[-116.69205,33.37307]]}},{"type":"Feature","properties":{"name":"Indian Flats Road","road_class":"track","surface":"dirt","tracktype":"grade3","source":"Caltrans All Roads + OpenStreetMap explicit surface","source_detail":"osm way 189167828; Caltrans All Roads public-network geometry match","source_tile":"180/411","public_network_source":"Caltrans All Roads (ARNOLD/HPMS)","surface_source":"OpenStreetMap explicit surface tag","caltrans_match_coverage":1.0,"verified_length_m":1684},"geometry":{"type":"LineString","coordinates":[[-116.65555,33.34799],[-116.65554,33.34802],[-116.65553,33.34804],[-116.65554,33.34807],[-116.65556,33.3481],[-116.65558,33.34815],[-116.6556,33.3482],[-116.65559,33.34825],[-116.65557,33.34832],[-116.65555,33.34836],[-116.65555,33.3484],[-116.65557,33.34845],[-116.65563,33.34851],[-116.65573,33.34862],[-116.65574,33.34867],[-116.65574,33.34872],[-116.6557,33.34879],[-116.65569,33.34883],[-116.6557,33.34886],[-116.65572,33.3489],[-116.65577,33.34895],[-116.65586,33.34905],[-116.65592,33.34911],[-116.65594,33.34914],[-116.65594,33.34917],[-116.65595,33.34922],[-116.65599,33.34937],[-116.65602,33.34944],[-116.65605,33.34949],[-116.65607,33.34955],[-116.65607,33.3496],[-116.65604,33.34971],[-116.65604,33.34981],[-116.65606,33.34989],[-116.65608,33.35004],[-116.65609,33.35011],[-116.6561,33.35014],[-116.65614,33.3502],[-116.65621,33.35027],[-116.6563,33.35039],[-116.65636,33.35045],[-116.65641,33.35048],[-116.65656,33.35052],[-116.65672,33.35059],[-116.65681,33.35064],[-116.65685,33.35068],[-116.65688,33.35075],[-116.65696,33.35094],[-116.65707,33.35115],[-116.65724,33.35137],[-116.65728,33.35146],[-116.6573,33.35156],[-116.65728,33.35172],[-116.65728,33.35179],[-116.6573,33.35186],[-116.65735,33.35193],[-116.65744,33.35201],[-116.65756,33.35209],[-116.65763,33.35216],[-116.65766,33.35222],[-116.65766,33.35231],[-116.65765,33.35242],[-116.65766,33.35249],[-116.65768,33.35255],[-116.65772,33.35263],[-116.65783,33.35275],[-116.65789,33.35283],[-116.65798,33.35299],[-116.65805,33.35312],[-116.65808,33.3532],[-116.65812,33.35336],[-116.65816,33.35347],[-116.65818,33.35354],[-116.65817,33.35359],[-116.6581,33.35372],[-116.65804,33.35385],[-116.658,33.35396],[-116.658,33.35406],[-116.65802,33.35412],[-116.65804,33.35415],[-116.6581,33.3542],[-116.65813,33.35425],[-116.65817,33.35432],[-116.65818,33.35446],[-116.65822,33.35454],[-116.65832,33.35465],[-116.65842,33.35478],[-116.65845,33.35486],[-116.65845,33.35493],[-116.65842,33.355],[-116.65835,33.35508],[-116.65833,33.35513],[-116.65833,33.35518],[-116.65836,33.35528],[-116.65839,33.35535],[-116.65841,33.3554],[-116.65844,33.35543],[-116.65851,33.35546],[-116.65861,33.35549],[-116.65876,33.35554],[-116.6589,33.35559],[-116.65899,33.35563],[-116.65908,33.35569],[-116.65919,33.35573],[-116.6593,33.35575],[-116.65951,33.35578],[-116.65972,33.35579],[-116.65988,33.35581],[-116.66,33.35584],[-116.66011,33.35588],[-116.66027,33.35601],[-116.66039,33.35611],[-116.66047,33.35616],[-116.66057,33.35621],[-116.66089,33.35632],[-116.661,33.35638],[-116.66121,33.35651],[-116.66155,33.35675],[-116.66169,33.35683],[-116.6618,33.35688],[-116.66187,33.35693],[-116.66194,33.35701],[-116.66203,33.35713],[-116.66218,33.35727],[-116.66228,33.35735],[-116.6624,33.35741],[-116.66251,33.35744],[-116.66298,33.35755],[-116.6633,33.35759],[-116.66363,33.35762],[-116.66394,33.35766],[-116.66409,33.35766],[-116.66433,33.35766],[-116.66446,33.35767],[-116.66462,33.35771],[-116.66473,33.35777],[-116.66481,33.35784],[-116.66487,33.3579],[-116.66497,33.35796],[-116.66509,33.358],[-116.66539,33.35809],[-116.66548,33.35812],[-116.66558,33.35813]]}},{"type":"Feature","properties":{"name":"Grapevine Canyon Road","road_class":"unclassified","surface":"unpaved","tracktype":"grade2","source":"Caltrans All Roads + OpenStreetMap explicit surface","source_detail":"osm way 334000261; Caltrans All Roads public-network geometry match","source_tile":"180/411","public_network_source":"Caltrans All Roads (ARNOLD/HPMS)","surface_source":"OpenStreetMap explicit surface tag","caltrans_match_coverage":0.989,"verified_length_m":3818},"geometry":{"type":"LineString","coordinates":[[-116.54096,33.19271],[-116.5408,33.19262],[-116.5408,33.19261],[-116.54077,33.19256],[-116.54073,33.19245],[-116.54075,33.19224],[-116.54073,33.19202],[-116.5407,33.19185],[-116.54065,33.19149],[-116.54061,33.19141],[-116.54021,33.19099],[-116.54007,33.19089],[-116.53991,33.19082],[-116.53985,33.19077],[-116.53979,33.19068],[-116.5397,33.19064],[-116.53952,33.19065],[-116.53897,33.19079],[-116.53887,33.19078],[-116.53878,33.19076],[-116.5387,33.19071],[-116.5386,33.19051],[-116.53853,33.19031],[-116.53847,33.19019],[-116.53837,33.19009],[-116.53823,33.18995],[-116.53799,33.18981],[-116.53771,33.1897],[-116.53733,33.18952],[-116.53697,33.18942],[-116.53637,33.18928],[-116.53607,33.18918],[-116.5359,33.18908],[-116.53578,33.18882],[-116.53577,33.18866],[-116.53575,33.18835],[-116.53577,33.18828],[-116.53585,33.18819],[-116.53591,33.18803],[-116.5359,33.18758],[-116.53591,33.18753],[-116.53597,33.18747],[-116.53616,33.18739],[-116.53624,33.18727],[-116.53635,33.18696],[-116.53637,33.18681],[-116.53631,33.18652],[-116.53622,33.18634],[-116.53615,33.18629],[-116.53593,33.1862],[-116.53581,33.18611],[-116.53572,33.186],[-116.53553,33.18582],[-116.53542,33.1857],[-116.53533,33.1856],[-116.5351,33.18548],[-116.53494,33.18541],[-116.53487,33.18535],[-116.53483,33.18527],[-116.53481,33.18517],[-116.53475,33.18504],[-116.53468,33.18496],[-116.53436,33.18478],[-116.53429,33.18476],[-116.53423,33.18476],[-116.53367,33.18495],[-116.53358,33.18508],[-116.53348,33.18512],[-116.53339,33.18512],[-116.53327,33.18506],[-116.53314,33.18488],[-116.53301,33.18474],[-116.53282,33.18462],[-116.5326,33.18449],[-116.53256,33.18443],[-116.53253,33.1843],[-116.53247,33.18422],[-116.53222,33.18407],[-116.53206,33.18381],[-116.53206,33.1836],[-116.53209,33.18326],[-116.53209,33.18299],[-116.53201,33.18284],[-116.53169,33.18276],[-116.53148,33.18259],[-116.53146,33.18257],[-116.53117,33.18229],[-116.53096,33.18216],[-116.53075,33.18205],[-116.53055,33.18194],[-116.53047,33.18191],[-116.53031,33.18184],[-116.53025,33.18181],[-116.53006,33.18174],[-116.52988,33.18166],[-116.5297,33.18152],[-116.52948,33.18139],[-116.52824,33.18088],[-116.52811,33.18077],[-116.52763,33.1802],[-116.52758,33.18014],[-116.52743,33.18004],[-116.52735,33.18],[-116.52708,33.17988],[-116.52693,33.1798],[-116.52672,33.17969],[-116.5263,33.17941],[-116.52599,33.17924],[-116.52593,33.17922],[-116.5257,33.17915],[-116.52558,33.17909],[-116.52549,33.17901],[-116.52542,33.17892],[-116.52535,33.17877],[-116.52536,33.17869],[-116.52545,33.17842],[-116.52548,33.1783],[-116.52548,33.17818],[-116.52541,33.17805],[-116.52536,33.17796],[-116.52529,33.1779],[-116.52478,33.17762],[-116.52473,33.17756],[-116.52472,33.17746],[-116.52471,33.17727],[-116.5247,33.17709],[-116.52454,33.17688],[-116.52449,33.17676],[-116.52447,33.17661],[-116.52441,33.17649],[-116.52428,33.1763],[-116.52422,33.17616],[-116.52414,33.17602],[-116.52386,33.17571],[-116.52359,33.17556],[-116.52328,33.17512],[-116.52299,33.17492],[-116.52294,33.17484],[-116.52297,33.17477],[-116.52323,33.17448],[-116.52361,33.17433],[-116.52372,33.17422],[-116.52373,33.17414],[-116.52362,33.1739],[-116.52353,33.17378],[-116.52341,33.17374],[-116.52319,33.17371],[-116.5231,33.17364],[-116.52301,33.17336],[-116.52283,33.17294],[-116.52266,33.17285],[-116.52251,33.17285],[-116.52207,33.17302],[-116.52141,33.17286],[-116.52129,33.17288],[-116.52095,33.17323],[-116.52083,33.17325],[-116.52075,33.17321],[-116.52056,33.17287],[-116.52043,33.17252],[-116.52039,33.17244],[-116.52026,33.17233],[-116.52008,33.17221],[-116.52007,33.17211],[-116.52014,33.17204],[-116.52053,33.17201],[-116.52087,33.17189],[-116.52098,33.17179],[-116.52099,33.17163],[-116.52091,33.17143],[-116.52091,33.17127],[-116.5209,33.17119]]}},{"type":"Feature","properties":{"name":"Old Culp Valley Road","road_class":"track","surface":"dirt","tracktype":"grade3","source":"Caltrans All Roads + OpenStreetMap explicit surface","source_detail":"osm way 482758470; Caltrans All Roads public-network geometry match","source_tile":"180/411","public_network_source":"Caltrans All Roads (ARNOLD/HPMS)","surface_source":"OpenStreetMap explicit surface tag","caltrans_match_coverage":1.0,"verified_length_m":4770},"geometry":{"type":"LineString","coordinates":[[-116.45274,33.2102],[-116.45307,33.20995],[-116.45322,33.20987],[-116.45348,33.20984],[-116.45429,33.20969],[-116.45445,33.20969],[-116.45475,33.20975],[-116.45514,33.20984],[-116.45637,33.21031],[-116.45687,33.21041],[-116.45705,33.21046],[-116.45756,33.21067],[-116.45781,33.21076],[-116.45844,33.2109],[-116.45873,33.21103],[-116.45883,33.21108],[-116.45903,33.21109],[-116.45947,33.21093],[-116.45983,33.21094],[-116.46002,33.211],[-116.46029,33.21119],[-116.46052,33.2114],[-116.46065,33.2115],[-116.46089,33.2116],[-116.46103,33.21168],[-116.46119,33.2118],[-116.46127,33.21184],[-116.46136,33.2118],[-116.46151,33.21168],[-116.46159,33.21145],[-116.46164,33.21133],[-116.46173,33.21127],[-116.46185,33.21118],[-116.46196,33.21106],[-116.46209,33.21101],[-116.46221,33.21101],[-116.46235,33.21108],[-116.46264,33.21138],[-116.46272,33.21147],[-116.46282,33.21151],[-116.46312,33.21153],[-116.46328,33.21146],[-116.46339,33.21137],[-116.46358,33.21107],[-116.46371,33.21097],[-116.46438,33.21066],[-116.46447,33.21057],[-116.4645,33.21041],[-116.46465,33.21025],[-116.46479,33.21005],[-116.46488,33.20984],[-116.46488,33.20975],[-116.4648,33.20965],[-116.46477,33.20956],[-116.46485,33.20939],[-116.46493,33.20927],[-116.46509,33.20912],[-116.4652,33.20897],[-116.46531,33.20893],[-116.46537,33.20888],[-116.4654,33.20874],[-116.4656,33.20853],[-116.46568,33.20828],[-116.46574,33.20808],[-116.46567,33.20784],[-116.46562,33.20763],[-116.46565,33.20744],[-116.46571,33.20728],[-116.46583,33.2071],[-116.46594,33.20687],[-116.46599,33.20671],[-116.46607,33.20661],[-116.4661,33.20654],[-116.46614,33.20618],[-116.46618,33.20603],[-116.46632,33.20585],[-116.46634,33.20575],[-116.46633,33.20534],[-116.46637,33.20523],[-116.46656,33.20512],[-116.46667,33.205],[-116.46673,33.20472],[-116.46677,33.20461],[-116.46691,33.20448],[-116.467,33.20421],[-116.46717,33.20403],[-116.46728,33.2038],[-116.46738,33.20345],[-116.46748,33.20327],[-116.4675,33.20318],[-116.46747,33.20304],[-116.46749,33.20295],[-116.46765,33.20266],[-116.46779,33.20232],[-116.46779,33.20217],[-116.46778,33.20206],[-116.46786,33.20188],[-116.46789,33.20174],[-116.46793,33.20132],[-116.468,33.20116],[-116.46819,33.20091],[-116.46829,33.20068],[-116.46842,33.20049],[-116.46845,33.2004],[-116.46841,33.20025],[-116.46866,33.19937],[-116.46875,33.19921],[-116.46894,33.19897],[-116.46928,33.19853],[-116.46936,33.19837],[-116.46957,33.19803],[-116.46966,33.19795],[-116.46986,33.19782],[-116.47007,33.19762],[-116.47044,33.19744],[-116.47072,33.19734],[-116.47085,33.19724],[-116.47104,33.19713],[-116.47117,33.19693],[-116.47156,33.19659],[-116.47179,33.1962],[-116.47189,33.19612],[-116.472,33.1959],[-116.47217,33.19573],[-116.47218,33.1956],[-116.47212,33.19532],[-116.47214,33.19517],[-116.47223,33.19497],[-116.47255,33.19473],[-116.47265,33.19461],[-116.47275,33.19454],[-116.47322,33.19409],[-116.47327,33.19396],[-116.47336,33.1939],[-116.47354,33.19393],[-116.47363,33.19403],[-116.47367,33.19427],[-116.4737,33.19443],[-116.47366,33.19465],[-116.4738,33.1949],[-116.47381,33.19504],[-116.47374,33.19526],[-116.47378,33.19547],[-116.47385,33.19554],[-116.47395,33.19554],[-116.47409,33.19547],[-116.47418,33.19544],[-116.47436,33.19549],[-116.47449,33.19552],[-116.47464,33.19549],[-116.47482,33.19543],[-116.47494,33.19536],[-116.47508,33.19536],[-116.47528,33.19546],[-116.47548,33.19558],[-116.4756,33.19579],[-116.4757,33.19585],[-116.47598,33.19584],[-116.47612,33.19581],[-116.47664,33.19552],[-116.47702,33.19531],[-116.47722,33.19505],[-116.47737,33.19491],[-116.47747,33.19473],[-116.47753,33.19466],[-116.47755,33.19458],[-116.47751,33.19446],[-116.47749,33.1943],[-116.47754,33.19413],[-116.47759,33.19399],[-116.47773,33.19391],[-116.47797,33.19382],[-116.47807,33.19375],[-116.47826,33.19357],[-116.47847,33.19348],[-116.47869,33.19346],[-116.47945,33.19361],[-116.47973,33.19361],[-116.47995,33.19354],[-116.48014,33.19353],[-116.48099,33.19366],[-116.48117,33.19371],[-116.48158,33.19402],[-116.4818,33.19412],[-116.48254,33.1942],[-116.48271,33.19419],[-116.48291,33.19419],[-116.48311,33.19424],[-116.48325,33.19424],[-116.48353,33.19414],[-116.48374,33.1941],[-116.48385,33.19402],[-116.48391,33.19399]]}},{"type":"Feature","properties":{"name":"Jasper Trail","road_class":"track","surface":"dirt","tracktype":"grade3","source":"Caltrans All Roads + OpenStreetMap explicit surface","source_detail":"osm way 482759065; Caltrans All Roads public-network geometry match","source_tile":"180/411","public_network_source":"Caltrans All Roads (ARNOLD/HPMS)","surface_source":"OpenStreetMap explicit surface tag","caltrans_match_coverage":1.0,"verified_length_m":6485},"geometry":{"type":"LineString","coordinates":[[-116.49965,33.19865],[-116.49974,33.1983],[-116.49973,33.19822],[-116.49974,33.19812],[-116.49975,33.19802],[-116.49977,33.19789],[-116.49976,33.19775],[-116.49967,33.19744],[-116.49968,33.19722],[-116.49959,33.19694],[-116.4996,33.1967],[-116.49955,33.19656],[-116.49945,33.1964],[-116.49935,33.19624],[-116.49934,33.19612],[-116.49937,33.19602],[-116.49939,33.19569],[-116.49973,33.19534],[-116.5001,33.19522],[-116.50033,33.19508],[-116.50045,33.19499],[-116.5005,33.19486],[-116.50046,33.19468],[-116.50041,33.19451],[-116.50029,33.19425],[-116.5001,33.19394],[-116.49991,33.19343],[-116.49959,33.19301],[-116.49955,33.19286],[-116.4994,33.19258],[-116.49927,33.19218],[-116.49898,33.19207],[-116.49868,33.19196],[-116.49838,33.19185],[-116.49816,33.19181],[-116.49784,33.19179],[-116.49754,33.19172],[-116.49713,33.19156],[-116.49662,33.19134],[-116.49642,33.19135],[-116.49605,33.19115],[-116.4959,33.19095],[-116.495,33.1906],[-116.49474,33.19041],[-116.49461,33.19035],[-116.49433,33.19025],[-116.49424,33.19016],[-116.49394,33.18993],[-116.49354,33.18958],[-116.49342,33.18925],[-116.49336,33.18886],[-116.49326,33.18877],[-116.49287,33.1886],[-116.49261,33.18842],[-116.49236,33.18828],[-116.49232,33.18821],[-116.4924,33.18815],[-116.49241,33.18806],[-116.49231,33.188],[-116.49222,33.18786],[-116.49225,33.18757],[-116.49221,33.18727],[-116.49223,33.18702],[-116.4922,33.18691],[-116.4921,33.18676],[-116.49208,33.18663],[-116.49214,33.18634],[-116.49221,33.18623],[-116.49236,33.18617],[-116.49242,33.18612],[-116.49245,33.18599],[-116.49251,33.18589],[-116.49263,33.18584],[-116.49275,33.18583],[-116.49332,33.1856],[-116.49423,33.18505],[-116.49452,33.18485],[-116.49476,33.18475],[-116.49487,33.18464],[-116.49512,33.18455],[-116.49536,33.18447],[-116.49548,33.18444],[-116.4956,33.18437],[-116.49579,33.18408],[-116.49629,33.18383],[-116.49651,33.18376],[-116.49657,33.18376],[-116.49696,33.18377],[-116.49718,33.18373],[-116.49726,33.18373],[-116.49755,33.18375],[-116.49765,33.18372],[-116.49784,33.18364],[-116.49791,33.18364],[-116.49835,33.18382],[-116.49845,33.18403],[-116.49845,33.18416],[-116.49843,33.18428],[-116.49843,33.18437],[-116.49851,33.1845],[-116.4985,33.1846],[-116.49838,33.18488],[-116.49847,33.18511],[-116.49855,33.18525],[-116.49848,33.18549],[-116.49841,33.18556],[-116.49848,33.18564],[-116.49863,33.18563],[-116.49879,33.18555],[-116.49887,33.18547],[-116.499,33.18541],[-116.49912,33.18539],[-116.49923,33.18537],[-116.49928,33.18526],[-116.49934,33.18519],[-116.49954,33.18509],[-116.4996,33.18502],[-116.4996,33.18488],[-116.49988,33.18427],[-116.49999,33.1842],[-116.50016,33.18415],[-116.50026,33.18411],[-116.50027,33.18398],[-116.50029,33.1838],[-116.50024,33.18374],[-116.50011,33.18357],[-116.5,33.18326],[-116.49983,33.18305],[-116.49962,33.18203],[-116.49958,33.18179],[-116.49956,33.18165],[-116.49968,33.18131],[-116.49987,33.1812],[-116.49986,33.18108],[-116.49997,33.18092],[-116.50008,33.18088],[-116.50011,33.18085],[-116.50019,33.18079],[-116.50032,33.18075],[-116.50046,33.18066],[-116.50045,33.1804],[-116.50046,33.18029],[-116.50045,33.18023],[-116.50043,33.18012],[-116.50041,33.17997],[-116.50049,33.17989],[-116.50056,33.17981],[-116.50057,33.17968],[-116.50062,33.17959],[-116.50082,33.17944],[-116.50098,33.17932],[-116.50111,33.17917],[-116.50114,33.17896],[-116.5011,33.17886],[-116.50104,33.17867],[-116.50097,33.17858],[-116.5008,33.1784],[-116.50073,33.17823],[-116.5007,33.17816],[-116.50054,33.17807],[-116.5004,33.17788],[-116.50019,33.17781],[-116.49992,33.1776],[-116.49967,33.17732],[-116.49921,33.17682],[-116.49898,33.1767],[-116.49896,33.17668],[-116.49876,33.17636],[-116.49852,33.17611],[-116.49847,33.17591],[-116.49836,33.17497],[-116.49842,33.17479],[-116.49843,33.17476],[-116.49841,33.17471],[-116.49839,33.17463],[-116.49828,33.17453],[-116.49822,33.17442],[-116.49828,33.17413],[-116.4984,33.17399],[-116.49876,33.17368],[-116.49883,33.17358],[-116.4988,33.17343],[-116.49871,33.17325],[-116.49862,33.17303],[-116.49861,33.17271],[-116.4987,33.17254],[-116.49876,33.17239],[-116.49886,33.17222],[-116.49886,33.17208],[-116.49877,33.17196],[-116.49873,33.1719],[-116.49866,33.17179],[-116.49865,33.17178],[-116.4986,33.17164],[-116.49866,33.17148],[-116.49879,33.17122],[-116.49899,33.17088],[-116.49896,33.17075],[-116.49886,33.17064],[-116.49884,33.17053],[-116.49891,33.17035],[-116.4989,33.17023],[-116.49887,33.17008],[-116.4989,33.16979],[-116.49922,33.16931],[-116.49941,33.1687],[-116.49957,33.16855],[-116.49972,33.16838],[-116.49983,33.16819],[-116.49997,33.16812],[-116.50007,33.16795],[-116.50057,33.16772],[-116.50073,33.1677],[-116.50082,33.16769],[-116.50097,33.16769],[-116.50102,33.16763],[-116.50119,33.1675],[-116.50139,33.1674],[-116.50174,33.16725],[-116.50183,33.16712],[-116.50186,33.16708],[-116.50189,33.16707],[-116.5022,33.16696],[-116.50245,33.16693],[-116.50275,33.16681],[-116.5029,33.16678],[-116.50318,33.16687],[-116.5033,33.167],[-116.50377,33.16704],[-116.50404,33.16709],[-116.50426,33.16702],[-116.50443,33.16703],[-116.50462,33.16715],[-116.50495,33.1674],[-116.50524,33.16741],[-116.50541,33.16747],[-116.50552,33.16748],[-116.50573,33.16743],[-116.50584,33.16742],[-116.50599,33.16748],[-116.50619,33.16748],[-116.50637,33.16737],[-116.5065,33.16743],[-116.50692,33.16741],[-116.50721,33.16726],[-116.50724,33.16719],[-116.50731,33.16715],[-116.50746,33.16717],[-116.50754,33.16713],[-116.50763,33.16696],[-116.50775,33.16693],[-116.50788,33.16687],[-116.50808,33.16687],[-116.50885,33.16702],[-116.50933,33.16697],[-116.50961,33.16707],[-116.50983,33.16709],[-116.51005,33.16703],[-116.51021,33.16687],[-116.51039,33.16665],[-116.51065,33.16625],[-116.51082,33.16596],[-116.51093,33.16585],[-116.51102,33.16574],[-116.51107,33.16564],[-116.51106,33.16537],[-116.51099,33.16526],[-116.51097,33.16523],[-116.51085,33.16507],[-116.5107,33.16451],[-116.51066,33.16424],[-116.51069,33.16413],[-116.51073,33.16402],[-116.5108,33.16388]]}},{"type":"Feature","properties":{"name":"Skyway Drive","road_class":"unclassified","surface":"dirt","tracktype":"grade1","source":"Caltrans All Roads + OpenStreetMap explicit surface","source_detail":"osm way 666021923; Caltrans All Roads public-network geometry match","source_tile":"180/411","public_network_source":"Caltrans All Roads (ARNOLD/HPMS)","surface_source":"OpenStreetMap explicit surface tag","caltrans_match_coverage":1.0,"verified_length_m":663},"geometry":{"type":"LineString","coordinates":[[-116.50822,33.20298],[-116.50822,33.20195],[-116.50823,33.20128],[-116.50825,33.20022],[-116.50826,33.19956],[-116.50826,33.19935],[-116.50826,33.19932],[-116.50824,33.19866],[-116.50826,33.19815],[-116.50827,33.19716],[-116.50829,33.19698]]}},{"type":"Feature","properties":{"name":"Jasper Trail","road_class":"track","surface":"dirt","tracktype":"grade3","source":"Caltrans All Roads + OpenStreetMap explicit surface","source_detail":"osm way 666021927; Caltrans All Roads public-network geometry match","source_tile":"180/411","public_network_source":"Caltrans All Roads (ARNOLD/HPMS)","surface_source":"OpenStreetMap explicit surface tag","caltrans_match_coverage":1.0,"verified_length_m":2289},"geometry":{"type":"LineString","coordinates":[[-116.49143,33.21054],[-116.49133,33.21013],[-116.49132,33.20996],[-116.4912,33.2094],[-116.49103,33.20922],[-116.49087,33.2088],[-116.4908,33.20852],[-116.49077,33.20845],[-116.4907,33.20838],[-116.49065,33.20827],[-116.49073,33.20804],[-116.49079,33.20798],[-116.4908,33.20789],[-116.49067,33.20783],[-116.49031,33.20747],[-116.49014,33.2074],[-116.48995,33.20732],[-116.48909,33.20684],[-116.48874,33.2065],[-116.4882,33.20615],[-116.48766,33.2053],[-116.48746,33.20489],[-116.48728,33.20461],[-116.48718,33.20423],[-116.48711,33.20389],[-116.48712,33.20386],[-116.48714,33.20382],[-116.48726,33.20371],[-116.48795,33.20326],[-116.48822,33.20297],[-116.489,33.20251],[-116.4895,33.20243],[-116.4903,33.20203],[-116.49065,33.20186],[-116.49229,33.20187],[-116.49375,33.20173],[-116.49426,33.20157],[-116.49437,33.20155],[-116.49452,33.20154],[-116.49476,33.20155],[-116.49495,33.20159],[-116.49514,33.20154],[-116.49536,33.20147],[-116.49575,33.20127],[-116.49656,33.20087],[-116.49665,33.20069],[-116.49694,33.20064],[-116.49711,33.20058],[-116.49722,33.20052],[-116.49737,33.20043],[-116.49746,33.2004],[-116.49761,33.20041],[-116.49779,33.20036],[-116.49817,33.20004],[-116.49825,33.19958],[-116.49842,33.19933],[-116.49849,33.19926],[-116.49858,33.19924],[-116.49875,33.19919],[-116.49886,33.19911],[-116.49909,33.19905],[-116.49914,33.19903],[-116.49921,33.19898],[-116.49926,33.19892],[-116.49932,33.19887],[-116.49943,33.19883],[-116.49955,33.19876],[-116.49965,33.19865]]}},{"type":"Feature","properties":{"name":"Old Culp Valley Road","road_class":"track","surface":"dirt","tracktype":"grade3","source":"Caltrans All Roads + OpenStreetMap explicit surface","source_detail":"osm way 666021929; Caltrans All Roads public-network geometry match","source_tile":"180/411","public_network_source":"Caltrans All Roads (ARNOLD/HPMS)","surface_source":"OpenStreetMap explicit surface tag","caltrans_match_coverage":1.0,"verified_length_m":2722},"geometry":{"type":"LineString","coordinates":[[-116.48391,33.19399],[-116.48401,33.19393],[-116.48471,33.19409],[-116.48548,33.19404],[-116.48586,33.19407],[-116.48658,33.19401],[-116.48701,33.19398],[-116.48757,33.1939],[-116.48771,33.19385],[-116.48789,33.19387],[-116.48805,33.19388],[-116.48858,33.19397],[-116.4891,33.19396],[-116.48926,33.19399],[-116.49024,33.19451],[-116.49035,33.19464],[-116.49091,33.19505],[-116.49119,33.1953],[-116.49144,33.19545],[-116.49213,33.19573],[-116.49236,33.19586],[-116.49253,33.1959],[-116.493,33.19591],[-116.49316,33.19587],[-116.49331,33.19587],[-116.49357,33.19608],[-116.49388,33.19627],[-116.49435,33.19648],[-116.49462,33.19665],[-116.49483,33.19673],[-116.49539,33.19697],[-116.4956,33.19703],[-116.49575,33.19711],[-116.49583,33.19724],[-116.49586,33.19735],[-116.49593,33.19744],[-116.49609,33.19751],[-116.49643,33.19763],[-116.49658,33.19772],[-116.49669,33.19792],[-116.49683,33.19804],[-116.49836,33.19834],[-116.49877,33.19839],[-116.49925,33.19854],[-116.49952,33.19865],[-116.49965,33.19865],[-116.49986,33.19865],[-116.50015,33.19868],[-116.50038,33.19874],[-116.50058,33.19885],[-116.50071,33.19898],[-116.50117,33.1992],[-116.50134,33.19933],[-116.50191,33.19978],[-116.5021,33.19983],[-116.50247,33.19986],[-116.50281,33.19979],[-116.50314,33.19977],[-116.50337,33.19983],[-116.50371,33.19985],[-116.50445,33.20003],[-116.5047,33.20011],[-116.50501,33.20026],[-116.50541,33.20051],[-116.5062,33.20088],[-116.50698,33.20095],[-116.50769,33.20107],[-116.50778,33.20112],[-116.5078,33.20119],[-116.50782,33.20179],[-116.5078,33.20198],[-116.50786,33.20297],[-116.5079,33.203],[-116.50822,33.20298]]}},{"type":"Feature","properties":{"name":"Indian Flats Road","road_class":"track","surface":"dirt","tracktype":"grade3","source":"Caltrans All Roads + OpenStreetMap explicit surface","source_detail":"osm way 1034546798; Caltrans All Roads public-network geometry match","source_tile":"180/411","public_network_source":"Caltrans All Roads (ARNOLD/HPMS)","surface_source":"OpenStreetMap explicit surface tag","caltrans_match_coverage":1.0,"verified_length_m":1979},"geometry":{"type":"LineString","coordinates":[[-116.6665,33.35802],[-116.66659,33.358],[-116.66667,33.35798],[-116.66678,33.35793],[-116.66689,33.35789],[-116.66704,33.35779],[-116.66717,33.35775],[-116.66735,33.35771],[-116.66755,33.35762],[-116.6678,33.35756],[-116.66808,33.35749],[-116.66822,33.35747],[-116.66833,33.35747],[-116.66842,33.35749],[-116.6685,33.35753],[-116.6687,33.35766],[-116.66883,33.35774],[-116.66894,33.35782],[-116.66906,33.35793],[-116.66923,33.35811],[-116.66945,33.35827],[-116.66968,33.35845],[-116.66981,33.35856],[-116.66988,33.3586],[-116.67001,33.35862],[-116.67022,33.35863],[-116.67045,33.35863],[-116.67072,33.35861],[-116.67104,33.35859],[-116.67123,33.35858],[-116.67139,33.35859],[-116.6715,33.35861],[-116.6716,33.35865],[-116.67166,33.35869],[-116.67173,33.35873],[-116.67181,33.35885],[-116.67192,33.35902],[-116.67198,33.35913],[-116.67202,33.35924],[-116.67202,33.35944],[-116.67203,33.35948],[-116.67209,33.35961],[-116.67217,33.35985],[-116.67228,33.36018],[-116.67235,33.36037],[-116.67238,33.36051],[-116.67244,33.36066],[-116.67245,33.36075],[-116.67245,33.36083],[-116.67243,33.36092],[-116.67241,33.361],[-116.67236,33.36109],[-116.67225,33.36121],[-116.67219,33.36128],[-116.67218,33.36134],[-116.67218,33.3614],[-116.67221,33.36144],[-116.67225,33.36146],[-116.67231,33.3615],[-116.67239,33.36155],[-116.67255,33.36169],[-116.6727,33.36179],[-116.67274,33.36182],[-116.67281,33.36189],[-116.67291,33.36204],[-116.67298,33.36221],[-116.67303,33.36238],[-116.67308,33.36251],[-116.6731,33.36256],[-116.67313,33.36259],[-116.67326,33.36268],[-116.67337,33.36277],[-116.67352,33.36285],[-116.67376,33.36298],[-116.67382,33.36299],[-116.6739,33.363],[-116.67399,33.36301],[-116.67406,33.36303],[-116.67415,33.36306],[-116.67425,33.36312],[-116.67432,33.36317],[-116.67439,33.36325],[-116.67444,33.36333],[-116.67445,33.36339],[-116.67445,33.36344],[-116.67447,33.36348],[-116.67453,33.36355],[-116.6746,33.36366],[-116.67466,33.36381],[-116.67471,33.36393],[-116.67474,33.36401],[-116.67475,33.36411],[-116.67475,33.36415],[-116.67471,33.36424],[-116.67461,33.36439],[-116.67449,33.3645],[-116.67431,33.36464],[-116.67422,33.36473],[-116.67417,33.3648],[-116.67412,33.36485],[-116.67401,33.365],[-116.67397,33.36507],[-116.67394,33.36513],[-116.67394,33.36518],[-116.67395,33.36524],[-116.67401,33.36536],[-116.67407,33.36549],[-116.67413,33.36558],[-116.67421,33.36566],[-116.67431,33.36576],[-116.67438,33.36584],[-116.67454,33.36595],[-116.67468,33.36602],[-116.67484,33.36608],[-116.67509,33.36612],[-116.6753,33.36616],[-116.67549,33.36621],[-116.67584,33.36637],[-116.67598,33.36643],[-116.67617,33.36648],[-116.67642,33.36653],[-116.67698,33.3666],[-116.67706,33.36661],[-116.67752,33.36661],[-116.67786,33.36662],[-116.67803,33.36662],[-116.67828,33.36659],[-116.67854,33.36655],[-116.6787,33.36653],[-116.67892,33.36648],[-116.67912,33.36641],[-116.67919,33.36639],[-116.67928,33.36638]]}},{"type":"Feature","properties":{"name":"(unnamed public road)","road_class":"track","surface":"dirt","tracktype":"grade4","access":"permissive","source":"Caltrans All Roads + OpenStreetMap explicit surface","source_detail":"osm way 1062128018; Caltrans All Roads public-network geometry match","source_tile":"180/411","public_network_source":"Caltrans All Roads (ARNOLD/HPMS)","surface_source":"OpenStreetMap explicit surface tag","caltrans_match_coverage":1.0,"verified_length_m":1523},"geometry":{"type":"LineString","coordinates":[[-116.53201,33.18284],[-116.53218,33.18287],[-116.53234,33.1829],[-116.53278,33.1831],[-116.53305,33.18327],[-116.53313,33.18332],[-116.5332,33.18335],[-116.53332,33.1834],[-116.53356,33.18345],[-116.53378,33.18352],[-116.53402,33.18369],[-116.53423,33.18389],[-116.53429,33.18404],[-116.53431,33.18409],[-116.53434,33.18415],[-116.53448,33.18433],[-116.53461,33.18441],[-116.53486,33.18451],[-116.53518,33.18478],[-116.53525,33.18485],[-116.53547,33.18506],[-116.53569,33.18517],[-116.5357,33.18517],[-116.53583,33.18523],[-116.5359,33.18527],[-116.53612,33.18545],[-116.53634,33.18558],[-116.53651,33.18569],[-116.53675,33.18583],[-116.53686,33.18593],[-116.53688,33.18606],[-116.53687,33.18617],[-116.53686,33.18626],[-116.53691,33.18636],[-116.53702,33.18644],[-116.53716,33.1865],[-116.53721,33.18652],[-116.53745,33.18656],[-116.53769,33.18661],[-116.53776,33.18665],[-116.53781,33.18675],[-116.53781,33.18677],[-116.53794,33.18687],[-116.53819,33.18706],[-116.53822,33.18708],[-116.5384,33.18721],[-116.53855,33.18744],[-116.53864,33.18763],[-116.53865,33.18785],[-116.53866,33.18786],[-116.53868,33.18793],[-116.5392,33.18831],[-116.53926,33.18836],[-116.5393,33.18847],[-116.53932,33.1888],[-116.53932,33.18899],[-116.53929,33.18917],[-116.53933,33.18928],[-116.53946,33.18948],[-116.53966,33.18967],[-116.53984,33.1898],[-116.53996,33.18989],[-116.5401,33.18995],[-116.54017,33.19],[-116.54027,33.19011],[-116.54047,33.19042],[-116.54057,33.19052],[-116.54059,33.19055],[-116.54071,33.19066],[-116.54076,33.19077],[-116.54094,33.19111],[-116.54094,33.19113],[-116.54104,33.19147],[-116.54109,33.19168],[-116.54117,33.19188],[-116.54124,33.19201],[-116.54133,33.1921],[-116.54145,33.19222],[-116.5415,33.19228],[-116.54153,33.19233],[-116.54159,33.19255],[-116.54167,33.19267],[-116.54173,33.19276]]}},{"type":"Feature","properties":{"name":"(unnamed public road)","road_class":"track","surface":"unpaved","source":"Caltrans All Roads + OpenStreetMap explicit surface","source_detail":"osm way 1274258389; Caltrans All Roads public-network geometry match","source_tile":"180/411","public_network_source":"Caltrans All Roads (ARNOLD/HPMS)","surface_source":"OpenStreetMap explicit surface tag","caltrans_match_coverage":1.0,"verified_length_m":834},"geometry":{"type":"LineString","coordinates":[[-116.37499,33.27033],[-116.37521,33.27034],[-116.37539,33.27031],[-116.37565,33.27027],[-116.37594,33.27026],[-116.37622,33.27023],[-116.37659,33.27015],[-116.37676,33.27014],[-116.37692,33.27019],[-116.37708,33.27021],[-116.37735,33.27022],[-116.37767,33.27021],[-116.37783,33.27015],[-116.37794,33.27014],[-116.37805,33.27018],[-116.3782,33.2702],[-116.37841,33.27016],[-116.37854,33.27016],[-116.37869,33.27015],[-116.3789,33.27017],[-116.37909,33.27026],[-116.3792,33.27027],[-116.37937,33.2702],[-116.37953,33.2702],[-116.37975,33.27023],[-116.37991,33.27022],[-116.38023,33.27025],[-116.38053,33.27027],[-116.38093,33.27023],[-116.38118,33.27026],[-116.38152,33.27028],[-116.38183,33.27033],[-116.38206,33.27035],[-116.38246,33.27033],[-116.38263,33.27031],[-116.38316,33.27032],[-116.38361,33.27036],[-116.3838,33.2704]]}},{"type":"Feature","properties":{"name":"(unnamed public road)","road_class":"track","surface":"unpaved","source":"Caltrans All Roads + OpenStreetMap explicit surface","source_detail":"osm way 1305323668; Caltrans All Roads public-network geometry match","source_tile":"180/411","public_network_source":"Caltrans All Roads (ARNOLD/HPMS)","surface_source":"OpenStreetMap explicit surface tag","caltrans_match_coverage":0.98,"verified_length_m":1534},"geometry":{"type":"LineString","coordinates":[[-116.64746,33.36902],[-116.64734,33.36896],[-116.64695,33.3687],[-116.64671,33.36855],[-116.64652,33.36847],[-116.64643,33.36831],[-116.64645,33.36818],[-116.64616,33.36799],[-116.64601,33.3678],[-116.64595,33.36733],[-116.64586,33.36717],[-116.64573,33.36707],[-116.64514,33.36682],[-116.64416,33.36632],[-116.64368,33.36621],[-116.64355,33.36612],[-116.64339,33.36591],[-116.64317,33.36572],[-116.64249,33.36538],[-116.64234,33.36525],[-116.64211,33.36519],[-116.64165,33.36496],[-116.64042,33.36466],[-116.63951,33.36435],[-116.63941,33.36429],[-116.63931,33.36421],[-116.6389,33.36376],[-116.63829,33.36321],[-116.63791,33.36291],[-116.6377,33.36277],[-116.63745,33.36265],[-116.63714,33.36255],[-116.63595,33.36238],[-116.63553,33.36229],[-116.63534,33.36223],[-116.63522,33.36216],[-116.63512,33.36206],[-116.63504,33.36185],[-116.63525,33.3616],[-116.63533,33.36157],[-116.63546,33.36148]]}},{"type":"Feature","properties":{"name":"Yaqui Wells Road","road_class":"track","surface":"sand","source":"Caltrans All Roads + OpenStreetMap explicit surface","source_detail":"osm way 5994365; Caltrans All Roads public-network geometry match","source_tile":"180/412","public_network_source":"Caltrans All Roads (ARNOLD/HPMS)","surface_source":"OpenStreetMap explicit surface tag","caltrans_match_coverage":1.0,"verified_length_m":1252},"geometry":{"type":"LineString","coordinates":[[-116.37908,33.1367],[-116.37949,33.13676],[-116.37955,33.13677],[-116.37957,33.13678],[-116.38066,33.13685],[-116.38092,33.13688],[-116.38114,33.13692],[-116.38139,33.13698],[-116.38155,33.13705],[-116.38179,33.13712],[-116.3821,33.13719],[-116.38231,33.1372],[-116.38262,33.1372],[-116.38294,33.13718],[-116.38311,33.13719],[-116.38322,33.1372],[-116.38342,33.13724],[-116.3837,33.13732],[-116.38403,33.13743],[-116.38424,33.1375],[-116.38435,33.13753],[-116.38454,33.13754],[-116.38471,33.13755],[-116.38479,33.13757],[-116.38486,33.13759],[-116.38513,33.13769],[-116.38514,33.1377],[-116.38526,33.13772],[-116.3853,33.13773],[-116.3855,33.13774],[-116.3857,33.13772],[-116.38585,33.1377],[-116.38606,33.13768],[-116.38631,33.13763],[-116.38645,33.13762],[-116.38653,33.13762],[-116.38671,33.13756],[-116.38682,33.13751],[-116.38688,33.13748],[-116.38707,33.13743],[-116.38726,33.13742],[-116.3876,33.13746],[-116.38766,33.13747],[-116.38775,33.13748],[-116.38783,33.13748],[-116.38798,33.13749],[-116.38816,33.13746],[-116.3885,33.13745],[-116.38863,33.13746],[-116.38874,33.13749],[-116.38882,33.13751],[-116.38889,33.1375],[-116.38893,33.13749],[-116.38901,33.13744],[-116.38914,33.1373],[-116.38929,33.13721],[-116.3896,33.13711],[-116.3898,33.13709],[-116.39007,33.1371],[-116.3905,33.13708],[-116.3906,33.1371],[-116.39087,33.13722],[-116.39095,33.13726],[-116.39177,33.13753],[-116.39197,33.13753]]}}]}