{"type":"FeatureCollection","features":[{"type":"Feature","properties":{"name":"West Cadillac Avenue","road_class":"track","source":"OpenStreetMap","source_detail":"osm way 10339640","source_tile":"170/400","surface_inferred":true},"geometry":{"type":"LineString","coordinates":[[-120.24744,36.35625],[-120.22964,36.3563],[-120.21174,36.35647]]}},{"type":"Feature","properties":{"name":"West Floral Avenue","road_class":"track","surface":"dirt","source":"OpenStreetMap","source_detail":"osm way 10340102","source_tile":"170/400"},"geometry":{"type":"LineString","coordinates":[[-120.24009,36.57339],[-120.2397,36.57344],[-120.23459,36.57339],[-120.23001,36.57338],[-120.22559,36.57336],[-120.22542,36.57333],[-120.21651,36.57353],[-120.21641,36.57356],[-120.21626,36.57356],[-120.21168,36.57366],[-120.20703,36.57377],[-120.19768,36.57399],[-120.19075,36.57416],[-120.19048,36.57416],[-120.18966,36.57418],[-120.18809,36.57422],[-120.17882,36.57439],[-120.16914,36.57467]]}},{"type":"Feature","properties":{"name":"West Dinuba Avenue","road_class":"track","surface":"dirt","source":"OpenStreetMap","source_detail":"osm way 10341999","source_tile":"170/400"},"geometry":{"type":"LineString","coordinates":[[-120.21637,36.58794],[-120.22547,36.58799],[-120.22996,36.58802],[-120.23429,36.58805],[-120.23449,36.58805],[-120.24331,36.58807],[-120.24349,36.58808],[-120.24895,36.58811],[-120.25235,36.58813],[-120.25895,36.58819],[-120.25928,36.58817],[-120.25942,36.58813],[-120.25955,36.58803]]}},{"type":"Feature","properties":{"name":"West Elkhorn Avenue","road_class":"track","source":"OpenStreetMap","source_detail":"osm way 432471624","source_tile":"170/400","surface_inferred":true},"geometry":{"type":"LineString","coordinates":[[-120.25352,36.48711],[-120.24808,36.48714],[-120.24352,36.48716],[-120.23436,36.48721],[-120.23002,36.48723],[-120.22519,36.48726],[-120.22392,36.48726],[-120.22072,36.48731],[-120.21343,36.48743],[-120.21204,36.48745],[-120.20681,36.48747],[-120.19415,36.48742],[-120.18849,36.48743],[-120.17912,36.48749],[-120.17026,36.48756],[-120.16423,36.48757],[-120.15791,36.4876],[-120.15205,36.48761],[-120.14031,36.48769],[-120.13962,36.48769],[-120.13423,36.48772]]}},{"type":"Feature","properties":{"name":"West Kamm Avenue","road_class":"track","source":"OpenStreetMap","source_detail":"osm way 443271711","source_tile":"170/400","surface_inferred":true},"geometry":{"type":"LineString","coordinates":[[-120.22492,36.53072],[-120.23391,36.53056],[-120.24329,36.53052],[-120.24354,36.53052],[-120.24517,36.53053],[-120.25055,36.53056],[-120.25099,36.53061],[-120.26189,36.53065],[-120.27075,36.53041],[-120.28006,36.53038],[-120.28936,36.53041],[-120.29798,36.53043],[-120.30711,36.53029],[-120.30755,36.53024],[-120.30772,36.53037],[-120.31615,36.53032],[-120.33413,36.5302],[-120.34324,36.53034]]}},{"type":"Feature","properties":{"name":"(unnamed public road)","road_class":"track","source":"OpenStreetMap","source_detail":"osm way 588545081","source_tile":"170/400","surface_inferred":true},"geometry":{"type":"LineString","coordinates":[[-120.24361,36.54144],[-120.23466,36.54147],[-120.2252,36.54151],[-120.21589,36.54163],[-120.20699,36.54175]]}},{"type":"Feature","properties":{"name":"(unnamed public road)","road_class":"track","source":"OpenStreetMap","source_detail":"osm way 10327079","source_tile":"170/400","surface_inferred":true},"geometry":{"type":"LineString","coordinates":[[-120.1023,36.58903],[-120.10216,36.59411],[-120.10203,36.597],[-120.1018,36.60353]]}},{"type":"Feature","properties":{"name":"(unnamed public road)","road_class":"track","source":"OpenStreetMap","source_detail":"osm way 10329923","source_tile":"170/400","surface_inferred":true},"geometry":{"type":"LineString","coordinates":[[-120.06146,36.59648],[-120.05702,36.59647],[-120.05341,36.59644],[-120.05263,36.59711],[-120.05271,36.60238],[-120.05273,36.6038],[-120.05267,36.60816],[-120.05261,36.60916],[-120.05259,36.60949],[-120.05259,36.61093],[-120.05261,36.61103]]}},{"type":"Feature","properties":{"name":"(unnamed public road)","road_class":"track","source":"OpenStreetMap","source_detail":"osm way 10330762","source_tile":"170/400","surface_inferred":true},"geometry":{"type":"LineString","coordinates":[[-120.1065,36.5847],[-120.1065,36.58747],[-120.10652,36.59401],[-120.1065,36.59703],[-120.10653,36.60355]]}},{"type":"Feature","properties":{"name":"South Levee Road","road_class":"unclassified","surface":"dirt","source":"OpenStreetMap","source_detail":"osm way 10339395","source_tile":"170/400"},"geometry":{"type":"LineString","coordinates":[[-120.20439,36.58083],[-120.20473,36.58125],[-120.20697,36.58324],[-120.2073,36.58358],[-120.20798,36.58411],[-120.21039,36.58539],[-120.21127,36.58562],[-120.21178,36.58581],[-120.21216,36.58646],[-120.21221,36.58686],[-120.21211,36.58752],[-120.21218,36.58768],[-120.21234,36.58792],[-120.21247,36.58808],[-120.21271,36.58821],[-120.21481,36.58934],[-120.21521,36.58958],[-120.21558,36.58995],[-120.21614,36.59053],[-120.21619,36.59063],[-120.21621,36.59072],[-120.2162,36.59085],[-120.21614,36.59095],[-120.21587,36.59134],[-120.21584,36.5916],[-120.21586,36.59197],[-120.21599,36.59241],[-120.21646,36.5937],[-120.21701,36.59534],[-120.21706,36.59548],[-120.21868,36.59985],[-120.21862,36.59997],[-120.21894,36.60072],[-120.21964,36.60253],[-120.22019,36.6042],[-120.22425,36.61575],[-120.22481,36.61718],[-120.22489,36.61745],[-120.22752,36.62451],[-120.22794,36.62585],[-120.22796,36.62608],[-120.22788,36.62674],[-120.22793,36.627],[-120.22875,36.62924],[-120.22913,36.63027],[-120.2297,36.63186]]}},{"type":"Feature","properties":{"name":"(unnamed public road)","road_class":"track","source":"OpenStreetMap","source_detail":"osm way 587645145","source_tile":"170/400","surface_inferred":true},"geometry":{"type":"LineString","coordinates":[[-120.10162,36.57456],[-120.10299,36.57588],[-120.1125,36.58538],[-120.11705,36.59],[-120.1212,36.59415],[-120.1261,36.59923],[-120.13062,36.60364]]}},{"type":"Feature","properties":{"name":"(unnamed public road)","road_class":"track","surface":"unpaved","source":"OpenStreetMap","source_detail":"osm way 806032054","source_tile":"170/400"},"geometry":{"type":"LineString","coordinates":[[-120.057,36.60377],[-120.05702,36.59647]]}},{"type":"Feature","properties":{"name":"(unnamed public road)","road_class":"track","source":"OpenStreetMap","source_detail":"osm way 808243305","source_tile":"170/400","surface_inferred":true},"geometry":{"type":"LineString","coordinates":[[-119.90796,36.59837],[-119.90676,36.59837],[-119.90672,36.59836],[-119.90669,36.59834],[-119.90664,36.59832],[-119.90658,36.59828],[-119.90657,36.59826],[-119.90657,36.59824],[-119.90656,36.5981],[-119.90657,36.59803],[-119.9066,36.59793],[-119.90665,36.59788],[-119.9067,36.59783],[-119.90673,36.59778],[-119.90674,36.59774],[-119.90675,36.59766],[-119.90674,36.59742]]}},{"type":"Feature","properties":{"name":"(unnamed public road)","road_class":"track","source":"OpenStreetMap","source_detail":"osm way 808624241","source_tile":"170/400","surface_inferred":true},"geometry":{"type":"LineString","coordinates":[[-120.03465,36.5964],[-120.03465,36.60007]]}},{"type":"Feature","properties":{"name":"(unnamed public road)","road_class":"track","source":"OpenStreetMap","source_detail":"osm way 939118828","source_tile":"170/400","surface_inferred":true},"geometry":{"type":"LineString","coordinates":[[-119.89827,36.59746],[-119.89828,36.59769],[-119.8983,36.59805],[-119.89829,36.59829],[-119.89826,36.59835],[-119.8982,36.5984]]}},{"type":"Feature","properties":{"name":"(unnamed public road)","road_class":"track","source":"OpenStreetMap","source_detail":"osm way 10321626","source_tile":"170/400","surface_inferred":true},"geometry":{"type":"LineString","coordinates":[[-120.02479,36.46532],[-120.02938,36.46549],[-120.02933,36.4685]]}},{"type":"Feature","properties":{"name":"(unnamed public road)","road_class":"track","source":"OpenStreetMap","source_detail":"osm way 10321631","source_tile":"170/400","surface_inferred":true},"geometry":{"type":"LineString","coordinates":[[-120.03136,36.4648],[-120.03,36.4648],[-120.02943,36.46494],[-120.02074,36.46484],[-120.02011,36.46455],[-120.01965,36.46458]]}},{"type":"Feature","properties":{"name":"(unnamed public road)","road_class":"track","source":"OpenStreetMap","source_detail":"osm way 10321633","source_tile":"170/400","surface_inferred":true},"geometry":{"type":"LineString","coordinates":[[-120.21508,36.59191],[-120.21345,36.59234],[-120.21449,36.59531]]}},{"type":"Feature","properties":{"name":"(unnamed public road)","road_class":"track","source":"OpenStreetMap","source_detail":"osm way 10322855","source_tile":"170/400","surface_inferred":true},"geometry":{"type":"LineString","coordinates":[[-120.06627,36.48047],[-120.06506,36.47912],[-120.06435,36.47832]]}},{"type":"Feature","properties":{"name":"(unnamed public road)","road_class":"track","source":"OpenStreetMap","source_detail":"osm way 10323022","source_tile":"170/400","surface_inferred":true},"geometry":{"type":"LineString","coordinates":[[-119.99966,36.45915],[-119.99853,36.45915],[-119.99845,36.45921],[-119.99839,36.4593],[-119.99831,36.45937],[-119.99818,36.45938],[-119.99785,36.45934],[-119.99719,36.45923],[-119.99708,36.45946],[-119.99705,36.4597],[-119.99703,36.45999],[-119.99706,36.4604],[-119.99727,36.4613],[-119.9974,36.46161],[-119.99754,36.46168],[-119.99767,36.46174],[-119.99843,36.46185],[-119.9987,36.46193],[-119.99891,36.46204],[-119.99919,36.46228],[-119.99954,36.46268],[-119.99968,36.46301],[-119.99981,36.4632],[-120.00004,36.46338],[-120.00046,36.4636],[-120.00093,36.46393],[-120.00107,36.46397],[-120.00121,36.464],[-120.00173,36.46405],[-120.00193,36.46412],[-120.00205,36.4642],[-120.00217,36.46431],[-120.00224,36.46445],[-120.00229,36.46467],[-120.00232,36.46502],[-120.0023,36.46522],[-120.00223,36.46541],[-120.00206,36.46563],[-120.00193,36.46579],[-120.00185,36.46602],[-120.00181,36.46629],[-120.00177,36.46638],[-120.00147,36.46662],[-120.00125,36.46682],[-120.00099,36.46714],[-120.00074,36.46746],[-120.00061,36.46763],[-120.00053,36.46783],[-120.00047,36.4681],[-120.0005,36.46891],[-120.00058,36.46921],[-120.00068,36.46929],[-120.00079,36.46934],[-120.00098,36.46935],[-120.00136,36.46936],[-120.00162,36.46936],[-120.00182,36.46946],[-120.00194,36.46954],[-120.00206,36.46972],[-120.0023,36.4705],[-120.0024,36.47064],[-120.00253,36.4707],[-120.00299,36.47082],[-120.00318,36.47093],[-120.00329,36.47105],[-120.00337,36.47121],[-120.00347,36.47197],[-120.00354,36.4721],[-120.00403,36.47242],[-120.00416,36.47251],[-120.00453,36.473],[-120.00511,36.47365],[-120.00521,36.47384],[-120.00522,36.47394],[-120.0052,36.47407],[-120.00497,36.47457],[-120.00496,36.47468],[-120.00516,36.47535],[-120.00515,36.47547],[-120.00485,36.47606],[-120.0048,36.47631],[-120.00482,36.47663],[-120.00489,36.4769],[-120.00534,36.47764],[-120.0054,36.47781],[-120.00541,36.47798],[-120.00537,36.47837],[-120.00539,36.47855],[-120.00552,36.47922],[-120.00554,36.47957],[-120.00549,36.47982],[-120.00521,36.48037],[-120.00455,36.4816],[-120.00452,36.48179],[-120.00457,36.48201],[-120.00512,36.48264],[-120.00534,36.48304],[-120.00548,36.48351],[-120.0055,36.48376],[-120.00537,36.4849],[-120.0054,36.48502]]}},{"type":"Feature","properties":{"name":"(unnamed public road)","road_class":"track","source":"OpenStreetMap","source_detail":"osm way 10323484","source_tile":"170/400","surface_inferred":true},"geometry":{"type":"LineString","coordinates":[[-120.1071,36.50235],[-120.10707,36.50892],[-120.10973,36.50892],[-120.11129,36.5089],[-120.11166,36.50861],[-120.11258,36.5086],[-120.11562,36.50857],[-120.11601,36.50858]]}},{"type":"Feature","properties":{"name":"(unnamed public road)","road_class":"track","source":"OpenStreetMap","source_detail":"osm way 10323547","source_tile":"170/400","surface_inferred":true},"geometry":{"type":"LineString","coordinates":[[-120.1028,36.48761],[-120.10266,36.48769],[-120.10241,36.48779],[-120.10226,36.48785]]}},{"type":"Feature","properties":{"name":"(unnamed public road)","road_class":"track","source":"OpenStreetMap","source_detail":"osm way 10323621","source_tile":"170/400","surface_inferred":true},"geometry":{"type":"LineString","coordinates":[[-120.18849,36.48743],[-120.18859,36.49995],[-120.18867,36.50202]]}},{"type":"Feature","properties":{"name":"(unnamed public road)","road_class":"track","source":"OpenStreetMap","source_detail":"osm way 10323625","source_tile":"170/400","surface_inferred":true},"geometry":{"type":"LineString","coordinates":[[-120.06003,36.47325],[-120.0602,36.47339],[-120.0604,36.47359],[-120.06607,36.47987],[-120.06663,36.48048],[-120.06672,36.48054],[-120.06683,36.48057],[-120.06731,36.48057],[-120.06817,36.48058],[-120.07635,36.4805],[-120.07685,36.48049],[-120.07871,36.4805],[-120.08092,36.48046],[-120.08112,36.48048],[-120.08129,36.48053],[-120.08461,36.48231],[-120.08505,36.4825],[-120.08532,36.48266],[-120.09783,36.48625],[-120.09796,36.48626],[-120.09814,36.48623],[-120.09824,36.48621],[-120.09837,36.48621],[-120.09855,36.48626],[-120.09862,36.48638],[-120.09867,36.48642],[-120.09875,36.48646],[-120.09898,36.48651],[-120.09942,36.48666],[-120.1028,36.48761],[-120.10422,36.48758],[-120.11555,36.48756]]}},{"type":"Feature","properties":{"name":"(unnamed public road)","road_class":"track","surface":"dirt","source":"OpenStreetMap","source_detail":"osm way 10324134","source_tile":"170/400"},"geometry":{"type":"LineString","coordinates":[[-120.11565,36.56075],[-120.11559,36.56302]]}},{"type":"Feature","properties":{"name":"(unnamed public road)","road_class":"track","source":"OpenStreetMap","source_detail":"osm way 10324184","source_tile":"170/400","surface_inferred":true},"geometry":{"type":"LineString","coordinates":[[-120.11598,36.50233],[-120.11606,36.50227],[-120.11611,36.50215],[-120.11617,36.49974],[-120.11632,36.48793],[-120.1163,36.48786],[-120.11621,36.48779],[-120.11122,36.4878],[-120.10729,36.48781],[-120.10716,36.48781]]}},{"type":"Feature","properties":{"name":"(unnamed public road)","road_class":"track","source":"OpenStreetMap","source_detail":"osm way 10324336","source_tile":"170/400","surface_inferred":true},"geometry":{"type":"LineString","coordinates":[[-120.14295,36.39742],[-120.14316,36.39758],[-120.1437,36.39761],[-120.14489,36.39764],[-120.14498,36.39771],[-120.14496,36.40056]]}},{"type":"Feature","properties":{"name":"(unnamed public road)","road_class":"track","source":"OpenStreetMap","source_detail":"osm way 10324340","source_tile":"170/400","surface_inferred":true},"geometry":{"type":"LineString","coordinates":[[-120.16604,36.39319],[-120.16598,36.40019]]}},{"type":"Feature","properties":{"name":"(unnamed public road)","road_class":"track","source":"OpenStreetMap","source_detail":"osm way 10324458","source_tile":"170/400","surface_inferred":true},"geometry":{"type":"LineString","coordinates":[[-120.02092,36.50747],[-120.01869,36.50626],[-120.01248,36.50292],[-120.01213,36.50286],[-120.00781,36.50287],[-120.00776,36.50901],[-120.00774,36.51014]]}},{"type":"Feature","properties":{"name":"(unnamed public road)","road_class":"track","source":"OpenStreetMap","source_detail":"osm way 10324465","source_tile":"170/400","surface_inferred":true},"geometry":{"type":"LineString","coordinates":[[-120.06232,36.50284],[-120.06222,36.50611],[-120.06226,36.50878],[-120.06225,36.50896],[-120.06223,36.50916],[-120.06222,36.5134]]}},{"type":"Feature","properties":{"name":"(unnamed public road)","road_class":"track","source":"OpenStreetMap","source_detail":"osm way 10324735","source_tile":"170/400","surface_inferred":true},"geometry":{"type":"LineString","coordinates":[[-120.00185,36.49331],[-120.00185,36.49287],[-120.00185,36.4927],[-120.00185,36.49241],[-120.00191,36.48931],[-120.00189,36.48831],[-120.00297,36.48829],[-120.00454,36.48828],[-120.00466,36.48822],[-120.00496,36.48821],[-120.00795,36.48886],[-120.00799,36.48892],[-120.00801,36.4891],[-120.00786,36.49515],[-120.00784,36.49786],[-120.00781,36.49899],[-120.0078,36.50007],[-120.00775,36.50009],[-120.00754,36.50005],[-120.00476,36.49853],[-120.00346,36.49781]]}},{"type":"Feature","properties":{"name":"(unnamed public road)","road_class":"track","source":"OpenStreetMap","source_detail":"osm way 10325288","source_tile":"170/400","surface_inferred":true},"geometry":{"type":"LineString","coordinates":[[-120.17889,36.56834],[-120.17951,36.56923],[-120.17965,36.56941],[-120.17981,36.56963],[-120.17992,36.56972],[-120.1803,36.56986],[-120.1806,36.56992],[-120.18184,36.57008],[-120.1832,36.57044],[-120.18359,36.57047],[-120.18394,36.57052],[-120.18425,36.57062],[-120.18448,36.57076],[-120.18482,36.57092],[-120.18501,36.57095],[-120.1854,36.57098],[-120.18617,36.57093],[-120.18688,36.57084],[-120.18708,36.57087],[-120.18727,36.57095],[-120.18735,36.57105],[-120.18742,36.5712],[-120.18744,36.57141],[-120.18747,36.57199],[-120.18752,36.57211],[-120.18765,36.57222],[-120.18785,36.57236],[-120.18816,36.57245],[-120.18825,36.57247],[-120.18837,36.57254],[-120.18849,36.57268],[-120.18862,36.57296],[-120.18872,36.57313],[-120.18883,36.57328],[-120.18932,36.57378],[-120.18955,36.57404],[-120.18966,36.57418]]}},{"type":"Feature","properties":{"name":"(unnamed public road)","road_class":"track","source":"OpenStreetMap","source_detail":"osm way 10325707","source_tile":"170/400","surface_inferred":true},"geometry":{"type":"LineString","coordinates":[[-120.22519,36.48726],[-120.22504,36.49995]]}},{"type":"Feature","properties":{"name":"(unnamed public road)","road_class":"track","source":"OpenStreetMap","source_detail":"osm way 10326198","source_tile":"170/400","surface_inferred":true},"geometry":{"type":"LineString","coordinates":[[-120.07628,36.48086],[-120.07647,36.48079],[-120.07857,36.48079],[-120.08098,36.48079],[-120.0811,36.48083],[-120.08175,36.48115],[-120.08477,36.48275],[-120.08532,36.48304],[-120.08558,36.48309],[-120.08565,36.48314],[-120.08573,36.48438],[-120.08573,36.48441],[-120.0858,36.4874],[-120.08581,36.48768],[-120.08586,36.48777],[-120.08598,36.48788]]}},{"type":"Feature","properties":{"name":"(unnamed public road)","road_class":"track","surface":"unpaved","tracktype":"grade5","source":"OpenStreetMap","source_detail":"osm way 10326223","source_tile":"170/400"},"geometry":{"type":"LineString","coordinates":[[-120.08862,36.55137],[-120.08868,36.55137],[-120.08874,36.55134],[-120.08877,36.5513],[-120.08878,36.55125],[-120.08888,36.54608],[-120.08892,36.54318],[-120.08896,36.53962],[-120.089,36.53374],[-120.08899,36.53282],[-120.08901,36.5327],[-120.08904,36.5326],[-120.08911,36.53252],[-120.08914,36.53246],[-120.08915,36.53226],[-120.08915,36.53184],[-120.08916,36.53155],[-120.08921,36.52752],[-120.08926,36.52718],[-120.08924,36.52714],[-120.08922,36.5271],[-120.08921,36.52703],[-120.08926,36.5269],[-120.08917,36.52677],[-120.08904,36.52664],[-120.08874,36.52646],[-120.08464,36.52294],[-120.0811,36.52021],[-120.08045,36.51964],[-120.0801,36.51919],[-120.08002,36.51828],[-120.08002,36.51743],[-120.08001,36.51726],[-120.07994,36.51711],[-120.07994,36.5169],[-120.08009,36.50989],[-120.08014,36.50608],[-120.08017,36.50298],[-120.08026,36.50242],[-120.08023,36.50213],[-120.08027,36.49995],[-120.08029,36.49618],[-120.08032,36.49575],[-120.08024,36.49544],[-120.08017,36.49532],[-120.08011,36.49528],[-120.0799,36.49523],[-120.07962,36.49523],[-120.07929,36.49525],[-120.07922,36.49525],[-120.07915,36.49525],[-120.07909,36.49525],[-120.079,36.49525],[-120.07895,36.49526],[-120.07894,36.49526],[-120.07888,36.49526],[-120.07848,36.49526],[-120.07815,36.49527],[-120.0777,36.49527],[-120.07724,36.49526],[-120.0769,36.49527],[-120.07662,36.49526],[-120.07626,36.49527],[-120.07589,36.49528],[-120.07557,36.49528],[-120.07523,36.49524],[-120.075,36.49523],[-120.07471,36.49522],[-120.07433,36.49522],[-120.07408,36.49522],[-120.07389,36.49523],[-120.07351,36.49523],[-120.07316,36.49523],[-120.0728,36.49523],[-120.07253,36.49523],[-120.07229,36.49524],[-120.07193,36.49525],[-120.07168,36.49524],[-120.07145,36.49524],[-120.07135,36.49524],[-120.07128,36.49525]]}},{"type":"Feature","properties":{"name":"(unnamed public road)","road_class":"track","source":"OpenStreetMap","source_detail":"osm way 10326320","source_tile":"170/400","surface_inferred":true},"geometry":{"type":"LineString","coordinates":[[-120.02324,36.49507],[-120.02412,36.49581],[-120.02537,36.49678],[-120.0258,36.49717],[-120.02635,36.4975],[-120.02694,36.49778],[-120.02748,36.49795],[-120.0282,36.49811],[-120.02884,36.49818],[-120.0292,36.4982],[-120.02964,36.49819],[-120.03006,36.49816],[-120.03087,36.49805],[-120.03121,36.49807],[-120.03154,36.49813],[-120.03192,36.49826],[-120.03509,36.49975],[-120.03505,36.49993],[-120.03502,36.50013],[-120.03498,36.50291],[-120.03496,36.50699],[-120.03495,36.5097],[-120.03501,36.50982],[-120.03497,36.50991],[-120.03496,36.51262],[-120.03496,36.51338],[-120.03517,36.51356],[-120.03542,36.5136],[-120.03899,36.51359],[-120.04379,36.51358],[-120.04937,36.51354],[-120.04968,36.51334],[-120.05011,36.51363],[-120.0514,36.51503],[-120.05218,36.51582],[-120.05333,36.51677],[-120.05367,36.5171],[-120.05491,36.51849],[-120.05798,36.522],[-120.05897,36.52317],[-120.0591,36.5234],[-120.05916,36.52361],[-120.05926,36.52409],[-120.05923,36.52548],[-120.05922,36.52753],[-120.05926,36.52806],[-120.05939,36.52866],[-120.05962,36.52917],[-120.0599,36.52965],[-120.06078,36.53065],[-120.06114,36.53131],[-120.06118,36.53142],[-120.06116,36.5315],[-120.06112,36.53157],[-120.06112,36.53166],[-120.06118,36.53174],[-120.06122,36.53177],[-120.06133,36.53182],[-120.06141,36.53188],[-120.06214,36.53328],[-120.06302,36.53503],[-120.06396,36.53686],[-120.06425,36.53732],[-120.06449,36.53765],[-120.06477,36.53794],[-120.06497,36.53813],[-120.0653,36.53839],[-120.06584,36.53877]]}},{"type":"Feature","properties":{"name":"(unnamed public road)","road_class":"track","source":"OpenStreetMap","source_detail":"osm way 10326822","source_tile":"170/400","surface_inferred":true},"geometry":{"type":"LineString","coordinates":[[-120.02269,36.4683],[-120.02425,36.46839],[-120.02933,36.4685],[-120.03061,36.46858],[-120.03139,36.46862]]}},{"type":"Feature","properties":{"name":"(unnamed public road)","road_class":"track","source":"OpenStreetMap","source_detail":"osm way 10326925","source_tile":"170/400","surface_inferred":true},"geometry":{"type":"LineString","coordinates":[[-120.03023,36.51741],[-120.03023,36.52457],[-120.03022,36.53191],[-120.03019,36.53919]]}},{"type":"Feature","properties":{"name":"(unnamed public road)","road_class":"track","source":"OpenStreetMap","source_detail":"osm way 10327122","source_tile":"170/400","surface_inferred":true},"geometry":{"type":"LineString","coordinates":[[-120.00348,36.49517],[-120.00348,36.49576],[-120.00346,36.49781],[-120.00346,36.49795],[-120.0037,36.49867],[-120.00374,36.49898]]}},{"type":"Feature","properties":{"name":"(unnamed public road)","road_class":"track","source":"OpenStreetMap","source_detail":"osm way 10327274","source_tile":"170/400","surface_inferred":true},"geometry":{"type":"LineString","coordinates":[[-120.08539,36.47331],[-120.08524,36.47345],[-120.08521,36.47363],[-120.08521,36.47385],[-120.08531,36.47433],[-120.08536,36.47461],[-120.08535,36.47474],[-120.08523,36.47489],[-120.08517,36.47505]]}},{"type":"Feature","properties":{"name":"(unnamed public road)","road_class":"track","source":"OpenStreetMap","source_detail":"osm way 10327275","source_tile":"170/400","surface_inferred":true},"geometry":{"type":"LineString","coordinates":[[-120.08501,36.48052],[-120.08517,36.48042],[-120.08519,36.48037],[-120.08529,36.47732],[-120.08521,36.477],[-120.08509,36.47691],[-120.08517,36.47505]]}},{"type":"Feature","properties":{"name":"(unnamed public road)","road_class":"track","source":"OpenStreetMap","source_detail":"osm way 10327624","source_tile":"170/400","surface_inferred":true},"geometry":{"type":"LineString","coordinates":[[-120.06205,36.51965],[-120.062,36.52137],[-120.06188,36.52188],[-120.06181,36.52154],[-120.06164,36.52124],[-120.06133,36.52088],[-120.06087,36.52063],[-120.06048,36.52048],[-120.06002,36.52041],[-120.05964,36.52018],[-120.05939,36.52001],[-120.05919,36.51978],[-120.05886,36.51916],[-120.05867,36.51881],[-120.05848,36.51854],[-120.05799,36.51802],[-120.05762,36.51769],[-120.05737,36.51749],[-120.05719,36.51736],[-120.05703,36.51722],[-120.05689,36.51702],[-120.05682,36.5168],[-120.05662,36.51609],[-120.05652,36.51587],[-120.05613,36.51547],[-120.05545,36.51498],[-120.05468,36.51459],[-120.05446,36.51443],[-120.05418,36.5142],[-120.05395,36.51397],[-120.05384,36.51379],[-120.05379,36.51363],[-120.05379,36.51348]]}},{"type":"Feature","properties":{"name":"(unnamed public road)","road_class":"track","source":"OpenStreetMap","source_detail":"osm way 10328892","source_tile":"170/400","surface_inferred":true},"geometry":{"type":"LineString","coordinates":[[-120.07132,36.48793],[-120.07132,36.48958],[-120.07132,36.49008],[-120.0713,36.49176],[-120.07135,36.49524],[-120.07141,36.49915],[-120.07141,36.49995],[-120.07131,36.50232],[-120.07143,36.50247],[-120.07149,36.50268],[-120.07146,36.50617],[-120.07144,36.50992],[-120.07141,36.51363],[-120.07137,36.51373],[-120.07125,36.51382],[-120.07124,36.51392],[-120.07121,36.5142],[-120.07117,36.5169],[-120.07117,36.51709],[-120.07105,36.51961],[-120.07103,36.52415],[-120.07098,36.52703],[-120.07098,36.52712],[-120.07095,36.5275],[-120.07096,36.52776]]}},{"type":"Feature","properties":{"name":"(unnamed public road)","road_class":"track","source":"OpenStreetMap","source_detail":"osm way 10328938","source_tile":"170/400","surface_inferred":true},"geometry":{"type":"LineString","coordinates":[[-120.07105,36.51961],[-120.06666,36.51961],[-120.06401,36.51964],[-120.06205,36.51965]]}},{"type":"Feature","properties":{"name":"(unnamed public road)","road_class":"track","source":"OpenStreetMap","source_detail":"osm way 10328956","source_tile":"170/400","surface_inferred":true},"geometry":{"type":"LineString","coordinates":[[-120.16885,36.3781],[-120.16884,36.37746]]}},{"type":"Feature","properties":{"name":"(unnamed public road)","road_class":"track","source":"OpenStreetMap","source_detail":"osm way 10328997","source_tile":"170/400","surface_inferred":true},"geometry":{"type":"LineString","coordinates":[[-120.07117,36.5169],[-120.06251,36.51695],[-120.06221,36.51699],[-120.06211,36.517],[-120.0619,36.51704],[-120.05725,36.51711],[-120.05703,36.51722]]}},{"type":"Feature","properties":{"name":"(unnamed public road)","road_class":"track","source":"OpenStreetMap","source_detail":"osm way 10329725","source_tile":"170/400","surface_inferred":true},"geometry":{"type":"LineString","coordinates":[[-120.10688,36.53151],[-120.10691,36.53589],[-120.10689,36.53605],[-120.10684,36.53616],[-120.10686,36.53625],[-120.10691,36.53637],[-120.10691,36.53649],[-120.10667,36.5369],[-120.10662,36.53722],[-120.10651,36.53736],[-120.10648,36.53746],[-120.10654,36.53761],[-120.1067,36.53779],[-120.10679,36.53795],[-120.10681,36.53803],[-120.10683,36.53852],[-120.10685,36.53857],[-120.10702,36.53876],[-120.10705,36.53883],[-120.10707,36.54001],[-120.10711,36.54023],[-120.1072,36.54045],[-120.10731,36.54063],[-120.1074,36.54073],[-120.10751,36.54079],[-120.10766,36.54082],[-120.10777,36.54081],[-120.10847,36.54064],[-120.10856,36.54064],[-120.10867,36.54066],[-120.10888,36.5408],[-120.10899,36.54084],[-120.10925,36.54085],[-120.10953,36.54092],[-120.10972,36.54093],[-120.11011,36.54092],[-120.11063,36.54092],[-120.1108,36.5409],[-120.11095,36.54084],[-120.1111,36.54075],[-120.11153,36.54045],[-120.11172,36.54036],[-120.11194,36.54028]]}},{"type":"Feature","properties":{"name":"(unnamed public road)","road_class":"track","source":"OpenStreetMap","source_detail":"osm way 10330185","source_tile":"170/400","surface_inferred":true},"geometry":{"type":"LineString","coordinates":[[-120.04082,36.50258],[-120.04184,36.50389],[-120.04365,36.50483],[-120.04384,36.5049],[-120.0469,36.50595],[-120.04789,36.50623],[-120.04856,36.50664],[-120.04972,36.50737],[-120.05033,36.50801],[-120.05084,36.50861],[-120.05103,36.50894],[-120.05128,36.50927],[-120.05136,36.50947],[-120.05143,36.50976],[-120.05141,36.51032],[-120.05138,36.51142],[-120.05166,36.51176],[-120.05297,36.51255],[-120.05345,36.51284],[-120.0536,36.513],[-120.05372,36.51319],[-120.05379,36.51348]]}},{"type":"Feature","properties":{"name":"(unnamed public road)","road_class":"track","source":"OpenStreetMap","source_detail":"osm way 10331462","source_tile":"170/400","surface_inferred":true},"geometry":{"type":"LineString","coordinates":[[-120.11035,36.54602],[-120.10994,36.54604],[-120.10983,36.54604],[-120.10957,36.54605]]}},{"type":"Feature","properties":{"name":"(unnamed public road)","road_class":"track","source":"OpenStreetMap","source_detail":"osm way 10331941","source_tile":"170/400","surface_inferred":true},"geometry":{"type":"LineString","coordinates":[[-120.11169,36.50233],[-120.11167,36.50794],[-120.11166,36.50861]]}},{"type":"Feature","properties":{"name":"(unnamed public road)","road_class":"track","source":"OpenStreetMap","source_detail":"osm way 10332343","source_tile":"170/400","surface_inferred":true},"geometry":{"type":"LineString","coordinates":[[-120.01329,36.42042],[-120.0145,36.42068],[-120.01953,36.42201],[-120.01989,36.42213],[-120.02018,36.42234],[-120.02542,36.42924],[-120.0259,36.4299]]}},{"type":"Feature","properties":{"name":"(unnamed public road)","road_class":"track","source":"OpenStreetMap","source_detail":"osm way 10334152","source_tile":"170/400","surface_inferred":true},"geometry":{"type":"LineString","coordinates":[[-119.89469,36.53247],[-119.89466,36.5383]]}},{"type":"Feature","properties":{"name":"(unnamed public road)","road_class":"track","source":"OpenStreetMap","source_detail":"osm way 10334261","source_tile":"170/400","surface_inferred":true},"geometry":{"type":"LineString","coordinates":[[-120.06216,36.48826],[-120.06213,36.49181],[-120.06222,36.49221],[-120.06221,36.49312],[-120.06218,36.49723],[-120.06214,36.50082],[-120.06211,36.50252]]}},{"type":"Feature","properties":{"name":"(unnamed public road)","road_class":"track","source":"OpenStreetMap","source_detail":"osm way 10334287","source_tile":"170/400","surface_inferred":true},"geometry":{"type":"LineString","coordinates":[[-120.11795,36.5387],[-120.12039,36.53867],[-120.12598,36.53861],[-120.13386,36.53865]]}},{"type":"Feature","properties":{"name":"(unnamed public road)","road_class":"track","source":"OpenStreetMap","source_detail":"osm way 10334712","source_tile":"170/400","surface_inferred":true},"geometry":{"type":"LineString","coordinates":[[-120.0078,36.50007],[-120.00807,36.50029],[-120.01271,36.50282]]}},{"type":"Feature","properties":{"name":"(unnamed public road)","road_class":"track","source":"OpenStreetMap","source_detail":"osm way 10334717","source_tile":"170/400","surface_inferred":true},"geometry":{"type":"LineString","coordinates":[[-120.03505,36.49993],[-120.03518,36.49997],[-120.03547,36.50012],[-120.03597,36.50039],[-120.03635,36.50068],[-120.03709,36.50181],[-120.03779,36.50288],[-120.03806,36.50339],[-120.03894,36.50464],[-120.03951,36.50533],[-120.04008,36.5059],[-120.04523,36.50778],[-120.04638,36.5083],[-120.04766,36.50937],[-120.04814,36.50994],[-120.04838,36.51053],[-120.0485,36.51081],[-120.04865,36.5113],[-120.04897,36.51236],[-120.0492,36.51283],[-120.04968,36.51334]]}},{"type":"Feature","properties":{"name":"(unnamed public road)","road_class":"track","surface":"dirt","tracktype":"grade5","source":"OpenStreetMap","source_detail":"osm way 10335014","source_tile":"170/400"},"geometry":{"type":"LineString","coordinates":[[-120.08029,36.48793],[-120.08025,36.49392],[-120.08023,36.49411],[-120.08026,36.49501],[-120.08025,36.49507],[-120.08022,36.49514],[-120.08017,36.49521],[-120.08011,36.49528]]}},{"type":"Feature","properties":{"name":"(unnamed public road)","road_class":"track","source":"OpenStreetMap","source_detail":"osm way 10335199","source_tile":"170/400","surface_inferred":true},"geometry":{"type":"LineString","coordinates":[[-119.91733,36.54207],[-119.92185,36.54208],[-119.92193,36.54117]]}},{"type":"Feature","properties":{"name":"South Shasta Avenue","road_class":"track","surface":"dirt","source":"OpenStreetMap","source_detail":"osm way 10338007","source_tile":"170/400"},"geometry":{"type":"LineString","coordinates":[[-120.11531,36.57449],[-120.1153,36.57474],[-120.11523,36.58163]]}},{"type":"Feature","properties":{"name":"South Yolo Avenue","road_class":"track","source":"OpenStreetMap","source_detail":"osm way 10338009","source_tile":"170/400","surface_inferred":true},"geometry":{"type":"LineString","coordinates":[[-120.21602,36.50189],[-120.21596,36.50917],[-120.21584,36.51631]]}},{"type":"Feature","properties":{"name":"West Clarkson Avenue","road_class":"track","tracktype":"grade5","source":"OpenStreetMap","source_detail":"osm way 10340941","source_tile":"170/400","surface_inferred":true},"geometry":{"type":"LineString","coordinates":[[-120.07143,36.50247],[-120.07302,36.50244],[-120.07793,36.50241],[-120.07881,36.50241],[-120.07889,36.50241],[-120.07895,36.50241],[-120.07902,36.50242],[-120.07909,36.50242],[-120.08026,36.50242],[-120.08069,36.5025],[-120.08332,36.50247],[-120.0851,36.50247],[-120.0853,36.50244],[-120.08543,36.50238],[-120.091,36.50235],[-120.09288,36.50237],[-120.09444,36.50236],[-120.0979,36.50237],[-120.09815,36.50238],[-120.09855,36.50237],[-120.09885,36.50237],[-120.09936,36.50237],[-120.10149,36.50233],[-120.1071,36.50235],[-120.10894,36.50233],[-120.10994,36.50233],[-120.11087,36.50233],[-120.11169,36.50233],[-120.11438,36.50233],[-120.11562,36.50232],[-120.11598,36.50233]]}},{"type":"Feature","properties":{"name":"South Napa Avenue","road_class":"track","source":"OpenStreetMap","source_detail":"osm way 10341297","source_tile":"170/400","surface_inferred":true},"geometry":{"type":"LineString","coordinates":[[-120.22504,36.49995],[-120.22505,36.50176],[-120.22494,36.50917],[-120.22488,36.5162],[-120.22499,36.52344],[-120.22492,36.53072]]}},{"type":"Feature","properties":{"name":"South Yuba Avenue","road_class":"track","source":"OpenStreetMap","source_detail":"osm way 10341570","source_tile":"170/400","surface_inferred":true},"geometry":{"type":"LineString","coordinates":[[-120.17939,36.473],[-120.17912,36.48749]]}},{"type":"Feature","properties":{"name":"South Grantland Avenue","road_class":"track","source":"OpenStreetMap","source_detail":"osm way 10342807","source_tile":"170/400","surface_inferred":true},"geometry":{"type":"LineString","coordinates":[[-119.91747,36.53248],[-119.91733,36.54207],[-119.91731,36.54355],[-119.91727,36.54696]]}},{"type":"Feature","properties":{"name":"(unnamed public road)","road_class":"track","source":"OpenStreetMap","source_detail":"osm way 10344244","source_tile":"170/400","surface_inferred":true},"geometry":{"type":"LineString","coordinates":[[-119.97731,36.46759],[-119.97728,36.46371],[-119.97726,36.46034],[-119.97728,36.45952],[-119.97728,36.45937],[-119.97728,36.45338],[-119.97728,36.45197],[-119.97726,36.44641],[-119.97725,36.44467]]}},{"type":"Feature","properties":{"name":"(unnamed public road)","road_class":"track","source":"OpenStreetMap","source_detail":"osm way 10345933","source_tile":"170/400","surface_inferred":true},"geometry":{"type":"LineString","coordinates":[[-120.13382,36.55103],[-120.13412,36.551],[-120.13431,36.55099],[-120.13445,36.55103],[-120.13503,36.55145],[-120.13522,36.55158],[-120.13535,36.55163],[-120.13584,36.55171],[-120.13598,36.55175],[-120.13624,36.55188],[-120.13672,36.55232],[-120.13684,36.55241],[-120.13694,36.55244],[-120.1371,36.55243],[-120.13767,36.55233],[-120.13775,36.55235],[-120.13804,36.55253],[-120.13851,36.55284],[-120.13872,36.55297],[-120.13908,36.55314],[-120.1396,36.55316],[-120.14609,36.55319],[-120.14976,36.55316],[-120.1514,36.55317],[-120.15155,36.55324]]}},{"type":"Feature","properties":{"name":"South Colusa Avenue","road_class":"track","source":"OpenStreetMap","source_detail":"osm way 10348920","source_tile":"170/400","surface_inferred":true},"geometry":{"type":"LineString","coordinates":[[-120.18867,36.50202],[-120.18851,36.50337],[-120.18832,36.50828],[-120.18826,36.51597],[-120.18758,36.51657]]}},{"type":"Feature","properties":{"name":"West Harlan Avenue","road_class":"track","source":"OpenStreetMap","source_detail":"osm way 10349474","source_tile":"170/400","surface_inferred":true},"geometry":{"type":"LineString","coordinates":[[-120.1939,36.44381],[-120.21182,36.44358]]}},{"type":"Feature","properties":{"name":"(unnamed public road)","road_class":"track","source":"OpenStreetMap","source_detail":"osm way 10395529","source_tile":"170/400","surface_inferred":true},"geometry":{"type":"LineString","coordinates":[[-119.8888,36.3792],[-119.88881,36.37949],[-119.88877,36.37958],[-119.8886,36.37971],[-119.8885,36.37976],[-119.88842,36.37978],[-119.88721,36.37976]]}},{"type":"Feature","properties":{"name":"26th Avenue","road_class":"track","source":"OpenStreetMap","source_detail":"osm way 10397299","source_tile":"170/400","surface_inferred":true},"geometry":{"type":"LineString","coordinates":[[-119.92082,36.38431],[-119.92082,36.38351],[-119.92081,36.38235],[-119.92081,36.38228],[-119.92081,36.3818],[-119.92082,36.38022]]}},{"type":"Feature","properties":{"name":"26 1/4 Avenue","road_class":"track","source":"OpenStreetMap","source_detail":"osm way 10397313","source_tile":"170/400","surface_inferred":true},"geometry":{"type":"LineString","coordinates":[[-119.92413,36.38434],[-119.92423,36.38434],[-119.92432,36.38435],[-119.92448,36.38441],[-119.92472,36.38457],[-119.92487,36.38464],[-119.92496,36.38466],[-119.92505,36.38466],[-119.92511,36.38465],[-119.92515,36.38464],[-119.92521,36.38457],[-119.92523,36.38414],[-119.92525,36.38398],[-119.92531,36.38386],[-119.92545,36.38374],[-119.92557,36.38366],[-119.926,36.38342],[-119.92635,36.38325],[-119.92642,36.38324],[-119.92782,36.38324]]}},{"type":"Feature","properties":{"name":"West Lawn Road","road_class":"track","source":"OpenStreetMap","source_detail":"osm way 10401394","source_tile":"170/400","surface_inferred":true},"geometry":{"type":"LineString","coordinates":[[-119.95923,36.37528],[-119.95924,36.37912],[-119.95923,36.38629]]}},{"type":"Feature","properties":{"name":"(unnamed public road)","road_class":"track","source":"OpenStreetMap","source_detail":"osm way 246812520","source_tile":"170/400","surface_inferred":true},"geometry":{"type":"LineString","coordinates":[[-119.98785,36.56089],[-119.98779,36.56089],[-119.9877,36.5609],[-119.98765,36.56095],[-119.98764,36.56104],[-119.98768,36.56117]]}},{"type":"Feature","properties":{"name":"(unnamed public road)","road_class":"track","source":"OpenStreetMap","source_detail":"osm way 246812522","source_tile":"170/400","surface_inferred":true},"geometry":{"type":"LineString","coordinates":[[-119.98785,36.56116],[-119.98791,36.56106],[-119.9879,36.56094],[-119.98785,36.56089],[-119.98784,36.56082],[-119.9879,36.56073],[-119.9879,36.56056],[-119.9879,36.56042],[-119.98785,36.56037],[-119.98777,36.56036],[-119.98761,36.56036],[-119.98746,36.56038],[-119.98744,36.56045],[-119.98747,36.56104],[-119.98748,36.56117]]}},{"type":"Feature","properties":{"name":"(unnamed public road)","road_class":"track","source":"OpenStreetMap","source_detail":"osm way 295264337","source_tile":"170/400","surface_inferred":true},"geometry":{"type":"LineString","coordinates":[[-120.02582,36.50966],[-120.02587,36.50356],[-120.02591,36.49995],[-120.02591,36.49876],[-120.02599,36.49782],[-120.02592,36.49742],[-120.02557,36.49721],[-120.02422,36.49619],[-120.02321,36.49552],[-120.02292,36.49529],[-120.0228,36.4952]]}},{"type":"Feature","properties":{"name":"(unnamed public road)","road_class":"track","source":"OpenStreetMap","source_detail":"osm way 324125720","source_tile":"170/401","surface_inferred":true},"geometry":{"type":"LineString","coordinates":[[-119.97175,36.34318],[-119.97179,36.34305],[-119.97171,36.34288],[-119.96672,36.33658],[-119.96212,36.32825],[-119.95538,36.31604],[-119.95505,36.31562],[-119.95396,36.31366],[-119.95368,36.31315],[-119.94613,36.29941],[-119.94375,36.29271],[-119.94368,36.2927],[-119.94026,36.29393],[-119.93708,36.29508]]}},{"type":"Feature","properties":{"name":"(unnamed public road)","road_class":"track","source":"OpenStreetMap","source_detail":"osm way 324125722","source_tile":"170/401","surface_inferred":true},"geometry":{"type":"LineString","coordinates":[[-119.9745,36.34266],[-119.97415,36.34203],[-119.96653,36.32825],[-119.96258,36.32105],[-119.95854,36.31365],[-119.9585,36.31357],[-119.95466,36.30658],[-119.95063,36.29925],[-119.9466,36.29189],[-119.94539,36.28963],[-119.94524,36.28954],[-119.94506,36.28956],[-119.93927,36.29168],[-119.939,36.29182],[-119.93848,36.29205],[-119.93828,36.29214],[-119.93819,36.29215],[-119.93803,36.29213]]}},{"type":"Feature","properties":{"name":"(unnamed public road)","road_class":"track","source":"OpenStreetMap","source_detail":"osm way 324125725","source_tile":"170/400","surface_inferred":true},"geometry":{"type":"LineString","coordinates":[[-119.93268,36.32283],[-119.9326,36.32293],[-119.9326,36.32309],[-119.93531,36.32662],[-119.9353,36.32681],[-119.93517,36.32691],[-119.93438,36.32722],[-119.93429,36.32734],[-119.93431,36.32745],[-119.93546,36.32954],[-119.93556,36.32974],[-119.9369,36.33218],[-119.93859,36.33527],[-119.93916,36.33573],[-119.93939,36.33598],[-119.94291,36.34236],[-119.94367,36.34257],[-119.94434,36.3428],[-119.94497,36.34298],[-119.94617,36.34514]]}},{"type":"Feature","properties":{"name":"(unnamed public road)","road_class":"track","source":"OpenStreetMap","source_detail":"osm way 324125786","source_tile":"170/401","surface_inferred":true},"geometry":{"type":"LineString","coordinates":[[-119.93554,36.32954],[-119.93546,36.32954],[-119.93145,36.32957],[-119.93145,36.32941],[-119.93198,36.32892],[-119.9322,36.32853],[-119.93227,36.32818],[-119.93225,36.32388],[-119.93223,36.32303],[-119.93211,36.31465],[-119.93212,36.31384],[-119.93212,36.31373],[-119.93211,36.31323],[-119.93191,36.30119],[-119.93197,36.30084],[-119.9323,36.30033],[-119.93254,36.30008],[-119.93288,36.29985],[-119.93324,36.29971],[-119.93375,36.29961],[-119.93442,36.29959]]}},{"type":"Feature","properties":{"name":"(unnamed public road)","road_class":"track","source":"OpenStreetMap","source_detail":"osm way 324125789","source_tile":"170/400","surface_inferred":true},"geometry":{"type":"LineString","coordinates":[[-119.96212,36.32825],[-119.96239,36.32821],[-119.96653,36.32825]]}},{"type":"Feature","properties":{"name":"(unnamed public road)","road_class":"track","source":"OpenStreetMap","source_detail":"osm way 489132626","source_tile":"170/400","surface_inferred":true},"geometry":{"type":"LineString","coordinates":[[-120.07117,36.51709],[-120.07132,36.51709],[-120.07364,36.5171],[-120.0771,36.51707],[-120.07969,36.51922],[-120.07982,36.51936],[-120.07995,36.51943],[-120.08004,36.51952],[-120.08006,36.51962],[-120.08005,36.52026],[-120.08003,36.52354],[-120.07994,36.52917],[-120.07995,36.53159]]}},{"type":"Feature","properties":{"name":"(unnamed public road)","road_class":"track","source":"OpenStreetMap","source_detail":"osm way 587713008","source_tile":"170/400","surface_inferred":true},"geometry":{"type":"LineString","coordinates":[[-120.05394,36.51334],[-120.05405,36.51344],[-120.05421,36.51351],[-120.06219,36.51348],[-120.06219,36.51344],[-120.06222,36.5134],[-120.06239,36.5134],[-120.06263,36.51348],[-120.06291,36.5135],[-120.06538,36.51349],[-120.06936,36.51352],[-120.07004,36.5136],[-120.07125,36.51382]]}},{"type":"Feature","properties":{"name":"(unnamed public road)","road_class":"track","source":"OpenStreetMap","source_detail":"osm way 587713012","source_tile":"170/400","surface_inferred":true},"geometry":{"type":"LineString","coordinates":[[-120.05379,36.51348],[-120.05386,36.51338],[-120.05394,36.51334]]}},{"type":"Feature","properties":{"name":"West Dinuba Avenue","road_class":"track","surface":"dirt","source":"OpenStreetMap","source_detail":"osm way 587713070","source_tile":"170/400"},"geometry":{"type":"LineString","coordinates":[[-120.21234,36.58792],[-120.21613,36.58797]]}},{"type":"Feature","properties":{"name":"(unnamed public road)","road_class":"track","source":"OpenStreetMap","source_detail":"osm way 587713086","source_tile":"170/400","surface_inferred":true},"geometry":{"type":"LineString","coordinates":[[-120.07139,36.51402],[-120.07252,36.51435],[-120.07423,36.5151],[-120.0754,36.51581],[-120.0771,36.51707]]}},{"type":"Feature","properties":{"name":"West Clarkson Avenue","road_class":"track","source":"OpenStreetMap","source_detail":"osm way 587730473","source_tile":"170/400","surface_inferred":true},"geometry":{"type":"LineString","coordinates":[[-120.06232,36.50284],[-120.06241,36.50281],[-120.06253,36.50278],[-120.06271,36.50273],[-120.07131,36.50269],[-120.07149,36.50268]]}},{"type":"Feature","properties":{"name":"West Clarkson Avenue","road_class":"track","source":"OpenStreetMap","source_detail":"osm way 587730474","source_tile":"170/400","surface_inferred":true},"geometry":{"type":"LineString","coordinates":[[-120.13459,36.5023],[-120.1431,36.50227],[-120.15214,36.50223],[-120.16116,36.50221],[-120.16421,36.50222],[-120.17045,36.50218],[-120.17735,36.50222],[-120.17953,36.50222],[-120.18477,36.50223],[-120.18781,36.50207],[-120.18867,36.50202]]}},{"type":"Feature","properties":{"name":"(unnamed public road)","road_class":"track","source":"OpenStreetMap","source_detail":"osm way 587730513","source_tile":"170/400","surface_inferred":true},"geometry":{"type":"LineString","coordinates":[[-120.07132,36.50613],[-120.0625,36.50612],[-120.06241,36.50618],[-120.0624,36.50697],[-120.06241,36.50882],[-120.06241,36.50897],[-120.06225,36.50896]]}},{"type":"Feature","properties":{"name":"West Clarkson Avenue","road_class":"track","source":"OpenStreetMap","source_detail":"osm way 587730514","source_tile":"170/400","surface_inferred":true},"geometry":{"type":"LineString","coordinates":[[-120.04383,36.50262],[-120.04441,36.50261],[-120.05144,36.50263],[-120.05296,36.50257],[-120.06211,36.50252]]}},{"type":"Feature","properties":{"name":"(unnamed public road)","road_class":"track","source":"OpenStreetMap","source_detail":"osm way 587730515","source_tile":"170/400","surface_inferred":true},"geometry":{"type":"LineString","coordinates":[[-120.04389,36.48811],[-120.04387,36.48873],[-120.04387,36.48932],[-120.04392,36.49184],[-120.04387,36.49904],[-120.04383,36.50262],[-120.0436,36.50256],[-120.04082,36.50258]]}},{"type":"Feature","properties":{"name":"(unnamed public road)","road_class":"track","source":"OpenStreetMap","source_detail":"osm way 587991761","source_tile":"170/400","surface_inferred":true},"geometry":{"type":"LineString","coordinates":[[-120.10716,36.48781],[-120.10395,36.48784],[-120.10226,36.48785],[-120.09895,36.48787],[-120.09855,36.48785],[-120.09829,36.48784]]}},{"type":"Feature","properties":{"name":"(unnamed public road)","road_class":"track","source":"OpenStreetMap","source_detail":"osm way 588298833","source_tile":"170/400","surface_inferred":true},"geometry":{"type":"LineString","coordinates":[[-120.02568,36.50966],[-120.02582,36.50966],[-120.03495,36.5097]]}},{"type":"Feature","properties":{"name":"(unnamed public road)","road_class":"track","source":"OpenStreetMap","source_detail":"osm way 588298834","source_tile":"170/400","surface_inferred":true},"geometry":{"type":"LineString","coordinates":[[-120.01271,36.50282],[-120.0257,36.50279]]}},{"type":"Feature","properties":{"name":"West Clarkson Avenue","road_class":"track","source":"OpenStreetMap","source_detail":"osm way 588828892","source_tile":"170/400","surface_inferred":true},"geometry":{"type":"LineString","coordinates":[[-120.11631,36.50232],[-120.11676,36.50233],[-120.12598,36.50235],[-120.13378,36.50232],[-120.13399,36.50228]]}},{"type":"Feature","properties":{"name":"(unnamed public road)","road_class":"track","source":"OpenStreetMap","source_detail":"osm way 588864645","source_tile":"170/400","surface_inferred":true},"geometry":{"type":"LineString","coordinates":[[-120.11035,36.54602],[-120.11735,36.546],[-120.12076,36.54597],[-120.12482,36.54598],[-120.12507,36.546]]}},{"type":"Feature","properties":{"name":"(unnamed public road)","road_class":"track","source":"OpenStreetMap","source_detail":"osm way 589255292","source_tile":"170/400","surface_inferred":true},"geometry":{"type":"LineString","coordinates":[[-120.06584,36.53877],[-120.06563,36.53884],[-120.0616,36.53891],[-120.05778,36.53894],[-120.05271,36.53906],[-120.04344,36.53894],[-120.04313,36.53894],[-120.04085,36.53897],[-120.03507,36.53902],[-120.03471,36.53914],[-120.03323,36.53914],[-120.03019,36.53919],[-120.02576,36.53916],[-120.02564,36.53916],[-120.01204,36.5393],[-120.00773,36.53936]]}},{"type":"Feature","properties":{"name":"(unnamed public road)","road_class":"track","source":"OpenStreetMap","source_detail":"osm way 589255296","source_tile":"170/400","surface_inferred":true},"geometry":{"type":"LineString","coordinates":[[-120.11589,36.51928],[-120.11591,36.51708],[-120.1159,36.517],[-120.11587,36.51687],[-120.11591,36.51674],[-120.11601,36.50858]]}},{"type":"Feature","properties":{"name":"(unnamed public road)","road_class":"track","source":"OpenStreetMap","source_detail":"osm way 589255297","source_tile":"170/400","surface_inferred":true},"geometry":{"type":"LineString","coordinates":[[-120.1161,36.51708],[-120.11591,36.51708]]}},{"type":"Feature","properties":{"name":"(unnamed public road)","road_class":"track","source":"OpenStreetMap","source_detail":"osm way 589255300","source_tile":"170/400","surface_inferred":true},"geometry":{"type":"LineString","coordinates":[[-120.1162,36.5086],[-120.11924,36.5086],[-120.12017,36.50873],[-120.12241,36.50871],[-120.12598,36.50869],[-120.1286,36.50879],[-120.13123,36.50875]]}},{"type":"Feature","properties":{"name":"(unnamed public road)","road_class":"track","source":"OpenStreetMap","source_detail":"osm way 589255301","source_tile":"170/400","surface_inferred":true},"geometry":{"type":"LineString","coordinates":[[-120.17389,36.58549],[-120.17389,36.58203]]}},{"type":"Feature","properties":{"name":"(unnamed public road)","road_class":"track","source":"OpenStreetMap","source_detail":"osm way 589524592","source_tile":"170/400","surface_inferred":true},"geometry":{"type":"LineString","coordinates":[[-120.11638,36.48037],[-120.1036,36.48047]]}},{"type":"Feature","properties":{"name":"(unnamed public road)","road_class":"track","source":"OpenStreetMap","source_detail":"osm way 589524594","source_tile":"170/400","surface_inferred":true},"geometry":{"type":"LineString","coordinates":[[-120.11555,36.48756],[-120.11561,36.48763],[-120.11569,36.48768],[-120.11576,36.48768],[-120.11603,36.48768],[-120.11618,36.48768],[-120.11639,36.48772],[-120.11644,36.48778],[-120.11651,36.48796],[-120.11653,36.48801],[-120.11661,36.48806],[-120.11658,36.49028],[-120.11658,36.49088],[-120.11648,36.49153],[-120.11638,36.49995],[-120.11631,36.50232],[-120.11623,36.50505],[-120.1162,36.5086],[-120.1161,36.51692],[-120.1161,36.51708],[-120.11602,36.52413],[-120.11601,36.52468],[-120.11609,36.52515],[-120.11596,36.53148]]}},{"type":"Feature","properties":{"name":"(unnamed public road)","road_class":"track","source":"OpenStreetMap","source_detail":"osm way 589573810","source_tile":"170/400","surface_inferred":true},"geometry":{"type":"LineString","coordinates":[[-119.94126,36.46312],[-119.95022,36.46302],[-119.95923,36.46292]]}},{"type":"Feature","properties":{"name":"(unnamed public road)","road_class":"track","source":"OpenStreetMap","source_detail":"osm way 589671983","source_tile":"170/400","surface_inferred":true},"geometry":{"type":"LineString","coordinates":[[-119.95921,36.44009],[-119.95466,36.44012],[-119.95023,36.44011]]}},{"type":"Feature","properties":{"name":"(unnamed public road)","road_class":"track","source":"OpenStreetMap","source_detail":"osm way 589764762","source_tile":"170/400","surface_inferred":true},"geometry":{"type":"LineString","coordinates":[[-120.00776,36.50901],[-120.00618,36.50902],[-119.99894,36.50368],[-119.99875,36.50367]]}},{"type":"Feature","properties":{"name":"(unnamed public road)","road_class":"track","source":"OpenStreetMap","source_detail":"osm way 591248766","source_tile":"170/400","surface_inferred":true},"geometry":{"type":"LineString","coordinates":[[-120.04412,36.4589],[-120.04422,36.45921],[-120.04858,36.46432],[-120.04907,36.46481],[-120.04931,36.46502]]}},{"type":"Feature","properties":{"name":"(unnamed public road)","road_class":"track","source":"OpenStreetMap","source_detail":"osm way 591248767","source_tile":"170/400","surface_inferred":true},"geometry":{"type":"LineString","coordinates":[[-120.08129,36.48053],[-120.08147,36.48054],[-120.08452,36.4805],[-120.08477,36.4805],[-120.08501,36.48052],[-120.08516,36.48055],[-120.08536,36.48055],[-120.08655,36.48042],[-120.08948,36.4801],[-120.09058,36.47997]]}},{"type":"Feature","properties":{"name":"(unnamed public road)","road_class":"track","source":"OpenStreetMap","source_detail":"osm way 591248768","source_tile":"170/400","surface_inferred":true},"geometry":{"type":"LineString","coordinates":[[-120.08505,36.4825],[-120.0852,36.48076],[-120.08516,36.48055]]}},{"type":"Feature","properties":{"name":"(unnamed public road)","road_class":"track","source":"OpenStreetMap","source_detail":"osm way 591667398","source_tile":"171/400","surface_inferred":true},"geometry":{"type":"LineString","coordinates":[[-119.92778,36.39074],[-119.92697,36.39026],[-119.92682,36.39021],[-119.92655,36.3902],[-119.92612,36.39017],[-119.92574,36.39011],[-119.92555,36.39007],[-119.9253,36.38999],[-119.92511,36.38986],[-119.92487,36.38974],[-119.92427,36.38926],[-119.92368,36.38886],[-119.92247,36.38809],[-119.92224,36.38797],[-119.92208,36.3879],[-119.92187,36.3879],[-119.91707,36.3898],[-119.91467,36.39078],[-119.91233,36.39174],[-119.91204,36.39184],[-119.91183,36.39186],[-119.91163,36.39182],[-119.90854,36.39053],[-119.90836,36.39045],[-119.90794,36.3901],[-119.90614,36.38829],[-119.90518,36.3875],[-119.90437,36.38694],[-119.90349,36.38637],[-119.9002,36.3847],[-119.89704,36.38313],[-119.8968,36.38305],[-119.89287,36.38259],[-119.88974,36.38223],[-119.88804,36.38202],[-119.88718,36.38192],[-119.8868,36.38195],[-119.88619,36.3821],[-119.88562,36.38227],[-119.8843,36.38269],[-119.87807,36.38465],[-119.87737,36.38486],[-119.87717,36.385],[-119.87706,36.38511],[-119.87698,36.38521],[-119.87685,36.38531],[-119.87672,36.38539]]}},{"type":"Feature","properties":{"name":"(unnamed public road)","road_class":"track","source":"OpenStreetMap","source_detail":"osm way 591679808","source_tile":"170/400","surface_inferred":true},"geometry":{"type":"LineString","coordinates":[[-119.92318,36.40873],[-119.92709,36.40873]]}},{"type":"Feature","properties":{"name":"(unnamed public road)","road_class":"track","source":"OpenStreetMap","source_detail":"osm way 591717486","source_tile":"170/400","surface_inferred":true},"geometry":{"type":"LineString","coordinates":[[-119.88711,36.47664],[-119.88309,36.47665]]}},{"type":"Feature","properties":{"name":"(unnamed public road)","road_class":"track","source":"OpenStreetMap","source_detail":"osm way 593477879","source_tile":"170/400","surface_inferred":true},"geometry":{"type":"LineString","coordinates":[[-119.89173,36.35851],[-119.89174,36.3548]]}},{"type":"Feature","properties":{"name":"(unnamed public road)","road_class":"track","source":"OpenStreetMap","source_detail":"osm way 781749843","source_tile":"170/400","surface_inferred":true},"geometry":{"type":"LineString","coordinates":[[-119.98967,36.52346],[-119.98902,36.52335],[-119.98796,36.52315],[-119.98674,36.52296],[-119.98548,36.52278],[-119.98519,36.52274],[-119.98397,36.52275],[-119.98224,36.52279],[-119.981,36.52282]]}},{"type":"Feature","properties":{"name":"(unnamed public road)","road_class":"track","source":"OpenStreetMap","source_detail":"osm way 793728422","source_tile":"170/400","surface_inferred":true},"geometry":{"type":"LineString","coordinates":[[-120.17929,36.34948],[-120.17899,36.34949],[-120.16656,36.34956],[-120.16653,36.34956],[-120.16638,36.35675]]}},{"type":"Feature","properties":{"name":"(unnamed public road)","road_class":"track","source":"OpenStreetMap","source_detail":"osm way 793728423","source_tile":"170/400","surface_inferred":true},"geometry":{"type":"LineString","coordinates":[[-120.1575,36.34963],[-120.16653,36.34956]]}},{"type":"Feature","properties":{"name":"(unnamed public road)","road_class":"track","source":"OpenStreetMap","source_detail":"osm way 793731054","source_tile":"170/400","surface_inferred":true},"geometry":{"type":"LineString","coordinates":[[-120.17897,36.41137],[-120.17043,36.41139],[-120.17042,36.4148]]}},{"type":"Feature","properties":{"name":"(unnamed public road)","road_class":"track","source":"OpenStreetMap","source_detail":"osm way 793731055","source_tile":"170/400","surface_inferred":true},"geometry":{"type":"LineString","coordinates":[[-120.17043,36.41139],[-120.17045,36.40776],[-120.17894,36.40774]]}},{"type":"Feature","properties":{"name":"(unnamed public road)","road_class":"track","source":"OpenStreetMap","source_detail":"osm way 794219666","source_tile":"170/400","surface_inferred":true},"geometry":{"type":"LineString","coordinates":[[-119.95022,36.42117],[-119.95012,36.42116],[-119.94942,36.42117],[-119.94915,36.42116],[-119.94908,36.42112],[-119.94905,36.42103],[-119.94906,36.42052],[-119.94906,36.42049],[-119.94906,36.4204],[-119.94913,36.42034],[-119.94932,36.42033],[-119.94968,36.42035],[-119.94995,36.42033],[-119.95009,36.42035],[-119.95022,36.42041]]}},{"type":"Feature","properties":{"name":"(unnamed public road)","road_class":"track","source":"OpenStreetMap","source_detail":"osm way 794219667","source_tile":"170/400","surface_inferred":true},"geometry":{"type":"LineString","coordinates":[[-119.94906,36.4204],[-119.94908,36.42005],[-119.94908,36.41982],[-119.94914,36.41979],[-119.94928,36.41977],[-119.9495,36.41975],[-119.94976,36.41971],[-119.9501,36.41975],[-119.95022,36.41982]]}},{"type":"Feature","properties":{"name":"(unnamed public road)","road_class":"track","source":"OpenStreetMap","source_detail":"osm way 794219668","source_tile":"170/400","surface_inferred":true},"geometry":{"type":"LineString","coordinates":[[-119.95022,36.42105],[-119.95012,36.42097],[-119.95,36.42092],[-119.94987,36.42091],[-119.9497,36.4209],[-119.94959,36.42087],[-119.94953,36.42078],[-119.94952,36.4207],[-119.9495,36.42062],[-119.9494,36.42059],[-119.94919,36.42061],[-119.94911,36.42058],[-119.94906,36.42052]]}},{"type":"Feature","properties":{"name":"(unnamed public road)","road_class":"track","source":"OpenStreetMap","source_detail":"osm way 794291348","source_tile":"170/400","surface_inferred":true},"geometry":{"type":"LineString","coordinates":[[-119.91413,36.39397],[-119.91404,36.39374],[-119.91392,36.39372],[-119.9136,36.39386],[-119.91254,36.39424],[-119.91177,36.39431],[-119.91092,36.39424],[-119.91018,36.39399],[-119.90794,36.39296],[-119.90634,36.39203],[-119.90522,36.39117]]}},{"type":"Feature","properties":{"name":"(unnamed public road)","road_class":"track","source":"OpenStreetMap","source_detail":"osm way 794291349","source_tile":"170/400","surface_inferred":true},"geometry":{"type":"LineString","coordinates":[[-119.91092,36.39424],[-119.91087,36.39442],[-119.91078,36.39452],[-119.91062,36.39456],[-119.91019,36.39456],[-119.90511,36.39461]]}},{"type":"Feature","properties":{"name":"(unnamed public road)","road_class":"track","source":"OpenStreetMap","source_detail":"osm way 794603713","source_tile":"170/400","surface_inferred":true},"geometry":{"type":"LineString","coordinates":[[-119.89623,36.45265],[-119.90515,36.45261],[-119.90972,36.45259],[-119.91417,36.45257]]}},{"type":"Feature","properties":{"name":"(unnamed public road)","road_class":"track","source":"OpenStreetMap","source_detail":"osm way 794603714","source_tile":"170/400","surface_inferred":true},"geometry":{"type":"LineString","coordinates":[[-119.90078,36.4453],[-119.90092,36.4456],[-119.90209,36.44758],[-119.90324,36.44944],[-119.90506,36.4523],[-119.90515,36.45244],[-119.90515,36.45261]]}},{"type":"Feature","properties":{"name":"(unnamed public road)","road_class":"track","source":"OpenStreetMap","source_detail":"osm way 794603854","source_tile":"170/400","surface_inferred":true},"geometry":{"type":"LineString","coordinates":[[-119.93067,36.34285],[-119.93079,36.34297],[-119.93082,36.3431],[-119.93084,36.34344],[-119.93092,36.3481],[-119.93084,36.34887],[-119.93076,36.34946],[-119.9307,36.34958],[-119.9307,36.34968],[-119.93071,36.34978],[-119.9307,36.34988],[-119.9307,36.34996],[-119.93073,36.3501]]}},{"type":"Feature","properties":{"name":"(unnamed public road)","road_class":"track","source":"OpenStreetMap","source_detail":"osm way 794605867","source_tile":"170/400","surface_inferred":true},"geometry":{"type":"LineString","coordinates":[[-119.95922,36.39372],[-119.95052,36.39379],[-119.95035,36.39375],[-119.95023,36.39366],[-119.95016,36.39356],[-119.95017,36.39036],[-119.9502,36.39027],[-119.95025,36.3902],[-119.95024,36.3901]]}},{"type":"Feature","properties":{"name":"(unnamed public road)","road_class":"track","source":"OpenStreetMap","source_detail":"osm way 794778383","source_tile":"170/400","surface_inferred":true},"geometry":{"type":"LineString","coordinates":[[-120.22536,36.54788],[-120.22519,36.54788],[-120.22513,36.54789],[-120.22504,36.5479],[-120.22493,36.54794],[-120.22476,36.54795],[-120.22464,36.54791],[-120.22452,36.54784],[-120.2245,36.54772],[-120.22446,36.54706],[-120.22446,36.54686],[-120.22451,36.54678],[-120.22493,36.54667],[-120.22502,36.54666],[-120.22515,36.54664],[-120.22533,36.54663]]}},{"type":"Feature","properties":{"name":"(unnamed public road)","road_class":"track","source":"OpenStreetMap","source_detail":"osm way 794778384","source_tile":"170/400","surface_inferred":true},"geometry":{"type":"LineString","coordinates":[[-120.22502,36.54666],[-120.225,36.54647],[-120.225,36.54627],[-120.22501,36.54591],[-120.22505,36.54588],[-120.22511,36.54587],[-120.22531,36.54587]]}},{"type":"Feature","properties":{"name":"(unnamed public road)","road_class":"track","source":"OpenStreetMap","source_detail":"osm way 794778385","source_tile":"170/400","surface_inferred":true},"geometry":{"type":"LineString","coordinates":[[-120.22535,36.5475],[-120.22517,36.5475],[-120.22513,36.54752],[-120.22511,36.54762],[-120.22512,36.5477],[-120.22513,36.54789]]}},{"type":"Feature","properties":{"name":"(unnamed public road)","road_class":"track","source":"OpenStreetMap","source_detail":"osm way 794778386","source_tile":"170/400","surface_inferred":true},"geometry":{"type":"LineString","coordinates":[[-120.22512,36.5477],[-120.22536,36.54769]]}},{"type":"Feature","properties":{"name":"(unnamed public road)","road_class":"track","source":"OpenStreetMap","source_detail":"osm way 794778387","source_tile":"170/400","surface_inferred":true},"geometry":{"type":"LineString","coordinates":[[-120.22446,36.54706],[-120.22519,36.54709],[-120.22534,36.54709]]}},{"type":"Feature","properties":{"name":"(unnamed public road)","road_class":"track","source":"OpenStreetMap","source_detail":"osm way 794778388","source_tile":"170/400","surface_inferred":true},"geometry":{"type":"LineString","coordinates":[[-120.22539,36.54874],[-120.22521,36.54875],[-120.22513,36.54874],[-120.22507,36.54863],[-120.22502,36.54823],[-120.22493,36.54794]]}},{"type":"Feature","properties":{"name":"(unnamed public road)","road_class":"track","source":"OpenStreetMap","source_detail":"osm way 794778389","source_tile":"170/400","surface_inferred":true},"geometry":{"type":"LineString","coordinates":[[-120.22505,36.54588],[-120.22493,36.54577],[-120.22476,36.54568],[-120.22447,36.54566],[-120.2243,36.54564],[-120.22422,36.54556],[-120.22424,36.54512]]}},{"type":"Feature","properties":{"name":"(unnamed public road)","road_class":"track","source":"OpenStreetMap","source_detail":"osm way 795051343","source_tile":"170/400","surface_inferred":true},"geometry":{"type":"LineString","coordinates":[[-119.92709,36.40873],[-119.92733,36.40852],[-119.92721,36.40834],[-119.92686,36.40774],[-119.92657,36.40706],[-119.92612,36.40603],[-119.92561,36.405],[-119.92487,36.4032],[-119.92448,36.40217],[-119.92437,36.40163],[-119.92431,36.4014]]}},{"type":"Feature","properties":{"name":"(unnamed public road)","road_class":"track","source":"OpenStreetMap","source_detail":"osm way 795087606","source_tile":"170/400","surface_inferred":true},"geometry":{"type":"LineString","coordinates":[[-119.96253,36.56859],[-119.96255,36.56497],[-119.96257,36.56137]]}},{"type":"Feature","properties":{"name":"(unnamed public road)","road_class":"track","source":"OpenStreetMap","source_detail":"osm way 795087607","source_tile":"170/400","surface_inferred":true},"geometry":{"type":"LineString","coordinates":[[-119.96255,36.56497],[-119.95358,36.56503]]}},{"type":"Feature","properties":{"name":"(unnamed public road)","road_class":"track","source":"OpenStreetMap","source_detail":"osm way 795163230","source_tile":"170/400","surface_inferred":true},"geometry":{"type":"LineString","coordinates":[[-119.94702,36.35005],[-119.94662,36.35006],[-119.94583,36.35006],[-119.94387,36.35007],[-119.94157,36.35008],[-119.94122,36.35008]]}},{"type":"Feature","properties":{"name":"(unnamed public road)","road_class":"track","source":"OpenStreetMap","source_detail":"osm way 796708815","source_tile":"170/400","surface_inferred":true},"geometry":{"type":"LineString","coordinates":[[-120.04885,36.36451],[-120.04981,36.36454],[-120.05741,36.36452],[-120.05765,36.36448],[-120.05766,36.35723]]}},{"type":"Feature","properties":{"name":"(unnamed public road)","road_class":"track","source":"OpenStreetMap","source_detail":"osm way 796714622","source_tile":"170/400","surface_inferred":true},"geometry":{"type":"LineString","coordinates":[[-120.01333,36.45901],[-120.0133,36.46265],[-120.01326,36.46623],[-120.01803,36.46627],[-120.01845,36.46613],[-120.01888,36.4658],[-120.01919,36.46491],[-120.01965,36.46458]]}},{"type":"Feature","properties":{"name":"(unnamed public road)","road_class":"track","source":"OpenStreetMap","source_detail":"osm way 796714623","source_tile":"170/400","surface_inferred":true},"geometry":{"type":"LineString","coordinates":[[-120.0133,36.46265],[-120.0044,36.4626],[-120.00436,36.45914]]}},{"type":"Feature","properties":{"name":"(unnamed public road)","road_class":"track","source":"OpenStreetMap","source_detail":"osm way 796716421","source_tile":"170/400","surface_inferred":true},"geometry":{"type":"LineString","coordinates":[[-119.97155,36.5613],[-119.97153,36.56491],[-119.97155,36.56849]]}},{"type":"Feature","properties":{"name":"(unnamed public road)","road_class":"track","source":"OpenStreetMap","source_detail":"osm way 796716422","source_tile":"170/400","surface_inferred":true},"geometry":{"type":"LineString","coordinates":[[-119.97153,36.56491],[-119.96255,36.56497]]}},{"type":"Feature","properties":{"name":"(unnamed public road)","road_class":"track","source":"OpenStreetMap","source_detail":"osm way 796840282","source_tile":"170/400","surface_inferred":true},"geometry":{"type":"LineString","coordinates":[[-120.0851,36.40813],[-120.07638,36.40824],[-120.07623,36.4082],[-120.07612,36.40812],[-120.07604,36.40804],[-120.07594,36.408],[-120.06714,36.40801],[-120.04912,36.40792]]}},{"type":"Feature","properties":{"name":"(unnamed public road)","road_class":"track","source":"OpenStreetMap","source_detail":"osm way 796851815","source_tile":"170/400","surface_inferred":true},"geometry":{"type":"LineString","coordinates":[[-119.93214,36.41567],[-119.93243,36.41568],[-119.93289,36.41568],[-119.93305,36.4156],[-119.93312,36.41552],[-119.93312,36.41539],[-119.93306,36.41531],[-119.93293,36.41528],[-119.93272,36.4153],[-119.93245,36.4153],[-119.93227,36.41534],[-119.93213,36.41536]]}},{"type":"Feature","properties":{"name":"(unnamed public road)","road_class":"track","source":"OpenStreetMap","source_detail":"osm way 796856097","source_tile":"170/400","surface_inferred":true},"geometry":{"type":"LineString","coordinates":[[-119.93374,36.45738],[-119.93355,36.45719],[-119.93346,36.45708],[-119.93336,36.45698],[-119.93323,36.45674]]}},{"type":"Feature","properties":{"name":"(unnamed public road)","road_class":"track","surface":"unpaved","source":"OpenStreetMap","source_detail":"osm way 796857730","source_tile":"170/400"},"geometry":{"type":"LineString","coordinates":[[-119.92318,36.32518],[-119.92578,36.32515],[-119.92582,36.32514],[-119.92585,36.32511],[-119.92586,36.32507],[-119.92584,36.32284]]}},{"type":"Feature","properties":{"name":"(unnamed public road)","road_class":"track","source":"OpenStreetMap","source_detail":"osm way 796876126","source_tile":"170/400","surface_inferred":true},"geometry":{"type":"LineString","coordinates":[[-120.13955,36.33513],[-120.1306,36.33519],[-120.12146,36.33524]]}},{"type":"Feature","properties":{"name":"(unnamed public road)","road_class":"track","source":"OpenStreetMap","source_detail":"osm way 796876127","source_tile":"170/400","surface_inferred":true},"geometry":{"type":"LineString","coordinates":[[-120.13052,36.34246],[-120.13054,36.341],[-120.1306,36.33519],[-120.13062,36.32792]]}},{"type":"Feature","properties":{"name":"(unnamed public road)","road_class":"track","source":"OpenStreetMap","source_detail":"osm way 796955572","source_tile":"170/400","surface_inferred":true},"geometry":{"type":"LineString","coordinates":[[-120.08414,36.59618],[-120.08413,36.59545],[-120.08412,36.59378],[-120.08409,36.59153],[-120.0841,36.58901]]}},{"type":"Feature","properties":{"name":"(unnamed public road)","road_class":"track","source":"OpenStreetMap","source_detail":"osm way 797809350","source_tile":"170/400","surface_inferred":true},"geometry":{"type":"LineString","coordinates":[[-119.94692,36.44491],[-119.94691,36.44455],[-119.94688,36.44129],[-119.94482,36.44129],[-119.94454,36.44138],[-119.94449,36.4447],[-119.94449,36.44492]]}},{"type":"Feature","properties":{"name":"(unnamed public road)","road_class":"track","source":"OpenStreetMap","source_detail":"osm way 797809351","source_tile":"170/400","surface_inferred":true},"geometry":{"type":"LineString","coordinates":[[-119.94877,36.4449],[-119.94881,36.44465],[-119.94877,36.44458],[-119.94871,36.44455],[-119.94691,36.44455]]}},{"type":"Feature","properties":{"name":"(unnamed public road)","road_class":"track","source":"OpenStreetMap","source_detail":"osm way 797809352","source_tile":"170/400","surface_inferred":true},"geometry":{"type":"LineString","coordinates":[[-119.94449,36.4447],[-119.94469,36.44456],[-119.94503,36.4445],[-119.94525,36.44451],[-119.94628,36.44446],[-119.94652,36.44445],[-119.94674,36.44448],[-119.94691,36.44455]]}},{"type":"Feature","properties":{"name":"(unnamed public road)","road_class":"track","source":"OpenStreetMap","source_detail":"osm way 797809353","source_tile":"170/400","surface_inferred":true},"geometry":{"type":"LineString","coordinates":[[-119.94449,36.4447],[-119.94436,36.44459],[-119.94428,36.44458],[-119.94273,36.44458],[-119.94259,36.44458],[-119.9425,36.44465],[-119.94238,36.44475],[-119.94235,36.44486],[-119.94234,36.44493]]}},{"type":"Feature","properties":{"name":"(unnamed public road)","road_class":"track","source":"OpenStreetMap","source_detail":"osm way 797843268","source_tile":"171/400","surface_inferred":true},"geometry":{"type":"LineString","coordinates":[[-119.881,36.57947],[-119.88262,36.57945],[-119.88562,36.57942],[-119.88988,36.57939]]}},{"type":"Feature","properties":{"name":"(unnamed public road)","road_class":"track","source":"OpenStreetMap","source_detail":"osm way 798180039","source_tile":"170/400","surface_inferred":true},"geometry":{"type":"LineString","coordinates":[[-120.13348,36.58909],[-120.13344,36.58871],[-120.13341,36.58861],[-120.1333,36.58849],[-120.13321,36.58835],[-120.13318,36.58726],[-120.13318,36.58556],[-120.13318,36.58198],[-120.13212,36.58199],[-120.1299,36.58197],[-120.12867,36.58197],[-120.12693,36.58196],[-120.12428,36.58195]]}},{"type":"Feature","properties":{"name":"(unnamed public road)","road_class":"track","source":"OpenStreetMap","source_detail":"osm way 798180657","source_tile":"170/400","surface_inferred":true},"geometry":{"type":"LineString","coordinates":[[-120.11986,36.58904],[-120.11986,36.58823],[-120.11986,36.58771],[-120.11984,36.58658],[-120.11984,36.58595],[-120.11984,36.58551],[-120.11984,36.58312],[-120.11984,36.58196],[-120.12095,36.58196],[-120.12176,36.58195],[-120.12337,36.58196],[-120.12428,36.58195]]}},{"type":"Feature","properties":{"name":"(unnamed public road)","road_class":"track","source":"OpenStreetMap","source_detail":"osm way 798207329","source_tile":"170/400","surface_inferred":true},"geometry":{"type":"LineString","coordinates":[[-120.14043,36.43574],[-120.14043,36.43607],[-120.14044,36.43628],[-120.1405,36.43673],[-120.1405,36.43681],[-120.14047,36.43689]]}},{"type":"Feature","properties":{"name":"(unnamed public road)","road_class":"track","source":"OpenStreetMap","source_detail":"osm way 798209136","source_tile":"170/400","surface_inferred":true},"geometry":{"type":"LineString","coordinates":[[-120.11166,36.50861],[-120.11165,36.50874],[-120.11167,36.50891],[-120.11164,36.50912],[-120.11157,36.50982],[-120.11158,36.51088],[-120.1116,36.51252],[-120.11161,36.51365],[-120.11163,36.5148],[-120.11165,36.5169]]}},{"type":"Feature","properties":{"name":"(unnamed public road)","road_class":"track","source":"OpenStreetMap","source_detail":"osm way 798210399","source_tile":"170/400","surface_inferred":true},"geometry":{"type":"LineString","coordinates":[[-120.13911,36.37864],[-120.1555,36.37863],[-120.15721,36.37866]]}},{"type":"Feature","properties":{"name":"(unnamed public road)","road_class":"track","source":"OpenStreetMap","source_detail":"osm way 798210492","source_tile":"170/400","surface_inferred":true},"geometry":{"type":"LineString","coordinates":[[-120.11258,36.5086],[-120.11253,36.50798],[-120.1124,36.50792],[-120.11167,36.50794]]}},{"type":"Feature","properties":{"name":"(unnamed public road)","road_class":"track","source":"OpenStreetMap","source_detail":"osm way 798211814","source_tile":"170/400","surface_inferred":true},"geometry":{"type":"LineString","coordinates":[[-120.06205,36.51965],[-120.06211,36.517]]}},{"type":"Feature","properties":{"name":"(unnamed public road)","road_class":"track","source":"OpenStreetMap","source_detail":"osm way 798211890","source_tile":"170/400","surface_inferred":true},"geometry":{"type":"LineString","coordinates":[[-120.09419,36.44424],[-120.09417,36.45148],[-120.103,36.45142]]}},{"type":"Feature","properties":{"name":"(unnamed public road)","road_class":"track","source":"OpenStreetMap","source_detail":"osm way 798212285","source_tile":"170/400","surface_inferred":true},"geometry":{"type":"LineString","coordinates":[[-120.08573,36.48441],[-120.08463,36.48439],[-120.08273,36.48442],[-120.07927,36.48443],[-120.0768,36.48442],[-120.07578,36.48442]]}},{"type":"Feature","properties":{"name":"(unnamed public road)","road_class":"track","source":"OpenStreetMap","source_detail":"osm way 798212319","source_tile":"170/400","surface_inferred":true},"geometry":{"type":"LineString","coordinates":[[-120.11206,36.37882],[-120.11254,36.37882],[-120.12045,36.37879],[-120.12073,36.37879],[-120.12092,36.37876],[-120.12106,36.37869]]}},{"type":"Feature","properties":{"name":"(unnamed public road)","road_class":"track","source":"OpenStreetMap","source_detail":"osm way 798212320","source_tile":"170/400","surface_inferred":true},"geometry":{"type":"LineString","coordinates":[[-120.11212,36.37699],[-120.12106,36.37696]]}},{"type":"Feature","properties":{"name":"(unnamed public road)","road_class":"track","source":"OpenStreetMap","source_detail":"osm way 798217696","source_tile":"170/400","surface_inferred":true},"geometry":{"type":"LineString","coordinates":[[-120.048,36.56091],[-120.04817,36.56824],[-120.04829,36.57469]]}},{"type":"Feature","properties":{"name":"(unnamed public road)","road_class":"track","source":"OpenStreetMap","source_detail":"osm way 798217906","source_tile":"170/400","surface_inferred":true},"geometry":{"type":"LineString","coordinates":[[-120.01669,36.54655],[-120.01672,36.54057],[-120.01673,36.5394],[-120.01426,36.5394],[-120.0133,36.53939],[-120.01204,36.53941],[-120.01202,36.54657]]}},{"type":"Feature","properties":{"name":"(unnamed public road)","road_class":"track","source":"OpenStreetMap","source_detail":"osm way 798219350","source_tile":"170/400","surface_inferred":true},"geometry":{"type":"LineString","coordinates":[[-120.0122,36.52482],[-120.0121,36.53201],[-120.01204,36.5393]]}},{"type":"Feature","properties":{"name":"(unnamed public road)","road_class":"track","source":"OpenStreetMap","source_detail":"osm way 798223006","source_tile":"170/400","surface_inferred":true},"geometry":{"type":"LineString","coordinates":[[-119.98637,36.48469],[-119.98191,36.48468],[-119.98114,36.48467]]}},{"type":"Feature","properties":{"name":"(unnamed public road)","road_class":"track","source":"OpenStreetMap","source_detail":"osm way 798223272","source_tile":"170/400","surface_inferred":true},"geometry":{"type":"LineString","coordinates":[[-119.9896,36.53752],[-119.98601,36.53754],[-119.98513,36.53755],[-119.98513,36.53716],[-119.98514,36.5322],[-119.98514,36.53206]]}},{"type":"Feature","properties":{"name":"(unnamed public road)","road_class":"track","source":"OpenStreetMap","source_detail":"osm way 799716479","source_tile":"170/400","surface_inferred":true},"geometry":{"type":"LineString","coordinates":[[-120.10994,36.50233],[-120.10995,36.50221],[-120.10996,36.50199],[-120.11001,36.50184],[-120.11009,36.50177],[-120.11024,36.50177],[-120.11031,36.50183],[-120.11032,36.50192],[-120.11025,36.502],[-120.10995,36.50221]]}},{"type":"Feature","properties":{"name":"(unnamed public road)","road_class":"track","source":"OpenStreetMap","source_detail":"osm way 799735012","source_tile":"170/400","surface_inferred":true},"geometry":{"type":"LineString","coordinates":[[-119.89171,36.45982],[-119.89178,36.46441],[-119.89178,36.4645],[-119.89178,36.46459]]}},{"type":"Feature","properties":{"name":"(unnamed public road)","road_class":"track","source":"OpenStreetMap","source_detail":"osm way 799737705","source_tile":"171/400","surface_inferred":true},"geometry":{"type":"LineString","coordinates":[[-119.88724,36.34744],[-119.88695,36.3475],[-119.88678,36.34753],[-119.88651,36.34754],[-119.88559,36.34757],[-119.88479,36.34759],[-119.88464,36.34753],[-119.88446,36.34734],[-119.88414,36.34695],[-119.88409,36.34642],[-119.88402,36.34632],[-119.88387,36.34628],[-119.88284,36.34628],[-119.88275,36.34622],[-119.88274,36.3461],[-119.88273,36.34506],[-119.88271,36.34395]]}},{"type":"Feature","properties":{"name":"(unnamed public road)","road_class":"track","source":"OpenStreetMap","source_detail":"osm way 800334351","source_tile":"170/400","surface_inferred":true},"geometry":{"type":"LineString","coordinates":[[-120.12885,36.34247],[-120.12905,36.34233],[-120.12955,36.34207],[-120.12958,36.34202],[-120.1296,36.34194],[-120.12958,36.34105],[-120.12959,36.34103],[-120.12965,36.34101],[-120.13054,36.341]]}},{"type":"Feature","properties":{"name":"(unnamed public road)","road_class":"track","source":"OpenStreetMap","source_detail":"osm way 800673320","source_tile":"170/400","surface_inferred":true},"geometry":{"type":"LineString","coordinates":[[-119.89901,36.58659],[-119.8945,36.58661],[-119.89448,36.5887],[-119.8945,36.59023]]}},{"type":"Feature","properties":{"name":"(unnamed public road)","road_class":"track","source":"OpenStreetMap","source_detail":"osm way 801033369","source_tile":"170/400","surface_inferred":true},"geometry":{"type":"LineString","coordinates":[[-120.07578,36.48551],[-120.07646,36.48551],[-120.0767,36.48548],[-120.0768,36.48542],[-120.07679,36.48524],[-120.0768,36.48465],[-120.0768,36.48442]]}},{"type":"Feature","properties":{"name":"(unnamed public road)","road_class":"track","source":"OpenStreetMap","source_detail":"osm way 801315312","source_tile":"170/400","surface_inferred":true},"geometry":{"type":"LineString","coordinates":[[-120.00876,36.44447],[-120.00873,36.44514],[-120.00867,36.44536],[-120.00858,36.44543],[-120.00413,36.44546],[-120.00404,36.44542],[-120.00396,36.44509],[-120.0039,36.44444]]}},{"type":"Feature","properties":{"name":"(unnamed public road)","road_class":"track","source":"OpenStreetMap","source_detail":"osm way 801315313","source_tile":"170/400","surface_inferred":true},"geometry":{"type":"LineString","coordinates":[[-120.00404,36.44542],[-120.00416,36.44585],[-120.0042,36.4465],[-120.0042,36.44737],[-120.004,36.44747],[-120.00374,36.44746],[-120.00363,36.44736],[-120.00355,36.44683],[-120.00368,36.4467],[-120.0042,36.4465]]}},{"type":"Feature","properties":{"name":"(unnamed public road)","road_class":"track","source":"OpenStreetMap","source_detail":"osm way 801463241","source_tile":"170/400","surface_inferred":true},"geometry":{"type":"LineString","coordinates":[[-119.96507,36.4885],[-119.96506,36.48878],[-119.96509,36.48895],[-119.96511,36.48904],[-119.96511,36.48907],[-119.96503,36.48912],[-119.96484,36.48919],[-119.96465,36.48924],[-119.96457,36.48918],[-119.96452,36.48898],[-119.96447,36.48873],[-119.96446,36.4885]]}},{"type":"Feature","properties":{"name":"(unnamed public road)","road_class":"track","source":"OpenStreetMap","source_detail":"osm way 802365638","source_tile":"170/400","surface_inferred":true},"geometry":{"type":"LineString","coordinates":[[-119.91711,36.56875],[-119.91486,36.56875],[-119.9127,36.56873],[-119.90812,36.56875],[-119.90371,36.56879],[-119.89911,36.56879]]}},{"type":"Feature","properties":{"name":"(unnamed public road)","road_class":"track","source":"OpenStreetMap","source_detail":"osm way 802367629","source_tile":"170/400","surface_inferred":true},"geometry":{"type":"LineString","coordinates":[[-119.9763,36.56845],[-119.97616,36.56127]]}},{"type":"Feature","properties":{"name":"(unnamed public road)","road_class":"track","source":"OpenStreetMap","source_detail":"osm way 802387126","source_tile":"170/400","surface_inferred":true},"geometry":{"type":"LineString","coordinates":[[-120.06749,36.32097],[-120.06328,36.32093],[-120.05697,36.32092],[-120.04883,36.32091]]}},{"type":"Feature","properties":{"name":"(unnamed public road)","road_class":"track","source":"OpenStreetMap","source_detail":"osm way 803560902","source_tile":"170/400","surface_inferred":true},"geometry":{"type":"LineString","coordinates":[[-119.97415,36.34203],[-119.97403,36.34212],[-119.97378,36.34225],[-119.97317,36.34246],[-119.97265,36.34269]]}},{"type":"Feature","properties":{"name":"(unnamed public road)","road_class":"track","source":"OpenStreetMap","source_detail":"osm way 803561875","source_tile":"170/400","surface_inferred":true},"geometry":{"type":"LineString","coordinates":[[-119.98607,36.36071],[-119.98485,36.3607],[-119.98194,36.36068],[-119.97727,36.36068]]}},{"type":"Feature","properties":{"name":"(unnamed public road)","road_class":"track","source":"OpenStreetMap","source_detail":"osm way 803564274","source_tile":"170/400","surface_inferred":true},"geometry":{"type":"LineString","coordinates":[[-119.98947,36.59688],[-119.99048,36.59687],[-119.99244,36.59688],[-119.99389,36.59689],[-119.99531,36.59683],[-119.99711,36.59683],[-119.99883,36.59681],[-120.00023,36.59679],[-120.00098,36.59674]]}},{"type":"Feature","properties":{"name":"(unnamed public road)","road_class":"track","source":"OpenStreetMap","source_detail":"osm way 803572724","source_tile":"170/400","surface_inferred":true},"geometry":{"type":"LineString","coordinates":[[-120.14829,36.5746],[-120.14824,36.57454],[-120.14823,36.57451],[-120.14823,36.57446],[-120.14822,36.57441],[-120.14817,36.57435],[-120.14815,36.57431],[-120.14813,36.57426],[-120.14812,36.57421],[-120.14809,36.57412],[-120.14806,36.57409],[-120.148,36.57408],[-120.14774,36.5741],[-120.14768,36.57411],[-120.14763,36.57414],[-120.1476,36.57419],[-120.14759,36.57426],[-120.14758,36.5746]]}},{"type":"Feature","properties":{"name":"(unnamed public road)","road_class":"track","source":"OpenStreetMap","source_detail":"osm way 803577129","source_tile":"170/400","surface_inferred":true},"geometry":{"type":"LineString","coordinates":[[-120.04368,36.5244],[-120.04505,36.52445],[-120.04617,36.52444],[-120.04738,36.52443],[-120.04816,36.52442]]}},{"type":"Feature","properties":{"name":"(unnamed public road)","road_class":"track","source":"OpenStreetMap","source_detail":"osm way 803605971","source_tile":"170/400","surface_inferred":true},"geometry":{"type":"LineString","coordinates":[[-119.89276,36.35482],[-119.89277,36.35313],[-119.89276,36.35219],[-119.89216,36.3522]]}},{"type":"Feature","properties":{"name":"(unnamed public road)","road_class":"track","source":"OpenStreetMap","source_detail":"osm way 803677907","source_tile":"170/400","surface_inferred":true},"geometry":{"type":"LineString","coordinates":[[-119.90513,36.37286],[-119.90511,36.37169],[-119.90503,36.35789],[-119.90495,36.35757],[-119.90476,36.3573]]}},{"type":"Feature","properties":{"name":"(unnamed public road)","road_class":"track","source":"OpenStreetMap","source_detail":"osm way 803685611","source_tile":"170/400","surface_inferred":true},"geometry":{"type":"LineString","coordinates":[[-119.89548,36.40336],[-119.89582,36.40336],[-119.89974,36.40336],[-119.90162,36.40336],[-119.90437,36.40335],[-119.90452,36.40335],[-119.90512,36.40336]]}},{"type":"Feature","properties":{"name":"(unnamed public road)","road_class":"track","source":"OpenStreetMap","source_detail":"osm way 803690312","source_tile":"170/400","surface_inferred":true},"geometry":{"type":"LineString","coordinates":[[-119.89002,36.58301],[-119.89002,36.5885]]}},{"type":"Feature","properties":{"name":"(unnamed public road)","road_class":"track","source":"OpenStreetMap","source_detail":"osm way 803695663","source_tile":"170/400","surface_inferred":true},"geometry":{"type":"LineString","coordinates":[[-119.90497,36.57562],[-119.90497,36.57533],[-119.90494,36.57525],[-119.90486,36.57521],[-119.90454,36.57519],[-119.90387,36.5752],[-119.90361,36.5752]]}},{"type":"Feature","properties":{"name":"(unnamed public road)","road_class":"track","source":"OpenStreetMap","source_detail":"osm way 803696549","source_tile":"170/400","surface_inferred":true},"geometry":{"type":"LineString","coordinates":[[-119.93977,36.53236],[-119.93977,36.53393],[-119.93979,36.53895],[-119.93978,36.5392],[-119.93979,36.53953],[-119.93975,36.53962],[-119.9396,36.53964],[-119.93843,36.53964]]}},{"type":"Feature","properties":{"name":"(unnamed public road)","road_class":"track","source":"OpenStreetMap","source_detail":"osm way 804198944","source_tile":"170/400","surface_inferred":true},"geometry":{"type":"LineString","coordinates":[[-119.88717,36.41796],[-119.8884,36.41796],[-119.88943,36.418],[-119.88956,36.41814],[-119.88958,36.41848],[-119.88957,36.42018],[-119.88963,36.4206]]}},{"type":"Feature","properties":{"name":"(unnamed public road)","road_class":"track","source":"OpenStreetMap","source_detail":"osm way 804201615","source_tile":"170/400","surface_inferred":true},"geometry":{"type":"LineString","coordinates":[[-119.90972,36.45259],[-119.90966,36.44896]]}},{"type":"Feature","properties":{"name":"(unnamed public road)","road_class":"track","source":"OpenStreetMap","source_detail":"osm way 804205540","source_tile":"170/400","surface_inferred":true},"geometry":{"type":"LineString","coordinates":[[-119.95021,36.45668],[-119.94749,36.4567],[-119.94401,36.45671],[-119.94286,36.45671],[-119.94122,36.45669]]}},{"type":"Feature","properties":{"name":"(unnamed public road)","road_class":"track","source":"OpenStreetMap","source_detail":"osm way 804237146","source_tile":"170/400","surface_inferred":true},"geometry":{"type":"LineString","coordinates":[[-119.99504,36.35356],[-119.99538,36.35356],[-119.99645,36.35355],[-119.99667,36.35356]]}},{"type":"Feature","properties":{"name":"(unnamed public road)","road_class":"track","source":"OpenStreetMap","source_detail":"osm way 804240116","source_tile":"170/400","surface_inferred":true},"geometry":{"type":"LineString","coordinates":[[-120.00306,36.5466],[-120.00305,36.54868],[-120.00304,36.55073],[-120.00303,36.55385]]}},{"type":"Feature","properties":{"name":"(unnamed public road)","road_class":"track","source":"OpenStreetMap","source_detail":"osm way 804244362","source_tile":"170/400","surface_inferred":true},"geometry":{"type":"LineString","coordinates":[[-119.9762,36.51755],[-119.97621,36.5173],[-119.97623,36.51591],[-119.97625,36.51394],[-119.97627,36.5111],[-119.97625,36.51031]]}},{"type":"Feature","properties":{"name":"(unnamed public road)","road_class":"track","source":"OpenStreetMap","source_detail":"osm way 804251652","source_tile":"170/400","surface_inferred":true},"geometry":{"type":"LineString","coordinates":[[-120.04818,36.51722],[-120.04817,36.52096],[-120.04816,36.52442],[-120.04814,36.53119],[-120.04814,36.53176]]}},{"type":"Feature","properties":{"name":"(unnamed public road)","road_class":"track","source":"OpenStreetMap","source_detail":"osm way 804767886","source_tile":"170/400","surface_inferred":true},"geometry":{"type":"LineString","coordinates":[[-119.88718,36.38192],[-119.88721,36.38166]]}},{"type":"Feature","properties":{"name":"(unnamed public road)","road_class":"track","source":"OpenStreetMap","source_detail":"osm way 804769415","source_tile":"170/400","surface_inferred":true},"geometry":{"type":"LineString","coordinates":[[-119.92021,36.3883],[-119.91996,36.38787],[-119.91795,36.38867],[-119.91724,36.38894],[-119.914,36.39022],[-119.91196,36.39116],[-119.91182,36.39118],[-119.91173,36.39117],[-119.91161,36.39113],[-119.91019,36.39056],[-119.9088,36.38998],[-119.90868,36.38988],[-119.90795,36.38915],[-119.90659,36.38777],[-119.90618,36.38751],[-119.90472,36.38636],[-119.90441,36.38622],[-119.90328,36.38558],[-119.90111,36.38449],[-119.8972,36.38255],[-119.89702,36.38252],[-119.89472,36.38226],[-119.89186,36.38194],[-119.89176,36.38192],[-119.89172,36.38182],[-119.89172,36.38103],[-119.89173,36.37982],[-119.89002,36.37943],[-119.889,36.37921],[-119.8888,36.3792],[-119.88864,36.37918],[-119.8883,36.3792],[-119.88784,36.37922],[-119.8872,36.37932]]}},{"type":"Feature","properties":{"name":"(unnamed public road)","road_class":"track","source":"OpenStreetMap","source_detail":"osm way 804769418","source_tile":"170/400","surface_inferred":true},"geometry":{"type":"LineString","coordinates":[[-119.88721,36.38166],[-119.88944,36.38194],[-119.89167,36.38222],[-119.89667,36.3828],[-119.89705,36.38289],[-119.89734,36.38298],[-119.89769,36.38317],[-119.90235,36.3855],[-119.90318,36.38591],[-119.90369,36.38615],[-119.90425,36.3865],[-119.90492,36.38697],[-119.90541,36.38735],[-119.90637,36.38813],[-119.90808,36.38983],[-119.90847,36.39023],[-119.90863,36.39031],[-119.91152,36.39148],[-119.91174,36.39152],[-119.91195,36.39154],[-119.91212,36.39154],[-119.91231,36.39148],[-119.91519,36.3903],[-119.91875,36.38888],[-119.92021,36.3883],[-119.92181,36.38766],[-119.92194,36.38762],[-119.92212,36.38762],[-119.92225,36.38766],[-119.92241,36.38776],[-119.92302,36.38815]]}},{"type":"Feature","properties":{"name":"(unnamed public road)","road_class":"track","source":"OpenStreetMap","source_detail":"osm way 804769419","source_tile":"171/400","surface_inferred":true},"geometry":{"type":"LineString","coordinates":[[-119.88721,36.38166],[-119.88687,36.38169],[-119.88668,36.38173],[-119.88538,36.38208],[-119.88354,36.38265],[-119.88126,36.38334],[-119.87915,36.38399],[-119.87716,36.38454]]}},{"type":"Feature","properties":{"name":"(unnamed public road)","road_class":"track","source":"OpenStreetMap","source_detail":"osm way 805203982","source_tile":"170/400","surface_inferred":true},"geometry":{"type":"LineString","coordinates":[[-120.09325,36.55396],[-120.09324,36.55361],[-120.09332,36.54611],[-120.0933,36.54546],[-120.09324,36.53558],[-120.09326,36.53444]]}},{"type":"Feature","properties":{"name":"(unnamed public road)","road_class":"track","source":"OpenStreetMap","source_detail":"osm way 805223331","source_tile":"170/400","surface_inferred":true},"geometry":{"type":"LineString","coordinates":[[-120.07206,36.55354],[-120.07156,36.55316],[-120.07052,36.55232],[-120.06902,36.55117],[-120.06716,36.54976]]}},{"type":"Feature","properties":{"name":"(unnamed public road)","road_class":"track","source":"OpenStreetMap","source_detail":"osm way 805948615","source_tile":"170/400","surface_inferred":true},"geometry":{"type":"LineString","coordinates":[[-119.97726,36.36453],[-119.97997,36.3645],[-119.98259,36.36451],[-119.98471,36.3645],[-119.98609,36.36449]]}},{"type":"Feature","properties":{"name":"(unnamed public road)","road_class":"track","source":"OpenStreetMap","source_detail":"osm way 805954144","source_tile":"170/400","surface_inferred":true},"geometry":{"type":"LineString","coordinates":[[-120.03091,36.3378],[-120.02974,36.33781],[-120.02533,36.33785],[-120.02179,36.33785],[-120.02181,36.34022],[-120.02182,36.34266]]}},{"type":"Feature","properties":{"name":"(unnamed public road)","road_class":"track","source":"OpenStreetMap","source_detail":"osm way 805954145","source_tile":"170/400","surface_inferred":true},"geometry":{"type":"LineString","coordinates":[[-120.02181,36.34022],[-120.02573,36.34021],[-120.0309,36.3402]]}},{"type":"Feature","properties":{"name":"(unnamed public road)","road_class":"track","source":"OpenStreetMap","source_detail":"osm way 805969889","source_tile":"170/400","surface_inferred":true},"geometry":{"type":"LineString","coordinates":[[-120.00189,36.48831],[-119.99996,36.48834],[-119.99984,36.48824]]}},{"type":"Feature","properties":{"name":"(unnamed public road)","road_class":"track","source":"OpenStreetMap","source_detail":"osm way 805971831","source_tile":"170/400","surface_inferred":true},"geometry":{"type":"LineString","coordinates":[[-119.99868,36.53203],[-119.99864,36.53651]]}},{"type":"Feature","properties":{"name":"(unnamed public road)","road_class":"track","source":"OpenStreetMap","source_detail":"osm way 805977423","source_tile":"170/400","surface_inferred":true},"geometry":{"type":"LineString","coordinates":[[-120.03974,36.37174],[-120.03978,36.37198],[-120.03979,36.3742],[-120.03979,36.37659],[-120.03089,36.3766]]}},{"type":"Feature","properties":{"name":"(unnamed public road)","road_class":"track","source":"OpenStreetMap","source_detail":"osm way 805977424","source_tile":"170/400","surface_inferred":true},"geometry":{"type":"LineString","coordinates":[[-120.03979,36.3742],[-120.03731,36.3742],[-120.03339,36.37419],[-120.03086,36.37419]]}},{"type":"Feature","properties":{"name":"(unnamed public road)","road_class":"track","source":"OpenStreetMap","source_detail":"osm way 805977425","source_tile":"170/400","surface_inferred":true},"geometry":{"type":"LineString","coordinates":[[-120.03089,36.3766],[-120.02193,36.37666],[-120.01305,36.37667]]}},{"type":"Feature","properties":{"name":"(unnamed public road)","road_class":"track","source":"OpenStreetMap","source_detail":"osm way 805980555","source_tile":"170/400","surface_inferred":true},"geometry":{"type":"LineString","coordinates":[[-119.99879,36.50272],[-119.99937,36.50272],[-119.99998,36.50273],[-120.00025,36.50277],[-120.00066,36.50282],[-120.00109,36.50282],[-120.00169,36.50282],[-120.00222,36.50281],[-120.00288,36.50282],[-120.00332,36.50283],[-120.00775,36.50282],[-120.00781,36.50287]]}},{"type":"Feature","properties":{"name":"(unnamed public road)","road_class":"track","source":"OpenStreetMap","source_detail":"osm way 805982773","source_tile":"170/400","surface_inferred":true},"geometry":{"type":"LineString","coordinates":[[-119.97182,36.50668],[-119.97135,36.50668],[-119.97057,36.50668],[-119.96985,36.5067],[-119.96907,36.50669],[-119.96817,36.50672],[-119.96765,36.50671],[-119.96727,36.50672],[-119.96727,36.50613],[-119.96726,36.50566],[-119.96727,36.50505],[-119.96729,36.50448],[-119.96729,36.50391],[-119.96728,36.50318],[-119.96727,36.50305],[-119.96864,36.50304],[-119.96956,36.50304],[-119.97033,36.50302],[-119.97104,36.50302],[-119.97184,36.50301]]}},{"type":"Feature","properties":{"name":"(unnamed public road)","road_class":"track","source":"OpenStreetMap","source_detail":"osm way 805986621","source_tile":"170/400","surface_inferred":true},"geometry":{"type":"LineString","coordinates":[[-120.0309,36.33903],[-120.03422,36.33903],[-120.03705,36.33903],[-120.03911,36.33903],[-120.03984,36.33903]]}},{"type":"Feature","properties":{"name":"(unnamed public road)","road_class":"track","source":"OpenStreetMap","source_detail":"osm way 806072268","source_tile":"171/400","surface_inferred":true},"geometry":{"type":"LineString","coordinates":[[-119.88268,36.39835],[-119.88338,36.39837],[-119.88495,36.39836],[-119.88505,36.39836],[-119.88694,36.39838],[-119.88719,36.39838]]}},{"type":"Feature","properties":{"name":"(unnamed public road)","road_class":"track","source":"OpenStreetMap","source_detail":"osm way 806072269","source_tile":"170/400","surface_inferred":true},"geometry":{"type":"LineString","coordinates":[[-119.88494,36.40197],[-119.88495,36.40124],[-119.88495,36.40019],[-119.88495,36.39893],[-119.88495,36.39836]]}},{"type":"Feature","properties":{"name":"(unnamed public road)","road_class":"track","source":"OpenStreetMap","source_detail":"osm way 806729824","source_tile":"170/400","surface_inferred":true},"geometry":{"type":"LineString","coordinates":[[-120.21163,36.34918],[-120.2153,36.34919],[-120.21976,36.34916],[-120.22076,36.34916],[-120.22075,36.34879]]}},{"type":"Feature","properties":{"name":"(unnamed public road)","road_class":"track","source":"OpenStreetMap","source_detail":"osm way 807008192","source_tile":"170/400","surface_inferred":true},"geometry":{"type":"LineString","coordinates":[[-120.21166,36.34588],[-120.20685,36.34591]]}},{"type":"Feature","properties":{"name":"(unnamed public road)","road_class":"track","source":"OpenStreetMap","source_detail":"osm way 807015778","source_tile":"170/400","surface_inferred":true},"geometry":{"type":"LineString","coordinates":[[-120.20272,36.34927],[-120.20319,36.34922],[-120.20354,36.34926],[-120.21163,36.34919]]}},{"type":"Feature","properties":{"name":"(unnamed public road)","road_class":"track","source":"OpenStreetMap","source_detail":"osm way 807024613","source_tile":"170/400","surface_inferred":true},"geometry":{"type":"LineString","coordinates":[[-120.0949,36.57482],[-120.09497,36.57499],[-120.09502,36.57521],[-120.09502,36.57547],[-120.09507,36.57566],[-120.09511,36.57572],[-120.09522,36.57576],[-120.09567,36.57574],[-120.09612,36.57573],[-120.09682,36.5757],[-120.09729,36.57566],[-120.09747,36.57563]]}},{"type":"Feature","properties":{"name":"(unnamed public road)","road_class":"track","source":"OpenStreetMap","source_detail":"osm way 807032255","source_tile":"170/400","surface_inferred":true},"geometry":{"type":"LineString","coordinates":[[-120.13907,36.41137],[-120.14691,36.41139],[-120.14812,36.41139],[-120.1481,36.41497]]}},{"type":"Feature","properties":{"name":"(unnamed public road)","road_class":"track","source":"OpenStreetMap","source_detail":"osm way 807032636","source_tile":"170/400","surface_inferred":true},"geometry":{"type":"LineString","coordinates":[[-120.12102,36.45511],[-120.10549,36.45507],[-120.10298,36.45509]]}},{"type":"Feature","properties":{"name":"(unnamed public road)","road_class":"track","source":"OpenStreetMap","source_detail":"osm way 807033601","source_tile":"170/400","surface_inferred":true},"geometry":{"type":"LineString","coordinates":[[-120.06603,36.57459],[-120.06609,36.56806],[-120.07055,36.568]]}},{"type":"Feature","properties":{"name":"(unnamed public road)","road_class":"track","source":"OpenStreetMap","source_detail":"osm way 807033602","source_tile":"170/400","surface_inferred":true},"geometry":{"type":"LineString","coordinates":[[-120.06603,36.57459],[-120.06601,36.57507],[-120.06597,36.58188],[-120.07006,36.58184],[-120.07062,36.58131],[-120.07069,36.5812],[-120.0707,36.58104]]}},{"type":"Feature","properties":{"name":"(unnamed public road)","road_class":"track","source":"OpenStreetMap","source_detail":"osm way 807036537","source_tile":"170/400","surface_inferred":true},"geometry":{"type":"LineString","coordinates":[[-120.13918,36.46586],[-120.13006,36.46584],[-120.12107,36.46584]]}},{"type":"Feature","properties":{"name":"(unnamed public road)","road_class":"track","source":"OpenStreetMap","source_detail":"osm way 807042964","source_tile":"170/400","surface_inferred":true},"geometry":{"type":"LineString","coordinates":[[-120.13962,36.48769],[-120.13975,36.48762],[-120.13987,36.48751],[-120.13996,36.48735]]}},{"type":"Feature","properties":{"name":"(unnamed public road)","road_class":"track","source":"OpenStreetMap","source_detail":"osm way 807043081","source_tile":"170/400","surface_inferred":true},"geometry":{"type":"LineString","coordinates":[[-120.12139,36.34978],[-120.11239,36.34983],[-120.11132,36.34982],[-120.10949,36.34983],[-120.10767,36.34984],[-120.1061,36.34986],[-120.10392,36.34987],[-120.10327,36.34985]]}},{"type":"Feature","properties":{"name":"(unnamed public road)","road_class":"track","source":"OpenStreetMap","source_detail":"osm way 807171056","source_tile":"170/400","surface_inferred":true},"geometry":{"type":"LineString","coordinates":[[-119.89453,36.44531],[-119.89452,36.44555],[-119.89457,36.4459],[-119.89466,36.44604],[-119.89472,36.44636],[-119.89473,36.44646],[-119.89472,36.44709],[-119.89473,36.44741],[-119.89466,36.4475],[-119.8944,36.44755],[-119.89415,36.44759],[-119.89368,36.4478],[-119.89349,36.44805],[-119.89345,36.44819],[-119.89345,36.44897],[-119.89342,36.44951],[-119.89348,36.44967],[-119.89374,36.44979],[-119.89518,36.44977],[-119.89623,36.44978]]}},{"type":"Feature","properties":{"name":"(unnamed public road)","road_class":"track","source":"OpenStreetMap","source_detail":"osm way 807183159","source_tile":"170/400","surface_inferred":true},"geometry":{"type":"LineString","coordinates":[[-119.95932,36.40823],[-119.95888,36.40823],[-119.95829,36.40827],[-119.95771,36.40824],[-119.95745,36.40825],[-119.95676,36.40826],[-119.95549,36.40828]]}},{"type":"Feature","properties":{"name":"(unnamed public road)","road_class":"track","source":"OpenStreetMap","source_detail":"osm way 807187580","source_tile":"170/400","surface_inferred":true},"geometry":{"type":"LineString","coordinates":[[-119.92317,36.4078],[-119.92293,36.40779],[-119.92287,36.40783],[-119.92293,36.40804],[-119.92297,36.40838],[-119.92293,36.4098],[-119.92297,36.4098],[-119.92318,36.4098]]}},{"type":"Feature","properties":{"name":"(unnamed public road)","road_class":"track","source":"OpenStreetMap","source_detail":"osm way 807187581","source_tile":"170/400","surface_inferred":true},"geometry":{"type":"LineString","coordinates":[[-119.92293,36.4098],[-119.92152,36.40984],[-119.91981,36.40981],[-119.91909,36.40987],[-119.91872,36.40997],[-119.91844,36.40997],[-119.91796,36.40988],[-119.91687,36.40989],[-119.91579,36.40993],[-119.91459,36.40994],[-119.91448,36.40994],[-119.9141,36.40993]]}},{"type":"Feature","properties":{"name":"(unnamed public road)","road_class":"track","source":"OpenStreetMap","source_detail":"osm way 807187582","source_tile":"170/400","surface_inferred":true},"geometry":{"type":"LineString","coordinates":[[-119.9141,36.40798],[-119.91439,36.40802],[-119.91449,36.40813],[-119.91448,36.40994]]}},{"type":"Feature","properties":{"name":"(unnamed public road)","road_class":"track","source":"OpenStreetMap","source_detail":"osm way 807238146","source_tile":"170/400","surface_inferred":true},"geometry":{"type":"LineString","coordinates":[[-119.92324,36.45969],[-119.92323,36.45987],[-119.92323,36.46039],[-119.92327,36.4611],[-119.9233,36.46144],[-119.92326,36.46168],[-119.92316,36.46178]]}},{"type":"Feature","properties":{"name":"(unnamed public road)","road_class":"track","source":"OpenStreetMap","source_detail":"osm way 807256954","source_tile":"170/400","surface_inferred":true},"geometry":{"type":"LineString","coordinates":[[-119.94126,36.46412],[-119.9407,36.46412],[-119.93769,36.46415],[-119.93682,36.46415],[-119.93678,36.46415],[-119.93675,36.4628],[-119.9368,36.46055],[-119.93669,36.45985],[-119.93667,36.45958]]}},{"type":"Feature","properties":{"name":"(unnamed public road)","road_class":"track","source":"OpenStreetMap","source_detail":"osm way 807424272","source_tile":"170/400","surface_inferred":true},"geometry":{"type":"LineString","coordinates":[[-119.88996,36.59353],[-119.88907,36.59352],[-119.88894,36.59352],[-119.88882,36.59352],[-119.88861,36.59351],[-119.88852,36.59349],[-119.88838,36.59345],[-119.88832,36.59336],[-119.88828,36.59328],[-119.8882,36.59319],[-119.88815,36.59316],[-119.88756,36.59314],[-119.88756,36.5932],[-119.88757,36.59391]]}},{"type":"Feature","properties":{"name":"(unnamed public road)","road_class":"track","source":"OpenStreetMap","source_detail":"osm way 807424760","source_tile":"170/400","surface_inferred":true},"geometry":{"type":"LineString","coordinates":[[-119.93961,36.59716],[-119.93963,36.59477],[-119.93964,36.59349],[-119.93723,36.59348],[-119.93527,36.59351],[-119.93503,36.59351]]}},{"type":"Feature","properties":{"name":"(unnamed public road)","road_class":"track","source":"OpenStreetMap","source_detail":"osm way 807427907","source_tile":"170/400","surface_inferred":true},"geometry":{"type":"LineString","coordinates":[[-119.91718,36.55416],[-119.91819,36.55416],[-119.92267,36.55417],[-119.92626,36.55414],[-119.93112,36.55413],[-119.9343,36.55412],[-119.93526,36.5541]]}},{"type":"Feature","properties":{"name":"(unnamed public road)","road_class":"track","source":"OpenStreetMap","source_detail":"osm way 807962097","source_tile":"170/400","surface_inferred":true},"geometry":{"type":"LineString","coordinates":[[-119.91706,36.58647],[-119.9148,36.58649],[-119.91476,36.58646],[-119.91476,36.58285]]}},{"type":"Feature","properties":{"name":"(unnamed public road)","road_class":"track","source":"OpenStreetMap","source_detail":"osm way 807969432","source_tile":"170/400","surface_inferred":true},"geometry":{"type":"LineString","coordinates":[[-119.89163,36.42351],[-119.89505,36.42347],[-119.89607,36.42346],[-119.89625,36.42346],[-119.90054,36.42347],[-119.90059,36.42348],[-119.90063,36.4235],[-119.90071,36.42352],[-119.90076,36.42353],[-119.90082,36.42353],[-119.90098,36.4235],[-119.90512,36.42351]]}},{"type":"Feature","properties":{"name":"(unnamed public road)","road_class":"track","source":"OpenStreetMap","source_detail":"osm way 808080762","source_tile":"170/400","surface_inferred":true},"geometry":{"type":"LineString","coordinates":[[-119.95922,36.39613],[-119.95805,36.39614],[-119.9552,36.39617],[-119.95288,36.39619],[-119.95026,36.39622],[-119.95028,36.39864],[-119.95029,36.40091],[-119.95024,36.40105]]}},{"type":"Feature","properties":{"name":"(unnamed public road)","road_class":"track","source":"OpenStreetMap","source_detail":"osm way 808105584","source_tile":"170/400","surface_inferred":true},"geometry":{"type":"LineString","coordinates":[[-119.91416,36.43438],[-119.91561,36.43434],[-119.91865,36.43425]]}},{"type":"Feature","properties":{"name":"(unnamed public road)","road_class":"track","source":"OpenStreetMap","source_detail":"osm way 808224802","source_tile":"170/400","surface_inferred":true},"geometry":{"type":"LineString","coordinates":[[-119.94125,36.47018],[-119.94169,36.47021],[-119.94189,36.4702],[-119.94216,36.47015],[-119.94245,36.47005],[-119.9426,36.46994],[-119.94274,36.46981],[-119.94308,36.46945],[-119.94321,36.46934],[-119.94336,36.46921],[-119.94347,36.46916],[-119.94363,36.4691],[-119.94382,36.46906],[-119.94416,36.469],[-119.94462,36.46895],[-119.94539,36.46887],[-119.94555,36.46883],[-119.94571,36.46879],[-119.94596,36.4687],[-119.94663,36.46849],[-119.94763,36.46818],[-119.94809,36.46793]]}},{"type":"Feature","properties":{"name":"(unnamed public road)","road_class":"track","source":"OpenStreetMap","source_detail":"osm way 808229080","source_tile":"170/400","surface_inferred":true},"geometry":{"type":"LineString","coordinates":[[-119.89625,36.4671],[-119.89544,36.4671],[-119.8945,36.46711],[-119.89199,36.46713],[-119.8919,36.46712],[-119.89188,36.4671],[-119.89188,36.46671],[-119.89186,36.46502],[-119.89193,36.46488],[-119.89199,36.4648],[-119.89217,36.46467],[-119.8923,36.46458]]}},{"type":"Feature","properties":{"name":"(unnamed public road)","road_class":"track","surface":"dirt","access":"yes","source":"OpenStreetMap","source_detail":"osm way 808236259","source_tile":"170/400"},"geometry":{"type":"LineString","coordinates":[[-119.9141,36.40895],[-119.90512,36.4089]]}},{"type":"Feature","properties":{"name":"(unnamed public road)","road_class":"track","source":"OpenStreetMap","source_detail":"osm way 808255870","source_tile":"170/400","surface_inferred":true},"geometry":{"type":"LineString","coordinates":[[-119.92081,36.38235],[-119.92049,36.38236],[-119.91979,36.38236],[-119.91945,36.38235],[-119.91934,36.38232],[-119.91926,36.38228],[-119.91916,36.38226],[-119.91907,36.38226],[-119.91896,36.38228],[-119.91888,36.38232],[-119.91881,36.38243],[-119.91876,36.38256]]}},{"type":"Feature","properties":{"name":"(unnamed public road)","road_class":"track","source":"OpenStreetMap","source_detail":"osm way 808257761","source_tile":"170/400","surface_inferred":true},"geometry":{"type":"LineString","coordinates":[[-119.91404,36.32973],[-119.91411,36.32162]]}},{"type":"Feature","properties":{"name":"(unnamed public road)","road_class":"track","source":"OpenStreetMap","source_detail":"osm way 808430807","source_tile":"170/400","surface_inferred":true},"geometry":{"type":"LineString","coordinates":[[-119.98966,36.52552],[-119.98754,36.52555],[-119.98529,36.52559],[-119.98497,36.5256],[-119.98363,36.52555],[-119.98068,36.52563]]}},{"type":"Feature","properties":{"name":"(unnamed public road)","road_class":"track","source":"OpenStreetMap","source_detail":"osm way 808453527","source_tile":"170/400","surface_inferred":true},"geometry":{"type":"LineString","coordinates":[[-119.9807,36.52118],[-119.97182,36.52123]]}},{"type":"Feature","properties":{"name":"(unnamed public road)","road_class":"track","source":"OpenStreetMap","source_detail":"osm way 808458326","source_tile":"170/400","surface_inferred":true},"geometry":{"type":"LineString","coordinates":[[-120.04816,36.59644],[-120.0482,36.58917]]}},{"type":"Feature","properties":{"name":"(unnamed public road)","road_class":"track","source":"OpenStreetMap","source_detail":"osm way 808604376","source_tile":"170/400","surface_inferred":true},"geometry":{"type":"LineString","coordinates":[[-119.98625,36.45935],[-119.98646,36.45931],[-119.98643,36.45902],[-119.98641,36.45559],[-119.98641,36.45189],[-119.98305,36.45191],[-119.97728,36.45197]]}},{"type":"Feature","properties":{"name":"(unnamed public road)","road_class":"track","source":"OpenStreetMap","source_detail":"osm way 808606271","source_tile":"170/400","surface_inferred":true},"geometry":{"type":"LineString","coordinates":[[-120.05299,36.49317],[-120.06221,36.49312]]}},{"type":"Feature","properties":{"name":"(unnamed public road)","road_class":"track","source":"OpenStreetMap","source_detail":"osm way 808606623","source_tile":"170/400","surface_inferred":true},"geometry":{"type":"LineString","coordinates":[[-119.99875,36.5034],[-119.99875,36.50367],[-119.99869,36.51746]]}},{"type":"Feature","properties":{"name":"(unnamed public road)","road_class":"track","source":"OpenStreetMap","source_detail":"osm way 808606933","source_tile":"170/400","surface_inferred":true},"geometry":{"type":"LineString","coordinates":[[-120.05718,36.55358],[-120.05716,36.5523],[-120.0572,36.54634]]}},{"type":"Feature","properties":{"name":"(unnamed public road)","road_class":"track","source":"OpenStreetMap","source_detail":"osm way 808607168","source_tile":"170/400","surface_inferred":true},"geometry":{"type":"LineString","coordinates":[[-120.0561,36.53169],[-120.05612,36.52443]]}},{"type":"Feature","properties":{"name":"(unnamed public road)","road_class":"track","source":"OpenStreetMap","source_detail":"osm way 808610091","source_tile":"170/400","surface_inferred":true},"geometry":{"type":"LineString","coordinates":[[-120.03138,36.41276],[-120.02621,36.41281],[-120.02203,36.41285],[-120.0158,36.41287],[-120.01328,36.41289]]}},{"type":"Feature","properties":{"name":"(unnamed public road)","road_class":"track","source":"OpenStreetMap","source_detail":"osm way 808622331","source_tile":"170/400","surface_inferred":true},"geometry":{"type":"LineString","coordinates":[[-120.03136,36.48101],[-120.03121,36.48101],[-120.02889,36.481],[-120.02236,36.48098],[-120.02237,36.48261]]}},{"type":"Feature","properties":{"name":"(unnamed public road)","road_class":"track","source":"OpenStreetMap","source_detail":"osm way 808625985","source_tile":"170/400","surface_inferred":true},"geometry":{"type":"LineString","coordinates":[[-120.0392,36.51392],[-120.03917,36.51729]]}},{"type":"Feature","properties":{"name":"(unnamed public road)","road_class":"track","source":"OpenStreetMap","source_detail":"osm way 808625986","source_tile":"170/400","surface_inferred":true},"geometry":{"type":"LineString","coordinates":[[-120.03921,36.51729],[-120.03913,36.52461]]}},{"type":"Feature","properties":{"name":"(unnamed public road)","road_class":"track","source":"OpenStreetMap","source_detail":"osm way 808738387","source_tile":"170/400","surface_inferred":true},"geometry":{"type":"LineString","coordinates":[[-120.10774,36.37934],[-120.10322,36.3793]]}},{"type":"Feature","properties":{"name":"(unnamed public road)","road_class":"track","source":"OpenStreetMap","source_detail":"osm way 808763416","source_tile":"170/400","surface_inferred":true},"geometry":{"type":"LineString","coordinates":[[-119.89393,36.59478],[-119.89409,36.59469],[-119.8942,36.59463],[-119.89426,36.59456],[-119.89448,36.59433],[-119.89448,36.59424],[-119.8945,36.59023]]}},{"type":"Feature","properties":{"name":"(unnamed public road)","road_class":"track","source":"OpenStreetMap","source_detail":"osm way 808771209","source_tile":"170/400","surface_inferred":true},"geometry":{"type":"LineString","coordinates":[[-119.93065,36.56869],[-119.93069,36.56817],[-119.93068,36.56686],[-119.93068,36.56509],[-119.93067,36.56146]]}},{"type":"Feature","properties":{"name":"(unnamed public road)","road_class":"track","source":"OpenStreetMap","source_detail":"osm way 808771210","source_tile":"170/400","surface_inferred":true},"geometry":{"type":"LineString","coordinates":[[-119.93068,36.56509],[-119.93512,36.56507],[-119.93517,36.56508],[-119.9352,36.56516],[-119.9352,36.56686],[-119.9352,36.56866]]}},{"type":"Feature","properties":{"name":"(unnamed public road)","road_class":"track","source":"OpenStreetMap","source_detail":"osm way 808771211","source_tile":"170/400","surface_inferred":true},"geometry":{"type":"LineString","coordinates":[[-119.93068,36.56686],[-119.9352,36.56686]]}},{"type":"Feature","properties":{"name":"(unnamed public road)","road_class":"track","source":"OpenStreetMap","source_detail":"osm way 808776792","source_tile":"170/400","surface_inferred":true},"geometry":{"type":"LineString","coordinates":[[-119.89898,36.59388],[-119.90159,36.59386],[-119.90169,36.59388],[-119.90171,36.59392],[-119.9017,36.59472]]}},{"type":"Feature","properties":{"name":"(unnamed public road)","road_class":"track","source":"OpenStreetMap","source_detail":"osm way 809021166","source_tile":"170/400","surface_inferred":true},"geometry":{"type":"LineString","coordinates":[[-119.92624,36.54373],[-119.92171,36.54374],[-119.92006,36.54374],[-119.91996,36.54373],[-119.91992,36.54366],[-119.91983,36.54353],[-119.91965,36.54325],[-119.91957,36.54316],[-119.9195,36.54315],[-119.91942,36.54317],[-119.91936,36.54328],[-119.9193,36.5434],[-119.91919,36.54345],[-119.91905,36.54352],[-119.91895,36.54356],[-119.91731,36.54355]]}},{"type":"Feature","properties":{"name":"(unnamed public road)","road_class":"track","source":"OpenStreetMap","source_detail":"osm way 809037591","source_tile":"170/400","surface_inferred":true},"geometry":{"type":"LineString","coordinates":[[-119.95359,36.55034],[-119.95056,36.55035],[-119.94752,36.55036],[-119.94442,36.55038]]}},{"type":"Feature","properties":{"name":"(unnamed public road)","road_class":"track","source":"OpenStreetMap","source_detail":"osm way 809478085","source_tile":"170/400","surface_inferred":true},"geometry":{"type":"LineString","coordinates":[[-120.22515,36.53794],[-120.2068,36.53816]]}},{"type":"Feature","properties":{"name":"(unnamed public road)","road_class":"track","source":"OpenStreetMap","source_detail":"osm way 811225767","source_tile":"170/400","surface_inferred":true},"geometry":{"type":"LineString","coordinates":[[-120.08515,36.39326],[-120.08074,36.39341],[-120.07775,36.39353],[-120.0763,36.39363],[-120.07624,36.39367],[-120.07619,36.39368],[-120.07615,36.39367],[-120.07612,36.39366],[-120.07609,36.39362],[-120.07597,36.3936],[-120.07518,36.39363],[-120.07328,36.39372],[-120.07048,36.39384],[-120.06731,36.39398]]}},{"type":"Feature","properties":{"name":"(unnamed public road)","road_class":"track","source":"OpenStreetMap","source_detail":"osm way 811526051","source_tile":"170/400","surface_inferred":true},"geometry":{"type":"LineString","coordinates":[[-120.06705,36.42721],[-120.06684,36.42721],[-120.0659,36.42721],[-120.06514,36.42721],[-120.06439,36.4272],[-120.06373,36.42721],[-120.06277,36.42721],[-120.06205,36.42721],[-120.06124,36.42721],[-120.06115,36.4272],[-120.06101,36.42721],[-120.06078,36.42721],[-120.06024,36.42721],[-120.05952,36.42721],[-120.05928,36.42721],[-120.05847,36.42721],[-120.0582,36.4272]]}},{"type":"Feature","properties":{"name":"(unnamed public road)","road_class":"track","source":"OpenStreetMap","source_detail":"osm way 811567847","source_tile":"170/401","surface_inferred":true},"geometry":{"type":"LineString","coordinates":[[-120.09438,36.31364],[-120.09436,36.31396],[-120.09433,36.31721],[-120.09433,36.31814],[-120.09432,36.31908],[-120.09433,36.32085],[-120.09435,36.32095]]}},{"type":"Feature","properties":{"name":"(unnamed public road)","road_class":"track","source":"OpenStreetMap","source_detail":"osm way 811804021","source_tile":"170/400","surface_inferred":true},"geometry":{"type":"LineString","coordinates":[[-120.11208,36.42234],[-120.11216,36.42247],[-120.11224,36.42251],[-120.11231,36.42253],[-120.11375,36.42253],[-120.11542,36.42252],[-120.11691,36.42251],[-120.11815,36.4225],[-120.11952,36.4225],[-120.12104,36.42249]]}},{"type":"Feature","properties":{"name":"(unnamed public road)","road_class":"track","source":"OpenStreetMap","source_detail":"osm way 811836773","source_tile":"170/400","surface_inferred":true},"geometry":{"type":"LineString","coordinates":[[-120.10729,36.48781],[-120.10728,36.48811],[-120.10724,36.49155],[-120.10721,36.49504],[-120.1072,36.49602],[-120.10717,36.4984],[-120.1071,36.50201],[-120.1071,36.50235]]}},{"type":"Feature","properties":{"name":"(unnamed public road)","road_class":"track","source":"OpenStreetMap","source_detail":"osm way 811916077","source_tile":"170/400","surface_inferred":true},"geometry":{"type":"LineString","coordinates":[[-120.12109,36.3957],[-120.12007,36.39571],[-120.1186,36.39573],[-120.11654,36.39575],[-120.11443,36.39576],[-120.11367,36.39576],[-120.11264,36.39578],[-120.11229,36.39577]]}},{"type":"Feature","properties":{"name":"(unnamed public road)","road_class":"track","source":"OpenStreetMap","source_detail":"osm way 812378485","source_tile":"170/400","surface_inferred":true},"geometry":{"type":"LineString","coordinates":[[-119.9534,36.57525],[-119.95392,36.57526],[-119.95557,36.57525],[-119.95731,36.57524],[-119.95789,36.57525],[-119.9579,36.57628],[-119.95788,36.57757],[-119.95786,36.57866],[-119.95788,36.57895],[-119.95785,36.5801],[-119.95784,36.58117],[-119.95782,36.58225],[-119.95785,36.58251],[-119.9573,36.58251],[-119.95654,36.58252],[-119.9557,36.58251],[-119.95433,36.58253],[-119.95342,36.58253],[-119.95335,36.58253]]}},{"type":"Feature","properties":{"name":"(unnamed public road)","road_class":"track","source":"OpenStreetMap","source_detail":"osm way 812397581","source_tile":"170/400","surface_inferred":true},"geometry":{"type":"LineString","coordinates":[[-120.22975,36.42909],[-120.22973,36.42923],[-120.22973,36.42947],[-120.22974,36.43069],[-120.22976,36.43233],[-120.22976,36.43285],[-120.22977,36.43546],[-120.22978,36.43634],[-120.22979,36.43736],[-120.22981,36.43946],[-120.2298,36.44099],[-120.22981,36.44257],[-120.22982,36.44362]]}},{"type":"Feature","properties":{"name":"(unnamed public road)","road_class":"track","source":"OpenStreetMap","source_detail":"osm way 812404194","source_tile":"170/400","surface_inferred":true},"geometry":{"type":"LineString","coordinates":[[-120.21167,36.43277],[-120.21251,36.43278],[-120.21393,36.43277],[-120.21408,36.43282],[-120.21425,36.43284],[-120.21517,36.43284],[-120.21669,36.43284],[-120.21801,36.43285],[-120.22084,36.43284],[-120.2251,36.43284],[-120.22976,36.43285]]}},{"type":"Feature","properties":{"name":"(unnamed public road)","road_class":"track","source":"OpenStreetMap","source_detail":"osm way 812404980","source_tile":"170/400","surface_inferred":true},"geometry":{"type":"LineString","coordinates":[[-120.08511,36.41276],[-120.08588,36.41276],[-120.08767,36.41275],[-120.08994,36.41272],[-120.09299,36.4127],[-120.09599,36.41267],[-120.0988,36.41266],[-120.10044,36.41264],[-120.1004,36.41509]]}},{"type":"Feature","properties":{"name":"(unnamed public road)","road_class":"track","source":"OpenStreetMap","source_detail":"osm way 812404981","source_tile":"170/400","surface_inferred":true},"geometry":{"type":"LineString","coordinates":[[-120.10315,36.41224],[-120.10045,36.41225],[-120.10043,36.41231],[-120.10044,36.41264]]}},{"type":"Feature","properties":{"name":"(unnamed public road)","road_class":"track","source":"OpenStreetMap","source_detail":"osm way 818732251","source_tile":"170/400","surface_inferred":true},"geometry":{"type":"LineString","coordinates":[[-119.92171,36.54694],[-119.92171,36.54616],[-119.9217,36.5451],[-119.92171,36.54374]]}},{"type":"Feature","properties":{"name":"Riverdale Branch","road_class":"track","source":"OpenStreetMap","source_detail":"osm way 875145531","source_tile":"170/400","surface_inferred":true},"geometry":{"type":"LineString","coordinates":[[-119.93444,36.45816],[-119.93388,36.45756],[-119.93379,36.45745],[-119.93374,36.45738]]}},{"type":"Feature","properties":{"name":"(unnamed public road)","road_class":"track","source":"OpenStreetMap","source_detail":"osm way 875145535","source_tile":"170/400","surface_inferred":true},"geometry":{"type":"LineString","coordinates":[[-119.93323,36.45674],[-119.93303,36.4568],[-119.93288,36.45683],[-119.93274,36.45685],[-119.93247,36.45688],[-119.93236,36.45691],[-119.93224,36.45692]]}},{"type":"Feature","properties":{"name":"(unnamed public road)","road_class":"track","source":"OpenStreetMap","source_detail":"osm way 875145536","source_tile":"170/400","surface_inferred":true},"geometry":{"type":"LineString","coordinates":[[-119.93451,36.4596],[-119.93449,36.4583],[-119.93448,36.45824],[-119.93446,36.4582],[-119.93444,36.45816]]}},{"type":"Feature","properties":{"name":"(unnamed public road)","road_class":"track","source":"OpenStreetMap","source_detail":"osm way 915464056","source_tile":"170/400","surface_inferred":true},"geometry":{"type":"LineString","coordinates":[[-119.98513,36.53716],[-119.98543,36.53716],[-119.98568,36.53719],[-119.98588,36.53724],[-119.98597,36.53729],[-119.98601,36.53736],[-119.98602,36.53745],[-119.98601,36.53754]]}},{"type":"Feature","properties":{"name":"(unnamed public road)","road_class":"track","source":"OpenStreetMap","source_detail":"osm way 916215804","source_tile":"170/400","surface_inferred":true},"geometry":{"type":"LineString","coordinates":[[-120.18499,36.34217],[-120.18497,36.34116],[-120.18499,36.33923],[-120.18502,36.33651],[-120.18503,36.33489],[-120.18504,36.32756]]}},{"type":"Feature","properties":{"name":"(unnamed public road)","road_class":"track","source":"OpenStreetMap","source_detail":"osm way 916216067","source_tile":"170/400","surface_inferred":true},"geometry":{"type":"LineString","coordinates":[[-120.17927,36.33497],[-120.18302,36.33491],[-120.18503,36.33489]]}},{"type":"Feature","properties":{"name":"(unnamed public road)","road_class":"track","source":"OpenStreetMap","source_detail":"osm way 916254062","source_tile":"170/400","surface_inferred":true},"geometry":{"type":"LineString","coordinates":[[-120.11207,36.41504],[-120.11216,36.4078],[-120.11223,36.40049],[-120.11212,36.386]]}},{"type":"Feature","properties":{"name":"(unnamed public road)","road_class":"track","source":"OpenStreetMap","source_detail":"osm way 916255626","source_tile":"170/400","surface_inferred":true},"geometry":{"type":"LineString","coordinates":[[-120.10317,36.40782],[-120.11216,36.4078],[-120.12111,36.40778]]}},{"type":"Feature","properties":{"name":"(unnamed public road)","road_class":"track","source":"OpenStreetMap","source_detail":"osm way 916260853","source_tile":"170/400","surface_inferred":true},"geometry":{"type":"LineString","coordinates":[[-120.16676,36.335],[-120.1577,36.33506],[-120.15754,36.33503],[-120.13955,36.33513]]}},{"type":"Feature","properties":{"name":"(unnamed public road)","road_class":"track","source":"OpenStreetMap","source_detail":"osm way 916261321","source_tile":"170/400","surface_inferred":true},"geometry":{"type":"LineString","coordinates":[[-120.18504,36.32756],[-120.18505,36.32518]]}},{"type":"Feature","properties":{"name":"(unnamed public road)","road_class":"track","source":"OpenStreetMap","source_detail":"osm way 916261523","source_tile":"170/400","surface_inferred":true},"geometry":{"type":"LineString","coordinates":[[-120.18505,36.32518],[-120.18509,36.32034]]}},{"type":"Feature","properties":{"name":"(unnamed public road)","road_class":"track","source":"OpenStreetMap","source_detail":"osm way 916261857","source_tile":"170/400","surface_inferred":true},"geometry":{"type":"LineString","coordinates":[[-120.19395,36.32026],[-120.18509,36.32034],[-120.1794,36.32039]]}},{"type":"Feature","properties":{"name":"(unnamed public road)","road_class":"track","source":"OpenStreetMap","source_detail":"osm way 918513740","source_tile":"171/400","surface_inferred":true},"geometry":{"type":"LineString","coordinates":[[-119.88728,36.45985],[-119.88727,36.46718],[-119.88714,36.46719],[-119.8831,36.46721],[-119.88281,36.46721],[-119.88278,36.46119],[-119.88276,36.45988]]}},{"type":"Feature","properties":{"name":"(unnamed public road)","road_class":"track","source":"OpenStreetMap","source_detail":"osm way 918528519","source_tile":"170/400","surface_inferred":true},"geometry":{"type":"LineString","coordinates":[[-119.94157,36.35008],[-119.94151,36.34973],[-119.94146,36.34965],[-119.94135,36.34956],[-119.94121,36.3495]]}},{"type":"Feature","properties":{"name":"(unnamed public road)","road_class":"track","source":"OpenStreetMap","source_detail":"osm way 927669303","source_tile":"170/400","surface_inferred":true},"geometry":{"type":"LineString","coordinates":[[-120.1939,36.33477],[-120.18503,36.33489]]}},{"type":"Feature","properties":{"name":"West Excelsior Avenue","road_class":"unclassified","surface":"unpaved","source":"OpenStreetMap","source_detail":"osm way 929621479","source_tile":"170/400"},"geometry":{"type":"LineString","coordinates":[[-119.89555,36.40165],[-119.89601,36.40173],[-119.89632,36.40175],[-119.90077,36.40174],[-119.90485,36.40174],[-119.90512,36.40172],[-119.90963,36.40161]]}},{"type":"Feature","properties":{"name":"(unnamed public road)","road_class":"track","source":"OpenStreetMap","source_detail":"osm way 936765810","source_tile":"170/400","surface_inferred":true},"geometry":{"type":"LineString","coordinates":[[-120.00185,36.49287],[-120.00237,36.49287],[-120.0024,36.49288],[-120.00243,36.4929],[-120.00244,36.49294],[-120.00244,36.4933]]}},{"type":"Feature","properties":{"name":"(unnamed public road)","road_class":"track","source":"OpenStreetMap","source_detail":"osm way 937003933","source_tile":"170/400","surface_inferred":true},"geometry":{"type":"LineString","coordinates":[[-119.89608,36.42212],[-119.89608,36.42225],[-119.89608,36.42284],[-119.89608,36.42332],[-119.89607,36.42346]]}},{"type":"Feature","properties":{"name":"(unnamed public road)","road_class":"track","source":"OpenStreetMap","source_detail":"osm way 940406645","source_tile":"170/400","surface_inferred":true},"geometry":{"type":"LineString","coordinates":[[-120.03146,36.40071],[-120.0317,36.40071],[-120.04923,36.40065]]}},{"type":"Feature","properties":{"name":"(unnamed public road)","road_class":"track","source":"OpenStreetMap","source_detail":"osm way 940407583","source_tile":"170/400","surface_inferred":true},"geometry":{"type":"LineString","coordinates":[[-120.1794,36.32039],[-120.17912,36.32036],[-120.16861,36.32041],[-120.15863,36.32048],[-120.15784,36.32047]]}},{"type":"Feature","properties":{"name":"Grangeville Boulevard","road_class":"track","source":"OpenStreetMap","source_detail":"osm way 951865219","source_tile":"170/400","surface_inferred":true},"geometry":{"type":"LineString","coordinates":[[-119.92326,36.34282],[-119.91865,36.34284],[-119.9169,36.34283]]}},{"type":"Feature","properties":{"name":"West Rose Avenue","road_class":"track","source":"OpenStreetMap","source_detail":"osm way 962851909","source_tile":"170/400","surface_inferred":true},"geometry":{"type":"LineString","coordinates":[[-119.9763,36.56845],[-119.98955,36.56835]]}},{"type":"Feature","properties":{"name":"(unnamed public road)","road_class":"track","source":"OpenStreetMap","source_detail":"osm way 972191534","source_tile":"170/400","surface_inferred":true},"geometry":{"type":"LineString","coordinates":[[-120.13966,36.32062],[-120.13107,36.32066],[-120.1244,36.3207],[-120.12159,36.32072]]}},{"type":"Feature","properties":{"name":"(unnamed public road)","road_class":"track","source":"OpenStreetMap","source_detail":"osm way 981482220","source_tile":"170/400","surface_inferred":true},"geometry":{"type":"LineString","coordinates":[[-120.16656,36.34956],[-120.16657,36.34916],[-120.16674,36.34227]]}},{"type":"Feature","properties":{"name":"(unnamed public road)","road_class":"track","source":"OpenStreetMap","source_detail":"osm way 992499598","source_tile":"171/401","surface_inferred":true},"geometry":{"type":"LineString","coordinates":[[-119.8825,36.31387],[-119.8825,36.31403],[-119.88249,36.31412],[-119.88249,36.3144],[-119.88261,36.31557],[-119.88263,36.31603],[-119.88269,36.31632],[-119.88285,36.31677],[-119.8831,36.31744],[-119.88328,36.31777],[-119.88359,36.31811],[-119.8842,36.3186],[-119.88528,36.31913],[-119.88617,36.3194],[-119.88719,36.31971],[-119.88747,36.3198],[-119.88838,36.31998],[-119.88917,36.32019],[-119.88945,36.32028],[-119.88968,36.32039],[-119.89015,36.32065],[-119.89071,36.32101],[-119.89107,36.32132],[-119.89139,36.32166],[-119.89163,36.32193],[-119.89227,36.32318],[-119.89297,36.32461],[-119.89303,36.32478],[-119.89308,36.3251],[-119.8931,36.32534],[-119.89309,36.32554],[-119.89299,36.32588],[-119.89274,36.32675],[-119.89244,36.3277],[-119.89238,36.32796],[-119.89233,36.3282],[-119.89234,36.32844],[-119.89241,36.32865],[-119.89294,36.32978],[-119.893,36.32987],[-119.89303,36.32995],[-119.89304,36.33001],[-119.89319,36.33029],[-119.8933,36.33055],[-119.89337,36.33076],[-119.89339,36.33094],[-119.89337,36.33114],[-119.89332,36.33136],[-119.89324,36.33167],[-119.8928,36.33303],[-119.89266,36.33351],[-119.89257,36.33398],[-119.89253,36.33441],[-119.89252,36.33469],[-119.89256,36.33551],[-119.89266,36.33668],[-119.89275,36.33732],[-119.89283,36.33768],[-119.89294,36.33799],[-119.89309,36.3383],[-119.89328,36.33859],[-119.89387,36.33951],[-119.89402,36.33983],[-119.89415,36.34021],[-119.89441,36.34113],[-119.89482,36.34235],[-119.89498,36.34285],[-119.89513,36.34312],[-119.8952,36.34325],[-119.89546,36.34339],[-119.89555,36.34346]]}},{"type":"Feature","properties":{"name":"(unnamed public road)","road_class":"track","source":"OpenStreetMap","source_detail":"osm way 1014287120","source_tile":"170/400","surface_inferred":true},"geometry":{"type":"LineString","coordinates":[[-120.00627,36.48467],[-120.00619,36.48471],[-120.006,36.48473],[-120.00575,36.48481],[-120.0054,36.48502]]}},{"type":"Feature","properties":{"name":"(unnamed public road)","road_class":"track","surface":"dirt","tracktype":"grade3","source":"OpenStreetMap","source_detail":"osm way 1206020953","source_tile":"170/400"},"geometry":{"type":"LineString","coordinates":[[-120.0835,36.53156],[-120.08352,36.5278]]}},{"type":"Feature","properties":{"name":"(unnamed public road)","road_class":"track","surface":"unpaved","source":"OpenStreetMap","source_detail":"osm way 1296736743","source_tile":"170/400"},"geometry":{"type":"LineString","coordinates":[[-120.08011,36.49528],[-120.08003,36.49535]]}},{"type":"Feature","properties":{"name":"(unnamed public road)","road_class":"track","surface":"dirt","tracktype":"grade5","source":"OpenStreetMap","source_detail":"osm way 1296736744","source_tile":"170/400"},"geometry":{"type":"LineString","coordinates":[[-120.07999,36.49541],[-120.08001,36.49547],[-120.08002,36.49556],[-120.08002,36.49564],[-120.08002,36.49573],[-120.08002,36.49587],[-120.08001,36.49592],[-120.07998,36.49595],[-120.07993,36.49597],[-120.07989,36.49597],[-120.07944,36.49596],[-120.07939,36.49595],[-120.07936,36.49593],[-120.07934,36.49591],[-120.07934,36.49586],[-120.07932,36.4955],[-120.07932,36.49542],[-120.07931,36.49535],[-120.0793,36.49531]]}},{"type":"Feature","properties":{"name":"(unnamed public road)","road_class":"track","surface":"unpaved","tracktype":"grade5","source":"OpenStreetMap","source_detail":"osm way 1296736745","source_tile":"170/400"},"geometry":{"type":"LineString","coordinates":[[-120.07999,36.49541],[-120.07991,36.49542],[-120.07983,36.49542],[-120.07975,36.49543],[-120.07966,36.49542],[-120.07959,36.49542],[-120.0795,36.49542]]}},{"type":"Feature","properties":{"name":"(unnamed public road)","road_class":"track","surface":"unpaved","tracktype":"grade5","source":"OpenStreetMap","source_detail":"osm way 1296736746","source_tile":"170/400"},"geometry":{"type":"LineString","coordinates":[[-120.0795,36.49542],[-120.07945,36.49543],[-120.0794,36.49545],[-120.07932,36.4955]]}},{"type":"Feature","properties":{"name":"(unnamed public road)","road_class":"track","surface":"unpaved","tracktype":"grade5","source":"OpenStreetMap","source_detail":"osm way 1296736747","source_tile":"170/400"},"geometry":{"type":"LineString","coordinates":[[-120.0795,36.49542],[-120.07943,36.49541],[-120.07938,36.4954],[-120.07934,36.49538],[-120.07931,36.49535]]}},{"type":"Feature","properties":{"name":"(unnamed public road)","road_class":"track","surface":"unpaved","tracktype":"grade5","source":"OpenStreetMap","source_detail":"osm way 1296736748","source_tile":"170/400"},"geometry":{"type":"LineString","coordinates":[[-120.08029,36.49618],[-120.08027,36.49612],[-120.08023,36.49608],[-120.08017,36.49607],[-120.07931,36.49606],[-120.07925,36.49604],[-120.07922,36.49599],[-120.07922,36.49535],[-120.07922,36.49525]]}},{"type":"Feature","properties":{"name":"(unnamed public road)","road_class":"track","surface":"unpaved","tracktype":"grade5","source":"OpenStreetMap","source_detail":"osm way 1296736750","source_tile":"170/400"},"geometry":{"type":"LineString","coordinates":[[-120.08003,36.49535],[-120.07999,36.49541]]}},{"type":"Feature","properties":{"name":"(unnamed public road)","road_class":"track","tracktype":"grade5","source":"OpenStreetMap","source_detail":"osm way 1296736751","source_tile":"170/400","surface_inferred":true},"geometry":{"type":"LineString","coordinates":[[-120.07922,36.48799],[-120.07915,36.49525],[-120.07915,36.49535],[-120.07909,36.50242]]}},{"type":"Feature","properties":{"name":"(unnamed public road)","road_class":"track","tracktype":"grade5","source":"OpenStreetMap","source_detail":"osm way 1296736753","source_tile":"170/400","surface_inferred":true},"geometry":{"type":"LineString","coordinates":[[-120.07915,36.48798],[-120.07909,36.49525],[-120.07909,36.49535],[-120.07902,36.50242]]}},{"type":"Feature","properties":{"name":"(unnamed public road)","road_class":"track","tracktype":"grade5","source":"OpenStreetMap","source_detail":"osm way 1296753968","source_tile":"170/400","surface_inferred":true},"geometry":{"type":"LineString","coordinates":[[-120.07908,36.48798],[-120.079,36.49525],[-120.079,36.49535],[-120.07895,36.50241]]}},{"type":"Feature","properties":{"name":"(unnamed public road)","road_class":"track","source":"OpenStreetMap","source_detail":"osm way 1296755129","source_tile":"170/400","surface_inferred":true},"geometry":{"type":"LineString","coordinates":[[-120.07901,36.48799],[-120.07894,36.49526],[-120.07894,36.49535],[-120.07889,36.50241]]}},{"type":"Feature","properties":{"name":"(unnamed public road)","road_class":"track","source":"OpenStreetMap","source_detail":"osm way 1296755140","source_tile":"170/400","surface_inferred":true},"geometry":{"type":"LineString","coordinates":[[-120.07881,36.50241],[-120.07888,36.49535],[-120.07888,36.49526],[-120.07895,36.48798]]}},{"type":"Feature","properties":{"name":"West Rose Avenue","road_class":"unclassified","surface":"dirt","source":"OpenStreetMap","source_detail":"osm way 1442461526","source_tile":"170/400"},"geometry":{"type":"LineString","coordinates":[[-120.16932,36.56767],[-120.16029,36.56768],[-120.15135,36.56764],[-120.15039,36.56761]]}},{"type":"Feature","properties":{"name":"West Floral Avenue","road_class":"unclassified","surface":"dirt","source":"OpenStreetMap","source_detail":"osm way 1442468467","source_tile":"170/400"},"geometry":{"type":"LineString","coordinates":[[-120.16914,36.57467],[-120.16019,36.57464],[-120.15377,36.57462]]}},{"type":"Feature","properties":{"name":"West Dinuba Avenue","road_class":"unclassified","surface":"dirt","source":"OpenStreetMap","source_detail":"osm way 1442468468","source_tile":"170/400"},"geometry":{"type":"LineString","coordinates":[[-120.20692,36.58786],[-120.19748,36.58819]]}},{"type":"Feature","properties":{"name":"West Huntsman Avenue","road_class":"track","source":"OpenStreetMap","source_detail":"osm way 1442625406","source_tile":"170/400","surface_inferred":true},"geometry":{"type":"LineString","coordinates":[[-120.14222,36.58184],[-120.14059,36.58183],[-120.13351,36.58167],[-120.12615,36.58183],[-120.12428,36.58181]]}},{"type":"Feature","properties":{"name":"West Springfield Avenue","road_class":"unclassified","surface":"dirt","source":"OpenStreetMap","source_detail":"osm way 1442636364","source_tile":"170/400"},"geometry":{"type":"LineString","coordinates":[[-120.19745,36.59568],[-120.2069,36.59542],[-120.20782,36.59538],[-120.21449,36.59531],[-120.21467,36.59534],[-120.21536,36.59532]]}},{"type":"Feature","properties":{"name":"West Springfield Avenue","road_class":"unclassified","surface":"dirt","source":"OpenStreetMap","source_detail":"osm way 1442636365","source_tile":"170/400"},"geometry":{"type":"LineString","coordinates":[[-120.12385,36.59636],[-120.12862,36.59636]]}},{"type":"Feature","properties":{"name":"South Plumas Avenue","road_class":"unclassified","surface":"dirt","source":"OpenStreetMap","source_detail":"osm way 1442651100","source_tile":"170/400"},"geometry":{"type":"LineString","coordinates":[[-120.14204,36.5746],[-120.14202,36.57483],[-120.14218,36.57515],[-120.14219,36.57753],[-120.1422,36.57917],[-120.1422,36.58081],[-120.14222,36.58184]]}},{"type":"Feature","properties":{"name":"South Yuba Avenue","road_class":"track","surface":"dirt","source":"OpenStreetMap","source_detail":"osm way 1442654006","source_tile":"170/400"},"geometry":{"type":"LineString","coordinates":[[-120.16948,36.56359],[-120.16937,36.5638],[-120.16937,36.56404],[-120.16932,36.56767],[-120.16921,36.57459],[-120.16914,36.57467]]}},{"type":"Feature","properties":{"name":"South Yuba Avenue","road_class":"unclassified","surface":"dirt","source":"OpenStreetMap","source_detail":"osm way 1442654007","source_tile":"170/400"},"geometry":{"type":"LineString","coordinates":[[-120.16914,36.57467],[-120.16913,36.57485],[-120.16916,36.58191]]}},{"type":"Feature","properties":{"name":"South Colusa Avenue","road_class":"unclassified","surface":"unpaved","source":"OpenStreetMap","source_detail":"osm way 1442687203","source_tile":"170/400"},"geometry":{"type":"LineString","coordinates":[[-120.18809,36.57422],[-120.18809,36.57446],[-120.18807,36.58138]]}}]}