{"type":"FeatureCollection","features":[{"type":"Feature","properties":{"name":"FR 13N13","road_class":"unclassified","surface":"gravel","source":"Caltrans All Roads + OpenStreetMap explicit surface","source_detail":"osm way 10671894; Caltrans All Roads public-network geometry match","source_tile":"160/382","public_network_source":"Caltrans All Roads (ARNOLD/HPMS)","surface_source":"OpenStreetMap explicit surface tag","caltrans_match_coverage":1.0,"verified_length_m":8187},"geometry":{"type":"LineString","coordinates":[[-123.54074,41.48839],[-123.54103,41.48848],[-123.54144,41.48856],[-123.54161,41.48862],[-123.54172,41.48868],[-123.54216,41.48906],[-123.54263,41.4894],[-123.54267,41.48945],[-123.5427,41.48951],[-123.54272,41.48963],[-123.54269,41.48981],[-123.54264,41.48993],[-123.54254,41.49007],[-123.54251,41.49015],[-123.54246,41.49028],[-123.54244,41.49054],[-123.54249,41.49075],[-123.54254,41.49085],[-123.54273,41.49116],[-123.5428,41.49127],[-123.54283,41.49137],[-123.54283,41.49147],[-123.54282,41.49156],[-123.54281,41.49194],[-123.5428,41.49234],[-123.54285,41.49277],[-123.54288,41.49327],[-123.54287,41.49337],[-123.54286,41.49352],[-123.54279,41.49364],[-123.54272,41.49374],[-123.54265,41.4938],[-123.54253,41.49389],[-123.54213,41.49407],[-123.54199,41.49411],[-123.5418,41.49411],[-123.54163,41.4941],[-123.54153,41.49409],[-123.54144,41.49409],[-123.54131,41.49411],[-123.54115,41.49414],[-123.54087,41.49423],[-123.54042,41.49448],[-123.54012,41.4947],[-123.53992,41.49484],[-123.5395,41.49514],[-123.53939,41.49526],[-123.53931,41.49536],[-123.53926,41.49558],[-123.53925,41.49583],[-123.53932,41.49612],[-123.53933,41.49624],[-123.53931,41.49637],[-123.53927,41.49646],[-123.53922,41.49654],[-123.53914,41.49663],[-123.53904,41.49673],[-123.5389,41.49684],[-123.53816,41.49722],[-123.53773,41.49744],[-123.53759,41.49751],[-123.5374,41.49764],[-123.53729,41.49774],[-123.53712,41.49794],[-123.5369,41.49824],[-123.53669,41.49855],[-123.53643,41.49907],[-123.53623,41.49946],[-123.53619,41.49962],[-123.53619,41.49972],[-123.53621,41.49989],[-123.53633,41.50024],[-123.53638,41.50036],[-123.53644,41.50044],[-123.53659,41.50062],[-123.53663,41.5007],[-123.53664,41.50077],[-123.53664,41.50085],[-123.53662,41.50093],[-123.53657,41.50101],[-123.53651,41.50107],[-123.53647,41.5011],[-123.53633,41.50117],[-123.53612,41.5012],[-123.53592,41.50122],[-123.53579,41.50124],[-123.53571,41.50126],[-123.53564,41.5013],[-123.53551,41.50138],[-123.53546,41.50143],[-123.53541,41.50149],[-123.53534,41.5016],[-123.53533,41.50172],[-123.53529,41.5021],[-123.53525,41.50221],[-123.5352,41.5025],[-123.53527,41.50287],[-123.53532,41.5031],[-123.53532,41.50321],[-123.53531,41.5033],[-123.53513,41.50371],[-123.53509,41.50387],[-123.53508,41.50395],[-123.53511,41.50403],[-123.53515,41.5041],[-123.53521,41.50417],[-123.53529,41.50422],[-123.53538,41.50426],[-123.53567,41.50435],[-123.5362,41.50456],[-123.53658,41.5047],[-123.53681,41.50479],[-123.53691,41.50485],[-123.53699,41.50495],[-123.53703,41.50503],[-123.53705,41.50513],[-123.53705,41.50524],[-123.53701,41.50531],[-123.53699,41.50537],[-123.53681,41.5057],[-123.53654,41.5062],[-123.53647,41.50634],[-123.53645,41.50645],[-123.53645,41.50653],[-123.53649,41.5066],[-123.53655,41.50668],[-123.53662,41.50673],[-123.53669,41.50676],[-123.53683,41.50678],[-123.53694,41.50679],[-123.53705,41.50679],[-123.53724,41.50676],[-123.53742,41.5067],[-123.53761,41.50665],[-123.53772,41.50664],[-123.53777,41.50664],[-123.53786,41.50663],[-123.53795,41.50664],[-123.53806,41.50668],[-123.53816,41.50673],[-123.53825,41.5068],[-123.5383,41.50686],[-123.53832,41.50692],[-123.53828,41.50709],[-123.53822,41.50726],[-123.53821,41.50733],[-123.53821,41.50746],[-123.53823,41.50759],[-123.53828,41.50769],[-123.53834,41.50777],[-123.53844,41.50786],[-123.53852,41.50791],[-123.53867,41.50797],[-123.53883,41.50803],[-123.53915,41.50811],[-123.53946,41.50815],[-123.53957,41.50814],[-123.53975,41.50813],[-123.53985,41.50812],[-123.53993,41.50813],[-123.54023,41.5082],[-123.54055,41.50832],[-123.54099,41.50842],[-123.54111,41.50846],[-123.5412,41.50851],[-123.54127,41.50857],[-123.54135,41.50867],[-123.54139,41.50876],[-123.54139,41.50884],[-123.54137,41.50894],[-123.54132,41.50917],[-123.54131,41.50926],[-123.54129,41.50936],[-123.5413,41.50953],[-123.54137,41.50972],[-123.54144,41.50986],[-123.5416,41.51004],[-123.54189,41.5103],[-123.54234,41.51086],[-123.54245,41.51095],[-123.54261,41.51107],[-123.54284,41.51122],[-123.54318,41.51143],[-123.54342,41.51153],[-123.54368,41.5116],[-123.54443,41.51177],[-123.5447,41.51188],[-123.5449,41.51198],[-123.54496,41.51205],[-123.5451,41.51222],[-123.5453,41.51243],[-123.54544,41.51254],[-123.54562,41.51263],[-123.54568,41.51264],[-123.54581,41.51267],[-123.54603,41.51271],[-123.54621,41.51271],[-123.5463,41.5127],[-123.54645,41.51269],[-123.54695,41.51246],[-123.54731,41.51226],[-123.54741,41.51222],[-123.54777,41.51213],[-123.54785,41.51209],[-123.54797,41.51203],[-123.54815,41.51192],[-123.54834,41.5118],[-123.54853,41.51172],[-123.54877,41.51167],[-123.5489,41.51166],[-123.549,41.51166],[-123.54914,41.51168],[-123.54948,41.51178],[-123.54979,41.51186],[-123.55036,41.51194],[-123.55079,41.51198],[-123.55126,41.51197],[-123.55156,41.51194],[-123.55184,41.51191],[-123.55198,41.51191],[-123.55209,41.51195],[-123.55217,41.51202],[-123.55224,41.5121],[-123.55229,41.5122],[-123.55231,41.51231],[-123.55229,41.51241],[-123.55225,41.5125],[-123.55216,41.51258],[-123.55207,41.51263],[-123.55195,41.51268],[-123.5518,41.51272],[-123.5515,41.51276],[-123.55121,41.51279],[-123.55071,41.51283],[-123.55034,41.51284],[-123.55011,41.51283],[-123.54985,41.51282],[-123.54968,41.51281],[-123.54955,41.5128],[-123.54934,41.51286],[-123.54899,41.51298],[-123.5487,41.51311],[-123.54843,41.51331],[-123.5482,41.51348],[-123.54811,41.51353],[-123.54802,41.51356],[-123.54792,41.51359],[-123.54777,41.51361],[-123.5475,41.51364],[-123.54735,41.51364],[-123.54719,41.51366],[-123.54705,41.51367],[-123.54692,41.51369],[-123.54681,41.51372],[-123.54666,41.51376],[-123.54653,41.51382],[-123.54603,41.51408],[-123.54584,41.51417],[-123.54566,41.51424],[-123.54548,41.51428],[-123.54525,41.51432],[-123.54515,41.51433],[-123.54505,41.51437],[-123.54493,41.51447],[-123.54485,41.51456],[-123.54481,41.51465],[-123.54477,41.51472],[-123.54473,41.51478],[-123.54466,41.51481],[-123.54459,41.51483],[-123.54452,41.51483],[-123.54444,41.51481],[-123.54434,41.51475],[-123.54403,41.51448],[-123.54396,41.5144],[-123.54389,41.51426],[-123.54384,41.51403],[-123.5438,41.51392],[-123.54375,41.51382],[-123.54369,41.51373],[-123.54355,41.51357],[-123.54335,41.51335],[-123.54324,41.51327],[-123.54316,41.51322],[-123.54308,41.51319],[-123.54296,41.51315],[-123.54283,41.51313],[-123.54272,41.51314],[-123.5426,41.51315],[-123.54248,41.51319],[-123.54231,41.51325],[-123.54186,41.51347],[-123.54156,41.51366],[-123.54145,41.51377],[-123.54136,41.51389],[-123.5412,41.51418],[-123.54096,41.5145],[-123.54061,41.51484],[-123.54043,41.51494],[-123.54025,41.51503],[-123.54005,41.51511],[-123.53988,41.51516],[-123.53968,41.51523],[-123.53955,41.51528],[-123.5394,41.51537],[-123.53929,41.51547],[-123.53924,41.51552],[-123.53919,41.51556],[-123.53911,41.51561],[-123.53894,41.51566],[-123.53883,41.5157],[-123.53875,41.51574],[-123.53869,41.51581],[-123.53861,41.51591],[-123.53852,41.51605],[-123.53808,41.51706],[-123.53799,41.51722],[-123.53792,41.51732],[-123.53757,41.51769],[-123.5375,41.51781],[-123.53747,41.51789],[-123.53745,41.51803],[-123.53746,41.51815],[-123.53744,41.5183],[-123.53737,41.51849],[-123.53723,41.51891],[-123.53721,41.51907],[-123.53721,41.51956],[-123.53719,41.5197],[-123.53715,41.51983],[-123.53707,41.51998],[-123.53686,41.52023],[-123.5368,41.52034],[-123.53674,41.52047],[-123.53668,41.52065],[-123.53657,41.5213],[-123.53656,41.52148],[-123.53657,41.52158],[-123.5366,41.52168],[-123.53673,41.52202],[-123.53674,41.52213],[-123.53673,41.52225],[-123.5367,41.52231],[-123.53651,41.52264],[-123.53616,41.52329],[-123.53613,41.52339],[-123.5361,41.52357],[-123.53606,41.52395],[-123.53602,41.5241],[-123.53581,41.52461],[-123.53571,41.52482],[-123.53562,41.52495],[-123.53551,41.52508],[-123.5352,41.52536],[-123.53512,41.5255],[-123.53485,41.52622],[-123.53484,41.52632],[-123.53485,41.5264],[-123.53499,41.52667],[-123.53505,41.52681],[-123.53504,41.52694],[-123.53501,41.52701],[-123.53499,41.52707],[-123.53491,41.52712],[-123.53484,41.52718],[-123.53469,41.52725],[-123.53453,41.52727],[-123.53435,41.52731],[-123.53406,41.52733],[-123.53369,41.52741],[-123.53352,41.52747],[-123.53338,41.52753],[-123.53329,41.52757],[-123.53313,41.52768],[-123.53298,41.52781],[-123.53289,41.52794],[-123.53283,41.52811],[-123.53282,41.5282],[-123.53285,41.52836],[-123.53291,41.52846],[-123.53296,41.52856],[-123.53316,41.52882],[-123.53318,41.52886],[-123.5332,41.52896],[-123.5332,41.52906],[-123.53319,41.52911],[-123.53315,41.5292],[-123.53305,41.5294],[-123.53301,41.52951],[-123.53298,41.52963],[-123.53297,41.52975],[-123.53299,41.53014],[-123.53296,41.53048],[-123.53294,41.53055],[-123.53289,41.53065],[-123.5326,41.53124],[-123.53255,41.53136],[-123.53251,41.5315],[-123.53248,41.53174],[-123.5325,41.53195],[-123.53252,41.53262],[-123.53255,41.53282],[-123.53261,41.53304],[-123.53265,41.53312],[-123.53271,41.53318],[-123.53279,41.53325],[-123.53298,41.53335],[-123.5332,41.53343],[-123.53331,41.53345],[-123.53343,41.53347],[-123.53367,41.53347],[-123.53379,41.53346],[-123.53403,41.5334],[-123.53411,41.53337],[-123.53428,41.53326],[-123.53439,41.53322],[-123.53445,41.5332],[-123.53455,41.53317],[-123.53467,41.53317],[-123.5348,41.53318],[-123.53494,41.5332],[-123.53507,41.53326],[-123.53516,41.53334]]}},{"type":"Feature","properties":{"name":"Laird Meadow Road","road_class":"unclassified","surface":"gravel","source":"Caltrans All Roads + OpenStreetMap explicit surface","source_detail":"osm way 10253110; Caltrans All Roads public-network geometry match","source_tile":"160/382","public_network_source":"Caltrans All Roads (ARNOLD/HPMS)","surface_source":"OpenStreetMap explicit surface tag","caltrans_match_coverage":1.0,"verified_length_m":11391},"geometry":{"type":"LineString","coordinates":[[-123.75403,41.39066],[-123.75379,41.39071],[-123.7533,41.3909],[-123.75279,41.39115],[-123.75245,41.39125],[-123.75193,41.39152],[-123.75185,41.39154],[-123.75146,41.3915],[-123.75113,41.3915],[-123.75107,41.39152],[-123.75074,41.39173],[-123.75053,41.39185],[-123.75039,41.39195],[-123.7503,41.39203],[-123.75024,41.39211],[-123.75015,41.39234],[-123.75008,41.39256],[-123.74998,41.39276],[-123.74992,41.39284],[-123.74979,41.39296],[-123.74965,41.39303],[-123.74939,41.39311],[-123.74902,41.39331],[-123.74885,41.39339],[-123.74876,41.39343],[-123.74845,41.3935],[-123.74837,41.3935],[-123.74822,41.39349],[-123.748,41.39346],[-123.74793,41.39347],[-123.74752,41.39361],[-123.74736,41.3937],[-123.74719,41.3938],[-123.7471,41.39388],[-123.74701,41.39397],[-123.74695,41.39409],[-123.74689,41.39426],[-123.74682,41.39464],[-123.74681,41.39477],[-123.74685,41.39497],[-123.74689,41.39506],[-123.74689,41.39515],[-123.74685,41.39524],[-123.74673,41.39532],[-123.74665,41.39535],[-123.74635,41.39537],[-123.74621,41.39541],[-123.74617,41.39544],[-123.74614,41.39548],[-123.7461,41.39558],[-123.74603,41.39569],[-123.74597,41.39575],[-123.74587,41.39578],[-123.74573,41.39577],[-123.74557,41.39571],[-123.7453,41.3956],[-123.74518,41.39552],[-123.74504,41.39535],[-123.74498,41.39531],[-123.74494,41.39529],[-123.74487,41.39527],[-123.74477,41.39527],[-123.74468,41.39529],[-123.74463,41.39534],[-123.7446,41.39541],[-123.7446,41.39548],[-123.74467,41.39571],[-123.74465,41.39578],[-123.7446,41.39583],[-123.74452,41.39585],[-123.74443,41.39585],[-123.74435,41.39583],[-123.74411,41.39567],[-123.74406,41.39565],[-123.74395,41.39565],[-123.74389,41.39566],[-123.74383,41.39569],[-123.7437,41.3958],[-123.74363,41.39589],[-123.74356,41.39604],[-123.74351,41.39618],[-123.74352,41.39631],[-123.74354,41.39636],[-123.74355,41.3965],[-123.74353,41.39657],[-123.74349,41.39662],[-123.74341,41.39665],[-123.74335,41.39666],[-123.743,41.39663],[-123.74288,41.39664],[-123.74281,41.39667],[-123.74275,41.3967],[-123.74272,41.39675],[-123.74276,41.39681],[-123.74281,41.39687],[-123.74287,41.39698],[-123.74292,41.39711],[-123.74292,41.39727],[-123.74291,41.3974],[-123.74279,41.39758],[-123.74256,41.3978],[-123.74246,41.39792],[-123.74238,41.39808],[-123.74231,41.39826],[-123.74224,41.39841],[-123.74219,41.39846],[-123.74215,41.39848],[-123.74211,41.3985],[-123.74206,41.39851],[-123.74197,41.3985],[-123.74189,41.39848],[-123.74155,41.39828],[-123.7415,41.39822],[-123.74149,41.39817],[-123.74148,41.39795],[-123.74142,41.39734],[-123.74133,41.39684],[-123.74127,41.39673],[-123.74113,41.39656],[-123.74099,41.39641],[-123.74079,41.39618],[-123.74068,41.39609],[-123.74064,41.39607],[-123.74058,41.39607],[-123.74052,41.39609],[-123.74048,41.39612],[-123.74044,41.39618],[-123.74039,41.39632],[-123.74036,41.39658],[-123.7403,41.39681],[-123.74027,41.39685],[-123.74022,41.3969],[-123.74012,41.39693],[-123.73988,41.39696],[-123.73977,41.39698],[-123.73965,41.39705],[-123.73955,41.39713],[-123.7395,41.39723],[-123.73948,41.39735],[-123.73948,41.39772],[-123.73946,41.39778],[-123.73942,41.39782],[-123.73936,41.39784],[-123.73928,41.39782],[-123.73922,41.39778],[-123.73916,41.39767],[-123.73914,41.3976],[-123.7391,41.39741],[-123.73913,41.39719],[-123.73915,41.39713],[-123.73919,41.39705],[-123.73939,41.39678],[-123.73958,41.39656],[-123.7396,41.39644],[-123.7396,41.39624],[-123.73964,41.39606],[-123.73967,41.39592],[-123.73968,41.39567],[-123.73971,41.39543],[-123.73983,41.39499],[-123.73984,41.39491],[-123.73983,41.39482],[-123.73978,41.39448],[-123.73976,41.39439],[-123.73973,41.39434],[-123.73959,41.39415],[-123.73953,41.394],[-123.7395,41.39385],[-123.73932,41.39367],[-123.73928,41.39359],[-123.7393,41.39348],[-123.73937,41.39322],[-123.73936,41.39314],[-123.73929,41.39298],[-123.73925,41.39279],[-123.73926,41.39265],[-123.7393,41.39247],[-123.73934,41.39235],[-123.73935,41.3922],[-123.73941,41.39209],[-123.73942,41.39198],[-123.7394,41.39191],[-123.73939,41.39175],[-123.73935,41.39168],[-123.73929,41.39162],[-123.73916,41.39151],[-123.73888,41.39141],[-123.73876,41.39129],[-123.73867,41.39114],[-123.73863,41.39108],[-123.73862,41.39105],[-123.73863,41.39094],[-123.73867,41.39074],[-123.73866,41.39061],[-123.73863,41.39049],[-123.73863,41.3904],[-123.73867,41.39017],[-123.73874,41.39003],[-123.73886,41.38983],[-123.73896,41.38971],[-123.73914,41.38958],[-123.73929,41.38941],[-123.73946,41.38916],[-123.73972,41.38862],[-123.74,41.38813],[-123.74002,41.38804],[-123.74001,41.388],[-123.73999,41.38795],[-123.73986,41.38786],[-123.73967,41.38774],[-123.73955,41.38764],[-123.73951,41.38759],[-123.7395,41.38751],[-123.73952,41.38743],[-123.73958,41.38734],[-123.73999,41.38695],[-123.74008,41.38684],[-123.74014,41.38672],[-123.74015,41.38667],[-123.74015,41.38651],[-123.74007,41.38611],[-123.73999,41.38581],[-123.73994,41.38569],[-123.73974,41.38523],[-123.7397,41.38511],[-123.73962,41.38494],[-123.73957,41.38486],[-123.73948,41.38475],[-123.73941,41.38469],[-123.73934,41.38464],[-123.73922,41.38459],[-123.73907,41.38457],[-123.7389,41.38456],[-123.73861,41.38459],[-123.73842,41.38464],[-123.73821,41.38474],[-123.73811,41.38479],[-123.73784,41.38499],[-123.73717,41.38556],[-123.73709,41.38564],[-123.73668,41.38626],[-123.73642,41.3866],[-123.73622,41.3868],[-123.7361,41.3869],[-123.736,41.38697],[-123.73587,41.38703],[-123.73543,41.3872],[-123.73531,41.38725],[-123.73519,41.38732],[-123.73509,41.3874],[-123.73497,41.38754],[-123.73494,41.38759],[-123.73496,41.38784],[-123.73494,41.388],[-123.73497,41.38811],[-123.73502,41.38819],[-123.73507,41.38825],[-123.73513,41.38836],[-123.73518,41.38851],[-123.73535,41.38888],[-123.73556,41.38928],[-123.73577,41.38976],[-123.73581,41.38989],[-123.73581,41.39],[-123.73575,41.39019],[-123.73571,41.3903],[-123.73566,41.3904],[-123.73559,41.3905],[-123.73512,41.391],[-123.73481,41.39138],[-123.73473,41.39149],[-123.73462,41.39171],[-123.73458,41.39184],[-123.73454,41.39206],[-123.73447,41.39226],[-123.73444,41.39231],[-123.73413,41.39267],[-123.73388,41.39302],[-123.73374,41.39322],[-123.73364,41.39346],[-123.73359,41.39354],[-123.73351,41.39362],[-123.73341,41.39367],[-123.73332,41.39369],[-123.73248,41.39371],[-123.73235,41.39369],[-123.7322,41.39364],[-123.73209,41.39358],[-123.73199,41.39349],[-123.73155,41.39301],[-123.73136,41.39285],[-123.73098,41.39261],[-123.73051,41.3924],[-123.73045,41.39234],[-123.73032,41.39214],[-123.73019,41.39187],[-123.73009,41.39153],[-123.73006,41.39138],[-123.73008,41.3913],[-123.73015,41.39117],[-123.73025,41.391],[-123.7303,41.39089],[-123.73031,41.39082],[-123.73028,41.39072],[-123.73023,41.39061],[-123.73019,41.39055],[-123.73011,41.39048],[-123.73005,41.39044],[-123.72976,41.39032],[-123.72965,41.39027],[-123.72955,41.3902],[-123.72926,41.38989],[-123.7292,41.38979],[-123.72919,41.38966],[-123.72913,41.38954],[-123.72912,41.38936],[-123.72914,41.38925],[-123.72929,41.38897],[-123.72931,41.38892],[-123.72931,41.38887],[-123.72928,41.38876],[-123.72921,41.38866],[-123.72882,41.3882],[-123.7287,41.388],[-123.7286,41.38781],[-123.72857,41.38771],[-123.72856,41.38757],[-123.72858,41.38726],[-123.72857,41.38718],[-123.72854,41.3871],[-123.72845,41.38695],[-123.72823,41.38661],[-123.72796,41.38633],[-123.72756,41.3858],[-123.72749,41.38572],[-123.72746,41.38563],[-123.72746,41.38552],[-123.72756,41.38536],[-123.72773,41.38518],[-123.72782,41.38509],[-123.72794,41.385],[-123.72796,41.38497],[-123.728,41.38486],[-123.72801,41.38476],[-123.72797,41.38469],[-123.7279,41.38463],[-123.72784,41.3846],[-123.72772,41.38455],[-123.72762,41.38452],[-123.72746,41.38451],[-123.7274,41.38452],[-123.72729,41.38458],[-123.72726,41.38461],[-123.72721,41.38467],[-123.72719,41.38473],[-123.72717,41.38498],[-123.72717,41.3851],[-123.72716,41.38515],[-123.72699,41.38541],[-123.72692,41.38566],[-123.7269,41.38578],[-123.7269,41.38598],[-123.72699,41.38632],[-123.72713,41.38652],[-123.72723,41.38665],[-123.72727,41.38677],[-123.72731,41.38693],[-123.7273,41.38707],[-123.72725,41.38738],[-123.72721,41.38764],[-123.72717,41.38773],[-123.7271,41.38777],[-123.7269,41.38784],[-123.7261,41.38803],[-123.72598,41.38807],[-123.72574,41.38819],[-123.72552,41.38835],[-123.7254,41.38844],[-123.72526,41.3886],[-123.72521,41.3887],[-123.72519,41.3888],[-123.72517,41.38909],[-123.72521,41.3896],[-123.72527,41.39005],[-123.72533,41.39027],[-123.72537,41.39034],[-123.7255,41.39049],[-123.72572,41.39091],[-123.72576,41.39104],[-123.72574,41.39116],[-123.72561,41.39139],[-123.72554,41.39153],[-123.72548,41.39177],[-123.7254,41.39231],[-123.72543,41.39249],[-123.72545,41.39258],[-123.72548,41.39266],[-123.72575,41.39304],[-123.72577,41.39309],[-123.72578,41.39318],[-123.72575,41.39327],[-123.72568,41.39335],[-123.72557,41.39341],[-123.7254,41.39349],[-123.72534,41.39354],[-123.72522,41.39366],[-123.72517,41.3938],[-123.72514,41.39395],[-123.72511,41.39402],[-123.72506,41.39411],[-123.72498,41.3942],[-123.72488,41.3943],[-123.72479,41.39437],[-123.72468,41.39443],[-123.72449,41.39449],[-123.72431,41.39452],[-123.72416,41.39456],[-123.72399,41.39464],[-123.72386,41.39472],[-123.72375,41.39486],[-123.72367,41.39499],[-123.72352,41.39531],[-123.72345,41.39549],[-123.7233,41.39574],[-123.72316,41.39595],[-123.72299,41.39616],[-123.7227,41.39647],[-123.72252,41.39663],[-123.72241,41.39668],[-123.7223,41.39671],[-123.72204,41.39674],[-123.72185,41.39678],[-123.72129,41.39681],[-123.72015,41.3969],[-123.71976,41.3969],[-123.71954,41.39687],[-123.71929,41.39682],[-123.71912,41.3968],[-123.71888,41.39673],[-123.71832,41.39653],[-123.71818,41.3965],[-123.71812,41.39649],[-123.71805,41.3965],[-123.71797,41.39651],[-123.71787,41.39655],[-123.7178,41.3966],[-123.71775,41.39671],[-123.71773,41.39679],[-123.71774,41.39685],[-123.71782,41.39694],[-123.71816,41.39711],[-123.7184,41.3973],[-123.71859,41.39749],[-123.71882,41.39767],[-123.71897,41.39777],[-123.71954,41.39799],[-123.71962,41.39806],[-123.7197,41.39814],[-123.71976,41.39823],[-123.71993,41.39859],[-123.72,41.39874],[-123.72009,41.39893],[-123.72024,41.39918],[-123.72029,41.39939],[-123.7203,41.3995],[-123.72029,41.39959],[-123.72028,41.39967],[-123.72022,41.39981],[-123.72014,41.39992],[-123.7201,41.40008],[-123.72011,41.40027],[-123.72018,41.40058],[-123.72022,41.4007],[-123.72027,41.40078],[-123.72038,41.40091],[-123.72052,41.40103],[-123.7208,41.40127],[-123.72089,41.40137],[-123.72093,41.40147],[-123.72106,41.40198],[-123.72115,41.4022],[-123.72128,41.40247],[-123.72139,41.40261],[-123.72152,41.40273],[-123.72165,41.40283],[-123.72215,41.40312],[-123.7222,41.40316],[-123.72223,41.4032],[-123.72225,41.40325],[-123.72227,41.40337],[-123.72227,41.40344],[-123.72225,41.40351],[-123.72221,41.40357],[-123.72213,41.40363],[-123.72208,41.40365],[-123.72202,41.40367],[-123.72196,41.40367],[-123.72175,41.40364],[-123.72148,41.40366],[-123.72118,41.40366],[-123.72104,41.40369],[-123.7209,41.40373],[-123.72066,41.40382],[-123.72051,41.40389],[-123.72022,41.40405],[-123.71974,41.40424],[-123.71961,41.40428],[-123.7195,41.4043],[-123.71935,41.40432],[-123.71903,41.40434],[-123.71848,41.40436],[-123.71831,41.40435],[-123.7175,41.40426],[-123.71709,41.40423],[-123.71694,41.4042],[-123.71648,41.40406],[-123.71635,41.40403],[-123.71622,41.40403],[-123.71606,41.40404],[-123.71594,41.40408],[-123.71581,41.40416],[-123.71569,41.40428],[-123.71562,41.4044],[-123.7155,41.40482],[-123.71555,41.4052],[-123.71557,41.4053],[-123.71559,41.40553],[-123.71563,41.40561],[-123.71568,41.40566],[-123.71574,41.4058],[-123.71584,41.40595],[-123.71594,41.40603],[-123.71599,41.40609],[-123.71605,41.40627],[-123.71612,41.40651],[-123.7162,41.40678],[-123.71625,41.40697],[-123.71623,41.4072],[-123.71628,41.40745],[-123.71632,41.40767],[-123.7164,41.40783],[-123.7165,41.40794],[-123.71667,41.40817],[-123.7168,41.40835],[-123.71685,41.40853],[-123.71692,41.40869],[-123.71696,41.40885],[-123.71707,41.40898],[-123.71739,41.40915],[-123.71745,41.40917],[-123.7175,41.40919],[-123.71765,41.40918],[-123.71771,41.40917],[-123.71779,41.40914],[-123.71805,41.40899],[-123.71823,41.40893],[-123.71836,41.40891],[-123.71852,41.40889],[-123.71882,41.40888],[-123.71913,41.40896],[-123.71929,41.40897],[-123.71972,41.40894],[-123.71987,41.40896],[-123.72014,41.409],[-123.72028,41.40905],[-123.72046,41.40917],[-123.72071,41.40934],[-123.72091,41.40952],[-123.72108,41.40974],[-123.72116,41.40993],[-123.72134,41.41029],[-123.72139,41.4105],[-123.72172,41.41093],[-123.72183,41.41118],[-123.72211,41.4117],[-123.72224,41.41193],[-123.72237,41.4122],[-123.72245,41.41245],[-123.72254,41.41274],[-123.72264,41.41291],[-123.72272,41.41299],[-123.72275,41.41311],[-123.72277,41.41353],[-123.7228,41.41361],[-123.72282,41.4138],[-123.72283,41.41405],[-123.7228,41.41421],[-123.72267,41.41449]]}},{"type":"Feature","properties":{"name":"Onion Lake Road","road_class":"track","surface":"gravel","source":"Caltrans All Roads + OpenStreetMap explicit surface","source_detail":"osm way 10258499; Caltrans All Roads public-network geometry match","source_tile":"160/382","public_network_source":"Caltrans All Roads (ARNOLD/HPMS)","surface_source":"OpenStreetMap explicit surface tag","caltrans_match_coverage":1.0,"verified_length_m":671},"geometry":{"type":"LineString","coordinates":[[-123.75266,41.37581],[-123.7526,41.37587],[-123.75252,41.376],[-123.75242,41.37617],[-123.75232,41.37632],[-123.75211,41.37666],[-123.75205,41.37672],[-123.75196,41.37676],[-123.75186,41.37678],[-123.75132,41.37679],[-123.75109,41.3768],[-123.75083,41.37683],[-123.75075,41.37687],[-123.75051,41.37709],[-123.75034,41.37731],[-123.75026,41.3774],[-123.7502,41.3775],[-123.75017,41.37759],[-123.75012,41.37765],[-123.75004,41.3777],[-123.74995,41.37772],[-123.74984,41.37772],[-123.74956,41.37769],[-123.74942,41.3777],[-123.7493,41.37773],[-123.74901,41.37784],[-123.74889,41.37785],[-123.74876,41.37784],[-123.74856,41.37776],[-123.74842,41.37774],[-123.74827,41.37774],[-123.74816,41.37776],[-123.74804,41.3778],[-123.74773,41.37798],[-123.74767,41.37803],[-123.74765,41.37812],[-123.74761,41.37836],[-123.74756,41.37846],[-123.74746,41.37855],[-123.7474,41.37858],[-123.74736,41.37863],[-123.74734,41.3787],[-123.74733,41.3788],[-123.74737,41.37895],[-123.74738,41.37905]]}},{"type":"Feature","properties":{"name":"Camp Three Road","road_class":"unclassified","surface":"compacted","source":"Caltrans All Roads + OpenStreetMap explicit surface","source_detail":"osm way 10610203; Caltrans All Roads public-network geometry match","source_tile":"160/382","public_network_source":"Caltrans All Roads (ARNOLD/HPMS)","surface_source":"OpenStreetMap explicit surface tag","caltrans_match_coverage":1.0,"verified_length_m":2416},"geometry":{"type":"LineString","coordinates":[[-123.44192,41.49963],[-123.44214,41.49972],[-123.44236,41.49981],[-123.44254,41.49992],[-123.44266,41.50002],[-123.44276,41.50015],[-123.44285,41.5003],[-123.44291,41.50051],[-123.44285,41.50069],[-123.44265,41.50083],[-123.44241,41.50084],[-123.44198,41.50078],[-123.44162,41.50073],[-123.44141,41.50066],[-123.44113,41.50056],[-123.44053,41.50042],[-123.4402,41.50035],[-123.44005,41.50024],[-123.43988,41.50007],[-123.43963,41.50004],[-123.43941,41.50014],[-123.43934,41.50028],[-123.43957,41.50065],[-123.43971,41.50087],[-123.44002,41.50125],[-123.4401,41.5015],[-123.44019,41.50188],[-123.44024,41.50215],[-123.44047,41.50257],[-123.44053,41.50271],[-123.44061,41.50286],[-123.44068,41.503],[-123.44072,41.50316],[-123.44074,41.50334],[-123.44068,41.50358],[-123.44061,41.50369],[-123.44046,41.50385],[-123.44044,41.50393],[-123.44054,41.50415],[-123.44072,41.5044],[-123.44089,41.50464],[-123.44104,41.50489],[-123.4411,41.50507],[-123.44115,41.50525],[-123.44115,41.50545],[-123.4411,41.50563],[-123.44098,41.50574],[-123.44079,41.50578],[-123.4402,41.5058],[-123.43949,41.5059],[-123.43921,41.5059],[-123.43884,41.50588],[-123.43871,41.50592],[-123.43842,41.50605],[-123.43825,41.50614],[-123.4381,41.50622],[-123.438,41.50626],[-123.43786,41.50631],[-123.43772,41.50642],[-123.43771,41.50649],[-123.43778,41.5066],[-123.43813,41.50681],[-123.43815,41.50704],[-123.43825,41.50718],[-123.43833,41.50726],[-123.43841,41.50733],[-123.43858,41.50742],[-123.43875,41.50751],[-123.43922,41.50769],[-123.43938,41.50781],[-123.43952,41.50791],[-123.43964,41.5081],[-123.43976,41.50838],[-123.43981,41.50852],[-123.43986,41.50883],[-123.43986,41.50915],[-123.43982,41.5094],[-123.43972,41.50965],[-123.43963,41.50987],[-123.43938,41.51017],[-123.43933,41.51032],[-123.43937,41.5105],[-123.43944,41.51071],[-123.43945,41.51088],[-123.43937,41.511],[-123.43925,41.51109],[-123.43913,41.51113],[-123.43899,41.51112],[-123.4387,41.51103],[-123.43852,41.51093],[-123.43827,41.51091],[-123.43807,41.51093],[-123.43786,41.51094],[-123.43769,41.51102],[-123.43759,41.51115],[-123.43743,41.51136],[-123.43721,41.51153],[-123.43709,41.51166],[-123.43707,41.51179],[-123.43704,41.51189],[-123.43691,41.51194],[-123.43679,41.51194],[-123.43655,41.51183],[-123.4363,41.51184],[-123.43605,41.51193],[-123.4358,41.51195],[-123.43565,41.51196]]}},{"type":"Feature","properties":{"name":"Mosquito Lake Road Spur A","road_class":"track","surface":"gravel","source":"Caltrans All Roads + OpenStreetMap explicit surface","source_detail":"osm way 10249447; Caltrans All Roads public-network geometry match","source_tile":"160/382","public_network_source":"Caltrans All Roads (ARNOLD/HPMS)","surface_source":"OpenStreetMap explicit surface tag","caltrans_match_coverage":1.0,"verified_length_m":541},"geometry":{"type":"LineString","coordinates":[[-123.67898,41.36795],[-123.67877,41.36801],[-123.67846,41.36809],[-123.67809,41.36827],[-123.67796,41.36832],[-123.67782,41.36834],[-123.67769,41.36834],[-123.67735,41.36829],[-123.67714,41.3683],[-123.67686,41.36838],[-123.67656,41.3684],[-123.6763,41.36847],[-123.67588,41.36857],[-123.67578,41.36864],[-123.67569,41.36876],[-123.67561,41.36885],[-123.67553,41.36896],[-123.67532,41.36913],[-123.67522,41.36925],[-123.67493,41.36957],[-123.67483,41.36975],[-123.67479,41.36988],[-123.67478,41.36995],[-123.6748,41.37013],[-123.67484,41.37045],[-123.67482,41.37062],[-123.67482,41.37072]]}},{"type":"Feature","properties":{"name":"Rock Prairie Road Spur P","road_class":"track","surface":"gravel","source":"Caltrans All Roads + OpenStreetMap explicit surface","source_detail":"osm way 10249479; Caltrans All Roads public-network geometry match","source_tile":"160/382","public_network_source":"Caltrans All Roads (ARNOLD/HPMS)","surface_source":"OpenStreetMap explicit surface tag","caltrans_match_coverage":0.955,"verified_length_m":915},"geometry":{"type":"LineString","coordinates":[[-123.70242,41.35295],[-123.70266,41.35297],[-123.70289,41.35302],[-123.70311,41.35311],[-123.70333,41.35316],[-123.70356,41.35324],[-123.70373,41.35333],[-123.70388,41.35343],[-123.70406,41.35359],[-123.70423,41.3538],[-123.70434,41.35395],[-123.70443,41.35419],[-123.70465,41.35443],[-123.70503,41.35496],[-123.70536,41.35553],[-123.70549,41.35572],[-123.70556,41.35576],[-123.70564,41.35578],[-123.70574,41.35578],[-123.70595,41.35571],[-123.70607,41.35569],[-123.70624,41.35569],[-123.70679,41.35588],[-123.70741,41.35616],[-123.70762,41.35622],[-123.7079,41.35627],[-123.708,41.3563],[-123.70814,41.35639],[-123.70821,41.35646],[-123.70829,41.35658],[-123.70836,41.35665],[-123.70846,41.35674],[-123.70867,41.35687],[-123.70883,41.35694],[-123.70901,41.35699],[-123.70919,41.35707],[-123.70932,41.35716],[-123.70951,41.3574],[-123.70958,41.35745],[-123.70971,41.35747],[-123.71003,41.35746],[-123.71024,41.35742],[-123.71044,41.35736]]}},{"type":"Feature","properties":{"name":"Mud Road","road_class":"track","surface":"gravel","source":"Caltrans All Roads + OpenStreetMap explicit surface","source_detail":"osm way 10249980; Caltrans All Roads public-network geometry match","source_tile":"160/382","public_network_source":"Caltrans All Roads (ARNOLD/HPMS)","surface_source":"OpenStreetMap explicit surface tag","caltrans_match_coverage":1.0,"verified_length_m":4829},"geometry":{"type":"LineString","coordinates":[[-123.53204,41.35644],[-123.53186,41.35636],[-123.53157,41.35632],[-123.53134,41.35622],[-123.53116,41.35602],[-123.53099,41.35581],[-123.53095,41.35578],[-123.5307,41.35571],[-123.53054,41.35567],[-123.53042,41.35561],[-123.53023,41.35545],[-123.53019,41.35538],[-123.53017,41.35519],[-123.53014,41.35512],[-123.5301,41.35509],[-123.52999,41.35504],[-123.52973,41.35497],[-123.52948,41.35487],[-123.52925,41.35477],[-123.52909,41.3547],[-123.52879,41.35461],[-123.52855,41.35455],[-123.52841,41.35449],[-123.5283,41.35441],[-123.5282,41.35431],[-123.52811,41.35414],[-123.52806,41.35404],[-123.52802,41.35401],[-123.5279,41.35397],[-123.5278,41.35397],[-123.52769,41.35397],[-123.5275,41.35401],[-123.52727,41.35411],[-123.52692,41.3543],[-123.52678,41.35434],[-123.52662,41.35435],[-123.52637,41.35434],[-123.52591,41.35431],[-123.52529,41.3543],[-123.52523,41.35431],[-123.52515,41.35435],[-123.52507,41.35444],[-123.52503,41.35455],[-123.52504,41.35465],[-123.52509,41.35476],[-123.5252,41.35495],[-123.52531,41.35507],[-123.52559,41.3553],[-123.52576,41.35547],[-123.52582,41.35559],[-123.52583,41.35567],[-123.52581,41.35576],[-123.52575,41.35587],[-123.52558,41.35603],[-123.52546,41.35609],[-123.52531,41.35613],[-123.52499,41.35617],[-123.5249,41.35618],[-123.52467,41.35622],[-123.5246,41.35624],[-123.52451,41.3563],[-123.52444,41.35637],[-123.52438,41.35646],[-123.52436,41.35655],[-123.52436,41.35664],[-123.52438,41.35673],[-123.52442,41.35679],[-123.52444,41.35683],[-123.52454,41.35693],[-123.52504,41.35732],[-123.5251,41.3574],[-123.52513,41.35747],[-123.52512,41.35754],[-123.52509,41.35761],[-123.52497,41.35771],[-123.52459,41.35796],[-123.52454,41.35801],[-123.52451,41.35806],[-123.52447,41.35823],[-123.52438,41.35838],[-123.52408,41.35864],[-123.52384,41.35883],[-123.52348,41.35907],[-123.52342,41.35914],[-123.52339,41.35923],[-123.52339,41.35931],[-123.52344,41.3594],[-123.52355,41.35951],[-123.52393,41.35973],[-123.52411,41.35979],[-123.52462,41.35982],[-123.52495,41.35986],[-123.52505,41.35986],[-123.5252,41.35986],[-123.52547,41.35989],[-123.52588,41.35998],[-123.52624,41.36006],[-123.5265,41.36013],[-123.52661,41.3602],[-123.52668,41.36028],[-123.52671,41.36037],[-123.52671,41.3604],[-123.52665,41.36054],[-123.52657,41.36064],[-123.52645,41.36073],[-123.52631,41.36081],[-123.52576,41.36108],[-123.52568,41.36109],[-123.52526,41.36111],[-123.52487,41.36107],[-123.52439,41.36105],[-123.52419,41.36104],[-123.52402,41.36108],[-123.52386,41.36115],[-123.52374,41.36122],[-123.52364,41.36131],[-123.52352,41.36143],[-123.52327,41.3618],[-123.52298,41.36204],[-123.52289,41.36214],[-123.52282,41.36226],[-123.5227,41.36271],[-123.52266,41.36278],[-123.52263,41.36288],[-123.52262,41.36313],[-123.52258,41.36326],[-123.5225,41.36339],[-123.52233,41.36358],[-123.52219,41.36379],[-123.52217,41.36388],[-123.52217,41.36397],[-123.52219,41.36406],[-123.52226,41.36414],[-123.52242,41.36422],[-123.5228,41.36439],[-123.52293,41.36447],[-123.52303,41.36458],[-123.52306,41.36466],[-123.52309,41.36474],[-123.52311,41.36483],[-123.52312,41.36492],[-123.52311,41.36501],[-123.52309,41.3651],[-123.52306,41.36518],[-123.52281,41.36561],[-123.52265,41.36595],[-123.52259,41.36614],[-123.52259,41.36628],[-123.52263,41.36635],[-123.52269,41.36641],[-123.52277,41.36645],[-123.52286,41.36647],[-123.52295,41.36646],[-123.52303,41.36645],[-123.52357,41.3663],[-123.52394,41.36616],[-123.52404,41.36615],[-123.52412,41.36617],[-123.5242,41.36621],[-123.52426,41.36628],[-123.52427,41.36636],[-123.52423,41.36644],[-123.52414,41.36654],[-123.52384,41.3668],[-123.52377,41.36691],[-123.52375,41.367],[-123.52377,41.36723],[-123.52381,41.36749],[-123.52386,41.36765],[-123.52392,41.36778],[-123.52408,41.36801],[-123.52412,41.36811],[-123.52413,41.36824],[-123.52409,41.36836],[-123.52385,41.36868],[-123.52367,41.369],[-123.52337,41.36937],[-123.52314,41.36968],[-123.52304,41.36986],[-123.52303,41.36993],[-123.52303,41.37002],[-123.52304,41.37009],[-123.52311,41.37013],[-123.52322,41.37016],[-123.52337,41.37016],[-123.52368,41.37015],[-123.52394,41.37015],[-123.52416,41.37017],[-123.52493,41.37028],[-123.5252,41.37029],[-123.52531,41.37036],[-123.52536,41.37042],[-123.52538,41.37049],[-123.52538,41.37054],[-123.52536,41.37061],[-123.52527,41.3707],[-123.52516,41.37076],[-123.52497,41.3708],[-123.52407,41.3708],[-123.52385,41.37084],[-123.52352,41.37094],[-123.52307,41.37113],[-123.52294,41.3712],[-123.52285,41.37128],[-123.52257,41.37179],[-123.52245,41.37204],[-123.5224,41.37222],[-123.52237,41.3724],[-123.52238,41.37253],[-123.52241,41.37264],[-123.52249,41.37275],[-123.52263,41.37287],[-123.52281,41.37297],[-123.52302,41.37308],[-123.52326,41.37318],[-123.52374,41.37332],[-123.52393,41.37335],[-123.52425,41.37339],[-123.52466,41.37342],[-123.52484,41.37339],[-123.5253,41.37327],[-123.52548,41.37323],[-123.5256,41.37324],[-123.52567,41.37328],[-123.52573,41.37333],[-123.52581,41.37342],[-123.52587,41.37354],[-123.52588,41.37368],[-123.52586,41.37381],[-123.52582,41.37392],[-123.52572,41.37405],[-123.52566,41.37423],[-123.52566,41.37437],[-123.5257,41.37454],[-123.52595,41.37475],[-123.52604,41.37485],[-123.52619,41.37517],[-123.52627,41.37525],[-123.52634,41.37529],[-123.5267,41.37546],[-123.52677,41.37552],[-123.52687,41.37572],[-123.52696,41.3759],[-123.52703,41.37598],[-123.52711,41.37604],[-123.52719,41.37607],[-123.52725,41.37608],[-123.52732,41.37607],[-123.52743,41.37599],[-123.52768,41.37576],[-123.52777,41.37571],[-123.52787,41.37568],[-123.52799,41.37569],[-123.52808,41.37573],[-123.52812,41.37578],[-123.52818,41.37589],[-123.52819,41.37601],[-123.52818,41.37612],[-123.52809,41.37633],[-123.52807,41.37642],[-123.52809,41.37651],[-123.52812,41.37659],[-123.52818,41.37667],[-123.52822,41.3767],[-123.52828,41.37673],[-123.52837,41.37674],[-123.52846,41.37673],[-123.52853,41.37671]]}},{"type":"Feature","properties":{"name":"Deer Lick Creek Road","road_class":"track","surface":"gravel","source":"Caltrans All Roads + OpenStreetMap explicit surface","source_detail":"osm way 10250002; Caltrans All Roads public-network geometry match","source_tile":"160/382","public_network_source":"Caltrans All Roads (ARNOLD/HPMS)","surface_source":"OpenStreetMap explicit surface tag","caltrans_match_coverage":0.971,"verified_length_m":6046},"geometry":{"type":"LineString","coordinates":[[-123.65512,41.38971],[-123.65524,41.38975],[-123.65541,41.38981],[-123.65552,41.38987],[-123.65561,41.38993],[-123.65581,41.39008],[-123.65595,41.3902],[-123.65604,41.39028],[-123.65615,41.39046],[-123.65627,41.3906],[-123.65649,41.39078],[-123.65664,41.39089],[-123.65679,41.39094],[-123.65691,41.39095],[-123.65704,41.39097],[-123.6571,41.39099],[-123.6572,41.39104],[-123.65727,41.3911],[-123.65731,41.39115],[-123.65733,41.39127],[-123.65729,41.39141],[-123.6572,41.39152],[-123.65704,41.39165],[-123.65683,41.39181],[-123.65661,41.39196],[-123.65645,41.39216],[-123.65636,41.39229],[-123.65628,41.39245],[-123.65611,41.39299],[-123.65609,41.39316],[-123.65608,41.39348],[-123.65611,41.39369],[-123.6562,41.39396],[-123.65625,41.39406],[-123.65634,41.39417],[-123.65653,41.39436],[-123.65682,41.39458],[-123.65703,41.39473],[-123.65719,41.39482],[-123.65786,41.39527],[-123.65815,41.39548],[-123.65824,41.39558],[-123.65831,41.39567],[-123.65843,41.39573],[-123.6589,41.3959],[-123.65918,41.39597],[-123.6594,41.39602],[-123.65975,41.39612],[-123.6603,41.39639],[-123.66047,41.3965],[-123.66063,41.39663],[-123.66086,41.39676],[-123.6611,41.39684],[-123.66136,41.39696],[-123.66141,41.39701],[-123.66152,41.39714],[-123.66159,41.39725],[-123.66167,41.39748],[-123.66167,41.39782],[-123.66171,41.39791],[-123.66184,41.3981],[-123.66192,41.39826],[-123.66196,41.39842],[-123.66202,41.39854],[-123.66211,41.39868],[-123.66224,41.39881],[-123.66248,41.39895],[-123.66269,41.39905],[-123.66287,41.3991],[-123.663,41.39912],[-123.66316,41.39912],[-123.66362,41.39912],[-123.66413,41.39908],[-123.66431,41.39909],[-123.66448,41.39917],[-123.66467,41.39925],[-123.6649,41.39927],[-123.66523,41.39938],[-123.66548,41.3994],[-123.66561,41.39944],[-123.66578,41.39953],[-123.66624,41.39979],[-123.66666,41.39998],[-123.66682,41.40004],[-123.66714,41.40014],[-123.66748,41.40019],[-123.66786,41.40032],[-123.66822,41.40044],[-123.66847,41.40051],[-123.66869,41.40054],[-123.66891,41.40058],[-123.6692,41.40061],[-123.66947,41.40063],[-123.66986,41.40071],[-123.67004,41.40075],[-123.67052,41.40093],[-123.67061,41.40101],[-123.67066,41.40106],[-123.67071,41.40115],[-123.67082,41.40127],[-123.67088,41.40136],[-123.67097,41.40142],[-123.67111,41.40149],[-123.67131,41.40154],[-123.67149,41.40154],[-123.67161,41.40157],[-123.67174,41.40167],[-123.67196,41.40181],[-123.67234,41.40194],[-123.67254,41.40197],[-123.67282,41.40197],[-123.67306,41.40201],[-123.67326,41.40209],[-123.67349,41.40224],[-123.67371,41.40232],[-123.67388,41.40238],[-123.67416,41.40246],[-123.67445,41.40256],[-123.67476,41.40269],[-123.67543,41.40292],[-123.67572,41.40306],[-123.67599,41.40321],[-123.67637,41.40348],[-123.6766,41.40363],[-123.67681,41.40369],[-123.67722,41.40381],[-123.67742,41.40384],[-123.67763,41.40386],[-123.67779,41.40388],[-123.67804,41.40391],[-123.67826,41.40394],[-123.67877,41.40396],[-123.67919,41.40408],[-123.67952,41.40412],[-123.67979,41.40417],[-123.68019,41.40432],[-123.68047,41.40442],[-123.68073,41.40459],[-123.68092,41.40467],[-123.68121,41.40474],[-123.68151,41.40486],[-123.68167,41.40498],[-123.68198,41.40521],[-123.68219,41.40542],[-123.68229,41.40549],[-123.68237,41.40551],[-123.68252,41.40552],[-123.68263,41.40551],[-123.68271,41.40548],[-123.68324,41.40522],[-123.68331,41.40518],[-123.68334,41.40513],[-123.68334,41.40509],[-123.68332,41.40502],[-123.68322,41.40494],[-123.68317,41.40487],[-123.68316,41.40479],[-123.68315,41.40472],[-123.68319,41.40468],[-123.68323,41.40466],[-123.68329,41.40465],[-123.6834,41.40469],[-123.68353,41.40472],[-123.68362,41.40475],[-123.68374,41.40478],[-123.68411,41.40488],[-123.68458,41.40508],[-123.68479,41.40524],[-123.685,41.40534],[-123.68519,41.4054],[-123.68536,41.40545],[-123.68558,41.40561],[-123.68575,41.40568],[-123.68588,41.40572],[-123.6861,41.40573],[-123.68636,41.40573],[-123.68659,41.40575],[-123.6873,41.40589],[-123.6874,41.4059],[-123.68757,41.40591],[-123.68783,41.40586],[-123.688,41.40585],[-123.68824,41.40591],[-123.68838,41.40597],[-123.68858,41.40608],[-123.68884,41.40628],[-123.68926,41.40669],[-123.68944,41.40686],[-123.68963,41.40704],[-123.68974,41.40711],[-123.68987,41.40717],[-123.69,41.40719],[-123.69053,41.4072],[-123.69089,41.40723],[-123.69107,41.40722],[-123.69127,41.4072],[-123.6914,41.4072],[-123.69153,41.40722],[-123.69177,41.40726],[-123.69185,41.40727],[-123.69194,41.40727],[-123.69224,41.40724],[-123.69236,41.40722],[-123.69262,41.40713],[-123.69288,41.40702],[-123.69302,41.40699],[-123.69312,41.40698],[-123.69367,41.40701],[-123.69442,41.40703],[-123.69464,41.40708],[-123.69516,41.40724],[-123.69527,41.40726],[-123.69589,41.40733],[-123.69613,41.40739],[-123.69626,41.4074],[-123.69648,41.40741],[-123.69668,41.40742],[-123.69683,41.4074],[-123.69698,41.40735],[-123.69717,41.40723],[-123.69734,41.40713],[-123.69752,41.407],[-123.69787,41.40669],[-123.698,41.40661],[-123.69805,41.4066],[-123.6981,41.4066],[-123.69815,41.40661],[-123.69829,41.40667],[-123.69866,41.40686],[-123.69886,41.40696],[-123.69942,41.40716],[-123.69977,41.40725],[-123.70007,41.4073],[-123.70015,41.40732],[-123.70019,41.40734],[-123.70054,41.40758],[-123.70067,41.40768],[-123.70072,41.40777],[-123.70087,41.40821],[-123.70094,41.40834],[-123.701,41.40845],[-123.70112,41.40859],[-123.70123,41.40867],[-123.70129,41.4087],[-123.70138,41.40873],[-123.70147,41.40874],[-123.7016,41.40871],[-123.70171,41.40864],[-123.70177,41.40857],[-123.7018,41.40846],[-123.70181,41.40838],[-123.7018,41.40827],[-123.70169,41.40796],[-123.70166,41.40789],[-123.7016,41.4078],[-123.70151,41.4077],[-123.70146,41.4076],[-123.70144,41.40751],[-123.70145,41.40741],[-123.70149,41.4073],[-123.70153,41.40723],[-123.70159,41.40716],[-123.70171,41.4071],[-123.70181,41.40709],[-123.70193,41.40709],[-123.70211,41.40716],[-123.70216,41.40721],[-123.7022,41.40733],[-123.7022,41.40747],[-123.70226,41.40765],[-123.70231,41.40778],[-123.70236,41.40787],[-123.70242,41.40794],[-123.70251,41.40799],[-123.70268,41.40806],[-123.7028,41.40813],[-123.70296,41.4083],[-123.70307,41.40845],[-123.70328,41.40856],[-123.70338,41.40865],[-123.70347,41.40879],[-123.70355,41.40898],[-123.70357,41.40907],[-123.70363,41.40916],[-123.70368,41.40923],[-123.70377,41.40929],[-123.7039,41.40934],[-123.70403,41.40935],[-123.70422,41.40939],[-123.70445,41.40948],[-123.70465,41.40953],[-123.70491,41.4096],[-123.70513,41.4097],[-123.70542,41.40989],[-123.70561,41.41006],[-123.70576,41.41022],[-123.70585,41.41039],[-123.70587,41.41059],[-123.70578,41.41087],[-123.70572,41.41098],[-123.70556,41.41114]]}},{"type":"Feature","properties":{"name":"Snag Patch Ridge Road Spur E","road_class":"track","surface":"gravel","source":"Caltrans All Roads + OpenStreetMap explicit surface","source_detail":"osm way 10250009; Caltrans All Roads public-network geometry match","source_tile":"160/382","public_network_source":"Caltrans All Roads (ARNOLD/HPMS)","surface_source":"OpenStreetMap explicit surface tag","caltrans_match_coverage":0.915,"verified_length_m":2157},"geometry":{"type":"LineString","coordinates":[[-123.6463,41.45793],[-123.64625,41.45785],[-123.64619,41.45766],[-123.64612,41.45756],[-123.64607,41.45742],[-123.64606,41.45718],[-123.64603,41.45702],[-123.64602,41.45693],[-123.64597,41.45681],[-123.64592,41.4567],[-123.64577,41.45653],[-123.64566,41.45642],[-123.64561,41.45635],[-123.64559,41.45625],[-123.64556,41.45607],[-123.64552,41.45593],[-123.64551,41.4558],[-123.64554,41.45567],[-123.64557,41.45558],[-123.6457,41.45541],[-123.64582,41.4552],[-123.64584,41.45509],[-123.64583,41.45495],[-123.64586,41.45468],[-123.6459,41.45451],[-123.64593,41.45444],[-123.64602,41.45428],[-123.64621,41.45405],[-123.64641,41.45388],[-123.64673,41.4537],[-123.64679,41.45365],[-123.64685,41.45358],[-123.64699,41.45348],[-123.64704,41.45343],[-123.64724,41.45331],[-123.64744,41.45323],[-123.64753,41.45317],[-123.64759,41.45313],[-123.64776,41.453],[-123.64797,41.45287],[-123.64812,41.45283],[-123.64834,41.45277],[-123.64847,41.45272],[-123.64858,41.45263],[-123.64874,41.45241],[-123.64889,41.4521],[-123.64897,41.45195],[-123.64907,41.45183],[-123.64916,41.45169],[-123.64943,41.45146],[-123.64968,41.45127],[-123.65003,41.45107],[-123.65031,41.45092],[-123.65052,41.45078],[-123.65092,41.45061],[-123.65129,41.45042],[-123.6515,41.4503],[-123.65165,41.45021],[-123.65189,41.45011],[-123.6521,41.45],[-123.65238,41.44982],[-123.65308,41.4494],[-123.65349,41.44921],[-123.65381,41.44891],[-123.65392,41.4486],[-123.65392,41.44852],[-123.6539,41.44845],[-123.65382,41.44841],[-123.6536,41.44833],[-123.65337,41.44827],[-123.65326,41.44823],[-123.65294,41.44798],[-123.65273,41.44778],[-123.65267,41.44771],[-123.65255,41.4475],[-123.65246,41.4474],[-123.65226,41.44728],[-123.652,41.44718],[-123.6519,41.44714],[-123.65179,41.4471],[-123.65169,41.44708],[-123.65157,41.44707],[-123.65148,41.4471],[-123.65141,41.44715],[-123.65135,41.44722],[-123.65126,41.44729],[-123.65115,41.44736],[-123.6509,41.44741],[-123.65078,41.44747],[-123.65069,41.44759],[-123.65047,41.44772],[-123.65009,41.44782],[-123.64999,41.44786],[-123.64989,41.44788],[-123.64981,41.44791],[-123.64968,41.44792],[-123.64963,41.44791],[-123.64953,41.44784],[-123.64951,41.4478],[-123.64951,41.44775],[-123.64955,41.4477],[-123.64976,41.44756],[-123.64986,41.44751],[-123.64993,41.44741],[-123.65007,41.44734],[-123.65016,41.44731],[-123.65036,41.44721],[-123.65059,41.44708],[-123.65076,41.44696],[-123.6508,41.44688],[-123.6509,41.44675],[-123.65101,41.44666],[-123.65111,41.44659],[-123.65119,41.44651],[-123.65121,41.44644],[-123.65118,41.44635],[-123.65113,41.44629],[-123.65103,41.44625],[-123.65086,41.44625],[-123.6507,41.44629],[-123.65055,41.44634],[-123.65042,41.44643],[-123.65028,41.44651]]}},{"type":"Feature","properties":{"name":"Camp Creek Road","road_class":"unclassified","surface":"gravel","source":"Caltrans All Roads + OpenStreetMap explicit surface","source_detail":"osm way 10250123; Caltrans All Roads public-network geometry match","source_tile":"160/382","public_network_source":"Caltrans All Roads (ARNOLD/HPMS)","surface_source":"OpenStreetMap explicit surface tag","caltrans_match_coverage":0.966,"verified_length_m":1229},"geometry":{"type":"LineString","coordinates":[[-123.56065,41.31037],[-123.5606,41.31051],[-123.56051,41.31082],[-123.56048,41.31095],[-123.56048,41.31115],[-123.56056,41.31128],[-123.56067,41.31136],[-123.5608,41.31138],[-123.56097,41.31141],[-123.5612,41.3114],[-123.56139,41.3114],[-123.56153,41.31144],[-123.56167,41.31152],[-123.56184,41.31168],[-123.56202,41.31198],[-123.56207,41.31214],[-123.56206,41.31225],[-123.56198,41.31248],[-123.56189,41.31287],[-123.56187,41.31298],[-123.56188,41.3131],[-123.56188,41.31324],[-123.56193,41.31342],[-123.56193,41.31356],[-123.56191,41.31371],[-123.56179,41.31399],[-123.56177,41.31413],[-123.56181,41.31421],[-123.56188,41.31425],[-123.56194,41.31431],[-123.56216,41.31445],[-123.5623,41.31444],[-123.56243,41.31441],[-123.56256,41.31435],[-123.56271,41.31429],[-123.56287,41.31425],[-123.56316,41.31423],[-123.56361,41.31422],[-123.5644,41.31424],[-123.56483,41.31432],[-123.56521,41.31438],[-123.56537,41.31439],[-123.56545,41.3144],[-123.56556,41.31439],[-123.56572,41.31431],[-123.5659,41.31416],[-123.56603,41.31415],[-123.56614,41.31416],[-123.5663,41.3143],[-123.56638,41.31439],[-123.5664,41.31446],[-123.56632,41.31456],[-123.56614,41.31472],[-123.56608,41.31481],[-123.56597,41.31507],[-123.56592,41.31529],[-123.56594,41.31543],[-123.56601,41.31556],[-123.56618,41.31564],[-123.56638,41.31572],[-123.5665,41.31586],[-123.56659,41.31592],[-123.56679,41.3159],[-123.56691,41.31583],[-123.56705,41.31563],[-123.56706,41.31534]]}},{"type":"Feature","properties":{"name":"Lonesome Ridge Road","road_class":"track","surface":"gravel","source":"Caltrans All Roads + OpenStreetMap explicit surface","source_detail":"osm way 10252068; Caltrans All Roads public-network geometry match","source_tile":"160/382","public_network_source":"Caltrans All Roads (ARNOLD/HPMS)","surface_source":"OpenStreetMap explicit surface tag","caltrans_match_coverage":1.0,"verified_length_m":4080},"geometry":{"type":"LineString","coordinates":[[-123.66939,41.47481],[-123.66934,41.47476],[-123.66932,41.47465],[-123.66932,41.47451],[-123.66937,41.47423],[-123.66937,41.47412],[-123.66934,41.47399],[-123.66931,41.47386],[-123.66935,41.47373],[-123.66945,41.47357],[-123.66956,41.47337],[-123.6696,41.47329],[-123.66959,41.4732],[-123.66954,41.47302],[-123.66944,41.47281],[-123.66939,41.47266],[-123.66936,41.47253],[-123.66933,41.47241],[-123.66933,41.47226],[-123.66936,41.47215],[-123.66945,41.47204],[-123.66957,41.47193],[-123.6697,41.47183],[-123.66995,41.47172],[-123.67033,41.47161],[-123.6706,41.47158],[-123.67077,41.47159],[-123.67097,41.47157],[-123.67115,41.47155],[-123.67136,41.47148],[-123.67187,41.47128],[-123.67208,41.47118],[-123.67243,41.47101],[-123.67301,41.4707],[-123.67311,41.47066],[-123.67327,41.47063],[-123.67338,41.47059],[-123.67348,41.47054],[-123.67357,41.47047],[-123.67363,41.47036],[-123.67366,41.4702],[-123.67369,41.46999],[-123.67374,41.46985],[-123.67388,41.46968],[-123.67414,41.46944],[-123.67427,41.46931],[-123.67437,41.46914],[-123.67442,41.46903],[-123.67447,41.46884],[-123.67445,41.46862],[-123.67447,41.4684],[-123.67453,41.46794],[-123.67451,41.46759],[-123.67454,41.46743],[-123.67462,41.46715],[-123.67465,41.46688],[-123.67472,41.46654],[-123.67472,41.46641],[-123.67469,41.46627],[-123.6747,41.46612],[-123.67476,41.46604],[-123.6748,41.46599],[-123.67481,41.46594],[-123.67476,41.46591],[-123.6747,41.46591],[-123.67465,41.46594],[-123.67457,41.46592],[-123.67443,41.46583],[-123.67431,41.46566],[-123.67422,41.4655],[-123.6742,41.46537],[-123.67429,41.46513],[-123.67436,41.46497],[-123.6744,41.46472],[-123.6744,41.46449],[-123.67434,41.46431],[-123.67434,41.46421],[-123.67439,41.46406],[-123.67445,41.46385],[-123.67448,41.46362],[-123.67455,41.46347],[-123.67467,41.46339],[-123.67481,41.46333],[-123.67505,41.46328],[-123.67526,41.46322],[-123.67548,41.46316],[-123.67568,41.46308],[-123.67597,41.46291],[-123.67608,41.46278],[-123.6763,41.46244],[-123.67651,41.46208],[-123.67666,41.46192],[-123.67697,41.46169],[-123.67711,41.46142],[-123.67716,41.46125],[-123.67726,41.46114],[-123.67739,41.46107],[-123.67751,41.46108],[-123.67761,41.46115],[-123.67771,41.46126],[-123.67785,41.46139],[-123.67804,41.46147],[-123.67852,41.46155],[-123.67877,41.46158],[-123.67896,41.46165],[-123.67908,41.46172],[-123.67916,41.46172],[-123.67924,41.46168],[-123.67931,41.46162],[-123.67941,41.46143],[-123.67993,41.46088],[-123.68006,41.46067],[-123.6802,41.46053],[-123.68038,41.46033],[-123.68045,41.46017],[-123.68045,41.45995],[-123.68057,41.45977],[-123.68071,41.4594],[-123.68073,41.45924],[-123.68079,41.45913],[-123.68086,41.45904],[-123.68107,41.45887],[-123.68131,41.45863],[-123.68141,41.45856],[-123.68148,41.45845],[-123.68171,41.45821],[-123.68199,41.45796],[-123.68215,41.45779],[-123.68233,41.45763],[-123.6825,41.45745],[-123.68273,41.45719],[-123.68281,41.45707],[-123.68284,41.45695],[-123.68302,41.45647],[-123.68309,41.45635],[-123.68318,41.45602],[-123.68323,41.45572],[-123.68323,41.4556],[-123.68315,41.45548],[-123.68281,41.45509],[-123.68275,41.455],[-123.68271,41.45485],[-123.68273,41.45465],[-123.68285,41.45433],[-123.68298,41.45414],[-123.68312,41.454],[-123.68323,41.45387],[-123.68339,41.45362],[-123.68361,41.45338],[-123.6837,41.45327],[-123.68384,41.45296],[-123.68385,41.45273],[-123.68376,41.4524],[-123.68371,41.45221],[-123.6837,41.45208],[-123.68371,41.45191],[-123.68369,41.45174],[-123.68368,41.45152],[-123.68375,41.45096],[-123.68381,41.45081],[-123.6839,41.45067],[-123.68391,41.45057],[-123.68391,41.45044],[-123.68393,41.45031],[-123.68396,41.4502],[-123.68407,41.45008],[-123.68413,41.44993],[-123.68418,41.44976],[-123.68425,41.44937],[-123.68428,41.44903],[-123.68431,41.44889],[-123.68441,41.44873],[-123.68454,41.44856],[-123.68469,41.44845],[-123.685,41.44835],[-123.68515,41.44832],[-123.68524,41.44828],[-123.68529,41.44821],[-123.68525,41.44814],[-123.6851,41.44796],[-123.68504,41.44791],[-123.68495,41.44787],[-123.6848,41.44784],[-123.68465,41.44783],[-123.6845,41.44783],[-123.6842,41.44787],[-123.68407,41.44789],[-123.68394,41.44787],[-123.6839,41.4478],[-123.68393,41.44772],[-123.68399,41.44764],[-123.68412,41.44756],[-123.68447,41.44741],[-123.68464,41.44736],[-123.68487,41.44737],[-123.685,41.44734],[-123.68517,41.44727],[-123.68532,41.44717],[-123.68541,41.44709],[-123.68548,41.44702]]}},{"type":"Feature","properties":{"name":"Bluff Creek Road Spur H","road_class":"track","surface":"dirt","source":"Caltrans All Roads + OpenStreetMap explicit surface","source_detail":"osm way 10252209; Caltrans All Roads public-network geometry match","source_tile":"160/382","public_network_source":"Caltrans All Roads (ARNOLD/HPMS)","surface_source":"OpenStreetMap explicit surface tag","caltrans_match_coverage":1.0,"verified_length_m":2187},"geometry":{"type":"LineString","coordinates":[[-123.73399,41.44164],[-123.73408,41.44151],[-123.73442,41.44099],[-123.73456,41.44056],[-123.73459,41.44047],[-123.73462,41.4404],[-123.73464,41.44034],[-123.73465,41.44025],[-123.73463,41.44011],[-123.73463,41.43994],[-123.73467,41.43984],[-123.73472,41.43975],[-123.73475,41.43965],[-123.73475,41.43952],[-123.73474,41.43943],[-123.73477,41.43921],[-123.73475,41.43912],[-123.73469,41.43906],[-123.73435,41.43889],[-123.73428,41.43883],[-123.73428,41.43874],[-123.7343,41.43865],[-123.73434,41.43857],[-123.7345,41.4384],[-123.73471,41.43822],[-123.7348,41.43813],[-123.73491,41.43797],[-123.73498,41.43788],[-123.73509,41.43783],[-123.73543,41.43772],[-123.73554,41.43773],[-123.73576,41.43765],[-123.73583,41.4376],[-123.73586,41.43755],[-123.73583,41.437],[-123.73558,41.43614],[-123.73561,41.43559],[-123.73564,41.43545],[-123.73569,41.43526],[-123.73578,41.43507],[-123.73587,41.43473],[-123.73593,41.43437],[-123.73596,41.43422],[-123.73594,41.43397],[-123.73585,41.43358],[-123.73587,41.4335],[-123.73589,41.43342],[-123.73591,41.43334],[-123.73587,41.43324],[-123.73582,41.43319],[-123.7357,41.43315],[-123.73556,41.43311],[-123.73545,41.43304],[-123.7354,41.43298],[-123.73531,41.43275],[-123.73529,41.43253],[-123.73537,41.4323],[-123.73552,41.43209],[-123.73566,41.4319],[-123.73574,41.43176],[-123.73576,41.43155],[-123.73575,41.43115],[-123.73584,41.43095],[-123.73584,41.43081],[-123.73587,41.43059],[-123.73593,41.4305],[-123.73595,41.4304],[-123.73592,41.43028],[-123.7359,41.43012],[-123.73591,41.42981],[-123.73592,41.4296],[-123.73595,41.42936],[-123.73621,41.4286],[-123.73627,41.4285],[-123.73633,41.42833],[-123.73639,41.42812],[-123.73641,41.42803],[-123.73642,41.42786],[-123.73644,41.42778],[-123.73646,41.42773],[-123.73651,41.42768],[-123.73656,41.42757],[-123.73662,41.42733],[-123.73667,41.4272],[-123.7367,41.42704],[-123.73671,41.42674],[-123.73673,41.42646],[-123.73676,41.42634],[-123.73684,41.4262],[-123.73693,41.42608],[-123.73702,41.42598],[-123.73705,41.4259],[-123.73709,41.42579],[-123.73712,41.42556],[-123.73709,41.42541],[-123.73697,41.42504],[-123.73696,41.42495],[-123.73683,41.42462],[-123.73678,41.42429],[-123.73676,41.42383],[-123.73669,41.42338],[-123.73669,41.4233]]}},{"type":"Feature","properties":{"name":"Serpentine Road","road_class":"track","surface":"gravel","source":"Caltrans All Roads + OpenStreetMap explicit surface","source_detail":"osm way 10252919; Caltrans All Roads public-network geometry match","source_tile":"160/382","public_network_source":"Caltrans All Roads (ARNOLD/HPMS)","surface_source":"OpenStreetMap explicit surface tag","caltrans_match_coverage":1.0,"verified_length_m":2844},"geometry":{"type":"LineString","coordinates":[[-123.71603,41.27392],[-123.71584,41.27398],[-123.71571,41.27406],[-123.71561,41.27417],[-123.71554,41.27428],[-123.71546,41.27455],[-123.7154,41.27466],[-123.71534,41.27475],[-123.71527,41.27482],[-123.71521,41.27486],[-123.71513,41.27489],[-123.71503,41.27489],[-123.71494,41.27485],[-123.7148,41.27475],[-123.71468,41.27461],[-123.71458,41.27446],[-123.71453,41.27435],[-123.71447,41.27411],[-123.71433,41.27384],[-123.71431,41.27377],[-123.71432,41.27368],[-123.71435,41.27351],[-123.71437,41.27317],[-123.71435,41.27313],[-123.71427,41.27307],[-123.71423,41.27304],[-123.71416,41.27304],[-123.71407,41.27309],[-123.71395,41.27317],[-123.71338,41.27359],[-123.71326,41.27365],[-123.71313,41.27369],[-123.71301,41.27376],[-123.7126,41.27406],[-123.71226,41.27428],[-123.71219,41.27435],[-123.71216,41.27443],[-123.71217,41.27451],[-123.71219,41.27456],[-123.71229,41.27471],[-123.7123,41.27479],[-123.71227,41.27486],[-123.71224,41.27488],[-123.71199,41.27501],[-123.71191,41.27502],[-123.7118,41.27503],[-123.71173,41.27501],[-123.71165,41.27499],[-123.7114,41.27486],[-123.71135,41.27481],[-123.71133,41.27476],[-123.71134,41.27467],[-123.71145,41.27427],[-123.71144,41.27417],[-123.7114,41.27408],[-123.71134,41.27403],[-123.71129,41.274],[-123.71112,41.27396],[-123.71097,41.27394],[-123.71081,41.27396],[-123.71067,41.27399],[-123.7105,41.27404],[-123.71036,41.27404],[-123.71009,41.27399],[-123.70991,41.274],[-123.70983,41.27402],[-123.70974,41.27406],[-123.70956,41.27418],[-123.70894,41.27445],[-123.70881,41.27453],[-123.70873,41.27462],[-123.7087,41.27469],[-123.70869,41.27478],[-123.70869,41.2749],[-123.70866,41.27497],[-123.70861,41.27503],[-123.70838,41.27516],[-123.7083,41.27523],[-123.70823,41.27532],[-123.70814,41.27547],[-123.70802,41.27558],[-123.70793,41.27565],[-123.7077,41.27579],[-123.70739,41.27593],[-123.70728,41.27597],[-123.70699,41.276],[-123.70688,41.27604],[-123.70679,41.27611],[-123.70677,41.27617],[-123.70677,41.27623],[-123.7068,41.27629],[-123.70683,41.27634],[-123.70691,41.27639],[-123.70702,41.27642],[-123.70719,41.27646],[-123.70729,41.2765],[-123.70737,41.27656],[-123.70743,41.27663],[-123.70749,41.27675],[-123.70764,41.27705],[-123.70789,41.2773],[-123.70797,41.27745],[-123.70813,41.27764],[-123.70815,41.27771],[-123.70811,41.27784],[-123.70812,41.27793],[-123.70814,41.278],[-123.70822,41.27814],[-123.70826,41.27826],[-123.70827,41.27837],[-123.70824,41.27886],[-123.70826,41.27904],[-123.70827,41.27913],[-123.70849,41.27938],[-123.70854,41.27947],[-123.70861,41.27963],[-123.70871,41.27978],[-123.70874,41.27984],[-123.70881,41.27989],[-123.70889,41.27994],[-123.70897,41.28002],[-123.709,41.28007],[-123.70902,41.28015],[-123.709,41.28024],[-123.709,41.28032],[-123.70917,41.28059],[-123.70919,41.28068],[-123.70917,41.28075],[-123.70911,41.28085],[-123.70906,41.28097],[-123.70902,41.28111],[-123.70901,41.28129],[-123.7091,41.28152],[-123.70911,41.28171],[-123.70903,41.28191],[-123.70902,41.28212],[-123.70911,41.28257],[-123.70919,41.28296],[-123.70922,41.28306],[-123.70932,41.28318],[-123.70937,41.28328],[-123.70938,41.28344],[-123.70931,41.28365],[-123.70931,41.28375],[-123.70934,41.28385],[-123.70949,41.28408],[-123.7095,41.28414],[-123.70948,41.28418],[-123.7094,41.28426],[-123.70927,41.28433],[-123.70904,41.28438],[-123.70886,41.28442],[-123.70846,41.28458],[-123.70827,41.28469],[-123.70818,41.28477],[-123.70789,41.28514],[-123.70777,41.28525],[-123.70766,41.28533],[-123.70745,41.28545],[-123.70715,41.28559],[-123.70708,41.28563],[-123.70698,41.28576],[-123.70689,41.28581],[-123.70673,41.28582],[-123.70658,41.28584],[-123.70645,41.28588],[-123.7063,41.28591],[-123.70591,41.2859],[-123.70575,41.28585],[-123.70566,41.2858],[-123.70558,41.28573],[-123.70551,41.28566],[-123.70536,41.28547],[-123.70534,41.2854],[-123.70537,41.28516],[-123.70537,41.28506],[-123.70533,41.28498],[-123.70526,41.28492],[-123.70516,41.28487],[-123.70507,41.28485],[-123.70495,41.28484]]}},{"type":"Feature","properties":{"name":"LE Perron Flat Road","road_class":"track","surface":"ground","source":"Caltrans All Roads + OpenStreetMap explicit surface","source_detail":"osm way 10252935; Caltrans All Roads public-network geometry match","source_tile":"160/383","public_network_source":"Caltrans All Roads (ARNOLD/HPMS)","surface_source":"OpenStreetMap explicit surface tag","caltrans_match_coverage":1.0,"verified_length_m":4031},"geometry":{"type":"LineString","coordinates":[[-123.53837,41.24464],[-123.53832,41.2447],[-123.53826,41.24478],[-123.53828,41.24482],[-123.53843,41.24487],[-123.53866,41.24509],[-123.5387,41.2453],[-123.53862,41.24546],[-123.53851,41.24563],[-123.53855,41.24597],[-123.53862,41.24615],[-123.53875,41.24631],[-123.53887,41.24647],[-123.53902,41.24672],[-123.53911,41.24703],[-123.53911,41.24751],[-123.53922,41.24794],[-123.53932,41.24812],[-123.53951,41.24843],[-123.53963,41.2486],[-123.53993,41.24883],[-123.54029,41.24903],[-123.5405,41.24932],[-123.54063,41.24948],[-123.54076,41.24968],[-123.54089,41.24985],[-123.54104,41.24997],[-123.54137,41.25012],[-123.54143,41.25019],[-123.54169,41.25066],[-123.54193,41.25084],[-123.54199,41.25102],[-123.54199,41.25122],[-123.54197,41.2514],[-123.54179,41.25223],[-123.54164,41.25238],[-123.54149,41.25245],[-123.54131,41.25251],[-123.54117,41.25254],[-123.54088,41.25257],[-123.54048,41.25257],[-123.54021,41.25257],[-123.53998,41.25263],[-123.53979,41.2527],[-123.53965,41.25282],[-123.53954,41.25297],[-123.53947,41.25313],[-123.53921,41.25352],[-123.53898,41.25368],[-123.53878,41.25387],[-123.53864,41.25394],[-123.53848,41.25393],[-123.5379,41.25382],[-123.53774,41.25382],[-123.5376,41.25386],[-123.53717,41.254],[-123.537,41.25407],[-123.53682,41.25409],[-123.53607,41.25405],[-123.53574,41.25409],[-123.53547,41.2541],[-123.53539,41.25404],[-123.53534,41.25394],[-123.5355,41.25387],[-123.53565,41.25382],[-123.5359,41.25378],[-123.53631,41.25377],[-123.53657,41.25376],[-123.53681,41.25372],[-123.53717,41.25346],[-123.53754,41.2533],[-123.53768,41.25328],[-123.53781,41.2533],[-123.53815,41.25346],[-123.53822,41.25347],[-123.53828,41.25343],[-123.53833,41.25334],[-123.53837,41.25312],[-123.53827,41.25274],[-123.5382,41.2525],[-123.5381,41.25231],[-123.53777,41.25191],[-123.53752,41.25172],[-123.53733,41.25136],[-123.53726,41.25115],[-123.53719,41.25101],[-123.53706,41.2507],[-123.53699,41.25056],[-123.53686,41.25026],[-123.53667,41.25004],[-123.53651,41.24983],[-123.53614,41.24951],[-123.53606,41.24941],[-123.53591,41.24913],[-123.53579,41.24904],[-123.53564,41.2489],[-123.53545,41.24882],[-123.53535,41.24877],[-123.53484,41.2484],[-123.53445,41.2482],[-123.53423,41.24805],[-123.5337,41.24778],[-123.53342,41.2474],[-123.53306,41.24721],[-123.53298,41.24719],[-123.53212,41.24711],[-123.532,41.24707],[-123.53178,41.24696],[-123.5315,41.2468],[-123.53141,41.24678],[-123.53128,41.24677],[-123.53115,41.24679],[-123.53104,41.24685],[-123.53069,41.24714],[-123.53053,41.24721],[-123.53042,41.24724],[-123.53029,41.24725],[-123.53017,41.24724],[-123.52955,41.24708],[-123.52896,41.2469],[-123.52844,41.24663],[-123.52817,41.24652],[-123.52792,41.24638],[-123.5278,41.24627],[-123.52748,41.2457],[-123.52738,41.24555],[-123.52701,41.24484],[-123.52696,41.24454],[-123.52692,41.24448],[-123.52677,41.24439],[-123.52661,41.24433],[-123.52614,41.24427],[-123.52575,41.24412],[-123.52534,41.24399],[-123.52511,41.24394],[-123.52482,41.24392],[-123.52469,41.24387],[-123.52428,41.24367],[-123.52383,41.24344],[-123.52357,41.24322],[-123.52347,41.2431],[-123.52324,41.24291],[-123.52245,41.2423],[-123.52235,41.24219],[-123.52195,41.24156],[-123.52188,41.24141],[-123.52182,41.24124]]}},{"type":"Feature","properties":{"name":"Vans Road","road_class":"unclassified","surface":"gravel","source":"Caltrans All Roads + OpenStreetMap explicit surface","source_detail":"osm way 10253141; Caltrans All Roads public-network geometry match","source_tile":"160/382","public_network_source":"Caltrans All Roads (ARNOLD/HPMS)","surface_source":"OpenStreetMap explicit surface tag","caltrans_match_coverage":1.0,"verified_length_m":10904},"geometry":{"type":"LineString","coordinates":[[-123.64047,41.42624],[-123.64055,41.42629],[-123.64066,41.42636],[-123.64074,41.42638],[-123.64082,41.42637],[-123.64094,41.4263],[-123.64126,41.42617],[-123.64139,41.42612],[-123.64153,41.42606],[-123.64166,41.42605],[-123.64183,41.42605],[-123.64201,41.42608],[-123.64213,41.42608],[-123.64225,41.42605],[-123.64234,41.42601],[-123.64242,41.42593],[-123.64256,41.42576],[-123.64267,41.42562],[-123.6428,41.42553],[-123.64293,41.42544],[-123.64318,41.42534],[-123.6434,41.42528],[-123.64349,41.42524],[-123.64364,41.42513],[-123.64397,41.42491],[-123.64428,41.42467],[-123.64435,41.4246],[-123.6446,41.42425],[-123.64477,41.4241],[-123.64495,41.42394],[-123.64531,41.42374],[-123.64553,41.42364],[-123.64573,41.4235],[-123.64603,41.42332],[-123.64612,41.42325],[-123.64621,41.42321],[-123.64633,41.42317],[-123.64662,41.42312],[-123.64682,41.42309],[-123.64704,41.42305],[-123.64715,41.42302],[-123.64737,41.42291],[-123.6475,41.42286],[-123.64766,41.42282],[-123.64782,41.4228],[-123.6479,41.42279],[-123.64801,41.42276],[-123.6482,41.42271],[-123.6484,41.42268],[-123.6486,41.42267],[-123.64875,41.42266],[-123.6489,41.42269],[-123.64906,41.42275],[-123.64933,41.42288],[-123.64949,41.42294],[-123.64965,41.42303],[-123.64974,41.42311],[-123.64994,41.42323],[-123.65028,41.42334],[-123.65065,41.42356],[-123.65106,41.42382],[-123.65133,41.42393],[-123.6517,41.42404],[-123.65208,41.42414],[-123.65245,41.42429],[-123.6527,41.42442],[-123.6529,41.42458],[-123.65299,41.42472],[-123.65309,41.42489],[-123.6532,41.42506],[-123.65327,41.4252],[-123.65332,41.42536],[-123.65334,41.42555],[-123.65378,41.42628],[-123.6548,41.42742],[-123.65545,41.42818],[-123.65553,41.42834],[-123.6557,41.42856],[-123.65577,41.42865],[-123.6559,41.42875],[-123.65602,41.4288],[-123.65615,41.42885],[-123.65627,41.42888],[-123.65662,41.42889],[-123.6569,41.42892],[-123.65793,41.42906],[-123.65885,41.42923],[-123.65903,41.42926],[-123.65962,41.4293],[-123.66011,41.42927],[-123.66076,41.42927],[-123.66137,41.42929],[-123.66188,41.42934],[-123.66272,41.42939],[-123.66297,41.42942],[-123.66319,41.42942],[-123.66333,41.4294],[-123.6636,41.42934],[-123.66437,41.42912],[-123.66503,41.42892],[-123.66513,41.42888],[-123.66525,41.42881],[-123.66531,41.42874],[-123.66541,41.42862],[-123.66549,41.42856],[-123.6656,41.42851],[-123.66593,41.42837],[-123.6666,41.42797],[-123.6668,41.42788],[-123.66717,41.42767],[-123.66732,41.42758],[-123.66755,41.42745],[-123.66777,41.42736],[-123.66785,41.42735],[-123.66797,41.42735],[-123.66807,41.42739],[-123.66814,41.42742],[-123.66817,41.42748],[-123.6682,41.42757],[-123.6682,41.42767],[-123.66818,41.42781],[-123.66819,41.42801],[-123.66822,41.42814],[-123.66827,41.42827],[-123.66846,41.4285],[-123.66853,41.42862],[-123.66869,41.4288],[-123.66877,41.42889],[-123.66888,41.42897],[-123.66905,41.42911],[-123.66925,41.42927],[-123.66958,41.42945],[-123.67014,41.42984],[-123.67042,41.43001],[-123.6708,41.43021],[-123.67103,41.4303],[-123.67122,41.43039],[-123.6715,41.43048],[-123.67167,41.43052],[-123.67194,41.43057],[-123.6723,41.4306],[-123.67289,41.4306],[-123.67306,41.43062],[-123.67334,41.43071],[-123.67353,41.43078],[-123.67385,41.43093],[-123.67401,41.43103],[-123.6741,41.43108],[-123.6742,41.4311],[-123.6755,41.43113],[-123.6758,41.43117],[-123.6759,41.43118],[-123.67604,41.43122],[-123.67618,41.43131],[-123.67636,41.43144],[-123.6765,41.43157],[-123.67692,41.43208],[-123.67697,41.43219],[-123.67697,41.43225],[-123.67698,41.4325],[-123.67699,41.43257],[-123.67703,41.43264],[-123.67709,41.43269],[-123.67719,41.43272],[-123.67746,41.43278],[-123.67764,41.43279],[-123.67781,41.4328],[-123.67791,41.43279],[-123.67812,41.43277],[-123.67829,41.43277],[-123.67854,41.43281],[-123.67868,41.43286],[-123.67878,41.43291],[-123.67885,41.43298],[-123.67891,41.43307],[-123.67894,41.43315],[-123.67897,41.4333],[-123.679,41.43335],[-123.67903,41.43337],[-123.67922,41.43349],[-123.6797,41.43364],[-123.68005,41.43377],[-123.68055,41.43398],[-123.6809,41.43409],[-123.68102,41.43413],[-123.68118,41.43417],[-123.68157,41.43418],[-123.6818,41.43417],[-123.68209,41.43414],[-123.68226,41.43412],[-123.68245,41.43406],[-123.68276,41.43395],[-123.68311,41.43382],[-123.68355,41.43367],[-123.68377,41.43358],[-123.68397,41.43353],[-123.68431,41.43346],[-123.68458,41.43337],[-123.68486,41.43328],[-123.68514,41.43317],[-123.68553,41.43306],[-123.68577,41.43302],[-123.68608,41.43295],[-123.68634,41.43288],[-123.68651,41.43284],[-123.68678,41.43282],[-123.68726,41.43282],[-123.6876,41.43286],[-123.68787,41.43292],[-123.68804,41.43298],[-123.68815,41.43304],[-123.68828,41.43311],[-123.68839,41.43315],[-123.68853,41.43317],[-123.68866,41.43319],[-123.68876,41.43321],[-123.68888,41.43325],[-123.6892,41.43342],[-123.68945,41.43355],[-123.68968,41.43369],[-123.68978,41.4338],[-123.68986,41.4339],[-123.68996,41.43399],[-123.69005,41.43405],[-123.69017,41.43408],[-123.69032,41.43411],[-123.69045,41.43413],[-123.69065,41.4342],[-123.69111,41.4344],[-123.69141,41.43448],[-123.69159,41.43451],[-123.69178,41.43453],[-123.69194,41.43454],[-123.69211,41.43453],[-123.69228,41.43451],[-123.69254,41.43443],[-123.6927,41.43441],[-123.69283,41.4344],[-123.69302,41.43441],[-123.69315,41.4344],[-123.69331,41.43438],[-123.69341,41.43434],[-123.69357,41.43423],[-123.69374,41.43406],[-123.69383,41.43394],[-123.69398,41.43377],[-123.69406,41.43371],[-123.6944,41.43355],[-123.69455,41.43341],[-123.69469,41.43323],[-123.69476,41.43314],[-123.69488,41.43301],[-123.69499,41.43292],[-123.6953,41.43268],[-123.6954,41.43259],[-123.69569,41.4324],[-123.69577,41.43234],[-123.69594,41.43216],[-123.69613,41.4319],[-123.69621,41.43175],[-123.69631,41.43166],[-123.69651,41.43151],[-123.69663,41.43139],[-123.69674,41.4313],[-123.69692,41.43119],[-123.69704,41.43114],[-123.69769,41.4309],[-123.6979,41.43078],[-123.69806,41.4307],[-123.69841,41.43058],[-123.69853,41.43053],[-123.69871,41.43039],[-123.69887,41.43027],[-123.69907,41.43011],[-123.69923,41.42991],[-123.69933,41.42981],[-123.69959,41.42959],[-123.69975,41.42949],[-123.70019,41.4293],[-123.70037,41.42923],[-123.70055,41.42917],[-123.70069,41.42914],[-123.70081,41.42911],[-123.70091,41.42903],[-123.70099,41.42895],[-123.70109,41.42878],[-123.70123,41.42861],[-123.70141,41.42847],[-123.70168,41.42833],[-123.70191,41.42824],[-123.70238,41.42801],[-123.70261,41.42792],[-123.70287,41.42786],[-123.70318,41.42781],[-123.70349,41.4278],[-123.7038,41.42778],[-123.70395,41.42775],[-123.70405,41.42772],[-123.70413,41.42764],[-123.70428,41.42748],[-123.70443,41.42729],[-123.70459,41.42713],[-123.70471,41.42697],[-123.70488,41.42667],[-123.7049,41.42661],[-123.70491,41.42654],[-123.70489,41.42614],[-123.70486,41.42592],[-123.70483,41.4258],[-123.70465,41.42541],[-123.70459,41.42524],[-123.70457,41.42505],[-123.70459,41.425],[-123.70464,41.42496],[-123.70473,41.42493],[-123.70482,41.42493],[-123.70487,41.42494],[-123.70504,41.42502],[-123.70533,41.42523],[-123.70543,41.42531],[-123.70562,41.42551],[-123.7058,41.42568],[-123.70589,41.42573],[-123.70597,41.42575],[-123.70605,41.42574],[-123.70614,41.42572],[-123.70653,41.42556],[-123.70672,41.42553],[-123.707,41.4255],[-123.70717,41.42545],[-123.70732,41.42536],[-123.70761,41.42515],[-123.70815,41.42478],[-123.7083,41.42469],[-123.70842,41.42461],[-123.70852,41.42447],[-123.70869,41.42412],[-123.70889,41.4239],[-123.70895,41.42381],[-123.70917,41.42337],[-123.70927,41.42328],[-123.70946,41.42305],[-123.7095,41.423],[-123.7095,41.42294],[-123.7095,41.42273],[-123.70949,41.42257],[-123.70951,41.42248],[-123.70954,41.42239],[-123.70952,41.42232],[-123.70948,41.42223],[-123.70942,41.42213],[-123.70922,41.42199],[-123.70915,41.42192],[-123.70912,41.42181],[-123.70892,41.42141],[-123.70894,41.42122],[-123.70897,41.42094],[-123.70897,41.42087],[-123.70899,41.42081],[-123.70904,41.42076],[-123.7091,41.42073],[-123.70918,41.42073],[-123.70926,41.42074],[-123.7096,41.42088],[-123.71002,41.42123],[-123.71038,41.42141],[-123.71052,41.42146],[-123.71064,41.42148],[-123.71073,41.42149],[-123.7109,41.42148],[-123.71121,41.42148],[-123.71141,41.42152],[-123.71158,41.42154],[-123.71207,41.42165],[-123.71227,41.4217],[-123.71235,41.42171],[-123.71243,41.42169],[-123.71247,41.42164],[-123.71249,41.42156],[-123.71251,41.42146],[-123.71252,41.42133],[-123.7125,41.4212],[-123.71246,41.42107],[-123.71245,41.42097],[-123.71249,41.42082],[-123.71263,41.42068],[-123.7128,41.42033],[-123.71282,41.42024],[-123.71286,41.42011],[-123.71291,41.42003],[-123.71295,41.42],[-123.713,41.41997],[-123.71309,41.41997],[-123.71316,41.41998],[-123.71344,41.42003],[-123.71357,41.42004],[-123.71364,41.42001],[-123.71367,41.41999],[-123.71372,41.41994],[-123.71375,41.41986],[-123.71376,41.41974],[-123.71371,41.41953],[-123.71371,41.41946],[-123.71373,41.41938],[-123.7138,41.41922],[-123.71383,41.41912],[-123.71384,41.41902],[-123.71383,41.41894],[-123.71378,41.41885],[-123.71373,41.41871],[-123.71367,41.41858],[-123.71361,41.41849],[-123.71352,41.41819],[-123.71349,41.41794],[-123.71345,41.41777],[-123.71338,41.4176],[-123.71327,41.41748],[-123.7131,41.41724],[-123.71304,41.41716],[-123.71304,41.41701],[-123.71304,41.41692],[-123.71301,41.41687],[-123.71296,41.41683],[-123.71282,41.41676],[-123.71258,41.41663],[-123.71229,41.41645],[-123.71218,41.4164],[-123.71213,41.41634],[-123.7121,41.41625],[-123.71207,41.4161],[-123.71203,41.41602],[-123.71191,41.41589],[-123.71187,41.41581],[-123.71183,41.41571],[-123.71184,41.41544],[-123.71185,41.4152],[-123.71191,41.41504],[-123.71195,41.4149],[-123.71202,41.41479],[-123.71215,41.41465],[-123.71228,41.41459],[-123.71242,41.4145],[-123.71246,41.41446],[-123.71258,41.41424],[-123.71261,41.41414],[-123.71262,41.41395],[-123.71262,41.41362],[-123.71264,41.41354],[-123.71267,41.41346],[-123.7128,41.41322],[-123.7129,41.4131],[-123.71312,41.41286],[-123.71322,41.41279],[-123.7135,41.41269],[-123.71363,41.41262],[-123.71367,41.41258],[-123.71373,41.41246],[-123.7138,41.41221],[-123.71384,41.41184],[-123.71386,41.41167],[-123.71387,41.41139],[-123.7139,41.41119],[-123.71395,41.4111],[-123.71401,41.41105],[-123.71408,41.41102],[-123.71416,41.41101],[-123.71423,41.41101],[-123.7143,41.41102],[-123.71446,41.4111],[-123.71468,41.41123],[-123.71492,41.41134],[-123.71525,41.41147],[-123.71548,41.41159],[-123.71578,41.41176],[-123.71599,41.41188],[-123.71613,41.41198],[-123.71623,41.41204],[-123.71638,41.4121],[-123.71644,41.41212],[-123.71655,41.41213],[-123.71661,41.41212],[-123.71668,41.41209],[-123.71678,41.41199],[-123.71694,41.41181],[-123.71706,41.4117],[-123.71715,41.41165],[-123.71726,41.4116],[-123.71761,41.41151],[-123.71777,41.41148],[-123.71807,41.41144],[-123.71854,41.41142],[-123.71872,41.41143],[-123.71877,41.41144],[-123.71886,41.41148],[-123.71889,41.41152],[-123.71891,41.41159],[-123.71895,41.41175],[-123.71904,41.41198],[-123.71913,41.41215],[-123.71929,41.41241],[-123.71929,41.41245],[-123.71927,41.4125],[-123.71915,41.41265],[-123.71912,41.4127],[-123.71911,41.41274],[-123.71912,41.41279],[-123.71915,41.41283],[-123.71921,41.41286],[-123.71924,41.41287],[-123.71963,41.41289],[-123.71993,41.41295],[-123.72003,41.41298],[-123.72008,41.413],[-123.72015,41.41307],[-123.7202,41.41314],[-123.72024,41.41321],[-123.72029,41.41347],[-123.72033,41.4136],[-123.72038,41.41375],[-123.72045,41.4139],[-123.72044,41.41396],[-123.7204,41.41404],[-123.72035,41.41414],[-123.72034,41.41424],[-123.72036,41.41432],[-123.72052,41.41445],[-123.7206,41.41459],[-123.72061,41.41463],[-123.7206,41.41468],[-123.72059,41.41472],[-123.72051,41.41477],[-123.7204,41.41484],[-123.72034,41.4149],[-123.72029,41.41494],[-123.72027,41.41499],[-123.72028,41.41504],[-123.72034,41.41508],[-123.72043,41.41511],[-123.72081,41.41516],[-123.721,41.41521],[-123.72106,41.41524],[-123.72112,41.41532],[-123.72115,41.41543],[-123.72119,41.41554],[-123.72119,41.41563],[-123.72117,41.4157],[-123.72114,41.41576],[-123.72106,41.41585],[-123.721,41.41594],[-123.7209,41.41611],[-123.72086,41.41622],[-123.72086,41.41631],[-123.72086,41.41642],[-123.72085,41.41655],[-123.72086,41.41672],[-123.72088,41.41685],[-123.72096,41.41699],[-123.72105,41.41713],[-123.72119,41.41734],[-123.72122,41.41741],[-123.72131,41.4175],[-123.72149,41.41761],[-123.72163,41.4177],[-123.72174,41.41776],[-123.72186,41.41777],[-123.72197,41.41775]]}},{"type":"Feature","properties":{"name":"Cedar Camp Road","road_class":"unclassified","surface":"gravel","source":"Caltrans All Roads + OpenStreetMap explicit surface","source_detail":"osm way 10253913; Caltrans All Roads public-network geometry match","source_tile":"160/382","public_network_source":"Caltrans All Roads (ARNOLD/HPMS)","surface_source":"OpenStreetMap explicit surface tag","caltrans_match_coverage":1.0,"verified_length_m":3518},"geometry":{"type":"LineString","coordinates":[[-123.67377,41.37076],[-123.67386,41.37107],[-123.67397,41.37126],[-123.67406,41.37152],[-123.6741,41.37161],[-123.6742,41.37188],[-123.67424,41.37212],[-123.67425,41.37232],[-123.67421,41.37253],[-123.67418,41.3727],[-123.67419,41.37307],[-123.6742,41.37322],[-123.67419,41.37362],[-123.67421,41.37378],[-123.67417,41.37391],[-123.67409,41.37405],[-123.67395,41.37418],[-123.67378,41.37427],[-123.67363,41.37431],[-123.67311,41.37438],[-123.67258,41.37443],[-123.672,41.37444],[-123.67144,41.37442],[-123.67096,41.37444],[-123.67037,41.3745],[-123.67004,41.37455],[-123.6699,41.37459],[-123.66957,41.37469],[-123.66868,41.37508],[-123.66844,41.37518],[-123.66826,41.37523],[-123.66808,41.37526],[-123.66789,41.37528],[-123.66771,41.37529],[-123.66752,41.37528],[-123.66645,41.37519],[-123.66542,41.37508],[-123.66496,41.37504],[-123.6648,41.37502],[-123.66444,41.37492],[-123.66426,41.37488],[-123.66388,41.37484],[-123.66351,41.37482],[-123.66274,41.37488],[-123.66245,41.37488],[-123.66173,41.37483],[-123.66086,41.37475],[-123.66061,41.37474],[-123.6604,41.37475],[-123.66027,41.37482],[-123.66019,41.3749],[-123.66016,41.37502],[-123.66019,41.37515],[-123.66016,41.37532],[-123.6602,41.37541],[-123.66029,41.37551],[-123.6605,41.3757],[-123.66093,41.37601],[-123.66159,41.37653],[-123.66174,41.37671],[-123.66189,41.37684],[-123.662,41.37692],[-123.66214,41.377],[-123.66243,41.37711],[-123.6626,41.37718],[-123.66265,41.37721],[-123.6627,41.37726],[-123.66274,41.37733],[-123.6628,41.37749],[-123.66281,41.37761],[-123.66281,41.37775],[-123.66281,41.37831],[-123.66286,41.3787],[-123.66283,41.37886],[-123.66277,41.37905],[-123.66235,41.38014],[-123.66225,41.38034],[-123.66177,41.3811],[-123.66155,41.38135],[-123.66144,41.38148],[-123.6612,41.3817],[-123.66093,41.38201],[-123.66087,41.38209],[-123.66079,41.3822],[-123.66066,41.38249],[-123.66062,41.38264],[-123.6606,41.3828],[-123.66064,41.38308],[-123.66057,41.38355],[-123.66056,41.38367],[-123.66049,41.38385],[-123.6604,41.38401],[-123.66033,41.38412],[-123.66001,41.38449],[-123.65969,41.3848],[-123.65954,41.38496],[-123.65945,41.3851],[-123.65935,41.38529],[-123.65931,41.38552],[-123.65928,41.38563],[-123.65922,41.38572],[-123.65909,41.38583],[-123.65887,41.38601],[-123.65844,41.3862],[-123.65818,41.38632],[-123.65788,41.38644],[-123.65768,41.38655],[-123.6575,41.38666],[-123.65741,41.38674],[-123.65727,41.38687],[-123.6571,41.38715],[-123.65691,41.38742],[-123.65676,41.38759],[-123.65671,41.38769],[-123.65664,41.38781],[-123.65658,41.3879],[-123.65651,41.38799],[-123.65637,41.3881],[-123.65619,41.38822],[-123.65597,41.38856],[-123.65583,41.38873],[-123.65551,41.38902],[-123.65539,41.38911],[-123.65522,41.38936],[-123.65517,41.38943],[-123.65515,41.38951],[-123.65512,41.38971]]}},{"type":"Feature","properties":{"name":"Cedar Camp Road","road_class":"unclassified","surface":"gravel","source":"Caltrans All Roads + OpenStreetMap explicit surface","source_detail":"osm way 10253917; Caltrans All Roads public-network geometry match","source_tile":"160/382","public_network_source":"Caltrans All Roads (ARNOLD/HPMS)","surface_source":"OpenStreetMap explicit surface tag","caltrans_match_coverage":1.0,"verified_length_m":2748},"geometry":{"type":"LineString","coordinates":[[-123.64047,41.42624],[-123.64019,41.42634],[-123.63988,41.42653],[-123.63956,41.42682],[-123.63922,41.42704],[-123.6391,41.42711],[-123.63899,41.42721],[-123.63894,41.42735],[-123.63891,41.4275],[-123.63882,41.42763],[-123.63878,41.42781],[-123.63882,41.42799],[-123.63885,41.42812],[-123.63892,41.42826],[-123.63893,41.42837],[-123.63891,41.42844],[-123.63886,41.42847],[-123.63879,41.4285],[-123.63868,41.42851],[-123.63834,41.42853],[-123.6378,41.42854],[-123.63758,41.42854],[-123.63734,41.4286],[-123.63665,41.42882],[-123.63649,41.42884],[-123.6363,41.42882],[-123.63573,41.42871],[-123.63533,41.42864],[-123.63503,41.42861],[-123.63466,41.42861],[-123.63442,41.42859],[-123.63424,41.4286],[-123.63407,41.42861],[-123.63368,41.42866],[-123.63318,41.42872],[-123.63265,41.42877],[-123.63249,41.42881],[-123.63232,41.42891],[-123.63169,41.42944],[-123.63153,41.42955],[-123.63127,41.42969],[-123.63099,41.42985],[-123.6307,41.43],[-123.63054,41.43006],[-123.63042,41.43009],[-123.6303,41.43011],[-123.63017,41.43011],[-123.63001,41.43012],[-123.6298,41.43012],[-123.62964,41.43013],[-123.62939,41.43019],[-123.6288,41.43047],[-123.62828,41.4307],[-123.62779,41.43095],[-123.62737,41.43113],[-123.62706,41.43125],[-123.6268,41.43135],[-123.6266,41.4314],[-123.62635,41.43143],[-123.62608,41.4315],[-123.62588,41.43156],[-123.62571,41.43166],[-123.62556,41.43175],[-123.62542,41.43186],[-123.6243,41.43251],[-123.62415,41.43258],[-123.62398,41.43269],[-123.62383,41.4328],[-123.62375,41.43294],[-123.6236,41.43313],[-123.62347,41.43325],[-123.62341,41.43339],[-123.62342,41.43347],[-123.62343,41.43354],[-123.6235,41.43363],[-123.62364,41.43382],[-123.62395,41.43419],[-123.62431,41.43465],[-123.62468,41.435],[-123.62478,41.4351],[-123.62484,41.4352],[-123.62484,41.43527],[-123.6248,41.43535],[-123.62472,41.4354],[-123.62459,41.43545],[-123.62387,41.43572],[-123.62348,41.43584],[-123.6231,41.4359],[-123.62275,41.43601],[-123.62265,41.43604],[-123.62237,41.43607],[-123.6222,41.43612],[-123.62208,41.43619],[-123.62196,41.43628],[-123.62183,41.43637],[-123.62167,41.43653],[-123.62136,41.43677],[-123.62129,41.43684],[-123.62119,41.43693],[-123.62114,41.43708],[-123.62113,41.43717],[-123.62107,41.43731],[-123.62099,41.4375],[-123.62082,41.43773],[-123.62064,41.43794],[-123.62035,41.43808],[-123.62003,41.43829],[-123.61981,41.43847],[-123.61958,41.43882],[-123.61951,41.43905],[-123.61951,41.43919],[-123.61951,41.43933],[-123.61946,41.43941],[-123.61935,41.43943],[-123.61928,41.43943],[-123.61923,41.43942]]}},{"type":"Feature","properties":{"name":"Brown Creek Road","road_class":"unclassified","surface":"gravel","source":"Caltrans All Roads + OpenStreetMap explicit surface","source_detail":"osm way 10258705; Caltrans All Roads public-network geometry match","source_tile":"160/382","public_network_source":"Caltrans All Roads (ARNOLD/HPMS)","surface_source":"OpenStreetMap explicit surface tag","caltrans_match_coverage":1.0,"verified_length_m":6807},"geometry":{"type":"LineString","coordinates":[[-123.54639,41.35489],[-123.5465,41.35504],[-123.54661,41.35526],[-123.54669,41.35544],[-123.54669,41.35558],[-123.54666,41.3558],[-123.54673,41.3561],[-123.54679,41.35624],[-123.54688,41.35633],[-123.54705,41.35643],[-123.54718,41.35648],[-123.54736,41.35652],[-123.5477,41.35648],[-123.54791,41.35646],[-123.5481,41.35647],[-123.54823,41.35654],[-123.54858,41.35674],[-123.54878,41.35681],[-123.5489,41.35683],[-123.54901,41.35682],[-123.54913,41.3568],[-123.54927,41.35672],[-123.54945,41.35656],[-123.54954,41.35652],[-123.54964,41.35651],[-123.54996,41.35655],[-123.55049,41.35665],[-123.55097,41.35674],[-123.5511,41.35679],[-123.55124,41.35686],[-123.55137,41.35698],[-123.5517,41.35738],[-123.55189,41.35762],[-123.55198,41.35771],[-123.55215,41.3578],[-123.55236,41.35787],[-123.55256,41.35791],[-123.55273,41.35798],[-123.55285,41.35805],[-123.55296,41.35814],[-123.55305,41.35825],[-123.55308,41.35838],[-123.55314,41.35852],[-123.55323,41.35866],[-123.55331,41.35874],[-123.55349,41.35883],[-123.5537,41.35893],[-123.55382,41.35898],[-123.55391,41.35907],[-123.55403,41.35934],[-123.55415,41.35948],[-123.55428,41.35963],[-123.55444,41.35972],[-123.5546,41.35979],[-123.55479,41.35982],[-123.55505,41.35983],[-123.55546,41.35989],[-123.55561,41.35992],[-123.55602,41.36014],[-123.55611,41.36022],[-123.5562,41.36032],[-123.55621,41.36043],[-123.55617,41.36054],[-123.55609,41.36063],[-123.55592,41.36075],[-123.55571,41.36087],[-123.55562,41.361],[-123.55547,41.36113],[-123.55529,41.36123],[-123.55518,41.36138],[-123.55515,41.36149],[-123.55516,41.36166],[-123.55513,41.36181],[-123.55506,41.36192],[-123.55496,41.36203],[-123.55493,41.36222],[-123.55492,41.36255],[-123.55501,41.36281],[-123.55507,41.3631],[-123.55512,41.36335],[-123.55515,41.36359],[-123.55509,41.36385],[-123.55496,41.36425],[-123.55479,41.36462],[-123.55472,41.36498],[-123.55471,41.36534],[-123.55476,41.36549],[-123.55482,41.36566],[-123.55496,41.366],[-123.55499,41.36632],[-123.55507,41.36659],[-123.55518,41.36685],[-123.55536,41.36711],[-123.55563,41.36744],[-123.5558,41.36771],[-123.55623,41.36822],[-123.55636,41.36851],[-123.55649,41.36874],[-123.5566,41.36901],[-123.55663,41.36927],[-123.55663,41.36964],[-123.5567,41.36983],[-123.55696,41.37014],[-123.55708,41.37039],[-123.55711,41.37053],[-123.55713,41.37084],[-123.55715,41.37097],[-123.5572,41.37105],[-123.55746,41.3713],[-123.5577,41.37154],[-123.55775,41.37165],[-123.55778,41.37181],[-123.55776,41.37193],[-123.55767,41.37208],[-123.55753,41.37223],[-123.5574,41.37236],[-123.55733,41.37254],[-123.55732,41.37272],[-123.55735,41.37284],[-123.55741,41.37294],[-123.55764,41.37318],[-123.55838,41.37374],[-123.55851,41.37387],[-123.55868,41.37413],[-123.55883,41.37434],[-123.55915,41.37462],[-123.55948,41.37483],[-123.56011,41.37513],[-123.56025,41.37523],[-123.56036,41.37534],[-123.56059,41.37573],[-123.56069,41.37585],[-123.56078,41.37594],[-123.56088,41.37605],[-123.56102,41.37615],[-123.56116,41.37624],[-123.56127,41.37628],[-123.56145,41.37633],[-123.56159,41.37635],[-123.56195,41.37639],[-123.56209,41.3764],[-123.56225,41.37639],[-123.56236,41.37636],[-123.56249,41.37628],[-123.56259,41.37617],[-123.56271,41.37593],[-123.56277,41.37586],[-123.56284,41.3758],[-123.56291,41.37577],[-123.56302,41.37576],[-123.56315,41.37577],[-123.56328,41.37581],[-123.56349,41.37595],[-123.56361,41.37604],[-123.56368,41.37614],[-123.5637,41.37623],[-123.56369,41.37634],[-123.56362,41.37642],[-123.56357,41.37648],[-123.56339,41.37664],[-123.56327,41.37677],[-123.56318,41.37689],[-123.56314,41.37702],[-123.5631,41.37718],[-123.5631,41.3773],[-123.56314,41.37739],[-123.56321,41.37745],[-123.56328,41.37748],[-123.56336,41.3775],[-123.56343,41.37751],[-123.5635,41.3775],[-123.56358,41.37748],[-123.5638,41.37735],[-123.56422,41.37709],[-123.56435,41.37705],[-123.5645,41.37702],[-123.56478,41.37702],[-123.56492,41.37701],[-123.56502,41.37699],[-123.56516,41.37695],[-123.5653,41.37687],[-123.56556,41.37671],[-123.56567,41.37668],[-123.56594,41.37663],[-123.56606,41.37659],[-123.56615,41.37655],[-123.56622,41.37647],[-123.56627,41.37634],[-123.56626,41.37621],[-123.56623,41.37598],[-123.56624,41.37586],[-123.56624,41.3757],[-123.56627,41.37561],[-123.56633,41.37556],[-123.56642,41.37551],[-123.56651,41.37548],[-123.56666,41.37547],[-123.5668,41.37549],[-123.56697,41.3756],[-123.56715,41.37566],[-123.56734,41.37569],[-123.56787,41.37561],[-123.5681,41.37561],[-123.56843,41.37565],[-123.56874,41.37571],[-123.56887,41.37574],[-123.56899,41.37581],[-123.56918,41.37599],[-123.56926,41.37603],[-123.56935,41.37605],[-123.56949,41.37605],[-123.5696,41.37602],[-123.56975,41.37594],[-123.56983,41.37589],[-123.56996,41.37579],[-123.57001,41.37576],[-123.57014,41.37573],[-123.57026,41.37572],[-123.57041,41.37577],[-123.57058,41.37587],[-123.57089,41.37599],[-123.571,41.37601],[-123.57113,41.37601],[-123.57149,41.37598],[-123.57161,41.37599],[-123.57172,41.37602],[-123.57187,41.37601],[-123.57214,41.37596],[-123.57231,41.37594],[-123.57257,41.37596],[-123.5728,41.37604],[-123.57298,41.37606],[-123.57311,41.37604],[-123.5732,41.37597],[-123.57331,41.37584],[-123.57341,41.37562],[-123.57355,41.37544],[-123.57364,41.37535],[-123.57374,41.37529],[-123.57394,41.37515],[-123.57407,41.37509],[-123.57424,41.37505],[-123.57465,41.37494],[-123.57487,41.37484],[-123.57503,41.37468],[-123.57517,41.37457],[-123.57532,41.3745],[-123.5755,41.37447],[-123.57608,41.37443],[-123.57627,41.37439],[-123.57651,41.37429],[-123.57672,41.37415],[-123.57693,41.37403],[-123.57726,41.37381],[-123.57758,41.37363],[-123.57791,41.37341],[-123.57812,41.37322],[-123.57827,41.37305],[-123.5784,41.37287],[-123.57844,41.37274],[-123.57857,41.3725],[-123.57865,41.37213],[-123.57867,41.37201],[-123.57871,41.37193],[-123.57878,41.37182],[-123.5789,41.37167],[-123.57904,41.37149],[-123.57925,41.37133],[-123.57934,41.37132],[-123.57945,41.37134],[-123.57956,41.37139],[-123.57964,41.37148],[-123.57968,41.37156],[-123.57967,41.37161],[-123.5796,41.3717],[-123.57948,41.37181],[-123.57941,41.37194],[-123.57934,41.37212],[-123.57934,41.37222],[-123.57945,41.37264],[-123.57944,41.3732],[-123.5794,41.37372],[-123.57941,41.37398],[-123.57937,41.37411],[-123.57906,41.37456],[-123.57895,41.37479],[-123.57893,41.37492],[-123.57895,41.37546],[-123.57894,41.3756],[-123.57888,41.37572],[-123.57877,41.37594],[-123.57872,41.3761],[-123.5787,41.37622],[-123.57869,41.37652],[-123.57872,41.37668],[-123.5788,41.3768],[-123.57906,41.377],[-123.5791,41.37708],[-123.57911,41.37719],[-123.57909,41.3774],[-123.57915,41.37757],[-123.5793,41.37778],[-123.57928,41.37799],[-123.5794,41.37867],[-123.57937,41.37893],[-123.57942,41.37905],[-123.57948,41.37909],[-123.57953,41.37914],[-123.5796,41.37915],[-123.57966,41.37916],[-123.57975,41.37916],[-123.57986,41.37915],[-123.5801,41.37911],[-123.58043,41.37904],[-123.58065,41.379],[-123.58085,41.37901],[-123.58113,41.37907],[-123.58127,41.37909],[-123.58141,41.37911],[-123.58157,41.37909],[-123.58179,41.37903],[-123.58194,41.37903],[-123.58229,41.37907],[-123.5825,41.3791],[-123.58282,41.37913],[-123.58311,41.37914],[-123.58343,41.37913],[-123.58373,41.37909],[-123.58392,41.37905],[-123.58428,41.37892],[-123.58443,41.37887],[-123.5846,41.37885],[-123.58476,41.37884],[-123.58499,41.37888],[-123.58512,41.37893],[-123.58526,41.37901]]}},{"type":"Feature","properties":{"name":"Head Road","road_class":"track","surface":"gravel","source":"Caltrans All Roads + OpenStreetMap explicit surface","source_detail":"osm way 10261647; Caltrans All Roads public-network geometry match","source_tile":"160/382","public_network_source":"Caltrans All Roads (ARNOLD/HPMS)","surface_source":"OpenStreetMap explicit surface tag","caltrans_match_coverage":0.966,"verified_length_m":2633},"geometry":{"type":"LineString","coordinates":[[-123.6741,41.37161],[-123.67406,41.3717],[-123.67406,41.37195],[-123.67404,41.37203],[-123.6739,41.37237],[-123.67382,41.3727],[-123.67378,41.37278],[-123.67372,41.37286],[-123.6736,41.37294],[-123.67351,41.37298],[-123.67324,41.37304],[-123.67297,41.37312],[-123.67282,41.37315],[-123.67225,41.37314],[-123.672,41.37315],[-123.67166,41.37319],[-123.67143,41.37319],[-123.67054,41.37301],[-123.66977,41.37294],[-123.66971,41.37294],[-123.66963,41.37295],[-123.66951,41.373],[-123.66945,41.37302],[-123.66918,41.37301],[-123.66905,41.37299],[-123.66892,41.37297],[-123.66879,41.37293],[-123.66867,41.37288],[-123.66856,41.37282],[-123.66832,41.37267],[-123.66825,41.37264],[-123.66803,41.37261],[-123.66779,41.37255],[-123.66709,41.37242],[-123.66671,41.37238],[-123.66641,41.37238],[-123.66604,41.37238],[-123.66587,41.37241],[-123.6656,41.37248],[-123.66541,41.37252],[-123.66523,41.37254],[-123.66508,41.37255],[-123.66495,41.37253],[-123.66484,41.37251],[-123.6647,41.37246],[-123.66454,41.37244],[-123.66363,41.37241],[-123.66328,41.37236],[-123.66305,41.37229],[-123.66291,41.37224],[-123.66274,41.37216],[-123.66254,41.37206],[-123.66247,41.37203],[-123.66238,41.37202],[-123.6622,41.37198],[-123.66198,41.37193],[-123.66165,41.37179],[-123.66147,41.37173],[-123.66119,41.37166],[-123.661,41.37163],[-123.66086,41.37159],[-123.66013,41.37118],[-123.65999,41.37115],[-123.65985,41.37113],[-123.65968,41.37111],[-123.65902,41.37093],[-123.65885,41.37085],[-123.65837,41.37071],[-123.65819,41.37067],[-123.65803,41.37064],[-123.65778,41.37066],[-123.65756,41.37069],[-123.65736,41.37072],[-123.6569,41.37081],[-123.65633,41.37092],[-123.65598,41.37103],[-123.65569,41.37109],[-123.65544,41.37111],[-123.65505,41.37112],[-123.65479,41.37109],[-123.65465,41.37106],[-123.65451,41.37102],[-123.65438,41.37097],[-123.65426,41.37088],[-123.65416,41.37077],[-123.65387,41.37055],[-123.65371,41.37048],[-123.65357,41.37047],[-123.65345,41.3705],[-123.65339,41.37056],[-123.65335,41.37062],[-123.65332,41.37068],[-123.6533,41.37076],[-123.65335,41.3712],[-123.65333,41.37135],[-123.65333,41.37146],[-123.65339,41.37163],[-123.65344,41.37172],[-123.65347,41.37181],[-123.65349,41.37195],[-123.65348,41.37213],[-123.65343,41.37221],[-123.65339,41.37223],[-123.6533,41.37225],[-123.6532,41.37222],[-123.65315,41.37216],[-123.65313,41.37209],[-123.65313,41.37205],[-123.65317,41.37193],[-123.65319,41.37181],[-123.65317,41.37172],[-123.65307,41.37149],[-123.65296,41.37118],[-123.65291,41.37112],[-123.65276,41.37101],[-123.65262,41.3709],[-123.65247,41.37078],[-123.65239,41.37075],[-123.65211,41.37071],[-123.65196,41.37065],[-123.65179,41.37056],[-123.65167,41.37046],[-123.65139,41.37021],[-123.65115,41.37],[-123.65105,41.36988],[-123.65084,41.36973],[-123.65067,41.36967],[-123.65055,41.36963],[-123.65036,41.36963],[-123.64961,41.36965]]}},{"type":"Feature","properties":{"name":"Deer Lick Saddle Road","road_class":"unclassified","surface":"gravel","source":"Caltrans All Roads + OpenStreetMap explicit surface","source_detail":"osm way 10261720; Caltrans All Roads public-network geometry match","source_tile":"160/382","public_network_source":"Caltrans All Roads (ARNOLD/HPMS)","surface_source":"OpenStreetMap explicit surface tag","caltrans_match_coverage":1.0,"verified_length_m":2145},"geometry":{"type":"LineString","coordinates":[[-123.5261,41.27478],[-123.52612,41.27465],[-123.52616,41.27453],[-123.52622,41.27443],[-123.5267,41.27395],[-123.52684,41.27381],[-123.52723,41.27329],[-123.52733,41.27322],[-123.52747,41.27316],[-123.52794,41.27309],[-123.52808,41.27305],[-123.52821,41.27298],[-123.52839,41.27283],[-123.52852,41.27277],[-123.52867,41.27274],[-123.52941,41.27277],[-123.52975,41.2728],[-123.52989,41.2728],[-123.53003,41.27278],[-123.5303,41.27267],[-123.53047,41.27263],[-123.53064,41.27262],[-123.53093,41.27263],[-123.53109,41.27266],[-123.53122,41.27269],[-123.53152,41.27287],[-123.53162,41.27291],[-123.53179,41.27293],[-123.53217,41.27287],[-123.53226,41.27287],[-123.53233,41.2729],[-123.53237,41.27295],[-123.53238,41.27301],[-123.53234,41.27307],[-123.53221,41.27314],[-123.53167,41.27335],[-123.53161,41.27339],[-123.5316,41.27345],[-123.53163,41.27351],[-123.5317,41.27356],[-123.53178,41.27359],[-123.5319,41.27361],[-123.5321,41.27358],[-123.53253,41.27361],[-123.53284,41.27358],[-123.53333,41.27344],[-123.53378,41.27332],[-123.53418,41.27312],[-123.53432,41.27308],[-123.53446,41.27306],[-123.53471,41.27306],[-123.53498,41.273],[-123.53561,41.27271],[-123.53579,41.27265],[-123.53598,41.27262],[-123.53639,41.27264],[-123.53659,41.27263],[-123.53675,41.27267],[-123.53724,41.27261],[-123.53813,41.27224],[-123.53842,41.27211],[-123.53863,41.27199],[-123.53874,41.27189],[-123.53892,41.27187],[-123.53926,41.27191],[-123.53967,41.27202],[-123.54021,41.27217],[-123.54054,41.27219],[-123.54079,41.27218],[-123.54105,41.27214],[-123.54128,41.27207],[-123.54146,41.272],[-123.54163,41.2719],[-123.54173,41.27186],[-123.54184,41.27184],[-123.54199,41.27187],[-123.54211,41.27192],[-123.5422,41.272],[-123.54232,41.27204],[-123.54244,41.27206],[-123.54257,41.27206],[-123.54267,41.27204],[-123.54278,41.27198],[-123.54284,41.27193],[-123.5429,41.27185],[-123.54296,41.27174],[-123.54304,41.27161],[-123.54315,41.27155],[-123.54326,41.27152],[-123.54339,41.27153],[-123.54362,41.27164],[-123.54379,41.2717],[-123.54397,41.27173],[-123.54416,41.27174],[-123.54503,41.27159],[-123.54527,41.2715],[-123.54542,41.27146],[-123.54558,41.27147],[-123.54569,41.2715],[-123.546,41.27165],[-123.54611,41.27169],[-123.54626,41.27171],[-123.54643,41.27177],[-123.54667,41.27191]]}},{"type":"Feature","properties":{"name":"Burrill (Divide Lake) Road","road_class":"track","surface":"gravel","source":"Caltrans All Roads + OpenStreetMap explicit surface","source_detail":"osm way 10262864; Caltrans All Roads public-network geometry match","source_tile":"160/383","public_network_source":"Caltrans All Roads (ARNOLD/HPMS)","surface_source":"OpenStreetMap explicit surface tag","caltrans_match_coverage":1.0,"verified_length_m":2790},"geometry":{"type":"LineString","coordinates":[[-123.7139,41.24384],[-123.71363,41.24386],[-123.71342,41.24379],[-123.71306,41.24373],[-123.7129,41.24374],[-123.71281,41.24377],[-123.71246,41.24386],[-123.71225,41.24388],[-123.71208,41.24387],[-123.71191,41.24384],[-123.71173,41.24378],[-123.71146,41.24374],[-123.71124,41.24368],[-123.71111,41.24367],[-123.71081,41.24367],[-123.71041,41.24365],[-123.71032,41.24363],[-123.71024,41.24359],[-123.71013,41.24348],[-123.71002,41.2434],[-123.7099,41.24332],[-123.70975,41.24325],[-123.7096,41.24322],[-123.70946,41.24321],[-123.70924,41.24323],[-123.70902,41.24326],[-123.70892,41.24326],[-123.70883,41.24323],[-123.70874,41.24318],[-123.70851,41.24302],[-123.70838,41.24299],[-123.70828,41.243],[-123.70824,41.24303],[-123.70822,41.24307],[-123.70821,41.24313],[-123.70824,41.24323],[-123.70836,41.24341],[-123.70849,41.24355],[-123.7086,41.24365],[-123.70874,41.24371],[-123.70885,41.24373],[-123.709,41.24374],[-123.70914,41.24373],[-123.70923,41.24372],[-123.70932,41.24374],[-123.70938,41.24377],[-123.70943,41.24386],[-123.7095,41.24405],[-123.70955,41.24419],[-123.70956,41.24429],[-123.70961,41.24436],[-123.70973,41.24446],[-123.70987,41.24459],[-123.70998,41.24469],[-123.71012,41.24477],[-123.71019,41.24485],[-123.71023,41.24493],[-123.71021,41.24501],[-123.71022,41.24508],[-123.71026,41.24514],[-123.71035,41.24525],[-123.71036,41.24538],[-123.71031,41.24563],[-123.71033,41.24588],[-123.71041,41.24612],[-123.71039,41.24622],[-123.71033,41.24629],[-123.7103,41.24639],[-123.71028,41.24676],[-123.71022,41.24693],[-123.71001,41.2473],[-123.70982,41.24754],[-123.70973,41.24772],[-123.70967,41.24787],[-123.70965,41.24802],[-123.70967,41.24813],[-123.70966,41.24817],[-123.70961,41.24826],[-123.70956,41.24841],[-123.70953,41.24849],[-123.70955,41.24867],[-123.70975,41.24895],[-123.70983,41.24914],[-123.70994,41.24947],[-123.70995,41.24958],[-123.70977,41.25044],[-123.70968,41.25077],[-123.70969,41.25095],[-123.70972,41.2511],[-123.7098,41.25127],[-123.71001,41.25162],[-123.71013,41.25174],[-123.71018,41.25183],[-123.7102,41.25196],[-123.71023,41.25205],[-123.71036,41.25225],[-123.7104,41.25235],[-123.71046,41.25296],[-123.71051,41.25304],[-123.71058,41.25313],[-123.71063,41.25317],[-123.71074,41.25323],[-123.7113,41.25337],[-123.71167,41.25344],[-123.71194,41.25352],[-123.71201,41.25353],[-123.71222,41.25355],[-123.71243,41.25356],[-123.71284,41.25364],[-123.713,41.25365],[-123.71335,41.25364],[-123.71351,41.25365],[-123.71378,41.25372],[-123.71402,41.25376],[-123.71415,41.25378],[-123.71421,41.25384],[-123.71427,41.25392],[-123.71433,41.25403],[-123.71444,41.2542],[-123.71444,41.25426],[-123.71443,41.25434],[-123.71439,41.25439],[-123.71431,41.25444],[-123.71421,41.25448],[-123.71405,41.25455],[-123.71398,41.25458],[-123.71391,41.25463],[-123.71387,41.25471],[-123.71385,41.25482],[-123.71386,41.25491],[-123.71394,41.2551],[-123.71413,41.25537],[-123.71428,41.25559],[-123.71433,41.25572],[-123.71435,41.25583],[-123.71442,41.25601],[-123.71444,41.25614],[-123.71446,41.25622],[-123.71447,41.25637],[-123.71441,41.2565],[-123.71433,41.25665],[-123.71425,41.25679],[-123.71425,41.25699],[-123.71426,41.25716],[-123.71434,41.25733],[-123.71442,41.25743],[-123.71449,41.25758],[-123.71449,41.25772],[-123.71445,41.25782],[-123.71441,41.25791],[-123.71422,41.25814],[-123.71413,41.2583],[-123.7141,41.25843],[-123.71408,41.25876],[-123.71407,41.25895],[-123.71411,41.25916],[-123.71414,41.25931],[-123.71415,41.25942],[-123.71414,41.25958],[-123.71415,41.25979]]}},{"type":"Feature","properties":{"name":"Teneyek Road","road_class":"unclassified","surface":"gravel","source":"Caltrans All Roads + OpenStreetMap explicit surface","source_detail":"osm way 10264271; Caltrans All Roads public-network geometry match","source_tile":"160/382","public_network_source":"Caltrans All Roads (ARNOLD/HPMS)","surface_source":"OpenStreetMap explicit surface tag","caltrans_match_coverage":1.0,"verified_length_m":869},"geometry":{"type":"LineString","coordinates":[[-123.52837,41.37922],[-123.52828,41.37912],[-123.52824,41.379],[-123.52813,41.3788],[-123.52804,41.37869],[-123.52791,41.37859],[-123.52783,41.37853],[-123.52771,41.37847],[-123.52757,41.37846],[-123.52743,41.37844],[-123.5273,41.37845],[-123.52716,41.37851],[-123.52701,41.37865],[-123.52686,41.37884],[-123.52679,41.37897],[-123.52673,41.37904],[-123.52673,41.37909],[-123.52674,41.37913],[-123.52694,41.37938],[-123.52695,41.37946],[-123.52691,41.37951],[-123.52685,41.37955],[-123.52631,41.37981],[-123.52595,41.38],[-123.52582,41.38011],[-123.52573,41.38023],[-123.52567,41.38037],[-123.52567,41.38046],[-123.52571,41.38056],[-123.52571,41.38064],[-123.52566,41.38071],[-123.5256,41.38075],[-123.52553,41.38076],[-123.52546,41.38074],[-123.52542,41.38071],[-123.52526,41.3805],[-123.52518,41.38046],[-123.52509,41.38045],[-123.52504,41.38045],[-123.52485,41.38051],[-123.52453,41.38055],[-123.52433,41.38057],[-123.52424,41.3806],[-123.52412,41.38067],[-123.52403,41.38077],[-123.52401,41.38081],[-123.524,41.38088],[-123.52401,41.38099],[-123.52406,41.38113],[-123.52405,41.38119],[-123.52401,41.38124],[-123.52395,41.38128],[-123.52389,41.38131],[-123.5238,41.38131],[-123.52372,41.38128],[-123.52354,41.38117],[-123.52344,41.38109],[-123.52331,41.38104],[-123.52316,41.38104],[-123.52297,41.38103],[-123.52271,41.38107],[-123.52253,41.38108],[-123.52237,41.38106],[-123.52226,41.38101],[-123.52212,41.38091],[-123.52206,41.38089],[-123.52199,41.3809]]}},{"type":"Feature","properties":{"name":"Mosquito Lake Road","road_class":"track","surface":"gravel","source":"Caltrans All Roads + OpenStreetMap explicit surface","source_detail":"osm way 10264641; Caltrans All Roads public-network geometry match","source_tile":"160/382","public_network_source":"Caltrans All Roads (ARNOLD/HPMS)","surface_source":"OpenStreetMap explicit surface tag","caltrans_match_coverage":1.0,"verified_length_m":3156},"geometry":{"type":"LineString","coordinates":[[-123.67397,41.37126],[-123.67407,41.37122],[-123.67418,41.37113],[-123.67436,41.37092],[-123.67452,41.37082],[-123.67469,41.37074],[-123.67482,41.37072],[-123.67487,41.37075],[-123.67494,41.37081],[-123.67495,41.37087],[-123.67493,41.37094],[-123.67471,41.37113],[-123.67468,41.3712],[-123.67468,41.37127],[-123.67481,41.37159],[-123.67488,41.37188],[-123.67493,41.37201],[-123.67502,41.37212],[-123.67523,41.37227],[-123.67554,41.37243],[-123.67561,41.37248],[-123.67567,41.37259],[-123.67573,41.37263],[-123.6758,41.37264],[-123.67586,41.37263],[-123.67595,41.37257],[-123.67603,41.3725],[-123.67612,41.37248],[-123.67626,41.3725],[-123.67659,41.37255],[-123.6768,41.37258],[-123.6769,41.37259],[-123.67698,41.37257],[-123.67704,41.37254],[-123.67707,41.37251],[-123.67709,41.37246],[-123.67718,41.37224],[-123.67722,41.37219],[-123.67729,41.37216],[-123.67747,41.37212],[-123.67792,41.37207],[-123.67806,41.37206],[-123.67828,41.37208],[-123.67839,41.3721],[-123.67858,41.37217],[-123.67883,41.3723],[-123.67901,41.3724],[-123.6792,41.37249],[-123.6796,41.37256],[-123.68014,41.3727],[-123.68046,41.37279],[-123.68084,41.37293],[-123.68099,41.37299],[-123.68117,41.37305],[-123.68185,41.37324],[-123.68215,41.37333],[-123.68224,41.37332],[-123.68236,41.37328],[-123.68253,41.37323],[-123.68337,41.37317],[-123.68351,41.37315],[-123.68363,41.3731],[-123.68391,41.37292],[-123.68404,41.37288],[-123.68411,41.37287],[-123.68443,41.37286],[-123.68481,41.37286],[-123.68492,41.37288],[-123.68497,41.3729],[-123.68516,41.37302],[-123.68527,41.37312],[-123.68537,41.37326],[-123.68544,41.37342],[-123.68548,41.37361],[-123.68556,41.37369],[-123.68564,41.37372],[-123.68574,41.37374],[-123.68619,41.37375],[-123.6864,41.37377],[-123.68658,41.37381],[-123.68671,41.37387],[-123.68681,41.37398],[-123.68705,41.37428],[-123.68712,41.37434],[-123.68728,41.37447],[-123.68746,41.37457],[-123.68783,41.37485],[-123.68796,41.37493],[-123.68802,41.37495],[-123.68814,41.37497],[-123.6885,41.375],[-123.68901,41.37507],[-123.68927,41.37509],[-123.68958,41.37508],[-123.68985,41.375],[-123.69003,41.37498],[-123.69077,41.37497],[-123.6909,41.37499],[-123.69106,41.37502],[-123.69121,41.37503],[-123.69167,41.375],[-123.69178,41.37502],[-123.69188,41.37506],[-123.69203,41.37517],[-123.69223,41.37541],[-123.69228,41.3755],[-123.69235,41.37565],[-123.69232,41.376],[-123.69236,41.3761],[-123.69245,41.37627],[-123.6925,41.37636],[-123.69257,41.37644],[-123.69276,41.37659],[-123.69298,41.37672],[-123.69311,41.37677],[-123.69322,41.37694],[-123.69331,41.37702],[-123.69342,41.37711],[-123.69355,41.3772],[-123.69368,41.37741],[-123.69377,41.37754],[-123.69398,41.37771],[-123.69412,41.37779],[-123.69427,41.37787],[-123.69435,41.37794],[-123.69438,41.37806],[-123.69435,41.37818],[-123.6943,41.37827],[-123.6942,41.37836],[-123.69409,41.37848],[-123.69401,41.3786],[-123.69399,41.37869],[-123.69402,41.37878],[-123.69406,41.37887],[-123.69411,41.37894],[-123.69424,41.37902],[-123.69434,41.37911],[-123.69441,41.37922],[-123.69441,41.3793],[-123.6945,41.3794],[-123.69459,41.37947],[-123.69469,41.37952],[-123.69482,41.37957],[-123.69496,41.3796],[-123.69501,41.37963],[-123.69509,41.37972],[-123.69515,41.37985],[-123.69529,41.38013],[-123.69537,41.38032],[-123.69547,41.38046],[-123.6956,41.38061],[-123.69573,41.38074],[-123.69583,41.38078],[-123.69596,41.38082],[-123.69609,41.38082],[-123.69624,41.38079],[-123.69642,41.38074],[-123.69668,41.3807],[-123.69687,41.38068],[-123.69701,41.38061],[-123.69712,41.38051],[-123.6972,41.3804],[-123.6974,41.3801],[-123.69747,41.38003],[-123.69752,41.38001],[-123.69758,41.37998],[-123.69774,41.37997],[-123.69782,41.37994],[-123.69801,41.37984],[-123.6981,41.37982],[-123.6983,41.37981],[-123.69879,41.37981],[-123.69894,41.37979],[-123.69906,41.37972],[-123.69912,41.37965],[-123.69928,41.37936],[-123.69936,41.37929],[-123.69948,41.37924],[-123.70006,41.37903],[-123.70024,41.37894],[-123.70044,41.37883]]}},{"type":"Feature","properties":{"name":"Head Camp Road Spur D","road_class":"track","surface":"gravel","source":"Caltrans All Roads + OpenStreetMap explicit surface","source_detail":"osm way 10265569; Caltrans All Roads public-network geometry match","source_tile":"160/382","public_network_source":"Caltrans All Roads (ARNOLD/HPMS)","surface_source":"OpenStreetMap explicit surface tag","caltrans_match_coverage":0.986,"verified_length_m":792},"geometry":{"type":"LineString","coordinates":[[-123.62207,41.377],[-123.62211,41.37712],[-123.6221,41.37729],[-123.62217,41.37746],[-123.62227,41.37772],[-123.62236,41.37797],[-123.62229,41.37818],[-123.62219,41.37839],[-123.62213,41.37848],[-123.62208,41.37858],[-123.62204,41.37868],[-123.62203,41.37879],[-123.62202,41.37889],[-123.62203,41.37899],[-123.62207,41.37916],[-123.62214,41.37926],[-123.62217,41.3794],[-123.62216,41.37969],[-123.62213,41.37978],[-123.62206,41.37989],[-123.62198,41.38001],[-123.62191,41.3801],[-123.62177,41.38022],[-123.6217,41.38028],[-123.62165,41.38035],[-123.62166,41.38044],[-123.62172,41.38059],[-123.62173,41.38065],[-123.62171,41.38077],[-123.62166,41.38089],[-123.62131,41.38152],[-123.62112,41.38177],[-123.62093,41.38197],[-123.62083,41.38207],[-123.62074,41.38215],[-123.62063,41.38223],[-123.62049,41.38233],[-123.62042,41.38235],[-123.62033,41.3824],[-123.62029,41.38246],[-123.62029,41.38251],[-123.62033,41.38257],[-123.62043,41.38261],[-123.62052,41.38264],[-123.62059,41.38265],[-123.62068,41.38264],[-123.62075,41.3826],[-123.62086,41.3825],[-123.62096,41.38238],[-123.62121,41.38217],[-123.62133,41.3821]]}},{"type":"Feature","properties":{"name":"Cedar Gulch Road","road_class":"unclassified","surface":"gravel","source":"Caltrans All Roads + OpenStreetMap explicit surface","source_detail":"osm way 10266211; Caltrans All Roads public-network geometry match","source_tile":"160/382","public_network_source":"Caltrans All Roads (ARNOLD/HPMS)","surface_source":"OpenStreetMap explicit surface tag","caltrans_match_coverage":1.0,"verified_length_m":8513},"geometry":{"type":"LineString","coordinates":[[-123.56058,41.3006],[-123.56066,41.30061],[-123.56079,41.30071],[-123.56085,41.30086],[-123.56094,41.30097],[-123.56108,41.30105],[-123.56121,41.30106],[-123.56127,41.30103],[-123.56128,41.30097],[-123.56128,41.30082],[-123.56128,41.30068],[-123.56126,41.30048],[-123.5613,41.30037],[-123.56139,41.30031],[-123.56146,41.30029],[-123.56159,41.30028],[-123.56186,41.30028],[-123.56226,41.30028],[-123.56245,41.30029],[-123.56262,41.30034],[-123.56282,41.30038],[-123.56301,41.30034],[-123.56323,41.3003],[-123.56337,41.30028],[-123.56346,41.30028],[-123.56355,41.30032],[-123.56358,41.30036],[-123.56358,41.30043],[-123.56354,41.30049],[-123.56348,41.30053],[-123.56333,41.30059],[-123.56313,41.30067],[-123.56291,41.30071],[-123.56271,41.30079],[-123.56258,41.3009],[-123.56249,41.30101],[-123.56247,41.30114],[-123.5625,41.30124],[-123.56264,41.30141],[-123.56273,41.30159],[-123.56283,41.30184],[-123.56286,41.30198],[-123.56302,41.30221],[-123.56311,41.30245],[-123.56318,41.30269],[-123.56322,41.30298],[-123.56318,41.30325],[-123.56313,41.3035],[-123.56312,41.30373],[-123.56313,41.3039],[-123.56315,41.30419],[-123.56315,41.3043],[-123.56311,41.30451],[-123.56302,41.30461],[-123.56289,41.30473],[-123.56281,41.30493],[-123.56277,41.30506],[-123.56275,41.30531],[-123.56283,41.30556],[-123.5629,41.30574],[-123.56299,41.30597],[-123.56308,41.30619],[-123.56318,41.30636],[-123.56331,41.30654],[-123.56353,41.30671],[-123.56375,41.30695],[-123.56396,41.30718],[-123.56413,41.30752],[-123.56421,41.30762],[-123.56427,41.30779],[-123.56431,41.308],[-123.56435,41.30817],[-123.56435,41.30838],[-123.56431,41.30863],[-123.56425,41.3089],[-123.5642,41.30905],[-123.5642,41.3092],[-123.56417,41.30931],[-123.56405,41.30945],[-123.56395,41.30955],[-123.56386,41.30969],[-123.56375,41.30987],[-123.56368,41.30999],[-123.56364,41.31012],[-123.56366,41.31022],[-123.56373,41.31031],[-123.5638,41.31035],[-123.56394,41.31041],[-123.56411,41.31042],[-123.56427,41.31041],[-123.56438,41.3104],[-123.56455,41.31033],[-123.56464,41.3103],[-123.56475,41.31028],[-123.56486,41.31028],[-123.56497,41.3103],[-123.56506,41.31032],[-123.56516,41.31035],[-123.56524,41.31035],[-123.56535,41.31034],[-123.5655,41.31035],[-123.56563,41.31038],[-123.56571,41.31046],[-123.56576,41.31055],[-123.56583,41.31066],[-123.56598,41.31074],[-123.56612,41.31076],[-123.56621,41.31074],[-123.56631,41.31072],[-123.56639,41.31067],[-123.56651,41.3106],[-123.56662,41.31056],[-123.56675,41.31053],[-123.56685,41.31053],[-123.56692,41.31056],[-123.56696,41.3106],[-123.56698,41.31063],[-123.56698,41.3107],[-123.56698,41.31075],[-123.56698,41.31084],[-123.56702,41.3109],[-123.56712,41.31096],[-123.56733,41.31112],[-123.56749,41.31125],[-123.5676,41.31135],[-123.56779,41.31147],[-123.56801,41.31159],[-123.56824,41.31164],[-123.56848,41.31166],[-123.56873,41.31168],[-123.56891,41.31171],[-123.56916,41.31179],[-123.56945,41.31187],[-123.56974,41.31191],[-123.56999,41.31194],[-123.5702,41.312],[-123.57035,41.3121],[-123.57049,41.31224],[-123.57065,41.31242],[-123.57099,41.31265],[-123.57125,41.31282],[-123.57151,41.31304],[-123.57168,41.31315],[-123.57185,41.31329],[-123.57193,41.3134],[-123.57197,41.31346],[-123.57199,41.31355],[-123.57199,41.31361],[-123.57196,41.3137],[-123.57194,41.31382],[-123.57196,41.31394],[-123.57202,41.31406],[-123.57211,41.31423],[-123.57216,41.31441],[-123.57217,41.31454],[-123.57226,41.31468],[-123.57243,41.31483],[-123.57257,41.31499],[-123.57267,41.31516],[-123.57275,41.31532],[-123.57285,41.31544],[-123.57305,41.31557],[-123.57332,41.31564],[-123.57361,41.31567],[-123.57389,41.3157],[-123.57414,41.31575],[-123.57436,41.31585],[-123.5746,41.31597],[-123.57483,41.31616],[-123.575,41.31632],[-123.57514,41.31641],[-123.57535,41.31649],[-123.5755,41.31658],[-123.57561,41.31669],[-123.5757,41.31683],[-123.5757,41.31693],[-123.57573,41.31706],[-123.57577,41.31713],[-123.57581,41.31717],[-123.57589,41.31719],[-123.57595,41.31719],[-123.57609,41.31719],[-123.57628,41.31718],[-123.57658,41.3172],[-123.57682,41.31722],[-123.5774,41.31735],[-123.5776,41.31741],[-123.57771,41.31746],[-123.57782,41.31754],[-123.57791,41.31764],[-123.57798,41.31776],[-123.57807,41.31786],[-123.57831,41.31802],[-123.57863,41.31817],[-123.57882,41.31825],[-123.57895,41.31827],[-123.57907,41.31826],[-123.57916,41.31826],[-123.57922,41.31828],[-123.57932,41.31838],[-123.57939,41.31849],[-123.57942,41.31861],[-123.57941,41.31873],[-123.5794,41.31882],[-123.5794,41.31888],[-123.57941,41.31894],[-123.57945,41.319],[-123.57954,41.3191],[-123.57965,41.31918],[-123.57978,41.31922],[-123.58,41.31928],[-123.58015,41.31932],[-123.58028,41.3194],[-123.58038,41.31952],[-123.58052,41.31976],[-123.58058,41.31994],[-123.58059,41.32006],[-123.58057,41.3202],[-123.58059,41.32044],[-123.58063,41.32062],[-123.5807,41.3208],[-123.58073,41.32087],[-123.5809,41.32114],[-123.581,41.32132],[-123.58106,41.32155],[-123.58107,41.32171],[-123.58105,41.32192],[-123.58106,41.32209],[-123.58104,41.32222],[-123.58098,41.32235],[-123.58079,41.32259],[-123.58074,41.32269],[-123.5807,41.32278],[-123.58068,41.32287],[-123.58068,41.32297],[-123.58068,41.32306],[-123.58073,41.32329],[-123.58073,41.3234],[-123.58071,41.32348],[-123.58064,41.32363],[-123.58058,41.32371],[-123.58044,41.32386],[-123.58028,41.324],[-123.58023,41.32409],[-123.58022,41.32413],[-123.58023,41.32417],[-123.58027,41.32421],[-123.58036,41.32425],[-123.58045,41.32425],[-123.58053,41.32424],[-123.58063,41.32422],[-123.58067,41.32417],[-123.58073,41.32409],[-123.58086,41.32385],[-123.58106,41.32359],[-123.58109,41.32352],[-123.58106,41.32335],[-123.58109,41.32328],[-123.58114,41.32319],[-123.58116,41.32307],[-123.5812,41.32295],[-123.58136,41.32265],[-123.5815,41.32244],[-123.58162,41.3223],[-123.58173,41.32221],[-123.58185,41.32214],[-123.58221,41.32194],[-123.58226,41.32188],[-123.58228,41.32178],[-123.5823,41.3215],[-123.58234,41.32144],[-123.58239,41.32138],[-123.58259,41.32124],[-123.58261,41.32118],[-123.58262,41.3211],[-123.5826,41.32079],[-123.5826,41.32071],[-123.58264,41.32059],[-123.58267,41.32057],[-123.58271,41.32056],[-123.58275,41.32056],[-123.58285,41.32062],[-123.58288,41.32066],[-123.58289,41.32071],[-123.58288,41.32079],[-123.58284,41.32089],[-123.58285,41.32104],[-123.58286,41.32113],[-123.58299,41.32157],[-123.583,41.32172],[-123.58296,41.32194],[-123.58289,41.32211],[-123.5828,41.32222],[-123.58274,41.32235],[-123.58269,41.32243],[-123.58265,41.3226],[-123.58269,41.32271],[-123.58271,41.32276],[-123.58278,41.32339],[-123.58284,41.3238],[-123.58283,41.3239],[-123.58278,41.32402],[-123.58269,41.32418],[-123.58253,41.32438],[-123.58252,41.32442],[-123.58253,41.32448],[-123.5826,41.32453],[-123.58265,41.32456],[-123.58273,41.32459],[-123.58324,41.32467],[-123.58431,41.32481],[-123.58464,41.32486],[-123.58471,41.32487],[-123.58477,41.32489],[-123.58483,41.32494],[-123.58497,41.32499],[-123.58512,41.32498],[-123.58517,41.32493],[-123.58518,41.32486],[-123.58515,41.32481],[-123.58507,41.32476],[-123.58482,41.32475],[-123.58453,41.32471],[-123.58432,41.32467],[-123.58416,41.32462],[-123.58401,41.32456],[-123.58387,41.32449],[-123.58368,41.32437],[-123.58358,41.32426],[-123.58354,41.32421],[-123.58351,41.32413],[-123.58352,41.32407],[-123.58355,41.32401],[-123.58361,41.32395],[-123.5837,41.3239],[-123.58384,41.32378],[-123.5842,41.32341],[-123.58428,41.32335],[-123.58433,41.32327],[-123.58435,41.32321],[-123.58439,41.32307],[-123.58442,41.32296],[-123.58452,41.32283],[-123.58457,41.32274],[-123.58461,41.3226],[-123.58462,41.32245],[-123.58455,41.32214],[-123.58455,41.32209],[-123.58459,41.32202],[-123.58464,41.32199],[-123.58475,41.32195],[-123.58488,41.32192],[-123.58504,41.3219],[-123.58521,41.3219],[-123.58554,41.32194],[-123.58576,41.32195],[-123.58588,41.32194],[-123.586,41.32189],[-123.58611,41.32183],[-123.58624,41.32174],[-123.58635,41.3217],[-123.58647,41.32168],[-123.58662,41.3217],[-123.58681,41.32169],[-123.58707,41.32166],[-123.58755,41.32153],[-123.58798,41.3214],[-123.58821,41.32134],[-123.5888,41.3212],[-123.58909,41.32116],[-123.58921,41.32116],[-123.58937,41.3212],[-123.58944,41.32124],[-123.58957,41.32137],[-123.58975,41.32152],[-123.58987,41.32162],[-123.59005,41.32171],[-123.5904,41.32182],[-123.5906,41.32188],[-123.59075,41.32196],[-123.59087,41.32207],[-123.59089,41.32213],[-123.59089,41.32218],[-123.59082,41.32225],[-123.59077,41.32227],[-123.59072,41.32227],[-123.59065,41.32225],[-123.59057,41.32223],[-123.59048,41.32216],[-123.5903,41.32206],[-123.59013,41.32201],[-123.59001,41.32198],[-123.58979,41.32198],[-123.58958,41.32192],[-123.58944,41.32187],[-123.58929,41.32182],[-123.58914,41.32176],[-123.58902,41.32173],[-123.58891,41.32172],[-123.58882,41.32172],[-123.58851,41.32177],[-123.58841,41.32179],[-123.58833,41.32182],[-123.58814,41.3219],[-123.58808,41.32193],[-123.58787,41.32206],[-123.58772,41.32217],[-123.5875,41.32228],[-123.58726,41.32237],[-123.58715,41.32241],[-123.58707,41.32246],[-123.587,41.32251],[-123.58697,41.32255],[-123.58695,41.32259],[-123.58696,41.32264],[-123.58698,41.32268],[-123.58705,41.32273],[-123.58723,41.32278],[-123.58734,41.32279],[-123.58745,41.32277],[-123.58752,41.32272],[-123.58764,41.32257],[-123.58779,41.32247],[-123.58794,41.32239],[-123.5881,41.32233],[-123.58828,41.32231],[-123.58841,41.32232],[-123.58856,41.32238],[-123.58893,41.32256],[-123.58946,41.32276],[-123.58956,41.32281],[-123.58961,41.32288],[-123.58978,41.32307],[-123.58992,41.32318],[-123.59007,41.32325],[-123.59028,41.32334],[-123.59045,41.3234],[-123.59093,41.32351],[-123.59106,41.32358],[-123.59117,41.32365],[-123.5913,41.32377],[-123.5914,41.32387],[-123.59158,41.32396],[-123.59179,41.32408],[-123.59213,41.32429],[-123.59267,41.32464],[-123.59292,41.32474],[-123.59319,41.32482],[-123.59388,41.325],[-123.59403,41.32502],[-123.59425,41.32503],[-123.59445,41.32502],[-123.59478,41.325],[-123.59581,41.32488],[-123.59596,41.32486],[-123.59607,41.32484],[-123.59619,41.32485],[-123.59633,41.32487],[-123.59682,41.32509],[-123.59692,41.32516],[-123.59699,41.32523],[-123.59714,41.32552],[-123.59718,41.3256],[-123.59726,41.3257],[-123.59734,41.32576],[-123.59747,41.3258],[-123.5976,41.32581],[-123.59771,41.32584],[-123.59776,41.32589],[-123.5978,41.32596],[-123.59778,41.32603],[-123.59773,41.32608],[-123.59765,41.32611],[-123.59757,41.3261],[-123.59746,41.32606],[-123.59727,41.32599],[-123.59715,41.32594],[-123.59705,41.32592],[-123.59695,41.32591],[-123.59686,41.32591],[-123.5968,41.32595],[-123.59677,41.32601],[-123.59677,41.32607],[-123.59679,41.3261],[-123.59685,41.32617],[-123.59695,41.32625],[-123.59724,41.32641],[-123.59732,41.32647],[-123.59742,41.32652],[-123.5976,41.32658],[-123.59779,41.32661],[-123.59809,41.32662],[-123.59823,41.32664],[-123.59838,41.32667],[-123.59851,41.32671],[-123.59864,41.32676],[-123.59874,41.32681],[-123.59905,41.32702],[-123.59941,41.32725],[-123.59985,41.3275],[-123.60011,41.32762],[-123.60025,41.32769],[-123.60034,41.32773],[-123.60047,41.32777],[-123.60057,41.32777],[-123.60076,41.32777],[-123.60111,41.32783],[-123.60119,41.32786],[-123.60127,41.32792],[-123.60137,41.32796],[-123.60147,41.32797],[-123.60157,41.32796],[-123.60177,41.32797],[-123.60205,41.32802],[-123.60222,41.32807],[-123.60231,41.32809],[-123.60242,41.32808],[-123.60252,41.32805],[-123.60273,41.3279],[-123.60284,41.32787],[-123.60296,41.32786],[-123.60302,41.32788],[-123.60305,41.32793],[-123.60307,41.32799]]}},{"type":"Feature","properties":{"name":"Bark Shanty Road","road_class":"unclassified","surface":"gravel","source":"Caltrans All Roads + OpenStreetMap explicit surface","source_detail":"osm way 10266374; Caltrans All Roads public-network geometry match","source_tile":"160/382","public_network_source":"Caltrans All Roads (ARNOLD/HPMS)","surface_source":"OpenStreetMap explicit surface tag","caltrans_match_coverage":0.975,"verified_length_m":2503},"geometry":{"type":"LineString","coordinates":[[-123.53806,41.35818],[-123.53797,41.3582],[-123.53786,41.35826],[-123.53779,41.35838],[-123.53774,41.35851],[-123.53762,41.3587],[-123.53753,41.35878],[-123.53737,41.35883],[-123.53727,41.35884],[-123.53712,41.35882],[-123.53691,41.35873],[-123.5368,41.35867],[-123.53675,41.35862],[-123.53668,41.35854],[-123.53663,41.35845],[-123.53659,41.3583],[-123.53654,41.35816],[-123.53645,41.358],[-123.53631,41.35782],[-123.5362,41.3577],[-123.53603,41.35756],[-123.53575,41.35742],[-123.53531,41.35721],[-123.53496,41.35714],[-123.53469,41.35712],[-123.53441,41.35715],[-123.53401,41.35708],[-123.53368,41.35697],[-123.53335,41.35683],[-123.53322,41.35678],[-123.53312,41.35675],[-123.53299,41.35673],[-123.53287,41.35673],[-123.53275,41.35674],[-123.53263,41.35672],[-123.53245,41.35667],[-123.53217,41.35654],[-123.53204,41.35644],[-123.53201,41.35637],[-123.53191,41.35606],[-123.53184,41.35593],[-123.53177,41.35585],[-123.53162,41.35571],[-123.53151,41.35563],[-123.53141,41.35557],[-123.53126,41.35546],[-123.53091,41.35519],[-123.53055,41.35493],[-123.53043,41.35484],[-123.53033,41.35475],[-123.53025,41.35466],[-123.5302,41.35456],[-123.53006,41.35436],[-123.52993,41.35405],[-123.52985,41.35387],[-123.52974,41.35376],[-123.52956,41.35363],[-123.52952,41.35354],[-123.52955,41.35347],[-123.52964,41.35344],[-123.52976,41.35345],[-123.5299,41.3535],[-123.53007,41.35359],[-123.53033,41.35379],[-123.53051,41.35401],[-123.53074,41.35419],[-123.53083,41.35424],[-123.53092,41.35426],[-123.53101,41.35426],[-123.5311,41.35425],[-123.53127,41.35419],[-123.53141,41.35417],[-123.53151,41.35417],[-123.53163,41.35417],[-123.53178,41.35421],[-123.53204,41.35437],[-123.53216,41.3544],[-123.53231,41.35438],[-123.53239,41.3544],[-123.53252,41.35449],[-123.53259,41.35457],[-123.53264,41.35467],[-123.53272,41.35469],[-123.53279,41.35469],[-123.53284,41.35467],[-123.53289,41.35464],[-123.5329,41.35458],[-123.53286,41.35453],[-123.53276,41.35446],[-123.53223,41.35418],[-123.53212,41.3541],[-123.53199,41.35397],[-123.53171,41.35361],[-123.53154,41.35336],[-123.53136,41.35304],[-123.53109,41.35272],[-123.53097,41.35257],[-123.5309,41.35239],[-123.53088,41.35226],[-123.53094,41.35196],[-123.53091,41.35186],[-123.53084,41.35174],[-123.53072,41.35165],[-123.53057,41.35159],[-123.52936,41.35146],[-123.52926,41.35143],[-123.52919,41.35138],[-123.52912,41.35128],[-123.5291,41.35122],[-123.52912,41.35111],[-123.52912,41.351],[-123.5291,41.35093],[-123.52905,41.35087],[-123.52898,41.35083],[-123.52889,41.3508],[-123.5288,41.3508],[-123.52871,41.35081],[-123.52853,41.35091],[-123.52841,41.35099],[-123.52833,41.35103],[-123.52825,41.35104],[-123.52817,41.35103],[-123.52812,41.351],[-123.52804,41.35092],[-123.52801,41.35081],[-123.52796,41.35072],[-123.52783,41.35059],[-123.5277,41.35048],[-123.52759,41.35042],[-123.52732,41.35032],[-123.52721,41.35033],[-123.5271,41.3504],[-123.527,41.35043],[-123.52688,41.35045],[-123.52676,41.35043],[-123.52664,41.35032],[-123.52655,41.35014],[-123.52622,41.34992],[-123.52615,41.3499],[-123.52611,41.3499],[-123.52606,41.34991],[-123.52602,41.34994],[-123.52585,41.3501],[-123.52579,41.35013],[-123.52573,41.35014],[-123.52568,41.35014],[-123.52563,41.35012],[-123.52558,41.35008],[-123.52552,41.35001],[-123.52551,41.34996],[-123.52552,41.34977],[-123.5255,41.34969],[-123.52541,41.34963],[-123.52524,41.34943],[-123.52509,41.3493],[-123.52494,41.34912]]}},{"type":"Feature","properties":{"name":"Pearch Creek Road","road_class":"track","surface":"ground","source":"Caltrans All Roads + OpenStreetMap explicit surface","source_detail":"osm way 10268961; Caltrans All Roads public-network geometry match","source_tile":"160/382","public_network_source":"Caltrans All Roads (ARNOLD/HPMS)","surface_source":"OpenStreetMap explicit surface tag","caltrans_match_coverage":1.0,"verified_length_m":975},"geometry":{"type":"LineString","coordinates":[[-123.52431,41.28208],[-123.52429,41.28198],[-123.52435,41.28183],[-123.52438,41.2816],[-123.52436,41.2813],[-123.52421,41.28086],[-123.52415,41.28064],[-123.52401,41.27972],[-123.52396,41.27962],[-123.52389,41.27954],[-123.52379,41.27949],[-123.52363,41.27947],[-123.52341,41.27949],[-123.52328,41.27951],[-123.52307,41.27958],[-123.52276,41.27974],[-123.52231,41.28002],[-123.52215,41.28009],[-123.52192,41.28017],[-123.52105,41.28026],[-123.52099,41.28028],[-123.52094,41.28033],[-123.52088,41.28042],[-123.52077,41.28068],[-123.5207,41.28076],[-123.5206,41.28079],[-123.52046,41.28082],[-123.52032,41.28087],[-123.5202,41.28091],[-123.52009,41.28099],[-123.52003,41.28108],[-123.51991,41.28144],[-123.5199,41.28156],[-123.51993,41.28173],[-123.52005,41.2821],[-123.52004,41.28218],[-123.51995,41.28228],[-123.51982,41.28237],[-123.51968,41.28243],[-123.51947,41.28247],[-123.51919,41.28263],[-123.51874,41.28281],[-123.51857,41.28288],[-123.51834,41.2829]]}},{"type":"Feature","properties":{"name":"Cedar Camp Road","road_class":"unclassified","surface":"gravel","source":"Caltrans All Roads + OpenStreetMap explicit surface","source_detail":"osm way 10269578; Caltrans All Roads public-network geometry match","source_tile":"160/382","public_network_source":"Caltrans All Roads (ARNOLD/HPMS)","surface_source":"OpenStreetMap explicit surface tag","caltrans_match_coverage":1.0,"verified_length_m":1676},"geometry":{"type":"LineString","coordinates":[[-123.61269,41.30377],[-123.61258,41.30392],[-123.6124,41.30411],[-123.6121,41.30436],[-123.61205,41.30442],[-123.612,41.30451],[-123.61184,41.30498],[-123.61166,41.3054],[-123.61161,41.30557],[-123.61159,41.30572],[-123.61159,41.30586],[-123.61158,41.30597],[-123.6115,41.30608],[-123.61137,41.30619],[-123.61119,41.30636],[-123.61108,41.3064],[-123.6107,41.30649],[-123.61007,41.30675],[-123.60984,41.3069],[-123.60957,41.30703],[-123.60923,41.30714],[-123.60883,41.30726],[-123.6083,41.30743],[-123.60815,41.3075],[-123.60806,41.30755],[-123.60799,41.30757],[-123.60722,41.30774],[-123.60684,41.3078],[-123.60634,41.30787],[-123.60618,41.30789],[-123.60598,41.30795],[-123.60578,41.30805],[-123.60566,41.3081],[-123.60555,41.30818],[-123.60543,41.30832],[-123.60529,41.30855],[-123.6052,41.30865],[-123.60496,41.30886],[-123.6048,41.30902],[-123.60461,41.30917],[-123.6045,41.30923],[-123.6044,41.30928],[-123.60425,41.30933],[-123.6041,41.30938],[-123.60394,41.3094],[-123.60378,41.30942],[-123.60362,41.30943],[-123.60346,41.30942],[-123.60328,41.3094],[-123.60181,41.30905],[-123.60153,41.30901],[-123.60141,41.309],[-123.60105,41.30904],[-123.60082,41.30908],[-123.60059,41.30914],[-123.60038,41.30922],[-123.60017,41.30932],[-123.59998,41.30944],[-123.59981,41.30956],[-123.59966,41.3097],[-123.59959,41.30978],[-123.59944,41.31007],[-123.59912,41.31119],[-123.59909,41.31135],[-123.59901,41.31147],[-123.59901,41.31159],[-123.59901,41.31174],[-123.59894,41.31186]]}},{"type":"Feature","properties":{"name":"Slate Creek Road","road_class":"unclassified","surface":"gravel","source":"Caltrans All Roads + OpenStreetMap explicit surface","source_detail":"osm way 10270906; Caltrans All Roads public-network geometry match","source_tile":"160/382","public_network_source":"Caltrans All Roads (ARNOLD/HPMS)","surface_source":"OpenStreetMap explicit surface tag","caltrans_match_coverage":1.0,"verified_length_m":2124},"geometry":{"type":"LineString","coordinates":[[-123.67789,41.33797],[-123.67778,41.33815],[-123.67768,41.33837],[-123.67758,41.33863],[-123.67759,41.33881],[-123.67762,41.3391],[-123.67764,41.3392],[-123.67767,41.33935],[-123.67783,41.33992],[-123.67783,41.34005],[-123.67782,41.34016],[-123.6778,41.34027],[-123.6777,41.34053],[-123.67755,41.34081],[-123.6773,41.34109],[-123.67693,41.34157],[-123.67682,41.34168],[-123.67664,41.34183],[-123.67626,41.34204],[-123.67569,41.34243],[-123.67553,41.34251],[-123.67537,41.34254],[-123.6752,41.34256],[-123.67496,41.34259],[-123.67487,41.34263],[-123.67482,41.34268],[-123.67475,41.34276],[-123.67472,41.34289],[-123.67471,41.3432],[-123.67471,41.34332],[-123.67467,41.34346],[-123.6746,41.34358],[-123.67449,41.34375],[-123.67445,41.34383],[-123.67442,41.34395],[-123.67439,41.34408],[-123.67438,41.34428],[-123.67435,41.34446],[-123.67432,41.34453],[-123.67427,41.34458],[-123.67418,41.34463],[-123.67406,41.34466],[-123.6738,41.34466],[-123.67351,41.34468],[-123.67318,41.34475],[-123.67308,41.34479],[-123.67285,41.34491],[-123.67274,41.34494],[-123.6725,41.34494],[-123.67229,41.34496],[-123.67212,41.34499],[-123.67183,41.34508],[-123.67171,41.3451],[-123.67159,41.3451],[-123.67138,41.34505],[-123.67122,41.345],[-123.67079,41.34482],[-123.67053,41.34475],[-123.6696,41.34452],[-123.66947,41.3445],[-123.66929,41.34451],[-123.66925,41.34452],[-123.66908,41.34454],[-123.66895,41.34452],[-123.66883,41.34449],[-123.66872,41.34444],[-123.66862,41.34437],[-123.66847,41.34422],[-123.66835,41.3441],[-123.66825,41.34396],[-123.66815,41.34384],[-123.668,41.34368],[-123.66794,41.34358],[-123.66788,41.34344],[-123.66783,41.34314],[-123.6678,41.34306],[-123.66775,41.34302],[-123.66767,41.34296],[-123.66755,41.34291],[-123.66746,41.34289],[-123.66734,41.3429],[-123.667,41.34302],[-123.66664,41.34309],[-123.66617,41.34314],[-123.66592,41.34314],[-123.6658,41.34313],[-123.66567,41.3431],[-123.66531,41.34292],[-123.6649,41.34276],[-123.66479,41.34272],[-123.66463,41.3427],[-123.66445,41.34268],[-123.66394,41.34269],[-123.66385,41.3427],[-123.66378,41.34271],[-123.66364,41.34276],[-123.66347,41.34284],[-123.66315,41.34298],[-123.66295,41.34303],[-123.66274,41.34304],[-123.66263,41.34304],[-123.66243,41.343],[-123.66224,41.34294],[-123.66152,41.34257],[-123.6614,41.34254],[-123.66133,41.34255],[-123.66126,41.34259]]}},{"type":"Feature","properties":{"name":"Twin Lakes Road","road_class":"track","surface":"gravel","source":"Caltrans All Roads + OpenStreetMap explicit surface","source_detail":"osm way 10270913; Caltrans All Roads public-network geometry match","source_tile":"160/382","public_network_source":"Caltrans All Roads (ARNOLD/HPMS)","surface_source":"OpenStreetMap explicit surface tag","caltrans_match_coverage":1.0,"verified_length_m":1052},"geometry":{"type":"LineString","coordinates":[[-123.66502,41.32258],[-123.66514,41.32263],[-123.66529,41.32265],[-123.6656,41.32263],[-123.66582,41.32265],[-123.66601,41.32269],[-123.66614,41.32275],[-123.66623,41.32284],[-123.66628,41.32294],[-123.66636,41.32332],[-123.6664,41.32338],[-123.66647,41.32342],[-123.66656,41.32344],[-123.66668,41.32341],[-123.66677,41.32337],[-123.66684,41.32331],[-123.6669,41.32319],[-123.66695,41.32295],[-123.66697,41.32269],[-123.66698,41.3224],[-123.66702,41.32208],[-123.66707,41.32198],[-123.66718,41.32185],[-123.66729,41.32165],[-123.66746,41.32142],[-123.66768,41.32114],[-123.66776,41.32106],[-123.66782,41.32101],[-123.66791,41.32097],[-123.66805,41.32094],[-123.6682,41.32095],[-123.66834,41.32099],[-123.66848,41.32105],[-123.66871,41.32118],[-123.66882,41.32128],[-123.66903,41.32152],[-123.66915,41.32161],[-123.66931,41.32171],[-123.66963,41.32187],[-123.67065,41.32229],[-123.67076,41.32234],[-123.67092,41.32245],[-123.67104,41.32258],[-123.6712,41.32285],[-123.67131,41.32297],[-123.67161,41.32318],[-123.6717,41.32326],[-123.67177,41.32335],[-123.67187,41.3235],[-123.67191,41.32366],[-123.67192,41.32374],[-123.67189,41.32416],[-123.67191,41.3242],[-123.67197,41.32424],[-123.67216,41.32426]]}},{"type":"Feature","properties":{"name":"Camp Creek Road","road_class":"unclassified","surface":"gravel","source":"Caltrans All Roads + OpenStreetMap explicit surface","source_detail":"osm way 10279810; Caltrans All Roads public-network geometry match","source_tile":"160/382","public_network_source":"Caltrans All Roads (ARNOLD/HPMS)","surface_source":"OpenStreetMap explicit surface tag","caltrans_match_coverage":1.0,"verified_length_m":1292},"geometry":{"type":"LineString","coordinates":[[-123.56042,41.2987],[-123.56001,41.29902],[-123.55977,41.2992],[-123.55955,41.29935],[-123.55946,41.29943],[-123.55939,41.29951],[-123.55933,41.29964],[-123.55931,41.29973],[-123.55931,41.29982],[-123.55933,41.29991],[-123.55937,41.29998],[-123.55943,41.30006],[-123.55951,41.30013],[-123.5596,41.30018],[-123.55971,41.30021],[-123.5599,41.30025],[-123.56015,41.30032],[-123.56026,41.30036],[-123.56038,41.30042],[-123.56047,41.30049],[-123.56058,41.3006],[-123.56064,41.30069],[-123.56067,41.30079],[-123.56079,41.30133],[-123.56079,41.30146],[-123.56072,41.30181],[-123.56064,41.3021],[-123.5606,41.30239],[-123.56059,41.30252],[-123.5607,41.30331],[-123.5607,41.30348],[-123.56063,41.30383],[-123.56055,41.30421],[-123.56051,41.30433],[-123.56037,41.3046],[-123.56018,41.3049],[-123.56009,41.30507],[-123.56003,41.30523],[-123.56002,41.30536],[-123.56004,41.3055],[-123.56007,41.30562],[-123.56026,41.30598],[-123.56028,41.30606],[-123.56029,41.30614],[-123.56034,41.30625],[-123.5607,41.30666],[-123.56086,41.30683],[-123.56099,41.30704],[-123.56105,41.30723],[-123.56107,41.30736],[-123.56108,41.30775],[-123.56111,41.30785],[-123.56123,41.308],[-123.56138,41.30815],[-123.56142,41.30826],[-123.56143,41.3083],[-123.5614,41.30845],[-123.56119,41.30888],[-123.56112,41.30907],[-123.56111,41.30911]]}},{"type":"Feature","properties":{"name":"Trib Catup Creek Road","road_class":"track","surface":"gravel","source":"Caltrans All Roads + OpenStreetMap explicit surface","source_detail":"osm way 10594804; Caltrans All Roads public-network geometry match","source_tile":"160/382","public_network_source":"Caltrans All Roads (ARNOLD/HPMS)","surface_source":"OpenStreetMap explicit surface tag","caltrans_match_coverage":1.0,"verified_length_m":1822},"geometry":{"type":"LineString","coordinates":[[-123.61984,41.41524],[-123.61983,41.41534],[-123.6198,41.41544],[-123.61974,41.41554],[-123.61958,41.41573],[-123.61953,41.4158],[-123.61948,41.41589],[-123.61946,41.41608],[-123.61949,41.41644],[-123.61948,41.4166],[-123.61941,41.41685],[-123.61933,41.41723],[-123.61929,41.4175],[-123.61927,41.41777],[-123.61929,41.41792],[-123.61931,41.41833],[-123.6193,41.41852],[-123.61917,41.41887],[-123.61912,41.41911],[-123.61909,41.41921],[-123.61905,41.4193],[-123.61887,41.41961],[-123.61878,41.41982],[-123.61868,41.42011],[-123.61862,41.42038],[-123.6186,41.42054],[-123.61861,41.42075],[-123.61863,41.42097],[-123.61863,41.42106],[-123.61861,41.42115],[-123.61857,41.42124],[-123.61853,41.42133],[-123.61847,41.42142],[-123.61842,41.42147],[-123.61835,41.42152],[-123.61819,41.4216],[-123.61814,41.42164],[-123.6181,41.42168],[-123.61783,41.42199],[-123.61768,41.42219],[-123.61757,41.42232],[-123.61748,41.42246],[-123.61735,41.4226],[-123.61686,41.42302],[-123.6167,41.4232],[-123.6166,41.42333],[-123.61644,41.42359],[-123.6163,41.42385],[-123.6162,41.42414],[-123.61614,41.42425],[-123.61602,41.42442],[-123.61598,41.42445],[-123.61588,41.42452],[-123.61572,41.4246],[-123.61548,41.42475],[-123.61537,41.42483],[-123.61524,41.42495],[-123.61514,41.42509],[-123.61503,41.4253],[-123.61496,41.42551],[-123.6149,41.42588],[-123.61485,41.426],[-123.61477,41.4261],[-123.61472,41.42615],[-123.61458,41.42624],[-123.61416,41.42657],[-123.61375,41.4269],[-123.6135,41.42717],[-123.61293,41.42764],[-123.61267,41.42781],[-123.61256,41.42787],[-123.61242,41.42791],[-123.61209,41.42797],[-123.6119,41.428],[-123.61176,41.42804],[-123.6115,41.42816],[-123.61139,41.42825],[-123.61104,41.42861],[-123.6108,41.42885],[-123.61077,41.4289],[-123.61075,41.42897],[-123.61075,41.42903],[-123.61077,41.42914],[-123.6108,41.42921]]}},{"type":"Feature","properties":{"name":"Teneyek Road","road_class":"unclassified","surface":"gravel","source":"Caltrans All Roads + OpenStreetMap explicit surface","source_detail":"osm way 10638593; Caltrans All Roads public-network geometry match","source_tile":"160/382","public_network_source":"Caltrans All Roads (ARNOLD/HPMS)","surface_source":"OpenStreetMap explicit surface tag","caltrans_match_coverage":1.0,"verified_length_m":1226},"geometry":{"type":"LineString","coordinates":[[-123.52199,41.3809],[-123.52196,41.38095],[-123.522,41.38106],[-123.52206,41.38112],[-123.52217,41.3812],[-123.52241,41.38134],[-123.52249,41.38144],[-123.52252,41.38151],[-123.52257,41.38189],[-123.5226,41.38203],[-123.52263,41.38208],[-123.52274,41.38223],[-123.52278,41.38234],[-123.52278,41.38243],[-123.52277,41.38249],[-123.52276,41.38257],[-123.52275,41.38262],[-123.5227,41.38288],[-123.52269,41.38304],[-123.52269,41.38315],[-123.52273,41.38322],[-123.52277,41.38326],[-123.52282,41.3833],[-123.52289,41.38333],[-123.52301,41.38336],[-123.52313,41.38338],[-123.52335,41.38341],[-123.52345,41.38344],[-123.52371,41.38358],[-123.52378,41.38361],[-123.52399,41.38368],[-123.52427,41.38376],[-123.52436,41.3838],[-123.52451,41.38388],[-123.52456,41.38392],[-123.52467,41.38402],[-123.52472,41.38407],[-123.52474,41.3841],[-123.52475,41.38417],[-123.52475,41.38423],[-123.52473,41.3843],[-123.52472,41.38433],[-123.52467,41.38439],[-123.52424,41.38477],[-123.52414,41.38496],[-123.52406,41.38517],[-123.52392,41.38563],[-123.5239,41.38574],[-123.5239,41.38582],[-123.52392,41.38587],[-123.52396,41.38593],[-123.52413,41.38607],[-123.52431,41.38618],[-123.52468,41.38639],[-123.52501,41.38654],[-123.52517,41.38659],[-123.52529,41.38662],[-123.52544,41.38664],[-123.52563,41.38664],[-123.52586,41.38662],[-123.52634,41.38656],[-123.52656,41.38656],[-123.52667,41.38657],[-123.52691,41.38662],[-123.52738,41.38678],[-123.52759,41.38687],[-123.52769,41.38693],[-123.52776,41.38699],[-123.52782,41.38707],[-123.52784,41.38714],[-123.52784,41.38719],[-123.52782,41.38724],[-123.52775,41.38735],[-123.52769,41.38739],[-123.52762,41.38744],[-123.52726,41.38763],[-123.52716,41.38771],[-123.52706,41.38777],[-123.527,41.38791],[-123.52697,41.38813],[-123.52692,41.38822]]}},{"type":"Feature","properties":{"name":"Head Camp Road","road_class":"track","surface":"gravel","source":"Caltrans All Roads + OpenStreetMap explicit surface","source_detail":"osm way 10640851; Caltrans All Roads public-network geometry match","source_tile":"160/382","public_network_source":"Caltrans All Roads (ARNOLD/HPMS)","surface_source":"OpenStreetMap explicit surface tag","caltrans_match_coverage":1.0,"verified_length_m":4060},"geometry":{"type":"LineString","coordinates":[[-123.62198,41.38211],[-123.62189,41.38224],[-123.6218,41.3824],[-123.62179,41.38245],[-123.6217,41.3827],[-123.6216,41.38294],[-123.62156,41.38303],[-123.62155,41.38309],[-123.62155,41.38316],[-123.62153,41.38328],[-123.62152,41.38334],[-123.6215,41.3834],[-123.62147,41.38345],[-123.62143,41.38351],[-123.6213,41.38365],[-123.62123,41.38374],[-123.62116,41.38384],[-123.62103,41.38406],[-123.621,41.38414],[-123.62098,41.38423],[-123.62098,41.38431],[-123.62098,41.38439],[-123.621,41.38447],[-123.62104,41.38459],[-123.62107,41.38469],[-123.62109,41.38477],[-123.62111,41.38488],[-123.62113,41.38504],[-123.62111,41.38522],[-123.62101,41.38545],[-123.62097,41.38574],[-123.62096,41.38584],[-123.62097,41.38622],[-123.62094,41.38648],[-123.62086,41.38684],[-123.62085,41.3872],[-123.62093,41.38737],[-123.62092,41.38759],[-123.62091,41.38776],[-123.62087,41.3879],[-123.6208,41.38808],[-123.62073,41.38821],[-123.62064,41.38836],[-123.62051,41.38853],[-123.62041,41.38866],[-123.62028,41.38883],[-123.62012,41.38899],[-123.61999,41.3891],[-123.61984,41.38921],[-123.61972,41.38934],[-123.6196,41.38951],[-123.6195,41.38968],[-123.61944,41.38982],[-123.61938,41.38995],[-123.61936,41.39004],[-123.61942,41.39019],[-123.61959,41.39038],[-123.61967,41.39056],[-123.61968,41.39076],[-123.61968,41.3909],[-123.61964,41.39106],[-123.61957,41.39122],[-123.61948,41.39134],[-123.61945,41.3915],[-123.61944,41.39164],[-123.61948,41.39178],[-123.61953,41.39188],[-123.61955,41.39193],[-123.61956,41.39201],[-123.61956,41.3921],[-123.61957,41.3922],[-123.6196,41.39228],[-123.61965,41.3924],[-123.61977,41.39258],[-123.6198,41.39267],[-123.61985,41.39291],[-123.61986,41.39324],[-123.61984,41.39377],[-123.61986,41.39418],[-123.61984,41.39429],[-123.61986,41.39438],[-123.61993,41.39448],[-123.62001,41.39461],[-123.62004,41.39474],[-123.62004,41.39508],[-123.62009,41.39537],[-123.62013,41.39571],[-123.62016,41.39591],[-123.62013,41.39612],[-123.6201,41.39626],[-123.62008,41.39635],[-123.6201,41.39643],[-123.62015,41.39654],[-123.62019,41.3966],[-123.62025,41.39665],[-123.62032,41.39669],[-123.62038,41.39672],[-123.62049,41.39672],[-123.62062,41.39671],[-123.62073,41.39669],[-123.62087,41.39666],[-123.62101,41.39666],[-123.6211,41.39666],[-123.6212,41.39667],[-123.62131,41.3967],[-123.62145,41.39673],[-123.62166,41.3969],[-123.62181,41.39698],[-123.62192,41.39703],[-123.62208,41.39705],[-123.6222,41.39707],[-123.62236,41.39705],[-123.62244,41.39703],[-123.6225,41.39702],[-123.62257,41.39701],[-123.62272,41.39701],[-123.62305,41.39708],[-123.62365,41.39717],[-123.6238,41.39718],[-123.62393,41.39721],[-123.62404,41.39727],[-123.62411,41.39736],[-123.62415,41.39742],[-123.62424,41.3975],[-123.62433,41.39757],[-123.62442,41.39761],[-123.62469,41.39768],[-123.62486,41.39772],[-123.62504,41.39775],[-123.62518,41.39775],[-123.62533,41.39774],[-123.62549,41.39771],[-123.62561,41.3977],[-123.62568,41.39769],[-123.6258,41.39771],[-123.626,41.39775],[-123.6262,41.39776],[-123.62632,41.39775],[-123.62656,41.39771],[-123.6267,41.39773],[-123.62694,41.39782],[-123.62711,41.39785],[-123.62722,41.39784],[-123.62738,41.39782],[-123.62753,41.3978],[-123.62776,41.39779],[-123.62795,41.39782],[-123.62832,41.39781],[-123.62851,41.3978],[-123.62869,41.3978],[-123.62899,41.39783],[-123.62979,41.39797],[-123.63049,41.39808],[-123.63068,41.39811],[-123.63085,41.39812],[-123.63099,41.39811],[-123.63148,41.39806],[-123.63165,41.39805],[-123.63184,41.39802],[-123.63196,41.398],[-123.63202,41.39798],[-123.63206,41.39795],[-123.63211,41.39791],[-123.63222,41.39782],[-123.63228,41.39778],[-123.63236,41.39775],[-123.63246,41.39773],[-123.63259,41.39772],[-123.63276,41.39771],[-123.63287,41.39773],[-123.63313,41.39776],[-123.63341,41.3978],[-123.63367,41.39784],[-123.63395,41.39787],[-123.63416,41.39788],[-123.63438,41.39789],[-123.63468,41.39788],[-123.63486,41.39786],[-123.63497,41.39784],[-123.63518,41.39778],[-123.63542,41.39768],[-123.63555,41.39762],[-123.63565,41.3976],[-123.63572,41.39758],[-123.6359,41.39756],[-123.63611,41.39755],[-123.63632,41.39752],[-123.63655,41.39748],[-123.63678,41.39743],[-123.637,41.39736],[-123.63726,41.39727],[-123.63745,41.39722],[-123.63776,41.39708],[-123.6383,41.39694],[-123.63842,41.39689],[-123.63861,41.39683],[-123.63869,41.39682],[-123.63875,41.39682],[-123.63883,41.39685],[-123.6389,41.39689],[-123.639,41.39698],[-123.63944,41.39743],[-123.63965,41.39762],[-123.6399,41.39778],[-123.64006,41.39788],[-123.64038,41.39805],[-123.64053,41.3981],[-123.64076,41.39815],[-123.64092,41.3982],[-123.64109,41.39828],[-123.64121,41.39832],[-123.6413,41.39834],[-123.64137,41.39834],[-123.6415,41.39834],[-123.6416,41.39834],[-123.64174,41.39835],[-123.64182,41.39837],[-123.64191,41.3984],[-123.6422,41.39852],[-123.64229,41.39854],[-123.64234,41.39854],[-123.64245,41.39853],[-123.6425,41.39852],[-123.6426,41.39849],[-123.64274,41.39843],[-123.64283,41.39839],[-123.64292,41.39837],[-123.64302,41.39835],[-123.64312,41.39834],[-123.64322,41.39833],[-123.64347,41.39836],[-123.64369,41.39841],[-123.64383,41.39844],[-123.64402,41.39848],[-123.64416,41.39849],[-123.64427,41.39849],[-123.64438,41.39847],[-123.64451,41.39843],[-123.64459,41.39838],[-123.64474,41.39827],[-123.6448,41.39824],[-123.64493,41.39818],[-123.64526,41.39814],[-123.64544,41.39813],[-123.64563,41.39812],[-123.64601,41.39812],[-123.64615,41.39814],[-123.64626,41.39815],[-123.64636,41.39818],[-123.64651,41.39823]]}},{"type":"Feature","properties":{"name":"Camp Three Road","road_class":"unclassified","surface":"unpaved","source":"Caltrans All Roads + OpenStreetMap explicit surface","source_detail":"osm way 10656839; Caltrans All Roads public-network geometry match","source_tile":"160/382","public_network_source":"Caltrans All Roads (ARNOLD/HPMS)","surface_source":"OpenStreetMap explicit surface tag","caltrans_match_coverage":1.0,"verified_length_m":7600},"geometry":{"type":"LineString","coordinates":[[-123.41209,41.46424],[-123.41208,41.4643],[-123.41203,41.46457],[-123.41204,41.46469],[-123.4122,41.46481],[-123.41244,41.46487],[-123.41276,41.465],[-123.41292,41.46513],[-123.41291,41.46526],[-123.41281,41.46536],[-123.41208,41.46554],[-123.4118,41.46572],[-123.41179,41.46581],[-123.41185,41.46589],[-123.41219,41.46621],[-123.41215,41.46634],[-123.41202,41.46649],[-123.41152,41.46686],[-123.41126,41.467],[-123.411,41.46705],[-123.41069,41.46715],[-123.4105,41.46729],[-123.41006,41.46753],[-123.4096,41.46768],[-123.40944,41.46782],[-123.40936,41.46796],[-123.40935,41.46811],[-123.40954,41.46821],[-123.41005,41.46846],[-123.41015,41.46854],[-123.41014,41.46867],[-123.41001,41.46877],[-123.40954,41.46891],[-123.40939,41.469],[-123.4093,41.46909],[-123.40923,41.46925],[-123.40923,41.46948],[-123.40925,41.46962],[-123.40934,41.46977],[-123.40944,41.46984],[-123.40969,41.46991],[-123.41019,41.47022],[-123.41044,41.47028],[-123.41099,41.47018],[-123.41118,41.47019],[-123.4113,41.47029],[-123.4113,41.47045],[-123.41117,41.47095],[-123.41106,41.47117],[-123.41101,41.47137],[-123.41108,41.47152],[-123.41188,41.47192],[-123.4121,41.47202],[-123.41226,41.47222],[-123.41231,41.47233],[-123.41224,41.47247],[-123.41198,41.47273],[-123.41194,41.47284],[-123.41209,41.4731],[-123.41215,41.47319],[-123.41231,41.47332],[-123.41246,41.47342],[-123.41259,41.47342],[-123.41297,41.47328],[-123.41328,41.4733],[-123.41343,41.4734],[-123.41345,41.47354],[-123.41333,41.47386],[-123.41336,41.47403],[-123.41348,41.47411],[-123.41396,41.4742],[-123.41429,41.47456],[-123.41438,41.47473],[-123.41437,41.47491],[-123.41426,41.47513],[-123.41429,41.47564],[-123.41422,41.47624],[-123.41432,41.47636],[-123.41459,41.47647],[-123.4149,41.47657],[-123.4155,41.47715],[-123.41571,41.47725],[-123.41594,41.47724],[-123.41608,41.47711],[-123.41631,41.47668],[-123.41648,41.47655],[-123.41672,41.47642],[-123.41736,41.4764],[-123.4176,41.47648],[-123.41817,41.47638],[-123.41843,41.47638],[-123.41876,41.47657],[-123.41898,41.47662],[-123.4192,41.47658],[-123.41957,41.47634],[-123.41988,41.47625],[-123.42012,41.47623],[-123.42043,41.4763],[-123.42065,41.47636],[-123.42069,41.47642],[-123.42066,41.47652],[-123.42078,41.47673],[-123.42088,41.47696],[-123.42128,41.47719],[-123.42167,41.47728],[-123.42209,41.47724],[-123.42233,41.47726],[-123.42248,41.47741],[-123.42246,41.47756],[-123.4224,41.47777],[-123.42247,41.4779],[-123.42276,41.47802],[-123.42309,41.47819],[-123.42338,41.47845],[-123.42361,41.47887],[-123.42372,41.47891],[-123.42394,41.47892],[-123.42489,41.47848],[-123.42514,41.47843],[-123.42536,41.47843],[-123.42559,41.47847],[-123.42584,41.47855],[-123.42608,41.47876],[-123.42639,41.47909],[-123.42647,41.47922],[-123.42656,41.47931],[-123.42673,41.47932],[-123.4279,41.47893],[-123.42802,41.47886],[-123.42827,41.47859],[-123.42842,41.47848],[-123.42901,41.4782],[-123.42927,41.47811],[-123.4295,41.47814],[-123.42978,41.47825],[-123.42992,41.47841],[-123.43008,41.47883],[-123.43022,41.47892],[-123.43044,41.47896],[-123.43069,41.47891],[-123.43113,41.47869],[-123.43145,41.47871],[-123.43191,41.47872],[-123.43217,41.47864],[-123.43225,41.47855],[-123.43233,41.47841],[-123.43234,41.47808],[-123.43235,41.47792],[-123.43253,41.47773],[-123.43272,41.47766],[-123.43292,41.47767],[-123.43397,41.47791],[-123.43454,41.47796],[-123.43505,41.47812],[-123.43527,41.47812],[-123.43564,41.47806],[-123.43625,41.47811],[-123.4366,41.47799],[-123.43684,41.47808],[-123.43732,41.47835],[-123.4377,41.47869],[-123.43787,41.47901],[-123.43802,41.47931],[-123.43823,41.47952],[-123.43864,41.47962],[-123.43916,41.47967],[-123.43939,41.47977],[-123.43952,41.48002],[-123.43972,41.48016],[-123.44029,41.48017],[-123.44103,41.48032],[-123.44133,41.48035],[-123.44165,41.48036],[-123.44195,41.48029],[-123.44219,41.48033],[-123.44263,41.4805],[-123.44291,41.48069],[-123.44313,41.481],[-123.44322,41.48128],[-123.44323,41.48139],[-123.4432,41.48174],[-123.44325,41.48207],[-123.44355,41.48279],[-123.44357,41.48302],[-123.44349,41.48327],[-123.44336,41.48345],[-123.4432,41.48359],[-123.44304,41.48367],[-123.44277,41.48392],[-123.44247,41.48411],[-123.44233,41.48427],[-123.44229,41.48441],[-123.44229,41.48477],[-123.44225,41.4849],[-123.44215,41.485],[-123.44196,41.48515],[-123.44197,41.48533],[-123.44213,41.48551],[-123.44243,41.48589],[-123.44254,41.48608],[-123.44254,41.48636],[-123.44225,41.4872],[-123.44228,41.48735],[-123.44239,41.48762],[-123.44237,41.48784],[-123.44222,41.48813],[-123.44196,41.48841],[-123.44182,41.4886],[-123.44186,41.48899],[-123.44183,41.48916],[-123.44169,41.48943],[-123.44167,41.48959],[-123.44173,41.49001],[-123.44173,41.49041],[-123.44187,41.49093],[-123.44179,41.49134],[-123.44177,41.49164],[-123.44184,41.49182],[-123.44242,41.49241],[-123.44272,41.49288],[-123.44288,41.49297],[-123.44325,41.49311],[-123.44345,41.49327],[-123.44352,41.49352],[-123.44349,41.49442],[-123.44365,41.49484],[-123.44366,41.49515],[-123.44363,41.49532],[-123.44353,41.49551],[-123.44337,41.4956],[-123.44283,41.49564],[-123.44202,41.49596],[-123.44167,41.49606],[-123.44138,41.49614],[-123.44106,41.49628],[-123.44062,41.49661],[-123.44026,41.4968],[-123.43994,41.49702],[-123.43992,41.49716],[-123.44002,41.49728],[-123.44018,41.4974],[-123.44034,41.49745],[-123.44059,41.49748],[-123.441,41.49753],[-123.44117,41.49766],[-123.44126,41.49781],[-123.44133,41.49817],[-123.44135,41.49848],[-123.44128,41.49899],[-123.44131,41.49918],[-123.44151,41.49941],[-123.44172,41.49955],[-123.44192,41.49963]]}},{"type":"Feature","properties":{"name":"Sandy Bar Road","road_class":"track","surface":"unpaved","source":"Caltrans All Roads + OpenStreetMap explicit surface","source_detail":"osm way 10657973; Caltrans All Roads public-network geometry match","source_tile":"160/382","public_network_source":"Caltrans All Roads (ARNOLD/HPMS)","surface_source":"OpenStreetMap explicit surface tag","caltrans_match_coverage":1.0,"verified_length_m":4837},"geometry":{"type":"LineString","coordinates":[[-123.41209,41.46424],[-123.41214,41.46429],[-123.41217,41.46432],[-123.41218,41.46436],[-123.41217,41.46445],[-123.41216,41.46449],[-123.41216,41.46455],[-123.41217,41.46463],[-123.4122,41.46467],[-123.41226,41.46472],[-123.41231,41.46475],[-123.41257,41.46481],[-123.41268,41.46484],[-123.41279,41.46487],[-123.41294,41.46493],[-123.41307,41.46499],[-123.41311,41.46502],[-123.41315,41.46506],[-123.41321,41.46514],[-123.41324,41.46521],[-123.41325,41.46528],[-123.41324,41.46534],[-123.41321,41.46541],[-123.41316,41.46547],[-123.41311,41.4655],[-123.41307,41.46552],[-123.41283,41.46556],[-123.41272,41.46559],[-123.41262,41.46563],[-123.41254,41.46567],[-123.4125,41.46571],[-123.41248,41.46576],[-123.41249,41.4658],[-123.41251,41.46585],[-123.41253,41.46588],[-123.41266,41.46597],[-123.41272,41.46602],[-123.41278,41.4661],[-123.41288,41.46624],[-123.41299,41.46642],[-123.41303,41.46651],[-123.41306,41.46659],[-123.41308,41.46671],[-123.41307,41.46678],[-123.41306,41.46684],[-123.41303,41.46689],[-123.41296,41.46696],[-123.41268,41.46717],[-123.41256,41.46724],[-123.4125,41.46729],[-123.41248,41.46731],[-123.41248,41.46736],[-123.4125,41.46745],[-123.41255,41.46766],[-123.41258,41.46773],[-123.41259,41.46778],[-123.41259,41.46784],[-123.41251,41.46797],[-123.41243,41.46809],[-123.41238,41.46819],[-123.41236,41.46828],[-123.41237,41.46833],[-123.41242,41.46841],[-123.41251,41.46848],[-123.41263,41.46856],[-123.41282,41.46866],[-123.41288,41.46868],[-123.41293,41.46871],[-123.41301,41.46875],[-123.41311,41.46882],[-123.41323,41.46892],[-123.41329,41.46897],[-123.41339,41.46904],[-123.41377,41.46924],[-123.41385,41.46928],[-123.41395,41.46931],[-123.41411,41.46934],[-123.41432,41.46938],[-123.41456,41.46945],[-123.41464,41.46948],[-123.41471,41.4695],[-123.41477,41.46952],[-123.41483,41.46955],[-123.41489,41.46959],[-123.41494,41.46963],[-123.41498,41.46967],[-123.41503,41.46978],[-123.4151,41.46994],[-123.41516,41.4701],[-123.41521,41.47035],[-123.41523,41.47058],[-123.41525,41.47066],[-123.41529,41.47071],[-123.41534,41.47076],[-123.41541,41.4708],[-123.41548,41.47082],[-123.41556,41.47083],[-123.41564,41.47084],[-123.41572,41.47082],[-123.41594,41.47075],[-123.41606,41.47072],[-123.41631,41.47068],[-123.41654,41.47064],[-123.41672,41.47062],[-123.41681,41.47062],[-123.41697,41.47063],[-123.41703,41.47065],[-123.41714,41.4707],[-123.41724,41.47075],[-123.4173,41.4708],[-123.41733,41.47083],[-123.41737,41.47088],[-123.41738,41.47094],[-123.41738,41.47099],[-123.41736,41.47105],[-123.41733,41.47109],[-123.41729,41.47114],[-123.41715,41.47122],[-123.41702,41.47131],[-123.41685,41.47139],[-123.41672,41.47149],[-123.41662,41.47158],[-123.41658,41.47163],[-123.41654,41.4717],[-123.41649,41.4718],[-123.41648,41.47189],[-123.41648,41.47197],[-123.4165,41.47203],[-123.41653,41.4721],[-123.41656,41.47215],[-123.41662,41.4722],[-123.41665,41.47221],[-123.41677,41.47227],[-123.41713,41.47223],[-123.41753,41.47214],[-123.41791,41.47207],[-123.418,41.47206],[-123.41827,41.47204],[-123.41841,41.47202],[-123.41862,41.47197],[-123.41881,41.4719],[-123.41909,41.47181],[-123.41924,41.47177],[-123.41956,41.47171],[-123.41975,41.47166],[-123.42003,41.47156],[-123.42012,41.47155],[-123.42023,41.47154],[-123.4203,41.47155],[-123.42036,41.47157],[-123.42042,41.47159],[-123.42047,41.47163],[-123.42051,41.47167],[-123.42054,41.47172],[-123.42055,41.47177],[-123.42057,41.47195],[-123.42061,41.47208],[-123.42065,41.47216],[-123.4207,41.47223],[-123.42089,41.47237],[-123.42095,41.47243],[-123.42097,41.47246],[-123.42098,41.47252],[-123.42098,41.47255],[-123.42098,41.47263],[-123.42097,41.47268],[-123.42091,41.4728],[-123.42086,41.47292],[-123.42086,41.47298],[-123.42087,41.47302],[-123.4209,41.47307],[-123.42094,41.47311],[-123.421,41.47315],[-123.42106,41.47318],[-123.42113,41.4732],[-123.4212,41.4732],[-123.42127,41.4732],[-123.42134,41.47318],[-123.42142,41.47315],[-123.42153,41.47307],[-123.42165,41.47298],[-123.4219,41.47281],[-123.42221,41.47262],[-123.42225,41.47258],[-123.42229,41.47254],[-123.42233,41.47246],[-123.42244,41.47234],[-123.42254,41.47224],[-123.42262,41.47218],[-123.42267,41.47213],[-123.42271,41.47207],[-123.42272,41.47201],[-123.42274,41.47195],[-123.42274,41.47182],[-123.42279,41.47148],[-123.42279,41.47134],[-123.42284,41.47106],[-123.42289,41.47093],[-123.42292,41.4709],[-123.42298,41.47087],[-123.42306,41.47085],[-123.42314,41.47083],[-123.42322,41.47082],[-123.4233,41.47082],[-123.42339,41.47082],[-123.42347,41.47084],[-123.42355,41.47085],[-123.42362,41.47087],[-123.42369,41.4709],[-123.42376,41.47094],[-123.42382,41.47097],[-123.42391,41.47105],[-123.42397,41.47113],[-123.42405,41.47124],[-123.42407,41.47131],[-123.42412,41.47141],[-123.42414,41.47149],[-123.42418,41.47157],[-123.4242,41.4716],[-123.42424,41.47163],[-123.42428,41.47166],[-123.42433,41.47168],[-123.42442,41.47169],[-123.42469,41.47169],[-123.4248,41.47172],[-123.42485,41.47175],[-123.42489,41.47178],[-123.42492,41.47182],[-123.42497,41.4719],[-123.42499,41.47196],[-123.42499,41.47206],[-123.42499,41.47212],[-123.42489,41.47235],[-123.42488,41.47241],[-123.42489,41.47252],[-123.42491,41.47259],[-123.42494,41.47264],[-123.42497,41.47267],[-123.42503,41.47271],[-123.4251,41.47274],[-123.42517,41.47276],[-123.42537,41.47279],[-123.42542,41.4728],[-123.42557,41.47285],[-123.42564,41.47288],[-123.42569,41.47291],[-123.4258,41.47302],[-123.42586,41.47312],[-123.42592,41.47325],[-123.42597,41.47333],[-123.42601,41.47338],[-123.42609,41.47342],[-123.42616,41.47345],[-123.42626,41.47348],[-123.42637,41.4735],[-123.42659,41.47352],[-123.4267,41.47354],[-123.42678,41.47357],[-123.42689,41.47361],[-123.42698,41.47366],[-123.42721,41.47378],[-123.42734,41.47383],[-123.42742,41.47384],[-123.42748,41.47385],[-123.42758,41.47385],[-123.42768,41.47384],[-123.42778,41.47382],[-123.42785,41.4738],[-123.42796,41.47376],[-123.42811,41.47368],[-123.42815,41.47365],[-123.42817,41.47361],[-123.42822,41.47338],[-123.42824,41.47331],[-123.42829,41.47324],[-123.42834,41.47319],[-123.42843,41.47315],[-123.42853,41.47311],[-123.4287,41.47307],[-123.42882,41.47305],[-123.42894,41.47305],[-123.42906,41.47306],[-123.42915,41.47308],[-123.42929,41.47314],[-123.42944,41.47323],[-123.42957,41.47333],[-123.42975,41.47345],[-123.42985,41.4735],[-123.43002,41.47357],[-123.4302,41.47362],[-123.43038,41.47366],[-123.43057,41.47368],[-123.43076,41.47369],[-123.43111,41.47368],[-123.43147,41.47373],[-123.4316,41.47373],[-123.43173,41.4737],[-123.43185,41.47367],[-123.43221,41.4735],[-123.4323,41.47347],[-123.43235,41.47346],[-123.43245,41.47346],[-123.43255,41.47347],[-123.43264,41.47349],[-123.43273,41.47353],[-123.4328,41.47358],[-123.43283,41.47361],[-123.43297,41.47376],[-123.43308,41.47387],[-123.43347,41.47433],[-123.43352,41.47442],[-123.43355,41.47448],[-123.43355,41.47452],[-123.43355,41.47455],[-123.43353,41.4746],[-123.43336,41.47472],[-123.43331,41.47477],[-123.43326,41.47481],[-123.43324,41.47483],[-123.43323,41.4749],[-123.43322,41.47494],[-123.43322,41.47497],[-123.43324,41.47501],[-123.43328,41.47506],[-123.43334,41.4751],[-123.43356,41.47517],[-123.43366,41.47522],[-123.43379,41.47526],[-123.43398,41.4753],[-123.4341,41.47532],[-123.43417,41.47532],[-123.43455,41.4753],[-123.43465,41.4753],[-123.43474,41.47531],[-123.43488,41.47534],[-123.43519,41.47543],[-123.43529,41.47545],[-123.43542,41.47547],[-123.43554,41.47545],[-123.43577,41.47533],[-123.43598,41.47522],[-123.43635,41.47505],[-123.43644,41.47501],[-123.43649,41.47499],[-123.43653,41.47494],[-123.43659,41.47479],[-123.43663,41.47468],[-123.43666,41.4746],[-123.43675,41.47445],[-123.43679,41.4744],[-123.43684,41.47437],[-123.43691,41.47434],[-123.43699,41.47432],[-123.43708,41.47431],[-123.43716,41.47432],[-123.43721,41.47433],[-123.4373,41.47436],[-123.43742,41.47439],[-123.43755,41.47443],[-123.43769,41.47446],[-123.43776,41.47446],[-123.43783,41.47445],[-123.43794,41.47441],[-123.43803,41.4744],[-123.43815,41.4744],[-123.43842,41.47447],[-123.43853,41.47446],[-123.43862,41.47449],[-123.4387,41.47452],[-123.43883,41.47462],[-123.43896,41.47474],[-123.43902,41.4748],[-123.4391,41.47484],[-123.43918,41.47486],[-123.4393,41.47489],[-123.43939,41.47493],[-123.43946,41.47498],[-123.43951,41.47503],[-123.43954,41.47509],[-123.43956,41.47516],[-123.43958,41.47531],[-123.43958,41.47542],[-123.43959,41.47552],[-123.43964,41.47565],[-123.43968,41.47573],[-123.43976,41.47586],[-123.4398,41.4759],[-123.44008,41.47613],[-123.44017,41.47622],[-123.44022,41.4763],[-123.44029,41.47644],[-123.44034,41.47658],[-123.44037,41.47673],[-123.44037,41.47687],[-123.44036,41.47697],[-123.44033,41.47711],[-123.44034,41.47717],[-123.44036,41.47724],[-123.44042,41.47734],[-123.44048,41.4774],[-123.44063,41.47754],[-123.44077,41.47767],[-123.44094,41.4778],[-123.44115,41.47794],[-123.44133,41.47805],[-123.44154,41.47815],[-123.44162,41.47817],[-123.44168,41.47817],[-123.44174,41.47816],[-123.4418,41.47814],[-123.44185,41.47812],[-123.44191,41.47806],[-123.44197,41.47796],[-123.442,41.47792],[-123.44207,41.47787],[-123.44212,41.47784],[-123.44218,41.47782],[-123.44225,41.4778],[-123.44232,41.47779],[-123.44239,41.47778],[-123.44246,41.47778],[-123.44253,41.47778],[-123.4426,41.47779],[-123.44267,41.4778],[-123.44274,41.47783],[-123.4428,41.47785],[-123.44288,41.47789],[-123.44302,41.47794],[-123.4431,41.47795],[-123.44319,41.47797],[-123.44328,41.47797],[-123.44337,41.47797],[-123.44346,41.47796],[-123.44354,41.47794],[-123.4437,41.47789],[-123.44379,41.47785],[-123.44395,41.47774],[-123.44402,41.47771],[-123.4441,41.47768],[-123.44418,41.47766],[-123.44426,41.47765],[-123.44434,41.47764],[-123.44457,41.47764],[-123.44466,41.47763],[-123.44472,41.47762],[-123.4448,41.47759]]}},{"type":"Feature","properties":{"name":"Camp Three Road","road_class":"unclassified","surface":"unpaved","source":"Caltrans All Roads + OpenStreetMap explicit surface","source_detail":"osm way 10657982; Caltrans All Roads public-network geometry match","source_tile":"160/382","public_network_source":"Caltrans All Roads (ARNOLD/HPMS)","surface_source":"OpenStreetMap explicit surface tag","caltrans_match_coverage":1.0,"verified_length_m":3403},"geometry":{"type":"LineString","coordinates":[[-123.45259,41.42885],[-123.45236,41.42889],[-123.45198,41.42883],[-123.45164,41.42888],[-123.45121,41.429],[-123.45099,41.42894],[-123.45072,41.42879],[-123.45059,41.42868],[-123.45046,41.42863],[-123.45022,41.42862],[-123.44996,41.42873],[-123.44962,41.42909],[-123.4494,41.42927],[-123.44921,41.42933],[-123.44893,41.42932],[-123.44853,41.4293],[-123.44813,41.42922],[-123.44739,41.42899],[-123.4466,41.42868],[-123.44612,41.42853],[-123.44586,41.42852],[-123.44574,41.42873],[-123.44575,41.42915],[-123.44559,41.42951],[-123.44559,41.42963],[-123.44571,41.42978],[-123.44638,41.43028],[-123.44649,41.4304],[-123.44655,41.43053],[-123.44656,41.4312],[-123.4463,41.43213],[-123.44639,41.43254],[-123.44632,41.43281],[-123.44644,41.43301],[-123.447,41.43336],[-123.44719,41.43355],[-123.44731,41.43392],[-123.44734,41.43432],[-123.44727,41.43458],[-123.44709,41.43482],[-123.44685,41.43503],[-123.44629,41.43541],[-123.44617,41.4356],[-123.44621,41.43577],[-123.44662,41.43604],[-123.44665,41.43637],[-123.4469,41.43668],[-123.44703,41.43691],[-123.44695,41.43735],[-123.4471,41.43782],[-123.44696,41.43858],[-123.44687,41.43879],[-123.44619,41.43965],[-123.44598,41.44015],[-123.44589,41.44029],[-123.4456,41.44048],[-123.44539,41.44057],[-123.44491,41.44078],[-123.44471,41.44116],[-123.44422,41.4415],[-123.44404,41.44156],[-123.44338,41.44161],[-123.44305,41.44173],[-123.44263,41.44204],[-123.44228,41.44229],[-123.44213,41.44237],[-123.44178,41.44243],[-123.4414,41.44237],[-123.44103,41.44235],[-123.44069,41.44243],[-123.44044,41.44242],[-123.44012,41.44233],[-123.43993,41.44231],[-123.4396,41.44257],[-123.43934,41.4427],[-123.43891,41.44281],[-123.43843,41.4428],[-123.4382,41.44279],[-123.438,41.44295],[-123.43775,41.44332],[-123.43738,41.44356],[-123.43714,41.44373],[-123.43664,41.44383],[-123.43641,41.44374],[-123.436,41.4434],[-123.43565,41.44336],[-123.43558,41.44319],[-123.43565,41.44286],[-123.43558,41.44277],[-123.4353,41.44264],[-123.43506,41.44261],[-123.43484,41.44262],[-123.4346,41.44275],[-123.43443,41.4428],[-123.43409,41.44279],[-123.43372,41.44268],[-123.43331,41.44274],[-123.43322,41.44272]]}},{"type":"Feature","properties":{"name":"Cedar Camp Road","road_class":"unclassified","surface":"gravel","source":"Caltrans All Roads + OpenStreetMap explicit surface","source_detail":"osm way 10670627; Caltrans All Roads public-network geometry match","source_tile":"160/382","public_network_source":"Caltrans All Roads (ARNOLD/HPMS)","surface_source":"OpenStreetMap explicit surface tag","caltrans_match_coverage":1.0,"verified_length_m":5247},"geometry":{"type":"LineString","coordinates":[[-123.65512,41.38971],[-123.65511,41.38996],[-123.65508,41.39031],[-123.65497,41.39074],[-123.65496,41.39092],[-123.65501,41.39108],[-123.6554,41.39184],[-123.65543,41.39205],[-123.65543,41.39227],[-123.65533,41.39253],[-123.65521,41.39276],[-123.65522,41.39288],[-123.65525,41.39301],[-123.65526,41.39319],[-123.65526,41.39337],[-123.65523,41.39349],[-123.65516,41.39361],[-123.65499,41.39377],[-123.65478,41.39403],[-123.65442,41.39445],[-123.65421,41.39461],[-123.65403,41.39473],[-123.65385,41.39482],[-123.65372,41.39487],[-123.6534,41.39499],[-123.65328,41.39504],[-123.65317,41.39511],[-123.65307,41.39518],[-123.65298,41.39526],[-123.65291,41.39535],[-123.65277,41.39554],[-123.65268,41.39561],[-123.65262,41.39565],[-123.65257,41.39567],[-123.65245,41.39571],[-123.65215,41.39576],[-123.65169,41.39586],[-123.65147,41.39592],[-123.65106,41.39606],[-123.65089,41.39614],[-123.65071,41.39623],[-123.65045,41.39641],[-123.65025,41.39655],[-123.65016,41.3966],[-123.65006,41.39663],[-123.64996,41.39665],[-123.64991,41.39665],[-123.6498,41.39664],[-123.6497,41.39662],[-123.64948,41.39654],[-123.64938,41.39651],[-123.64918,41.39649],[-123.64896,41.3965],[-123.64885,41.39651],[-123.64873,41.39654],[-123.64866,41.39658],[-123.6486,41.39663],[-123.64855,41.39676],[-123.64852,41.39696],[-123.6485,41.39702],[-123.64847,41.39708],[-123.64842,41.39713],[-123.64835,41.39718],[-123.64828,41.39721],[-123.64816,41.39724],[-123.64804,41.39728],[-123.64786,41.39736],[-123.6477,41.39746],[-123.64756,41.39755],[-123.64741,41.39766],[-123.64719,41.39784],[-123.64706,41.39793],[-123.64651,41.39823],[-123.64628,41.39843],[-123.64615,41.3985],[-123.64602,41.39855],[-123.64576,41.39856],[-123.64558,41.39861],[-123.64542,41.39868],[-123.64527,41.39876],[-123.64504,41.3989],[-123.64481,41.39907],[-123.64443,41.39936],[-123.6443,41.39949],[-123.64418,41.39959],[-123.64415,41.39971],[-123.64417,41.39981],[-123.64422,41.3999],[-123.64432,41.40003],[-123.64437,41.40011],[-123.6444,41.40019],[-123.64438,41.40023],[-123.6443,41.40029],[-123.6441,41.40038],[-123.64397,41.40044],[-123.64376,41.4005],[-123.64352,41.40055],[-123.64342,41.4006],[-123.6433,41.40065],[-123.64321,41.40071],[-123.64296,41.40092],[-123.64279,41.40107],[-123.64271,41.40119],[-123.64269,41.40128],[-123.64269,41.40138],[-123.64275,41.40159],[-123.64286,41.40173],[-123.64295,41.4019],[-123.64297,41.40198],[-123.64299,41.40218],[-123.64296,41.40225],[-123.64287,41.40238],[-123.64283,41.40256],[-123.64282,41.4028],[-123.64277,41.40296],[-123.64277,41.40313],[-123.64282,41.40328],[-123.64287,41.40338],[-123.64296,41.40345],[-123.64342,41.40366],[-123.64348,41.4037],[-123.64356,41.4038],[-123.6437,41.40407],[-123.6438,41.4042],[-123.64382,41.40428],[-123.64378,41.40451],[-123.64378,41.40461],[-123.6438,41.40467],[-123.64385,41.40481],[-123.64395,41.4049],[-123.644,41.40501],[-123.64401,41.40505],[-123.64397,41.40516],[-123.64393,41.40522],[-123.64386,41.40528],[-123.64377,41.40533],[-123.6437,41.40538],[-123.64359,41.40541],[-123.64329,41.40552],[-123.64291,41.40561],[-123.64256,41.40576],[-123.64232,41.40591],[-123.64199,41.40608],[-123.64166,41.40614],[-123.64142,41.40624],[-123.6411,41.4064],[-123.64089,41.40651],[-123.64075,41.40658],[-123.6405,41.40671],[-123.64043,41.40677],[-123.64009,41.40704],[-123.63987,41.40734],[-123.63983,41.4075],[-123.63985,41.40764],[-123.63986,41.4077],[-123.63993,41.40783],[-123.6401,41.40813],[-123.64017,41.40824],[-123.64021,41.40834],[-123.64017,41.40843],[-123.64006,41.40859],[-123.64007,41.4087],[-123.6401,41.40882],[-123.64011,41.40891],[-123.64005,41.40916],[-123.63995,41.40932],[-123.63983,41.40946],[-123.63976,41.40958],[-123.63975,41.40983],[-123.63968,41.41002],[-123.63965,41.41021],[-123.63968,41.41035],[-123.63989,41.41068],[-123.64014,41.41106],[-123.64026,41.41115],[-123.64037,41.41134],[-123.64047,41.41157],[-123.64056,41.41189],[-123.64074,41.41213],[-123.64082,41.41225],[-123.64086,41.41238],[-123.64079,41.41253],[-123.64081,41.41261],[-123.64084,41.41267],[-123.64095,41.41274],[-123.64103,41.41283],[-123.64107,41.41293],[-123.64107,41.41316],[-123.64115,41.41334],[-123.64116,41.4134],[-123.64117,41.41347],[-123.64114,41.41354],[-123.64111,41.41359],[-123.64103,41.41371],[-123.641,41.41376],[-123.64098,41.41382],[-123.64095,41.41403],[-123.64099,41.41423],[-123.64105,41.41439],[-123.64112,41.41449],[-123.64115,41.41461],[-123.64114,41.41468],[-123.64104,41.41498],[-123.64104,41.41505],[-123.64105,41.41516],[-123.64109,41.41522],[-123.64117,41.4153],[-123.6412,41.41537],[-123.64126,41.41546],[-123.64128,41.41556],[-123.64127,41.41565],[-123.6412,41.41578],[-123.64118,41.41587],[-123.6412,41.416],[-123.64127,41.41614],[-123.64141,41.41639],[-123.6415,41.41649],[-123.64163,41.41661],[-123.64172,41.41671],[-123.64177,41.41679],[-123.64188,41.41706],[-123.64192,41.41713],[-123.64197,41.41717],[-123.64204,41.41721],[-123.64213,41.41725],[-123.6425,41.41737],[-123.64261,41.41741],[-123.6427,41.41745],[-123.64283,41.41757],[-123.64296,41.41774],[-123.64311,41.41786],[-123.64321,41.41791],[-123.64335,41.41797],[-123.64344,41.41799],[-123.6437,41.41805],[-123.64376,41.41806],[-123.64388,41.41815],[-123.64396,41.41822],[-123.64407,41.41834],[-123.64425,41.41858],[-123.64436,41.41875],[-123.64452,41.4189],[-123.64461,41.41899],[-123.64473,41.41915],[-123.6448,41.41926],[-123.64487,41.4194],[-123.64493,41.41952],[-123.64495,41.41961],[-123.64499,41.41987],[-123.64498,41.42014],[-123.64491,41.42092],[-123.64481,41.42125],[-123.64472,41.42155],[-123.64466,41.42178],[-123.64455,41.42191],[-123.64442,41.42214],[-123.64436,41.42234],[-123.64435,41.42256],[-123.64432,41.42274],[-123.6443,41.42282],[-123.64426,41.42288],[-123.64422,41.42293],[-123.64415,41.42302],[-123.64408,41.4231],[-123.64402,41.42316],[-123.64386,41.42341],[-123.64375,41.42373],[-123.64368,41.42398],[-123.64361,41.42413],[-123.64351,41.42429],[-123.64342,41.42437],[-123.64331,41.42447],[-123.64315,41.42459],[-123.64293,41.4247],[-123.64275,41.42476],[-123.64265,41.4248],[-123.64237,41.42492],[-123.64221,41.42501],[-123.64203,41.42511],[-123.64169,41.42534],[-123.64114,41.42585],[-123.64094,41.42601],[-123.64047,41.42624]]}},{"type":"Feature","properties":{"name":"FR 13N13","road_class":"unclassified","surface":"gravel","source":"Caltrans All Roads + OpenStreetMap explicit surface","source_detail":"osm way 10671891; Caltrans All Roads public-network geometry match","source_tile":"160/382","public_network_source":"Caltrans All Roads (ARNOLD/HPMS)","surface_source":"OpenStreetMap explicit surface tag","caltrans_match_coverage":1.0,"verified_length_m":14060},"geometry":{"type":"LineString","coordinates":[[-123.54074,41.48839],[-123.54067,41.48829],[-123.54064,41.48817],[-123.54063,41.48796],[-123.54064,41.48788],[-123.54068,41.48775],[-123.54074,41.48766],[-123.54078,41.48762],[-123.54087,41.48754],[-123.54098,41.48748],[-123.54111,41.48744],[-123.54117,41.48743],[-123.54131,41.48742],[-123.54145,41.48743],[-123.54151,41.48744],[-123.54158,41.48746],[-123.5417,41.48752],[-123.54175,41.48755],[-123.54187,41.48766],[-123.54193,41.48774],[-123.54203,41.4879],[-123.54226,41.48834],[-123.54234,41.48847],[-123.54238,41.48852],[-123.54242,41.48855],[-123.54249,41.48859],[-123.54258,41.48862],[-123.5427,41.48866],[-123.54283,41.48869],[-123.54298,41.48873],[-123.54319,41.48882],[-123.54335,41.4889],[-123.54374,41.48914],[-123.54395,41.48927],[-123.54403,41.48933],[-123.54416,41.48947],[-123.54421,41.48956],[-123.54424,41.48964],[-123.54427,41.48992],[-123.54432,41.49018],[-123.54436,41.4903],[-123.54441,41.49039],[-123.54445,41.49044],[-123.54458,41.4905],[-123.54474,41.49052],[-123.54484,41.49051],[-123.54495,41.49048],[-123.54508,41.49042],[-123.54515,41.49036],[-123.54518,41.49032],[-123.54521,41.49024],[-123.54524,41.49013],[-123.54527,41.48975],[-123.54526,41.48945],[-123.54529,41.48905],[-123.54528,41.48887],[-123.54526,41.48879],[-123.54519,41.48868],[-123.54512,41.48863],[-123.54492,41.48849],[-123.54443,41.48821],[-123.54436,41.48815],[-123.54431,41.48807],[-123.54427,41.48799],[-123.54426,41.48791],[-123.54426,41.48782],[-123.54435,41.48765],[-123.54443,41.48748],[-123.54444,41.48729],[-123.54441,41.48716],[-123.5444,41.48704],[-123.5444,41.48694],[-123.54442,41.48684],[-123.54446,41.48678],[-123.54452,41.4867],[-123.54466,41.48661],[-123.54475,41.48656],[-123.54484,41.4865],[-123.54499,41.48636],[-123.54509,41.48626],[-123.54526,41.48606],[-123.54547,41.48582],[-123.54562,41.48569],[-123.54577,41.48561],[-123.54588,41.48556],[-123.54617,41.48549],[-123.54636,41.48545],[-123.54648,41.48541],[-123.54658,41.48534],[-123.54666,41.48525],[-123.54671,41.48516],[-123.54674,41.48507],[-123.54676,41.48495],[-123.54676,41.4848],[-123.54675,41.4847],[-123.54675,41.4846],[-123.54679,41.4845],[-123.54685,41.48442],[-123.5469,41.48436],[-123.54693,41.48432],[-123.54701,41.48428],[-123.54727,41.48421],[-123.5474,41.48416],[-123.54746,41.48412],[-123.54753,41.48406],[-123.54757,41.48399],[-123.54759,41.48392],[-123.5476,41.48384],[-123.54761,41.48371],[-123.54758,41.48358],[-123.54749,41.48345],[-123.54746,41.48337],[-123.54744,41.48328],[-123.54743,41.48323],[-123.54744,41.48318],[-123.54746,41.48313],[-123.54749,41.48308],[-123.54754,41.48302],[-123.5477,41.48291],[-123.54789,41.48279],[-123.54833,41.48254],[-123.54852,41.4824],[-123.54865,41.48228],[-123.54876,41.48213],[-123.54888,41.48191],[-123.54894,41.48178],[-123.54901,41.48165],[-123.5491,41.48156],[-123.54919,41.4815],[-123.54929,41.48145],[-123.54947,41.4814],[-123.54958,41.48138],[-123.5497,41.48135],[-123.54981,41.48131],[-123.54989,41.48127],[-123.54993,41.48123],[-123.54999,41.48116],[-123.55006,41.48108],[-123.55013,41.48099],[-123.55021,41.48093],[-123.55029,41.48088],[-123.55041,41.48085],[-123.55073,41.48083],[-123.55107,41.4808],[-123.55143,41.48071],[-123.55157,41.48066],[-123.55168,41.48062],[-123.55178,41.48054],[-123.55187,41.48043],[-123.55225,41.48006],[-123.55258,41.47972],[-123.55271,41.4796],[-123.55289,41.47952],[-123.55316,41.47931],[-123.55327,41.47923],[-123.5534,41.47916],[-123.55353,41.47912],[-123.55383,41.47903],[-123.55402,41.47897],[-123.55424,41.47889],[-123.5544,41.47887],[-123.55457,41.47885],[-123.5547,41.47886],[-123.55481,41.4789],[-123.55486,41.47893],[-123.55494,41.479],[-123.55496,41.47906],[-123.55496,41.4791],[-123.55495,41.47916],[-123.55493,41.47922],[-123.55489,41.47927],[-123.55483,41.47931],[-123.55477,41.47935],[-123.55464,41.47939],[-123.55431,41.47948],[-123.5542,41.47953],[-123.55408,41.47958],[-123.55398,41.47964],[-123.55389,41.47971],[-123.5538,41.47978],[-123.55344,41.4802],[-123.55313,41.48053],[-123.55304,41.48064],[-123.55296,41.4809],[-123.55285,41.4812],[-123.55286,41.48144],[-123.55282,41.48159],[-123.5527,41.48183],[-123.55264,41.48203],[-123.55258,41.48213],[-123.55248,41.48223],[-123.55231,41.48234],[-123.55196,41.48262],[-123.5519,41.4827],[-123.55186,41.48279],[-123.55185,41.48284],[-123.55184,41.48291],[-123.55186,41.48331],[-123.55184,41.48341],[-123.55182,41.48349],[-123.55174,41.48363],[-123.55166,41.48381],[-123.55158,41.4841],[-123.55141,41.48465],[-123.55143,41.48486],[-123.55147,41.48502],[-123.55156,41.48526],[-123.55162,41.48551],[-123.55172,41.48576],[-123.552,41.4867],[-123.55214,41.48734],[-123.5522,41.48751],[-123.5523,41.48775],[-123.55266,41.4884],[-123.55274,41.4889],[-123.55292,41.48909],[-123.55331,41.48948],[-123.5535,41.4898],[-123.5536,41.48989],[-123.55376,41.49001],[-123.55399,41.49021],[-123.55413,41.49029],[-123.55429,41.49034],[-123.55438,41.49036],[-123.55455,41.49038],[-123.55488,41.49032],[-123.55503,41.49034],[-123.55512,41.49035],[-123.55525,41.49039],[-123.55552,41.49051],[-123.55561,41.49053],[-123.55578,41.49053],[-123.5559,41.49052],[-123.55605,41.49047],[-123.5562,41.49044],[-123.55627,41.49043],[-123.55641,41.49045],[-123.55652,41.49049],[-123.55663,41.49054],[-123.55675,41.49065],[-123.55694,41.49078],[-123.55705,41.49083],[-123.55716,41.49086],[-123.55736,41.49087],[-123.55763,41.49087],[-123.55815,41.4909],[-123.55832,41.49092],[-123.55843,41.49094],[-123.55853,41.49098],[-123.55862,41.49101],[-123.55876,41.49103],[-123.55895,41.49103],[-123.55912,41.491],[-123.55934,41.49095],[-123.56015,41.49074],[-123.56077,41.49053],[-123.56085,41.49052],[-123.56091,41.4905],[-123.56106,41.49048],[-123.56114,41.49048],[-123.56124,41.49051],[-123.56144,41.49059],[-123.56159,41.49065],[-123.5618,41.49074],[-123.56201,41.4908],[-123.56219,41.49083],[-123.56228,41.49085],[-123.5624,41.49085],[-123.56248,41.49083],[-123.56262,41.49075],[-123.56272,41.49069],[-123.56295,41.49057],[-123.56302,41.49054],[-123.5631,41.49053],[-123.5632,41.49054],[-123.56327,41.49056],[-123.56334,41.4906],[-123.56349,41.49072],[-123.56357,41.49073],[-123.56366,41.49073],[-123.5638,41.49074],[-123.56396,41.49072],[-123.56413,41.49066],[-123.56428,41.49062],[-123.56442,41.49056],[-123.56456,41.49047],[-123.5648,41.49015],[-123.56491,41.4901],[-123.56501,41.49005],[-123.56511,41.49004],[-123.5652,41.49003],[-123.56533,41.49004],[-123.56549,41.49005],[-123.56562,41.49006],[-123.56585,41.49007],[-123.56601,41.49004],[-123.56633,41.48996],[-123.56648,41.48992],[-123.56663,41.48985],[-123.56674,41.48977],[-123.56686,41.48958],[-123.56698,41.48945],[-123.56713,41.48938],[-123.56728,41.48935],[-123.56749,41.48932],[-123.5676,41.48928],[-123.56773,41.48926],[-123.56798,41.48919],[-123.5681,41.48917],[-123.5682,41.48917],[-123.56831,41.48923],[-123.56844,41.48936],[-123.56852,41.48943],[-123.56859,41.48949],[-123.56865,41.48952],[-123.56877,41.48958],[-123.56895,41.48962],[-123.56941,41.48969],[-123.56972,41.48973],[-123.57,41.48971],[-123.57019,41.48968],[-123.5703,41.48965],[-123.57042,41.48959],[-123.57064,41.48944],[-123.5711,41.48898],[-123.57116,41.48895],[-123.57122,41.48892],[-123.57129,41.48891],[-123.57136,41.4889],[-123.57143,41.48891],[-123.5715,41.48893],[-123.57156,41.48895],[-123.57196,41.48911],[-123.57205,41.48916],[-123.57213,41.48918],[-123.57221,41.48918],[-123.57228,41.48918],[-123.57235,41.48917],[-123.57248,41.48913],[-123.573,41.48895],[-123.57316,41.4889],[-123.57339,41.48889],[-123.57457,41.48878],[-123.57493,41.4888],[-123.57524,41.48879],[-123.57555,41.48875],[-123.57586,41.4887],[-123.57596,41.48869],[-123.57631,41.48874],[-123.57646,41.48873],[-123.57655,41.48871],[-123.57668,41.48868],[-123.57678,41.48863],[-123.57691,41.48856],[-123.57702,41.48849],[-123.5771,41.48841],[-123.57719,41.48832],[-123.57723,41.48824],[-123.5773,41.48807],[-123.57733,41.48778],[-123.57735,41.4874],[-123.57738,41.48715],[-123.57745,41.48694],[-123.57753,41.48682],[-123.57764,41.48672],[-123.57779,41.48665],[-123.57794,41.48655],[-123.57803,41.48647],[-123.57811,41.48639],[-123.57817,41.48631],[-123.57822,41.48622],[-123.5784,41.48582],[-123.57844,41.48575],[-123.57849,41.48568],[-123.57881,41.48537],[-123.57901,41.48512],[-123.57922,41.48478],[-123.57941,41.4845],[-123.57964,41.48421],[-123.57977,41.48407],[-123.57986,41.484],[-123.58017,41.48375],[-123.58023,41.4837],[-123.5803,41.4836],[-123.58034,41.48351],[-123.58038,41.48343],[-123.5804,41.48333],[-123.58045,41.48321],[-123.58053,41.48308],[-123.58059,41.48299],[-123.5807,41.4829],[-123.5811,41.48266],[-123.58141,41.48251],[-123.58158,41.4824],[-123.58165,41.48232],[-123.58179,41.48213],[-123.58192,41.48193],[-123.58207,41.48177],[-123.58221,41.48169],[-123.58232,41.48162],[-123.58251,41.48154],[-123.58281,41.48141],[-123.58314,41.48133],[-123.58329,41.48132],[-123.58366,41.48111],[-123.58383,41.48104],[-123.58439,41.48095],[-123.58454,41.48091],[-123.58466,41.48088],[-123.58479,41.48083],[-123.58492,41.48076],[-123.58502,41.48068],[-123.58516,41.48058],[-123.58556,41.48013],[-123.5857,41.47997],[-123.58591,41.4798],[-123.58603,41.47974],[-123.58611,41.4797],[-123.58619,41.47967],[-123.58635,41.47965],[-123.58648,41.47964],[-123.58659,41.47964],[-123.58672,41.47965],[-123.58682,41.47967],[-123.58696,41.4797],[-123.58709,41.47974],[-123.58725,41.47978],[-123.58741,41.4798],[-123.58766,41.4798],[-123.58784,41.4798],[-123.58801,41.47976],[-123.58834,41.47968],[-123.58899,41.47946],[-123.58916,41.47939],[-123.58929,41.47934],[-123.58942,41.47926],[-123.58996,41.47891],[-123.59011,41.47883],[-123.59052,41.47862],[-123.59065,41.47853],[-123.59074,41.47846],[-123.59102,41.47816],[-123.59111,41.4781],[-123.59117,41.47807],[-123.59125,41.47805],[-123.59153,41.47803],[-123.5916,41.47801],[-123.5917,41.47795],[-123.59209,41.47756],[-123.59225,41.47742],[-123.59238,41.47732],[-123.5925,41.47725],[-123.59274,41.47712],[-123.59287,41.47707],[-123.59301,41.47703],[-123.5932,41.47697],[-123.59332,41.47693],[-123.59354,41.47681],[-123.59364,41.47677],[-123.59375,41.47674],[-123.59382,41.47674],[-123.5939,41.47675],[-123.59442,41.47693],[-123.59448,41.47694],[-123.59461,41.47695],[-123.59474,41.47694],[-123.5948,41.47693],[-123.59492,41.47689],[-123.59497,41.47687],[-123.59506,41.4768],[-123.59511,41.47677],[-123.59516,41.47668],[-123.59521,41.47652],[-123.59521,41.47646],[-123.59519,41.47627],[-123.59521,41.47617],[-123.59523,41.47609],[-123.59527,41.47602],[-123.59534,41.47595],[-123.59554,41.47579],[-123.59562,41.4757],[-123.59565,41.47563],[-123.59566,41.47555],[-123.59564,41.47533],[-123.59564,41.47523],[-123.59567,41.47513],[-123.59574,41.475],[-123.59596,41.4748],[-123.596,41.47474],[-123.59601,41.47468],[-123.59601,41.47462],[-123.59595,41.47441],[-123.59592,41.47428],[-123.5958,41.47398],[-123.59578,41.47385],[-123.59578,41.47363],[-123.59579,41.47341],[-123.59574,41.47329],[-123.59557,41.47308],[-123.59545,41.47255],[-123.59538,41.47242],[-123.59538,41.47237],[-123.59542,41.47232],[-123.59559,41.47212],[-123.59564,41.47204],[-123.59568,41.47196],[-123.59573,41.47172],[-123.59576,41.47165],[-123.59614,41.47121],[-123.59625,41.47112],[-123.5964,41.47101],[-123.59646,41.47097],[-123.59653,41.47095],[-123.5966,41.47094],[-123.59668,41.47094],[-123.59675,41.47095],[-123.59682,41.47098],[-123.59688,41.47101],[-123.59711,41.47123],[-123.59735,41.47147],[-123.59741,41.4715],[-123.59748,41.47152],[-123.59758,41.47152],[-123.59764,41.47151],[-123.59773,41.4715],[-123.5979,41.47144],[-123.59805,41.47138],[-123.59821,41.47126],[-123.59854,41.47103],[-123.5988,41.47093],[-123.59907,41.47084],[-123.59923,41.47078],[-123.5993,41.47074],[-123.59937,41.47068],[-123.59979,41.4702],[-123.59991,41.47003],[-123.60007,41.46975],[-123.60014,41.46958],[-123.60023,41.46928],[-123.60034,41.46878],[-123.6004,41.46863],[-123.60044,41.46858],[-123.60049,41.46854],[-123.60055,41.46851],[-123.60062,41.46848],[-123.60069,41.46847],[-123.60077,41.46847],[-123.60084,41.46849],[-123.60091,41.46851],[-123.60115,41.46863],[-123.60122,41.46865],[-123.60133,41.46865],[-123.60161,41.46859],[-123.60202,41.46847],[-123.60228,41.46833],[-123.60233,41.46831],[-123.60242,41.46831],[-123.60252,41.46832],[-123.60258,41.46834],[-123.60264,41.46837],[-123.60268,41.46841],[-123.60271,41.46845],[-123.60273,41.4685],[-123.60279,41.46911],[-123.6028,41.46937],[-123.60284,41.46953],[-123.60289,41.46961],[-123.60299,41.46974],[-123.60349,41.47027],[-123.60352,41.47032],[-123.60352,41.4705],[-123.60353,41.47056],[-123.60357,41.47062],[-123.60365,41.47071],[-123.60403,41.47104],[-123.60417,41.47115],[-123.60437,41.47127],[-123.60441,41.4713],[-123.60445,41.47137],[-123.60447,41.47148],[-123.60454,41.47169],[-123.60459,41.47178],[-123.60465,41.47186],[-123.6047,41.47191],[-123.60478,41.47195],[-123.60509,41.47212],[-123.60541,41.47227],[-123.60559,41.47237],[-123.60567,41.47243],[-123.60592,41.47273],[-123.60597,41.47277],[-123.60603,41.47279],[-123.60609,41.4728],[-123.60618,41.4728],[-123.6063,41.47278],[-123.60664,41.47268],[-123.60742,41.47243],[-123.60756,41.47241],[-123.60796,41.47243],[-123.60819,41.47241],[-123.60837,41.47237],[-123.60866,41.47228],[-123.60877,41.47223],[-123.60899,41.47207],[-123.60904,41.47205],[-123.60913,41.472],[-123.60925,41.47198],[-123.60936,41.47197],[-123.60947,41.47198],[-123.60967,41.47202],[-123.60984,41.47204],[-123.61003,41.47205],[-123.61021,41.47204],[-123.61036,41.47201],[-123.61051,41.47195],[-123.61066,41.47188],[-123.6108,41.47187],[-123.61101,41.47188],[-123.61114,41.47189],[-123.61134,41.47195],[-123.61159,41.47202],[-123.61172,41.47203],[-123.61176,41.47203],[-123.61184,41.47201],[-123.6119,41.47198],[-123.61194,41.47196],[-123.61226,41.47167],[-123.61257,41.47147],[-123.61302,41.47126],[-123.61333,41.47113],[-123.61353,41.47106],[-123.61364,41.47099],[-123.61367,41.47095],[-123.61369,41.47084],[-123.61373,41.47067],[-123.61374,41.47042],[-123.61373,41.47026],[-123.61369,41.47012],[-123.61363,41.46998],[-123.61358,41.46986],[-123.61356,41.46979],[-123.61355,41.46975],[-123.61357,41.4697],[-123.61363,41.46967],[-123.61373,41.46963],[-123.61385,41.4696],[-123.61409,41.46956],[-123.61425,41.46952],[-123.61432,41.46949],[-123.61437,41.46946],[-123.61447,41.46935],[-123.61452,41.46925],[-123.61458,41.46911],[-123.6146,41.46901],[-123.61459,41.46895],[-123.61454,41.46884],[-123.6143,41.46835],[-123.61423,41.46817],[-123.61423,41.46798],[-123.61423,41.46782],[-123.61427,41.4675],[-123.61433,41.46741],[-123.61439,41.46739],[-123.61456,41.4674],[-123.61471,41.46741],[-123.61482,41.46742],[-123.6149,41.46743],[-123.61501,41.46742],[-123.61511,41.4674],[-123.61518,41.46737],[-123.61523,41.46735],[-123.61538,41.46724],[-123.61543,41.46719],[-123.61558,41.46697],[-123.61566,41.46688],[-123.61572,41.46682],[-123.6158,41.46677],[-123.61592,41.46672],[-123.61609,41.46667],[-123.61633,41.46658],[-123.6164,41.46656],[-123.61646,41.46656],[-123.6166,41.4666],[-123.61694,41.46685],[-123.61707,41.46693],[-123.6172,41.46702],[-123.61735,41.46708],[-123.61749,41.4671],[-123.61766,41.4671],[-123.61825,41.46712],[-123.61843,41.46716],[-123.61859,41.46718],[-123.61869,41.46722],[-123.61877,41.46728],[-123.619,41.46755],[-123.61911,41.46763],[-123.61943,41.46781],[-123.61959,41.46788],[-123.61977,41.46794],[-123.62033,41.46808],[-123.62078,41.46815],[-123.62107,41.46821],[-123.62123,41.46827],[-123.62136,41.46834],[-123.62148,41.46843],[-123.62157,41.46851],[-123.62177,41.46868],[-123.62197,41.4689],[-123.62209,41.4691],[-123.62214,41.4692],[-123.6222,41.46928],[-123.62227,41.46935],[-123.62246,41.46944],[-123.62263,41.46951],[-123.6228,41.46953],[-123.62332,41.46958],[-123.62341,41.46961],[-123.62397,41.46988],[-123.62408,41.46992],[-123.62433,41.46999],[-123.62462,41.47004],[-123.62475,41.47006],[-123.62493,41.47012],[-123.62509,41.47018],[-123.62523,41.47026],[-123.62595,41.47073],[-123.62639,41.47104],[-123.62668,41.47125],[-123.62685,41.4714],[-123.62711,41.47167],[-123.62717,41.47174],[-123.62731,41.47194],[-123.62755,41.47264],[-123.62762,41.47278],[-123.62771,41.47296],[-123.62781,41.47308],[-123.62794,41.47321],[-123.62807,41.47331],[-123.62818,41.47338],[-123.62831,41.47344],[-123.62844,41.47348],[-123.6285,41.47352],[-123.62862,41.47358],[-123.62873,41.47368],[-123.62881,41.47381],[-123.62883,41.47388],[-123.62884,41.47396],[-123.62886,41.47421],[-123.62886,41.47437],[-123.62882,41.4747],[-123.6287,41.47505],[-123.62842,41.4758],[-123.62818,41.47638],[-123.62816,41.47648],[-123.62815,41.47659],[-123.62816,41.47669],[-123.62817,41.47679],[-123.62829,41.47711],[-123.62833,41.4772],[-123.62844,41.47734],[-123.62851,41.47741],[-123.62868,41.47753],[-123.62878,41.47758],[-123.62896,41.47765],[-123.62918,41.4777],[-123.62939,41.47776],[-123.62966,41.47783],[-123.62985,41.47794],[-123.63004,41.478],[-123.63014,41.47802],[-123.63025,41.47803],[-123.63035,41.47804],[-123.63084,41.47802],[-123.63102,41.47802],[-123.63118,41.47803],[-123.6313,41.47804],[-123.63142,41.47807],[-123.63152,41.4781],[-123.63163,41.47817],[-123.6317,41.47825],[-123.63176,41.47835],[-123.63181,41.4785],[-123.63189,41.47865],[-123.63204,41.47885],[-123.63226,41.47912],[-123.63234,41.47921],[-123.63266,41.4795],[-123.63274,41.47958],[-123.63302,41.47992],[-123.63314,41.48002],[-123.63326,41.48013],[-123.63336,41.48021],[-123.63355,41.48033],[-123.63402,41.4805],[-123.63427,41.48061]]}},{"type":"Feature","properties":{"name":"Balhorn Road","road_class":"unclassified","surface":"gravel","source":"Caltrans All Roads + OpenStreetMap explicit surface","source_detail":"osm way 10671938; Caltrans All Roads public-network geometry match","source_tile":"160/382","public_network_source":"Caltrans All Roads (ARNOLD/HPMS)","surface_source":"OpenStreetMap explicit surface tag","caltrans_match_coverage":1.0,"verified_length_m":12841},"geometry":{"type":"LineString","coordinates":[[-123.52553,41.41917],[-123.52555,41.41925],[-123.52552,41.41934],[-123.52544,41.41944],[-123.52509,41.4196],[-123.52486,41.41972],[-123.52469,41.41977],[-123.52431,41.4198],[-123.52413,41.41983],[-123.524,41.41988],[-123.52387,41.41999],[-123.52379,41.4201],[-123.52375,41.42022],[-123.52364,41.42043],[-123.52361,41.42053],[-123.52359,41.42061],[-123.52359,41.4207],[-123.52367,41.42095],[-123.52369,41.42102],[-123.52369,41.42115],[-123.52367,41.42122],[-123.52361,41.42134],[-123.52353,41.42148],[-123.52347,41.4216],[-123.52338,41.42181],[-123.52333,41.42191],[-123.52327,41.42199],[-123.5231,41.4222],[-123.52295,41.42251],[-123.52279,41.42287],[-123.52262,41.42323],[-123.52258,41.42338],[-123.52257,41.42347],[-123.52258,41.42357],[-123.52262,41.42363],[-123.5227,41.42371],[-123.52296,41.42385],[-123.52328,41.42404],[-123.52352,41.4242],[-123.52357,41.42423],[-123.52367,41.42425],[-123.52374,41.42425],[-123.52381,41.42424],[-123.52418,41.42412],[-123.52443,41.42406],[-123.52473,41.42403],[-123.52484,41.42402],[-123.52505,41.42404],[-123.52516,41.42406],[-123.52526,41.42409],[-123.52535,41.42413],[-123.52544,41.42418],[-123.5256,41.42428],[-123.52563,41.42432],[-123.52565,41.42438],[-123.52565,41.42444],[-123.52563,41.4245],[-123.52562,41.42454],[-123.52542,41.42479],[-123.52537,41.42489],[-123.52536,41.42497],[-123.52537,41.42516],[-123.52538,41.42543],[-123.52537,41.42551],[-123.52534,41.42558],[-123.52533,41.42561],[-123.52529,41.42565],[-123.525,41.42591],[-123.52485,41.42606],[-123.52471,41.42618],[-123.52467,41.42624],[-123.52464,41.4263],[-123.52463,41.42636],[-123.52464,41.42642],[-123.52466,41.42648],[-123.5247,41.42653],[-123.52494,41.42674],[-123.52575,41.42743],[-123.52585,41.4275],[-123.52594,41.42757],[-123.5265,41.42787],[-123.52674,41.42802],[-123.52719,41.42839],[-123.52741,41.42848],[-123.52753,41.42853],[-123.52771,41.42857],[-123.52778,41.4286],[-123.52786,41.42865],[-123.52793,41.42871],[-123.52816,41.42907],[-123.5283,41.42916],[-123.52876,41.42941],[-123.52912,41.42969],[-123.52932,41.42986],[-123.5296,41.43006],[-123.52972,41.43016],[-123.52976,41.43023],[-123.52978,41.43028],[-123.52975,41.43033],[-123.52967,41.4304],[-123.52954,41.43046],[-123.52944,41.43047],[-123.52911,41.43049],[-123.52887,41.43048],[-123.52872,41.43044],[-123.52859,41.43038],[-123.5284,41.43034],[-123.52816,41.43033],[-123.52785,41.4303],[-123.52758,41.43024],[-123.52746,41.43023],[-123.52735,41.43024],[-123.52729,41.43025],[-123.52719,41.4303],[-123.52714,41.43033],[-123.52709,41.43036],[-123.52692,41.43054],[-123.52679,41.43063],[-123.52663,41.43072],[-123.52644,41.43076],[-123.52621,41.43077],[-123.52587,41.43077],[-123.52564,41.43078],[-123.52549,41.43079],[-123.52536,41.43082],[-123.52516,41.43088],[-123.52457,41.43112],[-123.52438,41.43118],[-123.52365,41.43135],[-123.52355,41.43142],[-123.52317,41.43179],[-123.52312,41.43185],[-123.5231,41.43191],[-123.52308,41.43198],[-123.52309,41.43205],[-123.52312,41.43211],[-123.52316,41.43217],[-123.52333,41.4323],[-123.5234,41.4324],[-123.52344,41.43248],[-123.52347,41.43257],[-123.52346,41.43268],[-123.52342,41.43283],[-123.52334,41.43296],[-123.52328,41.43302],[-123.52315,41.43313],[-123.52299,41.43321],[-123.52281,41.43327],[-123.52266,41.4333],[-123.52249,41.43331],[-123.5222,41.43329],[-123.52208,41.43326],[-123.52198,41.43324],[-123.52186,41.43324],[-123.52136,41.43326],[-123.52112,41.4333],[-123.52091,41.43336],[-123.52082,41.43341],[-123.52076,41.43346],[-123.5207,41.43354],[-123.52066,41.43362],[-123.52065,41.43386],[-123.52072,41.43421],[-123.52073,41.43436],[-123.52074,41.4347],[-123.52075,41.43486],[-123.52074,41.43491],[-123.52072,41.43495],[-123.52069,41.435],[-123.52064,41.43503],[-123.52059,41.43506],[-123.52053,41.43508],[-123.52046,41.43509],[-123.51976,41.43509],[-123.51965,41.4351],[-123.51955,41.43514],[-123.51946,41.43518],[-123.51939,41.43524],[-123.51923,41.4354],[-123.5191,41.43551],[-123.51878,41.43575],[-123.5186,41.43594],[-123.51835,41.43626],[-123.51813,41.43658],[-123.51807,41.4367],[-123.51807,41.43678],[-123.5181,41.43683],[-123.51823,41.43694],[-123.51835,41.43701],[-123.51848,41.43705],[-123.51861,41.43708],[-123.51892,41.43707],[-123.51914,41.43706],[-123.51951,41.43701],[-123.51967,41.437],[-123.51985,41.437],[-123.51993,41.43702],[-123.52004,41.43706],[-123.5201,41.4371],[-123.52015,41.43716],[-123.52018,41.43721],[-123.5202,41.43728],[-123.5202,41.43741],[-123.52016,41.43771],[-123.52014,41.43791],[-123.52016,41.43803],[-123.52021,41.4381],[-123.52024,41.43814],[-123.52035,41.43823],[-123.52051,41.4383],[-123.52077,41.43845],[-123.52099,41.43862],[-123.52118,41.43879],[-123.52157,41.43928],[-123.52171,41.43963],[-123.52181,41.43975],[-123.52199,41.43986],[-123.52214,41.43994],[-123.52222,41.44003],[-123.52223,41.44008],[-123.52226,41.4402],[-123.52223,41.4403],[-123.52217,41.44045],[-123.52198,41.44076],[-123.52196,41.44093],[-123.522,41.44101],[-123.52207,41.44109],[-123.5223,41.44134],[-123.52252,41.44166],[-123.5226,41.44174],[-123.5227,41.44179],[-123.52287,41.44185],[-123.52301,41.44188],[-123.52311,41.44189],[-123.52379,41.44185],[-123.52426,41.44179],[-123.52462,41.44178],[-123.52472,41.44177],[-123.52492,41.44172],[-123.52511,41.44169],[-123.52518,41.4417],[-123.52528,41.44172],[-123.52538,41.44176],[-123.52546,41.44182],[-123.52557,41.44191],[-123.5257,41.44213],[-123.52589,41.44235],[-123.52596,41.4424],[-123.52607,41.44246],[-123.52623,41.4425],[-123.5264,41.44252],[-123.52666,41.4426],[-123.52698,41.44275],[-123.52702,41.44279],[-123.52704,41.44284],[-123.52705,41.44292],[-123.52693,41.44319],[-123.52692,41.44329],[-123.52696,41.44347],[-123.52701,41.44355],[-123.52722,41.44376],[-123.52737,41.44389],[-123.52768,41.44428],[-123.52779,41.44444],[-123.52786,41.4446],[-123.52788,41.44468],[-123.52786,41.44488],[-123.52776,41.44512],[-123.52759,41.44558],[-123.52739,41.44596],[-123.5274,41.44605],[-123.52745,41.4461],[-123.5276,41.44622],[-123.52768,41.44626],[-123.52774,41.44627],[-123.52782,41.44628],[-123.52803,41.44628],[-123.5282,41.44629],[-123.52836,41.44633],[-123.52866,41.44646],[-123.52873,41.44648],[-123.52891,41.44648],[-123.52916,41.44644],[-123.52954,41.44633],[-123.52966,41.44628],[-123.52969,41.44626],[-123.52984,41.4461],[-123.52995,41.44599],[-123.5306,41.44553],[-123.53066,41.4455],[-123.53076,41.44548],[-123.53092,41.44548],[-123.53108,41.44551],[-123.53116,41.44553],[-123.5313,41.4456],[-123.53136,41.44564],[-123.53142,41.44568],[-123.53149,41.44575],[-123.5316,41.44582],[-123.53187,41.44595],[-123.53199,41.44599],[-123.53251,41.44608],[-123.53263,41.44609],[-123.53277,41.44609],[-123.53292,41.44605],[-123.53306,41.446],[-123.53332,41.44587],[-123.53347,41.44581],[-123.53398,41.44568],[-123.53452,41.44556],[-123.53492,41.4455],[-123.53537,41.44536],[-123.53548,41.44533],[-123.53561,41.44535],[-123.53571,41.44542],[-123.53576,41.44552],[-123.5358,41.44563],[-123.53587,41.44576],[-123.53596,41.44587],[-123.53623,41.44608],[-123.53635,41.44614],[-123.53646,41.44617],[-123.53657,41.44619],[-123.53668,41.44619],[-123.53678,41.44618],[-123.53691,41.44614],[-123.53707,41.44606],[-123.53778,41.44573],[-123.53902,41.44542],[-123.53912,41.44541],[-123.53929,41.44543],[-123.53937,41.44546],[-123.53944,41.44553],[-123.53952,41.44565],[-123.53956,41.44577],[-123.53957,41.44588],[-123.53957,41.44605],[-123.53954,41.44637],[-123.53955,41.44651],[-123.5396,41.44665],[-123.53962,41.4467],[-123.53969,41.44679],[-123.53979,41.44687],[-123.54012,41.44706],[-123.54021,41.44712],[-123.54025,41.44716],[-123.54031,41.44724],[-123.54035,41.44733],[-123.54036,41.44738],[-123.54039,41.44746],[-123.54043,41.44752],[-123.54054,41.44761],[-123.5407,41.44768],[-123.54079,41.4477],[-123.54106,41.44774],[-123.54116,41.44776],[-123.54128,41.44783],[-123.54135,41.44788],[-123.54143,41.44801],[-123.54145,41.44807],[-123.54145,41.44813],[-123.54143,41.44824],[-123.54139,41.44831],[-123.54132,41.44837],[-123.54121,41.44844],[-123.5408,41.44858],[-123.54047,41.44866],[-123.54029,41.44872],[-123.54004,41.44885],[-123.53984,41.44898],[-123.53974,41.44904],[-123.53958,41.44917],[-123.53947,41.44922],[-123.53924,41.44924],[-123.53853,41.44915],[-123.5384,41.44916],[-123.53821,41.44921],[-123.53798,41.44933],[-123.53732,41.44967],[-123.53682,41.4499],[-123.53628,41.45017],[-123.53612,41.45023],[-123.53599,41.45032],[-123.53593,41.45037],[-123.53588,41.45043],[-123.5358,41.45055],[-123.53577,41.45068],[-123.53576,41.4509],[-123.5358,41.45113],[-123.53581,41.45123],[-123.53579,41.45138],[-123.53573,41.45151],[-123.53565,41.45161],[-123.53549,41.45189],[-123.53547,41.45195],[-123.53547,41.45202],[-123.53552,41.45215],[-123.53557,41.45222],[-123.53565,41.45229],[-123.53574,41.45236],[-123.53606,41.45252],[-123.53615,41.45259],[-123.53621,41.45268],[-123.53625,41.45277],[-123.53626,41.45287],[-123.53626,41.45292],[-123.53625,41.45297],[-123.5362,41.45306],[-123.53612,41.45319],[-123.53584,41.45356],[-123.53574,41.45376],[-123.5356,41.45418],[-123.53553,41.45434],[-123.53545,41.4545],[-123.53535,41.45463],[-123.53519,41.45481],[-123.53515,41.45488],[-123.53513,41.45492],[-123.53512,41.45502],[-123.53513,41.45511],[-123.53517,41.4552],[-123.5352,41.45533],[-123.53521,41.45543],[-123.53509,41.45589],[-123.53492,41.45635],[-123.53483,41.4565],[-123.53476,41.45657],[-123.5347,41.4566],[-123.53464,41.45662],[-123.53457,41.45663],[-123.53449,41.45663],[-123.53442,41.45662],[-123.53434,41.45658],[-123.53425,41.45655],[-123.53416,41.45653],[-123.53406,41.45653],[-123.53392,41.45656],[-123.53384,41.45659],[-123.53374,41.45667],[-123.53362,41.45677],[-123.53337,41.45704],[-123.53315,41.45722],[-123.53283,41.45756],[-123.53277,41.45765],[-123.53275,41.45774],[-123.53274,41.45779],[-123.53279,41.45807],[-123.53271,41.45827],[-123.53264,41.45837],[-123.53244,41.45872],[-123.53237,41.45878],[-123.53229,41.45889],[-123.53227,41.45896],[-123.53227,41.45904],[-123.53229,41.45911],[-123.53235,41.45918],[-123.53244,41.45924],[-123.53255,41.45929],[-123.53299,41.45943],[-123.53307,41.45947],[-123.53314,41.45952],[-123.53323,41.45967],[-123.53331,41.45989],[-123.53339,41.46004],[-123.53342,41.46013],[-123.53345,41.46046],[-123.53349,41.46062],[-123.53357,41.46074],[-123.53362,41.46077],[-123.53369,41.46081],[-123.53383,41.46091],[-123.53388,41.46097],[-123.53392,41.46103],[-123.53393,41.46109],[-123.53393,41.46116],[-123.53388,41.46132],[-123.53387,41.46142],[-123.53386,41.46164],[-123.53388,41.4618],[-123.53395,41.46202],[-123.53404,41.4622],[-123.53415,41.46233],[-123.53441,41.46258],[-123.53464,41.46277],[-123.53478,41.46287],[-123.53536,41.46322],[-123.53557,41.46337],[-123.53574,41.46352],[-123.53596,41.46367],[-123.53624,41.46379],[-123.53635,41.46382],[-123.53647,41.46384],[-123.53662,41.46383],[-123.53677,41.46385],[-123.53686,41.46388],[-123.53693,41.46392],[-123.537,41.46398],[-123.53706,41.46408],[-123.53708,41.46415],[-123.5371,41.46434],[-123.53715,41.46444],[-123.5373,41.46469],[-123.53767,41.46518],[-123.53774,41.46525],[-123.53783,41.46531],[-123.538,41.46541],[-123.53807,41.46546],[-123.53811,41.46551],[-123.53815,41.46559],[-123.5382,41.46575],[-123.53825,41.46584],[-123.53832,41.46604],[-123.53834,41.4662],[-123.53834,41.46649],[-123.53829,41.46678],[-123.53824,41.46691],[-123.53818,41.46704],[-123.53809,41.46716],[-123.53799,41.46727],[-123.53771,41.46755],[-123.5373,41.46789],[-123.53719,41.46798],[-123.53704,41.46808],[-123.53672,41.46825],[-123.53651,41.46838],[-123.53629,41.46854],[-123.53583,41.46881],[-123.53563,41.46894],[-123.53553,41.46904],[-123.5354,41.46918],[-123.53533,41.46929],[-123.53524,41.46944],[-123.53521,41.46954],[-123.53521,41.46959],[-123.53522,41.46968],[-123.53526,41.46977],[-123.53533,41.46986],[-123.53536,41.4699],[-123.53549,41.46998],[-123.53558,41.47001],[-123.53608,41.47014],[-123.53615,41.47017],[-123.53621,41.47021],[-123.53626,41.47026],[-123.53629,41.47032],[-123.53631,41.47038],[-123.53631,41.47044],[-123.53629,41.4705],[-123.53626,41.47056],[-123.53599,41.47082],[-123.53584,41.47094],[-123.53564,41.47106],[-123.53554,41.47114],[-123.53545,41.47124],[-123.53538,41.47132],[-123.5353,41.47138],[-123.53522,41.47143],[-123.53443,41.47165],[-123.53427,41.47173],[-123.53394,41.47194],[-123.5338,41.47201],[-123.53333,41.47216],[-123.53325,41.47221],[-123.53294,41.47244],[-123.53283,41.47261],[-123.53245,41.4728],[-123.53236,41.47291],[-123.53232,41.47299],[-123.53231,41.47313],[-123.53237,41.47333],[-123.53237,41.4734],[-123.53236,41.47346],[-123.53233,41.4735],[-123.53223,41.47366],[-123.53165,41.47423],[-123.53161,41.47429],[-123.53159,41.47435],[-123.53159,41.47441],[-123.53161,41.47447],[-123.53164,41.47453],[-123.53169,41.47458],[-123.53175,41.47462],[-123.53186,41.47467],[-123.53199,41.47473],[-123.53208,41.47475],[-123.53223,41.47482],[-123.53236,41.47491],[-123.53242,41.47496],[-123.53247,41.47502],[-123.53253,41.47514],[-123.53258,41.47528],[-123.53259,41.47538],[-123.53257,41.47548],[-123.53253,41.4756],[-123.53248,41.47568],[-123.5322,41.47597],[-123.53184,41.4763],[-123.53154,41.47654],[-123.53121,41.47676],[-123.53113,41.47683],[-123.53108,41.47689],[-123.53094,41.47713],[-123.5309,41.47718],[-123.5308,41.47723],[-123.53063,41.4773],[-123.53043,41.47737],[-123.53036,41.4774],[-123.5301,41.47759],[-123.53002,41.47764],[-123.52994,41.47766],[-123.52978,41.47769],[-123.52968,41.47772],[-123.52953,41.47778],[-123.52947,41.47783],[-123.52942,41.47791],[-123.52913,41.47839],[-123.52894,41.4787],[-123.52886,41.47886],[-123.52877,41.47908],[-123.52855,41.47967],[-123.52854,41.47979],[-123.52854,41.47987],[-123.52856,41.47995],[-123.52859,41.48003],[-123.52867,41.48018],[-123.5288,41.48032],[-123.52887,41.48038],[-123.52908,41.48051],[-123.52915,41.48056],[-123.5292,41.48063],[-123.52923,41.48071],[-123.52924,41.48079],[-123.52923,41.48087],[-123.5292,41.48094],[-123.52902,41.48122],[-123.52898,41.4813],[-123.52897,41.48146],[-123.52899,41.48159],[-123.52901,41.48165],[-123.52908,41.48178],[-123.52913,41.48184],[-123.52938,41.48207],[-123.52958,41.4823],[-123.52969,41.48241],[-123.52996,41.48262],[-123.53024,41.48279],[-123.53036,41.48285],[-123.53044,41.48287],[-123.53072,41.48292],[-123.53082,41.48294],[-123.53091,41.48298],[-123.53104,41.48306],[-123.53112,41.48312],[-123.53118,41.48319],[-123.53123,41.48325],[-123.53125,41.48334],[-123.53125,41.48356],[-123.53126,41.48365],[-123.53129,41.48372],[-123.53132,41.48378],[-123.5314,41.48389],[-123.53151,41.48398],[-123.53158,41.48402],[-123.53168,41.48406],[-123.53197,41.48412],[-123.53223,41.48416],[-123.53252,41.48416],[-123.53259,41.48417],[-123.53272,41.48419],[-123.53279,41.48422],[-123.53285,41.48425],[-123.53295,41.48431],[-123.53305,41.48439],[-123.5336,41.48479],[-123.5338,41.48495],[-123.53387,41.48499],[-123.53395,41.48502],[-123.53404,41.48503],[-123.53412,41.48503],[-123.53421,41.48502],[-123.53443,41.48494],[-123.53477,41.48488],[-123.53575,41.48476],[-123.53606,41.48472],[-123.53633,41.48469],[-123.5371,41.48463],[-123.53743,41.48462],[-123.53761,41.48463],[-123.53772,41.48465],[-123.53782,41.48468],[-123.53821,41.48488],[-123.53834,41.48493],[-123.53875,41.48508],[-123.53901,41.48516],[-123.53916,41.48524],[-123.53956,41.48552],[-123.53981,41.48573],[-123.53993,41.48587],[-123.53995,41.48592],[-123.53996,41.48603],[-123.53994,41.48611],[-123.53971,41.48647],[-123.5396,41.48667],[-123.53958,41.48677],[-123.53958,41.48695],[-123.5396,41.48708],[-123.53975,41.48762],[-123.53982,41.48776],[-123.54009,41.48811],[-123.54014,41.4882],[-123.54019,41.48825],[-123.54026,41.4883],[-123.54033,41.48833],[-123.54043,41.48833],[-123.54074,41.48839]]}},{"type":"Feature","properties":{"name":"Balhorn Road","road_class":"unclassified","surface":"gravel","source":"Caltrans All Roads + OpenStreetMap explicit surface","source_detail":"osm way 10672028; Caltrans All Roads public-network geometry match","source_tile":"160/382","public_network_source":"Caltrans All Roads (ARNOLD/HPMS)","surface_source":"OpenStreetMap explicit surface tag","caltrans_match_coverage":1.0,"verified_length_m":6778},"geometry":{"type":"LineString","coordinates":[[-123.52698,41.38043],[-123.52698,41.38058],[-123.52701,41.38067],[-123.52744,41.38129],[-123.52766,41.38156],[-123.52775,41.38163],[-123.52786,41.3817],[-123.52815,41.38181],[-123.52862,41.38203],[-123.5287,41.38209],[-123.52876,41.38217],[-123.52877,41.38225],[-123.52877,41.3824],[-123.52878,41.38251],[-123.52873,41.38288],[-123.52868,41.38298],[-123.52863,41.38305],[-123.52859,41.38308],[-123.52817,41.38333],[-123.52788,41.38348],[-123.52773,41.38359],[-123.52763,41.38369],[-123.52761,41.38373],[-123.52758,41.38388],[-123.52761,41.38408],[-123.52763,41.38417],[-123.52768,41.38428],[-123.52779,41.38446],[-123.5279,41.38457],[-123.52795,41.3846],[-123.52801,41.38462],[-123.5286,41.38467],[-123.52873,41.38465],[-123.52878,41.38464],[-123.52888,41.38457],[-123.52895,41.38456],[-123.52902,41.38457],[-123.52915,41.38462],[-123.52923,41.38469],[-123.52926,41.38473],[-123.5293,41.38501],[-123.52932,41.38506],[-123.52937,41.38514],[-123.52955,41.38538],[-123.52972,41.38554],[-123.53028,41.38593],[-123.53062,41.38621],[-123.53067,41.38623],[-123.53083,41.38629],[-123.53111,41.38634],[-123.53126,41.38637],[-123.53136,41.38638],[-123.53172,41.38642],[-123.53187,41.38642],[-123.53195,41.38641],[-123.53202,41.38639],[-123.53219,41.38632],[-123.53227,41.38631],[-123.53244,41.38631],[-123.53254,41.38632],[-123.5326,41.38635],[-123.53264,41.38638],[-123.53267,41.38643],[-123.5327,41.38652],[-123.53271,41.38657],[-123.53271,41.38661],[-123.53267,41.38671],[-123.53262,41.38678],[-123.53256,41.38684],[-123.53226,41.38703],[-123.53208,41.38719],[-123.53195,41.38727],[-123.53181,41.38732],[-123.53135,41.38743],[-123.53117,41.38748],[-123.53086,41.3876],[-123.53043,41.38771],[-123.53029,41.38778],[-123.53022,41.38782],[-123.53015,41.3879],[-123.52987,41.38837],[-123.52983,41.38841],[-123.52977,41.38845],[-123.52969,41.38848],[-123.52929,41.38856],[-123.52909,41.38862],[-123.52895,41.38871],[-123.52884,41.3888],[-123.52872,41.38889],[-123.5285,41.38913],[-123.52828,41.38942],[-123.52822,41.38948],[-123.528,41.38963],[-123.52778,41.38976],[-123.52769,41.38984],[-123.52766,41.38988],[-123.52764,41.38993],[-123.52763,41.38998],[-123.52764,41.39005],[-123.52773,41.39021],[-123.52778,41.39027],[-123.52781,41.39036],[-123.52783,41.39045],[-123.52781,41.39054],[-123.52778,41.39063],[-123.52777,41.3907],[-123.52779,41.39082],[-123.52783,41.39089],[-123.52793,41.39099],[-123.52821,41.39121],[-123.52833,41.3913],[-123.52842,41.39135],[-123.52857,41.39142],[-123.52867,41.39144],[-123.52878,41.39146],[-123.52898,41.39148],[-123.52921,41.39148],[-123.52971,41.39146],[-123.52977,41.39146],[-123.52984,41.39148],[-123.52989,41.3915],[-123.52994,41.39153],[-123.52998,41.39158],[-123.53,41.39162],[-123.53002,41.39167],[-123.53001,41.39172],[-123.52995,41.39194],[-123.52996,41.39218],[-123.52999,41.3923],[-123.53006,41.39246],[-123.53014,41.39255],[-123.53033,41.39272],[-123.53038,41.39279],[-123.53042,41.39287],[-123.53044,41.39297],[-123.53043,41.39307],[-123.5304,41.39316],[-123.53027,41.39334],[-123.5302,41.3934],[-123.53015,41.39344],[-123.53009,41.39346],[-123.53003,41.39348],[-123.52994,41.39348],[-123.52972,41.39346],[-123.52961,41.39346],[-123.52951,41.39349],[-123.52936,41.39351],[-123.52926,41.39357],[-123.5292,41.39368],[-123.52913,41.39385],[-123.5291,41.39392],[-123.52908,41.39399],[-123.52908,41.39413],[-123.52913,41.39429],[-123.52921,41.39448],[-123.5293,41.39474],[-123.52937,41.39488],[-123.5295,41.39506],[-123.52955,41.39512],[-123.52971,41.39526],[-123.52986,41.39537],[-123.52997,41.39541],[-123.53012,41.39547],[-123.53028,41.39552],[-123.53045,41.39556],[-123.53065,41.39558],[-123.53075,41.39558],[-123.53091,41.39558],[-123.53132,41.39552],[-123.53182,41.39549],[-123.53218,41.39548],[-123.5329,41.39552],[-123.53316,41.39556],[-123.53325,41.39558],[-123.53342,41.39567],[-123.53375,41.39587],[-123.53385,41.39592],[-123.53393,41.39594],[-123.53424,41.39597],[-123.53433,41.396],[-123.53442,41.39604],[-123.53447,41.39608],[-123.53454,41.39616],[-123.53458,41.39624],[-123.5346,41.3963],[-123.5346,41.39662],[-123.53461,41.39671],[-123.53464,41.39681],[-123.53471,41.39697],[-123.53485,41.39715],[-123.53489,41.39726],[-123.53491,41.39748],[-123.53492,41.39762],[-123.53496,41.39768],[-123.53505,41.3978],[-123.5354,41.39805],[-123.53549,41.39813],[-123.53557,41.3982],[-123.53564,41.39829],[-123.53571,41.39838],[-123.53574,41.39847],[-123.53575,41.39856],[-123.53576,41.39865],[-123.53576,41.39874],[-123.53574,41.39885],[-123.53567,41.39911],[-123.5356,41.39933],[-123.53552,41.39947],[-123.53549,41.39951],[-123.53521,41.3997],[-123.53511,41.39979],[-123.5348,41.40018],[-123.53467,41.40033],[-123.53458,41.40047],[-123.53452,41.40056],[-123.53451,41.40061],[-123.53451,41.40066],[-123.53452,41.40071],[-123.53455,41.40075],[-123.53458,41.40079],[-123.53472,41.40089],[-123.53503,41.40109],[-123.53552,41.40137],[-123.53588,41.40172],[-123.53602,41.4018],[-123.53613,41.40187],[-123.53627,41.40193],[-123.53649,41.40202],[-123.53667,41.40209],[-123.53685,41.40214],[-123.53698,41.40219],[-123.53704,41.40225],[-123.5371,41.40233],[-123.53709,41.4024],[-123.53708,41.40245],[-123.53703,41.40251],[-123.53697,41.40256],[-123.53687,41.40261],[-123.53665,41.40271],[-123.53637,41.40285],[-123.53628,41.40289],[-123.53615,41.40291],[-123.53604,41.40292],[-123.53573,41.40291],[-123.53556,41.40293],[-123.5354,41.40295],[-123.53504,41.40303],[-123.53469,41.40307],[-123.53443,41.40307],[-123.53418,41.40304],[-123.53351,41.40293],[-123.53304,41.40289],[-123.53295,41.40289],[-123.53287,41.4029],[-123.53278,41.40293],[-123.53271,41.40298],[-123.53266,41.40304],[-123.53262,41.4031],[-123.5326,41.40317],[-123.5326,41.40324],[-123.53262,41.40331],[-123.53266,41.4034],[-123.53282,41.40365],[-123.53289,41.4038],[-123.53293,41.40394],[-123.53296,41.40416],[-123.533,41.40505],[-123.53298,41.40513],[-123.53292,41.40528],[-123.53287,41.40535],[-123.53268,41.40554],[-123.53263,41.4056],[-123.53249,41.40593],[-123.53233,41.40619],[-123.53199,41.40673],[-123.53193,41.40688],[-123.53189,41.40702],[-123.53189,41.40716],[-123.53192,41.40732],[-123.53198,41.40757],[-123.53202,41.40778],[-123.53202,41.40791],[-123.53201,41.40801],[-123.53199,41.40805],[-123.53194,41.40814],[-123.53187,41.40821],[-123.53177,41.40827],[-123.53142,41.40846],[-123.53129,41.40852],[-123.53104,41.40859],[-123.53079,41.40861],[-123.53065,41.40864],[-123.53054,41.4087],[-123.53045,41.40877],[-123.53042,41.40889],[-123.53029,41.40928],[-123.53019,41.40954],[-123.53007,41.40973],[-123.53001,41.40979],[-123.5299,41.40983],[-123.52984,41.40984],[-123.52978,41.40984],[-123.5297,41.40982],[-123.52958,41.40977],[-123.52933,41.4096],[-123.52926,41.40957],[-123.52917,41.40955],[-123.52907,41.40954],[-123.52897,41.40955],[-123.52888,41.40957],[-123.5288,41.4096],[-123.52872,41.40965],[-123.52847,41.40989],[-123.52828,41.41009],[-123.52822,41.41018],[-123.52817,41.41027],[-123.52811,41.41043],[-123.52791,41.41106],[-123.52788,41.41124],[-123.52789,41.41143],[-123.52791,41.41154],[-123.52793,41.41163],[-123.52801,41.41182],[-123.52813,41.41199],[-123.52825,41.41212],[-123.52848,41.41233],[-123.52861,41.41241],[-123.52872,41.41243],[-123.52922,41.41245],[-123.52929,41.41246],[-123.52935,41.41249],[-123.52939,41.41253],[-123.52942,41.41258],[-123.52944,41.41272],[-123.52945,41.41291],[-123.52945,41.413],[-123.52943,41.41305],[-123.52938,41.41311],[-123.52924,41.41321],[-123.52913,41.41327],[-123.52875,41.41341],[-123.52851,41.41351],[-123.5283,41.41364],[-123.52819,41.41374],[-123.52811,41.41384],[-123.52804,41.41394],[-123.52801,41.41402],[-123.52796,41.41409],[-123.52792,41.41412],[-123.52782,41.41418],[-123.52773,41.41422],[-123.5276,41.41427],[-123.52742,41.41432],[-123.52727,41.41434],[-123.52703,41.41439],[-123.52697,41.41441],[-123.52691,41.41445],[-123.52687,41.4145],[-123.52684,41.41455],[-123.52682,41.4146],[-123.52684,41.41481],[-123.52681,41.41494],[-123.52678,41.41499],[-123.52672,41.41505],[-123.52663,41.41511],[-123.52653,41.41515],[-123.52643,41.41517],[-123.52634,41.41518],[-123.52597,41.41524],[-123.52571,41.4153],[-123.52551,41.41537],[-123.52543,41.41542],[-123.52521,41.41566],[-123.52517,41.41569],[-123.52511,41.41573],[-123.52492,41.41582],[-123.52466,41.41592],[-123.52454,41.41598],[-123.52427,41.41613],[-123.52405,41.41631],[-123.52396,41.41641],[-123.52386,41.41653],[-123.5235,41.41709],[-123.52326,41.41739],[-123.52316,41.41758],[-123.52312,41.41781],[-123.52312,41.4179],[-123.52314,41.41799],[-123.52316,41.41806],[-123.52318,41.4181],[-123.52322,41.41814],[-123.52329,41.41817],[-123.52337,41.41817],[-123.52343,41.41814],[-123.52351,41.41808],[-123.52363,41.41804],[-123.52379,41.41799],[-123.52397,41.41796],[-123.52414,41.41796],[-123.52432,41.418],[-123.52444,41.41804],[-123.52457,41.41811],[-123.52467,41.41821],[-123.52472,41.4183],[-123.52473,41.41838],[-123.52472,41.4185],[-123.52473,41.41866],[-123.52475,41.4187],[-123.52482,41.4188],[-123.52486,41.41884],[-123.52496,41.41889],[-123.52531,41.41896],[-123.52536,41.41899],[-123.52541,41.41902],[-123.52548,41.41907],[-123.52553,41.41917]]}},{"type":"Feature","properties":{"name":"Ruin-Orleans Mountain Lookout Road","road_class":"track","surface":"ground","source":"Caltrans All Roads + OpenStreetMap explicit surface","source_detail":"osm way 266143425; Caltrans All Roads public-network geometry match","source_tile":"160/382","public_network_source":"Caltrans All Roads (ARNOLD/HPMS)","surface_source":"OpenStreetMap explicit surface tag","caltrans_match_coverage":0.89,"verified_length_m":7667},"geometry":{"type":"LineString","coordinates":[[-123.45435,41.27901],[-123.45415,41.27888],[-123.45416,41.27873],[-123.45408,41.27856],[-123.45395,41.27848],[-123.45378,41.27845],[-123.45354,41.27847],[-123.45339,41.2786],[-123.45335,41.27876],[-123.45348,41.27883],[-123.45353,41.27896],[-123.45347,41.27911],[-123.45354,41.27921],[-123.45366,41.27935],[-123.45374,41.27937],[-123.45397,41.27938],[-123.45412,41.27933],[-123.4542,41.27923],[-123.45429,41.27907],[-123.45435,41.27901],[-123.45446,41.27899],[-123.45468,41.27908],[-123.4549,41.27922],[-123.45502,41.27926],[-123.45535,41.27929],[-123.45559,41.27938],[-123.45571,41.2794],[-123.45602,41.27941],[-123.45635,41.27946],[-123.45671,41.27948],[-123.45678,41.27951],[-123.45681,41.27953],[-123.45691,41.27978],[-123.45696,41.27986],[-123.45702,41.27991],[-123.45711,41.27994],[-123.45741,41.28002],[-123.45782,41.28029],[-123.45788,41.28035],[-123.45792,41.28044],[-123.45801,41.28051],[-123.45863,41.28082],[-123.45935,41.28122],[-123.46122,41.28212],[-123.46142,41.28219],[-123.46165,41.28228],[-123.46174,41.28235],[-123.46189,41.28259],[-123.46204,41.28293],[-123.46228,41.28334],[-123.46235,41.28351],[-123.46263,41.28397],[-123.46282,41.28419],[-123.46279,41.28445],[-123.46281,41.28454],[-123.46298,41.28484],[-123.46303,41.28503],[-123.46309,41.28511],[-123.46322,41.2852],[-123.4636,41.28547],[-123.46398,41.28577],[-123.46474,41.28618],[-123.46515,41.28634],[-123.46559,41.28658],[-123.46645,41.28688],[-123.46705,41.28727],[-123.46733,41.28737],[-123.46804,41.28764],[-123.46924,41.28795],[-123.46955,41.28796],[-123.46983,41.28791],[-123.47006,41.28783],[-123.47028,41.2878],[-123.47046,41.28782],[-123.47059,41.28783],[-123.47078,41.28778],[-123.471,41.28766],[-123.47125,41.28755],[-123.47144,41.28743],[-123.47161,41.28739],[-123.47181,41.28742],[-123.47196,41.28754],[-123.47202,41.28761],[-123.47212,41.2878],[-123.47223,41.28792],[-123.47234,41.28804],[-123.4725,41.28816],[-123.47267,41.28827],[-123.47294,41.28832],[-123.47325,41.28827],[-123.4735,41.28819],[-123.47384,41.28811],[-123.47411,41.28799],[-123.47471,41.28786],[-123.47494,41.28775],[-123.47521,41.2877],[-123.47561,41.28766],[-123.47593,41.28767],[-123.47631,41.28766],[-123.47652,41.28765],[-123.47675,41.28762],[-123.47718,41.2875],[-123.47758,41.28747],[-123.47776,41.28744],[-123.47793,41.2874],[-123.47806,41.28734],[-123.47816,41.28732],[-123.47835,41.28731],[-123.47859,41.28734],[-123.47941,41.28741],[-123.47994,41.28742],[-123.48043,41.28743],[-123.48093,41.28751],[-123.48122,41.28751],[-123.48172,41.28755],[-123.48236,41.28758],[-123.48281,41.2876],[-123.48333,41.28764],[-123.48357,41.28759],[-123.48399,41.28742],[-123.4841,41.28743],[-123.48429,41.28747],[-123.48446,41.28757],[-123.48461,41.28765],[-123.48491,41.28782],[-123.48503,41.28779],[-123.48512,41.28772],[-123.48522,41.28753],[-123.48529,41.2874],[-123.48543,41.28724],[-123.48567,41.28716],[-123.48609,41.28719],[-123.48634,41.28729],[-123.48666,41.28746],[-123.48689,41.28769],[-123.48733,41.28784],[-123.48813,41.28782],[-123.48856,41.28773],[-123.48901,41.28768],[-123.48965,41.28769],[-123.49004,41.28772],[-123.49083,41.28784],[-123.49109,41.28785],[-123.4912,41.28781],[-123.49136,41.28779],[-123.49159,41.28776],[-123.49207,41.28771],[-123.49228,41.28769],[-123.49243,41.28763],[-123.49275,41.28745],[-123.49294,41.28738],[-123.4934,41.28715],[-123.49396,41.28701],[-123.49426,41.28696],[-123.49476,41.28692],[-123.49497,41.28688],[-123.49523,41.28681],[-123.49558,41.28668],[-123.49578,41.28663],[-123.49604,41.28661],[-123.49613,41.28658],[-123.49622,41.28654],[-123.49643,41.28643],[-123.49683,41.28622],[-123.49715,41.28598],[-123.49738,41.28579],[-123.49755,41.28563],[-123.49764,41.28544],[-123.49761,41.28525],[-123.49754,41.28507],[-123.49741,41.28482],[-123.49736,41.28474],[-123.49735,41.28464],[-123.49738,41.28444],[-123.49748,41.28416],[-123.49771,41.28374],[-123.49803,41.28328],[-123.49831,41.28263],[-123.49837,41.28257],[-123.49866,41.2824],[-123.4988,41.28227],[-123.49885,41.28217],[-123.49914,41.28129],[-123.49925,41.28113],[-123.49935,41.28105],[-123.49971,41.28082],[-123.49999,41.28074],[-123.50039,41.28048],[-123.50049,41.28041],[-123.50069,41.28025],[-123.50107,41.27959],[-123.50119,41.27943],[-123.50127,41.27937],[-123.50153,41.27921],[-123.5017,41.27905],[-123.5019,41.27896],[-123.50216,41.27888],[-123.5027,41.27858],[-123.50298,41.27837],[-123.5032,41.27813],[-123.50351,41.27752],[-123.50364,41.27731],[-123.50385,41.2771],[-123.50402,41.27698],[-123.50424,41.27687],[-123.50446,41.27672],[-123.50513,41.27628],[-123.50611,41.27567],[-123.50653,41.27534],[-123.50675,41.27518],[-123.5072,41.2748],[-123.50772,41.27459],[-123.50813,41.27452],[-123.5085,41.27458],[-123.50883,41.27482],[-123.50902,41.27479],[-123.50916,41.27456],[-123.50936,41.27419],[-123.50956,41.27411],[-123.50984,41.27412],[-123.51007,41.27422],[-123.51011,41.27443],[-123.51015,41.27515],[-123.51018,41.2754],[-123.51017,41.27571],[-123.51053,41.27608],[-123.51087,41.2762],[-123.51181,41.27645],[-123.51193,41.27652],[-123.51205,41.27667],[-123.51215,41.27673],[-123.51234,41.27681],[-123.51246,41.27679],[-123.51255,41.27673],[-123.51265,41.27668],[-123.51281,41.27663],[-123.51303,41.27663],[-123.51343,41.27667],[-123.51406,41.27681],[-123.51468,41.27689],[-123.51509,41.2769],[-123.51538,41.27686],[-123.51562,41.2768],[-123.5158,41.27671],[-123.51655,41.2761],[-123.51672,41.27598],[-123.51688,41.2759],[-123.51704,41.27587],[-123.51724,41.27586],[-123.51754,41.27592],[-123.51778,41.27601],[-123.51812,41.27621],[-123.51852,41.2766],[-123.51855,41.27664],[-123.51856,41.27676],[-123.51857,41.27705],[-123.51864,41.27722],[-123.51868,41.27728],[-123.51889,41.27746],[-123.51899,41.27777],[-123.51877,41.2782],[-123.51871,41.27843],[-123.51875,41.27859]]}},{"type":"Feature","properties":{"name":"FR 12N06","road_class":"track","surface":"dirt","source":"Caltrans All Roads + OpenStreetMap explicit surface","source_detail":"osm way 417411478; Caltrans All Roads public-network geometry match","source_tile":"160/382","public_network_source":"Caltrans All Roads (ARNOLD/HPMS)","surface_source":"OpenStreetMap explicit surface tag","caltrans_match_coverage":1.0,"verified_length_m":3842},"geometry":{"type":"LineString","coordinates":[[-123.59023,41.42819],[-123.59046,41.42816],[-123.59065,41.42811],[-123.59093,41.42802],[-123.59122,41.42795],[-123.59144,41.4279],[-123.59187,41.42784],[-123.59216,41.42782],[-123.59291,41.42771],[-123.59322,41.42763],[-123.59387,41.42742],[-123.59408,41.42733],[-123.5943,41.42727],[-123.59443,41.42726],[-123.59455,41.42726],[-123.59467,41.42727],[-123.59483,41.42728],[-123.59511,41.4273],[-123.59594,41.4273],[-123.59609,41.42728],[-123.5963,41.42732],[-123.59646,41.42738],[-123.59687,41.42744],[-123.59709,41.42749],[-123.59747,41.42742],[-123.59769,41.42746],[-123.59793,41.42756],[-123.59822,41.42769],[-123.59859,41.42782],[-123.59864,41.42786],[-123.59867,41.42789],[-123.59869,41.42794],[-123.59871,41.42802],[-123.59874,41.42807],[-123.59876,41.42812],[-123.5988,41.42815],[-123.59887,41.42819],[-123.59909,41.4283],[-123.59921,41.42837],[-123.59958,41.42859],[-123.59968,41.42864],[-123.59981,41.42872],[-123.59987,41.42878],[-123.59991,41.42883],[-123.59995,41.42892],[-123.59997,41.4291],[-123.60003,41.4292],[-123.60009,41.42924],[-123.60017,41.42926],[-123.60033,41.42927],[-123.60043,41.4293],[-123.60053,41.42933],[-123.60061,41.42939],[-123.60068,41.42945],[-123.60082,41.42967],[-123.60086,41.42971],[-123.60092,41.42974],[-123.60111,41.42979],[-123.60116,41.42982],[-123.6012,41.42985],[-123.60126,41.42992],[-123.60134,41.43007],[-123.60135,41.43014],[-123.60135,41.43026],[-123.60131,41.43033],[-123.60126,41.43039],[-123.60123,41.43042],[-123.60114,41.43048],[-123.60102,41.43057],[-123.60096,41.43063],[-123.60091,41.43071],[-123.60088,41.43079],[-123.60088,41.43088],[-123.60105,41.43146],[-123.60117,41.43165],[-123.60126,41.43175],[-123.60141,41.43189],[-123.60144,41.43194],[-123.60146,41.43198],[-123.60147,41.43207],[-123.60147,41.4322],[-123.60147,41.43225],[-123.60153,41.4324],[-123.60157,41.43247],[-123.60164,41.43254],[-123.60204,41.43278],[-123.60214,41.43289],[-123.60225,41.43302],[-123.60234,41.43314],[-123.60241,41.43326],[-123.60253,41.43339],[-123.60271,41.43357],[-123.60293,41.43372],[-123.60308,41.43387],[-123.60337,41.43426],[-123.60344,41.43432],[-123.60355,41.43438],[-123.60367,41.43442],[-123.6038,41.43446],[-123.60392,41.43448],[-123.60405,41.43449],[-123.60466,41.43445],[-123.60482,41.43446],[-123.60492,41.43447],[-123.60503,41.43449],[-123.60513,41.43448],[-123.60523,41.43446],[-123.60534,41.43439],[-123.60545,41.43431],[-123.60563,41.43418],[-123.60588,41.43405],[-123.60611,41.43393],[-123.60625,41.43382],[-123.60637,41.43376],[-123.60653,41.43372],[-123.60664,41.43367],[-123.60672,41.4336],[-123.60683,41.43351],[-123.60697,41.43346],[-123.60719,41.43339],[-123.60742,41.43329],[-123.60772,41.43311],[-123.60797,41.43298],[-123.60816,41.43288],[-123.60841,41.43278],[-123.60864,41.4327],[-123.60885,41.43265],[-123.60906,41.43264],[-123.60919,41.43262],[-123.60937,41.43262],[-123.60958,41.43262],[-123.60972,41.43261],[-123.60985,41.43256],[-123.60997,41.43249],[-123.61007,41.43241],[-123.61015,41.43232],[-123.61019,41.43226],[-123.61024,41.43216],[-123.61026,41.43205],[-123.61019,41.43184],[-123.61016,41.43168],[-123.61016,41.43163],[-123.61017,41.43158],[-123.61024,41.43144],[-123.61027,41.43139],[-123.61032,41.43134],[-123.61039,41.43128],[-123.61048,41.43122],[-123.61061,41.43118],[-123.61077,41.43115],[-123.61092,41.43113],[-123.61113,41.43113],[-123.61152,41.43116],[-123.61168,41.43116],[-123.61207,41.43111],[-123.61216,41.43112],[-123.61241,41.43118],[-123.61255,41.43124],[-123.61276,41.43134],[-123.61291,41.43138],[-123.61299,41.43138],[-123.61306,41.43137],[-123.61312,41.43135],[-123.61326,41.43128],[-123.61334,41.43125],[-123.61341,41.43125],[-123.61352,41.43128],[-123.6136,41.43132],[-123.61389,41.43151],[-123.61402,41.43159],[-123.6141,41.43163],[-123.61421,41.43167],[-123.61447,41.4317],[-123.61482,41.4317],[-123.61513,41.43171],[-123.61549,41.43171],[-123.61564,41.43171],[-123.61581,41.43174],[-123.61595,41.43178],[-123.61612,41.43189],[-123.61638,41.43207],[-123.61661,41.43223],[-123.61682,41.43236],[-123.61702,41.43243],[-123.61722,41.43249],[-123.61735,41.43255],[-123.61756,41.43268],[-123.61771,41.43281],[-123.61776,41.43291],[-123.61779,41.43309],[-123.61784,41.43323],[-123.61791,41.43333],[-123.61804,41.43342],[-123.61835,41.43371],[-123.61849,41.43389],[-123.61858,41.43406],[-123.61866,41.43429],[-123.61872,41.43446],[-123.61888,41.43468],[-123.61897,41.43484],[-123.61902,41.43505],[-123.61905,41.43545],[-123.61909,41.43556],[-123.61914,41.43567],[-123.61927,41.43588],[-123.61933,41.43607],[-123.61937,41.43639],[-123.61937,41.43649],[-123.61932,41.43662],[-123.61923,41.43678],[-123.61913,41.43699],[-123.61903,41.4372],[-123.619,41.43736],[-123.61898,41.43752],[-123.61897,41.43784],[-123.61899,41.43813],[-123.61897,41.43833],[-123.619,41.43843],[-123.6191,41.43864],[-123.61911,41.43873],[-123.61907,41.43883],[-123.61904,41.4389],[-123.61903,41.43898],[-123.61905,41.43902],[-123.61911,41.43908],[-123.61918,41.43908],[-123.61929,41.43908]]}},{"type":"Feature","properties":{"name":"Cedar Camp Road","road_class":"unclassified","surface":"gravel","source":"Caltrans All Roads + OpenStreetMap explicit surface","source_detail":"osm way 669192842; Caltrans All Roads public-network geometry match","source_tile":"160/382","public_network_source":"Caltrans All Roads (ARNOLD/HPMS)","surface_source":"OpenStreetMap explicit surface tag","caltrans_match_coverage":1.0,"verified_length_m":4147},"geometry":{"type":"LineString","coordinates":[[-123.59879,41.29162],[-123.59895,41.29168],[-123.59906,41.29174],[-123.59914,41.29181],[-123.59921,41.2919],[-123.59925,41.292],[-123.59928,41.29215],[-123.59931,41.29224],[-123.59953,41.29253],[-123.59961,41.29261],[-123.59965,41.29263],[-123.59984,41.2927],[-123.59994,41.29275],[-123.60004,41.29284],[-123.60031,41.29315],[-123.60038,41.2932],[-123.60055,41.2933],[-123.60077,41.29338],[-123.60086,41.29341],[-123.60115,41.29347],[-123.60125,41.2935],[-123.60128,41.29353],[-123.6013,41.29356],[-123.6013,41.29361],[-123.60128,41.29395],[-123.60129,41.29402],[-123.60135,41.29417],[-123.60139,41.29424],[-123.60151,41.29437],[-123.60157,41.29441],[-123.60181,41.29451],[-123.60188,41.29456],[-123.60193,41.29463],[-123.60195,41.29471],[-123.60193,41.29479],[-123.60188,41.29486],[-123.60178,41.29495],[-123.6017,41.29503],[-123.60167,41.29509],[-123.60162,41.29523],[-123.60161,41.29533],[-123.60162,41.29546],[-123.60166,41.29562],[-123.60173,41.29574],[-123.60183,41.29584],[-123.60213,41.29604],[-123.60234,41.29617],[-123.60245,41.29626],[-123.60252,41.29633],[-123.60259,41.29644],[-123.60268,41.29662],[-123.60272,41.29667],[-123.60281,41.29672],[-123.60305,41.29678],[-123.60316,41.2968],[-123.60328,41.29684],[-123.60344,41.29688],[-123.6036,41.29688],[-123.60376,41.29687],[-123.60387,41.29689],[-123.60398,41.29692],[-123.60409,41.29698],[-123.60422,41.29706],[-123.60432,41.29709],[-123.60439,41.29709],[-123.60444,41.29707],[-123.60447,41.29703],[-123.60447,41.29697],[-123.60441,41.29687],[-123.60429,41.29678],[-123.60419,41.29674],[-123.60409,41.29671],[-123.60402,41.2967],[-123.60376,41.2967],[-123.60362,41.29668],[-123.60354,41.29666],[-123.60344,41.29659],[-123.60337,41.29651],[-123.60334,41.29641],[-123.60335,41.29631],[-123.60338,41.29624],[-123.60342,41.29621],[-123.60348,41.29619],[-123.60389,41.29603],[-123.60398,41.29597],[-123.60405,41.29589],[-123.60409,41.29579],[-123.60408,41.29569],[-123.60404,41.29561],[-123.6039,41.2954],[-123.60386,41.29526],[-123.60386,41.29515],[-123.60391,41.295],[-123.60403,41.29478],[-123.60412,41.29467],[-123.60421,41.29457],[-123.60424,41.29451],[-123.60424,41.29445],[-123.60421,41.29436],[-123.6041,41.29421],[-123.60405,41.2941],[-123.60404,41.29398],[-123.60406,41.29384],[-123.6041,41.29376],[-123.60411,41.29363],[-123.60409,41.29354],[-123.604,41.29339],[-123.60401,41.29322],[-123.60398,41.29317],[-123.60381,41.29303],[-123.60373,41.29293],[-123.6037,41.29287],[-123.60371,41.29281],[-123.60374,41.29277],[-123.6038,41.29273],[-123.60405,41.29261],[-123.60412,41.29257],[-123.60417,41.29251],[-123.60419,41.29247],[-123.60419,41.29242],[-123.60415,41.2923],[-123.60407,41.29221],[-123.60378,41.29196],[-123.60353,41.2918],[-123.60346,41.29171],[-123.60343,41.29164],[-123.60337,41.29122],[-123.60335,41.29115],[-123.60328,41.29102],[-123.60292,41.29062],[-123.60287,41.29053],[-123.6025,41.29012],[-123.60246,41.29006],[-123.60246,41.29001],[-123.60248,41.28997],[-123.6027,41.28973],[-123.60274,41.28965],[-123.60273,41.28959],[-123.60269,41.28953],[-123.60266,41.28951],[-123.60227,41.2894],[-123.602,41.28925],[-123.60176,41.28915],[-123.60169,41.28909],[-123.60166,41.28903],[-123.60165,41.28896],[-123.60168,41.28889],[-123.60181,41.28873],[-123.60188,41.2887],[-123.60196,41.28868],[-123.60206,41.28869],[-123.60214,41.28873],[-123.6022,41.28879],[-123.60225,41.28896],[-123.60229,41.289],[-123.60238,41.28904],[-123.60249,41.28907],[-123.60276,41.28912],[-123.60298,41.2892],[-123.60321,41.28925],[-123.6035,41.28927],[-123.60373,41.28934],[-123.60384,41.28938],[-123.60396,41.28945],[-123.60429,41.28969],[-123.60456,41.28984],[-123.60477,41.28995],[-123.60505,41.29007],[-123.60532,41.29022],[-123.60541,41.29029],[-123.60547,41.29037],[-123.60551,41.29046],[-123.60553,41.29056],[-123.60559,41.29065],[-123.60565,41.2907],[-123.60576,41.29077],[-123.60585,41.29084],[-123.60589,41.29088],[-123.60607,41.29119],[-123.6061,41.29131],[-123.60611,41.29154],[-123.60615,41.29165],[-123.60623,41.2918],[-123.60637,41.29195],[-123.60643,41.29204],[-123.60645,41.29212],[-123.60646,41.29221],[-123.60649,41.29229],[-123.60658,41.29239],[-123.60667,41.29245],[-123.60682,41.29252],[-123.60712,41.29263],[-123.6073,41.29272],[-123.6074,41.29279],[-123.60747,41.29286],[-123.6077,41.29312],[-123.60776,41.29319],[-123.60778,41.29326],[-123.60776,41.29333],[-123.60771,41.29345],[-123.60771,41.29353],[-123.60788,41.2939],[-123.60796,41.29401],[-123.60805,41.29409],[-123.60813,41.29414],[-123.60865,41.2944],[-123.60872,41.29446],[-123.60884,41.29462],[-123.60891,41.29466],[-123.60908,41.29471],[-123.60933,41.29481],[-123.60969,41.29498],[-123.60977,41.29505],[-123.6098,41.29511],[-123.60987,41.29536],[-123.60993,41.29545],[-123.61018,41.29571],[-123.61038,41.29604],[-123.61052,41.29618],[-123.61058,41.29629],[-123.61064,41.29646],[-123.61071,41.29655],[-123.61079,41.29662],[-123.61094,41.29672],[-123.611,41.29678],[-123.6111,41.29691],[-123.61128,41.29727],[-123.61143,41.29744],[-123.61147,41.29756],[-123.61147,41.29784],[-123.6115,41.29795],[-123.61162,41.2982],[-123.61169,41.29834],[-123.61185,41.29859],[-123.61197,41.29871],[-123.61223,41.29894],[-123.61229,41.29903],[-123.61241,41.29927],[-123.61253,41.29944],[-123.61268,41.2996],[-123.61279,41.29974],[-123.61283,41.29987],[-123.61285,41.30014],[-123.6129,41.30024],[-123.61309,41.3005],[-123.61313,41.30063],[-123.61312,41.30074],[-123.61288,41.30137],[-123.61284,41.30154],[-123.61283,41.30191],[-123.61278,41.3021],[-123.61264,41.30236],[-123.61261,41.30247],[-123.61259,41.3026],[-123.6126,41.30269],[-123.61272,41.3029],[-123.61273,41.30301],[-123.6127,41.30315],[-123.61264,41.30333],[-123.61263,41.3034],[-123.61263,41.30367],[-123.61266,41.30372],[-123.61269,41.30377]]}},{"type":"Feature","properties":{"name":"Camp Three Road","road_class":"unclassified","surface":"unpaved","source":"Caltrans All Roads + OpenStreetMap explicit surface","source_detail":"osm way 1169134766; Caltrans All Roads public-network geometry match","source_tile":"160/382","public_network_source":"Caltrans All Roads (ARNOLD/HPMS)","surface_source":"OpenStreetMap explicit surface tag","caltrans_match_coverage":1.0,"verified_length_m":4608},"geometry":{"type":"LineString","coordinates":[[-123.43322,41.44272],[-123.43317,41.44269],[-123.43317,41.44257],[-123.43322,41.44227],[-123.43338,41.44207],[-123.43366,41.44187],[-123.43404,41.44172],[-123.43415,41.44161],[-123.43406,41.44143],[-123.43393,41.44135],[-123.43372,41.44134],[-123.43355,41.44138],[-123.43293,41.44161],[-123.43239,41.44156],[-123.43216,41.44155],[-123.43197,41.44188],[-123.43194,41.44214],[-123.43179,41.44224],[-123.43163,41.44222],[-123.4315,41.44211],[-123.43097,41.44168],[-123.43062,41.44152],[-123.43039,41.4413],[-123.43021,41.44124],[-123.42961,41.44141],[-123.42869,41.4415],[-123.42857,41.44159],[-123.42838,41.44191],[-123.42802,41.44209],[-123.42736,41.44215],[-123.42697,41.44212],[-123.42664,41.44206],[-123.42535,41.44172],[-123.42488,41.44167],[-123.424,41.44145],[-123.42351,41.44145],[-123.42291,41.4416],[-123.42232,41.4419],[-123.42138,41.44259],[-123.42063,41.44303],[-123.42049,41.44315],[-123.42043,41.44326],[-123.42043,41.44338],[-123.4207,41.44435],[-123.42062,41.44513],[-123.42048,41.44552],[-123.42046,41.44613],[-123.42002,41.44702],[-123.41984,41.44722],[-123.41963,41.44739],[-123.41949,41.44759],[-123.41943,41.44796],[-123.41925,41.44826],[-123.41927,41.44837],[-123.41942,41.44869],[-123.4194,41.44891],[-123.41925,41.44908],[-123.41886,41.44942],[-123.41861,41.44986],[-123.41858,41.45],[-123.41863,41.45012],[-123.41888,41.45045],[-123.4189,41.45088],[-123.41896,41.45105],[-123.41924,41.45128],[-123.41933,41.4514],[-123.41934,41.45199],[-123.41927,41.45242],[-123.41935,41.45263],[-123.4195,41.45273],[-123.42004,41.45279],[-123.42053,41.45295],[-123.42104,41.45324],[-123.4211,41.4534],[-123.42105,41.4535],[-123.42095,41.45356],[-123.42076,41.45359],[-123.42029,41.45352],[-123.42001,41.45355],[-123.41964,41.45373],[-123.41941,41.4539],[-123.41931,41.45408],[-123.41918,41.4544],[-123.41925,41.45458],[-123.4194,41.45472],[-123.41949,41.45488],[-123.41946,41.45508],[-123.41889,41.45563],[-123.41877,41.45578],[-123.41836,41.4561],[-123.41764,41.45649],[-123.41716,41.45681],[-123.41642,41.45717],[-123.416,41.45738],[-123.41579,41.45744],[-123.41564,41.45743],[-123.41533,41.45728],[-123.41514,41.45726],[-123.41491,41.45734],[-123.41469,41.45752],[-123.41434,41.45755],[-123.41424,41.45766],[-123.41424,41.45785],[-123.41448,41.45817],[-123.41443,41.45834],[-123.41415,41.45851],[-123.41407,41.45862],[-123.41406,41.45877],[-123.41395,41.45891],[-123.41355,41.45895],[-123.41332,41.45902],[-123.41321,41.45912],[-123.41322,41.45938],[-123.4134,41.4597],[-123.41335,41.45985],[-123.41288,41.46027],[-123.41202,41.46051],[-123.41179,41.46061],[-123.41172,41.4608],[-123.41169,41.46098],[-123.41211,41.46179],[-123.41223,41.46217],[-123.41216,41.46236],[-123.41222,41.4626],[-123.4124,41.46295],[-123.41237,41.4632],[-123.41232,41.46336],[-123.41225,41.46343],[-123.41199,41.46357],[-123.41188,41.46372],[-123.4119,41.46381],[-123.41203,41.46399],[-123.41209,41.46424]]}},{"type":"Feature","properties":{"name":"Deer Lick Saddle Road","road_class":"unclassified","surface":"gravel","source":"Caltrans All Roads + OpenStreetMap explicit surface","source_detail":"osm way 1209196011; Caltrans All Roads public-network geometry match","source_tile":"160/382","public_network_source":"Caltrans All Roads (ARNOLD/HPMS)","surface_source":"OpenStreetMap explicit surface tag","caltrans_match_coverage":1.0,"verified_length_m":890},"geometry":{"type":"LineString","coordinates":[[-123.5261,41.27478],[-123.52608,41.27507],[-123.52607,41.27528],[-123.52601,41.27543],[-123.52588,41.27558],[-123.52566,41.27573],[-123.52541,41.27581],[-123.52523,41.27588],[-123.52512,41.27595],[-123.52501,41.27607],[-123.52498,41.27614],[-123.52494,41.27629],[-123.52499,41.27643],[-123.52536,41.27701],[-123.52546,41.27731],[-123.52549,41.27749],[-123.52537,41.27773],[-123.52532,41.278],[-123.52521,41.27839],[-123.52503,41.27869],[-123.52499,41.27887],[-123.525,41.27893],[-123.52509,41.27934],[-123.52508,41.27961],[-123.52501,41.27987],[-123.52477,41.28025],[-123.52475,41.28035],[-123.52475,41.28049],[-123.52494,41.28077],[-123.52496,41.28087],[-123.52496,41.28096],[-123.52493,41.28117],[-123.52482,41.28134],[-123.52479,41.28155],[-123.52459,41.28176],[-123.52431,41.28208]]}},{"type":"Feature","properties":{"name":"Deer Lick Saddle Road","road_class":"unclassified","surface":"gravel","source":"Caltrans All Roads + OpenStreetMap explicit surface","source_detail":"osm way 1209196020; Caltrans All Roads public-network geometry match","source_tile":"160/382","public_network_source":"Caltrans All Roads (ARNOLD/HPMS)","surface_source":"OpenStreetMap explicit surface tag","caltrans_match_coverage":1.0,"verified_length_m":4158},"geometry":{"type":"LineString","coordinates":[[-123.56472,41.29008],[-123.56484,41.2901],[-123.56495,41.29009],[-123.56503,41.29006],[-123.56507,41.28998],[-123.56504,41.28986],[-123.56497,41.28973],[-123.56493,41.28955],[-123.56486,41.28925],[-123.5648,41.28897],[-123.56476,41.28863],[-123.56478,41.28842],[-123.56484,41.28824],[-123.5649,41.28814],[-123.56492,41.28802],[-123.56479,41.28786],[-123.5646,41.28769],[-123.56447,41.28753],[-123.56446,41.28744],[-123.56454,41.28731],[-123.56456,41.28703],[-123.5645,41.28677],[-123.56434,41.28656],[-123.56433,41.28651],[-123.56433,41.28641],[-123.56438,41.28627],[-123.56441,41.28617],[-123.56442,41.28604],[-123.5644,41.28589],[-123.56439,41.2857],[-123.56438,41.28559],[-123.56435,41.28549],[-123.56434,41.28534],[-123.56435,41.28521],[-123.56439,41.2851],[-123.56446,41.28502],[-123.56449,41.28495],[-123.56447,41.28489],[-123.56437,41.28482],[-123.56417,41.28473],[-123.56394,41.28462],[-123.5638,41.28455],[-123.56344,41.28443],[-123.56318,41.28433],[-123.56298,41.2842],[-123.56288,41.28407],[-123.56285,41.28399],[-123.56278,41.28392],[-123.56266,41.28389],[-123.56237,41.28386],[-123.5621,41.28382],[-123.56189,41.28372],[-123.56165,41.28361],[-123.56151,41.28353],[-123.56134,41.28348],[-123.56115,41.28342],[-123.56097,41.28338],[-123.56082,41.28337],[-123.56068,41.28336],[-123.56058,41.28334],[-123.56049,41.2833],[-123.56042,41.28325],[-123.56036,41.28322],[-123.56027,41.28318],[-123.56012,41.28311],[-123.55996,41.28307],[-123.55976,41.28302],[-123.55965,41.28299],[-123.55948,41.28296],[-123.55937,41.28296],[-123.55924,41.28294],[-123.55911,41.2829],[-123.55896,41.28286],[-123.55883,41.28284],[-123.55867,41.28284],[-123.55856,41.28285],[-123.55846,41.28287],[-123.55836,41.28286],[-123.55824,41.28283],[-123.55816,41.28281],[-123.558,41.28276],[-123.55786,41.28271],[-123.55772,41.28266],[-123.5576,41.28261],[-123.55744,41.28256],[-123.55729,41.28253],[-123.5571,41.28247],[-123.557,41.28242],[-123.55694,41.28234],[-123.55683,41.28223],[-123.55674,41.28215],[-123.55663,41.28211],[-123.55645,41.28205],[-123.55633,41.28204],[-123.55618,41.28201],[-123.55605,41.28196],[-123.55593,41.28188],[-123.55583,41.28184],[-123.55572,41.28177],[-123.55555,41.28171],[-123.55539,41.28166],[-123.55525,41.28162],[-123.55505,41.28159],[-123.55486,41.2815],[-123.55472,41.28143],[-123.55459,41.28139],[-123.55438,41.28133],[-123.55424,41.28126],[-123.55409,41.28115],[-123.55402,41.28104],[-123.55396,41.28092],[-123.55391,41.28077],[-123.55385,41.28065],[-123.55378,41.2805],[-123.5537,41.28037],[-123.55363,41.28023],[-123.55356,41.27999],[-123.55345,41.2797],[-123.55335,41.27949],[-123.55326,41.27934],[-123.55314,41.27924],[-123.55298,41.27915],[-123.55281,41.27906],[-123.55267,41.279],[-123.55255,41.27897],[-123.55241,41.27889],[-123.5523,41.27882],[-123.55225,41.27876],[-123.55224,41.2787],[-123.55223,41.27862],[-123.55225,41.27856],[-123.55228,41.27852],[-123.55236,41.2785],[-123.55251,41.2785],[-123.5527,41.27853],[-123.55282,41.27855],[-123.55295,41.27856],[-123.55309,41.27857],[-123.55327,41.27854],[-123.55351,41.27852],[-123.55361,41.27851],[-123.55371,41.27851],[-123.55379,41.27854],[-123.55385,41.27859],[-123.55391,41.27866],[-123.55397,41.27872],[-123.55403,41.27876],[-123.5541,41.27878],[-123.55419,41.27878],[-123.55432,41.27877],[-123.55445,41.27872],[-123.55461,41.27864],[-123.55473,41.27862],[-123.55485,41.27861],[-123.55505,41.27858],[-123.55522,41.27856],[-123.55539,41.27855],[-123.55555,41.27851],[-123.55568,41.27847],[-123.55574,41.27844],[-123.55574,41.27838],[-123.55568,41.27832],[-123.55552,41.27826],[-123.55527,41.27822],[-123.55508,41.27818],[-123.55491,41.27815],[-123.55476,41.27815],[-123.5546,41.27814],[-123.55449,41.27811],[-123.55439,41.27808],[-123.55431,41.27802],[-123.5542,41.27791],[-123.55409,41.27784],[-123.554,41.27779],[-123.55393,41.27776],[-123.55383,41.27774],[-123.55373,41.27774],[-123.55364,41.27776],[-123.55356,41.27777],[-123.5535,41.27778],[-123.55346,41.27776],[-123.55344,41.27773],[-123.55343,41.27768],[-123.55338,41.27764],[-123.5533,41.27761],[-123.5532,41.27759],[-123.55315,41.27757],[-123.55306,41.27755],[-123.55299,41.27757],[-123.55287,41.27764],[-123.55278,41.27775],[-123.55269,41.27786],[-123.55264,41.2779],[-123.55257,41.2779],[-123.55249,41.27789],[-123.55242,41.27784],[-123.55236,41.27774],[-123.55219,41.27766],[-123.55199,41.27757],[-123.55184,41.27752],[-123.55176,41.27748],[-123.5517,41.27743],[-123.55166,41.27731],[-123.55167,41.2772],[-123.55172,41.27709],[-123.55179,41.27705],[-123.55189,41.277],[-123.55208,41.27694],[-123.55231,41.27691],[-123.55249,41.27692],[-123.55259,41.27695],[-123.55267,41.27696],[-123.55277,41.27692],[-123.5529,41.27683],[-123.55309,41.27678],[-123.5533,41.27675],[-123.55344,41.27675],[-123.5536,41.27671],[-123.55375,41.27665],[-123.55396,41.27658],[-123.55416,41.27652],[-123.55432,41.27649],[-123.55442,41.27646],[-123.55449,41.27641],[-123.55458,41.27634],[-123.55464,41.27628],[-123.55472,41.27623],[-123.55481,41.27619],[-123.55495,41.27616],[-123.55507,41.27614],[-123.55519,41.27612],[-123.55533,41.27612],[-123.55546,41.27613],[-123.55565,41.27618],[-123.55573,41.2762],[-123.55582,41.27621],[-123.5559,41.2762],[-123.55599,41.27617],[-123.55607,41.27613],[-123.55611,41.27607],[-123.55613,41.27596],[-123.55612,41.27585],[-123.5561,41.27574],[-123.55607,41.27564],[-123.55607,41.27549],[-123.55607,41.27537],[-123.55602,41.27526],[-123.55595,41.2752],[-123.55584,41.27513],[-123.55572,41.27506],[-123.55557,41.27502],[-123.55528,41.27492],[-123.55505,41.27484],[-123.55486,41.27476],[-123.5547,41.27471],[-123.55456,41.27472],[-123.55432,41.27473],[-123.55401,41.27475],[-123.55378,41.27475],[-123.55362,41.27473],[-123.55344,41.27469],[-123.55325,41.27458],[-123.55305,41.27445],[-123.55285,41.27432],[-123.55248,41.27407],[-123.55207,41.27385],[-123.55169,41.27364],[-123.55146,41.2735],[-123.55121,41.27333],[-123.55106,41.27315],[-123.55096,41.27303],[-123.55081,41.2729],[-123.55062,41.27266],[-123.55051,41.27258],[-123.55037,41.27253],[-123.55021,41.27253],[-123.54999,41.27258],[-123.54972,41.27265],[-123.54946,41.27273],[-123.54928,41.27277],[-123.54906,41.27275],[-123.5488,41.2727],[-123.54856,41.27259],[-123.54837,41.27247],[-123.54817,41.27232],[-123.54799,41.27226],[-123.54782,41.27224],[-123.54763,41.27224],[-123.54743,41.2722],[-123.54723,41.27213],[-123.54708,41.27207],[-123.54697,41.27197],[-123.54681,41.27192],[-123.54667,41.27191]]}},{"type":"Feature","properties":{"name":"FR 10N47A","road_class":"track","surface":"ground","source":"Caltrans All Roads + OpenStreetMap explicit surface","source_detail":"osm way 1209239368; Caltrans All Roads public-network geometry match","source_tile":"160/382","public_network_source":"Caltrans All Roads (ARNOLD/HPMS)","surface_source":"OpenStreetMap explicit surface tag","caltrans_match_coverage":0.952,"verified_length_m":2401},"geometry":{"type":"LineString","coordinates":[[-123.53545,41.24882],[-123.53535,41.24887],[-123.53529,41.24898],[-123.5353,41.24933],[-123.53528,41.24945],[-123.53518,41.24953],[-123.53498,41.24957],[-123.53492,41.24964],[-123.53479,41.24986],[-123.5346,41.24995],[-123.53447,41.25008],[-123.53452,41.25024],[-123.53454,41.25081],[-123.53461,41.25114],[-123.53466,41.25133],[-123.53475,41.25157],[-123.53475,41.25174],[-123.53468,41.25206],[-123.53464,41.25215],[-123.53458,41.25219],[-123.5345,41.2522],[-123.53445,41.2522],[-123.53355,41.25188],[-123.53337,41.2518],[-123.5332,41.25169],[-123.53299,41.25151],[-123.53284,41.25141],[-123.53271,41.25137],[-123.53258,41.25137],[-123.53239,41.25139],[-123.53184,41.25151],[-123.53175,41.25157],[-123.53164,41.25168],[-123.53149,41.2519],[-123.53142,41.25193],[-123.53129,41.25192],[-123.53102,41.25187],[-123.53059,41.25179],[-123.5305,41.25174],[-123.53043,41.25166],[-123.53025,41.25144],[-123.53017,41.25139],[-123.53007,41.25135],[-123.52994,41.25136],[-123.52974,41.25145],[-123.52953,41.25148],[-123.52928,41.25149],[-123.52907,41.2515],[-123.52894,41.25148],[-123.52876,41.25143],[-123.52854,41.2513],[-123.52841,41.25125],[-123.52827,41.25122],[-123.52807,41.25119],[-123.52781,41.2512],[-123.52755,41.25121],[-123.5274,41.25122],[-123.52721,41.25118],[-123.52652,41.25097],[-123.52632,41.25092],[-123.52604,41.25094],[-123.52557,41.25096],[-123.52524,41.25098],[-123.52505,41.25095],[-123.52469,41.25082],[-123.52443,41.25069],[-123.52435,41.25067],[-123.52407,41.25061],[-123.52386,41.25059],[-123.52347,41.25055],[-123.52315,41.25055],[-123.52288,41.2506],[-123.52274,41.25068],[-123.52263,41.25074],[-123.52256,41.25085],[-123.52251,41.25101],[-123.52235,41.2511],[-123.5221,41.25124],[-123.52149,41.25154],[-123.52097,41.25179],[-123.52077,41.2519],[-123.5206,41.252],[-123.52043,41.25206],[-123.51951,41.25237],[-123.51897,41.2525],[-123.51875,41.25251],[-123.51858,41.25249],[-123.51847,41.25243],[-123.5184,41.25234],[-123.51841,41.25222],[-123.51842,41.25212],[-123.51842,41.25194],[-123.51838,41.25177],[-123.51829,41.2516],[-123.5181,41.25139],[-123.51787,41.25105],[-123.51775,41.25087],[-123.5176,41.25052],[-123.51752,41.25043],[-123.51742,41.25037],[-123.5173,41.25034],[-123.51717,41.25033],[-123.51698,41.25038],[-123.51682,41.25048],[-123.51658,41.25049],[-123.51636,41.25039],[-123.51607,41.2505],[-123.51575,41.25059],[-123.51561,41.25071],[-123.51525,41.25082]]}},{"type":"Feature","properties":{"name":"Cedar Camp Road","road_class":"unclassified","surface":"gravel","source":"Caltrans All Roads + OpenStreetMap explicit surface","source_detail":"osm way 1375780982; Caltrans All Roads public-network geometry match","source_tile":"160/382","public_network_source":"Caltrans All Roads (ARNOLD/HPMS)","surface_source":"OpenStreetMap explicit surface tag","caltrans_match_coverage":1.0,"verified_length_m":1151},"geometry":{"type":"LineString","coordinates":[[-123.66546,41.35537],[-123.66537,41.35572],[-123.66535,41.35586],[-123.66534,41.35612],[-123.66536,41.35627],[-123.66543,41.35656],[-123.66549,41.3567],[-123.66557,41.35688],[-123.66568,41.35704],[-123.6661,41.35759],[-123.66616,41.35769],[-123.6662,41.35786],[-123.66621,41.35795],[-123.6662,41.35803],[-123.66618,41.35811],[-123.66616,41.35821],[-123.66596,41.35856],[-123.66585,41.35872],[-123.66582,41.35882],[-123.66579,41.35893],[-123.66578,41.35905],[-123.66579,41.35916],[-123.66582,41.35932],[-123.66603,41.3597],[-123.66614,41.35987],[-123.66632,41.36005],[-123.66644,41.36014],[-123.66651,41.36023],[-123.66655,41.36033],[-123.66656,41.36046],[-123.66656,41.36067],[-123.66659,41.36083],[-123.66663,41.36095],[-123.66672,41.36112],[-123.66688,41.36135],[-123.66707,41.36147],[-123.66738,41.36168],[-123.66777,41.36188],[-123.66819,41.36209],[-123.6684,41.3622],[-123.66849,41.36226],[-123.66865,41.36241],[-123.66886,41.36276],[-123.66901,41.36299],[-123.66916,41.36329],[-123.66927,41.36339],[-123.66942,41.36349],[-123.66957,41.36354],[-123.66971,41.36359],[-123.67002,41.36363],[-123.67018,41.36369],[-123.67026,41.36375],[-123.67036,41.36387],[-123.67046,41.36398],[-123.67051,41.36406]]}},{"type":"Feature","properties":{"name":"Cedar Camp Road","road_class":"unclassified","surface":"gravel","source":"Caltrans All Roads + OpenStreetMap explicit surface","source_detail":"osm way 1375780983; Caltrans All Roads public-network geometry match","source_tile":"160/382","public_network_source":"Caltrans All Roads (ARNOLD/HPMS)","surface_source":"OpenStreetMap explicit surface tag","caltrans_match_coverage":1.0,"verified_length_m":2020},"geometry":{"type":"LineString","coordinates":[[-123.60515,41.33],[-123.60524,41.32995],[-123.60545,41.32991],[-123.6056,41.32985],[-123.6058,41.32984],[-123.60597,41.32986],[-123.60611,41.32983],[-123.6062,41.32979],[-123.60631,41.32969],[-123.60643,41.32963],[-123.60657,41.32961],[-123.60674,41.32965],[-123.60689,41.32968],[-123.60707,41.32967],[-123.60717,41.32964],[-123.6073,41.32955],[-123.60741,41.32941],[-123.60752,41.32937],[-123.60762,41.32933],[-123.60786,41.32932],[-123.6082,41.32931],[-123.60836,41.32926],[-123.60846,41.32918],[-123.60847,41.32913],[-123.60845,41.32904],[-123.60837,41.32883],[-123.60835,41.3287],[-123.60838,41.32861],[-123.60848,41.32849],[-123.60853,41.32833],[-123.60855,41.32824],[-123.60856,41.32815],[-123.60855,41.32805],[-123.60858,41.32795],[-123.6086,41.3279],[-123.60861,41.32778],[-123.60855,41.3274],[-123.60853,41.32722],[-123.60853,41.32707],[-123.6086,41.32701],[-123.60866,41.32698],[-123.60883,41.32692],[-123.60953,41.32672],[-123.60975,41.32663],[-123.60992,41.32652],[-123.61014,41.32641],[-123.61048,41.32629],[-123.61079,41.32622],[-123.61102,41.32619],[-123.61159,41.32612],[-123.61212,41.32608],[-123.6123,41.32609],[-123.61246,41.32613],[-123.6126,41.32616],[-123.61287,41.32635],[-123.61308,41.32649],[-123.61328,41.32655],[-123.61357,41.32657],[-123.6142,41.3266],[-123.61427,41.32661],[-123.61444,41.32667],[-123.61466,41.32676],[-123.61565,41.32711],[-123.61599,41.32718],[-123.61628,41.32729],[-123.61654,41.32746],[-123.61669,41.32755],[-123.61683,41.32771],[-123.61707,41.32806],[-123.61713,41.3282],[-123.61733,41.32836],[-123.61746,41.32844],[-123.61757,41.32861],[-123.6177,41.32871],[-123.61795,41.32883],[-123.61837,41.32896],[-123.61853,41.32904],[-123.61866,41.32914],[-123.61905,41.32932],[-123.61917,41.32936],[-123.61971,41.32934],[-123.62131,41.32937],[-123.62166,41.32939],[-123.62201,41.32945],[-123.62219,41.32949],[-123.6225,41.32958],[-123.62265,41.32965],[-123.62278,41.32974],[-123.62288,41.32985],[-123.62292,41.3299],[-123.62303,41.33007],[-123.6231,41.3303],[-123.62318,41.33065]]}},{"type":"Feature","properties":{"name":"Cedar Camp Road","road_class":"unclassified","surface":"gravel","source":"Caltrans All Roads + OpenStreetMap explicit surface","source_detail":"osm way 1375780989; Caltrans All Roads public-network geometry match","source_tile":"160/382","public_network_source":"Caltrans All Roads (ARNOLD/HPMS)","surface_source":"OpenStreetMap explicit surface tag","caltrans_match_coverage":1.0,"verified_length_m":2080},"geometry":{"type":"LineString","coordinates":[[-123.60617,41.32574],[-123.60614,41.32587],[-123.60606,41.32598],[-123.60585,41.32614],[-123.60568,41.32632],[-123.60559,41.32643],[-123.60545,41.32655],[-123.60516,41.32676],[-123.60512,41.32682],[-123.60508,41.3269],[-123.60509,41.32699],[-123.60523,41.3272],[-123.60525,41.32727],[-123.60526,41.32735],[-123.60525,41.32742],[-123.60521,41.32749],[-123.60518,41.32752],[-123.60513,41.32754],[-123.60481,41.3276],[-123.60475,41.32762],[-123.60464,41.32771],[-123.6046,41.32776],[-123.60455,41.32781],[-123.60451,41.32784],[-123.60435,41.32789],[-123.6034,41.32798],[-123.60307,41.32799],[-123.60249,41.32829],[-123.60233,41.32835],[-123.60223,41.32835],[-123.60165,41.32833],[-123.6004,41.32815],[-123.60017,41.32809],[-123.60005,41.32806],[-123.59978,41.32794],[-123.5995,41.32782],[-123.59937,41.32778],[-123.59923,41.32778],[-123.59912,41.32779],[-123.59898,41.32784],[-123.59887,41.32793],[-123.5988,41.32803],[-123.59878,41.32807],[-123.59876,41.32822],[-123.59873,41.32831],[-123.59864,41.32845],[-123.59858,41.32852],[-123.59827,41.32879],[-123.59822,41.32884],[-123.59811,41.32909],[-123.59801,41.32919],[-123.59763,41.32944],[-123.59748,41.32956],[-123.59737,41.32968],[-123.59728,41.32982],[-123.59726,41.32989],[-123.59727,41.32996],[-123.59731,41.33002],[-123.59739,41.33008],[-123.59747,41.3301],[-123.59758,41.33012],[-123.59916,41.33017],[-123.59928,41.33018],[-123.59941,41.33021],[-123.59953,41.33024],[-123.59974,41.33033],[-123.60043,41.33078],[-123.60052,41.33083],[-123.60068,41.33089],[-123.60075,41.33089],[-123.60106,41.33086],[-123.60114,41.33086],[-123.6012,41.33087],[-123.60129,41.33092],[-123.60139,41.33099],[-123.60149,41.33107],[-123.60178,41.33136],[-123.60187,41.33141],[-123.60194,41.33142],[-123.60218,41.33139],[-123.60229,41.3314],[-123.60239,41.33144],[-123.60246,41.33149],[-123.60291,41.33206],[-123.60298,41.33213],[-123.60311,41.33222],[-123.60329,41.3324],[-123.60349,41.33252],[-123.60361,41.33256],[-123.60375,41.33258],[-123.60389,41.33258],[-123.60403,41.33256],[-123.60414,41.33253],[-123.60425,41.33246],[-123.60433,41.33238],[-123.60434,41.33234],[-123.60444,41.332],[-123.60446,41.33188],[-123.60445,41.33179],[-123.60439,41.3317],[-123.60431,41.33159],[-123.60428,41.33154],[-123.60427,41.33144],[-123.6043,41.33134],[-123.60443,41.33113],[-123.60477,41.33062],[-123.60508,41.33006],[-123.60515,41.33]]}},{"type":"Feature","properties":{"name":"Cedar Camp Road","road_class":"unclassified","surface":"gravel","source":"Caltrans All Roads + OpenStreetMap explicit surface","source_detail":"osm way 1375780990; Caltrans All Roads public-network geometry match","source_tile":"160/382","public_network_source":"Caltrans All Roads (ARNOLD/HPMS)","surface_source":"OpenStreetMap explicit surface tag","caltrans_match_coverage":1.0,"verified_length_m":1975},"geometry":{"type":"LineString","coordinates":[[-123.59894,41.31186],[-123.59897,41.31191],[-123.59907,41.31197],[-123.59936,41.312],[-123.59963,41.31208],[-123.59975,41.31213],[-123.59991,41.31227],[-123.60012,41.31242],[-123.60044,41.31254],[-123.60064,41.31262],[-123.60079,41.31269],[-123.60087,41.31276],[-123.60089,41.31285],[-123.60088,41.31297],[-123.60084,41.31309],[-123.60088,41.31319],[-123.60096,41.31328],[-123.60107,41.31335],[-123.60126,41.3134],[-123.60146,41.31348],[-123.60171,41.3136],[-123.60187,41.31366],[-123.602,41.31367],[-123.60211,41.3137],[-123.60228,41.3138],[-123.60245,41.31384],[-123.6026,41.31382],[-123.60271,41.31386],[-123.60282,41.31392],[-123.60298,41.31412],[-123.60306,41.31419],[-123.60317,41.31423],[-123.60324,41.31424],[-123.60337,41.31429],[-123.60343,41.31431],[-123.60349,41.31435],[-123.60352,41.31442],[-123.60353,41.31456],[-123.60355,41.31464],[-123.60361,41.3147],[-123.60379,41.31479],[-123.60386,41.31486],[-123.604,41.31507],[-123.60415,41.31524],[-123.6042,41.3153],[-123.60427,41.31542],[-123.6043,41.31554],[-123.60432,41.31579],[-123.60432,41.31588],[-123.60443,41.31614],[-123.60444,41.31626],[-123.60439,41.31632],[-123.60431,41.31639],[-123.60417,41.31649],[-123.60413,41.31659],[-123.60413,41.31671],[-123.60418,41.31721],[-123.60421,41.31732],[-123.60427,41.31743],[-123.60429,41.31752],[-123.60427,41.31761],[-123.60421,41.31766],[-123.60408,41.31775],[-123.604,41.31781],[-123.60377,41.31798],[-123.6037,41.31805],[-123.60364,41.31815],[-123.60363,41.31826],[-123.60365,41.31834],[-123.60373,41.31843],[-123.60397,41.31859],[-123.60404,41.31866],[-123.60411,41.31873],[-123.60414,41.31882],[-123.60412,41.31899],[-123.60414,41.31907],[-123.60418,41.31913],[-123.60442,41.31933],[-123.60455,41.31942],[-123.60472,41.31952],[-123.60482,41.31961],[-123.60486,41.31968],[-123.60492,41.3199],[-123.60498,41.31999],[-123.6051,41.32011],[-123.6052,41.32017],[-123.60539,41.32027],[-123.60546,41.3203],[-123.60558,41.32031],[-123.60573,41.32035],[-123.60586,41.32041],[-123.60598,41.32048],[-123.60602,41.32052],[-123.60607,41.3206],[-123.60624,41.32091],[-123.60648,41.32128],[-123.60653,41.3214],[-123.60663,41.3217],[-123.60673,41.32208],[-123.60673,41.3222],[-123.60668,41.32234],[-123.60663,41.32245],[-123.60662,41.32266],[-123.60659,41.32275],[-123.60654,41.32282],[-123.60641,41.32292],[-123.60631,41.32305],[-123.60622,41.32319],[-123.60618,41.32329],[-123.60616,41.3234],[-123.60617,41.32345],[-123.60619,41.32348],[-123.60622,41.32352],[-123.60646,41.32364],[-123.60653,41.32371],[-123.60657,41.32379],[-123.60658,41.32385],[-123.60653,41.32402],[-123.60653,41.32412],[-123.60656,41.32421],[-123.6066,41.32432],[-123.60661,41.32437],[-123.60659,41.32442],[-123.60657,41.32446],[-123.60651,41.32451],[-123.60633,41.3246],[-123.60621,41.3247],[-123.60617,41.32474],[-123.60615,41.32481],[-123.60616,41.32486],[-123.60617,41.3249],[-123.60629,41.32504],[-123.60633,41.32511],[-123.60633,41.32515],[-123.60629,41.32523],[-123.60617,41.32536],[-123.60613,41.32547],[-123.60614,41.32557],[-123.60617,41.32574]]}},{"type":"Feature","properties":{"name":"Ullathorne Road","road_class":"track","surface":"gravel","source":"Caltrans All Roads + OpenStreetMap explicit surface","source_detail":"osm way 1387671462; Caltrans All Roads public-network geometry match","source_tile":"160/382","public_network_source":"Caltrans All Roads (ARNOLD/HPMS)","surface_source":"OpenStreetMap explicit surface tag","caltrans_match_coverage":1.0,"verified_length_m":504},"geometry":{"type":"LineString","coordinates":[[-123.60439,41.29709],[-123.60461,41.29715],[-123.60475,41.29719],[-123.60486,41.29726],[-123.60496,41.29734],[-123.60503,41.29743],[-123.6051,41.29762],[-123.60517,41.2977],[-123.60531,41.29785],[-123.60537,41.29798],[-123.60538,41.29806],[-123.60536,41.29823],[-123.60537,41.29832],[-123.6054,41.2984],[-123.60558,41.29866],[-123.60559,41.29873],[-123.60558,41.29881],[-123.60548,41.29899],[-123.60545,41.29908],[-123.60545,41.2992],[-123.60552,41.29946],[-123.60554,41.2996],[-123.60557,41.30007],[-123.6056,41.30018],[-123.60562,41.30026],[-123.60569,41.30033],[-123.60574,41.3004],[-123.60577,41.3005],[-123.60578,41.30063],[-123.60578,41.3007],[-123.6057,41.30081],[-123.60565,41.30094],[-123.60564,41.30112],[-123.60561,41.30119]]}},{"type":"Feature","properties":{"name":"Chappell Saddle Road","road_class":"track","surface":"gravel","source":"Caltrans All Roads + OpenStreetMap explicit surface","source_detail":"osm way 1388096993; Caltrans All Roads public-network geometry match","source_tile":"160/382","public_network_source":"Caltrans All Roads (ARNOLD/HPMS)","surface_source":"OpenStreetMap explicit surface tag","caltrans_match_coverage":1.0,"verified_length_m":1146},"geometry":{"type":"LineString","coordinates":[[-123.72019,41.30802],[-123.72012,41.308],[-123.72005,41.308],[-123.71995,41.30805],[-123.71954,41.30848],[-123.71903,41.30891],[-123.71889,41.309],[-123.7183,41.3095],[-123.7182,41.30962],[-123.71815,41.30972],[-123.71815,41.30985],[-123.71818,41.30997],[-123.71826,41.31015],[-123.71834,41.31034],[-123.71835,41.31045],[-123.71832,41.31067],[-123.71825,41.31099],[-123.71824,41.31123],[-123.71828,41.31149],[-123.71828,41.3116],[-123.71826,41.31171],[-123.71817,41.31182],[-123.71789,41.31204],[-123.71768,41.31229],[-123.71745,41.31244],[-123.71698,41.31269],[-123.71676,41.3128],[-123.71674,41.31286],[-123.71669,41.31315],[-123.71666,41.31324],[-123.71662,41.31332],[-123.71656,41.3134],[-123.71649,41.31348],[-123.71639,41.31357],[-123.71621,41.31368],[-123.71614,41.31373],[-123.71606,41.31383],[-123.71602,41.31393],[-123.71599,41.31403],[-123.71595,41.31437],[-123.71592,41.31449],[-123.71587,41.31461],[-123.71583,41.31475],[-123.7158,41.31502],[-123.71582,41.31536],[-123.71585,41.31644],[-123.71582,41.31673],[-123.71574,41.31691],[-123.71569,41.31697]]}},{"type":"Feature","properties":{"name":"Bee Creek Road","road_class":"track","surface":"gravel","source":"Caltrans All Roads + OpenStreetMap explicit surface","source_detail":"osm way 1388096994; Caltrans All Roads public-network geometry match","source_tile":"160/382","public_network_source":"Caltrans All Roads (ARNOLD/HPMS)","surface_source":"OpenStreetMap explicit surface tag","caltrans_match_coverage":1.0,"verified_length_m":3363},"geometry":{"type":"LineString","coordinates":[[-123.70495,41.28484],[-123.70499,41.2854],[-123.70503,41.28556],[-123.70508,41.28569],[-123.70517,41.28579],[-123.70542,41.28598],[-123.70558,41.28605],[-123.70569,41.28608],[-123.70579,41.28612],[-123.70606,41.2861],[-123.7065,41.28611],[-123.70674,41.2861],[-123.70689,41.28605],[-123.70702,41.28602],[-123.70722,41.28596],[-123.70741,41.28594],[-123.70755,41.28594],[-123.70779,41.28595],[-123.70801,41.28598],[-123.70821,41.28603],[-123.70889,41.28606],[-123.70904,41.28609],[-123.70918,41.28613],[-123.70939,41.28625],[-123.70994,41.28662],[-123.71025,41.28686],[-123.71028,41.28696],[-123.71029,41.28708],[-123.71027,41.28721],[-123.71042,41.28756],[-123.7105,41.28778],[-123.71063,41.28791],[-123.71085,41.28805],[-123.71118,41.28821],[-123.71146,41.28835],[-123.71156,41.28839],[-123.71172,41.28854],[-123.71177,41.28862],[-123.71182,41.28872],[-123.71185,41.28884],[-123.71188,41.28893],[-123.71189,41.28904],[-123.71186,41.2892],[-123.71185,41.28941],[-123.71187,41.28951],[-123.7119,41.2896],[-123.71197,41.28969],[-123.7121,41.28978],[-123.71232,41.28993],[-123.71243,41.29003],[-123.71251,41.29013],[-123.71258,41.29024],[-123.71259,41.29036],[-123.71259,41.2904],[-123.71259,41.29058],[-123.71259,41.2907],[-123.71265,41.29094],[-123.7127,41.29104],[-123.71275,41.29111],[-123.7131,41.29148],[-123.71334,41.29182],[-123.71356,41.29207],[-123.71368,41.29221],[-123.71374,41.29231],[-123.71375,41.29242],[-123.7138,41.29278],[-123.71393,41.293],[-123.71395,41.29307],[-123.71399,41.29338],[-123.71401,41.29345],[-123.71404,41.29353],[-123.71411,41.29364],[-123.7143,41.2938],[-123.71472,41.2941],[-123.71483,41.29421],[-123.71488,41.29431],[-123.71489,41.29442],[-123.71485,41.29453],[-123.7148,41.29459],[-123.71461,41.29473],[-123.71442,41.29486],[-123.7143,41.29496],[-123.71423,41.29506],[-123.71419,41.29517],[-123.7142,41.29528],[-123.71424,41.29538],[-123.71426,41.29543],[-123.71448,41.29574],[-123.71461,41.29593],[-123.71484,41.29631],[-123.71515,41.29728],[-123.7152,41.29739],[-123.71527,41.29751],[-123.71535,41.29762],[-123.71546,41.29776],[-123.71562,41.29791],[-123.71586,41.29816],[-123.71618,41.29854],[-123.71633,41.29867],[-123.71649,41.29878],[-123.71661,41.29883],[-123.71669,41.29886],[-123.71717,41.29888],[-123.71742,41.29894],[-123.71758,41.29901],[-123.71766,41.29907],[-123.71774,41.29916],[-123.7178,41.29924],[-123.71783,41.29933],[-123.71787,41.29958],[-123.71788,41.29981],[-123.71791,41.29991],[-123.71798,41.30001],[-123.71805,41.30011],[-123.71815,41.30022],[-123.71821,41.30031],[-123.71826,41.30039],[-123.71831,41.3006],[-123.71833,41.30095],[-123.71832,41.30143],[-123.71832,41.30149],[-123.71827,41.30167],[-123.71825,41.30179],[-123.71819,41.30243],[-123.7182,41.30266],[-123.71828,41.30282],[-123.7188,41.30336],[-123.71902,41.3036],[-123.71909,41.30369],[-123.71914,41.3038],[-123.71916,41.30389],[-123.71917,41.30393],[-123.71917,41.30405],[-123.71913,41.30416],[-123.71907,41.30429],[-123.71906,41.30439],[-123.71907,41.30449],[-123.71911,41.30459],[-123.71918,41.30468],[-123.71925,41.30474],[-123.71939,41.30487],[-123.71955,41.30499],[-123.71973,41.30519],[-123.71986,41.30536],[-123.71995,41.30542],[-123.72002,41.30546],[-123.72013,41.30549],[-123.72057,41.30562],[-123.72099,41.30579],[-123.72131,41.30596],[-123.7214,41.30605],[-123.72141,41.30609],[-123.72142,41.30614],[-123.72141,41.30622],[-123.72132,41.30633],[-123.72104,41.30655],[-123.72094,41.30665],[-123.72087,41.30676],[-123.72066,41.30724],[-123.72051,41.30752],[-123.72019,41.30802]]}},{"type":"Feature","properties":{"name":"Bark Shanty Road","road_class":"unclassified","surface":"gravel","source":"Caltrans All Roads + OpenStreetMap explicit surface","source_detail":"osm way 1388675779; Caltrans All Roads public-network geometry match","source_tile":"160/382","public_network_source":"Caltrans All Roads (ARNOLD/HPMS)","surface_source":"OpenStreetMap explicit surface tag","caltrans_match_coverage":1.0,"verified_length_m":2580},"geometry":{"type":"LineString","coordinates":[[-123.52494,41.34912],[-123.52495,41.34908],[-123.52495,41.34902],[-123.52482,41.34882],[-123.52474,41.34872],[-123.52464,41.34862],[-123.52453,41.34854],[-123.52441,41.34846],[-123.52428,41.3484],[-123.52402,41.34831],[-123.52387,41.34824],[-123.52381,41.34821],[-123.52379,41.34817],[-123.52375,41.34808],[-123.52369,41.34801],[-123.52348,41.34785],[-123.52343,41.34778],[-123.52342,41.34771],[-123.52344,41.34766],[-123.52355,41.34753],[-123.52371,41.3474],[-123.52387,41.34729],[-123.52399,41.3472],[-123.52413,41.34702],[-123.5244,41.34652],[-123.52456,41.34632],[-123.52475,41.34612],[-123.52478,41.34599],[-123.5248,41.34574],[-123.52477,41.34564],[-123.52473,41.34557],[-123.52462,41.34542],[-123.52448,41.3453],[-123.5243,41.3452],[-123.5241,41.34513],[-123.52389,41.34509],[-123.52369,41.34509],[-123.52284,41.3451],[-123.52234,41.34508],[-123.52223,41.34507],[-123.52202,41.34501],[-123.52192,41.34498],[-123.52183,41.34493],[-123.52144,41.34467],[-123.52126,41.34458],[-123.52116,41.34455],[-123.52105,41.34453],[-123.52084,41.34451],[-123.5206,41.34453],[-123.52035,41.34458],[-123.51929,41.34487],[-123.51905,41.34491],[-123.51896,41.34492],[-123.51885,41.34497],[-123.51868,41.34509],[-123.51855,41.34517],[-123.51846,41.34527],[-123.51842,41.34535],[-123.51835,41.34568],[-123.51832,41.34603],[-123.51834,41.34627],[-123.5183,41.34629],[-123.51827,41.34634],[-123.51824,41.34642],[-123.51819,41.34663],[-123.51812,41.34676],[-123.51805,41.34684],[-123.51787,41.34698],[-123.5176,41.34727],[-123.51753,41.34732],[-123.51721,41.34751],[-123.51689,41.34776],[-123.51669,41.34784],[-123.51654,41.34789],[-123.51642,41.34794],[-123.51624,41.34805],[-123.51599,41.34823],[-123.51578,41.34843],[-123.51526,41.34921],[-123.51519,41.34928],[-123.51496,41.34946],[-123.51452,41.34976],[-123.51445,41.34982],[-123.5144,41.34988],[-123.51436,41.34999],[-123.51435,41.35007],[-123.51441,41.35029],[-123.51441,41.35036],[-123.51439,41.35045],[-123.51427,41.35074],[-123.51418,41.3509],[-123.51416,41.35096],[-123.51416,41.35105],[-123.51421,41.35131],[-123.51422,41.35139],[-123.51421,41.35145],[-123.51418,41.35154],[-123.51396,41.35182],[-123.51378,41.35209],[-123.5136,41.35241],[-123.51355,41.35254],[-123.51355,41.35269],[-123.51357,41.35275],[-123.51374,41.35297],[-123.51394,41.35328],[-123.51404,41.35341],[-123.51412,41.3535],[-123.51426,41.3536],[-123.51455,41.35374],[-123.51467,41.35378],[-123.51478,41.35385],[-123.51482,41.35392],[-123.51481,41.35399],[-123.51478,41.35406],[-123.5147,41.3541],[-123.51461,41.35413],[-123.51452,41.35412],[-123.51443,41.35408],[-123.51425,41.35379],[-123.51418,41.35372],[-123.51411,41.35367],[-123.51405,41.35364],[-123.514,41.35362],[-123.51387,41.35362],[-123.51375,41.35364],[-123.51363,41.35367],[-123.51355,41.35369],[-123.51339,41.35368],[-123.51321,41.35361],[-123.51291,41.35346],[-123.51228,41.35317],[-123.51214,41.35307],[-123.51207,41.35298],[-123.51194,41.3529],[-123.51187,41.35284],[-123.51181,41.35275],[-123.51178,41.35266],[-123.51173,41.35262],[-123.51163,41.3526]]}},{"type":"Feature","properties":{"name":"Dry Lake Road","road_class":"track","surface":"gravel","source":"Caltrans All Roads + OpenStreetMap explicit surface","source_detail":"osm way 10264328; Caltrans All Roads public-network geometry match","source_tile":"160/383","public_network_source":"Caltrans All Roads (ARNOLD/HPMS)","surface_source":"OpenStreetMap explicit surface tag","caltrans_match_coverage":0.906,"verified_length_m":5552},"geometry":{"type":"LineString","coordinates":[[-123.68919,41.24444],[-123.68917,41.24414],[-123.6892,41.24396],[-123.68938,41.24338],[-123.68944,41.2432],[-123.68951,41.24302],[-123.68953,41.24275],[-123.68945,41.24236],[-123.68945,41.2423],[-123.68946,41.24221],[-123.68953,41.24208],[-123.68967,41.24195],[-123.6897,41.24189],[-123.68968,41.24182],[-123.68962,41.24173],[-123.68935,41.24152],[-123.68931,41.24144],[-123.68927,41.24135],[-123.68927,41.24123],[-123.68924,41.24108],[-123.68922,41.24094],[-123.68921,41.24077],[-123.68917,41.2406],[-123.68903,41.24028],[-123.68882,41.24],[-123.68859,41.23982],[-123.68833,41.2397],[-123.68829,41.23963],[-123.68827,41.23953],[-123.68831,41.23945],[-123.68841,41.23938],[-123.68853,41.23938],[-123.6887,41.23941],[-123.68889,41.23948],[-123.68902,41.23961],[-123.68925,41.23992],[-123.68966,41.2403],[-123.6899,41.24048],[-123.69005,41.24053],[-123.69026,41.24057],[-123.69039,41.24065],[-123.69056,41.24063],[-123.69067,41.24058],[-123.69078,41.2405],[-123.69101,41.24034],[-123.69132,41.24],[-123.69141,41.23997],[-123.69152,41.23992],[-123.69162,41.2399],[-123.69175,41.2399],[-123.69188,41.23994],[-123.6921,41.24005],[-123.69223,41.24008],[-123.69252,41.24015],[-123.69258,41.24017],[-123.69266,41.24021],[-123.69282,41.24025],[-123.69287,41.24033],[-123.69289,41.24045],[-123.69287,41.24063],[-123.69256,41.24117],[-123.69254,41.24137],[-123.69256,41.24152],[-123.6926,41.24162],[-123.69265,41.24171],[-123.69276,41.2418],[-123.69299,41.24195],[-123.69312,41.24206],[-123.69333,41.24235],[-123.69347,41.24258],[-123.69361,41.24272],[-123.69396,41.24298],[-123.69446,41.24323],[-123.69497,41.24348],[-123.69522,41.2436],[-123.69537,41.24373],[-123.69559,41.24406],[-123.6958,41.24432],[-123.69589,41.24439],[-123.69607,41.24449],[-123.69626,41.24465],[-123.69633,41.24476],[-123.69643,41.24487],[-123.69657,41.245],[-123.69664,41.24507],[-123.69672,41.24518],[-123.69682,41.24551],[-123.69695,41.24566],[-123.69715,41.24583],[-123.69721,41.24591],[-123.69728,41.24601],[-123.69725,41.24638],[-123.69728,41.24665],[-123.69731,41.24681],[-123.69736,41.24695],[-123.69743,41.247],[-123.69755,41.24706],[-123.69761,41.24707],[-123.69777,41.24711],[-123.6979,41.24711],[-123.69799,41.24708],[-123.69808,41.24702],[-123.69822,41.24676],[-123.69847,41.24653],[-123.69855,41.24638],[-123.69862,41.24591],[-123.69866,41.2458],[-123.69875,41.24569],[-123.69888,41.24558],[-123.69949,41.24524],[-123.69983,41.24504],[-123.69991,41.24495],[-123.69994,41.24486],[-123.6999,41.24473],[-123.69979,41.24462],[-123.69969,41.24453],[-123.69954,41.24444],[-123.69944,41.24435],[-123.69938,41.24427],[-123.69933,41.24418],[-123.6992,41.24392],[-123.69912,41.24383],[-123.69891,41.24368],[-123.69883,41.24359],[-123.69881,41.24353],[-123.69881,41.24345],[-123.69884,41.24339],[-123.69889,41.24335],[-123.69894,41.24334],[-123.69902,41.24333],[-123.69911,41.24336],[-123.69926,41.24342],[-123.69958,41.24378],[-123.69976,41.24394],[-123.69996,41.24408],[-123.7001,41.24417],[-123.70033,41.24427],[-123.70047,41.24432],[-123.70057,41.24434],[-123.70067,41.24434],[-123.70076,41.24431],[-123.7011,41.24415],[-123.7012,41.24408],[-123.70127,41.244],[-123.70131,41.24385],[-123.70136,41.24359],[-123.70141,41.24351],[-123.70152,41.24339],[-123.70159,41.24327],[-123.7016,41.24318],[-123.70155,41.243],[-123.70154,41.24289],[-123.70165,41.24254],[-123.70166,41.24236],[-123.70162,41.24217],[-123.70158,41.24203],[-123.70153,41.2419],[-123.70148,41.24158],[-123.7014,41.24142],[-123.70134,41.24072],[-123.70117,41.24013],[-123.70109,41.23998],[-123.701,41.23982],[-123.70082,41.23964],[-123.70054,41.23944],[-123.7,41.23918],[-123.69987,41.23913],[-123.69974,41.23909],[-123.69959,41.23908],[-123.69936,41.23904],[-123.69923,41.239],[-123.69915,41.23895],[-123.6991,41.23886],[-123.6991,41.2388],[-123.69914,41.23868],[-123.6992,41.23854],[-123.69928,41.23843],[-123.69935,41.23832],[-123.69941,41.2382],[-123.69944,41.23808],[-123.69943,41.238],[-123.69933,41.2379],[-123.69911,41.23779],[-123.69903,41.23771],[-123.699,41.23764],[-123.699,41.23756],[-123.69906,41.23735],[-123.69906,41.23725],[-123.69901,41.23717],[-123.69898,41.2371],[-123.69897,41.23702],[-123.69897,41.23696],[-123.69904,41.2369],[-123.69906,41.23684],[-123.69906,41.23671],[-123.69908,41.23665],[-123.69914,41.23656],[-123.69923,41.2365],[-123.69928,41.23648],[-123.69942,41.23645],[-123.69985,41.23645],[-123.70015,41.23641],[-123.70035,41.23635],[-123.7005,41.23629],[-123.7015,41.2358],[-123.70163,41.23571],[-123.70173,41.23562],[-123.70181,41.23551],[-123.70185,41.23542],[-123.70185,41.23519],[-123.70198,41.23468],[-123.70196,41.23454],[-123.70191,41.23444],[-123.7016,41.2341],[-123.70158,41.23403],[-123.7016,41.23393],[-123.70166,41.23383],[-123.70174,41.23374],[-123.70179,41.23372],[-123.70195,41.23367],[-123.70203,41.23363],[-123.70212,41.23354],[-123.70216,41.23346],[-123.70219,41.23325],[-123.70228,41.23304],[-123.70231,41.23288],[-123.7023,41.23273],[-123.70231,41.23256],[-123.70234,41.23239],[-123.70239,41.23228],[-123.70246,41.23219],[-123.70256,41.2321],[-123.70279,41.23199],[-123.70287,41.23196],[-123.70293,41.2319],[-123.70296,41.23161],[-123.70296,41.23149],[-123.70292,41.23138],[-123.70285,41.23126],[-123.70271,41.23114],[-123.70238,41.23089],[-123.7022,41.23072],[-123.70196,41.23052],[-123.70184,41.23041],[-123.70174,41.23032],[-123.7017,41.23025],[-123.70164,41.23004],[-123.70154,41.22988],[-123.70149,41.22977],[-123.70149,41.22968],[-123.70163,41.22934],[-123.70167,41.2292],[-123.70168,41.22903],[-123.70171,41.22894],[-123.7018,41.22889],[-123.70214,41.22877],[-123.70221,41.22873],[-123.70231,41.22868],[-123.70242,41.22858],[-123.70246,41.22851],[-123.70248,41.22845],[-123.70248,41.22838],[-123.70247,41.22832],[-123.70242,41.22821],[-123.70232,41.22806],[-123.70218,41.22772],[-123.70212,41.2276],[-123.70206,41.22752],[-123.70196,41.22737],[-123.70185,41.22712],[-123.70176,41.227],[-123.70166,41.22686],[-123.70161,41.22664],[-123.70145,41.22637],[-123.70143,41.22627],[-123.70143,41.22606],[-123.70138,41.22593],[-123.70128,41.22576],[-123.70101,41.22541],[-123.70095,41.22523],[-123.70091,41.22512],[-123.70079,41.22502],[-123.70062,41.22494],[-123.70053,41.22487],[-123.70018,41.22439],[-123.70011,41.22428],[-123.7001,41.22407],[-123.70001,41.22386],[-123.69987,41.22368],[-123.69976,41.22362],[-123.69965,41.22359]]}},{"type":"Feature","properties":{"name":"Orleans-Willow Creek Road","road_class":"unclassified","surface":"gravel","source":"Caltrans All Roads + OpenStreetMap explicit surface","source_detail":"osm way 1209454451; Caltrans All Roads public-network geometry match","source_tile":"160/383","public_network_source":"Caltrans All Roads (ARNOLD/HPMS)","surface_source":"OpenStreetMap explicit surface tag","caltrans_match_coverage":1.0,"verified_length_m":2483},"geometry":{"type":"LineString","coordinates":[[-123.54848,41.23447],[-123.54833,41.23448],[-123.5482,41.23448],[-123.54797,41.23451],[-123.54782,41.23457],[-123.5477,41.23465],[-123.54759,41.23474],[-123.54756,41.23484],[-123.54757,41.23498],[-123.54767,41.23599],[-123.54766,41.23623],[-123.54762,41.23645],[-123.54756,41.23661],[-123.54745,41.23681],[-123.54735,41.23706],[-123.54713,41.23779],[-123.5471,41.23819],[-123.54706,41.23833],[-123.54698,41.23851],[-123.54675,41.23877],[-123.54668,41.23895],[-123.54655,41.23915],[-123.54622,41.23968],[-123.54596,41.24008],[-123.54573,41.24036],[-123.54562,41.24046],[-123.5455,41.24049],[-123.54533,41.24052],[-123.54514,41.24058],[-123.54489,41.24072],[-123.54455,41.24094],[-123.54442,41.24106],[-123.54437,41.24117],[-123.54432,41.24137],[-123.54429,41.24177],[-123.54417,41.24309],[-123.54416,41.24332],[-123.5442,41.24346],[-123.54428,41.24356],[-123.54477,41.24403],[-123.54512,41.24451],[-123.54524,41.24469],[-123.54528,41.24486],[-123.54524,41.24606],[-123.54531,41.24623],[-123.54539,41.24632],[-123.54571,41.24648],[-123.54605,41.24677],[-123.54622,41.24685],[-123.54655,41.24693],[-123.54686,41.24709],[-123.54694,41.24721],[-123.54699,41.24734],[-123.54695,41.24746],[-123.54682,41.24763],[-123.54655,41.2479],[-123.54652,41.24807],[-123.54654,41.24817],[-123.54671,41.24828],[-123.54679,41.24844],[-123.54681,41.24854],[-123.54673,41.2487],[-123.54653,41.24884],[-123.54644,41.24893],[-123.54636,41.24912],[-123.54636,41.24926],[-123.54637,41.24936],[-123.54637,41.24948],[-123.54627,41.24961],[-123.54628,41.24976],[-123.54638,41.24989],[-123.54648,41.25007],[-123.54659,41.25022],[-123.54675,41.25031],[-123.54701,41.25036],[-123.54729,41.25047],[-123.54762,41.25061],[-123.54797,41.25083],[-123.5481,41.25104],[-123.54811,41.25131],[-123.54805,41.25157],[-123.54798,41.25179],[-123.54788,41.25199],[-123.54785,41.25217],[-123.54794,41.25252],[-123.54806,41.25279],[-123.54811,41.25299],[-123.54815,41.25341],[-123.54811,41.25363]]}}]}