{"type":"FeatureCollection","features":[{"type":"Feature","properties":{"name":"Grouse Creek Road","road_class":"unclassified","surface":"compacted","source":"Caltrans All Roads + OpenStreetMap explicit surface","source_detail":"osm way 10277777; Caltrans All Roads public-network geometry match","source_tile":"160/385","public_network_source":"Caltrans All Roads (ARNOLD/HPMS)","surface_source":"OpenStreetMap explicit surface tag","caltrans_match_coverage":0.992,"verified_length_m":1532},"geometry":{"type":"LineString","coordinates":[[-123.57417,40.71792],[-123.57428,40.71788],[-123.57433,40.71783],[-123.57437,40.71776],[-123.57437,40.71768],[-123.57429,40.71754],[-123.57423,40.7174],[-123.57421,40.71732],[-123.57422,40.71721],[-123.57427,40.71711],[-123.57436,40.71702],[-123.57455,40.71693],[-123.5747,40.71683],[-123.57479,40.71674],[-123.57485,40.71663],[-123.575,40.71623],[-123.57506,40.71599],[-123.57507,40.71581],[-123.57507,40.71569],[-123.57507,40.71559],[-123.5751,40.7155],[-123.57517,40.71542],[-123.57526,40.71537],[-123.57539,40.71533],[-123.5763,40.71511],[-123.5766,40.71503],[-123.57702,40.71493],[-123.57742,40.71488],[-123.57757,40.71488],[-123.57771,40.71488],[-123.5779,40.71491],[-123.57798,40.71494],[-123.57817,40.71503],[-123.57831,40.71508],[-123.57838,40.71508],[-123.57852,40.71507],[-123.57903,40.7149],[-123.57925,40.71482],[-123.57957,40.71472],[-123.58028,40.71456],[-123.58049,40.71454],[-123.58059,40.71454],[-123.58068,40.71455],[-123.58078,40.71457],[-123.58103,40.71466],[-123.58116,40.71468],[-123.58125,40.71467],[-123.5813,40.71466],[-123.58141,40.71459],[-123.58144,40.71456],[-123.58168,40.71421],[-123.58184,40.71402],[-123.5819,40.71397],[-123.58199,40.71392],[-123.58209,40.7139],[-123.58227,40.71385],[-123.58237,40.71379],[-123.58246,40.71372],[-123.58258,40.71356],[-123.58265,40.7135],[-123.58279,40.71343],[-123.58289,40.71341],[-123.58301,40.7134],[-123.58312,40.71341],[-123.58323,40.71344],[-123.58332,40.7135],[-123.5835,40.71363],[-123.58361,40.71368],[-123.58373,40.71373],[-123.58393,40.71379],[-123.58411,40.71382],[-123.58428,40.71382],[-123.58448,40.71379],[-123.58459,40.71375],[-123.58485,40.71369],[-123.58522,40.71367],[-123.58543,40.71365],[-123.58548,40.71362],[-123.58556,40.71355],[-123.58562,40.71344],[-123.58566,40.71332],[-123.58575,40.71274],[-123.58574,40.71263],[-123.58575,40.71254],[-123.58577,40.7125],[-123.58586,40.71239],[-123.58594,40.71234],[-123.58601,40.71232],[-123.58608,40.71232],[-123.5863,40.71233],[-123.58645,40.71237],[-123.58653,40.71242],[-123.58659,40.71245],[-123.58669,40.71259],[-123.58674,40.71266]]}},{"type":"Feature","properties":{"name":"Hyampom Creek Road","road_class":"track","surface":"gravel","tracktype":"grade2","source":"Caltrans All Roads + OpenStreetMap explicit surface","source_detail":"osm way 10642018; Caltrans All Roads public-network geometry match","source_tile":"160/385","public_network_source":"Caltrans All Roads (ARNOLD/HPMS)","surface_source":"OpenStreetMap explicit surface tag","caltrans_match_coverage":0.966,"verified_length_m":1545},"geometry":{"type":"LineString","coordinates":[[-123.40365,40.71016],[-123.40378,40.71022],[-123.40399,40.71044],[-123.404,40.71051],[-123.40397,40.7108],[-123.40402,40.71097],[-123.40423,40.71122],[-123.40449,40.71163],[-123.40468,40.71181],[-123.40508,40.71208],[-123.40542,40.71243],[-123.40558,40.71265],[-123.40565,40.71289],[-123.40573,40.71306],[-123.40592,40.71322],[-123.40603,40.71329],[-123.40629,40.71329],[-123.40647,40.71335],[-123.4066,40.71342],[-123.40671,40.7136],[-123.40683,40.71392],[-123.40685,40.71449],[-123.40693,40.71476],[-123.40707,40.71497],[-123.40722,40.71586],[-123.40734,40.71611],[-123.40748,40.71624],[-123.40783,40.71644],[-123.40802,40.71657],[-123.40825,40.71678],[-123.40853,40.71707],[-123.40875,40.71738],[-123.40895,40.71759],[-123.40941,40.71798],[-123.40953,40.71811],[-123.40956,40.71822],[-123.40953,40.71834],[-123.40935,40.71846],[-123.40906,40.71861],[-123.40889,40.71875],[-123.40859,40.719],[-123.40849,40.7191],[-123.40837,40.71914],[-123.40826,40.7191],[-123.40777,40.71881],[-123.40744,40.71876],[-123.40728,40.71878],[-123.40713,40.71887],[-123.40717,40.71923],[-123.40757,40.71961],[-123.40768,40.71984],[-123.40772,40.72006],[-123.40777,40.72034],[-123.40774,40.72056]]}},{"type":"Feature","properties":{"name":"Sims Creek Road","road_class":"unclassified","surface":"gravel","source":"Caltrans All Roads + OpenStreetMap explicit surface","source_detail":"osm way 530410802; Caltrans All Roads public-network geometry match","source_tile":"160/385","public_network_source":"Caltrans All Roads (ARNOLD/HPMS)","surface_source":"OpenStreetMap explicit surface tag","caltrans_match_coverage":1.0,"verified_length_m":1516},"geometry":{"type":"LineString","coordinates":[[-123.58674,40.71266],[-123.5865,40.71286],[-123.58643,40.71292],[-123.58639,40.71296],[-123.58637,40.71302],[-123.58635,40.71316],[-123.58637,40.7136],[-123.5864,40.71372],[-123.58636,40.71379],[-123.58625,40.71386],[-123.58618,40.7139],[-123.58605,40.71399],[-123.58598,40.71407],[-123.58589,40.71421],[-123.58586,40.71423],[-123.58581,40.71425],[-123.5857,40.71424],[-123.58553,40.71419],[-123.5854,40.7142],[-123.58527,40.71424],[-123.58512,40.71431],[-123.58497,40.71436],[-123.58483,40.71444],[-123.58473,40.71452],[-123.58461,40.71457],[-123.58449,40.7146],[-123.58433,40.71466],[-123.58423,40.71474],[-123.58421,40.71489],[-123.58425,40.71504],[-123.58434,40.71517],[-123.58458,40.71532],[-123.58505,40.71579],[-123.58543,40.71612],[-123.58552,40.7163],[-123.58557,40.71646],[-123.58554,40.71676],[-123.58555,40.71693],[-123.58568,40.71705],[-123.58582,40.71706],[-123.58598,40.71708],[-123.58616,40.71727],[-123.58634,40.71749],[-123.58636,40.7176],[-123.58617,40.71768],[-123.58582,40.71763],[-123.58559,40.71762],[-123.58549,40.71768],[-123.58543,40.7178],[-123.58547,40.71796],[-123.58553,40.71822],[-123.58563,40.71851],[-123.58578,40.71868],[-123.58618,40.71905],[-123.58633,40.71938],[-123.5864,40.71954],[-123.58644,40.71981],[-123.58641,40.72005],[-123.58636,40.72023],[-123.58628,40.72042],[-123.58615,40.72063],[-123.58603,40.72068],[-123.58586,40.72071],[-123.58569,40.72063],[-123.5854,40.72064],[-123.58487,40.7207],[-123.5845,40.72066],[-123.5843,40.7206],[-123.58415,40.72061],[-123.58391,40.72069],[-123.58365,40.72075],[-123.58346,40.72076],[-123.58327,40.72068],[-123.58316,40.72059],[-123.58303,40.72044],[-123.58288,40.72038],[-123.58269,40.72038],[-123.58259,40.7204],[-123.58253,40.72044]]}},{"type":"Feature","properties":{"name":"(unnamed public road)","road_class":"unclassified","surface":"gravel","source":"Caltrans All Roads + OpenStreetMap explicit surface","source_detail":"osm way 430735405; Caltrans All Roads public-network geometry match","source_tile":"160/385","public_network_source":"Caltrans All Roads (ARNOLD/HPMS)","surface_source":"OpenStreetMap explicit surface tag","caltrans_match_coverage":1.0,"verified_length_m":18348},"geometry":{"type":"LineString","coordinates":[[-123.63937,40.62291],[-123.63953,40.62292],[-123.63968,40.62297],[-123.63977,40.62302],[-123.63987,40.62312],[-123.63993,40.62323],[-123.63998,40.6234],[-123.64005,40.6235],[-123.64013,40.6236],[-123.64032,40.62376],[-123.64038,40.62385],[-123.64041,40.62392],[-123.64049,40.62399],[-123.64072,40.62412],[-123.64079,40.62418],[-123.64085,40.62424],[-123.64093,40.62433],[-123.64101,40.62447],[-123.64106,40.62452],[-123.64113,40.62455],[-123.6413,40.62455],[-123.6414,40.62457],[-123.64156,40.62464],[-123.64181,40.62471],[-123.64196,40.6248],[-123.64213,40.62493],[-123.64221,40.62497],[-123.64231,40.62497],[-123.64241,40.62497],[-123.64252,40.62495],[-123.64277,40.62486],[-123.64308,40.62468],[-123.64321,40.62465],[-123.64334,40.62464],[-123.64346,40.62467],[-123.64356,40.62468],[-123.64368,40.62467],[-123.64381,40.62462],[-123.64394,40.62459],[-123.64407,40.62458],[-123.64423,40.62459],[-123.64436,40.62462],[-123.64446,40.62467],[-123.64452,40.62471],[-123.64455,40.62476],[-123.64454,40.62482],[-123.64441,40.62493],[-123.64431,40.62503],[-123.64424,40.62515],[-123.6442,40.62534],[-123.64421,40.6254],[-123.64426,40.62546],[-123.64434,40.62549],[-123.64457,40.62548],[-123.64481,40.62549],[-123.64487,40.6255],[-123.64499,40.62555],[-123.64509,40.6256],[-123.64533,40.62582],[-123.64545,40.62589],[-123.64551,40.62593],[-123.64557,40.626],[-123.64559,40.62609],[-123.64558,40.62617],[-123.64553,40.62624],[-123.64536,40.62637],[-123.64511,40.62655],[-123.64497,40.62667],[-123.64494,40.62672],[-123.64494,40.62677],[-123.64498,40.62682],[-123.64517,40.6269],[-123.6453,40.62698],[-123.64543,40.62708],[-123.6456,40.62724],[-123.64561,40.62742],[-123.6456,40.62753],[-123.64555,40.62764],[-123.64549,40.62772],[-123.64548,40.62777],[-123.64549,40.62781],[-123.64554,40.62785],[-123.64563,40.62787],[-123.64574,40.62786],[-123.64622,40.62774],[-123.64629,40.62773],[-123.64635,40.62775],[-123.6464,40.62779],[-123.64644,40.62787],[-123.64646,40.62795],[-123.64646,40.62806],[-123.64648,40.62827],[-123.64654,40.62865],[-123.64656,40.62872],[-123.64662,40.62879],[-123.64671,40.62883],[-123.64679,40.62884],[-123.64716,40.62889],[-123.64751,40.6289],[-123.64778,40.62892],[-123.64821,40.62897],[-123.64864,40.62899],[-123.649,40.629],[-123.64902,40.629],[-123.64911,40.629],[-123.64925,40.62898],[-123.64944,40.62893],[-123.64957,40.62885],[-123.6496,40.62881],[-123.64965,40.62873],[-123.64972,40.62865],[-123.64976,40.62863],[-123.64981,40.62862],[-123.64991,40.62861],[-123.65017,40.62866],[-123.65026,40.62866],[-123.65063,40.6286],[-123.65084,40.62856],[-123.65142,40.62837],[-123.65158,40.62835],[-123.6518,40.62833],[-123.65217,40.62832],[-123.65225,40.62831],[-123.65248,40.62829],[-123.65264,40.6283],[-123.65293,40.62838],[-123.65315,40.62842],[-123.65322,40.62843],[-123.65336,40.62843],[-123.65359,40.62839],[-123.65375,40.62834],[-123.65408,40.62819],[-123.65434,40.62804],[-123.65449,40.62798],[-123.65464,40.62795],[-123.6548,40.62793],[-123.65513,40.62788],[-123.65524,40.62785],[-123.65547,40.62779],[-123.65572,40.62776],[-123.65598,40.62775],[-123.65618,40.62777],[-123.65629,40.62777],[-123.65676,40.62771],[-123.65713,40.62764],[-123.65732,40.62757],[-123.65755,40.62745],[-123.65772,40.62741],[-123.65782,40.62741],[-123.65801,40.62744],[-123.65819,40.62751],[-123.65832,40.62754],[-123.65852,40.62763],[-123.65857,40.62781],[-123.65859,40.62801],[-123.65859,40.6281],[-123.65854,40.62826],[-123.65837,40.62868],[-123.65828,40.62879],[-123.65818,40.62888],[-123.65817,40.62895],[-123.65817,40.629],[-123.65821,40.62909],[-123.65826,40.62917],[-123.65833,40.62931],[-123.65839,40.62954],[-123.65845,40.62961],[-123.65854,40.62966],[-123.65864,40.62969],[-123.65873,40.6297],[-123.65896,40.6297],[-123.65907,40.62971],[-123.65923,40.62976],[-123.65933,40.62976],[-123.65941,40.62974],[-123.65946,40.62972],[-123.65961,40.62963],[-123.66029,40.62913],[-123.66057,40.62894],[-123.6607,40.62889],[-123.66084,40.62886],[-123.66097,40.62884],[-123.66115,40.62884],[-123.66138,40.62884],[-123.66153,40.62886],[-123.6617,40.6289],[-123.66192,40.62897],[-123.66209,40.62904],[-123.66255,40.62929],[-123.66269,40.62934],[-123.66292,40.6294],[-123.663,40.62942],[-123.66318,40.62951],[-123.6633,40.62959],[-123.66351,40.62977],[-123.66364,40.62985],[-123.66379,40.62989],[-123.66388,40.6299],[-123.66402,40.6299],[-123.66418,40.62993],[-123.66427,40.62998],[-123.66432,40.63001],[-123.66441,40.63014],[-123.66445,40.63021],[-123.66448,40.63029],[-123.66456,40.6304],[-123.66468,40.63051],[-123.66506,40.63074],[-123.66551,40.63106],[-123.66559,40.63114],[-123.66564,40.63124],[-123.66567,40.63134],[-123.66567,40.63144],[-123.66563,40.63186],[-123.66567,40.63194],[-123.66574,40.632],[-123.66584,40.63204],[-123.66598,40.63205],[-123.66612,40.63203],[-123.66626,40.63198],[-123.66632,40.63192],[-123.66636,40.63184],[-123.66643,40.63168],[-123.6665,40.63163],[-123.66657,40.6316],[-123.66667,40.63159],[-123.66681,40.63161],[-123.66701,40.63168],[-123.66716,40.63173],[-123.66732,40.63176],[-123.66748,40.63178],[-123.66779,40.6318],[-123.6679,40.63183],[-123.66838,40.63212],[-123.66844,40.63217],[-123.66866,40.63232],[-123.66893,40.63245],[-123.66919,40.63253],[-123.66937,40.63261],[-123.66954,40.63272],[-123.66966,40.63284],[-123.66974,40.6329],[-123.66987,40.63296],[-123.67037,40.63309],[-123.67063,40.63319],[-123.67074,40.63325],[-123.67084,40.63333],[-123.67091,40.63343],[-123.67108,40.63385],[-123.67111,40.63403],[-123.67114,40.63423],[-123.67116,40.63431],[-123.67123,40.63446],[-123.67136,40.63465],[-123.67147,40.63487],[-123.67149,40.63498],[-123.6715,40.63507],[-123.67148,40.63521],[-123.67144,40.63526],[-123.67137,40.63531],[-123.67105,40.63546],[-123.6709,40.63552],[-123.67066,40.63567],[-123.67059,40.63574],[-123.67041,40.63602],[-123.67025,40.63622],[-123.67007,40.63643],[-123.66973,40.63694],[-123.66969,40.63703],[-123.66965,40.63712],[-123.66963,40.63721],[-123.66962,40.63731],[-123.66963,40.6374],[-123.66966,40.63753],[-123.66988,40.6381],[-123.66995,40.63819],[-123.67006,40.63828],[-123.67042,40.63849],[-123.67059,40.63862],[-123.6708,40.63883],[-123.67098,40.63906],[-123.67101,40.63916],[-123.671,40.6394],[-123.67103,40.63955],[-123.6713,40.6402],[-123.67131,40.6403],[-123.6713,40.6404],[-123.67125,40.64059],[-123.67126,40.64062],[-123.6714,40.64088],[-123.67142,40.641],[-123.67141,40.64109],[-123.67136,40.64121],[-123.67128,40.6413],[-123.67105,40.6415],[-123.67101,40.6416],[-123.67102,40.64167],[-123.67111,40.64186],[-123.67115,40.64199],[-123.67115,40.64209],[-123.67104,40.64249],[-123.67104,40.64258],[-123.67108,40.64266],[-123.67121,40.64279],[-123.67127,40.64292],[-123.67129,40.64313],[-123.67129,40.64328],[-123.67122,40.64378],[-123.67115,40.64409],[-123.67116,40.64419],[-123.67128,40.64456],[-123.67136,40.64485],[-123.67135,40.64495],[-123.67134,40.64508],[-123.67131,40.64514],[-123.67121,40.64522],[-123.67101,40.64534],[-123.67062,40.64547],[-123.67055,40.64552],[-123.67051,40.64559],[-123.67051,40.64567],[-123.67054,40.64574],[-123.67064,40.64581],[-123.67074,40.64585],[-123.6709,40.64589],[-123.67107,40.64588],[-123.67123,40.64585],[-123.67141,40.6458],[-123.67161,40.64572],[-123.67184,40.64565],[-123.67201,40.64562],[-123.6721,40.64562],[-123.67235,40.64563],[-123.67252,40.64561],[-123.67259,40.64558],[-123.67268,40.64554],[-123.67278,40.64546],[-123.67288,40.64534],[-123.67293,40.64528],[-123.67298,40.64524],[-123.6731,40.6452],[-123.67325,40.64517],[-123.6736,40.64512],[-123.67377,40.64508],[-123.67394,40.64503],[-123.67402,40.64498],[-123.67423,40.64482],[-123.67431,40.64473],[-123.67436,40.64464],[-123.67442,40.64448],[-123.67445,40.64433],[-123.67448,40.64405],[-123.67452,40.64397],[-123.67455,40.64393],[-123.6746,40.6439],[-123.67494,40.64381],[-123.67518,40.64376],[-123.67558,40.64364],[-123.67578,40.64357],[-123.67594,40.64354],[-123.67604,40.64354],[-123.67626,40.64355],[-123.67636,40.64353],[-123.67644,40.64348],[-123.67648,40.64341],[-123.67656,40.64312],[-123.6766,40.64302],[-123.67682,40.64271],[-123.6769,40.64263],[-123.67698,40.64258],[-123.67708,40.64255],[-123.67749,40.64251],[-123.67772,40.64246],[-123.6779,40.64239],[-123.67801,40.64232],[-123.67817,40.64219],[-123.67835,40.64203],[-123.67842,40.64194],[-123.67848,40.64181],[-123.67853,40.64149],[-123.67857,40.64132],[-123.67862,40.64123],[-123.67876,40.64109],[-123.67881,40.64101],[-123.67884,40.64092],[-123.67884,40.6408],[-123.67881,40.64064],[-123.67883,40.64059],[-123.67888,40.64055],[-123.67915,40.64039],[-123.67936,40.64029],[-123.67945,40.64023],[-123.67961,40.64011],[-123.67968,40.64001],[-123.67975,40.63988],[-123.67982,40.63978],[-123.67998,40.63967],[-123.68007,40.63963],[-123.68021,40.63955],[-123.68032,40.63944],[-123.68041,40.63924],[-123.68048,40.63919],[-123.68057,40.63916],[-123.68067,40.63915],[-123.68075,40.63918],[-123.6808,40.63923],[-123.68081,40.63927],[-123.68079,40.63933],[-123.68074,40.63939],[-123.68057,40.63949],[-123.6805,40.63956],[-123.68047,40.63965],[-123.68047,40.63969],[-123.68047,40.63982],[-123.6804,40.64012],[-123.68032,40.64071],[-123.68031,40.64088],[-123.68027,40.64106],[-123.68023,40.64111],[-123.68019,40.64123],[-123.68019,40.64134],[-123.68023,40.64146],[-123.68027,40.64158],[-123.68029,40.64174],[-123.68027,40.64187],[-123.68017,40.64235],[-123.68012,40.64242],[-123.68003,40.64248],[-123.67993,40.64252],[-123.6798,40.64256],[-123.67967,40.64261],[-123.67956,40.64269],[-123.67947,40.64278],[-123.67941,40.64288],[-123.67938,40.64294],[-123.67936,40.64312],[-123.67937,40.64322],[-123.67941,40.64333],[-123.67947,40.64341],[-123.67952,40.64344],[-123.67955,40.64346],[-123.67966,40.64348],[-123.67972,40.64347],[-123.67997,40.6434],[-123.68014,40.64333],[-123.68035,40.64321],[-123.68048,40.64317],[-123.68074,40.64311],[-123.68098,40.64305],[-123.68115,40.64298],[-123.68178,40.64266],[-123.68187,40.6426],[-123.68196,40.64255],[-123.68222,40.64246],[-123.68249,40.64232],[-123.68257,40.64229],[-123.68279,40.64224],[-123.68313,40.64218],[-123.6832,40.64214],[-123.68325,40.64208],[-123.68333,40.64189],[-123.68346,40.64169],[-123.68353,40.64158],[-123.68366,40.64144],[-123.6837,40.6414],[-123.68391,40.64129],[-123.68399,40.64121],[-123.68406,40.64112],[-123.6841,40.641],[-123.68417,40.64088],[-123.68427,40.64078],[-123.6844,40.6407],[-123.68467,40.64056],[-123.68493,40.64045],[-123.68506,40.64036],[-123.68511,40.64028],[-123.68515,40.6402],[-123.68518,40.64005],[-123.68523,40.63995],[-123.68531,40.63987],[-123.6855,40.63978],[-123.68564,40.63973],[-123.68579,40.63968],[-123.68596,40.63965],[-123.6863,40.63962],[-123.68644,40.63958],[-123.68657,40.63952],[-123.68689,40.6394],[-123.68724,40.63922],[-123.6874,40.63913],[-123.68749,40.63906],[-123.68758,40.63898],[-123.68763,40.63891],[-123.68766,40.63883],[-123.68775,40.63873],[-123.68783,40.63867],[-123.68824,40.63848],[-123.68832,40.63839],[-123.68845,40.63817],[-123.68848,40.63808],[-123.68852,40.63791],[-123.68858,40.63783],[-123.68863,40.63778],[-123.68874,40.63766],[-123.6888,40.63757],[-123.68899,40.63721],[-123.68904,40.63697],[-123.68906,40.63692],[-123.68932,40.63665],[-123.68955,40.63636],[-123.68971,40.63619],[-123.68984,40.63608],[-123.69003,40.63586],[-123.69039,40.63526],[-123.69046,40.63519],[-123.69052,40.63515],[-123.69071,40.63509],[-123.6908,40.63505],[-123.69101,40.63487],[-123.69113,40.63476],[-123.69124,40.63468],[-123.69151,40.63451],[-123.69159,40.63441],[-123.69173,40.63414],[-123.69182,40.63407],[-123.69192,40.63401],[-123.69201,40.63399],[-123.69241,40.63394],[-123.69254,40.63389],[-123.69273,40.6338],[-123.6928,40.63377],[-123.6931,40.63375],[-123.69346,40.6337],[-123.69359,40.63365],[-123.69369,40.63358],[-123.69388,40.63335],[-123.69393,40.63327],[-123.69402,40.6332],[-123.69413,40.63316],[-123.69425,40.63314],[-123.69436,40.63314],[-123.69452,40.63317],[-123.69469,40.63325],[-123.69479,40.63332],[-123.69488,40.63341],[-123.69492,40.6335],[-123.69504,40.63384],[-123.69508,40.63402],[-123.69507,40.63415],[-123.69503,40.6343],[-123.69496,40.63443],[-123.69494,40.63457],[-123.69496,40.6347],[-123.695,40.63481],[-123.69511,40.63495],[-123.69519,40.63502],[-123.69535,40.63514],[-123.69542,40.63522],[-123.69549,40.63533],[-123.69555,40.63555],[-123.69558,40.63573],[-123.69556,40.63585],[-123.69551,40.63596],[-123.69542,40.63611],[-123.69537,40.63627],[-123.69537,40.63644],[-123.69542,40.63663],[-123.6955,40.63677],[-123.69562,40.63689],[-123.69588,40.6371],[-123.69595,40.6372],[-123.69599,40.6373],[-123.69603,40.63755],[-123.69609,40.63766],[-123.69628,40.63786],[-123.69632,40.63794],[-123.69635,40.63803],[-123.69634,40.63818],[-123.6963,40.63827],[-123.69624,40.63835],[-123.69617,40.63842],[-123.69611,40.63851],[-123.69608,40.63862],[-123.69608,40.63889],[-123.69601,40.63918],[-123.69593,40.63935],[-123.69585,40.63946],[-123.69566,40.63968],[-123.69559,40.63979],[-123.69542,40.64024],[-123.69543,40.64031],[-123.69546,40.64038],[-123.69554,40.6405],[-123.69559,40.64061],[-123.6956,40.64073],[-123.69559,40.64084],[-123.69554,40.64093],[-123.6954,40.64105],[-123.69537,40.64112],[-123.69538,40.64121],[-123.69542,40.64135],[-123.69548,40.64152],[-123.6955,40.64162],[-123.69551,40.64172],[-123.6955,40.64182],[-123.69546,40.64193],[-123.69541,40.64202],[-123.69533,40.64214],[-123.69529,40.64226],[-123.69529,40.64237],[-123.69532,40.64248],[-123.69538,40.64258],[-123.69547,40.64268],[-123.69562,40.64278],[-123.69582,40.64289],[-123.69594,40.64296],[-123.69635,40.64327],[-123.69648,40.64333],[-123.69661,40.64336],[-123.69675,40.64337],[-123.69689,40.64337],[-123.69718,40.64337],[-123.6973,40.6434],[-123.6974,40.64345],[-123.69793,40.64392],[-123.69832,40.64422],[-123.69838,40.64431],[-123.6984,40.64441],[-123.69837,40.64451],[-123.69829,40.64468],[-123.69829,40.64476],[-123.69831,40.64485],[-123.69837,40.64492],[-123.69846,40.64497],[-123.69858,40.64503],[-123.69867,40.64509],[-123.6988,40.6452],[-123.69884,40.64527],[-123.69886,40.64538],[-123.69885,40.64545],[-123.69873,40.6457],[-123.69868,40.64586],[-123.69867,40.64595],[-123.69869,40.6461],[-123.69872,40.64628],[-123.69876,40.64638],[-123.69893,40.64664],[-123.699,40.64669],[-123.69929,40.64679],[-123.69942,40.64687],[-123.69948,40.64694],[-123.69964,40.64722],[-123.6997,40.64729],[-123.69982,40.64737],[-123.69997,40.64741],[-123.70025,40.64746],[-123.70059,40.64756],[-123.70126,40.64777],[-123.70144,40.64785],[-123.70166,40.648],[-123.70176,40.64809],[-123.70178,40.6481],[-123.70194,40.64819],[-123.70207,40.64825],[-123.70219,40.64833],[-123.70238,40.64847],[-123.70248,40.64852],[-123.70267,40.64856],[-123.70277,40.64856],[-123.70288,40.64854],[-123.703,40.6485],[-123.70304,40.64849],[-123.70319,40.64849],[-123.70347,40.64847],[-123.70402,40.64845],[-123.70411,40.64842],[-123.7042,40.64836],[-123.70434,40.64832],[-123.70449,40.64829],[-123.70499,40.64831],[-123.70507,40.64828],[-123.70512,40.64825],[-123.70518,40.64818],[-123.70526,40.64813],[-123.70542,40.64807],[-123.70553,40.64805],[-123.70567,40.64805],[-123.70577,40.64807],[-123.70598,40.64816],[-123.70628,40.64831],[-123.70642,40.64837],[-123.70656,40.64841],[-123.70675,40.64845],[-123.70684,40.6485],[-123.70713,40.64884],[-123.70721,40.6489],[-123.70737,40.64896],[-123.70748,40.649],[-123.70757,40.64905],[-123.70767,40.64914],[-123.70775,40.64924],[-123.70783,40.64928],[-123.70792,40.6493],[-123.70805,40.64929],[-123.70831,40.6492],[-123.70841,40.64919],[-123.7085,40.6492],[-123.7088,40.64933],[-123.7089,40.64936],[-123.70908,40.64938],[-123.70917,40.64941],[-123.70924,40.64947],[-123.70935,40.64963],[-123.70944,40.6497],[-123.70959,40.6498],[-123.70968,40.64989],[-123.70976,40.65002],[-123.7098,40.65007],[-123.71005,40.65028],[-123.71013,40.65039],[-123.71024,40.65067],[-123.71028,40.65074],[-123.71036,40.6508],[-123.71043,40.65082],[-123.71051,40.65081],[-123.71059,40.65078],[-123.71067,40.65069],[-123.71077,40.65053],[-123.7108,40.65049],[-123.71082,40.65046],[-123.71086,40.65032],[-123.71091,40.65025],[-123.71099,40.65019],[-123.71107,40.65016],[-123.71115,40.65017],[-123.71135,40.65022],[-123.71149,40.65029],[-123.71159,40.65032],[-123.71171,40.65034],[-123.71179,40.65038],[-123.71217,40.65061],[-123.71232,40.65075],[-123.71243,40.65088],[-123.71258,40.65117],[-123.71269,40.65131],[-123.71277,40.65137],[-123.71286,40.65143],[-123.71297,40.65147],[-123.71308,40.65148],[-123.71331,40.65148],[-123.71358,40.65147],[-123.71374,40.65146],[-123.71389,40.65147],[-123.71395,40.65149],[-123.71413,40.65155],[-123.71456,40.65173],[-123.71475,40.65182],[-123.71484,40.65188],[-123.71491,40.65195],[-123.71507,40.65205],[-123.7153,40.65218],[-123.71546,40.65229],[-123.71564,40.65243],[-123.71572,40.65252],[-123.71583,40.65269],[-123.71595,40.65281],[-123.71621,40.65306],[-123.71632,40.65313],[-123.71637,40.65315],[-123.71652,40.6532],[-123.71676,40.65322],[-123.71698,40.65323],[-123.71715,40.65328],[-123.71721,40.65332],[-123.7173,40.65342],[-123.71734,40.65351],[-123.71737,40.65375],[-123.71742,40.65386],[-123.71747,40.65392],[-123.71754,40.65398],[-123.71779,40.65406],[-123.71795,40.65409],[-123.71803,40.65413],[-123.7181,40.65418],[-123.71816,40.65424],[-123.71818,40.65429],[-123.71818,40.65452],[-123.7182,40.65458],[-123.71823,40.65463],[-123.7183,40.65469],[-123.71833,40.65471],[-123.7184,40.65474],[-123.71865,40.65481],[-123.71875,40.65487],[-123.7188,40.65491],[-123.71883,40.65499],[-123.71881,40.65521],[-123.71884,40.65529],[-123.71891,40.65536],[-123.719,40.65541],[-123.71909,40.65544],[-123.71923,40.65544],[-123.71956,40.65539],[-123.71972,40.65535],[-123.71992,40.65533],[-123.72002,40.65535],[-123.7201,40.65539],[-123.72016,40.65545],[-123.72019,40.65552],[-123.72022,40.6557],[-123.72028,40.65583],[-123.72032,40.6559],[-123.72043,40.65602],[-123.72049,40.65613],[-123.72052,40.65621],[-123.72055,40.65633],[-123.72068,40.65654],[-123.72079,40.65667],[-123.72082,40.65673],[-123.72093,40.6568],[-123.72112,40.65685],[-123.72127,40.65688],[-123.7214,40.65692],[-123.72156,40.65699],[-123.72171,40.65706],[-123.7219,40.65718],[-123.72193,40.65723],[-123.72199,40.65727],[-123.72213,40.65733],[-123.72227,40.65737],[-123.72245,40.65738],[-123.72253,40.65741],[-123.72268,40.65747],[-123.72275,40.65751],[-123.72278,40.65755],[-123.72279,40.65759],[-123.72278,40.65764],[-123.72268,40.65785],[-123.72266,40.65792],[-123.72267,40.65801],[-123.72272,40.65821],[-123.72271,40.65828],[-123.72268,40.65836],[-123.72264,40.65841],[-123.72251,40.6585],[-123.72236,40.6586],[-123.7223,40.65871],[-123.72229,40.65882],[-123.72231,40.65898],[-123.72233,40.65904],[-123.72239,40.65914],[-123.72246,40.65923],[-123.72268,40.65942],[-123.72288,40.65962],[-123.72297,40.6598],[-123.72299,40.65995],[-123.723,40.66007],[-123.72299,40.6603],[-123.72302,40.66039],[-123.72304,40.66043],[-123.72307,40.66047],[-123.72316,40.66051],[-123.72325,40.66051],[-123.7233,40.66051],[-123.72356,40.66038],[-123.72388,40.66028],[-123.72409,40.66027],[-123.72427,40.66029],[-123.72446,40.66032],[-123.72454,40.66035],[-123.7247,40.66043],[-123.72482,40.66052],[-123.72502,40.66069],[-123.72522,40.6608],[-123.7256,40.66096],[-123.72571,40.66104],[-123.72582,40.66114],[-123.72591,40.66127],[-123.72601,40.66143],[-123.72605,40.66148],[-123.7261,40.66152],[-123.72623,40.66158],[-123.72647,40.66166],[-123.72653,40.66169],[-123.72658,40.66173],[-123.72677,40.66193],[-123.72684,40.66198],[-123.72693,40.662],[-123.72698,40.66199],[-123.72708,40.66196],[-123.72717,40.66191],[-123.72727,40.66188],[-123.72743,40.66185],[-123.72755,40.66185],[-123.72765,40.66187],[-123.72775,40.66191],[-123.72779,40.66195],[-123.72781,40.66204],[-123.72778,40.66214],[-123.72754,40.6624],[-123.72732,40.66262],[-123.72724,40.66273],[-123.72707,40.66305],[-123.72707,40.66316],[-123.72709,40.66321],[-123.72724,40.66337],[-123.72734,40.66346],[-123.7274,40.66355],[-123.72743,40.66361],[-123.72748,40.66387],[-123.72754,40.66398],[-123.72761,40.66409],[-123.72772,40.66419],[-123.72787,40.66429],[-123.72794,40.66434],[-123.72799,40.66439],[-123.72803,40.66449],[-123.7281,40.66481],[-123.72809,40.66496],[-123.72804,40.66521],[-123.72805,40.66524],[-123.72807,40.66527],[-123.72814,40.66532],[-123.72831,40.66536],[-123.7284,40.66537],[-123.72869,40.66534],[-123.72878,40.66531],[-123.72883,40.66529],[-123.72894,40.66528],[-123.7291,40.66528],[-123.72926,40.6653],[-123.72949,40.66536],[-123.72958,40.66541],[-123.72962,40.66545],[-123.72965,40.6655],[-123.72966,40.66558],[-123.72965,40.66562],[-123.72956,40.66579],[-123.72946,40.66589],[-123.72926,40.66606],[-123.72917,40.66616],[-123.72912,40.66629],[-123.7291,40.66634],[-123.72911,40.66656],[-123.72918,40.6668],[-123.72923,40.6669],[-123.7293,40.66697],[-123.72937,40.66701],[-123.72944,40.66703],[-123.72961,40.66704],[-123.72975,40.66703],[-123.72994,40.66699],[-123.73006,40.66694],[-123.73024,40.66681],[-123.73037,40.66676],[-123.7305,40.66673],[-123.73065,40.66672],[-123.73091,40.66673],[-123.73099,40.66671],[-123.73106,40.66667],[-123.73113,40.6666],[-123.73119,40.66649],[-123.73122,40.66632],[-123.7313,40.66621],[-123.73134,40.66617],[-123.73144,40.66614],[-123.73154,40.66614],[-123.73177,40.66615],[-123.73205,40.66614],[-123.73222,40.66611],[-123.73246,40.66603],[-123.73259,40.66598],[-123.73269,40.66591],[-123.73278,40.66582],[-123.73288,40.66565],[-123.73305,40.66524],[-123.73312,40.66516],[-123.73322,40.6651],[-123.73342,40.66501],[-123.73356,40.66493],[-123.7338,40.66474],[-123.73393,40.66467],[-123.73409,40.66461],[-123.7344,40.66456],[-123.73467,40.66448],[-123.73488,40.6644],[-123.73496,40.66434],[-123.73505,40.66427],[-123.73515,40.66421],[-123.73526,40.66419],[-123.73541,40.66418],[-123.73567,40.66422],[-123.73579,40.66426],[-123.7359,40.66433],[-123.73601,40.66447],[-123.7361,40.66452],[-123.73628,40.6646],[-123.73641,40.66466],[-123.73675,40.66486],[-123.73679,40.6649],[-123.73681,40.66493],[-123.73684,40.66504],[-123.73686,40.6652],[-123.73693,40.66532],[-123.73701,40.6654],[-123.73713,40.66549],[-123.73719,40.66555],[-123.73721,40.66561],[-123.7372,40.66571],[-123.73715,40.66597],[-123.73711,40.66604],[-123.73701,40.66614],[-123.73698,40.66621],[-123.73696,40.66629],[-123.73697,40.66634],[-123.737,40.66641],[-123.73705,40.66647],[-123.73715,40.66653],[-123.73755,40.66667],[-123.73765,40.66673],[-123.73777,40.66683],[-123.7378,40.66684],[-123.7379,40.66684],[-123.73799,40.66681],[-123.73807,40.66679],[-123.73818,40.66674],[-123.73826,40.66666],[-123.73852,40.66632],[-123.73881,40.66605],[-123.73902,40.66584],[-123.73907,40.66576],[-123.7391,40.66567],[-123.7391,40.66556],[-123.73904,40.66512],[-123.73899,40.66495],[-123.73881,40.66453],[-123.73877,40.66441],[-123.73877,40.66431],[-123.7388,40.66421],[-123.73888,40.66407],[-123.73894,40.66395],[-123.73901,40.66383],[-123.73918,40.6636],[-123.7393,40.66349],[-123.73947,40.66328],[-123.73952,40.66321],[-123.73954,40.66312],[-123.73954,40.66303],[-123.73951,40.66293],[-123.73942,40.6627],[-123.73941,40.66263],[-123.73946,40.66236],[-123.73949,40.66215],[-123.73949,40.66193],[-123.7395,40.66185],[-123.73956,40.66178],[-123.7397,40.6617],[-123.7402,40.6615],[-123.74032,40.66143],[-123.74044,40.66133],[-123.74049,40.66128],[-123.74051,40.66122],[-123.74052,40.66113],[-123.74051,40.66104],[-123.74045,40.66089],[-123.74047,40.6608],[-123.74052,40.66073],[-123.74069,40.66059],[-123.74088,40.66047],[-123.74108,40.66036],[-123.74122,40.66031],[-123.74129,40.66029],[-123.74138,40.6603],[-123.74145,40.66034],[-123.74167,40.66057],[-123.74174,40.66062],[-123.74207,40.66078],[-123.74244,40.6609],[-123.74296,40.6611],[-123.74309,40.66112],[-123.74338,40.66109],[-123.74355,40.66102],[-123.74374,40.66097],[-123.74386,40.66095],[-123.74402,40.66096],[-123.74417,40.66101],[-123.74459,40.66124],[-123.74467,40.66127],[-123.7448,40.66128],[-123.74493,40.66127],[-123.74556,40.66104],[-123.74571,40.66101],[-123.74586,40.66102],[-123.74604,40.66106],[-123.74624,40.66107],[-123.7464,40.66105],[-123.74652,40.66101],[-123.74663,40.66096],[-123.74676,40.66083],[-123.74692,40.66062],[-123.747,40.66049],[-123.74707,40.66028],[-123.74711,40.66021],[-123.74726,40.66001],[-123.74729,40.65991],[-123.7473,40.65981],[-123.74733,40.65971],[-123.74741,40.65962],[-123.74744,40.65957],[-123.74745,40.6595],[-123.74756,40.65924],[-123.74762,40.65897],[-123.74761,40.65885],[-123.74754,40.65852],[-123.74754,40.65828],[-123.74754,40.65822],[-123.7476,40.65815],[-123.74768,40.6581],[-123.74777,40.65804],[-123.74778,40.65791],[-123.74781,40.65784],[-123.74785,40.65779],[-123.74786,40.65774],[-123.74785,40.65769],[-123.74785,40.65764],[-123.7479,40.65757],[-123.74797,40.65752],[-123.74803,40.65745],[-123.74815,40.65725],[-123.74825,40.65714],[-123.74828,40.65705],[-123.7483,40.65695],[-123.74832,40.65687],[-123.74837,40.6568],[-123.74841,40.65678],[-123.74849,40.65675],[-123.74862,40.65674],[-123.74871,40.65674],[-123.74918,40.65678],[-123.75002,40.65678],[-123.75009,40.65675],[-123.75024,40.65663],[-123.75043,40.65657],[-123.75066,40.65646],[-123.75078,40.65641],[-123.75087,40.6564],[-123.75111,40.65641],[-123.75127,40.65641]]}},{"type":"Feature","properties":{"name":"Limedyke Lookout Road","road_class":"unclassified","surface":"gravel","source":"Caltrans All Roads + OpenStreetMap explicit surface","source_detail":"osm way 10645941; Caltrans All Roads public-network geometry match","source_tile":"161/385","public_network_source":"Caltrans All Roads (ARNOLD/HPMS)","surface_source":"OpenStreetMap explicit surface tag","caltrans_match_coverage":1.0,"verified_length_m":20117},"geometry":{"type":"LineString","coordinates":[[-123.33142,40.51828],[-123.33148,40.51809],[-123.33152,40.51789],[-123.33163,40.51764],[-123.33171,40.51743],[-123.33187,40.51709],[-123.332,40.5168],[-123.33219,40.51648],[-123.33247,40.5161],[-123.33272,40.51584],[-123.33306,40.51548],[-123.33333,40.51528],[-123.33365,40.5151],[-123.33392,40.51502],[-123.33423,40.51498],[-123.33443,40.51492],[-123.33462,40.51484],[-123.33488,40.51466],[-123.33511,40.51453],[-123.33534,40.51454],[-123.33554,40.51458],[-123.33567,40.51467],[-123.33585,40.51486],[-123.3361,40.51512],[-123.33636,40.51529],[-123.33682,40.51545],[-123.33782,40.51576],[-123.33815,40.51585],[-123.33836,40.51596],[-123.33874,40.51623],[-123.33968,40.51691],[-123.34032,40.51742],[-123.34066,40.51767],[-123.34089,40.51781],[-123.34116,40.51793],[-123.34151,40.51805],[-123.34213,40.51818],[-123.34326,40.51829],[-123.34354,40.51824],[-123.34373,40.51815],[-123.34388,40.51806],[-123.34406,40.51793],[-123.34426,40.51785],[-123.34449,40.51784],[-123.34474,40.51792],[-123.34497,40.51806],[-123.34513,40.51815],[-123.34547,40.5182],[-123.34564,40.51818],[-123.34622,40.51798],[-123.34672,40.51779],[-123.34718,40.51751],[-123.34764,40.51724],[-123.34815,40.51691],[-123.34835,40.51685],[-123.34965,40.51656],[-123.35061,40.51634],[-123.35102,40.51619],[-123.35153,40.51589],[-123.35195,40.51568],[-123.3521,40.51562],[-123.35223,40.51562],[-123.35247,40.51565],[-123.35271,40.51572],[-123.35298,40.51576],[-123.35329,40.51574],[-123.35355,40.5157],[-123.354,40.51561],[-123.35423,40.5156],[-123.3545,40.51562],[-123.35487,40.51569],[-123.35555,40.51585],[-123.35573,40.51586],[-123.35592,40.51582],[-123.35613,40.51577],[-123.35631,40.51576],[-123.35643,40.51576],[-123.35662,40.51586],[-123.35711,40.51615],[-123.35779,40.51648],[-123.35802,40.51653],[-123.35869,40.5166],[-123.35933,40.5167],[-123.35976,40.51685],[-123.36048,40.5171],[-123.36084,40.51721],[-123.3611,40.51735],[-123.36126,40.51739],[-123.36184,40.51732],[-123.362,40.51735],[-123.36229,40.51759],[-123.3629,40.51799],[-123.3631,40.51802],[-123.36385,40.51805],[-123.36399,40.51804],[-123.36434,40.51792],[-123.3645,40.51792],[-123.36482,40.51805],[-123.36493,40.5181],[-123.36512,40.51812],[-123.36527,40.51807],[-123.36541,40.51794],[-123.36551,40.51778],[-123.36573,40.51708],[-123.36585,40.51671],[-123.36611,40.5163],[-123.36628,40.51615],[-123.36638,40.51611],[-123.36653,40.51605],[-123.36667,40.51609],[-123.36674,40.51622],[-123.36681,40.51657],[-123.36681,40.51677],[-123.36691,40.51707],[-123.36711,40.51735],[-123.36715,40.51747],[-123.36717,40.51767],[-123.36718,40.51783],[-123.36728,40.51796],[-123.36737,40.51805],[-123.36755,40.51812],[-123.36772,40.51811],[-123.36839,40.51802],[-123.36863,40.51794],[-123.36881,40.51784],[-123.36923,40.51735],[-123.36949,40.5172],[-123.36966,40.51713],[-123.37013,40.51705],[-123.3705,40.51698],[-123.37069,40.51689],[-123.37089,40.51667],[-123.37133,40.51622],[-123.37148,40.51608],[-123.37162,40.5159],[-123.37172,40.51586],[-123.37192,40.51586],[-123.37204,40.5159],[-123.37221,40.51604],[-123.37233,40.5162],[-123.37245,40.51626],[-123.37282,40.51636],[-123.37294,40.51649],[-123.37343,40.51667],[-123.3739,40.51672],[-123.37422,40.51678],[-123.37461,40.517],[-123.37482,40.51707],[-123.37565,40.51721],[-123.37619,40.51726],[-123.37667,40.51738],[-123.3773,40.51746],[-123.37756,40.51752],[-123.37786,40.51763],[-123.37817,40.51771],[-123.37894,40.5178],[-123.37926,40.5179],[-123.37944,40.518],[-123.3796,40.51813],[-123.3798,40.51835],[-123.37997,40.51846],[-123.3802,40.51855],[-123.3805,40.51868],[-123.3808,40.51884],[-123.38096,40.51902],[-123.38107,40.51917],[-123.38109,40.51932],[-123.38109,40.5195],[-123.38095,40.51985],[-123.38066,40.52045],[-123.38062,40.52058],[-123.38062,40.52073],[-123.38066,40.52097],[-123.38075,40.52122],[-123.38099,40.52189],[-123.38106,40.52202],[-123.3812,40.52215],[-123.38139,40.52226],[-123.3818,40.52244],[-123.38256,40.52283],[-123.38272,40.52297],[-123.38292,40.5232],[-123.38311,40.52346],[-123.38333,40.52361],[-123.38352,40.52368],[-123.38375,40.52371],[-123.38489,40.52375],[-123.38502,40.52373],[-123.38524,40.52369],[-123.38542,40.52364],[-123.38556,40.52365],[-123.38574,40.52372],[-123.38599,40.52386],[-123.38615,40.52391],[-123.38636,40.52395],[-123.38665,40.52392],[-123.38761,40.52385],[-123.38787,40.52379],[-123.38813,40.52371],[-123.38853,40.52359],[-123.38875,40.52356],[-123.38894,40.52359],[-123.38945,40.52379],[-123.38978,40.52392],[-123.38996,40.52403],[-123.39033,40.52435],[-123.3906,40.52473],[-123.39082,40.52488],[-123.39113,40.52502],[-123.39133,40.52509],[-123.39155,40.52511],[-123.39215,40.5251],[-123.39229,40.52513],[-123.39252,40.52524],[-123.39271,40.52533],[-123.39286,40.52538],[-123.393,40.52539],[-123.39316,40.52536],[-123.39395,40.52498],[-123.3944,40.52472],[-123.39455,40.52457],[-123.39471,40.52437],[-123.39517,40.52393],[-123.39544,40.5236],[-123.3956,40.52342],[-123.39572,40.52332],[-123.3959,40.52318],[-123.39637,40.52296],[-123.3969,40.52271],[-123.39723,40.52252],[-123.39751,40.52239],[-123.39786,40.52228],[-123.39815,40.52224],[-123.39918,40.5222],[-123.39977,40.5222],[-123.40054,40.52216],[-123.40078,40.52212],[-123.40104,40.52205],[-123.40143,40.52188],[-123.40163,40.52175],[-123.40195,40.52152],[-123.40221,40.5214],[-123.40246,40.52132],[-123.40277,40.52128],[-123.40353,40.52128],[-123.40372,40.52128],[-123.40388,40.52124],[-123.40403,40.52117],[-123.4042,40.52103],[-123.40441,40.52079],[-123.40463,40.52057],[-123.40515,40.52009],[-123.40555,40.51979],[-123.40597,40.51947],[-123.40639,40.5191],[-123.40664,40.51887],[-123.40681,40.51879],[-123.40698,40.51875],[-123.40722,40.51875],[-123.4074,40.5188],[-123.40755,40.5189],[-123.4082,40.51956],[-123.40864,40.51988],[-123.40927,40.52023],[-123.4097,40.52049],[-123.41037,40.52093],[-123.41142,40.5217],[-123.4116,40.52188],[-123.41163,40.52196],[-123.41162,40.52207],[-123.41155,40.52222],[-123.41125,40.52256],[-123.41105,40.52272],[-123.41068,40.52295],[-123.41052,40.52306],[-123.41044,40.52316],[-123.4104,40.52327],[-123.41041,40.52344],[-123.41044,40.52368],[-123.41044,40.52402],[-123.41045,40.5241],[-123.4105,40.5242],[-123.41063,40.52432],[-123.41078,40.5244],[-123.41117,40.52466],[-123.41128,40.52472],[-123.41138,40.52477],[-123.41151,40.52483],[-123.41157,40.52491],[-123.41163,40.52501],[-123.41164,40.52515],[-123.41161,40.52535],[-123.4116,40.52549],[-123.41164,40.52559],[-123.41171,40.5257],[-123.41184,40.52577],[-123.41204,40.52588],[-123.41222,40.52593],[-123.41247,40.52597],[-123.41256,40.52603],[-123.41264,40.52611],[-123.41266,40.52623],[-123.41265,40.52637],[-123.41257,40.52648],[-123.41219,40.52687],[-123.41209,40.52694],[-123.41193,40.527],[-123.41173,40.52705],[-123.41163,40.52709],[-123.41155,40.52717],[-123.41149,40.52727],[-123.41139,40.52759],[-123.41126,40.52798],[-123.41124,40.52819],[-123.41125,40.52835],[-123.41131,40.52848],[-123.41138,40.52857],[-123.41147,40.52864],[-123.41159,40.52871],[-123.41173,40.52874],[-123.41187,40.52874],[-123.41205,40.5287],[-123.41242,40.52863],[-123.41264,40.52862],[-123.41285,40.52865],[-123.41302,40.52869],[-123.41316,40.52876],[-123.41326,40.52885],[-123.41335,40.52902],[-123.41338,40.52921],[-123.41339,40.52958],[-123.41332,40.5297],[-123.41321,40.52977],[-123.41306,40.52981],[-123.41282,40.52981],[-123.41264,40.52981],[-123.41252,40.52985],[-123.41237,40.52993],[-123.41231,40.52999],[-123.41227,40.53008],[-123.41227,40.53016],[-123.4123,40.53022],[-123.41243,40.53031],[-123.41276,40.5305],[-123.41329,40.531],[-123.41355,40.53118],[-123.41379,40.53135],[-123.41402,40.53143],[-123.41433,40.53149],[-123.41467,40.53152],[-123.41502,40.53153],[-123.41516,40.53157],[-123.4153,40.53164],[-123.41537,40.53172],[-123.41543,40.53183],[-123.41546,40.53199],[-123.41543,40.53217],[-123.41543,40.53227],[-123.4155,40.5324],[-123.41566,40.53262],[-123.41601,40.53307],[-123.41616,40.53333],[-123.41642,40.53388],[-123.41655,40.53407],[-123.4168,40.53468],[-123.41694,40.5353],[-123.41694,40.53542],[-123.41693,40.53555],[-123.41682,40.5358],[-123.41672,40.53599],[-123.4165,40.53625],[-123.41644,40.53633],[-123.41643,40.53646],[-123.41646,40.53657],[-123.41655,40.53677],[-123.41665,40.53694],[-123.41671,40.53703],[-123.41674,40.53716],[-123.41672,40.53728],[-123.41668,40.53738],[-123.41653,40.53758],[-123.41626,40.53782],[-123.41598,40.53807],[-123.41582,40.53828],[-123.41572,40.53844],[-123.41568,40.53857],[-123.41569,40.5387],[-123.41574,40.53881],[-123.41583,40.53889],[-123.41607,40.53908],[-123.41612,40.53913],[-123.41616,40.53922],[-123.41622,40.53951],[-123.41637,40.54011],[-123.41635,40.54022],[-123.41633,40.5403],[-123.41628,40.54041],[-123.41616,40.54048],[-123.41599,40.54053],[-123.41581,40.54057],[-123.41565,40.54062],[-123.41554,40.5407],[-123.4155,40.5408],[-123.41547,40.54105],[-123.41543,40.54133],[-123.41539,40.54145],[-123.41532,40.54153],[-123.41523,40.54162],[-123.41512,40.54173],[-123.41507,40.54181],[-123.41508,40.54192],[-123.41512,40.54202],[-123.41519,40.54214],[-123.41523,40.54226],[-123.41524,40.54248],[-123.41517,40.54285],[-123.41518,40.54303],[-123.4152,40.54321],[-123.4152,40.54341],[-123.41522,40.54349],[-123.41527,40.54356],[-123.41535,40.54361],[-123.4155,40.54364],[-123.41571,40.54363],[-123.41605,40.54358],[-123.41626,40.54355],[-123.41639,40.54355],[-123.41652,40.54358],[-123.41665,40.54366],[-123.41694,40.54405],[-123.41701,40.54412],[-123.41711,40.54416],[-123.41723,40.54415],[-123.41738,40.54411],[-123.41749,40.54402],[-123.41764,40.54383],[-123.41792,40.54339],[-123.41797,40.54325],[-123.41797,40.54313],[-123.41793,40.54302],[-123.41791,40.54291],[-123.41794,40.54283],[-123.418,40.54275],[-123.41812,40.54266],[-123.41826,40.54261],[-123.4184,40.54258],[-123.41861,40.5426],[-123.41887,40.54263],[-123.41903,40.54264],[-123.41923,40.54261],[-123.41979,40.54247],[-123.42019,40.5423],[-123.42046,40.54212],[-123.42085,40.54179],[-123.42102,40.54171],[-123.42128,40.54166],[-123.42152,40.54169],[-123.42176,40.54178],[-123.42195,40.54189],[-123.42218,40.54212],[-123.42267,40.54272],[-123.42279,40.54292],[-123.42314,40.54374],[-123.42319,40.54384],[-123.42353,40.54419],[-123.42376,40.54435],[-123.42422,40.54454],[-123.42485,40.5448],[-123.42509,40.54483],[-123.42607,40.54491],[-123.42621,40.54495],[-123.42634,40.54501],[-123.42643,40.54506],[-123.42647,40.54515],[-123.42647,40.54523],[-123.42643,40.54532],[-123.42631,40.54542],[-123.42598,40.54562],[-123.4259,40.54571],[-123.42588,40.54578],[-123.42592,40.5459],[-123.42599,40.54597],[-123.42612,40.54603],[-123.42628,40.54609],[-123.42663,40.54617],[-123.42702,40.54623],[-123.42717,40.54627],[-123.42737,40.54634],[-123.42815,40.54669],[-123.42849,40.54688],[-123.42887,40.54707],[-123.42914,40.54729],[-123.42926,40.54742],[-123.42929,40.54752],[-123.4293,40.54762],[-123.42923,40.54772],[-123.42906,40.54786],[-123.42882,40.54798],[-123.42861,40.54804],[-123.42842,40.54806],[-123.42819,40.54809],[-123.42794,40.54806],[-123.42755,40.54802],[-123.42726,40.54802],[-123.42704,40.54804],[-123.42686,40.54809],[-123.42628,40.54831],[-123.42613,40.54839],[-123.42604,40.54849],[-123.42602,40.5486],[-123.42605,40.54871],[-123.42614,40.54886],[-123.42671,40.54944],[-123.42701,40.54971],[-123.42712,40.54986],[-123.42717,40.54999],[-123.4272,40.55016],[-123.42717,40.55063],[-123.42719,40.5508],[-123.42727,40.55091],[-123.42737,40.551],[-123.42772,40.55115],[-123.42812,40.55127],[-123.42829,40.55139],[-123.42842,40.55168],[-123.42835,40.55191],[-123.42813,40.55218],[-123.42794,40.55252],[-123.42767,40.55286],[-123.42743,40.55308],[-123.42727,40.55316],[-123.42709,40.55314],[-123.42695,40.55311],[-123.42682,40.55305],[-123.42671,40.55297],[-123.42664,40.55291],[-123.42647,40.55267],[-123.42617,40.55237],[-123.4254,40.55197],[-123.42497,40.55172],[-123.42477,40.55148],[-123.42443,40.55085],[-123.42428,40.55072],[-123.42414,40.55066],[-123.42399,40.55061],[-123.42382,40.5506],[-123.42338,40.55067],[-123.42307,40.55068],[-123.42277,40.55066],[-123.42209,40.55056],[-123.4218,40.55048],[-123.42106,40.55014],[-123.42017,40.54967],[-123.41988,40.54961],[-123.41917,40.5496],[-123.41853,40.54971],[-123.41807,40.54977],[-123.41782,40.54975],[-123.4177,40.54965],[-123.41755,40.54947],[-123.41723,40.54925],[-123.41692,40.54908],[-123.41662,40.54896],[-123.4165,40.54887],[-123.41632,40.54867],[-123.41614,40.5484],[-123.41602,40.54826],[-123.41591,40.54819],[-123.41583,40.5482],[-123.41578,40.54827],[-123.41578,40.54841],[-123.41582,40.54859],[-123.4163,40.54932],[-123.41642,40.5496],[-123.41645,40.54989],[-123.41648,40.55007],[-123.41655,40.55021],[-123.41667,40.55034],[-123.41681,40.55042],[-123.41692,40.55053],[-123.41699,40.55068],[-123.417,40.55087],[-123.417,40.55126],[-123.41695,40.5514],[-123.41685,40.55152],[-123.41676,40.55161],[-123.41671,40.55171],[-123.41673,40.55179],[-123.41681,40.55186],[-123.41694,40.55188],[-123.41727,40.55186],[-123.4176,40.55183],[-123.41775,40.55186],[-123.41791,40.55192],[-123.41801,40.552],[-123.41809,40.55207],[-123.41815,40.55217],[-123.41818,40.55228],[-123.41817,40.55246],[-123.41813,40.55268],[-123.41804,40.55294],[-123.41803,40.55305],[-123.418,40.55332],[-123.41797,40.55342],[-123.41784,40.55362],[-123.41774,40.55367],[-123.41759,40.55374],[-123.41741,40.55381],[-123.41732,40.55389],[-123.41725,40.55397],[-123.41719,40.55413],[-123.417,40.55463],[-123.41696,40.55477],[-123.41688,40.55486],[-123.41675,40.55491],[-123.41659,40.55493],[-123.41632,40.55492],[-123.41597,40.55487],[-123.41579,40.55485],[-123.41568,40.55485],[-123.41555,40.55488],[-123.41546,40.55494],[-123.41543,40.55503],[-123.41545,40.55513],[-123.41549,40.55525],[-123.41578,40.55559],[-123.41605,40.55585],[-123.41636,40.55613],[-123.41647,40.55631],[-123.41654,40.55645],[-123.41659,40.55661],[-123.4166,40.55688],[-123.41664,40.55716],[-123.41669,40.55727],[-123.41679,40.55737],[-123.41691,40.55749],[-123.41762,40.55799],[-123.41789,40.55816],[-123.41801,40.55828],[-123.41824,40.55855],[-123.41844,40.55872],[-123.41854,40.55883],[-123.41857,40.55894],[-123.41858,40.55935],[-123.41862,40.55945],[-123.4187,40.55954],[-123.41882,40.55964],[-123.41915,40.55976],[-123.41954,40.55996],[-123.42002,40.56015],[-123.4204,40.56032],[-123.42072,40.56059],[-123.42096,40.56071],[-123.42138,40.56087],[-123.42152,40.56097],[-123.42163,40.56108],[-123.42169,40.56124],[-123.42169,40.56148],[-123.42162,40.56168],[-123.42153,40.56185],[-123.4213,40.56205],[-123.42101,40.56225],[-123.42088,40.56232],[-123.42059,40.5624],[-123.42039,40.56251],[-123.41999,40.5628],[-123.41968,40.56304],[-123.41963,40.56313],[-123.41962,40.56324],[-123.41968,40.56333],[-123.41983,40.56338],[-123.42,40.56341],[-123.42018,40.5634],[-123.42031,40.56337],[-123.42057,40.56323],[-123.4209,40.56313],[-123.42121,40.56307],[-123.42159,40.56308],[-123.42179,40.56301],[-123.42195,40.56289],[-123.42221,40.56267],[-123.42238,40.56261],[-123.4226,40.56259],[-123.42358,40.56268],[-123.42389,40.56267],[-123.42443,40.5626],[-123.42466,40.56264],[-123.425,40.56282],[-123.42561,40.56319],[-123.42582,40.56326],[-123.42615,40.56332],[-123.42658,40.56336],[-123.42745,40.56339],[-123.42785,40.56342],[-123.42845,40.56342],[-123.42893,40.56346],[-123.4296,40.5635],[-123.43024,40.56371],[-123.43074,40.56386],[-123.43205,40.56417],[-123.43313,40.56444],[-123.43368,40.56458],[-123.43409,40.56464],[-123.43436,40.56465],[-123.43453,40.56462],[-123.43481,40.56438],[-123.43507,40.56422],[-123.43533,40.56425],[-123.4357,40.56441],[-123.43621,40.56464],[-123.43654,40.56475],[-123.43685,40.56478],[-123.43924,40.56484],[-123.43945,40.56478],[-123.43963,40.56466],[-123.43979,40.56449],[-123.43993,40.56412],[-123.44015,40.56368],[-123.44032,40.56349],[-123.44052,40.56335],[-123.44067,40.56329]]}},{"type":"Feature","properties":{"name":"Swayback Road","road_class":"unclassified","surface":"unpaved","source":"Caltrans All Roads + OpenStreetMap explicit surface","source_detail":"osm way 10278763; Caltrans All Roads public-network geometry match","source_tile":"160/386","public_network_source":"Caltrans All Roads (ARNOLD/HPMS)","surface_source":"OpenStreetMap explicit surface tag","caltrans_match_coverage":1.0,"verified_length_m":8626},"geometry":{"type":"LineString","coordinates":[[-123.58973,40.43199],[-123.58996,40.43212],[-123.59039,40.43226],[-123.59092,40.43249],[-123.5912,40.4327],[-123.59156,40.43297],[-123.59197,40.43324],[-123.59208,40.43336],[-123.59209,40.4335],[-123.59211,40.43406],[-123.59206,40.43441],[-123.59213,40.43452],[-123.59226,40.43454],[-123.59247,40.43448],[-123.59284,40.43441],[-123.59311,40.43439],[-123.59362,40.43446],[-123.59389,40.43445],[-123.59442,40.43431],[-123.59476,40.43423],[-123.59502,40.43426],[-123.59524,40.43428],[-123.59543,40.43439],[-123.5957,40.43472],[-123.59583,40.43513],[-123.59579,40.43546],[-123.59544,40.43615],[-123.59486,40.43703],[-123.59468,40.43745],[-123.5947,40.43759],[-123.59485,40.4378],[-123.595,40.43792],[-123.59519,40.43798],[-123.59563,40.43801],[-123.59588,40.43805],[-123.59616,40.43813],[-123.59635,40.43824],[-123.59647,40.43838],[-123.59659,40.43863],[-123.59659,40.43918],[-123.59667,40.43949],[-123.59682,40.43978],[-123.597,40.43996],[-123.59726,40.44018],[-123.59757,40.44033],[-123.59837,40.4409],[-123.59897,40.44132],[-123.59969,40.44183],[-123.6,40.44216],[-123.60121,40.44353],[-123.60142,40.44373],[-123.60156,40.44383],[-123.60173,40.44389],[-123.6019,40.44392],[-123.602,40.44393],[-123.60255,40.44391],[-123.60296,40.44391],[-123.6034,40.44394],[-123.60388,40.44408],[-123.60449,40.4443],[-123.60489,40.44453],[-123.6051,40.44468],[-123.60561,40.44498],[-123.60581,40.44514],[-123.60588,40.44531],[-123.60584,40.44562],[-123.60573,40.44579],[-123.60562,40.44588],[-123.60538,40.44595],[-123.60505,40.44596],[-123.60465,40.44591],[-123.60443,40.4459],[-123.60421,40.44596],[-123.60407,40.44604],[-123.6038,40.44631],[-123.60369,40.44635],[-123.60349,40.44636],[-123.6033,40.44632],[-123.60279,40.44609],[-123.6025,40.44602],[-123.6021,40.446],[-123.60189,40.44602],[-123.60159,40.44608],[-123.60146,40.44613],[-123.60135,40.4462],[-123.60126,40.44632],[-123.60126,40.44658],[-123.60134,40.44694],[-123.60134,40.44716],[-123.60129,40.4473],[-123.60111,40.44739],[-123.60095,40.44741],[-123.60081,40.44736],[-123.60038,40.44708],[-123.59996,40.44687],[-123.59965,40.44676],[-123.59954,40.44673],[-123.5994,40.44674],[-123.59921,40.44678],[-123.59908,40.44686],[-123.59897,40.44697],[-123.59893,40.44706],[-123.59889,40.44735],[-123.59902,40.44772],[-123.59917,40.44854],[-123.59931,40.44879],[-123.59934,40.44901],[-123.59928,40.44913],[-123.59919,40.44923],[-123.59883,40.44942],[-123.5987,40.44951],[-123.59862,40.44961],[-123.59856,40.4498],[-123.5986,40.44991],[-123.59857,40.45006],[-123.59848,40.45021],[-123.59839,40.45033],[-123.59822,40.45048],[-123.59749,40.45094],[-123.59643,40.45152],[-123.59609,40.45163],[-123.59583,40.45172],[-123.59525,40.45191],[-123.59488,40.45207],[-123.5946,40.45223],[-123.59439,40.45248],[-123.59415,40.4529],[-123.59409,40.45304],[-123.59395,40.45364],[-123.59383,40.4539],[-123.59367,40.45403],[-123.59349,40.45411],[-123.59318,40.45422],[-123.59265,40.45426],[-123.59244,40.45423],[-123.59216,40.45416],[-123.59173,40.45408],[-123.5915,40.45407],[-123.59132,40.45409],[-123.59114,40.45416],[-123.591,40.45425],[-123.59081,40.45444],[-123.59074,40.45467],[-123.59075,40.45482],[-123.59082,40.45503],[-123.59091,40.45515],[-123.59205,40.4564],[-123.59242,40.45663],[-123.59272,40.45674],[-123.59312,40.45687],[-123.59329,40.45699],[-123.59344,40.45714],[-123.59367,40.45748],[-123.59474,40.45889],[-123.59495,40.45921],[-123.59503,40.45938],[-123.59507,40.45954],[-123.59507,40.45966],[-123.59503,40.45978],[-123.59498,40.45997],[-123.59482,40.46013],[-123.59458,40.46028],[-123.59441,40.46035],[-123.59421,40.4604],[-123.59402,40.46042],[-123.5922,40.46048],[-123.59195,40.46046],[-123.59173,40.46041],[-123.59152,40.46033],[-123.59123,40.46014],[-123.59104,40.4599],[-123.59099,40.45963],[-123.59084,40.45941],[-123.59073,40.45929],[-123.59042,40.45914],[-123.59003,40.45911],[-123.58972,40.45915],[-123.58944,40.45928],[-123.58907,40.45962],[-123.58851,40.46005],[-123.58826,40.46015],[-123.58649,40.46142],[-123.58601,40.46181],[-123.58566,40.46197],[-123.58537,40.46203],[-123.58522,40.46202],[-123.58505,40.46199],[-123.58478,40.46186],[-123.58411,40.46135],[-123.58395,40.46109],[-123.5839,40.46089],[-123.58388,40.46054],[-123.5838,40.46041],[-123.58366,40.46023],[-123.58348,40.46012],[-123.58326,40.46002],[-123.58306,40.45997],[-123.58258,40.45992],[-123.58214,40.45994],[-123.58152,40.46],[-123.58122,40.46007],[-123.58093,40.46025],[-123.5808,40.4604],[-123.58073,40.46061],[-123.58072,40.46086],[-123.58081,40.46111],[-123.58094,40.4613],[-123.5811,40.46141],[-123.5817,40.46182],[-123.58188,40.46197],[-123.58208,40.46218],[-123.58227,40.46246],[-123.58262,40.46319],[-123.58273,40.46337],[-123.58303,40.46359],[-123.58351,40.46387],[-123.58391,40.46412],[-123.58412,40.46426],[-123.58452,40.46474],[-123.58473,40.46491],[-123.58489,40.46516],[-123.5849,40.46608],[-123.58482,40.46631],[-123.58458,40.46675],[-123.58455,40.467],[-123.58464,40.46733],[-123.58467,40.46744],[-123.58461,40.46757],[-123.58444,40.46764],[-123.58422,40.46767],[-123.58411,40.46767],[-123.58391,40.46758],[-123.58382,40.46745],[-123.58379,40.46723],[-123.58391,40.46695],[-123.58412,40.46659],[-123.58426,40.46625],[-123.58427,40.46606],[-123.5842,40.46589],[-123.58402,40.46575],[-123.58378,40.46571],[-123.58306,40.46567],[-123.58242,40.4656],[-123.58151,40.46554],[-123.5813,40.46554],[-123.58077,40.46561],[-123.58053,40.46563],[-123.5803,40.46561],[-123.58014,40.46557],[-123.57944,40.46521],[-123.57892,40.46503],[-123.57811,40.46467],[-123.57786,40.46463],[-123.57771,40.46465]]}},{"type":"Feature","properties":{"name":"FR 1N08P","road_class":"track","surface":"ground","source":"Caltrans All Roads + OpenStreetMap explicit surface","source_detail":"osm way 1182110608; Caltrans All Roads public-network geometry match","source_tile":"160/386","public_network_source":"Caltrans All Roads (ARNOLD/HPMS)","surface_source":"OpenStreetMap explicit surface tag","caltrans_match_coverage":1.0,"verified_length_m":595},"geometry":{"type":"LineString","coordinates":[[-123.60562,40.44588],[-123.60595,40.44603],[-123.60605,40.44606],[-123.60641,40.44609],[-123.60657,40.44613],[-123.60668,40.44618],[-123.60688,40.4463],[-123.60696,40.44638],[-123.60719,40.44661],[-123.60731,40.44668],[-123.60739,40.44669],[-123.60759,40.44671],[-123.60767,40.44674],[-123.60784,40.44683],[-123.60813,40.44691],[-123.60827,40.44698],[-123.60831,40.44703],[-123.60836,40.44722],[-123.60861,40.44729],[-123.60893,40.44754],[-123.60942,40.44795],[-123.60976,40.44805],[-123.60996,40.44817],[-123.61019,40.44824],[-123.61045,40.44846],[-123.61069,40.44867],[-123.61118,40.44877]]}},{"type":"Feature","properties":{"name":"Manzanita Ranch Road","road_class":"unclassified","surface":"unpaved","source":"Caltrans All Roads + OpenStreetMap explicit surface","source_detail":"osm way 10646547; Caltrans All Roads public-network geometry match","source_tile":"160/385","public_network_source":"Caltrans All Roads (ARNOLD/HPMS)","surface_source":"OpenStreetMap explicit surface tag","caltrans_match_coverage":1.0,"verified_length_m":1373},"geometry":{"type":"LineString","coordinates":[[-123.52691,40.71081],[-123.527,40.71121],[-123.52713,40.71155],[-123.52748,40.71156],[-123.52787,40.71188],[-123.52832,40.71209],[-123.5291,40.71286],[-123.52958,40.71302],[-123.53036,40.71289],[-123.53092,40.71266],[-123.53115,40.71257],[-123.53178,40.7127],[-123.53226,40.713],[-123.53266,40.71346],[-123.53283,40.71389],[-123.53318,40.71408],[-123.5336,40.71404],[-123.53417,40.71368],[-123.53457,40.71374],[-123.53482,40.71409],[-123.53532,40.71425],[-123.53641,40.71479],[-123.53665,40.7151],[-123.53696,40.71525],[-123.5372,40.71547],[-123.53736,40.71591],[-123.53777,40.71622],[-123.53834,40.7164],[-123.53871,40.71648]]}},{"type":"Feature","properties":{"name":"Lower South Fork Road","road_class":"unclassified","surface":"gravel","source":"Caltrans All Roads + OpenStreetMap explicit surface","source_detail":"osm way 10646728; Caltrans All Roads public-network geometry match","source_tile":"160/385","public_network_source":"Caltrans All Roads (ARNOLD/HPMS)","surface_source":"OpenStreetMap explicit surface tag","caltrans_match_coverage":1.0,"verified_length_m":8485},"geometry":{"type":"LineString","coordinates":[[-123.50594,40.66864],[-123.50577,40.66879],[-123.50574,40.66901],[-123.50573,40.66918],[-123.50578,40.6693],[-123.50596,40.66943],[-123.50665,40.66978],[-123.50672,40.66984],[-123.50677,40.67002],[-123.50686,40.67016],[-123.50705,40.67034],[-123.50713,40.67048],[-123.50714,40.67061],[-123.50703,40.67075],[-123.5069,40.67085],[-123.50673,40.67106],[-123.5066,40.67134],[-123.50666,40.67159],[-123.50666,40.67199],[-123.50673,40.67226],[-123.50687,40.67242],[-123.50718,40.67271],[-123.50738,40.67305],[-123.50748,40.67313],[-123.50766,40.6732],[-123.5081,40.67323],[-123.50837,40.67332],[-123.50862,40.67347],[-123.50866,40.67359],[-123.50863,40.67381],[-123.50842,40.67465],[-123.50821,40.67481],[-123.50814,40.67497],[-123.50815,40.67517],[-123.50824,40.67534],[-123.50889,40.67647],[-123.50914,40.6773],[-123.50928,40.67751],[-123.5094,40.67768],[-123.50955,40.67803],[-123.50956,40.67868],[-123.5097,40.67897],[-123.51027,40.6795],[-123.51047,40.6796],[-123.51103,40.67982],[-123.51154,40.6802],[-123.51189,40.68038],[-123.51226,40.68081],[-123.51253,40.68093],[-123.513,40.68095],[-123.5132,40.68104],[-123.51333,40.6812],[-123.51328,40.6816],[-123.51335,40.68176],[-123.5135,40.68188],[-123.51427,40.68212],[-123.51465,40.68232],[-123.51497,40.68269],[-123.51524,40.68286],[-123.51577,40.68307],[-123.516,40.6831],[-123.5167,40.68304],[-123.51682,40.68309],[-123.51695,40.68316],[-123.51702,40.68325],[-123.51701,40.68347],[-123.51707,40.68373],[-123.51729,40.68402],[-123.51737,40.6844],[-123.51734,40.68488],[-123.51791,40.6858],[-123.51806,40.68633],[-123.51807,40.68659],[-123.51824,40.68706],[-123.51822,40.68729],[-123.51841,40.6876],[-123.51882,40.68782],[-123.51899,40.68789],[-123.5191,40.68806],[-123.51908,40.68819],[-123.51901,40.68826],[-123.51871,40.68837],[-123.51777,40.68872],[-123.51657,40.68915],[-123.51569,40.68955],[-123.5149,40.69003],[-123.5147,40.69023],[-123.51456,40.69043],[-123.51454,40.69074],[-123.51441,40.69123],[-123.51424,40.69158],[-123.5143,40.69177],[-123.51443,40.69193],[-123.51482,40.69213],[-123.51513,40.69221],[-123.51533,40.69224],[-123.51556,40.69219],[-123.51618,40.69221],[-123.51699,40.69208],[-123.51745,40.69209],[-123.51805,40.69206],[-123.51907,40.6921],[-123.51943,40.69207],[-123.51964,40.69201],[-123.52027,40.69155],[-123.52049,40.69149],[-123.52097,40.69155],[-123.52128,40.69172],[-123.52184,40.69214],[-123.52209,40.69218],[-123.52258,40.69214],[-123.52314,40.69221],[-123.52331,40.6923],[-123.52389,40.69279],[-123.52408,40.69279],[-123.52423,40.69275],[-123.52431,40.69265],[-123.52443,40.69236],[-123.52455,40.69197],[-123.52472,40.69198],[-123.52511,40.69217],[-123.52575,40.69216],[-123.52661,40.69198],[-123.52695,40.69198],[-123.52728,40.69206],[-123.52751,40.69222],[-123.52756,40.69239],[-123.52756,40.69278],[-123.52737,40.69319],[-123.52735,40.69344],[-123.52738,40.69363],[-123.52747,40.69377],[-123.5276,40.69392],[-123.5279,40.69415],[-123.52818,40.69427],[-123.52823,40.69444],[-123.52815,40.69466],[-123.52782,40.69509],[-123.52746,40.69535],[-123.52727,40.69557],[-123.52716,40.69595],[-123.52725,40.69616],[-123.52777,40.69658],[-123.52798,40.69685],[-123.52833,40.69699],[-123.52852,40.69715],[-123.52862,40.69727],[-123.5287,40.69753],[-123.52874,40.69782],[-123.52891,40.6981],[-123.52915,40.69836],[-123.52938,40.6985],[-123.52988,40.69877],[-123.53009,40.69896],[-123.53016,40.69917],[-123.53016,40.69938],[-123.5298,40.70021],[-123.52971,40.70039],[-123.52971,40.70061],[-123.52997,40.7009],[-123.53035,40.70109],[-123.53072,40.70121],[-123.53095,40.70127],[-123.53113,40.70129],[-123.53141,40.7013],[-123.53203,40.70119],[-123.53265,40.70121],[-123.53286,40.70117],[-123.53357,40.70112],[-123.5337,40.70108],[-123.53405,40.70072],[-123.53424,40.70067],[-123.53437,40.70067],[-123.5348,40.70092],[-123.53526,40.70102],[-123.53543,40.70112],[-123.53566,40.70141],[-123.5362,40.70183],[-123.53657,40.70192],[-123.53677,40.70202],[-123.53703,40.70236],[-123.53715,40.70259],[-123.53724,40.70287],[-123.53738,40.70306],[-123.53772,40.70332],[-123.53811,40.70351],[-123.5382,40.70365],[-123.53823,40.70372],[-123.53821,40.70388],[-123.53812,40.70404],[-123.53757,40.70428],[-123.53748,40.70438],[-123.53745,40.7045],[-123.53747,40.70487],[-123.53741,40.70509],[-123.53712,40.70545],[-123.53681,40.70568],[-123.53667,40.70573],[-123.53599,40.70579],[-123.53519,40.7063],[-123.53461,40.70647],[-123.53428,40.70662],[-123.53355,40.70739],[-123.53343,40.7076],[-123.53345,40.70773],[-123.53357,40.70781],[-123.534,40.70803],[-123.53419,40.70846],[-123.53496,40.70901],[-123.53511,40.70942],[-123.53516,40.7096],[-123.53517,40.7099],[-123.53521,40.71047],[-123.53534,40.71079],[-123.53586,40.71166],[-123.53617,40.71211],[-123.53641,40.71236],[-123.53656,40.71268],[-123.53695,40.71302],[-123.53705,40.71327],[-123.53733,40.71376],[-123.53776,40.71418],[-123.53775,40.71457],[-123.5379,40.71546],[-123.53791,40.71583],[-123.53796,40.71599],[-123.53809,40.71612],[-123.53844,40.71628],[-123.53871,40.71648]]}},{"type":"Feature","properties":{"name":"Fawn Road","road_class":"track","surface":"ground","source":"Caltrans All Roads + OpenStreetMap explicit surface","source_detail":"osm way 10259108; Caltrans All Roads public-network geometry match","source_tile":"160/385","public_network_source":"Caltrans All Roads (ARNOLD/HPMS)","surface_source":"OpenStreetMap explicit surface tag","caltrans_match_coverage":0.87,"verified_length_m":4199},"geometry":{"type":"LineString","coordinates":[[-123.57239,40.46355],[-123.57241,40.46349],[-123.57241,40.46341],[-123.57238,40.46333],[-123.57237,40.46324],[-123.57239,40.46313],[-123.57248,40.46293],[-123.57249,40.4628],[-123.57245,40.46264],[-123.57243,40.46254],[-123.57245,40.46246],[-123.5725,40.46239],[-123.57256,40.46234],[-123.57266,40.46231],[-123.57276,40.46226],[-123.57283,40.46219],[-123.57287,40.46212],[-123.57286,40.46207],[-123.57282,40.46202],[-123.57263,40.46197],[-123.57247,40.46194],[-123.57233,40.46194],[-123.57203,40.462],[-123.57193,40.46201],[-123.57183,40.462],[-123.57173,40.46195],[-123.57169,40.46189],[-123.57169,40.46181],[-123.57182,40.4616],[-123.57188,40.46153],[-123.57197,40.46145],[-123.57211,40.46136],[-123.57263,40.46104],[-123.57303,40.46083],[-123.57341,40.46055],[-123.5735,40.46047],[-123.57368,40.46026],[-123.57372,40.46019],[-123.57377,40.46003],[-123.57381,40.45996],[-123.57404,40.45981],[-123.57446,40.45959],[-123.57466,40.45946],[-123.57478,40.4594],[-123.57514,40.45927],[-123.5753,40.45924],[-123.57546,40.45925],[-123.57557,40.45923],[-123.57564,40.45921],[-123.57568,40.45917],[-123.57568,40.45911],[-123.57565,40.45906],[-123.57558,40.45901],[-123.57549,40.45897],[-123.57525,40.45893],[-123.57495,40.45889],[-123.57479,40.45886],[-123.57465,40.45882],[-123.5745,40.45875],[-123.57438,40.45866],[-123.57433,40.45859],[-123.5743,40.4585],[-123.57416,40.45777],[-123.57409,40.4576],[-123.57404,40.45749],[-123.57389,40.45728],[-123.57378,40.45719],[-123.57355,40.45704],[-123.57351,40.45699],[-123.57349,40.45691],[-123.57355,40.45664],[-123.57356,40.45652],[-123.57352,40.45614],[-123.5735,40.45602],[-123.57332,40.45564],[-123.57325,40.45555],[-123.57317,40.45547],[-123.57286,40.45529],[-123.57274,40.45521],[-123.5726,40.45509],[-123.57255,40.45502],[-123.57253,40.45496],[-123.57255,40.45489],[-123.5726,40.45485],[-123.57274,40.45481],[-123.57296,40.45478],[-123.57329,40.45478],[-123.57365,40.45481],[-123.57381,40.45479],[-123.57391,40.45474],[-123.5741,40.45467],[-123.57433,40.45454],[-123.5744,40.45452],[-123.57458,40.4545],[-123.5747,40.4545],[-123.57481,40.45448],[-123.5749,40.45445],[-123.57498,40.45439],[-123.57501,40.45432],[-123.575,40.45425],[-123.57476,40.4539],[-123.57472,40.45381],[-123.57468,40.45371],[-123.57464,40.4535],[-123.57458,40.45336],[-123.5745,40.45324],[-123.57439,40.45315],[-123.57432,40.45306],[-123.57419,40.45285],[-123.57416,40.45272],[-123.57415,40.45265],[-123.57407,40.45251],[-123.57403,40.45238],[-123.57396,40.45225],[-123.57395,40.45218],[-123.57399,40.452],[-123.57399,40.45194],[-123.57398,40.45191],[-123.57391,40.45186],[-123.57388,40.45178],[-123.57389,40.45166],[-123.57403,40.45145],[-123.57412,40.45137],[-123.57431,40.45126],[-123.57445,40.4512],[-123.57455,40.45118],[-123.5747,40.45113],[-123.57494,40.45101],[-123.57503,40.45096],[-123.57511,40.45086],[-123.5752,40.45067],[-123.57529,40.45056],[-123.57542,40.45048],[-123.57578,40.45036],[-123.57585,40.45032],[-123.57594,40.45023],[-123.57602,40.4502],[-123.57624,40.45019],[-123.57631,40.45016],[-123.5764,40.45014],[-123.57648,40.45014],[-123.57661,40.4502],[-123.57665,40.4502],[-123.57694,40.45015],[-123.57714,40.4501],[-123.57743,40.45007],[-123.57759,40.45014],[-123.57754,40.45034],[-123.5774,40.45041],[-123.57733,40.45045],[-123.57717,40.45061],[-123.57711,40.45081],[-123.57699,40.45099],[-123.57672,40.45114],[-123.57642,40.45126],[-123.57603,40.4515],[-123.57591,40.45171],[-123.57593,40.4519],[-123.57608,40.45205],[-123.57641,40.45222],[-123.57664,40.45239],[-123.57684,40.45275],[-123.57716,40.45316],[-123.5774,40.45338],[-123.57766,40.45348],[-123.57793,40.45347],[-123.57826,40.45334],[-123.57853,40.4532],[-123.57869,40.45316],[-123.57886,40.45326],[-123.5789,40.45345],[-123.57898,40.45358],[-123.57905,40.45363],[-123.57948,40.45385],[-123.57966,40.45394],[-123.57987,40.45406],[-123.57998,40.45415],[-123.58032,40.45458],[-123.58039,40.4547],[-123.58044,40.45489],[-123.58054,40.45525],[-123.58062,40.4556],[-123.58073,40.4557],[-123.58083,40.45575],[-123.5813,40.45584],[-123.58139,40.45586],[-123.58178,40.45591],[-123.58189,40.45594],[-123.58202,40.456],[-123.58214,40.45607],[-123.58231,40.45614],[-123.58297,40.45636],[-123.58307,40.45638],[-123.58351,40.45636],[-123.58367,40.45637],[-123.58384,40.45643],[-123.58434,40.45667],[-123.58451,40.45679],[-123.58476,40.45703],[-123.58502,40.45721],[-123.58506,40.45729],[-123.58508,40.45751],[-123.58512,40.45763],[-123.58517,40.45769],[-123.58583,40.45826],[-123.58611,40.45842],[-123.5862,40.45849],[-123.58624,40.45858],[-123.58619,40.45868],[-123.58604,40.45906],[-123.58597,40.45932],[-123.58597,40.45967],[-123.58599,40.45982],[-123.58605,40.45994],[-123.58616,40.46001],[-123.5863,40.46005],[-123.58647,40.46006],[-123.58731,40.46002],[-123.58778,40.45998],[-123.58801,40.45999],[-123.58819,40.46005],[-123.58826,40.46015]]}},{"type":"Feature","properties":{"name":"(unnamed public road)","road_class":"track","surface":"unpaved","source":"Caltrans All Roads + OpenStreetMap explicit surface","source_detail":"osm way 10259643; Caltrans All Roads public-network geometry match","source_tile":"160/385","public_network_source":"Caltrans All Roads (ARNOLD/HPMS)","surface_source":"OpenStreetMap explicit surface tag","caltrans_match_coverage":1.0,"verified_length_m":1090},"geometry":{"type":"LineString","coordinates":[[-123.58986,40.70655],[-123.58993,40.70661],[-123.59003,40.70666],[-123.59018,40.70671],[-123.59038,40.70681],[-123.59063,40.70698],[-123.59098,40.70728],[-123.59118,40.70739],[-123.5916,40.70755],[-123.59184,40.70761],[-123.59236,40.70774],[-123.5925,40.7078],[-123.59286,40.70803],[-123.59293,40.70806],[-123.59302,40.70807],[-123.59317,40.70807],[-123.59329,40.70809],[-123.59339,40.70813],[-123.59361,40.70824],[-123.59376,40.70834],[-123.59386,40.70842],[-123.59423,40.70869],[-123.59446,40.70887],[-123.59479,40.70911],[-123.59518,40.70942],[-123.59531,40.7095],[-123.59546,40.70955],[-123.59579,40.7096],[-123.59593,40.70965],[-123.59599,40.70969],[-123.59609,40.70976],[-123.59616,40.70983],[-123.59622,40.7099],[-123.59629,40.71002],[-123.59636,40.71018],[-123.59637,40.71028],[-123.59638,40.71052],[-123.59634,40.71082],[-123.59634,40.71091],[-123.59638,40.71109],[-123.59642,40.71119],[-123.59643,40.71121],[-123.5965,40.71124],[-123.59659,40.71124],[-123.59665,40.71121],[-123.59675,40.71112],[-123.59694,40.71098],[-123.59705,40.71092],[-123.59715,40.7109],[-123.59724,40.7109],[-123.59733,40.71093],[-123.59744,40.711],[-123.59751,40.71108],[-123.59761,40.7113],[-123.59763,40.71135],[-123.59767,40.71138],[-123.59794,40.71149],[-123.59799,40.71153],[-123.59813,40.71171],[-123.59827,40.71195],[-123.59832,40.71199],[-123.59843,40.71203],[-123.5986,40.71209],[-123.59866,40.71212]]}},{"type":"Feature","properties":{"name":"Board Camp Road","road_class":"track","surface":"ground","source":"Caltrans All Roads + OpenStreetMap explicit surface","source_detail":"osm way 10263870; Caltrans All Roads public-network geometry match","source_tile":"160/385","public_network_source":"Caltrans All Roads (ARNOLD/HPMS)","surface_source":"OpenStreetMap explicit surface tag","caltrans_match_coverage":0.854,"verified_length_m":881},"geometry":{"type":"LineString","coordinates":[[-123.72018,40.69704],[-123.72022,40.69718],[-123.72029,40.69727],[-123.72048,40.69745],[-123.72064,40.69763],[-123.72069,40.69781],[-123.72082,40.69809],[-123.72113,40.69851],[-123.72164,40.69905],[-123.72163,40.69971],[-123.7217,40.70033],[-123.72194,40.70095],[-123.72204,40.70107],[-123.72219,40.70118],[-123.72242,40.70132],[-123.72289,40.70168],[-123.72307,40.70185],[-123.72311,40.70195],[-123.72313,40.70201],[-123.72315,40.70216],[-123.7232,40.70225],[-123.72328,40.70231],[-123.72337,40.70239],[-123.72341,40.70245],[-123.72341,40.70251],[-123.72338,40.70255],[-123.72332,40.70257],[-123.72328,40.70258],[-123.7232,40.70257],[-123.72312,40.70252],[-123.72304,40.70244],[-123.72292,40.70229],[-123.72287,40.70222],[-123.72278,40.70217],[-123.72264,40.70214],[-123.72247,40.70217],[-123.72234,40.70223],[-123.72211,40.70229],[-123.72193,40.70229],[-123.72176,40.70224],[-123.72157,40.70211]]}},{"type":"Feature","properties":{"name":"Buck Mountain Road","road_class":"unclassified","surface":"unpaved","source":"Caltrans All Roads + OpenStreetMap explicit surface","source_detail":"osm way 10270251; Caltrans All Roads public-network geometry match","source_tile":"160/385","public_network_source":"Caltrans All Roads (ARNOLD/HPMS)","surface_source":"OpenStreetMap explicit surface tag","caltrans_match_coverage":1.0,"verified_length_m":2569},"geometry":{"type":"LineString","coordinates":[[-123.57771,40.46465],[-123.57773,40.46483],[-123.5778,40.46493],[-123.57846,40.46543],[-123.57863,40.46551],[-123.5788,40.46555],[-123.57907,40.46558],[-123.57925,40.46563],[-123.57951,40.46577],[-123.57967,40.4659],[-123.5799,40.46623],[-123.58005,40.46634],[-123.58056,40.46645],[-123.58106,40.46662],[-123.58121,40.46665],[-123.58149,40.46663],[-123.5818,40.46655],[-123.58192,40.46658],[-123.58197,40.46665],[-123.58196,40.46675],[-123.5819,40.46694],[-123.58184,40.46713],[-123.58183,40.46736],[-123.58195,40.46751],[-123.58243,40.46798],[-123.5825,40.46808],[-123.58253,40.46826],[-123.5825,40.46881],[-123.5826,40.46894],[-123.58284,40.46895],[-123.58306,40.46907],[-123.58323,40.46919],[-123.5833,40.46935],[-123.58325,40.46951],[-123.58335,40.46969],[-123.58339,40.46985],[-123.58346,40.46994],[-123.58356,40.47001],[-123.58367,40.47004],[-123.58377,40.47003],[-123.58385,40.46999],[-123.58408,40.46982],[-123.58419,40.46977],[-123.58441,40.46977],[-123.58458,40.46984],[-123.58471,40.47002],[-123.58483,40.47031],[-123.58491,40.47039],[-123.58507,40.47051],[-123.58525,40.47056],[-123.58545,40.47051],[-123.58549,40.47031],[-123.58572,40.46994],[-123.58605,40.46962],[-123.58611,40.46948],[-123.58615,40.46925],[-123.58631,40.46887],[-123.58638,40.4686],[-123.58652,40.46839],[-123.58661,40.46832],[-123.58687,40.46821],[-123.58697,40.46822],[-123.58703,40.46825],[-123.58736,40.46865],[-123.58757,40.46878],[-123.58765,40.4688],[-123.58777,40.46879],[-123.58797,40.46873],[-123.58851,40.46847],[-123.58869,40.46843],[-123.58883,40.46843],[-123.58899,40.46846],[-123.5893,40.46857],[-123.58942,40.46862],[-123.58961,40.46876],[-123.58977,40.46885],[-123.5899,40.46894],[-123.58995,40.46901],[-123.59005,40.46926],[-123.59018,40.46934],[-123.5905,40.46931],[-123.59088,40.46922],[-123.59099,40.46921],[-123.59114,40.46923],[-123.59121,40.46927],[-123.59123,40.46933],[-123.59118,40.46954],[-123.59119,40.46975],[-123.59123,40.46987],[-123.59144,40.47007],[-123.59155,40.47027],[-123.59164,40.47034],[-123.59203,40.47039],[-123.59219,40.4705],[-123.59226,40.4706],[-123.59228,40.47071],[-123.59225,40.47131],[-123.59234,40.47144],[-123.59245,40.47149],[-123.5926,40.47151],[-123.59293,40.47149],[-123.59333,40.47149],[-123.59363,40.47143],[-123.59384,40.47138],[-123.59403,40.47136],[-123.59427,40.47141],[-123.59447,40.47155],[-123.59461,40.47159],[-123.59472,40.47158],[-123.59488,40.47154],[-123.59496,40.47149],[-123.59502,40.47142],[-123.5951,40.47118],[-123.59519,40.47102],[-123.59526,40.47097],[-123.59548,40.47095],[-123.59586,40.47103],[-123.59622,40.47098],[-123.59632,40.47097],[-123.59652,40.47101]]}},{"type":"Feature","properties":{"name":"Eightmile Road","road_class":"unclassified","surface":"gravel","source":"Caltrans All Roads + OpenStreetMap explicit surface","source_detail":"osm way 10271263; Caltrans All Roads public-network geometry match","source_tile":"160/385","public_network_source":"Caltrans All Roads (ARNOLD/HPMS)","surface_source":"OpenStreetMap explicit surface tag","caltrans_match_coverage":1.0,"verified_length_m":7264},"geometry":{"type":"LineString","coordinates":[[-123.57143,40.52469],[-123.57136,40.52469],[-123.5712,40.52471],[-123.57104,40.52468],[-123.57076,40.52463],[-123.5706,40.52462],[-123.57043,40.52467],[-123.57029,40.52474],[-123.57022,40.52483],[-123.57008,40.52493],[-123.56982,40.52511],[-123.56971,40.52518],[-123.56957,40.52522],[-123.5695,40.52524],[-123.56937,40.52524],[-123.56922,40.5252],[-123.56912,40.52514],[-123.569,40.52504],[-123.56883,40.52498],[-123.5687,40.52496],[-123.56834,40.52497],[-123.56817,40.52499],[-123.5679,40.52505],[-123.56736,40.52524],[-123.56707,40.52531],[-123.56673,40.52534],[-123.56654,40.52539],[-123.56645,40.52542],[-123.56615,40.52557],[-123.56591,40.52566],[-123.56574,40.5257],[-123.56558,40.52572],[-123.56542,40.5257],[-123.56517,40.52564],[-123.5649,40.52555],[-123.56426,40.52537],[-123.5635,40.52517],[-123.56337,40.52513],[-123.56316,40.52505],[-123.5627,40.52481],[-123.56197,40.52453],[-123.56175,40.52447],[-123.56163,40.52445],[-123.56151,40.52443],[-123.56124,40.52439],[-123.56113,40.52439],[-123.56102,40.52437],[-123.56089,40.52434],[-123.56072,40.52426],[-123.56033,40.52404],[-123.55966,40.52365],[-123.55939,40.52348],[-123.55913,40.52331],[-123.55903,40.52329],[-123.55885,40.52326],[-123.55866,40.52326],[-123.55849,40.52329],[-123.55831,40.52334],[-123.55787,40.52356],[-123.55776,40.52361],[-123.55763,40.52363],[-123.55749,40.52362],[-123.55735,40.52358],[-123.55712,40.52343],[-123.55694,40.52336],[-123.55668,40.5233],[-123.55651,40.52329],[-123.55634,40.5233],[-123.55618,40.52334],[-123.55597,40.52343],[-123.55585,40.52349],[-123.55571,40.52352],[-123.55557,40.52352],[-123.55539,40.52349],[-123.55489,40.5233],[-123.55465,40.52324],[-123.55447,40.52321],[-123.5543,40.52321],[-123.55413,40.52324],[-123.55396,40.52329],[-123.55382,40.52337],[-123.55347,40.52362],[-123.55328,40.52374],[-123.55319,40.52377],[-123.55305,40.5238],[-123.5529,40.52379],[-123.55248,40.52368],[-123.55206,40.52353],[-123.55163,40.5234],[-123.55127,40.52332],[-123.551,40.52329],[-123.5505,40.52311],[-123.54993,40.52291],[-123.54944,40.52277],[-123.54925,40.52266],[-123.5491,40.52254],[-123.54881,40.52214],[-123.54866,40.522],[-123.54853,40.52168],[-123.54842,40.52157],[-123.5483,40.52149],[-123.54794,40.52131],[-123.54778,40.52125],[-123.5476,40.52122],[-123.54691,40.52123],[-123.54617,40.52125],[-123.54598,40.52124],[-123.54579,40.52121],[-123.54543,40.52114],[-123.54472,40.52102],[-123.5446,40.52102],[-123.54448,40.52102],[-123.54436,40.52103],[-123.54416,40.52105],[-123.54392,40.52115],[-123.54327,40.52178],[-123.54305,40.52216],[-123.54287,40.52227],[-123.5426,40.52231],[-123.54224,40.52242],[-123.54155,40.52239],[-123.54139,40.52234],[-123.54127,40.52219],[-123.54103,40.52166],[-123.54092,40.52149],[-123.54063,40.52139],[-123.54039,40.52136],[-123.54022,40.52131],[-123.5398,40.52107],[-123.53941,40.52096],[-123.53903,40.52093],[-123.53828,40.52097],[-123.5379,40.5209],[-123.53755,40.52089],[-123.53737,40.52093],[-123.53706,40.52092],[-123.53649,40.52093],[-123.53614,40.52086],[-123.53571,40.52075],[-123.53516,40.52051],[-123.53472,40.52026],[-123.53407,40.52002],[-123.53344,40.52001],[-123.53297,40.51987],[-123.53245,40.51961],[-123.53227,40.51957],[-123.53201,40.51964],[-123.53163,40.52002],[-123.53131,40.52023],[-123.53108,40.5203],[-123.53087,40.52025],[-123.53046,40.52009],[-123.53019,40.52002],[-123.52962,40.52],[-123.52928,40.51991],[-123.52907,40.51985],[-123.52874,40.51988],[-123.52832,40.52007],[-123.52778,40.52041],[-123.5271,40.5209],[-123.52667,40.52118],[-123.52644,40.52127],[-123.52622,40.52128],[-123.52592,40.52109],[-123.52572,40.52102],[-123.52525,40.52087],[-123.52481,40.52062],[-123.52446,40.52045],[-123.52408,40.52021],[-123.52383,40.52],[-123.52329,40.51973],[-123.52262,40.51958],[-123.52208,40.51952],[-123.52139,40.51962],[-123.52122,40.5197],[-123.52091,40.51988],[-123.52037,40.51999],[-123.51995,40.52012],[-123.51946,40.52061],[-123.51916,40.52079],[-123.51901,40.52103],[-123.51889,40.52145],[-123.51865,40.52181],[-123.51816,40.52203],[-123.51757,40.52262],[-123.51741,40.52271],[-123.51721,40.52272],[-123.51694,40.52268],[-123.51672,40.52281],[-123.51668,40.52297],[-123.51682,40.52369],[-123.51671,40.52387],[-123.51656,40.52394],[-123.5161,40.52397],[-123.51573,40.52403],[-123.5154,40.52403],[-123.51523,40.52393],[-123.51495,40.52389],[-123.51458,40.52369],[-123.51436,40.5236],[-123.51417,40.52361],[-123.51364,40.52379],[-123.51306,40.52408],[-123.51287,40.52422],[-123.51276,40.52439],[-123.51274,40.5248],[-123.51266,40.52492],[-123.5126,40.52498],[-123.51242,40.52503],[-123.51177,40.52505],[-123.51138,40.5251],[-123.51106,40.52535],[-123.51068,40.52605],[-123.51064,40.52628],[-123.51081,40.52692],[-123.51096,40.52713],[-123.51087,40.52753],[-123.51048,40.528],[-123.5102,40.52853],[-123.50956,40.52917],[-123.50931,40.52975],[-123.50936,40.53071],[-123.50947,40.53124],[-123.50957,40.53146],[-123.50977,40.53173],[-123.50985,40.53224],[-123.50963,40.5329],[-123.5093,40.53367],[-123.5093,40.53409],[-123.50922,40.53432],[-123.50907,40.53451],[-123.50886,40.53456],[-123.50867,40.53455]]}},{"type":"Feature","properties":{"name":"Wine Road","road_class":"unclassified","surface":"unpaved","source":"Caltrans All Roads + OpenStreetMap explicit surface","source_detail":"osm way 10272865; Caltrans All Roads public-network geometry match","source_tile":"160/385","public_network_source":"Caltrans All Roads (ARNOLD/HPMS)","surface_source":"OpenStreetMap explicit surface tag","caltrans_match_coverage":1.0,"verified_length_m":2860},"geometry":{"type":"LineString","coordinates":[[-123.54954,40.70071],[-123.54975,40.7008],[-123.54994,40.70086],[-123.55014,40.7009],[-123.55038,40.70093],[-123.5505,40.70092],[-123.55061,40.70088],[-123.55086,40.70072],[-123.55094,40.7007],[-123.55102,40.70072],[-123.55105,40.70074],[-123.55111,40.7008],[-123.55114,40.70086],[-123.55114,40.70095],[-123.55111,40.70101],[-123.55093,40.70121],[-123.55084,40.7013],[-123.55072,40.70137],[-123.55046,40.70159],[-123.55039,40.70164],[-123.55034,40.7017],[-123.55033,40.70177],[-123.55035,40.70183],[-123.55038,40.70185],[-123.55047,40.70189],[-123.55057,40.70191],[-123.55067,40.70189],[-123.55076,40.70186],[-123.55102,40.7017],[-123.55112,40.70168],[-123.55122,40.70169],[-123.55129,40.70171],[-123.55149,40.7018],[-123.55162,40.70185],[-123.55175,40.7019],[-123.55199,40.70195],[-123.55209,40.702],[-123.55218,40.70206],[-123.55224,40.70213],[-123.55226,40.70219],[-123.55228,40.70229],[-123.55229,40.70244],[-123.55225,40.70258],[-123.55219,40.70268],[-123.55214,40.70274],[-123.55201,40.70282],[-123.55186,40.70289],[-123.55171,40.70294],[-123.55163,40.70298],[-123.55153,40.70307],[-123.55134,40.70339],[-123.55125,40.70357],[-123.55115,40.70369],[-123.5511,40.70378],[-123.55094,40.70387],[-123.55083,40.70401],[-123.55077,40.70416],[-123.55073,40.70436],[-123.55075,40.70448],[-123.55079,40.70459],[-123.55083,40.70464],[-123.5509,40.7047],[-123.551,40.70474],[-123.55112,40.70477],[-123.55127,40.7048],[-123.55137,40.70483],[-123.55147,40.70488],[-123.55154,40.70495],[-123.55159,40.70504],[-123.55161,40.70513],[-123.5516,40.70525],[-123.55156,40.70533],[-123.55146,40.70546],[-123.5511,40.70576],[-123.55103,40.70587],[-123.551,40.70598],[-123.55101,40.70606],[-123.55107,40.7063],[-123.55105,40.70636],[-123.55102,40.70638],[-123.55093,40.70641],[-123.55084,40.70641],[-123.5507,40.7064],[-123.55056,40.70641],[-123.5505,40.70642],[-123.5502,40.70651],[-123.55009,40.70651],[-123.54975,40.70643],[-123.54958,40.70642],[-123.54941,40.70643],[-123.54929,40.70645],[-123.54908,40.70653],[-123.54891,40.70658],[-123.54847,40.70666],[-123.54821,40.70672],[-123.54814,40.70676],[-123.54808,40.70684],[-123.54807,40.70692],[-123.54808,40.70697],[-123.54813,40.70707],[-123.5482,40.70717],[-123.54827,40.70726],[-123.54836,40.70735],[-123.54846,40.70743],[-123.54861,40.70752],[-123.54883,40.70764],[-123.54898,40.70769],[-123.5491,40.70771],[-123.54924,40.70772],[-123.54941,40.70775],[-123.54967,40.70784],[-123.54997,40.70797],[-123.55005,40.70803],[-123.55015,40.7081],[-123.55031,40.70827],[-123.55044,40.70834],[-123.55061,40.7084],[-123.55082,40.70844],[-123.55097,40.70849],[-123.55111,40.70854],[-123.55139,40.7087],[-123.55159,40.70877],[-123.55169,40.70877],[-123.55216,40.70876],[-123.55243,40.70874],[-123.55251,40.70874],[-123.5526,40.70877],[-123.55267,40.70883],[-123.55292,40.7092],[-123.55293,40.70928],[-123.5529,40.70934],[-123.55285,40.70944],[-123.55284,40.70955],[-123.55287,40.70964],[-123.55295,40.70979],[-123.55307,40.70993],[-123.55323,40.71007],[-123.5533,40.71012],[-123.55351,40.71021],[-123.55361,40.71024],[-123.55375,40.71025],[-123.55389,40.71022],[-123.55401,40.71017],[-123.55409,40.71011],[-123.55418,40.71004],[-123.55429,40.70991],[-123.55432,40.70985],[-123.55454,40.70961],[-123.55473,40.70943],[-123.55493,40.70918],[-123.55509,40.70887],[-123.55523,40.70867],[-123.55532,40.70859],[-123.55546,40.70852],[-123.55559,40.70846],[-123.55598,40.70822],[-123.55624,40.70799],[-123.55632,40.70794],[-123.55657,40.70787],[-123.55667,40.70781],[-123.55684,40.70762],[-123.55716,40.70732],[-123.55741,40.70705],[-123.55752,40.70698],[-123.55778,40.7069],[-123.55817,40.70679],[-123.55825,40.70675],[-123.55835,40.70662],[-123.5584,40.70654],[-123.55864,40.70585],[-123.55874,40.70569],[-123.55886,40.70551],[-123.55888,40.70547],[-123.55897,40.70537],[-123.55905,40.70521],[-123.55918,40.70491],[-123.55936,40.70464],[-123.55943,40.70456],[-123.55975,40.70429]]}},{"type":"Feature","properties":{"name":"Lake Mountain Road","road_class":"unclassified","surface":"unpaved","source":"Caltrans All Roads + OpenStreetMap explicit surface","source_detail":"osm way 10278445; Caltrans All Roads public-network geometry match","source_tile":"160/385","public_network_source":"Caltrans All Roads (ARNOLD/HPMS)","surface_source":"OpenStreetMap explicit surface tag","caltrans_match_coverage":1.0,"verified_length_m":1527},"geometry":{"type":"LineString","coordinates":[[-123.54424,40.68442],[-123.54451,40.68467],[-123.54464,40.68477],[-123.54506,40.68502],[-123.54514,40.68508],[-123.54522,40.68516],[-123.54543,40.68543],[-123.54555,40.68556],[-123.54568,40.68565],[-123.54573,40.68569],[-123.54575,40.68575],[-123.54574,40.68591],[-123.54571,40.68604],[-123.54567,40.68613],[-123.54568,40.68622],[-123.54572,40.68631],[-123.54579,40.68637],[-123.54587,40.6864],[-123.54603,40.68642],[-123.54652,40.68654],[-123.5471,40.68671],[-123.54716,40.68674],[-123.54717,40.68676],[-123.54721,40.68681],[-123.54721,40.68688],[-123.54718,40.68721],[-123.54719,40.68738],[-123.54721,40.68747],[-123.54727,40.68755],[-123.54736,40.68762],[-123.54747,40.68767],[-123.5477,40.68772],[-123.54777,40.68775],[-123.54802,40.68792],[-123.54817,40.68805],[-123.54846,40.68831],[-123.54857,40.68837],[-123.54872,40.6884],[-123.54886,40.68839],[-123.549,40.68835],[-123.54923,40.68824],[-123.54934,40.68822],[-123.54943,40.68822],[-123.54952,40.68825],[-123.54966,40.68831],[-123.55006,40.68842],[-123.55026,40.6885],[-123.55051,40.68863],[-123.5506,40.68866],[-123.55094,40.68876],[-123.5511,40.68883],[-123.55121,40.6889],[-123.55133,40.68901],[-123.5514,40.6891],[-123.55146,40.68919],[-123.5515,40.68928],[-123.55154,40.68938],[-123.55156,40.68953],[-123.55157,40.68978],[-123.55156,40.68998],[-123.55154,40.69007],[-123.55152,40.69014],[-123.55143,40.69028],[-123.55137,40.69034],[-123.55128,40.69042],[-123.55111,40.69055],[-123.551,40.69065],[-123.55095,40.69073],[-123.55095,40.69081],[-123.55097,40.69096],[-123.55098,40.69105],[-123.551,40.69115],[-123.55098,40.69123],[-123.5508,40.69155],[-123.55077,40.69166],[-123.55077,40.69177],[-123.55079,40.69187],[-123.55083,40.69197],[-123.55082,40.69204],[-123.55077,40.6921],[-123.55051,40.69224],[-123.55037,40.69234],[-123.55023,40.69245],[-123.54999,40.69273],[-123.54985,40.69291],[-123.54969,40.6931],[-123.54945,40.69335],[-123.5494,40.69343],[-123.54937,40.69351],[-123.54938,40.69369],[-123.54935,40.69377],[-123.5493,40.69383],[-123.54909,40.69406]]}},{"type":"Feature","properties":{"name":"Junker's Road","road_class":"unclassified","surface":"unpaved","source":"Caltrans All Roads + OpenStreetMap explicit surface","source_detail":"osm way 10279684; Caltrans All Roads public-network geometry match","source_tile":"160/385","public_network_source":"Caltrans All Roads (ARNOLD/HPMS)","surface_source":"OpenStreetMap explicit surface tag","caltrans_match_coverage":1.0,"verified_length_m":751},"geometry":{"type":"LineString","coordinates":[[-123.54954,40.70071],[-123.54949,40.70082],[-123.54943,40.70097],[-123.54931,40.70122],[-123.54925,40.70131],[-123.549,40.70183],[-123.54893,40.70191],[-123.54885,40.70198],[-123.54875,40.70204],[-123.54864,40.70207],[-123.54852,40.70209],[-123.54813,40.70208],[-123.54794,40.70205],[-123.54777,40.70199],[-123.54769,40.70194],[-123.54727,40.70169],[-123.54714,40.70158],[-123.54704,40.70145],[-123.54696,40.70128],[-123.54692,40.70114],[-123.54689,40.70099],[-123.54688,40.70079],[-123.54685,40.70067],[-123.54678,40.70056],[-123.54653,40.70028],[-123.54643,40.70019],[-123.54634,40.70007],[-123.54624,40.69992],[-123.54617,40.69979],[-123.54607,40.69969],[-123.54596,40.6996],[-123.54587,40.69956],[-123.54571,40.69951],[-123.54563,40.69951],[-123.54555,40.69952],[-123.54546,40.69957],[-123.5453,40.69974],[-123.54504,40.69993],[-123.54488,40.70009],[-123.54475,40.70018],[-123.54464,40.70025],[-123.54447,40.70032],[-123.54422,40.70033]]}},{"type":"Feature","properties":{"name":"FR 4N20","road_class":"unclassified","surface":"unpaved","source":"Caltrans All Roads + OpenStreetMap explicit surface","source_detail":"osm way 10639532; Caltrans All Roads public-network geometry match","source_tile":"160/385","public_network_source":"Caltrans All Roads (ARNOLD/HPMS)","surface_source":"OpenStreetMap explicit surface tag","caltrans_match_coverage":1.0,"verified_length_m":1096},"geometry":{"type":"LineString","coordinates":[[-123.54559,40.67562],[-123.54497,40.67518],[-123.54467,40.67503],[-123.54445,40.67501],[-123.54394,40.67504],[-123.54308,40.67531],[-123.54245,40.67564],[-123.54147,40.6758],[-123.54123,40.67609],[-123.5411,40.67643],[-123.54109,40.67708],[-123.54144,40.67743],[-123.54141,40.6777],[-123.54102,40.67787],[-123.53923,40.67831],[-123.53884,40.67865],[-123.53875,40.67905],[-123.53889,40.67935],[-123.53891,40.67991],[-123.53868,40.68027],[-123.53816,40.68032]]}},{"type":"Feature","properties":{"name":"FR 4N20","road_class":"unclassified","surface":"unpaved","source":"Caltrans All Roads + OpenStreetMap explicit surface","source_detail":"osm way 10642749; Caltrans All Roads public-network geometry match","source_tile":"160/385","public_network_source":"Caltrans All Roads (ARNOLD/HPMS)","surface_source":"OpenStreetMap explicit surface tag","caltrans_match_coverage":1.0,"verified_length_m":1124},"geometry":{"type":"LineString","coordinates":[[-123.53816,40.68032],[-123.53819,40.68113],[-123.53769,40.68155],[-123.53688,40.68257],[-123.53686,40.68279],[-123.53825,40.68433],[-123.5384,40.68457],[-123.5388,40.68467],[-123.53962,40.68484],[-123.54046,40.68473],[-123.54092,40.6846],[-123.54151,40.68392],[-123.54172,40.68381],[-123.542,40.68383],[-123.54278,40.68415],[-123.54335,40.68394],[-123.54373,40.68402],[-123.54424,40.68442]]}},{"type":"Feature","properties":{"name":"Grapevine Creek Road","road_class":"unclassified","surface":"unpaved","source":"Caltrans All Roads + OpenStreetMap explicit surface","source_detail":"osm way 10645032; Caltrans All Roads public-network geometry match","source_tile":"160/385","public_network_source":"Caltrans All Roads (ARNOLD/HPMS)","surface_source":"OpenStreetMap explicit surface tag","caltrans_match_coverage":1.0,"verified_length_m":2001},"geometry":{"type":"LineString","coordinates":[[-123.54422,40.70033],[-123.54385,40.7003],[-123.5432,40.70003],[-123.5427,40.70005],[-123.54214,40.6998],[-123.54156,40.69981],[-123.5411,40.69966],[-123.54069,40.69971],[-123.54028,40.69963],[-123.54,40.69946],[-123.53963,40.699],[-123.53952,40.69856],[-123.53938,40.69841],[-123.53876,40.69821],[-123.53829,40.69797],[-123.5372,40.69688],[-123.53716,40.69644],[-123.53713,40.69624],[-123.53637,40.69579],[-123.5358,40.69568],[-123.53512,40.69571],[-123.53478,40.69595],[-123.53495,40.69654],[-123.53485,40.69688],[-123.53456,40.6972],[-123.53449,40.69744],[-123.53464,40.69775],[-123.53464,40.69847],[-123.53445,40.69909],[-123.53228,40.70023],[-123.53206,40.70064],[-123.53177,40.70084],[-123.5315,40.70068],[-123.53118,40.70038],[-123.53083,40.7003],[-123.53057,40.70029],[-123.53035,40.7005],[-123.53039,40.70072],[-123.53074,40.70086],[-123.53101,40.70107],[-123.53095,40.70127]]}},{"type":"Feature","properties":{"name":"Manzanita Ranch Road","road_class":"unclassified","surface":"unpaved","source":"Caltrans All Roads + OpenStreetMap explicit surface","source_detail":"osm way 10646548; Caltrans All Roads public-network geometry match","source_tile":"160/385","public_network_source":"Caltrans All Roads (ARNOLD/HPMS)","surface_source":"OpenStreetMap explicit surface tag","caltrans_match_coverage":1.0,"verified_length_m":1042},"geometry":{"type":"LineString","coordinates":[[-123.52721,40.70989],[-123.52691,40.71081],[-123.52666,40.71045],[-123.52384,40.70886],[-123.52393,40.70858],[-123.52429,40.70833],[-123.52571,40.70785],[-123.52709,40.70801],[-123.52775,40.70854],[-123.52811,40.70895],[-123.52811,40.70932],[-123.52721,40.70989]]}},{"type":"Feature","properties":{"name":"East Garrett Road","road_class":"unclassified","surface":"unpaved","source":"Caltrans All Roads + OpenStreetMap explicit surface","source_detail":"osm way 10647338; Caltrans All Roads public-network geometry match","source_tile":"160/385","public_network_source":"Caltrans All Roads (ARNOLD/HPMS)","surface_source":"OpenStreetMap explicit surface tag","caltrans_match_coverage":0.988,"verified_length_m":697},"geometry":{"type":"LineString","coordinates":[[-123.47344,40.63797],[-123.47361,40.63826],[-123.4738,40.63846],[-123.47406,40.63872],[-123.47424,40.63891],[-123.47436,40.63908],[-123.4745,40.63931],[-123.4746,40.63956],[-123.47462,40.63979],[-123.47456,40.64005],[-123.47442,40.64033],[-123.47434,40.64056],[-123.47432,40.6407],[-123.47433,40.64083],[-123.47437,40.64097],[-123.47442,40.64108],[-123.47453,40.64119],[-123.47461,40.64126],[-123.47474,40.64132],[-123.47486,40.64134],[-123.47512,40.64138],[-123.47529,40.64144],[-123.47539,40.6415],[-123.47546,40.6416],[-123.47551,40.64173],[-123.47553,40.64189],[-123.47573,40.6423],[-123.47579,40.64253],[-123.47579,40.6427],[-123.47572,40.64303],[-123.4757,40.64322],[-123.47595,40.64338]]}},{"type":"Feature","properties":{"name":"Saint John Road","road_class":"unclassified","surface":"unpaved","source":"Caltrans All Roads + OpenStreetMap explicit surface","source_detail":"osm way 10647796; Caltrans All Roads public-network geometry match","source_tile":"160/385","public_network_source":"Caltrans All Roads (ARNOLD/HPMS)","surface_source":"OpenStreetMap explicit surface tag","caltrans_match_coverage":1.0,"verified_length_m":9943},"geometry":{"type":"LineString","coordinates":[[-123.44067,40.56329],[-123.44077,40.56332],[-123.44088,40.56339],[-123.44106,40.56355],[-123.44115,40.56371],[-123.44125,40.56386],[-123.4414,40.56427],[-123.44152,40.56471],[-123.44157,40.56532],[-123.44147,40.56595],[-123.44141,40.56649],[-123.44131,40.56662],[-123.44116,40.56679],[-123.4411,40.56698],[-123.44113,40.56721],[-123.44124,40.56769],[-123.4414,40.56808],[-123.44144,40.5686],[-123.44146,40.5689],[-123.44137,40.56916],[-123.44102,40.56959],[-123.44049,40.56996],[-123.4404,40.57008],[-123.44034,40.57017],[-123.44036,40.5703],[-123.44049,40.57043],[-123.44118,40.5708],[-123.44189,40.57094],[-123.44261,40.57105],[-123.44281,40.5711],[-123.44297,40.57116],[-123.44331,40.57137],[-123.4437,40.57168],[-123.44395,40.57194],[-123.44402,40.57206],[-123.44404,40.57214],[-123.44402,40.57224],[-123.44396,40.57233],[-123.44382,40.5724],[-123.44358,40.57248],[-123.44339,40.57261],[-123.44311,40.57287],[-123.44285,40.57305],[-123.44174,40.5737],[-123.44149,40.57379],[-123.44095,40.57383],[-123.44078,40.57392],[-123.4407,40.574],[-123.44073,40.57408],[-123.4407,40.57426],[-123.44061,40.57441],[-123.44044,40.57459],[-123.44007,40.57475],[-123.43976,40.57485],[-123.43954,40.57489],[-123.43929,40.57489],[-123.43899,40.57479],[-123.43878,40.57462],[-123.4384,40.57415],[-123.43762,40.57343],[-123.43697,40.57289],[-123.43647,40.57231],[-123.43592,40.572],[-123.43511,40.57171],[-123.43451,40.57158],[-123.43352,40.57148],[-123.43333,40.57151],[-123.43293,40.57167],[-123.43273,40.57173],[-123.43257,40.57175],[-123.43243,40.5717],[-123.43225,40.57167],[-123.43205,40.57166],[-123.43193,40.57168],[-123.43185,40.57172],[-123.43167,40.57182],[-123.43146,40.57187],[-123.43102,40.57191],[-123.43047,40.57194],[-123.43006,40.57189],[-123.42984,40.57186],[-123.42949,40.5719],[-123.4291,40.57187],[-123.42871,40.57177],[-123.42828,40.57178],[-123.4279,40.57181],[-123.42782,40.57184],[-123.4278,40.5719],[-123.4278,40.57196],[-123.42789,40.57203],[-123.42842,40.57213],[-123.42888,40.57222],[-123.42912,40.5723],[-123.4296,40.57239],[-123.43034,40.57241],[-123.43117,40.57261],[-123.43134,40.57276],[-123.43141,40.57305],[-123.43139,40.57326],[-123.43129,40.57348],[-123.43127,40.57357],[-123.43132,40.57378],[-123.43132,40.57399],[-123.43128,40.57412],[-123.43121,40.57418],[-123.43114,40.57422],[-123.43099,40.57423],[-123.43082,40.57417],[-123.43071,40.57407],[-123.43057,40.57395],[-123.43047,40.57378],[-123.43044,40.57363],[-123.43043,40.57344],[-123.43043,40.57331],[-123.43042,40.57325],[-123.43037,40.5732],[-123.43029,40.57315],[-123.43016,40.57314],[-123.43002,40.57318],[-123.42962,40.5734],[-123.42924,40.57354],[-123.42893,40.57361],[-123.42851,40.57367],[-123.42807,40.57366],[-123.42755,40.57366],[-123.42712,40.57374],[-123.42679,40.57384],[-123.42631,40.57408],[-123.42615,40.57418],[-123.42605,40.57421],[-123.42595,40.57424],[-123.42587,40.57422],[-123.42573,40.57414],[-123.42551,40.57383],[-123.42532,40.57333],[-123.42526,40.57303],[-123.42518,40.57294],[-123.42508,40.57289],[-123.42494,40.57288],[-123.42482,40.57291],[-123.4247,40.57299],[-123.42464,40.57311],[-123.42457,40.57329],[-123.42459,40.57351],[-123.42463,40.57373],[-123.42461,40.57396],[-123.42454,40.57412],[-123.42451,40.57428],[-123.42451,40.57439],[-123.42456,40.57453],[-123.42467,40.57472],[-123.42469,40.57485],[-123.42472,40.57507],[-123.42478,40.57517],[-123.42484,40.57525],[-123.42493,40.57531],[-123.42503,40.57535],[-123.42515,40.57534],[-123.42531,40.57529],[-123.42539,40.57521],[-123.42549,40.57516],[-123.42563,40.57513],[-123.42574,40.57515],[-123.42584,40.57517],[-123.42592,40.57524],[-123.42595,40.57532],[-123.42594,40.57544],[-123.42586,40.57554],[-123.42581,40.57564],[-123.42583,40.57572],[-123.42587,40.57579],[-123.42596,40.57584],[-123.42605,40.57591],[-123.42616,40.57606],[-123.42628,40.57618],[-123.42658,40.57635],[-123.42664,40.57639],[-123.4267,40.57646],[-123.42672,40.57654],[-123.42672,40.57661],[-123.42668,40.57669],[-123.42649,40.5768],[-123.42629,40.57691],[-123.42607,40.57705],[-123.42589,40.57722],[-123.42575,40.57741],[-123.42572,40.57763],[-123.42574,40.57772],[-123.42621,40.57818],[-123.42629,40.57832],[-123.42628,40.57844],[-123.42624,40.5786],[-123.42617,40.57868],[-123.42614,40.57878],[-123.42615,40.57889],[-123.42622,40.57898],[-123.42632,40.57903],[-123.42645,40.57905],[-123.42662,40.57902],[-123.42674,40.57903],[-123.42687,40.57905],[-123.42698,40.57913],[-123.42703,40.57924],[-123.42704,40.57934],[-123.42702,40.57946],[-123.42695,40.57961],[-123.42669,40.58009],[-123.4264,40.58049],[-123.42623,40.58065],[-123.42619,40.58072],[-123.42625,40.58079],[-123.42643,40.58086],[-123.42668,40.58092],[-123.42712,40.58097],[-123.42722,40.581],[-123.4273,40.58106],[-123.42733,40.58119],[-123.4273,40.58133],[-123.42724,40.58148],[-123.42715,40.58165],[-123.42704,40.58189],[-123.42706,40.58208],[-123.42715,40.58235],[-123.42738,40.58268],[-123.42764,40.583],[-123.42791,40.58327],[-123.42801,40.58336],[-123.42805,40.5835],[-123.428,40.58366],[-123.42789,40.58385],[-123.42785,40.58402],[-123.42774,40.58414],[-123.42759,40.58422],[-123.42745,40.58424],[-123.42721,40.58425],[-123.42694,40.58425],[-123.42667,40.58431],[-123.42621,40.58452],[-123.42583,40.58488],[-123.42561,40.58523],[-123.42532,40.5854],[-123.42488,40.58567],[-123.42442,40.58612],[-123.42437,40.58617],[-123.42413,40.58638],[-123.42406,40.58649],[-123.42406,40.58661],[-123.42408,40.58673],[-123.42406,40.58689],[-123.42392,40.58723],[-123.4239,40.58746],[-123.42401,40.58826],[-123.42399,40.58836],[-123.42386,40.58868],[-123.42385,40.58876],[-123.42386,40.58884],[-123.42394,40.58896],[-123.42407,40.5891],[-123.42424,40.58919],[-123.42443,40.58925],[-123.42467,40.58929],[-123.42491,40.5893],[-123.42505,40.58933],[-123.42514,40.58943],[-123.4252,40.58958],[-123.42515,40.58976],[-123.42518,40.58988],[-123.42526,40.58996],[-123.42547,40.59004],[-123.42567,40.59009],[-123.42582,40.5901],[-123.42623,40.59005],[-123.42648,40.59004],[-123.42666,40.58995],[-123.42681,40.58984],[-123.42696,40.58979],[-123.42704,40.58981],[-123.42711,40.58986],[-123.42712,40.58992],[-123.427,40.59009],[-123.42676,40.59026],[-123.42663,40.59033],[-123.42643,40.59036],[-123.42629,40.59043],[-123.42611,40.59059],[-123.42593,40.59092],[-123.4258,40.59129],[-123.42576,40.59164],[-123.42573,40.59196],[-123.42572,40.59214],[-123.42576,40.59234],[-123.42573,40.59247],[-123.42563,40.59261],[-123.42548,40.59271],[-123.42521,40.59282],[-123.42497,40.59289],[-123.42483,40.59299],[-123.42471,40.59315],[-123.42456,40.59328],[-123.42443,40.59335],[-123.42425,40.5934],[-123.42411,40.59342],[-123.42398,40.59341],[-123.42381,40.59333],[-123.42367,40.59322],[-123.42356,40.59317],[-123.42335,40.59313],[-123.423,40.59312],[-123.42268,40.5931],[-123.42213,40.59308],[-123.42154,40.59303],[-123.42104,40.59298],[-123.42087,40.59299],[-123.42069,40.59307],[-123.4206,40.59316],[-123.42049,40.5933],[-123.41998,40.5936],[-123.41969,40.59381],[-123.41929,40.59412],[-123.41907,40.59428],[-123.41896,40.59442],[-123.41885,40.59464],[-123.41883,40.59476],[-123.41887,40.59488],[-123.41901,40.59502],[-123.41916,40.59514],[-123.41927,40.59522],[-123.41932,40.59533],[-123.41933,40.59544],[-123.41931,40.59558],[-123.41925,40.5957],[-123.41917,40.59581],[-123.41899,40.59596],[-123.41879,40.59611],[-123.41865,40.59626],[-123.41854,40.59636],[-123.41837,40.59645],[-123.41812,40.59653],[-123.41769,40.59663],[-123.41754,40.59664],[-123.41739,40.59662],[-123.41722,40.59661],[-123.41709,40.59666],[-123.41696,40.59674],[-123.41666,40.5971],[-123.41655,40.59719],[-123.41641,40.59728],[-123.41611,40.59741],[-123.41589,40.59743],[-123.41565,40.59743],[-123.41545,40.59739],[-123.41533,40.59738],[-123.41518,40.59746],[-123.41502,40.5976],[-123.41489,40.59766],[-123.41468,40.59771],[-123.41424,40.59774],[-123.41416,40.59775],[-123.41409,40.59778],[-123.41406,40.59784],[-123.41406,40.59791],[-123.41414,40.59799],[-123.41473,40.59824],[-123.41495,40.59834],[-123.41512,40.59845],[-123.41532,40.5987],[-123.41544,40.59892],[-123.41554,40.59902],[-123.41563,40.59909],[-123.41576,40.59911],[-123.41604,40.59913],[-123.41672,40.59913],[-123.41685,40.59916],[-123.41697,40.59921],[-123.41706,40.59926],[-123.41714,40.59933],[-123.41717,40.59943],[-123.41716,40.5995],[-123.41707,40.59963],[-123.41694,40.59972],[-123.41683,40.59978],[-123.41661,40.59987],[-123.4165,40.59996],[-123.41646,40.60004],[-123.41646,40.60024],[-123.41667,40.60073],[-123.41682,40.60097],[-123.41697,40.60112],[-123.41713,40.60118],[-123.41749,40.60133],[-123.41775,40.6015],[-123.41796,40.60171],[-123.4181,40.60197],[-123.41817,40.60214],[-123.41818,40.60234],[-123.41823,40.60251],[-123.41834,40.60266],[-123.4185,40.60276],[-123.41877,40.60289],[-123.41891,40.603],[-123.419,40.6031],[-123.41906,40.60321],[-123.41905,40.60333],[-123.41897,40.60351],[-123.41882,40.60364],[-123.41865,40.60382],[-123.41857,40.60393],[-123.41852,40.60408],[-123.41858,40.60425],[-123.41867,40.60432],[-123.41876,40.60443],[-123.41883,40.60457],[-123.41884,40.60473],[-123.41877,40.60492],[-123.41857,40.60525],[-123.41843,40.60566],[-123.4184,40.60661],[-123.41828,40.60706],[-123.41818,40.60723],[-123.41807,40.60735]]}},{"type":"Feature","properties":{"name":"Pilot Ridge Road","road_class":"unclassified","surface":"gravel","source":"Caltrans All Roads + OpenStreetMap explicit surface","source_detail":"osm way 430735414; Caltrans All Roads public-network geometry match","source_tile":"160/385","public_network_source":"Caltrans All Roads (ARNOLD/HPMS)","surface_source":"OpenStreetMap explicit surface tag","caltrans_match_coverage":1.0,"verified_length_m":800},"geometry":{"type":"LineString","coordinates":[[-123.63183,40.62584],[-123.63189,40.6258],[-123.63197,40.62565],[-123.63209,40.62549],[-123.63224,40.62538],[-123.63241,40.62527],[-123.63252,40.62522],[-123.63262,40.62519],[-123.63271,40.62513],[-123.63292,40.62491],[-123.63302,40.62485],[-123.63313,40.6248],[-123.63327,40.62476],[-123.63338,40.62476],[-123.63354,40.62478],[-123.63378,40.62487],[-123.63386,40.62488],[-123.63395,40.62487],[-123.63404,40.62482],[-123.63427,40.62461],[-123.63439,40.62456],[-123.63456,40.62455],[-123.63485,40.62458],[-123.63504,40.62463],[-123.6352,40.62466],[-123.63532,40.62471],[-123.63543,40.62472],[-123.63554,40.62471],[-123.63601,40.62452],[-123.63614,40.6245],[-123.63627,40.6245],[-123.63649,40.62456],[-123.63657,40.62457],[-123.63665,40.62455],[-123.63671,40.62451],[-123.63687,40.62424],[-123.63701,40.62398],[-123.63707,40.62392],[-123.63718,40.62383],[-123.63725,40.6238],[-123.63741,40.62377],[-123.63752,40.62377],[-123.63763,40.62379],[-123.63775,40.62379],[-123.63786,40.62377],[-123.63797,40.62371],[-123.63845,40.6235],[-123.63864,40.62332],[-123.63905,40.62308],[-123.63923,40.62296],[-123.63937,40.62291]]}},{"type":"Feature","properties":{"name":"Lake Mountain Road","road_class":"unclassified","surface":"unpaved","source":"Caltrans All Roads + OpenStreetMap explicit surface","source_detail":"osm way 1177959453; Caltrans All Roads public-network geometry match","source_tile":"160/385","public_network_source":"Caltrans All Roads (ARNOLD/HPMS)","surface_source":"OpenStreetMap explicit surface tag","caltrans_match_coverage":1.0,"verified_length_m":956},"geometry":{"type":"LineString","coordinates":[[-123.54909,40.69406],[-123.54887,40.69431],[-123.54844,40.69468],[-123.54828,40.69489],[-123.54811,40.69508],[-123.54801,40.69516],[-123.54794,40.69524],[-123.54786,40.69537],[-123.5478,40.69555],[-123.54769,40.69576],[-123.54766,40.69583],[-123.54765,40.69593],[-123.5476,40.69604],[-123.5475,40.69613],[-123.54715,40.69641],[-123.54698,40.69656],[-123.54695,40.69664],[-123.54696,40.69672],[-123.54704,40.69681],[-123.54716,40.69688],[-123.54728,40.69693],[-123.54755,40.69707],[-123.5477,40.69712],[-123.54778,40.69714],[-123.54807,40.69718],[-123.54814,40.6972],[-123.5482,40.69725],[-123.5483,40.6974],[-123.54837,40.69752],[-123.54839,40.6976],[-123.54838,40.69771],[-123.54833,40.69781],[-123.54827,40.69787],[-123.54812,40.69798],[-123.54807,40.69805],[-123.54798,40.69826],[-123.54779,40.69856],[-123.54777,40.69863],[-123.5478,40.6987],[-123.54787,40.69876],[-123.54799,40.69882],[-123.54815,40.69887],[-123.54822,40.69893],[-123.54825,40.699],[-123.54824,40.69906],[-123.5482,40.69922],[-123.54818,40.69937],[-123.54819,40.69947],[-123.54823,40.69956],[-123.54829,40.69965],[-123.54838,40.69973],[-123.54852,40.6998],[-123.5486,40.69988],[-123.54864,40.69997],[-123.54865,40.70007],[-123.54863,40.70015],[-123.54865,40.70025],[-123.54871,40.70034],[-123.54881,40.70041],[-123.54892,40.70046],[-123.54917,40.70049],[-123.54931,40.70052],[-123.54939,40.70056],[-123.54946,40.70065],[-123.54954,40.70071]]}},{"type":"Feature","properties":{"name":"Black Bennet Road","road_class":"unclassified","surface":"unpaved","source":"Caltrans All Roads + OpenStreetMap explicit surface","source_detail":"osm way 1177959454; Caltrans All Roads public-network geometry match","source_tile":"160/385","public_network_source":"Caltrans All Roads (ARNOLD/HPMS)","surface_source":"OpenStreetMap explicit surface tag","caltrans_match_coverage":1.0,"verified_length_m":1485},"geometry":{"type":"LineString","coordinates":[[-123.55975,40.70429],[-123.56013,40.70402],[-123.5603,40.70392],[-123.56038,40.70371],[-123.56026,40.70344],[-123.56009,40.70329],[-123.56006,40.70317],[-123.56006,40.70304],[-123.5601,40.70291],[-123.56015,40.70283],[-123.56022,40.70275],[-123.56029,40.7027],[-123.56064,40.70249],[-123.56084,40.70239],[-123.56094,40.70235],[-123.56105,40.70234],[-123.56121,40.70235],[-123.56143,40.7024],[-123.56157,40.70245],[-123.56162,40.70248],[-123.56174,40.70261],[-123.56189,40.70271],[-123.56198,40.70279],[-123.56203,40.70283],[-123.56216,40.7029],[-123.56228,40.70294],[-123.5624,40.70298],[-123.56253,40.70301],[-123.56276,40.70304],[-123.56338,40.70319],[-123.56391,40.70331],[-123.56447,40.70346],[-123.56513,40.70361],[-123.56526,40.70368],[-123.56536,40.70378],[-123.56553,40.70403],[-123.56569,40.7043],[-123.56573,40.70443],[-123.56578,40.70467],[-123.56587,40.70479],[-123.56597,40.70487],[-123.56607,40.70494],[-123.56618,40.70504],[-123.56621,40.70509],[-123.56623,40.70519],[-123.56623,40.70524],[-123.56619,40.7054],[-123.56619,40.70547],[-123.56642,40.70588],[-123.56653,40.70599],[-123.5668,40.70623],[-123.56688,40.70628],[-123.56693,40.70636],[-123.56695,40.70657],[-123.56703,40.70693],[-123.56705,40.70707],[-123.56704,40.70717],[-123.56691,40.70736],[-123.56684,40.70747],[-123.56681,40.70759],[-123.5668,40.70771],[-123.56675,40.70793],[-123.56675,40.70811],[-123.5668,40.70851],[-123.56687,40.70879],[-123.56696,40.70909],[-123.56701,40.7092],[-123.56708,40.70939],[-123.5671,40.70954],[-123.56708,40.70969],[-123.56701,40.70986],[-123.56698,40.7101],[-123.56699,40.7104],[-123.56701,40.71048]]}},{"type":"Feature","properties":{"name":"FR 4N20","road_class":"track","surface":"unpaved","source":"Caltrans All Roads + OpenStreetMap explicit surface","source_detail":"osm way 1177959459; Caltrans All Roads public-network geometry match","source_tile":"160/385","public_network_source":"Caltrans All Roads (ARNOLD/HPMS)","surface_source":"OpenStreetMap explicit surface tag","caltrans_match_coverage":1.0,"verified_length_m":2362},"geometry":{"type":"LineString","coordinates":[[-123.54559,40.67562],[-123.54592,40.67582],[-123.54604,40.67588],[-123.54611,40.67591],[-123.54636,40.67601],[-123.54646,40.67608],[-123.54665,40.67623],[-123.54672,40.67627],[-123.5472,40.6765],[-123.54732,40.67658],[-123.5474,40.67667],[-123.54748,40.67674],[-123.54757,40.67679],[-123.54771,40.67682],[-123.5478,40.67686],[-123.54786,40.67691],[-123.54791,40.67697],[-123.54799,40.67732],[-123.54803,40.67738],[-123.54811,40.67746],[-123.54823,40.67752],[-123.54848,40.67757],[-123.54875,40.6776],[-123.54908,40.67762],[-123.54924,40.67764],[-123.54938,40.67769],[-123.5495,40.67772],[-123.54961,40.67773],[-123.54973,40.67772],[-123.54988,40.67768],[-123.55011,40.67759],[-123.55027,40.6775],[-123.55039,40.67741],[-123.55051,40.67733],[-123.55064,40.67729],[-123.55075,40.67728],[-123.55086,40.67724],[-123.55096,40.67719],[-123.55104,40.67712],[-123.5511,40.67704],[-123.55112,40.67698],[-123.55113,40.67679],[-123.55116,40.67667],[-123.55122,40.67657],[-123.55131,40.67648],[-123.55139,40.67642],[-123.55154,40.67636],[-123.55173,40.6763],[-123.55183,40.67625],[-123.55187,40.67622],[-123.5519,40.6761],[-123.55189,40.67593],[-123.55192,40.67583],[-123.55194,40.6758],[-123.55213,40.67564],[-123.55224,40.67556],[-123.55234,40.67544],[-123.55238,40.67535],[-123.55239,40.67525],[-123.5524,40.67497],[-123.55243,40.67487],[-123.55252,40.67473],[-123.55267,40.67424],[-123.55267,40.67419],[-123.55266,40.67407],[-123.55271,40.67384],[-123.55285,40.67357],[-123.55303,40.67336],[-123.55313,40.67328],[-123.5532,40.67324],[-123.55344,40.67306],[-123.55353,40.67298],[-123.55356,40.67292],[-123.55357,40.67287],[-123.55365,40.67271],[-123.55369,40.67267],[-123.55381,40.67258],[-123.55388,40.6725],[-123.55404,40.67216],[-123.55411,40.67189],[-123.55417,40.67179],[-123.55426,40.67161],[-123.55439,40.67143],[-123.55454,40.67127],[-123.5547,40.67114],[-123.55491,40.67099],[-123.55502,40.6709],[-123.55506,40.67083],[-123.55518,40.67062],[-123.55519,40.67058],[-123.55518,40.67045],[-123.55515,40.67027],[-123.55511,40.67016],[-123.55508,40.66995],[-123.55509,40.66983],[-123.55514,40.66973],[-123.5553,40.66951],[-123.55539,40.66925],[-123.55541,40.66909],[-123.55542,40.66898],[-123.55547,40.66873],[-123.55547,40.66861],[-123.5555,40.66843],[-123.55557,40.66826],[-123.55563,40.66817],[-123.55567,40.66814],[-123.55576,40.6681],[-123.55581,40.66805],[-123.55582,40.66801],[-123.55581,40.66796],[-123.55583,40.66788],[-123.55585,40.66786],[-123.55606,40.66779],[-123.55616,40.66774],[-123.5562,40.6677],[-123.55622,40.66765],[-123.55622,40.6676],[-123.5562,40.6675],[-123.55621,40.66739],[-123.55624,40.66732],[-123.55624,40.66727],[-123.55619,40.66694],[-123.5562,40.66675],[-123.5563,40.66642],[-123.55631,40.6663],[-123.55627,40.66618],[-123.55618,40.66602],[-123.55614,40.66592],[-123.55613,40.66584],[-123.55612,40.66543],[-123.55611,40.66531],[-123.55612,40.66526],[-123.55615,40.66523],[-123.55618,40.66522],[-123.55637,40.6652],[-123.55652,40.66516],[-123.55677,40.66505],[-123.55683,40.66501],[-123.55686,40.66496],[-123.55685,40.66491],[-123.55675,40.66476],[-123.55677,40.66457],[-123.5568,40.66449],[-123.55687,40.66437],[-123.5571,40.66417],[-123.55722,40.66409],[-123.5574,40.66401],[-123.55762,40.66392],[-123.55778,40.66387],[-123.55793,40.66385],[-123.55835,40.66386],[-123.55856,40.66384],[-123.55867,40.66381]]}},{"type":"Feature","properties":{"name":"(unnamed public road)","road_class":"track","surface":"ground","source":"Caltrans All Roads + OpenStreetMap explicit surface","source_detail":"osm way 1182113403; Caltrans All Roads public-network geometry match","source_tile":"160/385","public_network_source":"Caltrans All Roads (ARNOLD/HPMS)","surface_source":"OpenStreetMap explicit surface tag","caltrans_match_coverage":0.969,"verified_length_m":1374},"geometry":{"type":"LineString","coordinates":[[-123.5774,40.45041],[-123.57765,40.45048],[-123.57778,40.45043],[-123.57802,40.45029],[-123.57817,40.45012],[-123.57833,40.45012],[-123.57849,40.45014],[-123.57933,40.45036],[-123.57956,40.45045],[-123.57979,40.45055],[-123.57987,40.4506],[-123.57993,40.45065],[-123.58019,40.45096],[-123.58024,40.451],[-123.58048,40.45116],[-123.58065,40.45129],[-123.58075,40.45136],[-123.58108,40.45156],[-123.58122,40.45163],[-123.58137,40.45169],[-123.58161,40.45175],[-123.58176,40.45178],[-123.58194,40.45185],[-123.58203,40.45189],[-123.58222,40.45202],[-123.58242,40.45219],[-123.58293,40.45258],[-123.58311,40.45268],[-123.58327,40.45273],[-123.58367,40.45283],[-123.58378,40.45285],[-123.58391,40.45284],[-123.58397,40.45282],[-123.58418,40.45282],[-123.58438,40.45286],[-123.58476,40.45298],[-123.5849,40.45301],[-123.58561,40.45311],[-123.58588,40.45316],[-123.58616,40.45325],[-123.58631,40.45328],[-123.58655,40.45327],[-123.587,40.45325],[-123.58712,40.45325],[-123.58793,40.45337],[-123.58802,40.45341],[-123.58809,40.45346],[-123.58817,40.45354],[-123.58818,40.45362],[-123.58817,40.4537],[-123.58814,40.45377],[-123.58813,40.45386],[-123.58818,40.45398],[-123.58829,40.45412],[-123.58843,40.45423],[-123.58856,40.45443],[-123.58893,40.45479],[-123.58917,40.45497],[-123.58947,40.45515],[-123.5896,40.45524],[-123.58975,40.45541],[-123.58988,40.45557],[-123.59011,40.45591]]}},{"type":"Feature","properties":{"name":"Hastings Road","road_class":"unclassified","surface":"gravel","source":"Caltrans All Roads + OpenStreetMap explicit surface","source_detail":"osm way 1293100481; Caltrans All Roads public-network geometry match","source_tile":"160/385","public_network_source":"Caltrans All Roads (ARNOLD/HPMS)","surface_source":"OpenStreetMap explicit surface tag","caltrans_match_coverage":1.0,"verified_length_m":2127},"geometry":{"type":"LineString","coordinates":[[-123.52139,40.51962],[-123.52137,40.51953],[-123.52126,40.51948],[-123.52096,40.51933],[-123.52077,40.5192],[-123.52061,40.51904],[-123.52044,40.51896],[-123.5201,40.51887],[-123.51992,40.51878],[-123.51941,40.51843],[-123.51912,40.51835],[-123.51848,40.51829],[-123.51825,40.51823],[-123.51798,40.5182],[-123.51771,40.51817],[-123.51752,40.51809],[-123.51684,40.51776],[-123.51641,40.51754],[-123.51589,40.51713],[-123.51575,40.51707],[-123.51548,40.517],[-123.51498,40.51667],[-123.51469,40.51634],[-123.51448,40.51602],[-123.51422,40.5158],[-123.51384,40.5155],[-123.51366,40.51544],[-123.51272,40.51471],[-123.51264,40.5146],[-123.51255,40.51447],[-123.51217,40.51367],[-123.51196,40.51312],[-123.51186,40.51257],[-123.51166,40.51203],[-123.51139,40.51169],[-123.51096,40.51149],[-123.51067,40.51129],[-123.51055,40.51108],[-123.51033,40.51059],[-123.51036,40.51028],[-123.51025,40.51003],[-123.51004,40.50979],[-123.50978,40.50957],[-123.50951,40.5093],[-123.50921,40.50886],[-123.50905,40.50862],[-123.50879,40.50845],[-123.50847,40.50831],[-123.50811,40.50813],[-123.50758,40.5079],[-123.50721,40.50762],[-123.5068,40.50716],[-123.50657,40.50686],[-123.50644,40.50654],[-123.50642,40.5062],[-123.50643,40.50587],[-123.5064,40.5058],[-123.50633,40.50577]]}},{"type":"Feature","properties":{"name":"Kerlin Creek Road","road_class":"unclassified","surface":"gravel","source":"Caltrans All Roads + OpenStreetMap explicit surface","source_detail":"osm way 1293452731; Caltrans All Roads public-network geometry match","source_tile":"160/385","public_network_source":"Caltrans All Roads (ARNOLD/HPMS)","surface_source":"OpenStreetMap explicit surface tag","caltrans_match_coverage":1.0,"verified_length_m":9177},"geometry":{"type":"LineString","coordinates":[[-123.47653,40.62007],[-123.47672,40.6198],[-123.47699,40.61967],[-123.47718,40.61947],[-123.4773,40.61931],[-123.47733,40.61914],[-123.47728,40.61904],[-123.47717,40.61897],[-123.47703,40.61892],[-123.47693,40.61885],[-123.47688,40.61876],[-123.47689,40.61866],[-123.47706,40.61844],[-123.47725,40.6183],[-123.47748,40.6181],[-123.47758,40.61796],[-123.4776,40.61783],[-123.47751,40.61769],[-123.4775,40.61757],[-123.47754,40.61748],[-123.47766,40.61741],[-123.4779,40.61738],[-123.4782,40.61742],[-123.47832,40.6174],[-123.47903,40.61703],[-123.47934,40.61701],[-123.47977,40.61704],[-123.48002,40.61701],[-123.48081,40.61687],[-123.48107,40.61677],[-123.4814,40.61651],[-123.48156,40.61635],[-123.48169,40.61633],[-123.48182,40.61636],[-123.48253,40.61694],[-123.48264,40.61698],[-123.48276,40.61699],[-123.48287,40.61697],[-123.48336,40.61678],[-123.48356,40.61676],[-123.48378,40.61679],[-123.4841,40.61695],[-123.48426,40.61696],[-123.48442,40.61693],[-123.48481,40.6168],[-123.48518,40.61657],[-123.48595,40.61633],[-123.48645,40.61623],[-123.48705,40.61606],[-123.48738,40.61592],[-123.48785,40.61546],[-123.48821,40.61519],[-123.48865,40.61505],[-123.48899,40.61507],[-123.48924,40.61515],[-123.48979,40.61543],[-123.49022,40.61557],[-123.49073,40.61594],[-123.49097,40.61649],[-123.49113,40.61679],[-123.49169,40.61723],[-123.49203,40.61741],[-123.49249,40.61747],[-123.4929,40.6178],[-123.493,40.61799],[-123.49317,40.61854],[-123.49344,40.6188],[-123.49399,40.61921],[-123.49455,40.61946],[-123.4948,40.61957],[-123.49507,40.61973],[-123.49535,40.61983],[-123.49573,40.61989],[-123.497,40.61991],[-123.49734,40.61989],[-123.4977,40.61984],[-123.49842,40.61957],[-123.49934,40.6193],[-123.50009,40.61923],[-123.50064,40.61936],[-123.50116,40.61965],[-123.50132,40.61979],[-123.50128,40.61998],[-123.5012,40.6201],[-123.50096,40.62018],[-123.50051,40.62015],[-123.50012,40.62027],[-123.49977,40.62042],[-123.49951,40.62081],[-123.49942,40.62114],[-123.49948,40.6216],[-123.49965,40.62195],[-123.4998,40.62217],[-123.49989,40.6225],[-123.49981,40.62278],[-123.49929,40.62314],[-123.49912,40.62368],[-123.49898,40.62423],[-123.49875,40.62456],[-123.49875,40.62474],[-123.49884,40.6249],[-123.49903,40.62496],[-123.49927,40.62493],[-123.4995,40.62485],[-123.50064,40.62433],[-123.50174,40.62403],[-123.50219,40.62397],[-123.50245,40.62403],[-123.50253,40.62419],[-123.50251,40.62441],[-123.50238,40.6246],[-123.50206,40.6248],[-123.50192,40.62498],[-123.50193,40.62515],[-123.50209,40.62534],[-123.50225,40.6254],[-123.50241,40.62541],[-123.50257,40.62536],[-123.50271,40.62527],[-123.50296,40.62484],[-123.50312,40.62467],[-123.50337,40.62455],[-123.50356,40.62451],[-123.50378,40.62454],[-123.50403,40.62467],[-123.50435,40.62478],[-123.50464,40.62483],[-123.50539,40.62474],[-123.50581,40.62476],[-123.50619,40.62482],[-123.50654,40.62502],[-123.50671,40.62517],[-123.50681,40.62538],[-123.50688,40.62564],[-123.50681,40.62605],[-123.50664,40.62623],[-123.50643,40.6264],[-123.50627,40.62648],[-123.50494,40.62666],[-123.50468,40.62675],[-123.50455,40.62691],[-123.50456,40.62706],[-123.50473,40.62721],[-123.50497,40.62734],[-123.50537,40.62748],[-123.50632,40.62799],[-123.50684,40.62806],[-123.50754,40.62813],[-123.50848,40.62827],[-123.50897,40.62831],[-123.50953,40.62826],[-123.50999,40.62828],[-123.51023,40.62834],[-123.51077,40.62858],[-123.51103,40.62864],[-123.51124,40.62858],[-123.51139,40.62843],[-123.51151,40.62807],[-123.51171,40.62763],[-123.51156,40.62708],[-123.51158,40.62659],[-123.51172,40.62645],[-123.51195,40.62631],[-123.51221,40.62627],[-123.51235,40.62631],[-123.51281,40.62674],[-123.51325,40.62704],[-123.51336,40.62719],[-123.51355,40.62728],[-123.51376,40.62731],[-123.51399,40.62729],[-123.51412,40.62723],[-123.51422,40.62705],[-123.51428,40.62674],[-123.51435,40.62604],[-123.5145,40.62585],[-123.51493,40.62574],[-123.51529,40.6258],[-123.51549,40.62592],[-123.51571,40.62656],[-123.516,40.62715],[-123.5161,40.62741],[-123.51613,40.6278],[-123.5159,40.62836],[-123.51588,40.62861],[-123.51592,40.62886],[-123.5161,40.62905],[-123.51651,40.62924],[-123.51702,40.62934],[-123.51711,40.62948],[-123.51712,40.62964],[-123.51689,40.63015],[-123.51689,40.63039],[-123.5172,40.63098],[-123.51758,40.63135],[-123.51789,40.63152],[-123.51806,40.63157],[-123.51829,40.63167],[-123.51841,40.63186],[-123.51826,40.63214],[-123.51815,40.63229],[-123.51803,40.63274],[-123.51809,40.63307],[-123.51824,40.63335],[-123.5185,40.63359],[-123.51873,40.63388],[-123.51885,40.63395],[-123.5191,40.63399],[-123.51942,40.63398],[-123.51974,40.63389],[-123.52048,40.63357],[-123.52094,40.63353],[-123.52136,40.63337],[-123.52189,40.63319],[-123.52218,40.63315],[-123.52247,40.6329],[-123.52276,40.63285],[-123.52292,40.63291],[-123.52348,40.63278],[-123.52362,40.6328],[-123.52371,40.63289],[-123.5239,40.63328],[-123.52408,40.63342],[-123.52425,40.6335],[-123.52492,40.63359],[-123.52515,40.63366],[-123.52537,40.63383],[-123.52586,40.63424],[-123.52606,40.63433],[-123.52642,40.63438],[-123.52682,40.63433],[-123.52761,40.63421],[-123.52821,40.63392],[-123.52836,40.63393],[-123.52849,40.63398],[-123.52874,40.63423],[-123.52915,40.63455],[-123.52936,40.63462],[-123.52964,40.63461],[-123.52989,40.63457],[-123.53019,40.63462],[-123.53036,40.63457],[-123.53046,40.63451],[-123.53049,40.63439],[-123.53032,40.634],[-123.53023,40.63368],[-123.52989,40.63314],[-123.52984,40.63297],[-123.52989,40.63273],[-123.53004,40.63261],[-123.53019,40.63241],[-123.53027,40.63203],[-123.53035,40.63187],[-123.53056,40.63166],[-123.53083,40.63155],[-123.53141,40.6315],[-123.53163,40.63153],[-123.53222,40.63186],[-123.53269,40.63215],[-123.53285,40.63219],[-123.53304,40.63217],[-123.53351,40.63197],[-123.53373,40.63197],[-123.53388,40.63208],[-123.53392,40.63221],[-123.53387,40.63249],[-123.5339,40.63255],[-123.53404,40.63261],[-123.53504,40.63244]]}},{"type":"Feature","properties":{"name":"Mad River Rock Road","road_class":"unclassified","surface":"unpaved","source":"Caltrans All Roads + OpenStreetMap explicit surface","source_detail":"osm way 10645863; Caltrans All Roads public-network geometry match","source_tile":"160/386","public_network_source":"Caltrans All Roads (ARNOLD/HPMS)","surface_source":"OpenStreetMap explicit surface tag","caltrans_match_coverage":1.0,"verified_length_m":14348},"geometry":{"type":"LineString","coordinates":[[-123.46686,40.35779],[-123.46707,40.358],[-123.46742,40.35827],[-123.46752,40.35849],[-123.46731,40.35899],[-123.46717,40.35956],[-123.46703,40.35969],[-123.46658,40.35985],[-123.46639,40.36042],[-123.46593,40.36077],[-123.46583,40.36102],[-123.46594,40.36131],[-123.46586,40.3618],[-123.46593,40.36201],[-123.46636,40.36266],[-123.46661,40.36319],[-123.46689,40.36406],[-123.46749,40.36478],[-123.46785,40.36535],[-123.46811,40.36651],[-123.46879,40.36714],[-123.46897,40.36751],[-123.46901,40.36794],[-123.46893,40.36827],[-123.46898,40.36912],[-123.46917,40.36973],[-123.46978,40.37049],[-123.47045,40.37105],[-123.47071,40.37154],[-123.47186,40.37254],[-123.47244,40.37286],[-123.47389,40.37336],[-123.47474,40.37384],[-123.4758,40.37401],[-123.47706,40.37473],[-123.4773,40.37487],[-123.47757,40.37523],[-123.47778,40.37558],[-123.47791,40.37609],[-123.47741,40.37691],[-123.47715,40.37714],[-123.4771,40.37731],[-123.47734,40.3774],[-123.47769,40.37729],[-123.47807,40.37728],[-123.47839,40.37756],[-123.47854,40.37797],[-123.47868,40.37944],[-123.47879,40.38001],[-123.47904,40.38044],[-123.47996,40.38138],[-123.48037,40.38192],[-123.48041,40.38226],[-123.48031,40.38261],[-123.48038,40.38281],[-123.48085,40.38333],[-123.48091,40.38347],[-123.48105,40.38381],[-123.48183,40.38477],[-123.48227,40.38494],[-123.48265,40.38515],[-123.4828,40.38542],[-123.4827,40.38587],[-123.48276,40.38605],[-123.48298,40.38617],[-123.48347,40.38626],[-123.4839,40.38621],[-123.48426,40.38653],[-123.48422,40.38685],[-123.48465,40.3873],[-123.48548,40.38755],[-123.48645,40.38821],[-123.48871,40.38936],[-123.48936,40.38992],[-123.49002,40.39069],[-123.49048,40.39096],[-123.49062,40.39162],[-123.49103,40.39246],[-123.49129,40.39267],[-123.49183,40.39283],[-123.49205,40.39298],[-123.49211,40.39321],[-123.49233,40.39357],[-123.49231,40.3941],[-123.49188,40.3944],[-123.49182,40.39464],[-123.49199,40.39497],[-123.49208,40.39531],[-123.49194,40.39564],[-123.49199,40.39589],[-123.49212,40.39627],[-123.49255,40.39666],[-123.49246,40.39701],[-123.49253,40.39809],[-123.49221,40.39847],[-123.49222,40.39882],[-123.49231,40.39948],[-123.49278,40.40016],[-123.49326,40.4006],[-123.49398,40.40104],[-123.49486,40.40143],[-123.49509,40.40169],[-123.49509,40.4021],[-123.49515,40.40228],[-123.49554,40.40245],[-123.49617,40.40259],[-123.49674,40.40275],[-123.49699,40.4033],[-123.49728,40.40364],[-123.4975,40.40396],[-123.49756,40.40404],[-123.49757,40.40451],[-123.49711,40.40481],[-123.49653,40.40492],[-123.49565,40.40468],[-123.49512,40.40466],[-123.49464,40.40431],[-123.4945,40.40442],[-123.49458,40.40471],[-123.49401,40.40531],[-123.49366,40.40554],[-123.49334,40.40602],[-123.49271,40.40618],[-123.49237,40.40643],[-123.49216,40.40696],[-123.49164,40.40777],[-123.49161,40.40848],[-123.4917,40.40907],[-123.49157,40.40952],[-123.49158,40.40979],[-123.49177,40.4104],[-123.49169,40.41108],[-123.49151,40.41151],[-123.49154,40.4122],[-123.49196,40.41259],[-123.49235,40.41321],[-123.49236,40.41362],[-123.4916,40.41438],[-123.49157,40.41469],[-123.49196,40.41533],[-123.49245,40.41601],[-123.49278,40.41666],[-123.49294,40.41683],[-123.49358,40.41689],[-123.49443,40.41732],[-123.49476,40.41745],[-123.49545,40.41761],[-123.49603,40.41767],[-123.49619,40.41777],[-123.49683,40.41914],[-123.49775,40.42001],[-123.49843,40.42031],[-123.49927,40.42089],[-123.4996,40.42135],[-123.49977,40.42236],[-123.49947,40.42325],[-123.49892,40.42438],[-123.49873,40.42485],[-123.49885,40.42563],[-123.49905,40.42603],[-123.49932,40.4264],[-123.49986,40.42694],[-123.5,40.42724],[-123.50004,40.42781],[-123.49958,40.4286],[-123.49951,40.4291],[-123.49958,40.42953],[-123.50001,40.43043],[-123.50013,40.43073],[-123.50055,40.43115],[-123.50102,40.43125],[-123.50167,40.43143],[-123.50244,40.43196],[-123.50288,40.43276],[-123.50305,40.4329],[-123.50302,40.43303],[-123.50361,40.43391],[-123.50407,40.4342],[-123.50447,40.4346],[-123.50457,40.43507],[-123.50516,40.43599],[-123.50585,40.43655],[-123.50605,40.43707],[-123.50629,40.43754],[-123.50705,40.43795],[-123.50752,40.43852],[-123.50773,40.43898],[-123.50817,40.43978],[-123.50864,40.44031],[-123.50943,40.44097],[-123.5105,40.44161],[-123.51092,40.44189],[-123.51111,40.4423],[-123.51125,40.4426],[-123.51189,40.44339],[-123.513,40.44473],[-123.51378,40.44527],[-123.51409,40.4456],[-123.51443,40.44643],[-123.51497,40.44682],[-123.51603,40.44741],[-123.51618,40.44759],[-123.51628,40.44782],[-123.5164,40.44806],[-123.51647,40.44912],[-123.51666,40.44998],[-123.51652,40.45063],[-123.51684,40.45117],[-123.51694,40.45147],[-123.51701,40.45205],[-123.51715,40.4524],[-123.51758,40.45279],[-123.51832,40.45305],[-123.51874,40.45339],[-123.519,40.45376],[-123.51936,40.45447],[-123.51929,40.4548],[-123.51947,40.4551],[-123.5201,40.4553],[-123.52073,40.45656],[-123.52091,40.45681],[-123.52147,40.45707],[-123.52197,40.45761],[-123.52215,40.45806],[-123.52281,40.45858],[-123.52273,40.45882],[-123.52293,40.45898],[-123.52372,40.45961],[-123.52379,40.45972],[-123.52373,40.45987],[-123.52352,40.45999]]}},{"type":"Feature","properties":{"name":"Crook Ridge Road","road_class":"track","surface":"ground","source":"Caltrans All Roads + OpenStreetMap explicit surface","source_detail":"osm way 10647135; Caltrans All Roads public-network geometry match","source_tile":"160/386","public_network_source":"Caltrans All Roads (ARNOLD/HPMS)","surface_source":"OpenStreetMap explicit surface tag","caltrans_match_coverage":1.0,"verified_length_m":15916},"geometry":{"type":"LineString","coordinates":[[-123.51762,40.41472],[-123.5179,40.41484],[-123.51821,40.41487],[-123.51859,40.41475],[-123.5192,40.4145],[-123.51962,40.41411],[-123.52013,40.41415],[-123.52074,40.41433],[-123.52102,40.41439],[-123.5214,40.4144],[-123.52197,40.41455],[-123.52189,40.41487],[-123.5217,40.41513],[-123.52131,40.41559],[-123.5208,40.41599],[-123.52066,40.41627],[-123.52063,40.41651],[-123.52065,40.41672],[-123.52061,40.41714],[-123.52054,40.41735],[-123.52035,40.41762],[-123.52037,40.41779],[-123.52055,40.41786],[-123.5208,40.41783],[-123.52109,40.41771],[-123.52139,40.41742],[-123.52161,40.41698],[-123.522,40.41659],[-123.52221,40.41648],[-123.52231,40.41615],[-123.52248,40.41595],[-123.52268,40.41585],[-123.5232,40.41572],[-123.52347,40.41551],[-123.52374,40.4154],[-123.52394,40.41528],[-123.52405,40.41499],[-123.52428,40.41467],[-123.52452,40.41456],[-123.5248,40.41454],[-123.52497,40.41447],[-123.525,40.41432],[-123.52506,40.41408],[-123.52535,40.41394],[-123.52558,40.41391],[-123.5259,40.41395],[-123.52623,40.41403],[-123.52642,40.414],[-123.52661,40.4139],[-123.52683,40.41379],[-123.52703,40.41382],[-123.52715,40.41393],[-123.52736,40.41407],[-123.52751,40.41412],[-123.5277,40.41412],[-123.5279,40.41402],[-123.52808,40.41399],[-123.5283,40.41408],[-123.52845,40.41424],[-123.52856,40.41436],[-123.52868,40.4144],[-123.52882,40.41436],[-123.52902,40.41428],[-123.5292,40.41432],[-123.52933,40.41445],[-123.52945,40.41454],[-123.52965,40.41452],[-123.52999,40.41437],[-123.53029,40.41429],[-123.53056,40.41427],[-123.53074,40.41434],[-123.53095,40.41452],[-123.53109,40.41459],[-123.53123,40.41458],[-123.53139,40.41455],[-123.53168,40.41443],[-123.53189,40.41441],[-123.53202,40.41446],[-123.53215,40.41469],[-123.53232,40.41479],[-123.53246,40.41478],[-123.53255,40.41474],[-123.53286,40.41437],[-123.53304,40.41433],[-123.53332,40.41437],[-123.53354,40.41453],[-123.53375,40.41458],[-123.534,40.41456],[-123.53428,40.41466],[-123.53447,40.41483],[-123.53473,40.41496],[-123.53507,40.41503],[-123.53528,40.415],[-123.53561,40.4149],[-123.53588,40.41495],[-123.53618,40.41514],[-123.5366,40.41559],[-123.53719,40.41614],[-123.53785,40.41672],[-123.53787,40.41705],[-123.53799,40.41732],[-123.53848,40.41766],[-123.53937,40.4187],[-123.53933,40.41897],[-123.53934,40.4191],[-123.53956,40.41926],[-123.53981,40.41949],[-123.53995,40.41956],[-123.54029,40.41961],[-123.54052,40.41962],[-123.5409,40.41955],[-123.54102,40.41948],[-123.54106,40.41932],[-123.54118,40.41918],[-123.54151,40.41907],[-123.54169,40.41907],[-123.5418,40.41916],[-123.54194,40.41923],[-123.54212,40.41922],[-123.543,40.41887],[-123.54333,40.41865],[-123.54352,40.41857],[-123.54401,40.41854],[-123.5444,40.4185],[-123.54453,40.41838],[-123.54483,40.41789],[-123.54508,40.41763],[-123.54542,40.41752],[-123.54603,40.41749],[-123.54637,40.41754],[-123.54668,40.41765],[-123.54676,40.41769],[-123.54674,40.4178],[-123.54658,40.41801],[-123.54635,40.41824],[-123.5462,40.41863],[-123.54615,40.41897],[-123.54624,40.41932],[-123.54627,40.4201],[-123.54627,40.42068],[-123.54599,40.42108],[-123.54598,40.4214],[-123.54588,40.4216],[-123.54545,40.42187],[-123.54526,40.4221],[-123.54508,40.42251],[-123.54497,40.42273],[-123.54445,40.42287],[-123.54406,40.4231],[-123.54381,40.42325],[-123.54355,40.42331],[-123.54328,40.42348],[-123.54303,40.42387],[-123.54278,40.42419],[-123.54275,40.42456],[-123.54282,40.42496],[-123.5427,40.42502],[-123.54236,40.42524],[-123.54207,40.42541],[-123.54177,40.42551],[-123.54174,40.4256],[-123.54185,40.42581],[-123.542,40.42609],[-123.54189,40.42665],[-123.5419,40.42685],[-123.54208,40.42712],[-123.54227,40.42724],[-123.54239,40.42738],[-123.54237,40.4276],[-123.54221,40.42781],[-123.54216,40.42815],[-123.54223,40.42841],[-123.54235,40.42851],[-123.54258,40.42851],[-123.54291,40.42839],[-123.54327,40.42829],[-123.54356,40.42836],[-123.54375,40.42846],[-123.54385,40.42863],[-123.54381,40.42882],[-123.54388,40.42891],[-123.54389,40.42903],[-123.54378,40.42916],[-123.54378,40.42937],[-123.54391,40.42952],[-123.54422,40.42974],[-123.54442,40.42989],[-123.5446,40.43005],[-123.54469,40.43018],[-123.5447,40.43034],[-123.54473,40.43064],[-123.54486,40.43078],[-123.54504,40.43089],[-123.54577,40.43115],[-123.54582,40.43122],[-123.54583,40.43127],[-123.54577,40.43139],[-123.54564,40.43153],[-123.54514,40.43177],[-123.54494,40.43216],[-123.54479,40.43226],[-123.5445,40.4323],[-123.54422,40.43232],[-123.54403,40.43231],[-123.54381,40.43218],[-123.54364,40.43191],[-123.54336,40.43134],[-123.54329,40.43117],[-123.54316,40.43103],[-123.54267,40.43067],[-123.5425,40.43044],[-123.54235,40.4303],[-123.54184,40.43014],[-123.54141,40.43008],[-123.54115,40.4301],[-123.54074,40.43028],[-123.54038,40.43034],[-123.54009,40.43036],[-123.53971,40.43027],[-123.53939,40.43012],[-123.53913,40.43008],[-123.53868,40.43025],[-123.53824,40.43068],[-123.53767,40.43099],[-123.53692,40.4313],[-123.53653,40.43138],[-123.53592,40.43144],[-123.53533,40.43141],[-123.53494,40.43132],[-123.53452,40.43134],[-123.53439,40.43153],[-123.53445,40.43169],[-123.53461,40.4318],[-123.53489,40.43185],[-123.53549,40.43187],[-123.53574,40.43197],[-123.53613,40.43203],[-123.53651,40.43214],[-123.53715,40.43243],[-123.53735,40.43248],[-123.53764,40.43244],[-123.53797,40.43246],[-123.53812,40.43251],[-123.53824,40.43263],[-123.53842,40.43299],[-123.53872,40.43334],[-123.53916,40.43353],[-123.53955,40.43363],[-123.53982,40.43365],[-123.53996,40.43376],[-123.53996,40.43396],[-123.53979,40.43428],[-123.53977,40.43455],[-123.53989,40.43474],[-123.54011,40.43486],[-123.54038,40.43488],[-123.54068,40.43493],[-123.54092,40.43506],[-123.54097,40.43522],[-123.54098,40.43571],[-123.54112,40.43597],[-123.54134,40.43612],[-123.54191,40.43625],[-123.54225,40.43627],[-123.54278,40.43627],[-123.54311,40.43632],[-123.5433,40.43649],[-123.54337,40.43664],[-123.54334,40.43689],[-123.54319,40.43719],[-123.54315,40.43742],[-123.54323,40.43763],[-123.54326,40.43792],[-123.54317,40.43804],[-123.54294,40.43813],[-123.54276,40.43826],[-123.54197,40.43919],[-123.54178,40.43952],[-123.54113,40.43995],[-123.54029,40.44069],[-123.54023,40.44088],[-123.54029,40.44116],[-123.54052,40.44141],[-123.54065,40.44164],[-123.54058,40.4418],[-123.5401,40.44238],[-123.53981,40.44287],[-123.53951,40.44319],[-123.53903,40.44343],[-123.53874,40.44369],[-123.53879,40.44398],[-123.53903,40.44433],[-123.5393,40.44456],[-123.53951,40.44469],[-123.53994,40.4449],[-123.54002,40.44502],[-123.53999,40.44519],[-123.53989,40.44539],[-123.53988,40.44565],[-123.54001,40.44583],[-123.54033,40.44601],[-123.54066,40.44627],[-123.54073,40.44688],[-123.5406,40.4473],[-123.54068,40.44778],[-123.5408,40.44809],[-123.54079,40.44867],[-123.54065,40.44901],[-123.54055,40.44985],[-123.54048,40.45008],[-123.54058,40.45069],[-123.54066,40.45119],[-123.54078,40.45149],[-123.54111,40.45172],[-123.54195,40.45181],[-123.54242,40.45179],[-123.54275,40.45164],[-123.54378,40.45156],[-123.54423,40.4516],[-123.54441,40.45153],[-123.54458,40.45152],[-123.54468,40.45156],[-123.54495,40.45169],[-123.54518,40.45177],[-123.5453,40.4518],[-123.54542,40.45182],[-123.54555,40.45182],[-123.54578,40.45181],[-123.54588,40.4518],[-123.546,40.45181],[-123.5461,40.45185],[-123.54626,40.45199],[-123.54634,40.45204],[-123.54645,40.45207],[-123.54666,40.4521],[-123.54696,40.45211],[-123.54711,40.45214],[-123.54718,40.4522],[-123.54722,40.45228],[-123.54727,40.45247],[-123.5473,40.45253],[-123.54744,40.45283],[-123.5476,40.45302],[-123.54777,40.4532],[-123.54792,40.45331],[-123.54809,40.45336],[-123.54827,40.45336],[-123.54842,40.45331],[-123.54857,40.45326],[-123.54869,40.45313],[-123.5489,40.45297],[-123.54904,40.45288],[-123.54957,40.45265],[-123.54975,40.4526],[-123.54998,40.45259],[-123.55011,40.4526],[-123.55036,40.45262],[-123.55091,40.45271],[-123.55114,40.45268],[-123.55124,40.45269],[-123.55137,40.45275],[-123.55153,40.45275],[-123.55155,40.45284],[-123.55147,40.45302],[-123.55157,40.45316],[-123.55174,40.45356],[-123.55185,40.4538],[-123.55194,40.45393],[-123.55204,40.45401],[-123.55221,40.45408],[-123.55235,40.45419],[-123.55244,40.45429],[-123.5525,40.45439],[-123.55259,40.4546],[-123.55259,40.4549],[-123.55269,40.45517],[-123.55269,40.45528],[-123.55268,40.45544],[-123.55262,40.45567],[-123.55257,40.45585],[-123.55245,40.45631],[-123.55237,40.4565],[-123.55229,40.45667],[-123.5522,40.4568],[-123.55208,40.45691],[-123.55194,40.45702],[-123.55185,40.45712],[-123.55173,40.45723],[-123.55169,40.4573],[-123.55165,40.45739],[-123.55167,40.45746],[-123.55171,40.45754],[-123.5518,40.45759],[-123.55194,40.45763],[-123.55212,40.45762],[-123.55259,40.45751],[-123.5528,40.4575],[-123.55294,40.45751],[-123.55308,40.45754],[-123.55327,40.45763],[-123.55338,40.45771],[-123.55346,40.4578],[-123.55353,40.45793],[-123.5536,40.45809],[-123.55364,40.45822],[-123.55369,40.45832],[-123.55384,40.45843],[-123.55434,40.45875],[-123.55444,40.45884],[-123.55466,40.45909],[-123.55481,40.45922],[-123.5549,40.45928],[-123.55514,40.45942],[-123.55528,40.45947],[-123.55566,40.45957],[-123.55577,40.45963],[-123.55592,40.45973],[-123.55606,40.45986],[-123.55613,40.45994],[-123.55619,40.46003],[-123.55623,40.46013],[-123.55626,40.46022],[-123.55629,40.46036],[-123.5563,40.46061],[-123.55627,40.46087],[-123.55628,40.46105],[-123.55642,40.4618],[-123.55647,40.46197],[-123.55655,40.46207],[-123.55664,40.46213],[-123.55755,40.46263],[-123.55775,40.4627],[-123.55802,40.46275],[-123.55814,40.46276],[-123.55827,40.46275],[-123.5584,40.46274],[-123.5586,40.46269],[-123.55947,40.46238],[-123.55982,40.46221],[-123.55996,40.46212],[-123.56014,40.46194],[-123.56025,40.46177],[-123.56034,40.46171],[-123.56044,40.46169],[-123.56053,40.46168],[-123.56065,40.46163],[-123.56073,40.46164],[-123.56086,40.46168],[-123.561,40.46171],[-123.56124,40.46172],[-123.56143,40.46174],[-123.56169,40.46174],[-123.56182,40.46172],[-123.56193,40.46168],[-123.56203,40.46163],[-123.56213,40.46155],[-123.56223,40.46151],[-123.56234,40.46149],[-123.56245,40.46148],[-123.56265,40.46148],[-123.56334,40.46153],[-123.56368,40.46158],[-123.56407,40.46168],[-123.56421,40.46174],[-123.56431,40.46181],[-123.56436,40.4619],[-123.56439,40.46198],[-123.5644,40.46219],[-123.56441,40.46228],[-123.56444,40.46236],[-123.5645,40.46249],[-123.56458,40.4626],[-123.56467,40.4627],[-123.56512,40.46307],[-123.56529,40.46319],[-123.56543,40.46326],[-123.5658,40.4634],[-123.56623,40.46353],[-123.56649,40.46363],[-123.56658,40.4637],[-123.56662,40.46375],[-123.56667,40.46391],[-123.56674,40.46416],[-123.5668,40.46428],[-123.56693,40.46447],[-123.56701,40.46455],[-123.5671,40.46462],[-123.56724,40.46464],[-123.56736,40.46457],[-123.56751,40.46435],[-123.56754,40.46421],[-123.56748,40.46412],[-123.56741,40.46403],[-123.56729,40.46393],[-123.5672,40.46383],[-123.567,40.46351],[-123.56679,40.46325],[-123.5667,40.4631],[-123.56656,40.46281],[-123.56651,40.46273],[-123.56645,40.46269],[-123.56631,40.46267],[-123.56611,40.46262],[-123.56597,40.46256],[-123.56592,40.46248],[-123.56587,40.46231],[-123.56586,40.46215],[-123.56591,40.46185],[-123.56593,40.46178],[-123.56601,40.46166],[-123.5661,40.46163],[-123.56633,40.46151],[-123.56642,40.46143],[-123.56648,40.46131],[-123.56649,40.46118],[-123.56647,40.46098],[-123.56647,40.4608],[-123.56653,40.46046],[-123.56656,40.46032],[-123.56666,40.46022],[-123.56679,40.46019],[-123.56693,40.46023],[-123.56704,40.46042],[-123.56704,40.46074],[-123.56712,40.46089],[-123.56721,40.46103],[-123.56733,40.46117],[-123.56743,40.46128],[-123.56748,40.46135],[-123.56752,40.46143],[-123.56753,40.46154],[-123.5675,40.46171],[-123.56741,40.46193],[-123.56742,40.46199],[-123.56747,40.46204],[-123.56771,40.46211],[-123.56789,40.46214],[-123.56793,40.46216],[-123.56797,40.46224],[-123.56802,40.46242],[-123.5682,40.46272],[-123.56842,40.463],[-123.56848,40.46312],[-123.56862,40.4634],[-123.5689,40.46379],[-123.5691,40.464],[-123.56923,40.46413],[-123.56931,40.46423],[-123.56944,40.46435],[-123.56954,40.4644],[-123.56966,40.46444],[-123.5698,40.46447],[-123.56994,40.46447],[-123.5702,40.46443],[-123.57034,40.46439],[-123.57047,40.46434],[-123.57061,40.46427],[-123.5707,40.4642],[-123.57076,40.46412],[-123.57082,40.46398],[-123.57087,40.46393],[-123.57098,40.46387],[-123.5712,40.46381],[-123.57134,40.46377],[-123.5715,40.46375],[-123.57176,40.46375],[-123.57196,40.46372],[-123.57208,40.46368],[-123.57239,40.46355],[-123.57247,40.46351],[-123.5726,40.46341],[-123.57267,40.46332],[-123.57275,40.46317],[-123.57282,40.46308],[-123.57303,40.46286],[-123.57312,40.4628],[-123.57327,40.46274],[-123.57344,40.4627],[-123.57358,40.46267],[-123.57371,40.46257],[-123.57375,40.46248],[-123.57368,40.46236],[-123.57357,40.46222],[-123.57356,40.46207],[-123.57357,40.46199],[-123.57368,40.46192],[-123.57384,40.46194],[-123.57402,40.46201],[-123.57415,40.46204],[-123.57428,40.46206],[-123.57438,40.46205],[-123.57448,40.46208],[-123.57458,40.46212],[-123.57479,40.46231],[-123.57496,40.4624],[-123.57506,40.46242],[-123.57515,40.46242],[-123.57524,40.46239],[-123.57531,40.46235],[-123.57541,40.46228],[-123.57557,40.46213],[-123.57577,40.462],[-123.57591,40.46196],[-123.57605,40.46196],[-123.57613,40.46199],[-123.57619,40.46204],[-123.5762,40.46211],[-123.57618,40.46216],[-123.57621,40.46238],[-123.57616,40.46258],[-123.57586,40.46299],[-123.57568,40.4635],[-123.57564,40.46373],[-123.57567,40.46386],[-123.57577,40.46402],[-123.57585,40.46408],[-123.57608,40.46417],[-123.57674,40.46423],[-123.57699,40.46429],[-123.57712,40.46433],[-123.57732,40.46441],[-123.57758,40.46455],[-123.57771,40.46465]]}},{"type":"Feature","properties":{"name":"Butter Creek Road","road_class":"unclassified","surface":"compacted","source":"Caltrans All Roads + OpenStreetMap explicit surface","source_detail":"osm way 10642757; Caltrans All Roads public-network geometry match","source_tile":"161/385","public_network_source":"Caltrans All Roads (ARNOLD/HPMS)","surface_source":"OpenStreetMap explicit surface tag","caltrans_match_coverage":0.99,"verified_length_m":11153},"geometry":{"type":"LineString","coordinates":[[-123.33082,40.57133],[-123.33111,40.57134],[-123.33158,40.57129],[-123.33193,40.57131],[-123.33242,40.57141],[-123.33296,40.57144],[-123.33329,40.57152],[-123.33352,40.57163],[-123.33389,40.57193],[-123.33408,40.57209],[-123.33446,40.57232],[-123.33474,40.57246],[-123.33504,40.57256],[-123.3354,40.57262],[-123.33586,40.57261],[-123.33613,40.57264],[-123.33653,40.5728],[-123.33698,40.57302],[-123.33879,40.57379],[-123.33902,40.57388],[-123.3393,40.57392],[-123.33951,40.57392],[-123.33964,40.57387],[-123.33988,40.57377],[-123.34025,40.57363],[-123.34042,40.57363],[-123.34066,40.57369],[-123.341,40.57388],[-123.3412,40.574],[-123.34132,40.57418],[-123.34161,40.57465],[-123.34186,40.57485],[-123.34208,40.57496],[-123.34223,40.57503],[-123.34259,40.57505],[-123.34293,40.57507],[-123.34319,40.57511],[-123.34343,40.5752],[-123.34365,40.57531],[-123.34463,40.57583],[-123.34494,40.57605],[-123.34504,40.5762],[-123.3451,40.5764],[-123.34503,40.57666],[-123.34513,40.57692],[-123.34534,40.57713],[-123.34569,40.57742],[-123.34616,40.57785],[-123.34674,40.57826],[-123.34695,40.57832],[-123.34897,40.57853],[-123.3492,40.57861],[-123.34944,40.57882],[-123.34992,40.57935],[-123.35019,40.57965],[-123.35041,40.57975],[-123.35062,40.57975],[-123.35107,40.57971],[-123.35153,40.57972],[-123.35179,40.57975],[-123.352,40.5799],[-123.35215,40.58012],[-123.35219,40.58058],[-123.35246,40.58118],[-123.35284,40.58188],[-123.353,40.58206],[-123.35338,40.58238],[-123.3536,40.5826],[-123.35363,40.58278],[-123.35363,40.58297],[-123.35344,40.58323],[-123.35327,40.58346],[-123.3532,40.58365],[-123.35331,40.58388],[-123.35347,40.58408],[-123.35363,40.58417],[-123.35384,40.58424],[-123.35489,40.58438],[-123.35512,40.58445],[-123.35536,40.58468],[-123.35548,40.58487],[-123.35552,40.58513],[-123.35543,40.58541],[-123.35531,40.58569],[-123.35511,40.58612],[-123.35497,40.58646],[-123.35485,40.58658],[-123.35468,40.58659],[-123.35418,40.5866],[-123.35384,40.58649],[-123.35356,40.5864],[-123.35328,40.58616],[-123.35254,40.58546],[-123.35233,40.58532],[-123.35205,40.5853],[-123.35186,40.58527],[-123.35166,40.58505],[-123.35141,40.58469],[-123.35107,40.58455],[-123.351,40.58445],[-123.35102,40.58432],[-123.35096,40.58415],[-123.35082,40.58405],[-123.35065,40.58408],[-123.3504,40.58407],[-123.35024,40.58395],[-123.34995,40.5836],[-123.34968,40.5834],[-123.34952,40.58336],[-123.34928,40.58333],[-123.34913,40.58335],[-123.34901,40.58347],[-123.34901,40.58358],[-123.34905,40.58373],[-123.34916,40.58406],[-123.3492,40.58446],[-123.34921,40.58472],[-123.34924,40.58493],[-123.34942,40.58538],[-123.34979,40.58588],[-123.35023,40.58633],[-123.35037,40.58653],[-123.35042,40.58676],[-123.35035,40.587],[-123.35028,40.58714],[-123.35022,40.58848],[-123.35027,40.58876],[-123.35032,40.58933],[-123.35054,40.58956],[-123.3507,40.58959],[-123.35106,40.58968],[-123.35127,40.58979],[-123.35159,40.59011],[-123.35172,40.59019],[-123.3519,40.59026],[-123.35213,40.59033],[-123.35229,40.59038],[-123.35242,40.59052],[-123.35243,40.59076],[-123.35243,40.5909],[-123.35249,40.59098],[-123.35266,40.59121],[-123.35282,40.59135],[-123.3532,40.5915],[-123.35346,40.59161],[-123.35358,40.59176],[-123.35373,40.5919],[-123.35406,40.59199],[-123.35425,40.592],[-123.35454,40.59195],[-123.35487,40.59188],[-123.35575,40.59152],[-123.35587,40.59148],[-123.35601,40.59146],[-123.3562,40.59142],[-123.35647,40.59144],[-123.3568,40.59155],[-123.35714,40.5916],[-123.35733,40.5916],[-123.35764,40.5916],[-123.35806,40.59158],[-123.35831,40.59154],[-123.35854,40.5915],[-123.35908,40.59109],[-123.35935,40.59094],[-123.36013,40.59081],[-123.36046,40.59077],[-123.36112,40.59084],[-123.36157,40.59092],[-123.36188,40.59091],[-123.36245,40.59083],[-123.36306,40.59076],[-123.36355,40.59064],[-123.3638,40.59053],[-123.36382,40.59052],[-123.36403,40.59048],[-123.36419,40.59047],[-123.36454,40.59058],[-123.36471,40.5906],[-123.36488,40.59054],[-123.36503,40.59044],[-123.3652,40.59048],[-123.36541,40.59058],[-123.3656,40.59074],[-123.36581,40.59114],[-123.36592,40.59124],[-123.36613,40.59121],[-123.36632,40.591],[-123.36649,40.59077],[-123.36675,40.59067],[-123.36707,40.59059],[-123.36752,40.59047],[-123.36789,40.59037],[-123.36849,40.59035],[-123.36869,40.59042],[-123.36876,40.59059],[-123.3687,40.59068],[-123.36857,40.5908],[-123.36848,40.59094],[-123.36848,40.59102],[-123.36851,40.5911],[-123.36869,40.59121],[-123.36894,40.59126],[-123.3692,40.59123],[-123.3696,40.59109],[-123.37041,40.5908],[-123.37064,40.59077],[-123.37082,40.59087],[-123.37077,40.59102],[-123.37071,40.5912],[-123.37083,40.59141],[-123.37112,40.59149],[-123.37158,40.59168],[-123.37171,40.59189],[-123.37192,40.59219],[-123.37201,40.59231],[-123.37212,40.59235],[-123.37235,40.59238],[-123.37264,40.59249],[-123.37282,40.5925],[-123.37304,40.59247],[-123.37325,40.59243],[-123.3738,40.59252],[-123.37416,40.5926],[-123.3745,40.59276],[-123.37471,40.59285],[-123.37493,40.593],[-123.37498,40.59315],[-123.37499,40.59333],[-123.37493,40.59343],[-123.37496,40.59353],[-123.37505,40.59357],[-123.37513,40.59356],[-123.37523,40.59355],[-123.37539,40.59345],[-123.37553,40.59336],[-123.37569,40.59333],[-123.37599,40.5936],[-123.37604,40.5937],[-123.37613,40.59384],[-123.37622,40.5939],[-123.37638,40.59397],[-123.37646,40.594],[-123.37655,40.59405],[-123.37672,40.59409],[-123.3769,40.59415],[-123.377,40.59422],[-123.37709,40.59429],[-123.37719,40.59429],[-123.37735,40.59428],[-123.3775,40.59422],[-123.37776,40.59413],[-123.37789,40.59413],[-123.3781,40.59414],[-123.37846,40.5942],[-123.3786,40.59426],[-123.37872,40.59433],[-123.37885,40.5944],[-123.37899,40.59438],[-123.37923,40.59439],[-123.3795,40.59436],[-123.37969,40.59428],[-123.37983,40.59418],[-123.37991,40.59404],[-123.38004,40.59397],[-123.38028,40.59366],[-123.38043,40.59343],[-123.3805,40.59329],[-123.3805,40.59307],[-123.38048,40.59288],[-123.38056,40.59277],[-123.38062,40.59274],[-123.38072,40.59273],[-123.3808,40.59273],[-123.3809,40.59276],[-123.38099,40.59282],[-123.38113,40.59289],[-123.38126,40.59296],[-123.38141,40.59315],[-123.3814,40.59334],[-123.38131,40.59364],[-123.38121,40.59392],[-123.38117,40.59413],[-123.38119,40.59424],[-123.38123,40.59434],[-123.3813,40.59441],[-123.38145,40.59449],[-123.38159,40.59455],[-123.38166,40.59462],[-123.38187,40.59489],[-123.38201,40.59496],[-123.38219,40.59498],[-123.38254,40.59495],[-123.38274,40.59495],[-123.38283,40.59497],[-123.38291,40.59505],[-123.38309,40.59541],[-123.3832,40.59564],[-123.38337,40.59575],[-123.38358,40.59582],[-123.38374,40.5958],[-123.38388,40.59575],[-123.38401,40.59564],[-123.38421,40.59562],[-123.38449,40.5956],[-123.38472,40.59561],[-123.38483,40.59565],[-123.38505,40.59576],[-123.38532,40.59591],[-123.38548,40.59603],[-123.38564,40.59622],[-123.38582,40.59647],[-123.38586,40.59656],[-123.38598,40.59687],[-123.38605,40.5972],[-123.38603,40.59741],[-123.38602,40.59768],[-123.3861,40.59776],[-123.38621,40.59784],[-123.38638,40.59784],[-123.3866,40.59779],[-123.38678,40.59779],[-123.38698,40.59783],[-123.38742,40.59792],[-123.38772,40.59792],[-123.38799,40.59792],[-123.38829,40.59789],[-123.38846,40.59786],[-123.3885,40.59788],[-123.38855,40.59793],[-123.38859,40.59802],[-123.3886,40.59828],[-123.38866,40.59845],[-123.3888,40.5986],[-123.389,40.59879],[-123.38924,40.59892],[-123.38955,40.59895],[-123.38969,40.59894],[-123.38988,40.59894],[-123.39014,40.59892],[-123.39033,40.5989],[-123.39052,40.59885],[-123.39068,40.59877],[-123.39078,40.59868],[-123.39085,40.59859],[-123.39091,40.59843],[-123.39101,40.59821],[-123.39119,40.59796],[-123.39128,40.59779],[-123.39131,40.59766],[-123.39124,40.59751],[-123.39121,40.5974],[-123.39122,40.59723],[-123.39133,40.597],[-123.39144,40.59683],[-123.39154,40.59672],[-123.39167,40.59662],[-123.39173,40.59654],[-123.39174,40.59645],[-123.39169,40.59634],[-123.39158,40.59625],[-123.39139,40.59617],[-123.39119,40.59617],[-123.39095,40.59622],[-123.39082,40.59625],[-123.39072,40.59625],[-123.39067,40.59622],[-123.39061,40.59616],[-123.3906,40.59605],[-123.39064,40.59587],[-123.39066,40.59579],[-123.3908,40.59561],[-123.39102,40.59546],[-123.3913,40.59534],[-123.39154,40.59523],[-123.39181,40.59507],[-123.39215,40.59477],[-123.39227,40.5946],[-123.39244,40.59441],[-123.39247,40.59425],[-123.39245,40.59415],[-123.39244,40.59405],[-123.39247,40.59398],[-123.39256,40.59393],[-123.39268,40.59392],[-123.3928,40.59396],[-123.39303,40.59402],[-123.39329,40.59407],[-123.39363,40.59411],[-123.39389,40.59413],[-123.39405,40.59413],[-123.39421,40.59409],[-123.3944,40.59404],[-123.3945,40.59398],[-123.39453,40.59387],[-123.39457,40.59372],[-123.39462,40.59362],[-123.39477,40.59355],[-123.39491,40.59353],[-123.39517,40.59356],[-123.3955,40.59358],[-123.39571,40.59353],[-123.3959,40.59342],[-123.39616,40.59325],[-123.39668,40.59283],[-123.39697,40.5926],[-123.39715,40.59252],[-123.39733,40.59245],[-123.39749,40.59238],[-123.39764,40.5923],[-123.39776,40.59222],[-123.39791,40.59216],[-123.3982,40.59212],[-123.39841,40.5921],[-123.3989,40.5921],[-123.39945,40.59218],[-123.3996,40.59219],[-123.39978,40.59219],[-123.39999,40.59213],[-123.40009,40.59209],[-123.40022,40.59196],[-123.40029,40.5919],[-123.40059,40.59182],[-123.40141,40.5916],[-123.40185,40.59151],[-123.40225,40.59136],[-123.40236,40.59126],[-123.40239,40.59117],[-123.40238,40.59109],[-123.40205,40.59071],[-123.40201,40.59063],[-123.40201,40.59055],[-123.40206,40.59046],[-123.40224,40.5904],[-123.40251,40.5903],[-123.40282,40.59025],[-123.40291,40.59021],[-123.40298,40.59009],[-123.40296,40.58995],[-123.40292,40.58974],[-123.40293,40.58963],[-123.40304,40.58957],[-123.40317,40.58953],[-123.40334,40.58949]]}}]}