{"type":"FeatureCollection","features":[{"type":"Feature","properties":{"name":"(unnamed public road)","road_class":"track","source":"OpenStreetMap","source_detail":"osm way 14326023","source_tile":"175/382","surface_inferred":true},"geometry":{"type":"LineString","coordinates":[[-118.45709,41.29584],[-118.45742,41.29608],[-118.45753,41.29615],[-118.45769,41.29624],[-118.45792,41.29637],[-118.45803,41.29644],[-118.4581,41.29651],[-118.45818,41.2966],[-118.45824,41.29668],[-118.45842,41.29707],[-118.45854,41.29722],[-118.45862,41.29727],[-118.45873,41.29728],[-118.45885,41.29728],[-118.45897,41.29724],[-118.4591,41.29717],[-118.4592,41.29708],[-118.45933,41.29693],[-118.4594,41.29685],[-118.45945,41.29676],[-118.45949,41.29667],[-118.45951,41.2965],[-118.4595,41.29642],[-118.45948,41.29636],[-118.45944,41.29631],[-118.45935,41.29621],[-118.45934,41.29617],[-118.45934,41.29613],[-118.45937,41.2961],[-118.45943,41.29604],[-118.45949,41.296],[-118.45956,41.29596],[-118.45965,41.29593],[-118.45973,41.2959],[-118.4598,41.29589],[-118.45986,41.29588],[-118.45991,41.29588],[-118.46023,41.29593],[-118.46042,41.29595],[-118.46061,41.29595],[-118.46083,41.29591],[-118.46108,41.29583],[-118.46133,41.2958],[-118.46182,41.29582],[-118.46205,41.29582],[-118.46234,41.29581],[-118.46271,41.29583],[-118.4628,41.29584],[-118.46294,41.29586],[-118.46328,41.29586],[-118.46336,41.29587],[-118.46344,41.29588],[-118.46351,41.29591],[-118.46378,41.29604],[-118.46395,41.29611],[-118.46447,41.29629],[-118.46465,41.29634],[-118.46482,41.2964],[-118.46514,41.29653],[-118.46546,41.29669],[-118.46589,41.29692],[-118.46631,41.2971],[-118.46665,41.29723],[-118.4668,41.29729],[-118.46706,41.29744],[-118.46721,41.29751],[-118.46735,41.29758],[-118.4678,41.29776],[-118.468,41.29784],[-118.46838,41.29794],[-118.46856,41.29801],[-118.46871,41.29808],[-118.46898,41.2982],[-118.46917,41.29831],[-118.46935,41.29843],[-118.46948,41.29852],[-118.46966,41.29861],[-118.46978,41.29865],[-118.4699,41.29869],[-118.47002,41.29871],[-118.47015,41.29873],[-118.4721,41.29877],[-118.47262,41.29875],[-118.47287,41.29872],[-118.47307,41.29871],[-118.47323,41.29872],[-118.47331,41.29873],[-118.47346,41.29874],[-118.47399,41.2987],[-118.47422,41.2987],[-118.47442,41.2987],[-118.47455,41.29871],[-118.47474,41.29873],[-118.47482,41.29874],[-118.4749,41.29874],[-118.47498,41.29873],[-118.47506,41.2987],[-118.47514,41.29867],[-118.47522,41.29865],[-118.47531,41.29864],[-118.47535,41.29864],[-118.47541,41.29865],[-118.4759,41.29877],[-118.47639,41.2989],[-118.47722,41.29913],[-118.47753,41.29919],[-118.47762,41.29922],[-118.47784,41.29931],[-118.478,41.29939],[-118.47808,41.29944],[-118.47824,41.2996],[-118.47844,41.29981],[-118.47852,41.29991],[-118.4786,41.3],[-118.47869,41.30006],[-118.47911,41.30028],[-118.47927,41.30039],[-118.47939,41.30049],[-118.47968,41.30073],[-118.47985,41.30085],[-118.48046,41.30131],[-118.48056,41.3014],[-118.48069,41.30147],[-118.481,41.30166],[-118.48108,41.30172],[-118.48115,41.30178],[-118.48124,41.30187],[-118.48145,41.30212],[-118.48153,41.30223],[-118.48164,41.30237],[-118.48171,41.30244],[-118.48218,41.30282],[-118.48224,41.30287],[-118.48237,41.30302],[-118.48244,41.30314],[-118.48251,41.30324],[-118.48287,41.30361],[-118.48293,41.30371],[-118.48308,41.30397],[-118.48314,41.30406],[-118.48322,41.30414],[-118.48334,41.30423],[-118.4835,41.30434],[-118.48358,41.3044],[-118.48362,41.30445],[-118.48367,41.30451],[-118.48371,41.30459],[-118.48387,41.30485],[-118.48408,41.30518],[-118.4842,41.30542],[-118.48424,41.30548],[-118.4843,41.30555],[-118.48437,41.30561],[-118.48446,41.30567],[-118.48454,41.30572],[-118.48481,41.30582],[-118.48489,41.30587],[-118.48495,41.30592],[-118.48507,41.30603],[-118.48518,41.30611],[-118.48537,41.30621],[-118.48546,41.30627],[-118.48553,41.30632],[-118.48557,41.30639],[-118.48572,41.30667],[-118.48576,41.30674],[-118.48583,41.3068],[-118.48591,41.30685],[-118.4861,41.30696],[-118.4864,41.30705],[-118.48689,41.30731],[-118.48732,41.30754],[-118.48755,41.30764],[-118.48769,41.30769],[-118.48778,41.3077],[-118.48795,41.30775],[-118.48807,41.30781],[-118.48813,41.30784],[-118.4883,41.30794],[-118.48837,41.30799],[-118.48848,41.30804],[-118.48858,41.30809],[-118.48867,41.30813],[-118.4888,41.30817],[-118.48906,41.3083]]}},{"type":"Feature","properties":{"name":"(unnamed public road)","road_class":"track","source":"OpenStreetMap","source_detail":"osm way 14331098","source_tile":"175/383","surface_inferred":true},"geometry":{"type":"LineString","coordinates":[[-118.46417,41.21124],[-118.46427,41.21129],[-118.46437,41.21134],[-118.46451,41.21137],[-118.46459,41.21145],[-118.46468,41.2115],[-118.46478,41.2115],[-118.46496,41.21146],[-118.46513,41.21142],[-118.46516,41.21141],[-118.46528,41.21134],[-118.4654,41.21124],[-118.46551,41.21115],[-118.46566,41.21113],[-118.46586,41.21114],[-118.46636,41.21132],[-118.46667,41.21176],[-118.46709,41.21239],[-118.46721,41.21254],[-118.46728,41.21266],[-118.46773,41.21329],[-118.46788,41.21347],[-118.46808,41.21377],[-118.46826,41.21409],[-118.46837,41.21426],[-118.46854,41.21449],[-118.46907,41.21524],[-118.46917,41.2154],[-118.46921,41.2155],[-118.46934,41.21571],[-118.47019,41.21691],[-118.4704,41.21726],[-118.47117,41.2184],[-118.47123,41.2185],[-118.4713,41.21865],[-118.47144,41.21901],[-118.47162,41.21939],[-118.47166,41.2195],[-118.47169,41.21963],[-118.47169,41.2197],[-118.47169,41.21981],[-118.47168,41.22019],[-118.47169,41.22029],[-118.47172,41.22046],[-118.47182,41.2209],[-118.47197,41.22148],[-118.47202,41.22163],[-118.47229,41.22226],[-118.47241,41.22254],[-118.47268,41.22318],[-118.47294,41.22377],[-118.47309,41.22414],[-118.47315,41.2243],[-118.47319,41.22445],[-118.47339,41.22522],[-118.47347,41.22561],[-118.47352,41.22607],[-118.47357,41.22639],[-118.47381,41.22744],[-118.4739,41.2277],[-118.47406,41.22831],[-118.47412,41.22857],[-118.47416,41.22874],[-118.47425,41.2293],[-118.47436,41.22985],[-118.47437,41.22992],[-118.47437,41.23002],[-118.47436,41.23009],[-118.47422,41.23062],[-118.47416,41.2309],[-118.47406,41.2314],[-118.47387,41.2321],[-118.47386,41.23218],[-118.47386,41.23228],[-118.47387,41.2324],[-118.47395,41.23271],[-118.47397,41.23283],[-118.47398,41.23292],[-118.47406,41.23454],[-118.47406,41.23482],[-118.47402,41.23531],[-118.47401,41.23567],[-118.47401,41.23604],[-118.47402,41.23624],[-118.47408,41.23654],[-118.47411,41.23666],[-118.47413,41.23676],[-118.47419,41.23698],[-118.47423,41.23715],[-118.47427,41.23735],[-118.4743,41.23758],[-118.47435,41.23778],[-118.47442,41.23799],[-118.4745,41.2382],[-118.47467,41.23858],[-118.47476,41.23887],[-118.4748,41.23899],[-118.47489,41.23919],[-118.47495,41.23938],[-118.47499,41.23955],[-118.475,41.23966],[-118.47501,41.24012],[-118.47503,41.24026],[-118.47505,41.24039],[-118.47508,41.24053],[-118.47514,41.24069],[-118.47521,41.24084],[-118.47535,41.24112],[-118.47547,41.24139],[-118.47551,41.24148],[-118.47558,41.24175],[-118.47561,41.24192],[-118.47564,41.24215],[-118.47564,41.24228],[-118.47563,41.24255],[-118.47562,41.24269],[-118.4756,41.24281],[-118.47549,41.24313],[-118.47548,41.24323],[-118.47547,41.2434],[-118.47549,41.24434],[-118.47551,41.24447],[-118.47555,41.24461],[-118.47563,41.24497],[-118.47571,41.2452],[-118.47579,41.24538],[-118.476,41.24575],[-118.47606,41.24588],[-118.4761,41.246],[-118.47615,41.24619],[-118.47616,41.24628],[-118.47616,41.24635],[-118.47613,41.24645],[-118.47609,41.24651],[-118.47588,41.24689],[-118.47583,41.24702],[-118.47578,41.24714],[-118.47576,41.24724],[-118.47576,41.2474],[-118.47584,41.24787],[-118.47585,41.24809],[-118.47584,41.2482],[-118.47581,41.24837],[-118.47576,41.24849],[-118.4757,41.24862],[-118.47561,41.24875],[-118.47553,41.24887],[-118.47545,41.24902],[-118.47542,41.24908],[-118.47541,41.24914],[-118.47541,41.24919],[-118.47541,41.24925],[-118.47542,41.2493],[-118.47545,41.24938],[-118.47569,41.24981],[-118.47571,41.24988],[-118.47573,41.24995],[-118.47573,41.25005],[-118.47572,41.25025],[-118.47567,41.25085],[-118.47565,41.25092],[-118.47562,41.25097],[-118.4755,41.25115],[-118.47548,41.25123],[-118.47548,41.25135],[-118.4755,41.25143],[-118.47552,41.2515],[-118.47555,41.25156],[-118.47572,41.25176],[-118.47578,41.25184],[-118.47581,41.25189],[-118.47589,41.25207],[-118.47599,41.25261],[-118.47599,41.25269],[-118.47597,41.25282],[-118.47589,41.25309],[-118.47586,41.25322],[-118.47584,41.25336],[-118.47583,41.2535],[-118.47576,41.25382],[-118.47575,41.25391],[-118.47574,41.25406],[-118.47574,41.2542],[-118.47576,41.2545],[-118.47579,41.25468],[-118.47589,41.25525],[-118.4759,41.25536],[-118.47589,41.25545],[-118.47588,41.2557],[-118.47589,41.2559],[-118.47591,41.25604],[-118.47598,41.25631],[-118.47606,41.2565],[-118.47614,41.25675],[-118.47622,41.25698],[-118.47628,41.2571],[-118.47641,41.25727],[-118.47658,41.25756],[-118.47669,41.25776],[-118.47674,41.25798],[-118.47675,41.25814],[-118.47675,41.25828],[-118.47674,41.25843],[-118.4767,41.25864],[-118.47664,41.25883],[-118.47661,41.25888],[-118.47658,41.25894],[-118.4765,41.25902],[-118.47639,41.25912],[-118.4763,41.25923],[-118.47627,41.25928],[-118.47625,41.25933],[-118.47625,41.25939],[-118.47625,41.25951],[-118.47627,41.25966],[-118.4763,41.25977],[-118.47634,41.25988],[-118.47638,41.25994],[-118.47642,41.25999],[-118.47646,41.26002],[-118.47649,41.26007],[-118.47651,41.26011],[-118.4765,41.2603],[-118.47647,41.26052],[-118.47639,41.26085],[-118.47636,41.26094],[-118.47626,41.2611],[-118.47612,41.26133],[-118.47602,41.26146],[-118.47596,41.26158],[-118.47578,41.26184],[-118.47571,41.26196],[-118.47563,41.26214],[-118.47554,41.26235],[-118.4754,41.26274],[-118.47536,41.26295],[-118.47532,41.2632],[-118.47521,41.26381],[-118.47517,41.26394],[-118.47514,41.26403],[-118.47508,41.26419],[-118.475,41.26442],[-118.47494,41.26462],[-118.47472,41.26522],[-118.47458,41.26557],[-118.47446,41.26592],[-118.47427,41.26644],[-118.47401,41.2672],[-118.47391,41.26745],[-118.47356,41.26817],[-118.47346,41.26834],[-118.47336,41.26847],[-118.47313,41.26877],[-118.47298,41.26894],[-118.47258,41.26927],[-118.47245,41.26937],[-118.47231,41.26952],[-118.47204,41.26985],[-118.472,41.26989],[-118.47195,41.26992],[-118.47167,41.27009],[-118.47153,41.27019],[-118.47136,41.27034],[-118.47088,41.27071],[-118.47069,41.27088],[-118.47061,41.27097],[-118.47055,41.27107],[-118.47049,41.27117],[-118.47045,41.27128],[-118.47043,41.2714],[-118.4704,41.27173],[-118.47039,41.27181],[-118.47035,41.27191],[-118.47029,41.27205],[-118.47022,41.27217],[-118.47003,41.27247],[-118.46991,41.27266],[-118.46977,41.27293],[-118.46967,41.27316],[-118.46958,41.27336],[-118.46953,41.27352],[-118.46947,41.27371],[-118.46945,41.27383],[-118.46942,41.27413],[-118.46935,41.27481],[-118.46934,41.27496],[-118.46933,41.27509],[-118.4693,41.27521],[-118.46925,41.27529],[-118.46889,41.27578],[-118.46881,41.2759],[-118.46871,41.27614],[-118.46867,41.2762],[-118.46859,41.27627],[-118.46848,41.27637],[-118.46838,41.27647],[-118.46825,41.27661],[-118.46818,41.27674],[-118.46808,41.27692],[-118.46787,41.27745],[-118.4678,41.27765],[-118.46775,41.27791],[-118.46772,41.278],[-118.46768,41.27808],[-118.4676,41.27827],[-118.46752,41.27844],[-118.46744,41.27867],[-118.46741,41.2789],[-118.46738,41.27941],[-118.4674,41.27962],[-118.46745,41.28015],[-118.46744,41.28046],[-118.46739,41.2806],[-118.46732,41.28071],[-118.46721,41.28086],[-118.46706,41.28109],[-118.46679,41.28146],[-118.46662,41.28177],[-118.46647,41.28202],[-118.46623,41.28235],[-118.46608,41.28254],[-118.46571,41.28305],[-118.4655,41.28335],[-118.46541,41.28351],[-118.46538,41.28359],[-118.46531,41.28401],[-118.46525,41.28429],[-118.46524,41.28434],[-118.4652,41.28441],[-118.46515,41.28445],[-118.46511,41.28447],[-118.46508,41.28447],[-118.46478,41.28446],[-118.46469,41.28447],[-118.46461,41.28449],[-118.46453,41.28451],[-118.46431,41.2846],[-118.46413,41.28469],[-118.46396,41.2848],[-118.4637,41.28502],[-118.46299,41.28566],[-118.4626,41.28598],[-118.46248,41.28605],[-118.4623,41.28616],[-118.4622,41.28624],[-118.46203,41.28643],[-118.46192,41.28653],[-118.46171,41.28669],[-118.46143,41.28688],[-118.46112,41.28712],[-118.46085,41.28736],[-118.46021,41.28795],[-118.4598,41.28835],[-118.4597,41.28842],[-118.45967,41.28844],[-118.45961,41.28844],[-118.45955,41.28844],[-118.45948,41.28842],[-118.45944,41.28839],[-118.45939,41.28835],[-118.45935,41.28827],[-118.45931,41.28817],[-118.45924,41.2879],[-118.45919,41.28766],[-118.45917,41.28761],[-118.45915,41.28757],[-118.45908,41.28748],[-118.45904,41.28744],[-118.45894,41.28738],[-118.4589,41.28736],[-118.45872,41.2873],[-118.45865,41.28729],[-118.45858,41.28729],[-118.45852,41.2873],[-118.45846,41.28732],[-118.45841,41.28735],[-118.45828,41.28742],[-118.45813,41.28753],[-118.45794,41.28773],[-118.45781,41.28791],[-118.45761,41.28819],[-118.45727,41.28864],[-118.45685,41.2891],[-118.45676,41.28919],[-118.45668,41.28924],[-118.4566,41.28929],[-118.4563,41.28944],[-118.45596,41.28966],[-118.45564,41.28984],[-118.4556,41.2899],[-118.45559,41.28994],[-118.4556,41.29],[-118.45562,41.29006],[-118.45571,41.29017],[-118.45583,41.29035],[-118.45588,41.29046],[-118.45589,41.29055],[-118.4559,41.29065],[-118.45589,41.29074],[-118.45585,41.29096],[-118.45582,41.29104],[-118.45578,41.29109],[-118.45574,41.29115],[-118.45567,41.29122],[-118.45557,41.2913],[-118.45547,41.29136],[-118.45532,41.29143],[-118.45514,41.2915],[-118.45506,41.29152],[-118.45494,41.29153],[-118.45482,41.29154],[-118.45449,41.29153],[-118.45413,41.29147],[-118.45399,41.29145],[-118.45387,41.29144],[-118.45381,41.29144],[-118.45376,41.29146],[-118.45371,41.2915],[-118.45369,41.29153],[-118.45367,41.29156],[-118.45361,41.2916],[-118.45328,41.2917],[-118.4532,41.29174],[-118.45271,41.29201],[-118.45251,41.29211],[-118.45239,41.29216],[-118.45227,41.29221],[-118.45212,41.29228],[-118.45184,41.29243],[-118.45157,41.29256],[-118.4514,41.29262],[-118.4513,41.29265],[-118.45121,41.29266],[-118.45111,41.29265],[-118.45106,41.29264],[-118.45051,41.29248],[-118.45034,41.29244],[-118.45014,41.29242],[-118.45005,41.29242],[-118.44997,41.29242],[-118.44989,41.29243],[-118.44982,41.29245],[-118.44974,41.29247],[-118.44967,41.29249],[-118.44961,41.29252],[-118.44943,41.29263],[-118.44907,41.2928],[-118.44895,41.29288],[-118.44884,41.29297],[-118.44875,41.29306],[-118.44866,41.29317],[-118.44858,41.2933],[-118.4485,41.29346],[-118.44841,41.29363],[-118.44829,41.29381],[-118.44821,41.29391],[-118.44813,41.29399],[-118.44805,41.29404],[-118.44797,41.29409],[-118.44781,41.29416],[-118.4476,41.29425],[-118.44741,41.29432],[-118.44721,41.2944],[-118.44709,41.29443],[-118.44699,41.29445],[-118.4469,41.29447],[-118.4468,41.29447],[-118.44668,41.29446],[-118.44639,41.29443],[-118.44613,41.29439],[-118.44576,41.29436],[-118.44567,41.29433],[-118.44559,41.2943],[-118.44552,41.29427],[-118.44546,41.29422],[-118.44541,41.29416],[-118.44539,41.29409],[-118.44538,41.29406],[-118.44539,41.29398],[-118.44542,41.29376],[-118.44541,41.29372],[-118.44538,41.29366],[-118.44535,41.29363],[-118.44531,41.2936],[-118.44528,41.29359],[-118.44522,41.29357],[-118.44515,41.29356],[-118.44508,41.29356],[-118.44482,41.2936],[-118.44472,41.2936],[-118.44462,41.29358],[-118.44453,41.29355],[-118.44447,41.29353],[-118.44426,41.2934],[-118.44421,41.29338],[-118.44412,41.29335],[-118.44401,41.29333],[-118.44392,41.29333],[-118.44375,41.29333],[-118.44348,41.29333],[-118.44341,41.29332],[-118.44335,41.29329],[-118.44331,41.29325],[-118.44329,41.29322],[-118.44327,41.29311]]}},{"type":"Feature","properties":{"name":"(unnamed public road)","road_class":"track","source":"OpenStreetMap","source_detail":"osm way 14331135","source_tile":"175/382","surface_inferred":true},"geometry":{"type":"LineString","coordinates":[[-118.46435,41.30524],[-118.46458,41.30527],[-118.46466,41.30527],[-118.46475,41.30526],[-118.46483,41.30523],[-118.46489,41.3052],[-118.4654,41.30487],[-118.46592,41.30455],[-118.46615,41.30442],[-118.46645,41.30427],[-118.46658,41.3042],[-118.46677,41.30412],[-118.46685,41.30409],[-118.46692,41.30407],[-118.46807,41.30377],[-118.46828,41.30372],[-118.46841,41.30368],[-118.46888,41.30351],[-118.46903,41.30347],[-118.46952,41.30336],[-118.4704,41.30315],[-118.47079,41.30306],[-118.47098,41.30303],[-118.47118,41.303],[-118.47197,41.30296],[-118.47212,41.30296],[-118.47251,41.30297],[-118.47264,41.30297],[-118.47276,41.30297],[-118.473,41.30295],[-118.47313,41.30294],[-118.47387,41.30291],[-118.47408,41.30291],[-118.47494,41.30293],[-118.47535,41.30296],[-118.47566,41.303],[-118.4758,41.30302],[-118.47589,41.30304],[-118.47603,41.30309],[-118.47631,41.3032],[-118.47655,41.30325],[-118.47714,41.30335],[-118.47754,41.3034],[-118.47766,41.30342],[-118.47773,41.30345],[-118.47798,41.30354],[-118.47813,41.30358],[-118.47836,41.30363],[-118.47854,41.30369],[-118.47877,41.3038],[-118.47894,41.30386],[-118.4793,41.30396],[-118.48004,41.30419],[-118.4806,41.30439],[-118.4808,41.30444],[-118.48127,41.30455],[-118.48158,41.30464],[-118.48169,41.30467],[-118.48176,41.30469],[-118.48181,41.30472],[-118.48186,41.30475],[-118.48193,41.30481],[-118.48204,41.30493],[-118.48212,41.30501],[-118.48216,41.30503],[-118.48222,41.30504],[-118.48251,41.30505],[-118.48257,41.30506],[-118.48264,41.30508],[-118.48269,41.3051],[-118.48383,41.3058],[-118.48393,41.30585],[-118.48419,41.30598],[-118.48431,41.30606],[-118.4844,41.30613],[-118.48447,41.3062],[-118.48464,41.30639],[-118.48474,41.3065],[-118.48487,41.30661],[-118.48505,41.30678],[-118.48515,41.3069],[-118.48522,41.307],[-118.48535,41.30721],[-118.48541,41.30728],[-118.48555,41.30741],[-118.48581,41.30765],[-118.48593,41.30781],[-118.48601,41.30788],[-118.48608,41.30796],[-118.48618,41.30801],[-118.48628,41.30806],[-118.48698,41.3083],[-118.48717,41.30838],[-118.48744,41.3085],[-118.48769,41.3086],[-118.48816,41.3088],[-118.48822,41.30881],[-118.48829,41.30882],[-118.48839,41.30881],[-118.48845,41.30879],[-118.48851,41.30875],[-118.48898,41.30838],[-118.48906,41.3083]]}},{"type":"Feature","properties":{"name":"(unnamed public road)","road_class":"track","surface":"unpaved","source":"OpenStreetMap","source_detail":"osm way 956364996","source_tile":"175/382"},"geometry":{"type":"LineString","coordinates":[[-118.50177,41.40129],[-118.50133,41.40116],[-118.50051,41.40105],[-118.50041,41.40102],[-118.49982,41.40103],[-118.49962,41.40105],[-118.49929,41.40107],[-118.49886,41.40112],[-118.49814,41.40116],[-118.49785,41.40114],[-118.49759,41.4011],[-118.497,41.40096],[-118.49641,41.40083],[-118.49592,41.40075],[-118.49542,41.40063],[-118.49509,41.40052],[-118.4944,41.40031],[-118.49416,41.40022],[-118.49369,41.4],[-118.49312,41.39977],[-118.49274,41.39959],[-118.49232,41.39935],[-118.49223,41.39932],[-118.49205,41.3993],[-118.49172,41.39915],[-118.49126,41.39903],[-118.4912,41.39903],[-118.49091,41.39889],[-118.49062,41.39878],[-118.4903,41.3987],[-118.49005,41.39864],[-118.48935,41.39835],[-118.48881,41.39816],[-118.48798,41.39793],[-118.48756,41.39779],[-118.48696,41.39765],[-118.48682,41.39759],[-118.48671,41.39752],[-118.48643,41.3972],[-118.48624,41.39707],[-118.48598,41.39693],[-118.48524,41.39664],[-118.48489,41.39648],[-118.48455,41.39626],[-118.48393,41.3959],[-118.48353,41.39569],[-118.48301,41.39547],[-118.48288,41.39539],[-118.48272,41.39522],[-118.48258,41.39511],[-118.48247,41.39505],[-118.48232,41.39499],[-118.4822,41.39492],[-118.48212,41.39483],[-118.4821,41.39479],[-118.48211,41.39445],[-118.48209,41.39441],[-118.48199,41.39432],[-118.48165,41.39413],[-118.48132,41.39386],[-118.48127,41.39378],[-118.48123,41.39363],[-118.48119,41.39323],[-118.48103,41.39302],[-118.48102,41.39285],[-118.48109,41.39267],[-118.48114,41.39257],[-118.48117,41.39246],[-118.48114,41.39208],[-118.4811,41.39183],[-118.48104,41.39173],[-118.48089,41.39159],[-118.4806,41.39138],[-118.48036,41.39126],[-118.48012,41.39117],[-118.47959,41.39109],[-118.47935,41.39109],[-118.47915,41.39107],[-118.47901,41.39103],[-118.47883,41.39094],[-118.47857,41.39089],[-118.47833,41.39078],[-118.47779,41.39065],[-118.47713,41.39055],[-118.47657,41.39054],[-118.47627,41.3905],[-118.47602,41.39053],[-118.47566,41.39051],[-118.47554,41.39049],[-118.47529,41.39037],[-118.47518,41.39034],[-118.47466,41.39025],[-118.4745,41.39025],[-118.4743,41.3903],[-118.47399,41.39034],[-118.47381,41.39033],[-118.47356,41.39035],[-118.47324,41.39021],[-118.47312,41.3902],[-118.47288,41.39022],[-118.47252,41.39019],[-118.47227,41.39021],[-118.47206,41.39015],[-118.47192,41.39015],[-118.47183,41.39005],[-118.47152,41.38987],[-118.47139,41.38979],[-118.47109,41.38972]]}},{"type":"Feature","properties":{"name":"(unnamed public road)","road_class":"track","surface":"unpaved","source":"OpenStreetMap","source_detail":"osm way 956365005","source_tile":"175/382"},"geometry":{"type":"LineString","coordinates":[[-118.46577,41.41488],[-118.46776,41.41598],[-118.46834,41.41626],[-118.46862,41.41643],[-118.46875,41.41649],[-118.46899,41.41658],[-118.46995,41.41678],[-118.4705,41.41676],[-118.47134,41.41686],[-118.47157,41.41693],[-118.47169,41.41701],[-118.47189,41.41723],[-118.47198,41.41727],[-118.47208,41.41725],[-118.47227,41.41717],[-118.47244,41.41713],[-118.47309,41.41707],[-118.47371,41.41697],[-118.47427,41.4169],[-118.47657,41.41678],[-118.47712,41.41682],[-118.47757,41.41698],[-118.47771,41.417],[-118.47836,41.41702],[-118.47875,41.41707],[-118.4796,41.41708],[-118.48039,41.41701],[-118.48068,41.41696],[-118.48161,41.41685],[-118.48214,41.41685],[-118.48268,41.41683],[-118.48279,41.4168],[-118.48291,41.4168],[-118.48304,41.41674],[-118.48316,41.41671],[-118.48361,41.41673],[-118.48379,41.41675],[-118.48402,41.4168],[-118.48447,41.41692],[-118.4847,41.41694],[-118.48498,41.41696],[-118.48547,41.41708],[-118.48708,41.41727],[-118.48805,41.4173]]}},{"type":"Feature","properties":{"name":"(unnamed public road)","road_class":"track","surface":"unpaved","source":"OpenStreetMap","source_detail":"osm way 956365007","source_tile":"175/382"},"geometry":{"type":"LineString","coordinates":[[-118.48256,41.42951],[-118.48143,41.42932],[-118.48116,41.42924],[-118.48066,41.42902],[-118.48022,41.42892],[-118.47983,41.42881],[-118.47951,41.42876],[-118.47928,41.42875],[-118.47917,41.42877],[-118.47877,41.42888],[-118.47847,41.42894],[-118.47816,41.429],[-118.4777,41.42904],[-118.47657,41.42901],[-118.47511,41.42867],[-118.47497,41.42862],[-118.47483,41.42852],[-118.47431,41.42813],[-118.47398,41.42777],[-118.47376,41.42761],[-118.47358,41.42752],[-118.47318,41.42742],[-118.473,41.42736],[-118.47273,41.42726],[-118.47257,41.42718],[-118.47216,41.42691],[-118.47195,41.42666],[-118.47182,41.42656],[-118.47108,41.42611],[-118.47069,41.42589],[-118.47062,41.42582],[-118.4706,41.42574],[-118.47062,41.42533],[-118.47061,41.42504],[-118.47057,41.42473],[-118.4705,41.42459],[-118.47024,41.42422],[-118.47006,41.42404],[-118.46955,41.42361],[-118.46889,41.42313],[-118.46883,41.4231],[-118.46867,41.42308],[-118.46832,41.42307],[-118.4682,41.42305],[-118.46813,41.42303],[-118.46788,41.42289],[-118.46741,41.42257],[-118.46734,41.42248],[-118.46731,41.42241],[-118.46724,41.4223],[-118.46721,41.42221],[-118.46734,41.42196],[-118.46723,41.42179],[-118.46705,41.42117],[-118.46688,41.42097],[-118.46658,41.4207],[-118.4663,41.4205],[-118.46593,41.42028],[-118.46549,41.42009],[-118.46524,41.41994],[-118.46502,41.41973],[-118.46496,41.41963],[-118.46493,41.41951],[-118.46493,41.41938],[-118.46499,41.41907],[-118.46501,41.41867],[-118.46511,41.41826],[-118.4652,41.41761],[-118.46532,41.41726],[-118.46538,41.41701],[-118.46551,41.41668],[-118.46544,41.41644],[-118.46547,41.41584],[-118.46555,41.41572],[-118.46571,41.41558],[-118.46585,41.41537],[-118.46584,41.41515],[-118.46577,41.41488],[-118.46537,41.41439],[-118.46509,41.41412],[-118.4649,41.41398],[-118.46445,41.41353],[-118.46405,41.41303],[-118.46375,41.41272],[-118.46275,41.4121],[-118.46228,41.4118],[-118.46218,41.41175],[-118.46154,41.41134],[-118.46126,41.41118],[-118.46123,41.41115],[-118.46011,41.4105],[-118.45973,41.41027],[-118.45926,41.41005],[-118.45884,41.40975],[-118.45832,41.40945],[-118.45806,41.4091],[-118.45794,41.40904],[-118.45738,41.40888],[-118.4569,41.40879],[-118.45647,41.40865],[-118.4558,41.40851],[-118.45514,41.40842],[-118.45449,41.40841],[-118.45431,41.40842],[-118.45392,41.40852],[-118.45368,41.40862],[-118.45311,41.40892],[-118.45299,41.40897],[-118.45256,41.40909],[-118.45207,41.40915],[-118.45154,41.40924],[-118.45023,41.40925],[-118.44964,41.40918],[-118.44932,41.40915],[-118.44844,41.40912],[-118.44828,41.40911],[-118.44758,41.40911],[-118.44734,41.40914],[-118.44724,41.40916],[-118.44688,41.40923],[-118.44578,41.40976],[-118.44487,41.41035],[-118.44455,41.41038],[-118.44383,41.41024],[-118.44366,41.41025],[-118.44351,41.41028],[-118.44342,41.41028],[-118.44303,41.41024],[-118.44221,41.41026],[-118.4415,41.41018],[-118.44129,41.41023],[-118.4411,41.41031],[-118.44089,41.41044],[-118.44066,41.41064],[-118.44062,41.41066],[-118.44056,41.41066],[-118.44025,41.41053],[-118.4402,41.4105],[-118.44021,41.41022],[-118.44014,41.41],[-118.43999,41.40975],[-118.43977,41.40958],[-118.43948,41.4095],[-118.43918,41.40947],[-118.43895,41.40947],[-118.43836,41.40954],[-118.43793,41.40954],[-118.43788,41.40957],[-118.43787,41.40961],[-118.43804,41.40978],[-118.43835,41.41013],[-118.43836,41.41021],[-118.43833,41.41025],[-118.43828,41.41028],[-118.43788,41.41031],[-118.43763,41.41035],[-118.43707,41.41033],[-118.43687,41.41027],[-118.43658,41.4102],[-118.43627,41.41017],[-118.43569,41.41063],[-118.4356,41.41066],[-118.43542,41.41065],[-118.43501,41.41051],[-118.43484,41.4104],[-118.43463,41.40978],[-118.43417,41.40863],[-118.43409,41.40855],[-118.43397,41.40849],[-118.43379,41.40843],[-118.43345,41.40838],[-118.43262,41.40847],[-118.4321,41.40853],[-118.43166,41.40869],[-118.43139,41.40875],[-118.43105,41.4088],[-118.43093,41.40879],[-118.43086,41.40877],[-118.43077,41.40868],[-118.43058,41.40835],[-118.43048,41.40823],[-118.43009,41.40802],[-118.42954,41.40766],[-118.429,41.40733],[-118.42869,41.40712],[-118.4286,41.40703],[-118.42853,41.40693],[-118.42845,41.40676],[-118.42837,41.40653],[-118.42839,41.4061],[-118.42835,41.40549],[-118.42837,41.40537],[-118.42836,41.40528],[-118.4283,41.40521],[-118.42821,41.40514],[-118.42787,41.40495],[-118.42778,41.40485],[-118.42771,41.40471],[-118.42765,41.40467],[-118.42753,41.40466],[-118.42717,41.40471],[-118.42695,41.40473],[-118.42664,41.40473],[-118.42634,41.4047],[-118.42594,41.40465],[-118.42578,41.40461],[-118.42571,41.40457],[-118.42539,41.40428],[-118.4253,41.40424],[-118.42524,41.40423],[-118.42444,41.40423],[-118.42423,41.40421],[-118.42376,41.40411],[-118.4235,41.40403],[-118.42332,41.40394],[-118.42318,41.40382],[-118.42304,41.40362],[-118.42296,41.40344],[-118.42281,41.40302],[-118.42277,41.40283],[-118.42278,41.40273],[-118.42281,41.40266],[-118.42291,41.40249],[-118.42292,41.40243],[-118.42291,41.40238],[-118.42277,41.40232],[-118.4226,41.4023],[-118.42247,41.40226],[-118.42233,41.40219],[-118.42204,41.40192],[-118.42167,41.40162],[-118.42121,41.40114],[-118.42051,41.40017],[-118.4201,41.39974]]}},{"type":"Feature","properties":{"name":"Coyote Point Road","road_class":"unclassified","surface":"unpaved","source":"OpenStreetMap","source_detail":"osm way 14350123","source_tile":"175/382"},"geometry":{"type":"LineString","coordinates":[[-118.22835,41.70175],[-118.22837,41.70146],[-118.22862,41.69733],[-118.22865,41.6971],[-118.22869,41.69686],[-118.22874,41.69662],[-118.22881,41.69638],[-118.22889,41.69614],[-118.2411,41.6581],[-118.24117,41.65785],[-118.24124,41.65761],[-118.2413,41.65736],[-118.24137,41.65701],[-118.24144,41.65667],[-118.24149,41.65632],[-118.24517,41.62391],[-118.2462,41.61479],[-118.24622,41.61457],[-118.24623,41.61435],[-118.24623,41.61413],[-118.24621,41.61391],[-118.24618,41.61368],[-118.24614,41.61346],[-118.24609,41.61324],[-118.24409,41.60523],[-118.24402,41.60493],[-118.24397,41.60464],[-118.24391,41.60435],[-118.24386,41.60396],[-118.24381,41.60356],[-118.24378,41.60317],[-118.24179,41.58229],[-118.24176,41.58188],[-118.24174,41.58147],[-118.24173,41.58114],[-118.24173,41.58081],[-118.24174,41.58047],[-118.24214,41.56723],[-118.24216,41.56696],[-118.24218,41.56668],[-118.24221,41.5664],[-118.24226,41.56608],[-118.24231,41.56575],[-118.24238,41.56543],[-118.24709,41.54328],[-118.24715,41.54305],[-118.24721,41.54283],[-118.24727,41.54261],[-118.24737,41.54233],[-118.24747,41.54206],[-118.24757,41.54179],[-118.24943,41.53748],[-118.24944,41.53745],[-118.25278,41.52968],[-118.25286,41.52948],[-118.25296,41.52928],[-118.25306,41.52909],[-118.25318,41.5289],[-118.25332,41.52869],[-118.25347,41.52849],[-118.25363,41.52829],[-118.2538,41.5281],[-118.26421,41.51929],[-118.27466,41.51049],[-118.27484,41.51032],[-118.27502,41.51015],[-118.27519,41.50996],[-118.27535,41.50978],[-118.27549,41.5096],[-118.27562,41.50942],[-118.27574,41.50923],[-118.27585,41.50904],[-118.27595,41.50885],[-118.28778,41.48462],[-118.28788,41.48444],[-118.28799,41.48427],[-118.2881,41.4841],[-118.28823,41.48394],[-118.28836,41.48378],[-118.28851,41.48363],[-118.28866,41.48348],[-118.28882,41.48333],[-118.29068,41.48172],[-118.29092,41.4815],[-118.29115,41.48128],[-118.2914,41.48104],[-118.29165,41.48079],[-118.29249,41.47994],[-118.29258,41.47983],[-118.29265,41.47973],[-118.29272,41.47962],[-118.29282,41.47946],[-118.2929,41.4793],[-118.29294,41.47921],[-118.29297,41.47913],[-118.29302,41.47898],[-118.29306,41.47882],[-118.29309,41.47867],[-118.29314,41.47838],[-118.29316,41.47823],[-118.29318,41.47809],[-118.29318,41.47796],[-118.29318,41.47784],[-118.29316,41.47771],[-118.29314,41.47758],[-118.29312,41.47745],[-118.29308,41.47733],[-118.29304,41.4772],[-118.29299,41.47708],[-118.29293,41.47696],[-118.29286,41.47683],[-118.29279,41.47671],[-118.29224,41.47585],[-118.29206,41.4756],[-118.29188,41.47535],[-118.29168,41.47511],[-118.2915,41.4749],[-118.29131,41.4747],[-118.29112,41.4745],[-118.29091,41.4743],[-118.29011,41.47356],[-118.28999,41.47344],[-118.28987,41.47331],[-118.28976,41.47319],[-118.28963,41.47304],[-118.28952,41.47288],[-118.28941,41.47273],[-118.2893,41.47259],[-118.28919,41.47245],[-118.28907,41.47232],[-118.28892,41.47215],[-118.28876,41.47199],[-118.28859,41.47183],[-118.28842,41.47168],[-118.28824,41.47153],[-118.28806,41.4714],[-118.28684,41.47055],[-118.28674,41.47047],[-118.28665,41.47038],[-118.28656,41.4703],[-118.28648,41.4702],[-118.28641,41.4701],[-118.28635,41.47],[-118.28629,41.46989],[-118.28625,41.46979],[-118.2861,41.46945],[-118.28593,41.46911],[-118.28543,41.46822],[-118.28538,41.46814],[-118.28531,41.46807],[-118.28524,41.468],[-118.28516,41.46793],[-118.28507,41.46786],[-118.28497,41.4678],[-118.28479,41.46769],[-118.28462,41.46757],[-118.28441,41.46743],[-118.2842,41.46727],[-118.28385,41.467],[-118.28349,41.46673],[-118.28312,41.46647],[-118.28293,41.46634],[-118.28274,41.46621],[-118.28259,41.46609],[-118.28245,41.46597],[-118.28239,41.46591],[-118.28234,41.46585],[-118.2823,41.46579],[-118.28227,41.46572],[-118.28225,41.46566],[-118.28223,41.46559],[-118.28223,41.46552],[-118.28223,41.46544],[-118.28224,41.46537],[-118.28227,41.4653],[-118.2823,41.46523],[-118.28234,41.46516],[-118.2824,41.46509],[-118.28279,41.46472],[-118.28309,41.46443],[-118.28312,41.4644],[-118.28315,41.46436],[-118.28318,41.46431],[-118.2832,41.46427]]}},{"type":"Feature","properties":{"name":"(unnamed public road)","road_class":"track","source":"OpenStreetMap","source_detail":"osm way 220190737","source_tile":"176/382","surface_inferred":true},"geometry":{"type":"LineString","coordinates":[[-118.20576,41.48689],[-118.20585,41.48705],[-118.20619,41.4876],[-118.20622,41.48765],[-118.20623,41.48769],[-118.20623,41.48774],[-118.20623,41.48781],[-118.20622,41.4879],[-118.20621,41.48795],[-118.20619,41.488],[-118.20613,41.48806],[-118.20605,41.48811],[-118.20595,41.48815],[-118.2059,41.48817],[-118.20585,41.48818],[-118.2054,41.48823],[-118.20411,41.4884],[-118.20287,41.48858],[-118.20278,41.4886],[-118.20081,41.48899],[-118.20039,41.48906],[-118.19894,41.48935],[-118.19836,41.48945],[-118.19808,41.48951],[-118.19773,41.48955],[-118.19642,41.48981],[-118.19559,41.48996],[-118.1952,41.49004],[-118.19478,41.49013],[-118.19391,41.49033],[-118.19326,41.4905],[-118.19291,41.4906],[-118.19242,41.49076],[-118.19184,41.49095],[-118.19117,41.49121],[-118.19076,41.49134],[-118.19004,41.49152],[-118.18885,41.4918],[-118.18856,41.49188],[-118.18838,41.49193],[-118.18823,41.49197],[-118.18727,41.49228],[-118.1871,41.49233],[-118.18695,41.49238],[-118.18687,41.49243],[-118.18681,41.49248],[-118.18664,41.49264],[-118.18653,41.49277],[-118.18644,41.49291],[-118.18634,41.49307],[-118.18619,41.49336],[-118.18608,41.49358],[-118.18588,41.49403],[-118.18579,41.49426],[-118.1857,41.49441],[-118.18561,41.49466],[-118.18553,41.49479],[-118.18539,41.49486],[-118.18481,41.49501],[-118.18458,41.4951],[-118.18415,41.49522],[-118.18396,41.49535],[-118.1839,41.49542],[-118.18385,41.49548],[-118.18382,41.49556],[-118.18373,41.49564],[-118.18345,41.49574],[-118.18332,41.49578],[-118.1829,41.49589],[-118.18281,41.49596],[-118.18276,41.49601],[-118.18271,41.49607],[-118.18267,41.49614],[-118.18266,41.49621],[-118.18267,41.49627],[-118.1827,41.49631],[-118.18273,41.49634],[-118.18308,41.49662],[-118.18341,41.49686],[-118.18346,41.4969],[-118.1835,41.49694],[-118.18355,41.49701],[-118.18357,41.4971],[-118.18357,41.49762],[-118.18358,41.49788],[-118.18357,41.49844],[-118.18356,41.49854],[-118.18353,41.49859],[-118.18348,41.49863],[-118.18344,41.49866],[-118.18335,41.49871],[-118.18327,41.49874],[-118.18315,41.49878],[-118.18298,41.49884],[-118.18286,41.49887],[-118.18265,41.4989],[-118.18245,41.49892],[-118.18214,41.49893],[-118.18175,41.49893],[-118.18155,41.49894],[-118.18137,41.49895],[-118.18085,41.49903],[-118.18041,41.4991],[-118.18024,41.49915],[-118.18011,41.49919],[-118.18002,41.49923],[-118.17989,41.4993],[-118.1798,41.49937],[-118.17969,41.49948],[-118.17947,41.49976],[-118.17943,41.49982],[-118.17938,41.49989],[-118.17931,41.49996],[-118.17923,41.50002],[-118.17912,41.50007],[-118.17897,41.50011],[-118.17881,41.50012],[-118.17873,41.50012],[-118.17864,41.50012],[-118.17856,41.5001],[-118.17827,41.50005],[-118.17791,41.49996],[-118.17762,41.49991],[-118.1775,41.4999],[-118.17746,41.4999],[-118.17741,41.4999],[-118.17732,41.49992],[-118.1772,41.49997],[-118.17686,41.50015],[-118.17669,41.50028],[-118.17656,41.50036],[-118.17641,41.50044],[-118.17602,41.50062],[-118.17585,41.50069],[-118.17556,41.50081],[-118.1753,41.50096],[-118.17457,41.50143],[-118.17436,41.50157],[-118.1742,41.50169],[-118.17408,41.50178],[-118.17382,41.50196],[-118.17366,41.50208],[-118.17344,41.50224],[-118.17306,41.5025],[-118.17288,41.50261],[-118.17249,41.50287],[-118.17193,41.5033],[-118.17139,41.50373],[-118.17125,41.50383],[-118.17092,41.50404],[-118.17064,41.50425],[-118.17046,41.50439],[-118.1703,41.50453],[-118.17001,41.50474],[-118.16974,41.50494],[-118.16949,41.50513],[-118.16933,41.50524],[-118.16925,41.5053],[-118.16917,41.50537],[-118.1691,41.50546],[-118.16905,41.50553],[-118.169,41.50568],[-118.16896,41.50584],[-118.16893,41.50601],[-118.16886,41.5062],[-118.16881,41.50627],[-118.1687,41.50643],[-118.16846,41.50672],[-118.16834,41.50688],[-118.16802,41.50736],[-118.16796,41.50742],[-118.16782,41.50758],[-118.1677,41.50767],[-118.16674,41.50837],[-118.16648,41.50853],[-118.16624,41.5087],[-118.16603,41.50882],[-118.16583,41.50892],[-118.16563,41.50901],[-118.16548,41.50907],[-118.16532,41.50912],[-118.16522,41.50913],[-118.16506,41.50913],[-118.16496,41.50912],[-118.16472,41.50907],[-118.16464,41.50905],[-118.16453,41.50905],[-118.16429,41.50904],[-118.16403,41.50905],[-118.16392,41.50906],[-118.16381,41.50909],[-118.16365,41.50915],[-118.16352,41.50921],[-118.16344,41.50925],[-118.16333,41.50934],[-118.16327,41.50939],[-118.16319,41.50949],[-118.16305,41.50973],[-118.16295,41.50986],[-118.1629,41.50991],[-118.16281,41.50998],[-118.1626,41.51012],[-118.16238,41.51025],[-118.16224,41.51032],[-118.16207,41.51039],[-118.16148,41.5106],[-118.16133,41.51064],[-118.16118,41.51067],[-118.16069,41.51071],[-118.1604,41.5107],[-118.16012,41.51068],[-118.15993,41.51065],[-118.15969,41.51058],[-118.15951,41.51053],[-118.15913,41.51011],[-118.15886,41.50984],[-118.15867,41.50971],[-118.15844,41.50955],[-118.15829,41.50939],[-118.15806,41.5093],[-118.15779,41.50918],[-118.15744,41.50909],[-118.15723,41.50907],[-118.15708,41.50905],[-118.15671,41.50902],[-118.15639,41.50899],[-118.15624,41.50897],[-118.15615,41.50895],[-118.15608,41.50893],[-118.156,41.5089],[-118.15591,41.50889],[-118.15578,41.50889],[-118.15564,41.5089],[-118.1553,41.50893],[-118.15521,41.50895],[-118.15503,41.50899],[-118.15464,41.50912],[-118.15445,41.50916],[-118.15432,41.50919],[-118.15424,41.50919],[-118.15373,41.50918],[-118.15222,41.50918],[-118.14989,41.50924],[-118.1489,41.50922],[-118.14869,41.5092],[-118.14849,41.50917],[-118.14839,41.50912],[-118.14828,41.50902],[-118.14809,41.50878],[-118.1479,41.50858],[-118.14779,41.50848],[-118.1475,41.5082],[-118.14722,41.50796],[-118.14705,41.50781],[-118.14682,41.50756],[-118.14659,41.50733],[-118.14641,41.50692],[-118.14638,41.50682],[-118.1463,41.50668],[-118.14623,41.50653],[-118.14618,41.50645],[-118.14607,41.50631],[-118.14599,41.50622],[-118.14593,41.50618],[-118.14577,41.5061],[-118.14545,41.50607],[-118.14507,41.50612],[-118.14489,41.50616],[-118.14464,41.50621],[-118.14447,41.50622],[-118.14421,41.50618],[-118.14389,41.50603],[-118.14349,41.50582],[-118.14329,41.50572],[-118.14315,41.50566],[-118.14305,41.5056],[-118.14281,41.50547],[-118.14256,41.5054],[-118.14245,41.50533],[-118.1424,41.50531],[-118.14235,41.5053],[-118.1419,41.50522],[-118.14166,41.50519],[-118.1414,41.50515],[-118.14119,41.50509],[-118.14101,41.50502],[-118.14069,41.50488],[-118.14063,41.50484],[-118.14057,41.5048],[-118.14046,41.50469],[-118.14042,41.50463],[-118.14032,41.50451],[-118.14018,41.50428],[-118.13987,41.50373],[-118.13964,41.50328],[-118.13948,41.50298],[-118.13933,41.50275],[-118.13919,41.50228],[-118.13915,41.50221],[-118.13911,41.50212],[-118.13906,41.50198],[-118.13895,41.50171],[-118.13882,41.50136],[-118.13877,41.50105],[-118.13863,41.50074],[-118.13852,41.50051],[-118.13839,41.50039],[-118.13837,41.50033],[-118.13835,41.50027],[-118.13827,41.50016],[-118.13811,41.49995],[-118.13788,41.49967],[-118.13757,41.49932],[-118.13748,41.49921],[-118.13739,41.49913],[-118.13712,41.49896],[-118.13703,41.49892],[-118.13692,41.49886],[-118.13682,41.49882],[-118.1367,41.49878],[-118.13633,41.49862],[-118.13585,41.49841],[-118.1357,41.49833],[-118.13554,41.49824],[-118.13539,41.49815],[-118.1353,41.49809],[-118.13517,41.49799],[-118.13506,41.49788],[-118.13492,41.49769],[-118.13469,41.49737],[-118.13454,41.4972],[-118.1344,41.49702],[-118.13425,41.49686],[-118.13416,41.49677],[-118.13403,41.49668],[-118.13387,41.49656],[-118.13366,41.49641],[-118.13336,41.49621],[-118.13323,41.49612],[-118.13298,41.4959],[-118.13285,41.49577],[-118.1327,41.49558],[-118.1326,41.49538],[-118.13257,41.49528],[-118.13254,41.49514],[-118.1325,41.4949],[-118.13247,41.49462],[-118.13251,41.49414],[-118.13244,41.49387],[-118.13238,41.4938],[-118.13237,41.49375],[-118.1323,41.49361],[-118.13224,41.49353],[-118.13212,41.49341],[-118.13202,41.49331],[-118.13193,41.49322],[-118.13186,41.49317],[-118.13179,41.49313],[-118.1317,41.49308],[-118.13163,41.49305],[-118.13153,41.49303],[-118.13139,41.493],[-118.13127,41.49299],[-118.13106,41.49298],[-118.13088,41.49298],[-118.13067,41.493],[-118.13045,41.493],[-118.13036,41.493],[-118.13023,41.49299],[-118.13013,41.49297],[-118.13005,41.49294],[-118.12994,41.49289],[-118.12983,41.49288],[-118.12976,41.4929],[-118.12966,41.49293],[-118.12956,41.49297],[-118.1293,41.49301],[-118.12897,41.49305],[-118.1287,41.49304],[-118.12848,41.49303],[-118.1283,41.49301],[-118.1282,41.49299],[-118.12807,41.49296],[-118.12783,41.49293],[-118.12743,41.49277],[-118.12721,41.49262],[-118.12703,41.49251],[-118.12691,41.49242],[-118.12678,41.4923],[-118.12664,41.49216],[-118.12654,41.49204],[-118.12644,41.49188],[-118.12636,41.4917],[-118.12628,41.4915],[-118.12624,41.49132],[-118.12624,41.4912],[-118.12621,41.49104],[-118.12618,41.4909],[-118.12616,41.49081],[-118.12614,41.49067],[-118.12613,41.49062],[-118.12618,41.49036],[-118.12618,41.49027],[-118.12617,41.49017],[-118.12613,41.4901],[-118.12607,41.49004],[-118.12598,41.48999],[-118.12588,41.48995],[-118.12576,41.48992],[-118.12554,41.48988],[-118.12536,41.48985],[-118.12505,41.48978],[-118.12474,41.48974],[-118.12451,41.48969],[-118.12441,41.48967],[-118.12427,41.48963],[-118.124,41.48954],[-118.12377,41.48943],[-118.1235,41.48927],[-118.12321,41.48911],[-118.12298,41.48897],[-118.12283,41.48886],[-118.12268,41.48877],[-118.1226,41.48872],[-118.12254,41.48867],[-118.12249,41.4886],[-118.12245,41.48854],[-118.12242,41.48846],[-118.12239,41.48834],[-118.12235,41.48818],[-118.12233,41.48808],[-118.1223,41.48801],[-118.12224,41.48788],[-118.12213,41.48773],[-118.12186,41.48741],[-118.12171,41.48722],[-118.12162,41.48713],[-118.12153,41.48704],[-118.12141,41.48694],[-118.12124,41.48683],[-118.12107,41.48672],[-118.12098,41.48669],[-118.1209,41.48667],[-118.12078,41.48665],[-118.12043,41.48661],[-118.12034,41.4866],[-118.12018,41.48656],[-118.12007,41.48652],[-118.11989,41.48644],[-118.11978,41.48638],[-118.11965,41.48628],[-118.11948,41.48613],[-118.11939,41.48604],[-118.11929,41.48591],[-118.11924,41.48584],[-118.11913,41.48566],[-118.11901,41.48549],[-118.11891,41.4854],[-118.11884,41.48536],[-118.11874,41.48531],[-118.11863,41.48528],[-118.11851,41.48525],[-118.11815,41.48516],[-118.11771,41.48509],[-118.11722,41.48502],[-118.11709,41.48499],[-118.11696,41.48496],[-118.11685,41.48493],[-118.11674,41.48489],[-118.11643,41.48475],[-118.11616,41.48466],[-118.11602,41.48462],[-118.11577,41.48454],[-118.11539,41.48445],[-118.11507,41.48435],[-118.11494,41.4843],[-118.1148,41.48422],[-118.1147,41.48416],[-118.11464,41.4841],[-118.11454,41.48401],[-118.11443,41.48389],[-118.11439,41.48382],[-118.11436,41.48374],[-118.11429,41.48347],[-118.11428,41.4834],[-118.11428,41.48334],[-118.11428,41.48329],[-118.11429,41.48324],[-118.11431,41.48319],[-118.11446,41.48293],[-118.11466,41.48264],[-118.11469,41.48257],[-118.11472,41.4825],[-118.11473,41.48243],[-118.11473,41.48236],[-118.11472,41.4823],[-118.1147,41.48221],[-118.11469,41.48213],[-118.11468,41.48206],[-118.11469,41.48199],[-118.11474,41.48185],[-118.11478,41.48176],[-118.1148,41.48167],[-118.11481,41.4816],[-118.11482,41.48153],[-118.11482,41.48146],[-118.11481,41.4814],[-118.11481,41.48134],[-118.11482,41.48129],[-118.11483,41.48124],[-118.11485,41.48119],[-118.11492,41.48109],[-118.11511,41.48087],[-118.11524,41.4807],[-118.11532,41.48058],[-118.1154,41.48049],[-118.11546,41.48044],[-118.11553,41.48042],[-118.11589,41.48033],[-118.11606,41.48029],[-118.11636,41.48021],[-118.11651,41.48016],[-118.11665,41.48009],[-118.11671,41.48005],[-118.11692,41.4799],[-118.11724,41.47965],[-118.11735,41.47955],[-118.11757,41.47933],[-118.11768,41.47921],[-118.11786,41.47895],[-118.1179,41.47888],[-118.1181,41.47864],[-118.11818,41.47856],[-118.11829,41.47847],[-118.11845,41.47836],[-118.11875,41.47819],[-118.11891,41.47808],[-118.11911,41.47794],[-118.11922,41.47787],[-118.11929,41.47782],[-118.11936,41.47777],[-118.11982,41.4773],[-118.11992,41.47719],[-118.12018,41.47693],[-118.12034,41.47675],[-118.12048,41.47656],[-118.12053,41.47653],[-118.12058,41.47649],[-118.12071,41.47645],[-118.1209,41.4764],[-118.12098,41.47635],[-118.12102,41.4763],[-118.12104,41.47623],[-118.12106,41.47614],[-118.12108,41.47589],[-118.12109,41.47582],[-118.12125,41.47543],[-118.12135,41.47524],[-118.1214,41.4751],[-118.12149,41.47489],[-118.1217,41.47424],[-118.12181,41.47398],[-118.12195,41.4737],[-118.12218,41.47325],[-118.12224,41.47309],[-118.12234,41.47283],[-118.12244,41.47253],[-118.12259,41.47197],[-118.12264,41.47182],[-118.12276,41.47161],[-118.123,41.47102],[-118.12329,41.47036],[-118.12345,41.47002],[-118.12359,41.46982],[-118.12362,41.46976],[-118.12368,41.46962],[-118.12378,41.46935],[-118.12385,41.46919],[-118.12396,41.46887],[-118.12407,41.4686],[-118.12422,41.46815],[-118.12432,41.46792],[-118.12446,41.46752],[-118.12453,41.46731],[-118.1247,41.46689],[-118.12477,41.46663],[-118.12481,41.46647],[-118.1249,41.46622],[-118.12496,41.46602],[-118.12511,41.46544],[-118.12524,41.46495],[-118.12527,41.46482],[-118.12545,41.46439],[-118.12552,41.4642],[-118.12556,41.46407],[-118.12561,41.46384],[-118.1257,41.46338],[-118.12586,41.46273],[-118.1259,41.46261],[-118.12601,41.46203],[-118.12619,41.4616],[-118.12636,41.46103],[-118.12643,41.46073],[-118.12663,41.45974],[-118.12677,41.4592],[-118.12682,41.45907],[-118.12705,41.45823],[-118.12725,41.4572],[-118.1273,41.45699],[-118.12743,41.45619],[-118.12754,41.45493],[-118.12755,41.45451],[-118.12759,41.45362],[-118.12763,41.4529],[-118.12767,41.4525],[-118.12773,41.45209],[-118.12783,41.45181],[-118.12784,41.45171],[-118.12792,41.45155],[-118.12794,41.45148],[-118.12798,41.45131],[-118.12812,41.4506],[-118.12815,41.45039],[-118.1284,41.4493],[-118.12855,41.44845],[-118.12857,41.44829],[-118.12872,41.44759],[-118.12875,41.4474],[-118.12899,41.44621],[-118.12904,41.44602],[-118.12909,41.44584],[-118.12913,41.4456],[-118.12921,41.44512],[-118.12924,41.44489],[-118.12926,41.44457],[-118.12932,41.44412],[-118.12936,41.44387],[-118.12939,41.44367],[-118.1294,41.44349],[-118.12944,41.44297],[-118.12946,41.44275],[-118.12953,41.44222],[-118.12958,41.44195],[-118.12962,41.4417],[-118.12965,41.44127],[-118.12968,41.44094],[-118.12972,41.44052],[-118.12977,41.44015],[-118.12986,41.43923],[-118.12992,41.43843],[-118.12996,41.43811],[-118.13001,41.4374],[-118.13002,41.43711],[-118.13004,41.4369],[-118.13005,41.43653],[-118.13009,41.4363],[-118.13015,41.43545],[-118.13022,41.43492],[-118.13033,41.43437],[-118.13037,41.43415],[-118.13043,41.43386],[-118.13048,41.43358],[-118.13053,41.43334],[-118.13064,41.43248],[-118.13064,41.4323],[-118.13064,41.43202],[-118.13065,41.43173],[-118.13065,41.43143],[-118.13067,41.43118],[-118.13068,41.43112],[-118.1307,41.43105],[-118.13073,41.43098],[-118.13085,41.43077]]}},{"type":"Feature","properties":{"name":"Old Hog John Road","road_class":"track","source":"OpenStreetMap","source_detail":"osm way 501290730","source_tile":"175/382","surface_inferred":true},"geometry":{"type":"LineString","coordinates":[[-118.13424,41.69874],[-118.13425,41.69827],[-118.13425,41.69811],[-118.13427,41.69795],[-118.13429,41.69778],[-118.13432,41.6976],[-118.13447,41.69697],[-118.1345,41.69683],[-118.13452,41.6967],[-118.13454,41.69656],[-118.13455,41.69643],[-118.13456,41.69599],[-118.13447,41.69555],[-118.13451,41.69526],[-118.13455,41.69472],[-118.13455,41.6946],[-118.13459,41.69436],[-118.13466,41.69376],[-118.13469,41.69356],[-118.13469,41.69347],[-118.13469,41.69329],[-118.13467,41.69307],[-118.13462,41.69252],[-118.13459,41.69222],[-118.1346,41.69184],[-118.13452,41.69059],[-118.13453,41.69025],[-118.13453,41.69018],[-118.13451,41.6901],[-118.13441,41.68985],[-118.13435,41.6897],[-118.13433,41.68961],[-118.13431,41.68939],[-118.13428,41.68928],[-118.13418,41.689],[-118.13407,41.68883],[-118.13409,41.68859],[-118.13413,41.68816],[-118.13413,41.68794],[-118.13412,41.68778],[-118.1341,41.68764],[-118.13407,41.68727],[-118.13407,41.68698],[-118.13407,41.68673],[-118.13409,41.6864],[-118.1341,41.68553],[-118.13411,41.68533],[-118.1341,41.6851],[-118.1341,41.68487],[-118.13414,41.68458],[-118.13415,41.68446],[-118.13417,41.68435],[-118.13423,41.68373],[-118.13428,41.68343],[-118.13431,41.6832],[-118.13435,41.68247],[-118.13437,41.682],[-118.13438,41.68158],[-118.13441,41.68126],[-118.13446,41.68087],[-118.13457,41.68035],[-118.13466,41.67972],[-118.13467,41.67956],[-118.13467,41.67941],[-118.13466,41.67927],[-118.13463,41.67907],[-118.13457,41.67845],[-118.13457,41.67835],[-118.13457,41.67826],[-118.1346,41.67815],[-118.13467,41.67798],[-118.13472,41.6778],[-118.13478,41.67763],[-118.13496,41.67728],[-118.13504,41.6771],[-118.1351,41.67692],[-118.13519,41.67652],[-118.1353,41.67618],[-118.13559,41.67539],[-118.1357,41.67507],[-118.13583,41.67455],[-118.13594,41.67415],[-118.13607,41.67356],[-118.13617,41.67321],[-118.13621,41.67301],[-118.13627,41.67283],[-118.1364,41.67254],[-118.13653,41.67219],[-118.13661,41.67202],[-118.13664,41.67193],[-118.13672,41.67158],[-118.1368,41.6714],[-118.13687,41.67128],[-118.1371,41.67093],[-118.13712,41.67089],[-118.13719,41.67061],[-118.13723,41.67047],[-118.13727,41.67033],[-118.13739,41.66996],[-118.13743,41.6698],[-118.13747,41.66963],[-118.13751,41.66952],[-118.13757,41.66941],[-118.1377,41.66922],[-118.13786,41.66894],[-118.13796,41.66864],[-118.13803,41.66848],[-118.13811,41.66832],[-118.13822,41.66813],[-118.13831,41.66798],[-118.13843,41.66782],[-118.13847,41.66776],[-118.1385,41.66768],[-118.13856,41.66746],[-118.13863,41.66716],[-118.13874,41.6666],[-118.1388,41.66644],[-118.13914,41.66588],[-118.13934,41.66566],[-118.1396,41.66539],[-118.13972,41.66528],[-118.1398,41.66521],[-118.13986,41.66514],[-118.13991,41.66506],[-118.13997,41.66497],[-118.14006,41.66477],[-118.14016,41.66455],[-118.14024,41.66432],[-118.14028,41.66416],[-118.14032,41.66398],[-118.14037,41.66385],[-118.14055,41.6633],[-118.14062,41.66314],[-118.14066,41.66307],[-118.14071,41.663],[-118.14085,41.66282],[-118.14099,41.66262],[-118.14107,41.66248],[-118.14111,41.66237],[-118.14115,41.66217],[-118.14122,41.66179],[-118.14124,41.66173],[-118.14126,41.66167],[-118.1415,41.66123],[-118.14159,41.66109],[-118.14164,41.66098],[-118.14169,41.66087],[-118.14178,41.66059],[-118.14186,41.66027],[-118.14199,41.6597],[-118.14209,41.65943],[-118.14216,41.65927],[-118.14249,41.65861],[-118.14262,41.65838],[-118.14275,41.65816],[-118.14292,41.65792],[-118.14307,41.65768],[-118.14322,41.6574],[-118.14336,41.65706],[-118.14346,41.65685],[-118.14356,41.65668],[-118.14361,41.65661],[-118.1439,41.65623],[-118.14395,41.65614],[-118.14398,41.65605],[-118.14402,41.65586],[-118.14415,41.65552],[-118.14425,41.65529],[-118.14433,41.65507],[-118.14444,41.65484],[-118.14461,41.65457],[-118.14467,41.65444],[-118.14487,41.65402],[-118.14498,41.65376],[-118.14499,41.65368],[-118.14502,41.65362],[-118.14505,41.65358],[-118.14513,41.65348],[-118.14531,41.65329],[-118.14558,41.65304],[-118.14563,41.65297],[-118.14567,41.65291],[-118.14582,41.65259],[-118.14589,41.65234],[-118.14594,41.65221],[-118.14599,41.65206],[-118.14604,41.65194],[-118.14612,41.6518],[-118.1465,41.6512],[-118.14659,41.65104],[-118.14666,41.65084],[-118.14674,41.65064],[-118.14696,41.65008],[-118.14703,41.64992],[-118.14712,41.64969],[-118.14715,41.64959],[-118.14718,41.64952],[-118.14723,41.64945],[-118.14748,41.64913],[-118.14758,41.64901],[-118.14781,41.64872],[-118.14792,41.64854],[-118.14796,41.64845],[-118.14799,41.64835],[-118.14803,41.64823],[-118.14806,41.6481],[-118.14807,41.64801],[-118.14808,41.64791],[-118.14809,41.6476],[-118.14809,41.64732],[-118.14811,41.6472],[-118.14813,41.64705],[-118.14818,41.6469],[-118.14823,41.64679],[-118.1483,41.64665],[-118.14856,41.64632],[-118.14866,41.64617],[-118.14879,41.646],[-118.14888,41.64585],[-118.14893,41.64576],[-118.14903,41.64554],[-118.14908,41.64544],[-118.14912,41.64536],[-118.14917,41.64528],[-118.14923,41.64522],[-118.14933,41.64513],[-118.14946,41.64504],[-118.14965,41.64491],[-118.14979,41.64481],[-118.14998,41.64464],[-118.15006,41.64454],[-118.15016,41.64436],[-118.15026,41.64417],[-118.15049,41.64377],[-118.15063,41.64351],[-118.15076,41.64303],[-118.15086,41.64279],[-118.15097,41.64246],[-118.1511,41.64192],[-118.1512,41.64157],[-118.15123,41.64147],[-118.1513,41.64133],[-118.15138,41.6412],[-118.15152,41.64096],[-118.15169,41.64061],[-118.15175,41.64044],[-118.15186,41.64022],[-118.15205,41.63975],[-118.15214,41.63954],[-118.15229,41.63927],[-118.15234,41.63919],[-118.1524,41.63911],[-118.15266,41.63884],[-118.15271,41.63877],[-118.15276,41.63869],[-118.15279,41.63858],[-118.15284,41.63839],[-118.15295,41.63806],[-118.15304,41.63776],[-118.15308,41.63765],[-118.15316,41.6375],[-118.15332,41.63727],[-118.15338,41.63716],[-118.15344,41.63703],[-118.15353,41.63677],[-118.1536,41.63654],[-118.15366,41.63638],[-118.15372,41.63624],[-118.15384,41.63603],[-118.15394,41.63578],[-118.154,41.63565],[-118.15405,41.63553],[-118.15414,41.63526],[-118.15418,41.63516],[-118.1543,41.63499],[-118.15435,41.63491],[-118.15438,41.63485],[-118.15442,41.63469],[-118.15453,41.63432],[-118.15459,41.63419],[-118.15464,41.63412],[-118.15477,41.63399],[-118.15486,41.63385],[-118.15494,41.63371],[-118.15511,41.63345],[-118.15523,41.63319],[-118.15536,41.63285],[-118.1554,41.63277],[-118.15562,41.63243],[-118.15589,41.632],[-118.15611,41.6316],[-118.15634,41.63122],[-118.15656,41.6309],[-118.15666,41.63071],[-118.15675,41.63047],[-118.15682,41.63022],[-118.15697,41.62971],[-118.15707,41.62946],[-118.15712,41.62935],[-118.15725,41.62905],[-118.15734,41.62875],[-118.15741,41.62857],[-118.15745,41.62841],[-118.15748,41.62832],[-118.15753,41.6282],[-118.15765,41.62793],[-118.15772,41.62783],[-118.15784,41.62765],[-118.15789,41.62754],[-118.15794,41.62741],[-118.15808,41.62707],[-118.15813,41.62695],[-118.15816,41.6268],[-118.15819,41.62662],[-118.15821,41.62655],[-118.1583,41.62632],[-118.15839,41.62617],[-118.15841,41.6261],[-118.15845,41.62597],[-118.15848,41.62589],[-118.15855,41.62577],[-118.1588,41.62544],[-118.15887,41.62533],[-118.15893,41.62519],[-118.15909,41.62477],[-118.15918,41.62454],[-118.15927,41.62431],[-118.1595,41.62335],[-118.15956,41.62315],[-118.15966,41.6228],[-118.1597,41.62262],[-118.15974,41.62235],[-118.15983,41.62208],[-118.15987,41.62199],[-118.1597,41.62172],[-118.15959,41.6215],[-118.15949,41.62136],[-118.15939,41.62121],[-118.1563,41.61538],[-118.15632,41.61461],[-118.15631,41.61399],[-118.15631,41.61379],[-118.15631,41.61362],[-118.15628,41.61336],[-118.15624,41.61313],[-118.15619,41.61289],[-118.15611,41.61249],[-118.15608,41.61229],[-118.15604,41.61178],[-118.15601,41.61158],[-118.156,41.6112],[-118.156,41.6106],[-118.15603,41.61047],[-118.15605,41.61019],[-118.15605,41.61006],[-118.15611,41.60942],[-118.15615,41.60921],[-118.15618,41.60893],[-118.15623,41.60832],[-118.15625,41.60784],[-118.15627,41.6077],[-118.15632,41.6073],[-118.15633,41.60715],[-118.15633,41.60694],[-118.15634,41.60617],[-118.15636,41.606],[-118.1564,41.60586],[-118.15643,41.60576],[-118.15648,41.60554],[-118.15659,41.60492],[-118.15662,41.60481],[-118.15663,41.60469],[-118.15676,41.60422],[-118.15678,41.60408],[-118.15679,41.60392],[-118.15681,41.60377],[-118.15683,41.60366],[-118.15694,41.6033],[-118.15696,41.60318],[-118.15704,41.60292],[-118.15706,41.60287],[-118.15716,41.60254],[-118.1572,41.60233],[-118.15725,41.60216],[-118.15733,41.60165],[-118.15735,41.60153],[-118.15742,41.60133],[-118.15753,41.60069],[-118.15757,41.60043],[-118.1576,41.60035],[-118.15764,41.60025],[-118.15772,41.60012],[-118.15784,41.59993],[-118.15795,41.59975],[-118.15808,41.59953],[-118.15816,41.59942],[-118.15818,41.59937],[-118.15819,41.5993],[-118.15817,41.59894],[-118.15818,41.59886],[-118.15819,41.5988],[-118.15823,41.59866],[-118.15827,41.59845],[-118.15832,41.59833],[-118.15835,41.59819],[-118.15837,41.5981],[-118.15837,41.59799],[-118.15837,41.59776],[-118.15838,41.59766],[-118.15841,41.59758],[-118.15844,41.59741],[-118.15846,41.59723],[-118.1585,41.59702],[-118.15861,41.59653],[-118.15863,41.59641],[-118.15867,41.59601],[-118.15866,41.59551],[-118.15866,41.59547],[-118.15879,41.59431],[-118.15886,41.59376],[-118.15891,41.5934],[-118.15894,41.59315],[-118.15895,41.59289],[-118.15893,41.59264],[-118.15893,41.59227],[-118.15896,41.59207],[-118.15897,41.59165],[-118.15905,41.59085],[-118.15908,41.59072],[-118.15913,41.5905],[-118.15936,41.58923],[-118.1594,41.58914],[-118.15942,41.58908],[-118.15947,41.58883],[-118.15961,41.5879],[-118.15968,41.58757],[-118.15971,41.58747],[-118.15976,41.58717],[-118.1598,41.58666],[-118.15984,41.58631],[-118.1599,41.58602],[-118.15996,41.58548],[-118.16,41.58529],[-118.16002,41.58496],[-118.16004,41.58436],[-118.16007,41.58382],[-118.16012,41.5831],[-118.16014,41.58299],[-118.16016,41.58274],[-118.16021,41.58168],[-118.16027,41.58131],[-118.16032,41.58069],[-118.16039,41.5801],[-118.16043,41.57993],[-118.16046,41.57983],[-118.16067,41.57864],[-118.1607,41.57851],[-118.16073,41.57838],[-118.16076,41.57809],[-118.16075,41.57762],[-118.16077,41.5775],[-118.16081,41.57725],[-118.16084,41.57714],[-118.16085,41.57701],[-118.16083,41.57634],[-118.16084,41.57615],[-118.1609,41.57569],[-118.16092,41.57562],[-118.16095,41.57556],[-118.16097,41.57547],[-118.16097,41.57536],[-118.16095,41.57523],[-118.16094,41.5751],[-118.16093,41.57495],[-118.16098,41.57458],[-118.1611,41.57418],[-118.16117,41.57392],[-118.16129,41.57331],[-118.16141,41.5725],[-118.1615,41.57179],[-118.16151,41.57163],[-118.16154,41.57149],[-118.16158,41.5713],[-118.16162,41.57111],[-118.16166,41.57097],[-118.1617,41.57088],[-118.16178,41.57076],[-118.16185,41.57068],[-118.16192,41.57061],[-118.162,41.57057],[-118.1621,41.57054],[-118.16221,41.57053],[-118.16237,41.57053],[-118.16241,41.57048],[-118.16247,41.57041],[-118.16252,41.57034],[-118.16255,41.57027],[-118.16257,41.57019],[-118.16259,41.57001],[-118.1626,41.56985],[-118.16263,41.56947],[-118.16265,41.5694],[-118.16269,41.56934],[-118.16274,41.56929],[-118.16289,41.56916],[-118.16297,41.56908],[-118.16311,41.56893],[-118.16351,41.56846],[-118.16366,41.56826],[-118.16403,41.56775],[-118.16411,41.56758],[-118.16424,41.56719],[-118.16433,41.56701],[-118.16448,41.56662],[-118.16459,41.56638],[-118.16469,41.56621],[-118.16474,41.5661],[-118.16477,41.56601],[-118.16482,41.56584],[-118.16484,41.56578],[-118.16509,41.56532],[-118.16524,41.56501],[-118.16554,41.56431],[-118.16566,41.56404],[-118.16576,41.56376],[-118.16581,41.56355],[-118.16588,41.56324],[-118.16597,41.56256],[-118.16599,41.56193],[-118.16602,41.56178],[-118.16609,41.56153],[-118.16613,41.56146],[-118.16625,41.56129],[-118.16631,41.56116],[-118.16637,41.561],[-118.16644,41.56076],[-118.16652,41.56038],[-118.16658,41.56017],[-118.16663,41.56009],[-118.16666,41.56005],[-118.16671,41.56],[-118.16675,41.55996],[-118.1671,41.55931],[-118.1672,41.55909],[-118.16733,41.55886],[-118.16741,41.55872],[-118.16752,41.55856],[-118.16768,41.55827],[-118.16797,41.55769],[-118.16836,41.55704],[-118.16846,41.55689],[-118.16857,41.55669],[-118.16874,41.55634],[-118.16897,41.55594],[-118.16911,41.55573],[-118.16955,41.55493],[-118.16974,41.55459],[-118.16987,41.55438],[-118.17004,41.55405],[-118.17028,41.55363],[-118.17038,41.55343],[-118.17055,41.55315],[-118.17063,41.553],[-118.17091,41.55239],[-118.17135,41.55163],[-118.17145,41.55143],[-118.17159,41.55109],[-118.17172,41.55081],[-118.17189,41.55048],[-118.17209,41.55016],[-118.17216,41.55003],[-118.17223,41.54986],[-118.17236,41.5495],[-118.17248,41.54922],[-118.1727,41.54875],[-118.17283,41.54848],[-118.173,41.54804],[-118.17315,41.54769],[-118.17337,41.54724],[-118.17339,41.54717],[-118.17344,41.54695],[-118.17349,41.54682],[-118.17354,41.54673],[-118.17365,41.54651],[-118.17376,41.54632],[-118.17393,41.54602],[-118.17411,41.54566],[-118.17422,41.54538],[-118.17433,41.54505],[-118.17449,41.54468],[-118.17468,41.5441],[-118.17489,41.54364],[-118.17494,41.54353],[-118.17506,41.54325],[-118.17538,41.54233],[-118.17543,41.54218],[-118.17549,41.54207],[-118.17557,41.54194],[-118.17562,41.54181],[-118.17587,41.54102],[-118.17609,41.54053],[-118.17619,41.54028],[-118.17622,41.54017],[-118.17639,41.53977],[-118.17663,41.53915],[-118.17672,41.53886],[-118.17686,41.53835],[-118.1769,41.53825],[-118.17695,41.53813],[-118.17702,41.53799],[-118.17725,41.5376],[-118.17733,41.53745],[-118.17761,41.53676],[-118.1778,41.53638],[-118.17793,41.53606],[-118.17801,41.53582],[-118.17819,41.5354],[-118.17835,41.53509],[-118.17848,41.53483],[-118.17874,41.53412],[-118.17882,41.53391],[-118.17888,41.53381],[-118.17895,41.5337],[-118.179,41.53362],[-118.17904,41.53352],[-118.17907,41.53344],[-118.17919,41.53294],[-118.17922,41.53284],[-118.1793,41.53264],[-118.17945,41.53233],[-118.17958,41.53197],[-118.17998,41.53097],[-118.18007,41.53073],[-118.1802,41.53031],[-118.18046,41.5297],[-118.18077,41.52906],[-118.18113,41.52822],[-118.18125,41.52788],[-118.18135,41.5275],[-118.1814,41.52736],[-118.18146,41.52722],[-118.18163,41.52688],[-118.18167,41.52678],[-118.18172,41.5266],[-118.18181,41.52625],[-118.18194,41.52584],[-118.18201,41.52567],[-118.18215,41.52531],[-118.18225,41.52495],[-118.18231,41.52475],[-118.1824,41.52464],[-118.18249,41.52454],[-118.18253,41.52449],[-118.18256,41.52443],[-118.18264,41.52423],[-118.18278,41.52393],[-118.18286,41.52372],[-118.183,41.52328],[-118.18315,41.52292],[-118.18328,41.52264],[-118.18339,41.52235],[-118.1836,41.52174],[-118.18369,41.52149],[-118.18377,41.52132],[-118.18385,41.52108],[-118.18389,41.52095],[-118.18414,41.52016],[-118.18422,41.51995],[-118.18428,41.51979],[-118.18442,41.51904],[-118.18452,41.51873],[-118.18457,41.51858],[-118.18462,41.51839],[-118.18479,41.51761],[-118.18496,41.51726],[-118.18502,41.51697],[-118.18505,41.51689],[-118.1851,41.51679],[-118.18513,41.51671],[-118.18518,41.51655],[-118.18528,41.51607],[-118.18531,41.51596],[-118.18536,41.51584],[-118.1855,41.5156],[-118.18562,41.51534],[-118.18567,41.51526],[-118.18573,41.5152],[-118.18604,41.51499],[-118.18618,41.51489],[-118.18642,41.51468],[-118.18659,41.51452],[-118.18678,41.51431],[-118.18691,41.51413],[-118.18721,41.51365],[-118.18735,41.5134],[-118.18752,41.51316],[-118.18777,41.51288],[-118.18783,41.5128],[-118.18787,41.51273],[-118.18809,41.51209],[-118.18819,41.51187],[-118.18825,41.5117],[-118.18842,41.51117],[-118.18852,41.51093],[-118.18861,41.51073],[-118.18866,41.51065],[-118.1887,41.51056],[-118.18876,41.51037],[-118.18893,41.50974],[-118.18904,41.50929],[-118.18909,41.50912],[-118.18914,41.50883],[-118.18922,41.50847],[-118.18929,41.50812],[-118.18941,41.50767],[-118.18949,41.50739],[-118.18955,41.50717],[-118.18965,41.50673],[-118.1898,41.50602],[-118.18985,41.50581],[-118.18992,41.50564],[-118.19007,41.50538],[-118.19015,41.50526],[-118.19023,41.50516],[-118.19044,41.50494],[-118.19077,41.50465],[-118.19096,41.50449],[-118.19117,41.50432],[-118.19157,41.50398],[-118.19189,41.50372],[-118.19219,41.50346],[-118.19275,41.50297],[-118.19284,41.50287],[-118.19295,41.50278],[-118.19312,41.50265],[-118.19322,41.50258],[-118.1933,41.5025],[-118.19348,41.50238],[-118.19372,41.50223],[-118.19397,41.50204],[-118.1942,41.50182],[-118.19451,41.50158],[-118.1946,41.50152],[-118.19474,41.50143],[-118.19501,41.5013],[-118.19542,41.50106],[-118.1958,41.50086],[-118.19625,41.50065],[-118.19692,41.50033],[-118.197,41.50028],[-118.19709,41.50022],[-118.19719,41.50014],[-118.19732,41.50002],[-118.19757,41.49976],[-118.19764,41.4997],[-118.1978,41.49958],[-118.19806,41.49943],[-118.19822,41.49932],[-118.19827,41.49928],[-118.1984,41.49914],[-118.19854,41.499],[-118.19871,41.49885],[-118.19892,41.49867],[-118.19919,41.49849],[-118.19944,41.49835],[-118.19972,41.49823],[-118.19988,41.49817],[-118.20112,41.4978],[-118.20182,41.49756],[-118.20221,41.49742],[-118.20289,41.4972],[-118.20373,41.49693],[-118.204,41.49685],[-118.2052,41.49646],[-118.20633,41.49605],[-118.20661,41.49596],[-118.20703,41.49585],[-118.20732,41.49575],[-118.20775,41.49561],[-118.20801,41.49552],[-118.2086,41.49532],[-118.20878,41.49525],[-118.20885,41.49522],[-118.20905,41.49511],[-118.20917,41.49504],[-118.20927,41.49498],[-118.20937,41.49492],[-118.20942,41.4949],[-118.20949,41.49488],[-118.20971,41.49486],[-118.20984,41.49485],[-118.20997,41.49482],[-118.21045,41.49466],[-118.21078,41.49457],[-118.21144,41.49435],[-118.21188,41.49419],[-118.21243,41.49402],[-118.21279,41.4939],[-118.21319,41.49374],[-118.2133,41.49368],[-118.21339,41.49361],[-118.21355,41.49347],[-118.21379,41.49321],[-118.21398,41.49296],[-118.2142,41.49264],[-118.21459,41.49208],[-118.21467,41.49199],[-118.21474,41.49193],[-118.21483,41.49188],[-118.21492,41.49184],[-118.21501,41.49182],[-118.21513,41.49181],[-118.21549,41.49181],[-118.21576,41.49182],[-118.21646,41.49189],[-118.21667,41.49191],[-118.21681,41.49191],[-118.21703,41.49191],[-118.21734,41.49193],[-118.21741,41.49193],[-118.21747,41.49192],[-118.21761,41.49189],[-118.21798,41.49177],[-118.21818,41.49173],[-118.21837,41.49171],[-118.21877,41.49166],[-118.21887,41.49164],[-118.21909,41.49156],[-118.21928,41.49147],[-118.21956,41.49132],[-118.21979,41.49116],[-118.21995,41.49107],[-118.22016,41.49095],[-118.22032,41.49088],[-118.22047,41.49083],[-118.22057,41.49082],[-118.22075,41.49081],[-118.22087,41.49081],[-118.22113,41.49083],[-118.22131,41.49085],[-118.22154,41.49088],[-118.22179,41.49093],[-118.22195,41.49097],[-118.22236,41.49108],[-118.22284,41.49121],[-118.22326,41.49129],[-118.22358,41.49135],[-118.22446,41.49145],[-118.22475,41.49147],[-118.22508,41.4915],[-118.22581,41.49155],[-118.22643,41.49157],[-118.22676,41.49158],[-118.22709,41.49157],[-118.22742,41.49155],[-118.22789,41.49149],[-118.2283,41.49146],[-118.22932,41.49145],[-118.23008,41.49144],[-118.23134,41.49139],[-118.23166,41.49138],[-118.23203,41.49135],[-118.23252,41.4913],[-118.2332,41.49121],[-118.23338,41.49119],[-118.23361,41.49117],[-118.2338,41.49117],[-118.23412,41.49119],[-118.23417,41.49119],[-118.23422,41.49118],[-118.23426,41.49115],[-118.23428,41.49112],[-118.2343,41.49096],[-118.23433,41.49091],[-118.23438,41.49086],[-118.23446,41.49081],[-118.23476,41.49068],[-118.2353,41.49047],[-118.23555,41.49038],[-118.2358,41.4903],[-118.23596,41.49027],[-118.23629,41.49023],[-118.23647,41.49021],[-118.23689,41.49012],[-118.23753,41.48997],[-118.23786,41.48991],[-118.23817,41.48985],[-118.23832,41.48983],[-118.2385,41.48982],[-118.23879,41.48981],[-118.23924,41.48981],[-118.2394,41.48983],[-118.23947,41.48984],[-118.23954,41.48985],[-118.23962,41.48989],[-118.23985,41.49001],[-118.23998,41.49007],[-118.24011,41.4901],[-118.24019,41.49011],[-118.24027,41.49011],[-118.24033,41.4901],[-118.24041,41.49007],[-118.24046,41.49004],[-118.24056,41.48995],[-118.24077,41.4897],[-118.24089,41.48957],[-118.24097,41.48951],[-118.24105,41.48948],[-118.24126,41.4894],[-118.24156,41.48931],[-118.24182,41.48925],[-118.24207,41.48919],[-118.24266,41.48902],[-118.24324,41.48889],[-118.24343,41.48886],[-118.24365,41.48884],[-118.24426,41.48876],[-118.24459,41.4887],[-118.24465,41.48868],[-118.24522,41.48855],[-118.2453,41.48854],[-118.24541,41.48853],[-118.24551,41.48853],[-118.24562,41.48855],[-118.24568,41.48858],[-118.24576,41.48863],[-118.24581,41.48867],[-118.24585,41.48872],[-118.24589,41.48884],[-118.24592,41.48898],[-118.24594,41.48903],[-118.24597,41.48907],[-118.246,41.48911],[-118.24606,41.48914],[-118.24615,41.48916],[-118.2462,41.48916],[-118.24626,41.48916],[-118.24631,41.48914],[-118.24635,41.48911],[-118.24639,41.48907],[-118.24642,41.489],[-118.24644,41.48893],[-118.24644,41.48885],[-118.24643,41.48875],[-118.24641,41.48866],[-118.24636,41.48849],[-118.24635,41.48839],[-118.24636,41.48835],[-118.24641,41.48828],[-118.24645,41.48825],[-118.24651,41.48822],[-118.24673,41.48812],[-118.24696,41.48804],[-118.2471,41.48801],[-118.24725,41.48798],[-118.2475,41.48796],[-118.24771,41.48796],[-118.24794,41.48797],[-118.2481,41.48799],[-118.24824,41.48801],[-118.24849,41.48806],[-118.2487,41.48811],[-118.24885,41.48815],[-118.2492,41.4882],[-118.24943,41.48823],[-118.24961,41.48823],[-118.24973,41.48822],[-118.24985,41.4882],[-118.24997,41.48816],[-118.25009,41.4881],[-118.25021,41.48804],[-118.25025,41.488],[-118.2503,41.48793],[-118.25036,41.48785],[-118.25038,41.48782],[-118.25041,41.48777],[-118.25049,41.48758],[-118.25054,41.48751],[-118.25057,41.48747],[-118.25061,41.48743],[-118.25069,41.48738],[-118.25077,41.48736],[-118.25089,41.48734],[-118.25098,41.48733],[-118.25103,41.4873],[-118.25108,41.48727],[-118.25114,41.48723],[-118.25121,41.4872],[-118.25134,41.48716],[-118.2515,41.48712],[-118.25255,41.48698],[-118.25336,41.48685],[-118.25463,41.48663],[-118.25475,41.48661],[-118.2555,41.48649],[-118.25662,41.48631],[-118.25687,41.48626],[-118.25701,41.48602],[-118.25709,41.4859],[-118.25719,41.48579],[-118.25745,41.48555],[-118.25762,41.48543],[-118.25781,41.4853],[-118.25809,41.48516],[-118.25862,41.48486],[-118.25922,41.48448],[-118.25943,41.48432],[-118.2596,41.48424],[-118.2597,41.48421],[-118.25979,41.48418],[-118.26004,41.48416],[-118.26035,41.48416],[-118.26054,41.48417],[-118.26073,41.4842],[-118.26088,41.48422],[-118.26108,41.48423],[-118.26128,41.48422],[-118.26148,41.48421],[-118.26169,41.48416],[-118.26187,41.4841],[-118.26203,41.48404],[-118.26216,41.48397],[-118.26226,41.48391],[-118.26238,41.48382],[-118.2625,41.48371],[-118.26254,41.48365],[-118.26262,41.48353],[-118.26273,41.48322],[-118.26279,41.4831],[-118.26288,41.48296],[-118.26293,41.48288],[-118.26301,41.4828],[-118.26347,41.4824],[-118.26353,41.48231],[-118.26356,41.48225],[-118.26359,41.48216],[-118.2636,41.48206],[-118.2636,41.48184],[-118.26362,41.48173],[-118.26364,41.48162],[-118.2637,41.48147],[-118.26378,41.48132],[-118.26385,41.48121],[-118.26395,41.48109],[-118.26416,41.48085],[-118.2646,41.48046],[-118.2648,41.48027],[-118.26503,41.48006],[-118.2653,41.4798],[-118.26548,41.4796],[-118.26594,41.47911],[-118.26608,41.47896],[-118.26636,41.47867],[-118.26655,41.47851],[-118.26681,41.47832],[-118.26734,41.47798],[-118.26765,41.47776],[-118.268,41.47752],[-118.26826,41.47733],[-118.26869,41.47704],[-118.26879,41.47697],[-118.26908,41.47675],[-118.26926,41.47659],[-118.2694,41.47646],[-118.2696,41.47625],[-118.26972,41.47611],[-118.26983,41.47597],[-118.26992,41.47586],[-118.27007,41.47565],[-118.27019,41.47548],[-118.27041,41.47523],[-118.27066,41.47487],[-118.27105,41.4744],[-118.27116,41.47428],[-118.27132,41.47413],[-118.2717,41.47386],[-118.272,41.4736],[-118.27269,41.47312],[-118.27297,41.47294],[-118.27311,41.47286],[-118.27324,41.4728],[-118.27337,41.47276],[-118.27367,41.47268],[-118.27372,41.47266],[-118.27374,41.47264],[-118.27378,41.47257],[-118.27388,41.47233],[-118.27398,41.47218],[-118.2741,41.47205],[-118.27416,41.472],[-118.27441,41.47187],[-118.27472,41.47172],[-118.27554,41.47134],[-118.27578,41.47123],[-118.27592,41.47114],[-118.27606,41.47103],[-118.2762,41.4709],[-118.27647,41.47065],[-118.27669,41.47045],[-118.27682,41.47033],[-118.277,41.47014],[-118.27713,41.47002],[-118.27726,41.46987],[-118.27745,41.46964],[-118.27774,41.46932],[-118.27804,41.46896],[-118.27828,41.46869],[-118.27838,41.4686],[-118.2784,41.46858],[-118.27862,41.46835],[-118.27883,41.46808],[-118.27897,41.46791],[-118.27912,41.46772],[-118.27927,41.46755],[-118.27949,41.46736],[-118.27963,41.46724],[-118.27986,41.46699],[-118.2801,41.46671],[-118.28036,41.46647],[-118.28063,41.46623],[-118.28085,41.46604],[-118.28108,41.46585],[-118.28132,41.46566],[-118.2816,41.46546],[-118.28164,41.46544],[-118.28168,41.46543],[-118.28173,41.46542],[-118.28177,41.46542],[-118.28181,41.46542],[-118.28185,41.46544],[-118.28188,41.46545],[-118.28245,41.46597]]}},{"type":"Feature","properties":{"name":"(unnamed public road)","road_class":"track","surface":"unpaved","source":"OpenStreetMap","source_detail":"osm way 956367926","source_tile":"176/382"},"geometry":{"type":"LineString","coordinates":[[-118.15158,41.60723],[-118.15138,41.60682],[-118.15124,41.60645],[-118.15074,41.60554],[-118.14829,41.60093],[-118.14797,41.60025],[-118.14728,41.59905],[-118.14713,41.59881],[-118.14683,41.59841],[-118.14668,41.59816],[-118.14582,41.59698],[-118.14496,41.59539],[-118.14308,41.59212],[-118.14146,41.58954],[-118.14132,41.58929],[-118.14103,41.58861],[-118.14092,41.58842],[-118.1402,41.58746],[-118.14002,41.58711],[-118.13981,41.58677],[-118.13962,41.58643],[-118.13949,41.58621],[-118.1393,41.58595],[-118.13908,41.58556],[-118.13881,41.58523],[-118.13853,41.58474],[-118.13805,41.58412],[-118.13781,41.58373],[-118.13761,41.58348],[-118.13704,41.58284],[-118.1367,41.5824],[-118.13645,41.58204],[-118.13584,41.58132],[-118.13569,41.58106],[-118.1355,41.58058],[-118.13536,41.58013],[-118.13497,41.57926],[-118.13467,41.57847],[-118.13445,41.57766],[-118.13429,41.57723],[-118.13412,41.57663],[-118.13388,41.57558],[-118.13348,41.57437],[-118.13275,41.57294],[-118.13267,41.57268],[-118.13261,41.57243],[-118.13241,41.57204],[-118.13221,41.57149],[-118.13207,41.57121],[-118.13204,41.57109],[-118.13205,41.57105],[-118.1318,41.57038],[-118.13137,41.56907],[-118.13135,41.56892],[-118.13133,41.56889],[-118.13127,41.56873],[-118.13074,41.56707],[-118.13068,41.56672],[-118.13052,41.56622],[-118.13047,41.56597],[-118.13042,41.5659],[-118.13003,41.56463],[-118.12987,41.56443],[-118.12955,41.56366],[-118.12946,41.56327],[-118.12915,41.56253],[-118.12908,41.56239],[-118.12893,41.56217],[-118.12858,41.56172],[-118.12827,41.56128],[-118.12808,41.56085],[-118.12782,41.55985],[-118.12769,41.55844],[-118.12756,41.55766],[-118.12709,41.55609],[-118.12683,41.55516],[-118.12646,41.55335],[-118.1261,41.55203],[-118.12591,41.55112],[-118.12575,41.55051],[-118.12541,41.54865],[-118.12502,41.54709],[-118.12442,41.54498],[-118.12418,41.54416],[-118.12351,41.54145],[-118.12313,41.54],[-118.12279,41.53894],[-118.12225,41.53714],[-118.12211,41.53671],[-118.12177,41.53553],[-118.12171,41.53523],[-118.12146,41.53432],[-118.121,41.53272],[-118.11982,41.52917],[-118.11916,41.52751],[-118.11892,41.52674],[-118.11844,41.52543],[-118.11727,41.52221],[-118.11705,41.5215],[-118.11668,41.52047],[-118.11646,41.51992],[-118.11606,41.51881],[-118.11543,41.51721],[-118.11506,41.51614],[-118.11472,41.51538],[-118.11454,41.51485],[-118.11425,41.51416],[-118.1139,41.51322],[-118.11375,41.51274],[-118.11336,41.51179],[-118.11294,41.51063],[-118.1129,41.5106],[-118.11241,41.5094],[-118.11225,41.5091],[-118.11206,41.50858],[-118.11084,41.50523],[-118.11078,41.50513],[-118.11049,41.50438],[-118.11027,41.50386],[-118.11008,41.50332],[-118.1099,41.50277],[-118.10977,41.50245],[-118.10963,41.50203],[-118.10924,41.50117],[-118.10896,41.50047],[-118.10868,41.4996],[-118.10852,41.49901],[-118.10828,41.49827],[-118.10819,41.49802],[-118.10808,41.49765],[-118.10776,41.49681],[-118.10768,41.49665],[-118.10712,41.49519],[-118.10704,41.49494],[-118.10664,41.494],[-118.10641,41.49337],[-118.10606,41.49255],[-118.10584,41.49211],[-118.10573,41.4918],[-118.1053,41.49081],[-118.10475,41.48939],[-118.10443,41.48868],[-118.1044,41.48857],[-118.10413,41.48795],[-118.10404,41.48771],[-118.10372,41.48698],[-118.10338,41.48605],[-118.10295,41.48502],[-118.10265,41.48432],[-118.10251,41.4841],[-118.10249,41.48391],[-118.10219,41.48321],[-118.1012,41.4812],[-118.10083,41.4806],[-118.10068,41.48043],[-118.10028,41.48006],[-118.10024,41.48004],[-118.10012,41.4799],[-118.10005,41.47977],[-118.09987,41.4793],[-118.09978,41.479],[-118.09979,41.47876],[-118.09982,41.47862],[-118.09997,41.47824],[-118.09995,41.47816],[-118.09989,41.47805],[-118.09962,41.47765],[-118.09916,41.47716],[-118.09894,41.47686],[-118.09892,41.4768],[-118.09864,41.4764],[-118.09861,41.47638],[-118.09813,41.47566],[-118.09776,41.47515],[-118.09742,41.47493],[-118.09691,41.47453],[-118.09599,41.47386],[-118.09583,41.47373],[-118.09548,41.47339],[-118.09517,41.47313],[-118.09388,41.47212],[-118.09246,41.47096],[-118.09192,41.47056],[-118.08982,41.46885],[-118.08833,41.46766],[-118.08752,41.46697],[-118.08745,41.46693],[-118.08718,41.4667],[-118.08694,41.46652],[-118.08637,41.46609],[-118.08511,41.46526],[-118.08462,41.46486],[-118.0832,41.46391],[-118.08105,41.46237],[-118.08083,41.46222],[-118.08038,41.46202],[-118.07953,41.46171],[-118.07934,41.46165],[-118.07918,41.46163],[-118.07899,41.46164],[-118.07875,41.46161],[-118.07847,41.46154],[-118.07795,41.46128],[-118.07775,41.46103],[-118.07784,41.46048],[-118.07808,41.45999],[-118.078,41.45975],[-118.07739,41.45961],[-118.07677,41.4596],[-118.07625,41.4596],[-118.07574,41.45951],[-118.07555,41.45952],[-118.07491,41.45963],[-118.07452,41.45972],[-118.07431,41.45975],[-118.07383,41.45978],[-118.07224,41.46017]]}},{"type":"Feature","properties":{"name":"(unnamed public road)","road_class":"track","source":"OpenStreetMap","source_detail":"osm way 14325983","source_tile":"175/382","surface_inferred":true},"geometry":{"type":"LineString","coordinates":[[-118.38953,41.33573],[-118.38947,41.33588],[-118.38944,41.33603],[-118.38944,41.33605],[-118.38946,41.33614],[-118.3895,41.33624],[-118.3896,41.33643],[-118.38976,41.33664],[-118.38992,41.33684],[-118.39003,41.33698],[-118.39013,41.33714],[-118.39038,41.33774],[-118.39042,41.33793],[-118.39043,41.33818],[-118.39047,41.33843],[-118.39051,41.33855],[-118.39055,41.33862],[-118.39057,41.33866],[-118.39066,41.33882],[-118.39079,41.33901],[-118.39105,41.33935],[-118.39125,41.33966],[-118.3913,41.33977],[-118.39133,41.33985],[-118.39139,41.34001],[-118.39141,41.34011],[-118.39147,41.34039],[-118.39149,41.34058],[-118.39152,41.34083],[-118.39153,41.34107],[-118.39152,41.34137],[-118.39151,41.34155],[-118.39149,41.34166],[-118.39145,41.34182],[-118.39134,41.34218],[-118.39118,41.34274],[-118.39106,41.34297],[-118.39097,41.34311],[-118.3908,41.34334],[-118.39061,41.34362],[-118.39049,41.34384],[-118.39041,41.344],[-118.39031,41.34424],[-118.39019,41.34448],[-118.39012,41.34467],[-118.39012,41.3447],[-118.39015,41.34495],[-118.39017,41.34505],[-118.39029,41.34539],[-118.39035,41.34561],[-118.3904,41.34589],[-118.39041,41.34604],[-118.39039,41.34679],[-118.39039,41.34685],[-118.39042,41.34704],[-118.39041,41.34715],[-118.39039,41.34729],[-118.39035,41.34772],[-118.39036,41.34779],[-118.39037,41.34784],[-118.3904,41.34792],[-118.39046,41.34803],[-118.39053,41.34816],[-118.39064,41.34831],[-118.39079,41.34851],[-118.39088,41.34862],[-118.39095,41.34867],[-118.391,41.3487],[-118.39114,41.34878],[-118.39123,41.34886],[-118.39129,41.34892],[-118.39134,41.34898],[-118.3914,41.34909],[-118.39149,41.34937],[-118.39154,41.34963],[-118.39158,41.34976],[-118.39178,41.35028],[-118.39193,41.35089],[-118.3921,41.35096],[-118.39224,41.35102],[-118.39241,41.35106],[-118.39253,41.35109],[-118.39266,41.3511],[-118.39289,41.35111],[-118.39323,41.35111],[-118.39338,41.3511],[-118.39381,41.35104],[-118.39389,41.35104],[-118.39398,41.35105],[-118.39426,41.35113],[-118.39439,41.35117],[-118.39494,41.35134],[-118.39502,41.35137],[-118.39518,41.35144],[-118.3954,41.35157],[-118.39544,41.35157],[-118.39547,41.35156],[-118.3955,41.35154],[-118.39552,41.35142]]}},{"type":"Feature","properties":{"name":"(unnamed public road)","road_class":"track","source":"OpenStreetMap","source_detail":"osm way 14325996","source_tile":"175/382","surface_inferred":true},"geometry":{"type":"LineString","coordinates":[[-118.41199,41.37409],[-118.41189,41.37384],[-118.41113,41.37343],[-118.40951,41.37301],[-118.40832,41.37157],[-118.40779,41.37109],[-118.40634,41.3702],[-118.40578,41.36953],[-118.40413,41.36806],[-118.4032,41.3669],[-118.40162,41.36405],[-118.40133,41.36382],[-118.40121,41.36377],[-118.40019,41.36316],[-118.39847,41.3615],[-118.3985,41.36141],[-118.3984,41.36134],[-118.39787,41.35985],[-118.39731,41.35916],[-118.39693,41.35772],[-118.39681,41.35744],[-118.39677,41.35718],[-118.39668,41.35713],[-118.39649,41.35644],[-118.39648,41.35521],[-118.39662,41.3543],[-118.39646,41.35393],[-118.3963,41.35286],[-118.39611,41.35272],[-118.39587,41.3523],[-118.39552,41.35142],[-118.39554,41.35134],[-118.39557,41.35126],[-118.39561,41.35122],[-118.39571,41.35114],[-118.39592,41.35103],[-118.39603,41.35099],[-118.39619,41.35094],[-118.39637,41.3509],[-118.39658,41.35085],[-118.39667,41.35082],[-118.39699,41.35066],[-118.39719,41.35058],[-118.39734,41.35052],[-118.39752,41.35047],[-118.39764,41.35043],[-118.39771,41.35039],[-118.39778,41.35035],[-118.39784,41.35031],[-118.39793,41.35022],[-118.39807,41.35008],[-118.39869,41.34956],[-118.39887,41.34943],[-118.39899,41.34934],[-118.3991,41.34925],[-118.3992,41.34916],[-118.39929,41.34905],[-118.39936,41.34893],[-118.3995,41.34871],[-118.39961,41.34854],[-118.39973,41.34841],[-118.39981,41.34832],[-118.40002,41.34813]]}},{"type":"Feature","properties":{"name":"(unnamed public road)","road_class":"track","source":"OpenStreetMap","source_detail":"osm way 14326044","source_tile":"175/382","surface_inferred":true},"geometry":{"type":"LineString","coordinates":[[-118.42829,41.28769],[-118.4286,41.28758],[-118.42888,41.28749],[-118.42919,41.28742],[-118.42941,41.28738],[-118.42952,41.28736],[-118.42964,41.28736],[-118.42989,41.28737],[-118.42992,41.28737],[-118.42999,41.28735],[-118.43005,41.28732],[-118.43011,41.28729],[-118.43015,41.28724],[-118.43027,41.28702],[-118.43034,41.28696],[-118.43043,41.28691],[-118.43065,41.28684],[-118.43097,41.28673],[-118.43114,41.28666],[-118.43128,41.28659],[-118.43162,41.28642],[-118.43201,41.2862],[-118.43267,41.28585],[-118.43315,41.2856],[-118.43347,41.28541],[-118.43366,41.28529],[-118.43376,41.28521],[-118.43385,41.28513],[-118.43406,41.28492],[-118.43421,41.28469],[-118.43429,41.28457],[-118.43435,41.28447],[-118.43445,41.28435],[-118.43471,41.28408],[-118.43491,41.28382],[-118.43521,41.28348],[-118.43562,41.28311],[-118.43571,41.28303],[-118.43575,41.28297],[-118.43578,41.28292],[-118.43579,41.28288],[-118.43581,41.2828],[-118.43581,41.28276],[-118.43574,41.28249],[-118.43575,41.28243],[-118.43578,41.28237],[-118.43582,41.28232],[-118.43623,41.28197],[-118.43638,41.28182],[-118.43644,41.28177],[-118.43655,41.28169],[-118.43695,41.28143],[-118.43706,41.28136],[-118.43715,41.28128],[-118.43719,41.28123],[-118.43724,41.28117],[-118.43741,41.28092],[-118.43754,41.28077],[-118.43795,41.28037],[-118.4381,41.28023],[-118.43861,41.27983],[-118.43872,41.27976],[-118.43877,41.27973],[-118.43884,41.27971],[-118.43907,41.27967],[-118.43915,41.27965],[-118.43921,41.27962],[-118.43926,41.27959],[-118.43929,41.27956],[-118.43954,41.27932],[-118.44005,41.27888],[-118.44045,41.27856],[-118.44062,41.27841],[-118.44072,41.2783],[-118.44076,41.27824],[-118.44082,41.27816],[-118.44095,41.27792],[-118.44106,41.27776],[-118.44122,41.27759],[-118.44165,41.27714],[-118.44182,41.27694],[-118.44205,41.2767],[-118.4421,41.27666],[-118.44216,41.27662],[-118.4422,41.27661],[-118.44227,41.27659],[-118.44235,41.27657],[-118.44241,41.27657],[-118.44255,41.27656],[-118.44296,41.27656],[-118.44322,41.27655],[-118.44398,41.27646],[-118.44436,41.27645],[-118.44447,41.27643],[-118.44465,41.2764],[-118.44485,41.27638],[-118.44511,41.27638],[-118.4452,41.27639],[-118.44541,41.27643],[-118.44552,41.27644],[-118.44584,41.27645],[-118.44604,41.27646],[-118.44634,41.27649],[-118.44662,41.2765],[-118.44717,41.2765],[-118.44793,41.27649],[-118.44807,41.2765],[-118.44905,41.27648],[-118.44922,41.27649],[-118.44951,41.27646],[-118.44966,41.27643],[-118.44983,41.27638],[-118.45001,41.27631],[-118.45022,41.2762],[-118.4504,41.2761],[-118.45079,41.27589],[-118.45094,41.27583],[-118.45111,41.27577],[-118.45168,41.27558],[-118.45243,41.27529],[-118.45254,41.27527],[-118.45262,41.27526],[-118.453,41.27526],[-118.45311,41.27526],[-118.45323,41.27524],[-118.45367,41.27516],[-118.45415,41.27514],[-118.45431,41.2752],[-118.4544,41.27524],[-118.45454,41.27531],[-118.45497,41.27559],[-118.45522,41.27577],[-118.45532,41.27585],[-118.45556,41.27608],[-118.45561,41.27615],[-118.45565,41.27622],[-118.45566,41.27633],[-118.45567,41.27641],[-118.45566,41.27687],[-118.45567,41.27698],[-118.45569,41.27706],[-118.45573,41.27714],[-118.45578,41.27728],[-118.45589,41.27752],[-118.45592,41.27761],[-118.45595,41.27775],[-118.45595,41.27782],[-118.45597,41.27789],[-118.45599,41.27794],[-118.45602,41.27799],[-118.45608,41.27805],[-118.45622,41.27816],[-118.45756,41.27901],[-118.45762,41.27906],[-118.45768,41.27914],[-118.4577,41.27918],[-118.45772,41.27923],[-118.45773,41.27932],[-118.45773,41.27956],[-118.4577,41.27991],[-118.45771,41.27998],[-118.45772,41.28003],[-118.45791,41.28037],[-118.45808,41.28066],[-118.45813,41.28073],[-118.45826,41.28088],[-118.45838,41.28098],[-118.4586,41.28116],[-118.45877,41.2813],[-118.45887,41.2814],[-118.45897,41.28153],[-118.45904,41.28164],[-118.45913,41.28187],[-118.45918,41.28198],[-118.4594,41.28237],[-118.45956,41.28262],[-118.45969,41.2829],[-118.45972,41.28303],[-118.45973,41.28313],[-118.45973,41.28335],[-118.45966,41.28357],[-118.45957,41.28381],[-118.45956,41.28388],[-118.45956,41.28395],[-118.45959,41.28401],[-118.45965,41.28408],[-118.45968,41.28413],[-118.4597,41.28418],[-118.45972,41.28422],[-118.45973,41.28427],[-118.45973,41.28432],[-118.4597,41.28493],[-118.4597,41.28503],[-118.45972,41.28513],[-118.45976,41.28533],[-118.45983,41.28565],[-118.45991,41.28595],[-118.45993,41.28605],[-118.45994,41.28615],[-118.45991,41.2865],[-118.45991,41.28675],[-118.45991,41.28697],[-118.45991,41.28728],[-118.4599,41.28751],[-118.45986,41.2877],[-118.45972,41.28816],[-118.4597,41.28825],[-118.4597,41.28833],[-118.4597,41.28842],[-118.45974,41.28877],[-118.45974,41.2889],[-118.45973,41.28909],[-118.45971,41.28926],[-118.4597,41.28929],[-118.45966,41.28932],[-118.45961,41.28934],[-118.45956,41.28934],[-118.45951,41.28932],[-118.45949,41.2893],[-118.45937,41.28918],[-118.45922,41.28901],[-118.45917,41.28896],[-118.45912,41.28893],[-118.45906,41.28891],[-118.45901,41.2889],[-118.45895,41.2889],[-118.45883,41.28892],[-118.45876,41.28895],[-118.45868,41.289],[-118.45847,41.28916],[-118.45818,41.28939],[-118.45812,41.28947],[-118.45808,41.28952],[-118.45805,41.28958],[-118.45803,41.28964],[-118.45802,41.2897],[-118.458,41.28988],[-118.45799,41.29013],[-118.45796,41.29044],[-118.45788,41.29092],[-118.45788,41.291],[-118.4579,41.29109],[-118.45793,41.29118],[-118.45801,41.29134],[-118.45808,41.29143],[-118.45821,41.29157],[-118.45835,41.29171],[-118.45843,41.29183],[-118.45845,41.29189],[-118.45847,41.29195],[-118.45846,41.2923],[-118.45847,41.29237],[-118.45853,41.29264],[-118.45854,41.29273],[-118.45853,41.2928],[-118.45852,41.29284],[-118.45848,41.29289],[-118.4584,41.29292],[-118.45794,41.293],[-118.45784,41.29302],[-118.45781,41.29306],[-118.45779,41.2931],[-118.45779,41.29315],[-118.45781,41.29321],[-118.45797,41.29352],[-118.45803,41.29369],[-118.45812,41.29397],[-118.45821,41.29441],[-118.45822,41.29449],[-118.45821,41.29457],[-118.4582,41.29463],[-118.45818,41.2947],[-118.45815,41.29476],[-118.45812,41.2948],[-118.45808,41.29484],[-118.45788,41.29502],[-118.45758,41.29524],[-118.45731,41.2955],[-118.45718,41.29563],[-118.45714,41.29569],[-118.4571,41.29577],[-118.45709,41.29584],[-118.45711,41.29597],[-118.45712,41.29602],[-118.45716,41.29612],[-118.4572,41.29619],[-118.45725,41.29628],[-118.45727,41.29637],[-118.45728,41.29653],[-118.45728,41.29668],[-118.45727,41.29674],[-118.45725,41.29678],[-118.45721,41.29685],[-118.4571,41.29696],[-118.45665,41.29727],[-118.4566,41.29733],[-118.45645,41.29752],[-118.45642,41.29755],[-118.45636,41.29759],[-118.45623,41.29764],[-118.45575,41.29777],[-118.45566,41.29781],[-118.45559,41.29784],[-118.45555,41.29787],[-118.4555,41.29791],[-118.45545,41.29797],[-118.4554,41.29804],[-118.4552,41.29842],[-118.45512,41.29854],[-118.45507,41.2986],[-118.45498,41.29868],[-118.4549,41.29875],[-118.4548,41.29884],[-118.45471,41.29895],[-118.45452,41.29914],[-118.45444,41.2992],[-118.45436,41.29925],[-118.45427,41.2993],[-118.45422,41.29931],[-118.45411,41.29933],[-118.45401,41.29933],[-118.45387,41.29931],[-118.45377,41.29928],[-118.45347,41.2992],[-118.45341,41.29919],[-118.45335,41.2992],[-118.4533,41.29922],[-118.45327,41.29925],[-118.45325,41.29928],[-118.45325,41.29933],[-118.45326,41.29946],[-118.45329,41.29964],[-118.45331,41.29981],[-118.4533,41.29987],[-118.45329,41.29993],[-118.45327,41.29999],[-118.45324,41.30004],[-118.45315,41.30017],[-118.45311,41.30022],[-118.45306,41.30026],[-118.453,41.30029],[-118.45294,41.30032],[-118.45287,41.30033],[-118.45279,41.30033],[-118.45254,41.30029],[-118.45241,41.30028],[-118.45233,41.30028],[-118.45226,41.30028],[-118.45219,41.30029],[-118.45212,41.3003],[-118.45206,41.30032],[-118.45199,41.30035],[-118.45185,41.30041],[-118.45176,41.30047],[-118.45174,41.3005],[-118.45173,41.30053],[-118.45174,41.30056],[-118.45175,41.30058],[-118.45195,41.30076],[-118.45207,41.30087],[-118.45213,41.30096],[-118.45223,41.3011],[-118.45239,41.30135],[-118.45243,41.30138],[-118.45251,41.30143],[-118.45256,41.30143],[-118.45278,41.30146],[-118.45298,41.30151],[-118.45316,41.30156],[-118.45334,41.30162],[-118.45353,41.3017],[-118.45364,41.30175],[-118.45375,41.30183],[-118.45392,41.30195],[-118.45397,41.30197],[-118.45403,41.30198],[-118.45444,41.30198],[-118.45462,41.30199],[-118.4548,41.30201],[-118.45487,41.30203],[-118.45494,41.30205],[-118.45502,41.30209],[-118.45507,41.30212],[-118.45516,41.3022],[-118.45536,41.30237],[-118.45543,41.30242],[-118.45552,41.30246],[-118.45569,41.30251],[-118.45593,41.30258],[-118.45603,41.3026],[-118.45612,41.3026],[-118.4562,41.30259],[-118.45628,41.30256],[-118.45648,41.30247],[-118.4568,41.30237],[-118.45703,41.30232],[-118.45718,41.3023],[-118.45752,41.30228],[-118.45772,41.30228],[-118.45785,41.30226],[-118.45815,41.30221],[-118.45834,41.30218],[-118.45887,41.30215],[-118.46,41.30209],[-118.4605,41.30208],[-118.46065,41.30209],[-118.46074,41.30211],[-118.46107,41.30223],[-118.46114,41.30225],[-118.46121,41.30226],[-118.46129,41.30225],[-118.46154,41.30221],[-118.46163,41.30222],[-118.46167,41.30223],[-118.46196,41.30235],[-118.46209,41.30239],[-118.46215,41.3024],[-118.46231,41.30241],[-118.46252,41.30241],[-118.4627,41.30242],[-118.46298,41.30246],[-118.46315,41.30248],[-118.46327,41.30251],[-118.46341,41.30255],[-118.46355,41.30259],[-118.46403,41.30277],[-118.46418,41.30283],[-118.46487,41.30319],[-118.46492,41.30323],[-118.46498,41.3033],[-118.46501,41.30336],[-118.46502,41.30344],[-118.46501,41.30351],[-118.46498,41.30357],[-118.46494,41.30363],[-118.46488,41.30368],[-118.4646,41.30381],[-118.46454,41.30387],[-118.4645,41.30391],[-118.46441,41.30405],[-118.4643,41.30426],[-118.46425,41.30443],[-118.46419,41.30472],[-118.46419,41.30481],[-118.4642,41.30493],[-118.46422,41.30502],[-118.46426,41.30508],[-118.46429,41.30516],[-118.46435,41.30524],[-118.46442,41.30535],[-118.46447,41.30546],[-118.4645,41.30558],[-118.4645,41.30563],[-118.46449,41.30575],[-118.46445,41.30584],[-118.46437,41.30593],[-118.46434,41.30595],[-118.46427,41.30599],[-118.46419,41.30602],[-118.46397,41.3061],[-118.46379,41.30616],[-118.46367,41.30621],[-118.46356,41.30627],[-118.46336,41.3064],[-118.46329,41.30644],[-118.46159,41.30718],[-118.46101,41.30742],[-118.46077,41.30755],[-118.46037,41.30778],[-118.4601,41.30795],[-118.4592,41.30863],[-118.45876,41.30904],[-118.45863,41.30917],[-118.45858,41.30922],[-118.45855,41.30928],[-118.45849,41.30944],[-118.45844,41.30953],[-118.45839,41.30962],[-118.45831,41.3097],[-118.45822,41.30979],[-118.45805,41.30993],[-118.45792,41.31006],[-118.45782,41.31018],[-118.45774,41.31027],[-118.45759,41.31052],[-118.45751,41.31067],[-118.45744,41.31082],[-118.45733,41.31112],[-118.45715,41.31147],[-118.45707,41.31158],[-118.45699,41.31167],[-118.45691,41.31174],[-118.45686,41.3118],[-118.45683,41.31184],[-118.45676,41.31207],[-118.45672,41.31216],[-118.45667,41.31224],[-118.4566,41.31231],[-118.45656,41.31233],[-118.45642,41.31239],[-118.45636,41.31243],[-118.45631,41.31247],[-118.4562,41.31265],[-118.45607,41.31297],[-118.45601,41.31316],[-118.45599,41.31325],[-118.45598,41.31338],[-118.45598,41.3135],[-118.45601,41.31384],[-118.45604,41.31419],[-118.45603,41.3145],[-118.45601,41.31463],[-118.45597,41.31476],[-118.45593,41.31486],[-118.45586,41.31495],[-118.45578,41.31504],[-118.4556,41.31525],[-118.45548,41.31543],[-118.45533,41.31575],[-118.45526,41.31588],[-118.45523,41.31596],[-118.45515,41.31626],[-118.45511,41.31632],[-118.45499,41.31645],[-118.45492,41.31649],[-118.45483,41.31652],[-118.45478,41.31653],[-118.45462,41.31654],[-118.45457,41.31656],[-118.45452,41.31658],[-118.45447,41.31661],[-118.45444,41.31664],[-118.45441,41.31669],[-118.45436,41.31787],[-118.45427,41.31813],[-118.45417,41.3184],[-118.45404,41.31871],[-118.45397,41.3189],[-118.45373,41.31976],[-118.45371,41.31989],[-118.45371,41.32001],[-118.45373,41.32015],[-118.45375,41.32026],[-118.45379,41.32037],[-118.45386,41.32049],[-118.45391,41.32057],[-118.45417,41.32091],[-118.4542,41.32098],[-118.45421,41.32102],[-118.45421,41.3211],[-118.45418,41.32124],[-118.45406,41.32194],[-118.45401,41.32224],[-118.45401,41.32243],[-118.45403,41.32258],[-118.45404,41.32264],[-118.45407,41.32272],[-118.45422,41.32307],[-118.45425,41.32317],[-118.45427,41.32326],[-118.45428,41.32336],[-118.45428,41.32359],[-118.45428,41.32385],[-118.45428,41.3242],[-118.45428,41.32458],[-118.45427,41.32472],[-118.45424,41.32486],[-118.4542,41.32495],[-118.45414,41.32506],[-118.45401,41.32526],[-118.45395,41.32535],[-118.45387,41.32543],[-118.45365,41.32561],[-118.45347,41.32575],[-118.45328,41.32587],[-118.45279,41.32612],[-118.45244,41.32632],[-118.45219,41.32647],[-118.45207,41.32655],[-118.45203,41.32659],[-118.45197,41.32667],[-118.45194,41.32676],[-118.45193,41.32707],[-118.45192,41.32713],[-118.4519,41.3272],[-118.45188,41.32728],[-118.45184,41.32735],[-118.4518,41.32741],[-118.45174,41.32747],[-118.45168,41.32753],[-118.45125,41.32786],[-118.45108,41.32797],[-118.451,41.32805],[-118.45095,41.32811],[-118.4509,41.32823],[-118.45084,41.32842],[-118.45082,41.32845],[-118.45076,41.32852],[-118.45073,41.32854],[-118.45062,41.32859],[-118.45029,41.32867],[-118.45015,41.3287],[-118.44988,41.32878],[-118.44976,41.32883],[-118.44962,41.3289],[-118.44953,41.32896],[-118.44946,41.32902],[-118.44937,41.32912],[-118.44931,41.3292],[-118.44917,41.32941],[-118.44911,41.3295],[-118.44906,41.32957],[-118.44896,41.32973],[-118.44892,41.32983],[-118.44891,41.32991],[-118.44891,41.32998],[-118.44904,41.33055],[-118.44913,41.33118],[-118.44918,41.33134],[-118.44921,41.33139],[-118.44925,41.33143],[-118.44931,41.33148],[-118.44939,41.33153],[-118.44946,41.33155],[-118.44957,41.33158],[-118.44966,41.33159],[-118.44976,41.33159],[-118.44983,41.33158],[-118.44992,41.33156],[-118.45,41.33152],[-118.45005,41.33149],[-118.45008,41.33146],[-118.45011,41.33141],[-118.45013,41.33135],[-118.45013,41.33131],[-118.45014,41.3311],[-118.45014,41.33103],[-118.45016,41.33097],[-118.45019,41.33088],[-118.45023,41.3308],[-118.45034,41.33067],[-118.45041,41.3306],[-118.4505,41.33053],[-118.45059,41.33047],[-118.45067,41.33042],[-118.45077,41.33038],[-118.45085,41.33035],[-118.45111,41.33029],[-118.45183,41.33016],[-118.45209,41.3301],[-118.45219,41.33007],[-118.45225,41.33004],[-118.45238,41.32996],[-118.45244,41.32993],[-118.45254,41.3299],[-118.45266,41.32988],[-118.45278,41.32987],[-118.4529,41.32988],[-118.45295,41.32989],[-118.45305,41.32993],[-118.45312,41.32998],[-118.45344,41.33019],[-118.45357,41.33026],[-118.45369,41.33031],[-118.45382,41.33034],[-118.4543,41.3304],[-118.45504,41.33051],[-118.45558,41.3306],[-118.45569,41.33062],[-118.45588,41.33061],[-118.45597,41.3306],[-118.45606,41.33058],[-118.45619,41.33054],[-118.45635,41.33046],[-118.4566,41.33028]]}},{"type":"Feature","properties":{"name":"(unnamed public road)","road_class":"track","source":"OpenStreetMap","source_detail":"osm way 14326176","source_tile":"175/382","surface_inferred":true},"geometry":{"type":"LineString","coordinates":[[-118.42989,41.30745],[-118.42987,41.30723],[-118.42984,41.30705],[-118.42977,41.3067],[-118.42975,41.30658],[-118.42975,41.30643],[-118.42977,41.30628],[-118.42981,41.30619],[-118.42983,41.30615],[-118.42987,41.30611],[-118.42995,41.30605],[-118.43,41.30602],[-118.43016,41.30594],[-118.43038,41.30588],[-118.43049,41.30586],[-118.43099,41.30579],[-118.43105,41.30577],[-118.43109,41.30576],[-118.43115,41.30571],[-118.4312,41.30566],[-118.43124,41.30559],[-118.43132,41.30535],[-118.43134,41.30532],[-118.43137,41.30528],[-118.43143,41.30523],[-118.43168,41.30507],[-118.43198,41.30491],[-118.43215,41.30481],[-118.43234,41.30468],[-118.43254,41.3045],[-118.43286,41.30425],[-118.43315,41.30403],[-118.43343,41.30386],[-118.43357,41.30379],[-118.43372,41.3037],[-118.43383,41.3036],[-118.43393,41.30349],[-118.43398,41.30341],[-118.43403,41.30332],[-118.43407,41.30324],[-118.4341,41.30316],[-118.43412,41.30299],[-118.43412,41.30289],[-118.43412,41.30281],[-118.4341,41.30267],[-118.43371,41.30145],[-118.43369,41.30134],[-118.43368,41.30124],[-118.43368,41.30108],[-118.43371,41.3009],[-118.43374,41.30071],[-118.43377,41.3006],[-118.43379,41.30058],[-118.43382,41.30055],[-118.43387,41.30052],[-118.43394,41.3005],[-118.43401,41.30049],[-118.43408,41.30051],[-118.43467,41.30076],[-118.43496,41.30088],[-118.43522,41.30097],[-118.43557,41.30107],[-118.43587,41.30114],[-118.43605,41.30118],[-118.43616,41.30119],[-118.43642,41.30119],[-118.43681,41.30117],[-118.43692,41.30118],[-118.43702,41.3012],[-118.43712,41.30124],[-118.43748,41.30146],[-118.43753,41.30148],[-118.4376,41.30151],[-118.43768,41.30153],[-118.43775,41.30155],[-118.43783,41.30156],[-118.43791,41.30156],[-118.43799,41.30156],[-118.43806,41.30155],[-118.43814,41.30153],[-118.4382,41.30152],[-118.43849,41.30139],[-118.43906,41.3011],[-118.43926,41.30099],[-118.43938,41.30091],[-118.43949,41.30082],[-118.43987,41.30047],[-118.44018,41.30018],[-118.44025,41.3001],[-118.44033,41.3],[-118.44041,41.29988],[-118.44044,41.29981],[-118.44046,41.29975],[-118.44046,41.29969],[-118.44036,41.29928],[-118.44034,41.29913],[-118.44034,41.29888],[-118.44035,41.29882],[-118.44038,41.29877],[-118.44043,41.29872],[-118.4407,41.29857],[-118.44086,41.29847],[-118.44094,41.29841],[-118.44103,41.29834],[-118.44106,41.29829],[-118.44106,41.29827],[-118.44106,41.29821],[-118.44105,41.29816],[-118.44095,41.29798],[-118.44092,41.29792],[-118.4409,41.29786],[-118.44089,41.29773],[-118.44086,41.29759],[-118.44079,41.29749],[-118.44073,41.29744],[-118.44066,41.29741],[-118.44058,41.29739],[-118.44025,41.29733],[-118.44016,41.29731],[-118.43989,41.29721],[-118.4398,41.29719],[-118.43966,41.29718],[-118.43959,41.29719],[-118.43954,41.29721],[-118.43935,41.29733],[-118.43929,41.29735],[-118.43922,41.29736],[-118.43912,41.29735],[-118.43903,41.29733],[-118.43896,41.2973],[-118.43883,41.29723],[-118.43876,41.29718],[-118.43872,41.29715],[-118.43868,41.29709],[-118.43863,41.297],[-118.43857,41.29693],[-118.4385,41.29685],[-118.43843,41.2968],[-118.43836,41.29676],[-118.43806,41.29662],[-118.43797,41.29657],[-118.43793,41.29654],[-118.43791,41.2965],[-118.43791,41.29645],[-118.43791,41.2964],[-118.43793,41.29637],[-118.43799,41.29632],[-118.4381,41.29623],[-118.43819,41.29617],[-118.43835,41.2961],[-118.4389,41.29592],[-118.43899,41.29589],[-118.43908,41.29585],[-118.43916,41.2958],[-118.43923,41.29574],[-118.43927,41.29567],[-118.4393,41.29562],[-118.43932,41.29557],[-118.43933,41.29545],[-118.43933,41.29532],[-118.43931,41.29509],[-118.43929,41.29475],[-118.4393,41.29465],[-118.43931,41.2946],[-118.43933,41.29455],[-118.43936,41.29452],[-118.4394,41.29449],[-118.43945,41.29447],[-118.43952,41.29447],[-118.44016,41.29452],[-118.44026,41.29452],[-118.44035,41.29452],[-118.44046,41.2945],[-118.44076,41.29442],[-118.44151,41.29419],[-118.44158,41.29416],[-118.44164,41.29412],[-118.44169,41.29407],[-118.44172,41.29402],[-118.44176,41.29389],[-118.4418,41.29373],[-118.4419,41.29343],[-118.442,41.29319],[-118.44207,41.29291],[-118.44209,41.2928],[-118.44211,41.29242],[-118.44214,41.2922],[-118.44216,41.29214],[-118.44219,41.29209],[-118.44222,41.29204],[-118.44226,41.29199],[-118.44231,41.29195],[-118.44238,41.2919],[-118.44244,41.29186],[-118.44249,41.29184],[-118.44259,41.2918],[-118.4427,41.29178],[-118.44282,41.29178],[-118.443,41.29181],[-118.44314,41.29185],[-118.44328,41.29188],[-118.44342,41.29191],[-118.44351,41.29192],[-118.44392,41.29193],[-118.44426,41.29193],[-118.4446,41.29192],[-118.44469,41.29192],[-118.44477,41.2919],[-118.44491,41.29185],[-118.445,41.29184],[-118.4451,41.29184],[-118.44519,41.29185],[-118.44528,41.29188],[-118.44537,41.29193],[-118.44556,41.29204],[-118.44564,41.29209],[-118.44573,41.29213],[-118.44581,41.29215],[-118.44588,41.29215],[-118.44594,41.29214],[-118.44609,41.29211],[-118.44629,41.29204],[-118.44638,41.292],[-118.44646,41.29194],[-118.44652,41.29188],[-118.44656,41.29181],[-118.44662,41.29162],[-118.44665,41.29157],[-118.44667,41.29154],[-118.44675,41.29147],[-118.44691,41.29137],[-118.44728,41.29113],[-118.44752,41.291],[-118.44768,41.29093],[-118.44809,41.29079],[-118.44836,41.29068],[-118.44875,41.2905],[-118.44935,41.29029],[-118.44969,41.29016],[-118.44978,41.29011],[-118.44984,41.29008],[-118.44992,41.29],[-118.44994,41.28997],[-118.44996,41.2899],[-118.44999,41.28945],[-118.45001,41.2893],[-118.45005,41.28913],[-118.4501,41.28906],[-118.45016,41.28899],[-118.4502,41.28896],[-118.45032,41.2889],[-118.45052,41.28879]]}},{"type":"Feature","properties":{"name":"(unnamed public road)","road_class":"track","source":"OpenStreetMap","source_detail":"osm way 14326437","source_tile":"175/383","surface_inferred":true},"geometry":{"type":"LineString","coordinates":[[-118.2994,41.19406],[-118.29916,41.19427],[-118.29902,41.19441],[-118.29877,41.19476],[-118.29868,41.1949],[-118.29862,41.19501],[-118.29856,41.19511],[-118.29849,41.19528],[-118.29832,41.19567],[-118.29827,41.19582],[-118.29821,41.19595],[-118.29813,41.1961],[-118.29806,41.1962],[-118.29781,41.19654],[-118.29768,41.19673],[-118.29759,41.1969],[-118.29738,41.19733],[-118.29731,41.19745],[-118.29722,41.19758],[-118.29714,41.19772],[-118.29698,41.19802],[-118.29646,41.19904],[-118.29633,41.19932],[-118.29608,41.2],[-118.29599,41.20022],[-118.29583,41.20057],[-118.29576,41.20074],[-118.29565,41.20106],[-118.29555,41.20139],[-118.2955,41.20152],[-118.2953,41.20191],[-118.2951,41.20232],[-118.29484,41.20293],[-118.2947,41.20322],[-118.29456,41.20349],[-118.29452,41.20363],[-118.29438,41.20396],[-118.29421,41.20435],[-118.2941,41.20458],[-118.29391,41.20494],[-118.29341,41.20597],[-118.2932,41.20633],[-118.29315,41.20643],[-118.29308,41.2066],[-118.29267,41.20746],[-118.29243,41.20794],[-118.29223,41.20826],[-118.292,41.20863],[-118.29166,41.20927],[-118.29125,41.21014],[-118.29102,41.21064],[-118.29085,41.21095],[-118.29076,41.21116],[-118.29058,41.21151],[-118.29039,41.21184],[-118.29018,41.21228],[-118.28997,41.2127],[-118.28959,41.2136],[-118.28947,41.21386],[-118.28928,41.21423],[-118.28912,41.21457],[-118.28903,41.21478],[-118.28883,41.21531],[-118.28878,41.21542],[-118.2887,41.21555],[-118.28861,41.21574],[-118.28847,41.216],[-118.28838,41.21623],[-118.28806,41.21717],[-118.28801,41.21728],[-118.28769,41.2179],[-118.28759,41.21811],[-118.28753,41.21822],[-118.2875,41.21832],[-118.28749,41.2184],[-118.28747,41.2186],[-118.28745,41.21872],[-118.28739,41.21887],[-118.28731,41.21903],[-118.28709,41.2194],[-118.28702,41.21955],[-118.28689,41.21988],[-118.28671,41.22038],[-118.28667,41.22045],[-118.28664,41.2205],[-118.28658,41.22057],[-118.28653,41.22063],[-118.28649,41.22069],[-118.28646,41.22077],[-118.28644,41.22084],[-118.28642,41.22097],[-118.28638,41.22114],[-118.28626,41.22144],[-118.28596,41.22209],[-118.28578,41.2224],[-118.28536,41.22334],[-118.28517,41.22366],[-118.28498,41.22404],[-118.28489,41.22429],[-118.28481,41.22454],[-118.28471,41.22482],[-118.28463,41.22502],[-118.28452,41.22524],[-118.28444,41.22539],[-118.28429,41.22569],[-118.28425,41.22579],[-118.28416,41.22607],[-118.28405,41.22641],[-118.284,41.22651],[-118.28391,41.22666],[-118.28382,41.22684],[-118.28345,41.22765],[-118.28324,41.22807],[-118.28317,41.22823],[-118.28286,41.22906],[-118.28246,41.23018],[-118.28241,41.23031],[-118.28237,41.23044],[-118.28231,41.23069],[-118.28228,41.23077],[-118.28224,41.23086],[-118.28217,41.23096],[-118.28206,41.23124],[-118.28197,41.23149],[-118.28186,41.23173],[-118.28178,41.2319],[-118.28165,41.23231],[-118.28153,41.23278],[-118.28149,41.23302],[-118.28149,41.2332],[-118.28146,41.23332],[-118.28139,41.23361],[-118.2813,41.23384],[-118.28101,41.23465],[-118.28092,41.23488],[-118.28066,41.23561],[-118.28061,41.23577],[-118.28045,41.23625],[-118.28034,41.23653],[-118.28016,41.23703],[-118.28003,41.23736],[-118.27988,41.23777],[-118.27977,41.23801],[-118.2797,41.23816],[-118.27963,41.23835],[-118.27941,41.23903],[-118.27934,41.23924],[-118.27921,41.23964],[-118.27908,41.24003],[-118.27887,41.2406],[-118.27868,41.2412],[-118.27805,41.2428],[-118.27791,41.24327],[-118.27773,41.24395],[-118.27767,41.24412],[-118.27747,41.24464],[-118.27743,41.24473],[-118.2774,41.24486],[-118.27728,41.24521],[-118.27712,41.24565],[-118.277,41.24594],[-118.27689,41.24623],[-118.27684,41.24637],[-118.27679,41.24655],[-118.27676,41.24672],[-118.2767,41.24693],[-118.27655,41.2473],[-118.27647,41.24752],[-118.27614,41.24837],[-118.27606,41.2486],[-118.27585,41.24916],[-118.27568,41.24965],[-118.27559,41.24989],[-118.27552,41.25005],[-118.27548,41.25017],[-118.27544,41.25032],[-118.2754,41.25048],[-118.27534,41.25069],[-118.27517,41.25118],[-118.27504,41.25152],[-118.27474,41.25223],[-118.27469,41.25239],[-118.27462,41.25261],[-118.27457,41.25286],[-118.27452,41.25304],[-118.2743,41.25369],[-118.27422,41.25395],[-118.27387,41.25485],[-118.2738,41.25507],[-118.27372,41.25541],[-118.27364,41.25565],[-118.27353,41.25594],[-118.27343,41.25613],[-118.27326,41.25661],[-118.27308,41.25715],[-118.27291,41.25759],[-118.27285,41.25784],[-118.27279,41.2581],[-118.27265,41.25861],[-118.27244,41.25926],[-118.2723,41.25987],[-118.27198,41.26092],[-118.27182,41.26147],[-118.2717,41.26187],[-118.27159,41.26216],[-118.27141,41.26271],[-118.27104,41.26398],[-118.27086,41.26452],[-118.27064,41.26518],[-118.2706,41.26533],[-118.27055,41.26558],[-118.27047,41.26581],[-118.2704,41.26606],[-118.27023,41.26653],[-118.27009,41.2671],[-118.27002,41.2674],[-118.26979,41.26807],[-118.26963,41.26866],[-118.26939,41.26939],[-118.26916,41.27017],[-118.26902,41.27054],[-118.26891,41.27081],[-118.26885,41.27098],[-118.26873,41.2714],[-118.26856,41.27213],[-118.26843,41.27263],[-118.26834,41.27315],[-118.26824,41.2737],[-118.2682,41.27382],[-118.26816,41.27392],[-118.26802,41.27428],[-118.26781,41.27504],[-118.26761,41.27571],[-118.26751,41.27611],[-118.26736,41.27669],[-118.26729,41.27687],[-118.26713,41.2774],[-118.26693,41.27811],[-118.26676,41.27862],[-118.26659,41.27919],[-118.26645,41.27968],[-118.26627,41.28017],[-118.26609,41.2808],[-118.26583,41.2816],[-118.26566,41.28216],[-118.26557,41.28252],[-118.26541,41.28295],[-118.26509,41.28422],[-118.2649,41.2849],[-118.26476,41.28547],[-118.2646,41.28598],[-118.26444,41.28658],[-118.26437,41.28689],[-118.26428,41.28716],[-118.26418,41.28754],[-118.264,41.28828],[-118.26386,41.28873],[-118.26355,41.28994],[-118.26339,41.29048],[-118.26332,41.2908],[-118.26314,41.29149],[-118.26296,41.29211],[-118.26291,41.2923],[-118.2627,41.29308],[-118.26261,41.29335],[-118.2625,41.29382],[-118.26212,41.2953],[-118.26199,41.29583],[-118.26193,41.29604],[-118.26187,41.29619],[-118.26177,41.29659],[-118.26163,41.2972],[-118.26149,41.29766],[-118.26135,41.29823],[-118.2612,41.29881],[-118.26116,41.29894],[-118.26108,41.2991],[-118.26103,41.29927],[-118.26094,41.29963],[-118.26087,41.30005],[-118.26081,41.30026],[-118.26071,41.30059],[-118.26063,41.30096],[-118.26056,41.30143],[-118.26053,41.3016],[-118.26049,41.30175],[-118.26044,41.30194],[-118.26023,41.3031],[-118.26019,41.30321],[-118.26013,41.30345],[-118.26,41.30424],[-118.25992,41.30459],[-118.25988,41.30476],[-118.25979,41.3052],[-118.25977,41.30536],[-118.25975,41.30556],[-118.25968,41.30599],[-118.25962,41.30627],[-118.25958,41.30651],[-118.25947,41.30729],[-118.25944,41.30738],[-118.25936,41.30785],[-118.2593,41.30826],[-118.25924,41.30869],[-118.25914,41.30925],[-118.259,41.31013],[-118.25896,41.31032],[-118.25888,41.31072],[-118.25876,41.31149],[-118.25846,41.31366]]}},{"type":"Feature","properties":{"name":"(unnamed public road)","road_class":"track","source":"OpenStreetMap","source_detail":"osm way 14329420","source_tile":"175/382","surface_inferred":true},"geometry":{"type":"LineString","coordinates":[[-118.33237,41.35311],[-118.33186,41.35407],[-118.3314,41.35446],[-118.3304,41.35478],[-118.32961,41.35476],[-118.32812,41.35433],[-118.3277,41.3543],[-118.32724,41.35401],[-118.327,41.35325],[-118.3266,41.35286],[-118.3263,41.35277],[-118.32563,41.35282],[-118.3253,41.353],[-118.32515,41.3533],[-118.32521,41.35375],[-118.32554,41.35403],[-118.32627,41.35433],[-118.32709,41.35458],[-118.32767,41.35458],[-118.32815,41.35512],[-118.32812,41.35558],[-118.32776,41.35596],[-118.32779,41.35605]]}},{"type":"Feature","properties":{"name":"(unnamed public road)","road_class":"track","source":"OpenStreetMap","source_detail":"osm way 14331162","source_tile":"175/382","surface_inferred":true},"geometry":{"type":"LineString","coordinates":[[-118.43234,41.30468],[-118.43152,41.30467],[-118.43138,41.30468],[-118.4313,41.3047],[-118.43123,41.30473],[-118.43096,41.3049],[-118.43063,41.30516],[-118.43044,41.3053],[-118.43038,41.30533],[-118.43033,41.30535],[-118.43023,41.30537],[-118.43013,41.30538],[-118.42969,41.30536],[-118.42916,41.30532],[-118.42905,41.3053],[-118.42898,41.30528],[-118.42892,41.30525],[-118.42886,41.30522],[-118.42878,41.30517],[-118.42865,41.30508],[-118.42852,41.305],[-118.42847,41.30499],[-118.42839,41.30497],[-118.42822,41.30495],[-118.42807,41.30497],[-118.42793,41.30499],[-118.42787,41.30502],[-118.42782,41.30505],[-118.42776,41.30511],[-118.42772,41.30522],[-118.42769,41.30535],[-118.42767,41.30551],[-118.42768,41.3056],[-118.42769,41.30569],[-118.42773,41.30582],[-118.42788,41.30613],[-118.42799,41.30633],[-118.42804,41.30644],[-118.42805,41.30652],[-118.42804,41.30657],[-118.42801,41.30661],[-118.42798,41.30663],[-118.42794,41.30663],[-118.42791,41.30663],[-118.42788,41.30661],[-118.42777,41.3065],[-118.42772,41.30646],[-118.42767,41.30645],[-118.42763,41.30646],[-118.4276,41.30648],[-118.42759,41.30649],[-118.42752,41.30666],[-118.42748,41.30673],[-118.42738,41.30689],[-118.42729,41.30702],[-118.42721,41.30712],[-118.42707,41.30726],[-118.42707,41.30741],[-118.42709,41.30754],[-118.42711,41.3076],[-118.42718,41.30778],[-118.42721,41.30784],[-118.42723,41.30792],[-118.42723,41.30799],[-118.42721,41.30807],[-118.42717,41.30814],[-118.42714,41.30818],[-118.42703,41.30825],[-118.4268,41.30838],[-118.42661,41.3085],[-118.42608,41.3088],[-118.42604,41.30883],[-118.42601,41.30888],[-118.42601,41.30892],[-118.42602,41.30896],[-118.42604,41.30901],[-118.42621,41.3092],[-118.42622,41.30923],[-118.42621,41.30927],[-118.42619,41.3093],[-118.42612,41.30932],[-118.42603,41.30933],[-118.42591,41.30934],[-118.42579,41.30933],[-118.42576,41.30933],[-118.42572,41.30935],[-118.42571,41.30937],[-118.42572,41.3094],[-118.42578,41.30947],[-118.42586,41.30953],[-118.42606,41.30964],[-118.42616,41.30967],[-118.4263,41.30971],[-118.42647,41.30974],[-118.42664,41.30976],[-118.42675,41.30978],[-118.42686,41.30982],[-118.42702,41.30993],[-118.42714,41.30999],[-118.42719,41.31001],[-118.42727,41.31003],[-118.42736,41.31004],[-118.42748,41.31005],[-118.42754,41.31007],[-118.4276,41.31009],[-118.42765,41.31013],[-118.42767,41.31015],[-118.42796,41.31037],[-118.42842,41.31073],[-118.42857,41.31086],[-118.4286,41.3109],[-118.42863,41.31094],[-118.42865,41.31098],[-118.42867,41.31107],[-118.42868,41.31111],[-118.4287,41.31119],[-118.42872,41.31125],[-118.42874,41.31129],[-118.42884,41.31141],[-118.42929,41.31188],[-118.42937,41.31195],[-118.42972,41.31222],[-118.42978,41.31227],[-118.42983,41.31233],[-118.42987,41.3124],[-118.42992,41.31252],[-118.42994,41.3126],[-118.42994,41.31275],[-118.42993,41.31289],[-118.42991,41.31299]]}},{"type":"Feature","properties":{"name":"(unnamed public road)","road_class":"track","source":"OpenStreetMap","source_detail":"osm way 14331620","source_tile":"175/382","surface_inferred":true},"geometry":{"type":"LineString","coordinates":[[-118.26489,41.30261],[-118.26414,41.303],[-118.26367,41.30336],[-118.26323,41.30368],[-118.26269,41.30403],[-118.26187,41.30473],[-118.26135,41.3052],[-118.26104,41.30549],[-118.2606,41.30597],[-118.26022,41.30637],[-118.25991,41.30672],[-118.25973,41.30696],[-118.25954,41.30719],[-118.25947,41.30729]]}},{"type":"Feature","properties":{"name":"(unnamed public road)","road_class":"track","source":"OpenStreetMap","source_detail":"osm way 14331694","source_tile":"175/382","surface_inferred":true},"geometry":{"type":"LineString","coordinates":[[-118.36418,41.26545],[-118.36485,41.26542],[-118.36513,41.26541],[-118.36521,41.26543],[-118.3653,41.26544],[-118.36539,41.26547],[-118.36545,41.26549],[-118.36554,41.26555],[-118.36566,41.26565],[-118.36571,41.26569],[-118.36579,41.26572],[-118.36589,41.26575],[-118.36594,41.26575],[-118.36641,41.26572],[-118.36654,41.26574],[-118.3666,41.26576],[-118.36668,41.2658],[-118.36678,41.26586],[-118.36686,41.26591],[-118.36702,41.26606],[-118.36732,41.26629],[-118.36764,41.26652],[-118.36776,41.2666],[-118.36786,41.26664],[-118.36804,41.26673],[-118.36815,41.26678],[-118.36823,41.26683],[-118.3683,41.26688],[-118.36832,41.26691],[-118.36834,41.26696],[-118.36836,41.26702],[-118.36844,41.26769],[-118.36846,41.26779],[-118.36848,41.26794],[-118.36852,41.26805],[-118.36859,41.26814],[-118.36865,41.26819],[-118.36875,41.26826],[-118.3691,41.26845],[-118.36922,41.26851],[-118.36932,41.26854],[-118.36944,41.26858],[-118.36978,41.26866],[-118.37012,41.26875],[-118.37034,41.26882],[-118.37078,41.26902],[-118.37096,41.26911],[-118.37109,41.26919],[-118.37132,41.26937],[-118.37141,41.26944],[-118.3716,41.26961],[-118.3718,41.26983],[-118.37244,41.27038],[-118.3725,41.27045],[-118.37259,41.27056],[-118.37266,41.27067],[-118.3727,41.27075],[-118.37273,41.27083],[-118.37274,41.27091],[-118.37275,41.27099],[-118.37274,41.27108],[-118.37268,41.27126],[-118.37265,41.27132],[-118.37261,41.27138],[-118.37253,41.27147],[-118.3723,41.27164],[-118.37204,41.27186],[-118.3719,41.27199],[-118.37177,41.2721],[-118.37164,41.27225],[-118.37156,41.27237],[-118.37152,41.27243],[-118.3715,41.27249],[-118.37149,41.27255],[-118.37149,41.27261],[-118.37149,41.27271],[-118.37151,41.27278],[-118.37157,41.27289],[-118.37161,41.27293],[-118.37167,41.27299],[-118.37197,41.2732],[-118.37247,41.27352],[-118.37268,41.27366],[-118.37275,41.27373],[-118.3728,41.27379],[-118.37288,41.27393],[-118.37302,41.27412],[-118.37311,41.27422],[-118.37365,41.27479],[-118.37399,41.27518],[-118.3741,41.27532],[-118.37417,41.27543],[-118.37425,41.27556],[-118.37447,41.27609],[-118.37471,41.2766],[-118.37475,41.27672],[-118.37483,41.27701],[-118.37488,41.27723],[-118.37487,41.27734],[-118.37486,41.27741],[-118.37484,41.27747],[-118.37478,41.27757],[-118.37471,41.27765],[-118.37467,41.27771],[-118.37467,41.27773],[-118.37467,41.27783],[-118.37467,41.27795],[-118.37461,41.27828],[-118.37459,41.27847],[-118.37459,41.27856],[-118.3746,41.27869],[-118.37464,41.2788],[-118.37466,41.27884],[-118.37468,41.27888],[-118.37473,41.27893],[-118.37488,41.27905],[-118.37559,41.27954],[-118.37567,41.27962],[-118.37571,41.27968],[-118.37574,41.27975],[-118.37583,41.28004],[-118.37589,41.28028],[-118.37591,41.28035],[-118.37595,41.28043],[-118.37604,41.28056],[-118.37612,41.28064],[-118.37642,41.28098],[-118.37656,41.28117],[-118.3767,41.28133],[-118.37686,41.28144],[-118.37693,41.28149],[-118.37698,41.28155],[-118.37702,41.28161],[-118.37722,41.28199],[-118.37737,41.28231],[-118.37742,41.28244],[-118.37749,41.28265],[-118.37755,41.28279],[-118.37759,41.28286],[-118.37785,41.28315],[-118.37788,41.28319],[-118.37789,41.28325],[-118.37789,41.2833],[-118.37788,41.28336],[-118.37786,41.28338],[-118.37777,41.28344],[-118.3777,41.28348],[-118.37761,41.28353],[-118.37748,41.28361],[-118.37744,41.28364],[-118.37741,41.2837],[-118.37739,41.28379],[-118.37738,41.28396],[-118.37741,41.28444],[-118.37743,41.28451],[-118.37749,41.28464],[-118.37753,41.2847],[-118.37759,41.28476],[-118.37786,41.28499],[-118.37793,41.2851],[-118.37797,41.28517],[-118.378,41.28525],[-118.37802,41.28533],[-118.37803,41.28565]]}},{"type":"Feature","properties":{"name":"(unnamed public road)","road_class":"track","source":"OpenStreetMap","source_detail":"osm way 14331920","source_tile":"175/382","surface_inferred":true},"geometry":{"type":"LineString","coordinates":[[-118.41752,41.31627],[-118.41827,41.31634],[-118.41849,41.31636],[-118.4186,41.31636],[-118.41869,41.31636],[-118.41879,41.31635],[-118.41896,41.31633],[-118.41904,41.31632],[-118.41915,41.31631],[-118.41959,41.31632],[-118.41967,41.31632],[-118.41974,41.31631],[-118.41981,41.31629],[-118.41988,41.31627],[-118.41994,41.31625],[-118.4201,41.31617],[-118.42025,41.31608],[-118.42048,41.31593],[-118.42067,41.31579],[-118.42097,41.31553],[-118.42116,41.31534],[-118.42143,41.31502],[-118.4216,41.31485],[-118.42175,41.31471],[-118.42188,41.31461],[-118.42195,41.31455],[-118.42206,41.31449],[-118.42224,41.31441],[-118.42245,41.31434],[-118.4229,41.31416],[-118.42302,41.31411],[-118.42317,41.31403],[-118.42331,41.31394],[-118.42346,41.31383],[-118.42359,41.31368],[-118.4237,41.31356],[-118.42375,41.31348],[-118.42376,41.31344],[-118.42378,41.31335],[-118.42377,41.31331],[-118.42376,41.31327],[-118.42369,41.31307],[-118.42368,41.31301],[-118.42367,41.31289],[-118.42368,41.31283],[-118.4237,41.31271],[-118.42384,41.31239],[-118.42386,41.3123],[-118.42385,41.31226],[-118.42383,41.31224],[-118.42377,41.31224],[-118.42362,41.31226],[-118.42357,41.31227],[-118.42354,41.31226],[-118.42351,41.31225],[-118.42344,41.31217],[-118.42331,41.312],[-118.42324,41.31191],[-118.42313,41.31181],[-118.42307,41.31176],[-118.42288,41.31165],[-118.4228,41.31159],[-118.42273,41.31152],[-118.42266,41.31142],[-118.42263,41.31135],[-118.4226,41.31128],[-118.42259,41.31121],[-118.42257,41.31059],[-118.42256,41.31053],[-118.42252,41.31044],[-118.42249,41.3104],[-118.42234,41.31021],[-118.42231,41.31015],[-118.42229,41.31008],[-118.42229,41.31001],[-118.42231,41.30994],[-118.42235,41.30988],[-118.4224,41.30979],[-118.42253,41.30959],[-118.42261,41.30946],[-118.42265,41.3094],[-118.4227,41.30932],[-118.42301,41.30896],[-118.42307,41.30888],[-118.42311,41.30882],[-118.42313,41.30876],[-118.42314,41.30869],[-118.42314,41.30864],[-118.42317,41.30855],[-118.4232,41.30846],[-118.42322,41.30841],[-118.42326,41.30836],[-118.42333,41.30828],[-118.42341,41.30823],[-118.42363,41.3081],[-118.42375,41.30802],[-118.42382,41.30797],[-118.42389,41.3079],[-118.42395,41.30783],[-118.42411,41.30757],[-118.42415,41.30753],[-118.42421,41.3075],[-118.42429,41.30747],[-118.42441,41.30746],[-118.42469,41.30745],[-118.42475,41.30743],[-118.4248,41.30741],[-118.42487,41.30736],[-118.42495,41.30726],[-118.42508,41.30704],[-118.4252,41.30686],[-118.42534,41.3066],[-118.42538,41.30652],[-118.42541,41.30647],[-118.42545,41.30643],[-118.42548,41.30642],[-118.42552,41.30642],[-118.42554,41.30644],[-118.42575,41.30711],[-118.42579,41.30712],[-118.42582,41.30712],[-118.42585,41.30711],[-118.42589,41.30707],[-118.42591,41.30702],[-118.42605,41.30665],[-118.42611,41.30647],[-118.42616,41.30614],[-118.4262,41.30609],[-118.42623,41.30607],[-118.42626,41.30606],[-118.4263,41.30606],[-118.42633,41.30608],[-118.42636,41.30612],[-118.42641,41.30631],[-118.42646,41.30641],[-118.42653,41.30651],[-118.42677,41.30695],[-118.42694,41.30727],[-118.42696,41.30729],[-118.427,41.30729],[-118.42703,41.30729],[-118.42707,41.30726],[-118.42707,41.30702],[-118.42708,41.30694],[-118.4271,41.30683],[-118.42713,41.30666],[-118.42714,41.30644],[-118.42713,41.30635],[-118.42711,41.30625],[-118.42709,41.30619],[-118.42704,41.30607],[-118.42694,41.3059],[-118.42687,41.30577],[-118.42683,41.30569],[-118.42677,41.30551],[-118.42669,41.30536],[-118.42668,41.30533],[-118.42667,41.30526],[-118.42668,41.3052],[-118.4267,41.30515],[-118.4269,41.30487],[-118.42694,41.30478],[-118.427,41.30458],[-118.42711,41.30406],[-118.42714,41.30398],[-118.42717,41.30392],[-118.4272,41.30387],[-118.42732,41.30373],[-118.42765,41.30341],[-118.42776,41.30331],[-118.42783,41.30326],[-118.42789,41.30321],[-118.42798,41.30318],[-118.42807,41.30315],[-118.42817,41.30315],[-118.42827,41.30315],[-118.42834,41.30317],[-118.42858,41.30328],[-118.429,41.30349],[-118.42929,41.30363],[-118.4294,41.30367],[-118.42951,41.30368],[-118.42962,41.30369],[-118.42971,41.30369],[-118.42977,41.30368],[-118.42984,41.30367],[-118.42989,41.30365],[-118.42993,41.30362],[-118.42996,41.30359],[-118.43002,41.30351],[-118.43005,41.30344],[-118.43005,41.30339],[-118.43006,41.30318],[-118.43005,41.30302],[-118.43006,41.30259],[-118.43004,41.30251],[-118.43002,41.30245],[-118.42999,41.30238],[-118.42992,41.30229],[-118.42968,41.30195],[-118.42965,41.30189],[-118.42963,41.30183],[-118.42957,41.30172],[-118.42944,41.30156],[-118.42939,41.3015],[-118.4293,41.30142],[-118.42917,41.30132],[-118.42905,41.30122],[-118.42899,41.30114],[-118.42894,41.30107],[-118.42891,41.301],[-118.42887,41.30093],[-118.42867,41.30074],[-118.42864,41.30069],[-118.42863,41.30065],[-118.42863,41.3006],[-118.42868,41.30044],[-118.42877,41.30029],[-118.42883,41.30021],[-118.42898,41.30007],[-118.42902,41.30003],[-118.42908,41.29997],[-118.42913,41.29989],[-118.42917,41.29982],[-118.4292,41.29974],[-118.42921,41.29969],[-118.42924,41.29941]]}},{"type":"Feature","properties":{"name":"(unnamed public road)","road_class":"track","source":"OpenStreetMap","source_detail":"osm way 14333603","source_tile":"175/383","surface_inferred":true},"geometry":{"type":"LineString","coordinates":[[-118.1689,41.1227],[-118.16883,41.12301],[-118.16876,41.12318],[-118.16866,41.1233],[-118.16856,41.12344],[-118.16839,41.12375],[-118.16825,41.12399],[-118.16812,41.12415],[-118.168,41.12429],[-118.16793,41.12437],[-118.16784,41.1245],[-118.16769,41.12478],[-118.16757,41.12505],[-118.16746,41.12534],[-118.16742,41.12552],[-118.16741,41.12565],[-118.16739,41.12572],[-118.16738,41.12586],[-118.16735,41.1267],[-118.16732,41.12695],[-118.16727,41.12728],[-118.16724,41.12765],[-118.16721,41.12834],[-118.16721,41.12844],[-118.16724,41.12857],[-118.16728,41.12871],[-118.16732,41.12888],[-118.16733,41.129],[-118.16734,41.1296],[-118.16735,41.12971],[-118.16736,41.1301],[-118.16733,41.13029],[-118.16719,41.1309],[-118.16715,41.13103],[-118.1671,41.13115],[-118.16699,41.13149],[-118.16691,41.1319],[-118.16683,41.13237],[-118.16682,41.1326],[-118.16683,41.13278],[-118.16686,41.13303],[-118.16689,41.13323],[-118.16691,41.13336],[-118.1669,41.13345],[-118.16687,41.13366],[-118.16684,41.13377],[-118.16679,41.13407],[-118.16678,41.13417],[-118.16679,41.13421],[-118.1668,41.13426],[-118.16685,41.13437],[-118.16698,41.13457],[-118.16714,41.13486],[-118.16719,41.135],[-118.16722,41.13508],[-118.16729,41.13524],[-118.16733,41.13531],[-118.16743,41.13545],[-118.16748,41.13554],[-118.16752,41.13562],[-118.16757,41.13579],[-118.16765,41.13613],[-118.1677,41.1365],[-118.16773,41.13666],[-118.16789,41.13733],[-118.16797,41.13768],[-118.16797,41.13776],[-118.16797,41.1378],[-118.16799,41.13798],[-118.168,41.13804],[-118.16813,41.13841],[-118.1683,41.13886],[-118.16835,41.13902],[-118.1684,41.13931],[-118.16844,41.13948],[-118.1685,41.13965],[-118.16858,41.1399],[-118.1687,41.14035],[-118.16884,41.14079],[-118.16889,41.14101],[-118.16892,41.14113],[-118.16895,41.14144],[-118.16894,41.1417],[-118.16892,41.14193],[-118.16887,41.14218],[-118.16885,41.14229],[-118.16885,41.1424],[-118.16886,41.14271],[-118.16888,41.14308],[-118.16889,41.14318],[-118.16892,41.14327],[-118.16896,41.14336],[-118.169,41.14343],[-118.16927,41.14373],[-118.16954,41.14408],[-118.16969,41.1443],[-118.16986,41.14462],[-118.16993,41.14471],[-118.17,41.1448],[-118.17035,41.14514],[-118.17053,41.14534],[-118.1706,41.14543],[-118.17087,41.1458],[-118.17106,41.14603],[-118.17134,41.14634],[-118.1715,41.14657],[-118.17163,41.14676],[-118.17171,41.14687],[-118.17179,41.14696],[-118.17189,41.1471],[-118.17198,41.14721],[-118.17202,41.14728],[-118.17204,41.14734],[-118.17209,41.14753],[-118.17212,41.14763],[-118.17221,41.14788],[-118.17231,41.14809],[-118.17282,41.149],[-118.17304,41.1494],[-118.17325,41.14973],[-118.17346,41.15007],[-118.17365,41.15041],[-118.17385,41.15075],[-118.17394,41.15088],[-118.17405,41.15107],[-118.17426,41.15147],[-118.17439,41.15177],[-118.17492,41.15287],[-118.17512,41.15331],[-118.17529,41.15364],[-118.17562,41.15437],[-118.17576,41.15468],[-118.176,41.15505],[-118.17613,41.15529],[-118.17629,41.15562],[-118.17633,41.15574],[-118.17648,41.15609],[-118.17667,41.15648],[-118.17684,41.15687],[-118.17716,41.15755],[-118.1774,41.15802],[-118.17755,41.15834],[-118.17788,41.159],[-118.17858,41.16044],[-118.17873,41.16078],[-118.17894,41.1612],[-118.17914,41.16166],[-118.17944,41.16229],[-118.17984,41.16308],[-118.18044,41.16435],[-118.18068,41.16483],[-118.18106,41.16564],[-118.18119,41.16591],[-118.18135,41.16626],[-118.18156,41.1666],[-118.18166,41.1668],[-118.18174,41.167],[-118.18192,41.16733],[-118.18207,41.1677],[-118.18242,41.16837],[-118.1826,41.16878],[-118.1833,41.17023],[-118.18368,41.17095],[-118.18402,41.17168],[-118.18437,41.1724],[-118.18474,41.17313],[-118.18483,41.17337],[-118.18504,41.17379],[-118.18543,41.17451],[-118.18573,41.17517],[-118.18609,41.17589],[-118.18642,41.1766],[-118.18677,41.17734],[-118.18717,41.17813],[-118.18754,41.17888],[-118.18794,41.17963],[-118.18821,41.1803],[-118.18856,41.181],[-118.18867,41.18123],[-118.18873,41.18137],[-118.1888,41.18151],[-118.18925,41.18233],[-118.18946,41.1828],[-118.1896,41.18312],[-118.18995,41.18377],[-118.19029,41.1845],[-118.19065,41.18524],[-118.19077,41.18551],[-118.19079,41.18554],[-118.19101,41.1859],[-118.1911,41.18614],[-118.19133,41.18661],[-118.19173,41.18735],[-118.1919,41.18774],[-118.19228,41.18848],[-118.19249,41.18888],[-118.19281,41.18956],[-118.19341,41.19071],[-118.19355,41.19106],[-118.19412,41.19214],[-118.19419,41.19229],[-118.19426,41.19252],[-118.19434,41.19267],[-118.19459,41.19314],[-118.19486,41.19369],[-118.19496,41.19389],[-118.19512,41.19421],[-118.19527,41.1945],[-118.19575,41.19547],[-118.19583,41.19569],[-118.19614,41.19631],[-118.19635,41.19671],[-118.19661,41.19714],[-118.19694,41.19783],[-118.19712,41.19817],[-118.19742,41.19881],[-118.19752,41.19903],[-118.19761,41.19925],[-118.19813,41.20022],[-118.19818,41.20032],[-118.19826,41.20055],[-118.19833,41.20069],[-118.19849,41.20096],[-118.19883,41.20159],[-118.19889,41.20172],[-118.19905,41.2021],[-118.19921,41.20243],[-118.1996,41.20318],[-118.19994,41.2039],[-118.20047,41.20489],[-118.20069,41.20535],[-118.20086,41.20569],[-118.20104,41.20609],[-118.20117,41.20632],[-118.2013,41.20658],[-118.2014,41.20682],[-118.20177,41.20755],[-118.20236,41.20872],[-118.20293,41.20978],[-118.2032,41.21038],[-118.20369,41.21131],[-118.20382,41.21161],[-118.20391,41.21179],[-118.20408,41.21209],[-118.20448,41.21286],[-118.2047,41.21332],[-118.20487,41.21364],[-118.20527,41.21442],[-118.20556,41.21503],[-118.20573,41.21537],[-118.20608,41.21602],[-118.20619,41.21625],[-118.2063,41.21649],[-118.20682,41.21751],[-118.20695,41.21773],[-118.207,41.21783],[-118.20717,41.21829],[-118.20731,41.21856],[-118.20752,41.21891],[-118.20783,41.21953],[-118.20807,41.22008],[-118.20816,41.22025],[-118.20843,41.22074],[-118.20871,41.22135],[-118.20889,41.2217],[-118.20958,41.22309],[-118.20978,41.22346],[-118.20999,41.22386],[-118.21033,41.22458],[-118.21059,41.22506],[-118.21076,41.2254],[-118.21104,41.22595],[-118.21115,41.22621],[-118.21146,41.22683],[-118.21176,41.22736],[-118.21191,41.2277],[-118.21208,41.22804],[-118.2123,41.22848],[-118.21262,41.2291],[-118.21298,41.22983],[-118.21426,41.23235],[-118.21446,41.23278],[-118.21523,41.23428],[-118.21531,41.23449],[-118.21583,41.23544],[-118.21592,41.23564],[-118.21604,41.23595],[-118.21638,41.23658],[-118.21675,41.23733],[-118.21691,41.23769],[-118.21712,41.2381],[-118.21752,41.23886],[-118.21906,41.24194],[-118.21924,41.24224],[-118.21946,41.24274],[-118.22003,41.24385],[-118.22025,41.24433],[-118.22085,41.24556],[-118.22102,41.24593],[-118.2212,41.24621],[-118.22148,41.24675],[-118.22186,41.24755],[-118.22228,41.24835],[-118.2227,41.24909],[-118.22286,41.24942],[-118.2231,41.24984],[-118.22322,41.25011],[-118.22343,41.25054],[-118.22357,41.25087],[-118.22378,41.25126],[-118.22488,41.25345],[-118.22524,41.2542],[-118.22565,41.255],[-118.22584,41.25535],[-118.22603,41.25581],[-118.22622,41.25619],[-118.22669,41.25703],[-118.22684,41.25736],[-118.22713,41.25796],[-118.22729,41.25826],[-118.22769,41.25907],[-118.22782,41.25935],[-118.22789,41.25948],[-118.22804,41.25978],[-118.22833,41.26029],[-118.22845,41.26055],[-118.22862,41.26093],[-118.22881,41.2613],[-118.22928,41.26219],[-118.22936,41.26237],[-118.22942,41.26251],[-118.22956,41.26278],[-118.22985,41.26336],[-118.23005,41.26373],[-118.23043,41.26447],[-118.23078,41.26512],[-118.23096,41.26549],[-118.23118,41.26596],[-118.23151,41.26661],[-118.23167,41.26694],[-118.23194,41.26745],[-118.23233,41.26816],[-118.23254,41.26858],[-118.23274,41.26904],[-118.23297,41.26945],[-118.23346,41.2704],[-118.23364,41.27076],[-118.23419,41.2718],[-118.23457,41.27256],[-118.23495,41.27328],[-118.23514,41.27369],[-118.23525,41.27395],[-118.23551,41.27444],[-118.23557,41.27453],[-118.23567,41.27466],[-118.23574,41.27473],[-118.23588,41.27486],[-118.23595,41.27491],[-118.236,41.27496],[-118.23603,41.27502],[-118.23606,41.27508],[-118.23608,41.27514],[-118.2361,41.2752],[-118.2361,41.27545],[-118.23611,41.27553],[-118.23613,41.27559],[-118.23615,41.27567],[-118.23626,41.27587],[-118.23634,41.27604],[-118.23652,41.27639],[-118.2367,41.27679],[-118.23685,41.27712],[-118.23706,41.2775],[-118.23729,41.27793],[-118.23748,41.2783],[-118.23764,41.27864],[-118.23803,41.27935],[-118.23821,41.27973],[-118.23874,41.28076],[-118.23902,41.28127],[-118.23923,41.28175],[-118.23934,41.28196],[-118.23953,41.2823],[-118.23975,41.28268],[-118.23998,41.28312],[-118.24012,41.28344],[-118.24055,41.28428],[-118.24071,41.28459],[-118.24075,41.28468],[-118.2408,41.28482],[-118.24134,41.28582],[-118.24151,41.28606],[-118.24156,41.28618],[-118.2416,41.28631],[-118.2417,41.28653],[-118.24183,41.28678],[-118.24203,41.28714],[-118.24224,41.28753],[-118.24235,41.2878],[-118.24264,41.28833],[-118.24297,41.28897],[-118.24305,41.28914],[-118.24316,41.28939],[-118.24321,41.28951],[-118.24336,41.28975],[-118.24365,41.29025],[-118.24397,41.2909],[-118.24414,41.29129],[-118.24438,41.29173],[-118.24459,41.29214],[-118.24474,41.29246],[-118.24553,41.29392],[-118.24586,41.29462],[-118.24605,41.29499],[-118.2463,41.29543],[-118.24648,41.29585],[-118.2468,41.29646],[-118.24718,41.29712],[-118.2473,41.29742],[-118.24738,41.29759],[-118.24777,41.29827],[-118.24796,41.29866],[-118.24814,41.29904],[-118.24829,41.2993],[-118.24848,41.2996],[-118.24896,41.30051],[-118.24915,41.30083],[-118.24941,41.30129],[-118.24965,41.30168],[-118.24974,41.30181],[-118.24984,41.30199],[-118.2499,41.30211],[-118.25012,41.30249],[-118.25044,41.30302],[-118.25104,41.30395],[-118.25116,41.30416],[-118.25199,41.30548],[-118.25218,41.30577],[-118.25261,41.3064],[-118.25297,41.30698],[-118.25318,41.3073],[-118.25363,41.30799],[-118.25381,41.30828],[-118.25396,41.30853],[-118.25438,41.30865],[-118.25503,41.30879],[-118.25568,41.30899],[-118.25682,41.30933],[-118.25718,41.30945],[-118.25746,41.30956],[-118.25772,41.30962],[-118.25798,41.30968],[-118.25821,41.30974],[-118.25829,41.30978],[-118.25833,41.3098],[-118.25837,41.30983],[-118.25843,41.30989],[-118.25847,41.30996],[-118.25849,41.31003],[-118.25849,41.3102],[-118.25849,41.31031],[-118.25847,41.3105],[-118.25845,41.3107]]}},{"type":"Feature","properties":{"name":"(unnamed public road)","road_class":"track","source":"OpenStreetMap","source_detail":"osm way 14333646","source_tile":"175/382","surface_inferred":true},"geometry":{"type":"LineString","coordinates":[[-118.20576,41.48689],[-118.20567,41.48672],[-118.20558,41.48651],[-118.20553,41.48639],[-118.2055,41.48626],[-118.20547,41.48613],[-118.20545,41.486],[-118.20545,41.48579],[-118.20549,41.48561],[-118.20554,41.48546],[-118.20558,41.48535],[-118.20567,41.48511],[-118.20581,41.48463],[-118.20597,41.48402],[-118.20606,41.48376],[-118.20617,41.48338],[-118.2062,41.48302],[-118.20623,41.48271],[-118.20629,41.48208],[-118.20626,41.4816],[-118.20622,41.48136],[-118.2062,41.48123],[-118.20615,41.48105],[-118.20613,41.48089],[-118.20614,41.48075],[-118.20621,41.48027],[-118.20623,41.48004],[-118.20625,41.4798],[-118.20632,41.47934],[-118.20634,41.479],[-118.20639,41.47861],[-118.20646,41.47829],[-118.20651,41.47795],[-118.20654,41.47771],[-118.20658,41.47733],[-118.20657,41.47713],[-118.20654,41.47691],[-118.2065,41.47671],[-118.20646,41.47654],[-118.20638,41.47627],[-118.20636,41.47612],[-118.20635,41.47588],[-118.20636,41.47576],[-118.20639,41.47565],[-118.20643,41.47556],[-118.20646,41.47546],[-118.20647,41.47532],[-118.20642,41.47499],[-118.20637,41.47481],[-118.20636,41.47465],[-118.20635,41.47454],[-118.20637,41.4744],[-118.2064,41.47431],[-118.20646,41.4742],[-118.20688,41.47359],[-118.20694,41.47349],[-118.20699,41.47336],[-118.20706,41.47316],[-118.2071,41.47299],[-118.2072,41.47258],[-118.20748,41.47157],[-118.20751,41.47141],[-118.20754,41.47104],[-118.20758,41.47074],[-118.20764,41.4704],[-118.20765,41.47024],[-118.20765,41.4697],[-118.20769,41.46924],[-118.2077,41.46917],[-118.20773,41.4691],[-118.20779,41.46899],[-118.20793,41.46878],[-118.208,41.46863],[-118.20805,41.4685],[-118.20808,41.46834],[-118.20811,41.46796],[-118.2081,41.46773],[-118.20805,41.46734],[-118.20804,41.46708],[-118.20807,41.46679],[-118.20818,41.46628],[-118.20826,41.46594],[-118.20839,41.46533],[-118.20842,41.46499],[-118.20842,41.46485],[-118.20844,41.46459],[-118.20849,41.46433],[-118.20855,41.46414],[-118.20861,41.46402],[-118.20867,41.4639],[-118.20876,41.46381],[-118.20884,41.46373],[-118.20895,41.46361],[-118.20904,41.46351],[-118.20912,41.46341],[-118.20919,41.46327],[-118.20922,41.46323],[-118.20959,41.46286],[-118.20986,41.46256],[-118.21015,41.46226],[-118.21037,41.462],[-118.21068,41.46158],[-118.21089,41.46134],[-118.21104,41.46113],[-118.21114,41.46097],[-118.21127,41.46072],[-118.21138,41.46052],[-118.21149,41.46037],[-118.21163,41.46023],[-118.21177,41.46006],[-118.21193,41.45986],[-118.212,41.45975],[-118.21211,41.45954],[-118.21227,41.45914],[-118.21237,41.45891],[-118.21265,41.45838],[-118.2128,41.45807],[-118.21289,41.45783],[-118.21294,41.45761],[-118.21301,41.45736],[-118.21306,41.45715],[-118.21314,41.45691],[-118.21331,41.45646]]}},{"type":"Feature","properties":{"name":"(unnamed public road)","road_class":"track","source":"OpenStreetMap","source_detail":"osm way 14333674","source_tile":"175/382","surface_inferred":true},"geometry":{"type":"LineString","coordinates":[[-118.15916,41.46532],[-118.15912,41.46524],[-118.15909,41.46519],[-118.15905,41.46515],[-118.15883,41.46495],[-118.15775,41.46421],[-118.15751,41.46406],[-118.15736,41.46395],[-118.1571,41.46376],[-118.15694,41.46366],[-118.15662,41.4635],[-118.1563,41.46337],[-118.15607,41.46329],[-118.15587,41.46323],[-118.15569,41.46319],[-118.15517,41.46307],[-118.1547,41.46296],[-118.15443,41.46289],[-118.15416,41.4628],[-118.15392,41.46271],[-118.1536,41.46258],[-118.15323,41.46239],[-118.15293,41.46221],[-118.15269,41.46202],[-118.15248,41.46187],[-118.1524,41.46183],[-118.15231,41.4618],[-118.15211,41.46175],[-118.15165,41.46163],[-118.15133,41.46153],[-118.15083,41.46135],[-118.15071,41.4613],[-118.15009,41.461],[-118.14959,41.46079],[-118.14914,41.46058],[-118.149,41.46052],[-118.14888,41.46048],[-118.14874,41.46045],[-118.14867,41.46044],[-118.14857,41.46043],[-118.14824,41.46043],[-118.14813,41.46042],[-118.14803,41.4604],[-118.1478,41.46033],[-118.14747,41.46022],[-118.14718,41.46011],[-118.14647,41.45986],[-118.14617,41.45977],[-118.14491,41.45941],[-118.14456,41.45929],[-118.14415,41.45918],[-118.14372,41.45901],[-118.14332,41.45882],[-118.14293,41.45864],[-118.14271,41.45854],[-118.14245,41.45843],[-118.14232,41.45839],[-118.14204,41.4583],[-118.14169,41.45819],[-118.14145,41.45811],[-118.14111,41.45797],[-118.14089,41.45788],[-118.14068,41.45779],[-118.1405,41.45771],[-118.14021,41.45755],[-118.13993,41.45739],[-118.13971,41.45726],[-118.13953,41.45714],[-118.1393,41.457],[-118.13906,41.45687],[-118.13896,41.45683],[-118.13883,41.45678],[-118.13841,41.45671],[-118.13827,41.45667],[-118.13813,41.45661],[-118.13743,41.45627],[-118.13692,41.45603],[-118.1366,41.45587],[-118.13624,41.45572],[-118.13588,41.45558],[-118.13512,41.45527],[-118.13491,41.45519],[-118.13475,41.4551],[-118.13362,41.45463],[-118.13334,41.4545],[-118.13302,41.45435],[-118.13273,41.4542],[-118.13179,41.45374],[-118.13131,41.45353],[-118.13105,41.4534],[-118.13091,41.45334],[-118.13079,41.45328],[-118.13048,41.45308],[-118.13015,41.45292],[-118.1298,41.45276],[-118.12942,41.4526],[-118.12872,41.45226],[-118.12829,41.45203],[-118.12783,41.45181],[-118.12749,41.45166]]}},{"type":"Feature","properties":{"name":"(unnamed public road)","road_class":"track","source":"OpenStreetMap","source_detail":"osm way 14334137","source_tile":"175/382","surface_inferred":true},"geometry":{"type":"LineString","coordinates":[[-118.33623,41.37821],[-118.33604,41.37844],[-118.33594,41.37855],[-118.3356,41.3788],[-118.33549,41.37886],[-118.33534,41.37892],[-118.33523,41.37895],[-118.33511,41.37897],[-118.33499,41.37899],[-118.33469,41.37899],[-118.3345,41.37898],[-118.33446,41.37897],[-118.33442,41.37894],[-118.33432,41.37887],[-118.33385,41.37857],[-118.33379,41.37853],[-118.33374,41.37851],[-118.33367,41.37849],[-118.33325,41.37844],[-118.33285,41.37841],[-118.33279,41.3784],[-118.33273,41.37837],[-118.33268,41.37834],[-118.33242,41.37804],[-118.33224,41.37782],[-118.33216,41.37767],[-118.33208,41.37751],[-118.33201,41.37735],[-118.33194,41.37718],[-118.33187,41.37706],[-118.33177,41.3769],[-118.33146,41.37652],[-118.33117,41.37614],[-118.33115,41.3761],[-118.3311,41.37603],[-118.33106,41.376],[-118.33099,41.37595],[-118.33091,41.37592],[-118.33052,41.37581],[-118.33021,41.37572],[-118.32991,41.3756],[-118.32963,41.37548],[-118.32955,41.37543],[-118.32925,41.37523],[-118.32913,41.37515],[-118.32906,41.37508],[-118.32882,41.37476],[-118.32878,41.37468],[-118.32875,41.37459],[-118.32874,41.37452],[-118.32873,41.37443],[-118.32875,41.37425],[-118.32879,41.37405],[-118.32881,41.37377],[-118.32882,41.37369],[-118.32884,41.37364],[-118.32887,41.37359],[-118.3289,41.37354],[-118.32898,41.37344],[-118.32902,41.37338],[-118.32905,41.37332],[-118.32907,41.37326],[-118.32909,41.37319],[-118.32909,41.37313],[-118.32908,41.37303],[-118.32905,41.37284],[-118.32901,41.37257],[-118.32901,41.37242],[-118.32892,41.37176],[-118.3288,41.3713],[-118.32878,41.37117],[-118.32877,41.3711],[-118.32878,41.37103],[-118.3288,41.37095],[-118.32885,41.3708],[-118.32889,41.3706],[-118.32892,41.37037],[-118.32894,41.37017],[-118.32894,41.37002],[-118.32893,41.36995],[-118.32891,41.3699],[-118.32886,41.36981],[-118.32885,41.36975],[-118.32885,41.36969],[-118.32888,41.36956],[-118.32904,41.36896],[-118.32907,41.36871],[-118.32912,41.36844],[-118.32923,41.36794],[-118.32927,41.36781],[-118.3293,41.36759],[-118.32931,41.36739],[-118.32934,41.36716],[-118.32936,41.36706],[-118.32939,41.36696],[-118.32949,41.36671],[-118.32952,41.36662],[-118.32954,41.36652],[-118.32957,41.36634],[-118.32957,41.36629],[-118.32956,41.3662],[-118.32954,41.3661],[-118.32951,41.36601],[-118.32933,41.36566],[-118.32918,41.36543],[-118.32912,41.36536],[-118.32906,41.3653],[-118.32899,41.36525],[-118.32889,41.3652],[-118.3286,41.36509],[-118.32855,41.36505],[-118.32851,41.36501],[-118.32849,41.36491],[-118.32849,41.36486],[-118.3285,41.36481],[-118.32856,41.36461],[-118.32865,41.36439],[-118.3287,41.3643],[-118.32877,41.36422],[-118.32884,41.36416],[-118.32891,41.3641],[-118.32901,41.36405],[-118.32917,41.36398],[-118.32931,41.36392],[-118.32945,41.36385],[-118.32955,41.36379],[-118.3296,41.36375],[-118.32966,41.3637],[-118.3298,41.36353],[-118.32993,41.36335],[-118.33015,41.36308],[-118.33019,41.36301],[-118.33022,41.36295],[-118.33025,41.36288],[-118.33026,41.36279],[-118.33028,41.36243],[-118.33028,41.36205]]}},{"type":"Feature","properties":{"name":"(unnamed public road)","road_class":"track","source":"OpenStreetMap","source_detail":"osm way 14335182","source_tile":"175/382","surface_inferred":true},"geometry":{"type":"LineString","coordinates":[[-118.30782,41.35763],[-118.30767,41.35765],[-118.30737,41.35765],[-118.30732,41.35765],[-118.3072,41.35749],[-118.30706,41.35728],[-118.30698,41.35713],[-118.30675,41.35663],[-118.30675,41.35661],[-118.30675,41.35658],[-118.30651,41.35575],[-118.30649,41.35566],[-118.30647,41.35549],[-118.30645,41.35531],[-118.30644,41.35524],[-118.30642,41.35517],[-118.30636,41.35507],[-118.3063,41.35498],[-118.30627,41.35488],[-118.30625,41.35481],[-118.30626,41.35472],[-118.30627,41.35462],[-118.30626,41.35457],[-118.30624,41.35448],[-118.30622,41.35444],[-118.30618,41.35439],[-118.30615,41.35432],[-118.30613,41.35419],[-118.30612,41.35415],[-118.30608,41.35409],[-118.30605,41.35407],[-118.306,41.35406],[-118.30594,41.35407],[-118.30591,41.35409],[-118.30588,41.35411],[-118.30587,41.35413],[-118.30585,41.35419],[-118.30584,41.35429],[-118.30583,41.35441],[-118.30585,41.35481],[-118.30584,41.35515],[-118.30583,41.35528],[-118.3058,41.35547],[-118.30575,41.35565],[-118.30554,41.35612],[-118.3055,41.35627],[-118.3055,41.35638],[-118.3055,41.35682],[-118.30548,41.35695],[-118.30546,41.35702],[-118.30542,41.35714],[-118.30536,41.35728],[-118.30523,41.35768],[-118.30522,41.35776],[-118.30521,41.35785],[-118.30521,41.35796],[-118.30477,41.35833],[-118.30469,41.35831],[-118.30462,41.35829],[-118.30456,41.35828],[-118.30419,41.35827],[-118.30408,41.35825],[-118.304,41.35824],[-118.30388,41.35819],[-118.30377,41.35814],[-118.30368,41.35809],[-118.30362,41.35803],[-118.30357,41.35797],[-118.30353,41.35791],[-118.30331,41.35746],[-118.30327,41.3574],[-118.30322,41.35734],[-118.30316,41.35728],[-118.30307,41.35722],[-118.30272,41.35698],[-118.30216,41.35665],[-118.30145,41.3562],[-118.30112,41.35594],[-118.30098,41.35583],[-118.30093,41.35577],[-118.30082,41.35563],[-118.30072,41.35553],[-118.3002,41.35502],[-118.29973,41.35457],[-118.2994,41.35425],[-118.29934,41.35419],[-118.29916,41.35406],[-118.29899,41.35395],[-118.29863,41.35377],[-118.29804,41.35344],[-118.29769,41.35325],[-118.2973,41.35302],[-118.29705,41.35289],[-118.29677,41.35276],[-118.2963,41.35255],[-118.29538,41.35219],[-118.2947,41.3519],[-118.29458,41.35184],[-118.29445,41.35176],[-118.29413,41.3515],[-118.29386,41.3513],[-118.29369,41.35116],[-118.29346,41.35092],[-118.29292,41.3504],[-118.2924,41.34993],[-118.29212,41.3497],[-118.29183,41.34947],[-118.2917,41.34938],[-118.29164,41.34936],[-118.29158,41.34934],[-118.29152,41.34934],[-118.29118,41.34935],[-118.29111,41.34935],[-118.29104,41.34933],[-118.291,41.34931],[-118.29094,41.34929],[-118.29087,41.34928],[-118.29072,41.34928],[-118.29021,41.34931],[-118.28992,41.34931],[-118.28985,41.34931],[-118.28977,41.34929],[-118.28961,41.34922],[-118.28951,41.34919],[-118.28945,41.34918],[-118.2893,41.34919],[-118.28917,41.34918],[-118.28898,41.34917],[-118.28884,41.34916],[-118.28872,41.34914],[-118.28861,41.34911],[-118.28849,41.34907],[-118.28836,41.34901],[-118.28819,41.34891],[-118.28813,41.34889],[-118.28796,41.34885],[-118.28786,41.34883],[-118.2877,41.34882],[-118.28763,41.34882],[-118.28752,41.34882],[-118.28741,41.3488],[-118.28731,41.34878],[-118.28721,41.34875],[-118.28709,41.34871],[-118.28666,41.3485],[-118.2862,41.34829],[-118.28548,41.34795],[-118.28477,41.34756],[-118.28389,41.34711],[-118.28362,41.34695],[-118.28346,41.34687],[-118.28321,41.34676],[-118.28299,41.34669],[-118.28241,41.3465],[-118.28225,41.34643],[-118.28186,41.34627],[-118.28083,41.3459],[-118.28037,41.34574],[-118.28002,41.34561],[-118.27974,41.34547],[-118.27955,41.3454],[-118.27943,41.34533],[-118.27934,41.34527],[-118.27927,41.34522],[-118.27921,41.34516],[-118.27914,41.34507],[-118.27907,41.34498],[-118.279,41.34487],[-118.27892,41.34471],[-118.27888,41.34464],[-118.27884,41.34457],[-118.2788,41.34448],[-118.27877,41.34437],[-118.27863,41.34403],[-118.27857,41.34392],[-118.27846,41.34378],[-118.27829,41.34358],[-118.27809,41.34339],[-118.27778,41.34309],[-118.27751,41.3428],[-118.27725,41.34251],[-118.27715,41.34239],[-118.27672,41.34183],[-118.27651,41.3416],[-118.27637,41.34142],[-118.27626,41.34127],[-118.27621,41.34116],[-118.27613,41.34095],[-118.27589,41.34038],[-118.27576,41.34012],[-118.27554,41.3397],[-118.27549,41.33959],[-118.27546,41.33956],[-118.27543,41.33953],[-118.27537,41.33952],[-118.27535,41.33952]]}},{"type":"Feature","properties":{"name":"(unnamed public road)","road_class":"track","source":"OpenStreetMap","source_detail":"osm way 14335485","source_tile":"175/382","surface_inferred":true},"geometry":{"type":"LineString","coordinates":[[-118.32035,41.35459],[-118.3206,41.35439],[-118.32066,41.35433],[-118.32079,41.35419],[-118.32087,41.35412],[-118.32095,41.35405],[-118.32106,41.35399],[-118.32116,41.35394],[-118.32167,41.35375],[-118.32182,41.35368],[-118.32203,41.35358],[-118.32244,41.35336],[-118.32324,41.35298],[-118.32331,41.35295],[-118.32337,41.35291],[-118.32344,41.35286],[-118.32352,41.35279],[-118.32364,41.35269],[-118.32377,41.35261],[-118.32389,41.35254],[-118.32411,41.35243],[-118.32441,41.35233],[-118.32464,41.35223],[-118.32479,41.35215],[-118.32521,41.35189],[-118.32528,41.35185],[-118.32535,41.35182],[-118.32544,41.3518],[-118.32568,41.35175],[-118.32624,41.35163],[-118.32642,41.35158],[-118.32651,41.35156],[-118.32664,41.35155],[-118.32676,41.35154],[-118.32712,41.35156],[-118.32724,41.35156],[-118.32749,41.35155],[-118.32765,41.35155],[-118.32777,41.35156],[-118.32788,41.35157],[-118.32802,41.35159],[-118.3285,41.35168],[-118.32861,41.35172],[-118.32872,41.35176],[-118.32881,41.3518],[-118.32898,41.35192]]}},{"type":"Feature","properties":{"name":"(unnamed public road)","road_class":"track","source":"OpenStreetMap","source_detail":"osm way 14335581","source_tile":"175/382","surface_inferred":true},"geometry":{"type":"LineString","coordinates":[[-118.3276,41.34948],[-118.32764,41.34943],[-118.32766,41.3494],[-118.32767,41.34933],[-118.32766,41.34927],[-118.32761,41.34906],[-118.32757,41.34877],[-118.32757,41.34844],[-118.32757,41.34831],[-118.32758,41.34823],[-118.3276,41.34817],[-118.32767,41.34806],[-118.32772,41.34801],[-118.32778,41.34796],[-118.32783,41.3479],[-118.32786,41.34785],[-118.32797,41.34762],[-118.32801,41.3475],[-118.32804,41.34734],[-118.32806,41.34699],[-118.32809,41.34663],[-118.32809,41.34648],[-118.32809,41.34642],[-118.32808,41.34636],[-118.32806,41.34631],[-118.32803,41.34626],[-118.32797,41.34617],[-118.32785,41.34603],[-118.32772,41.34586],[-118.3277,41.34581],[-118.3277,41.34575],[-118.32771,41.3457],[-118.32773,41.34563],[-118.32796,41.34515],[-118.32798,41.34509],[-118.328,41.34503],[-118.32801,41.34475],[-118.32801,41.34455],[-118.32798,41.34379],[-118.32799,41.34369],[-118.32802,41.34357],[-118.32804,41.34353],[-118.32806,41.3435],[-118.32811,41.34345],[-118.32818,41.3434],[-118.32826,41.34337],[-118.32831,41.34335],[-118.32851,41.34331],[-118.32865,41.34327],[-118.32872,41.34324],[-118.32892,41.34312],[-118.32894,41.34309],[-118.32897,41.34304],[-118.32897,41.34299],[-118.32896,41.34295],[-118.32876,41.34281],[-118.32873,41.34277],[-118.32873,41.34274],[-118.32875,41.34269],[-118.32878,41.34266],[-118.32936,41.34239],[-118.32938,41.34238],[-118.3294,41.34234],[-118.32941,41.34231],[-118.32939,41.34227],[-118.32936,41.34224],[-118.32927,41.34221],[-118.3291,41.34218],[-118.32899,41.34215],[-118.32893,41.34213],[-118.32887,41.3421],[-118.3288,41.34206],[-118.32864,41.34194],[-118.32857,41.34188],[-118.32848,41.34178],[-118.32839,41.3416],[-118.32834,41.34149],[-118.32827,41.3413],[-118.32815,41.34098],[-118.32799,41.34043],[-118.32793,41.34026],[-118.32783,41.34004],[-118.32773,41.33988],[-118.32767,41.33979],[-118.32736,41.33944],[-118.32733,41.33939],[-118.32728,41.33921],[-118.32722,41.33894],[-118.32717,41.33879],[-118.32705,41.33808],[-118.327,41.33772],[-118.32688,41.33716],[-118.32683,41.33707]]}},{"type":"Feature","properties":{"name":"(unnamed public road)","road_class":"track","source":"OpenStreetMap","source_detail":"osm way 14336737","source_tile":"175/382","surface_inferred":true},"geometry":{"type":"LineString","coordinates":[[-118.29305,41.31951],[-118.29298,41.31954],[-118.29289,41.3196],[-118.29286,41.31963],[-118.29282,41.31968],[-118.2928,41.31975],[-118.29276,41.31995],[-118.2927,41.32049],[-118.29257,41.32058],[-118.2925,41.32061],[-118.29245,41.32063],[-118.29236,41.32064],[-118.29226,41.32064],[-118.29216,41.32062],[-118.2919,41.32054],[-118.29146,41.32042],[-118.29133,41.32039],[-118.29107,41.32036],[-118.29099,41.32035],[-118.28964,41.32033],[-118.28943,41.32032],[-118.28918,41.32031],[-118.28632,41.32027],[-118.28576,41.32025],[-118.28567,41.32024],[-118.28531,41.3202],[-118.28513,41.32019],[-118.28468,41.32017],[-118.28426,41.32014],[-118.28367,41.3201],[-118.28302,41.32002],[-118.28289,41.32001],[-118.28276,41.32001],[-118.28246,41.32002],[-118.28218,41.32002],[-118.28197,41.32001],[-118.2817,41.31999],[-118.28156,41.31999],[-118.28136,41.31999],[-118.28126,41.32],[-118.28114,41.32001],[-118.28063,41.32001],[-118.28051,41.32],[-118.28036,41.31998],[-118.28025,41.31996],[-118.28012,41.31993],[-118.27987,41.31985],[-118.27972,41.31982],[-118.27885,41.31973],[-118.27834,41.31966],[-118.278,41.3196],[-118.27763,41.31952],[-118.2769,41.31934],[-118.27669,41.3193],[-118.27648,41.31926],[-118.27619,41.31921],[-118.2757,41.31914],[-118.27555,41.31913],[-118.27483,41.31913],[-118.27466,41.31912],[-118.27443,41.3191],[-118.27425,41.31909],[-118.27357,41.31907],[-118.27332,41.31907],[-118.27317,41.31906],[-118.27302,41.31905],[-118.27264,41.31898],[-118.27232,41.31893],[-118.2721,41.3189],[-118.27148,41.31874],[-118.27126,41.31869],[-118.27109,41.31866],[-118.27082,41.31864],[-118.27014,41.31859],[-118.2695,41.31851],[-118.26906,41.31844],[-118.26887,41.31841],[-118.26826,41.3184],[-118.268,41.31837],[-118.26778,41.31834],[-118.26754,41.3183],[-118.26736,41.31827],[-118.26684,41.31822],[-118.26653,41.31817],[-118.26638,41.31816],[-118.26615,41.31815],[-118.26607,41.31814],[-118.26598,41.31812],[-118.2659,41.31809],[-118.26576,41.31799],[-118.26571,41.31797],[-118.26562,41.31795],[-118.26547,41.31795],[-118.26527,41.31796],[-118.26514,41.31797],[-118.26486,41.31795],[-118.26414,41.3179],[-118.26383,41.31789],[-118.26373,41.31788],[-118.26363,41.31789],[-118.26353,41.3179],[-118.26344,41.31791]]}},{"type":"Feature","properties":{"name":"(unnamed public road)","road_class":"track","source":"OpenStreetMap","source_detail":"osm way 14336831","source_tile":"175/383","surface_inferred":true},"geometry":{"type":"LineString","coordinates":[[-118.45415,41.27514],[-118.45447,41.27515],[-118.4547,41.27515],[-118.45493,41.27514],[-118.45592,41.27507],[-118.45622,41.27504],[-118.45664,41.27505],[-118.45681,41.27507],[-118.4571,41.27508],[-118.45736,41.2751],[-118.45757,41.27513],[-118.4578,41.27519],[-118.45786,41.27521],[-118.45794,41.27523],[-118.45801,41.27524],[-118.45815,41.27524],[-118.45821,41.27523],[-118.45842,41.27522],[-118.45872,41.2751],[-118.45913,41.27497],[-118.45964,41.27481],[-118.45977,41.27477],[-118.45993,41.27472],[-118.46009,41.27465],[-118.46014,41.27462],[-118.46018,41.2746],[-118.46022,41.27456],[-118.46024,41.27453],[-118.46025,41.27447],[-118.46023,41.27441],[-118.46018,41.27434],[-118.46004,41.27421],[-118.46,41.27416],[-118.45997,41.27411],[-118.45996,41.27407],[-118.45996,41.27403],[-118.45997,41.27399],[-118.45998,41.27395],[-118.46001,41.27392],[-118.46006,41.27388],[-118.46013,41.27383],[-118.46041,41.2737],[-118.46047,41.27367],[-118.46052,41.27363],[-118.46061,41.27356],[-118.46096,41.27329],[-118.46124,41.27313],[-118.46132,41.2731],[-118.46141,41.27309],[-118.4615,41.27309],[-118.4617,41.2731],[-118.46179,41.2731],[-118.46191,41.27309],[-118.46203,41.27306],[-118.46215,41.27302],[-118.46263,41.2728],[-118.4629,41.27269],[-118.463,41.27264],[-118.46309,41.27258],[-118.46314,41.27254],[-118.46322,41.27245],[-118.46324,41.27239],[-118.46334,41.27211],[-118.46341,41.2718],[-118.46346,41.27143],[-118.46357,41.27108],[-118.46358,41.27098],[-118.46358,41.27081],[-118.46356,41.27022],[-118.46358,41.27006],[-118.46363,41.2699],[-118.46366,41.26982],[-118.46374,41.26967],[-118.46376,41.2696],[-118.46378,41.26953],[-118.46378,41.26946],[-118.46378,41.26938],[-118.46364,41.26871],[-118.4636,41.26838],[-118.46359,41.26819],[-118.46359,41.26805],[-118.46361,41.26783],[-118.46362,41.26757],[-118.46362,41.26744],[-118.46364,41.26731],[-118.46375,41.26699],[-118.46379,41.26682],[-118.46385,41.2662],[-118.46389,41.26589],[-118.4639,41.26555],[-118.46386,41.26523],[-118.46379,41.26501],[-118.46357,41.2647],[-118.46335,41.26444],[-118.46332,41.26441],[-118.46327,41.26439],[-118.46322,41.26438],[-118.46316,41.26438],[-118.46255,41.2645],[-118.46239,41.26452],[-118.4623,41.26452],[-118.46217,41.2645],[-118.4621,41.26448],[-118.46203,41.26446],[-118.46196,41.26443],[-118.46189,41.26439],[-118.46184,41.26434],[-118.46181,41.26429],[-118.4618,41.26425],[-118.46179,41.26404],[-118.46181,41.26382],[-118.46183,41.26373],[-118.46188,41.26366],[-118.46193,41.26361],[-118.46213,41.26344],[-118.46219,41.26339],[-118.46223,41.26333],[-118.46234,41.26311],[-118.46243,41.26291],[-118.46249,41.26278],[-118.46254,41.26263],[-118.46262,41.26235],[-118.46266,41.26217],[-118.4627,41.26188],[-118.46279,41.26152],[-118.46286,41.26127],[-118.46299,41.26094],[-118.46306,41.2608],[-118.46315,41.26068],[-118.46324,41.26057],[-118.46333,41.26044],[-118.46339,41.26032],[-118.46344,41.26018],[-118.46346,41.26008],[-118.46348,41.26003],[-118.46353,41.25994],[-118.46371,41.2597],[-118.4638,41.25958],[-118.46385,41.2595],[-118.46391,41.25938],[-118.46394,41.25926],[-118.46402,41.25912],[-118.46406,41.25907],[-118.46412,41.25899],[-118.46416,41.25891],[-118.46419,41.25882],[-118.46421,41.25872],[-118.46424,41.25838],[-118.46426,41.2583],[-118.46434,41.25811],[-118.46463,41.25756],[-118.46492,41.25706],[-118.4651,41.25679],[-118.4653,41.25651],[-118.46561,41.25614],[-118.4659,41.2557],[-118.46604,41.2555],[-118.46615,41.25534],[-118.46626,41.25517],[-118.46637,41.25492],[-118.46652,41.25465],[-118.4666,41.25445],[-118.46669,41.25423],[-118.46697,41.25354],[-118.46715,41.2532],[-118.46733,41.2529],[-118.46743,41.25265],[-118.46753,41.25237],[-118.46761,41.2522],[-118.46789,41.25172],[-118.46807,41.25135],[-118.46825,41.25095],[-118.46864,41.25025],[-118.46869,41.25014],[-118.4688,41.24995],[-118.46886,41.2498],[-118.46893,41.24956],[-118.46899,41.24939],[-118.46915,41.24912],[-118.4693,41.24884],[-118.46963,41.24828],[-118.47031,41.24729],[-118.47055,41.24696],[-118.47082,41.2465],[-118.47103,41.2461],[-118.47135,41.24556],[-118.47146,41.24536],[-118.47151,41.24525],[-118.47163,41.24491],[-118.47167,41.24482],[-118.47172,41.24472],[-118.47183,41.24455],[-118.47192,41.24441],[-118.47206,41.24414],[-118.47216,41.24397],[-118.47223,41.24383],[-118.47227,41.24369],[-118.47234,41.24351],[-118.47247,41.24325],[-118.47254,41.24312],[-118.47258,41.24301],[-118.47266,41.24276],[-118.47271,41.24266],[-118.47285,41.24242],[-118.47312,41.24188],[-118.4733,41.24147],[-118.4734,41.24127],[-118.47365,41.24062],[-118.47366,41.24054],[-118.47367,41.24045],[-118.47363,41.24003],[-118.47363,41.2399],[-118.47365,41.23977],[-118.47371,41.2395],[-118.47381,41.23911],[-118.47384,41.23898],[-118.47385,41.23887],[-118.47384,41.23873],[-118.4738,41.23857],[-118.47378,41.23844],[-118.47378,41.23835],[-118.47379,41.2383],[-118.4738,41.23826],[-118.47392,41.23808],[-118.47397,41.23799],[-118.47399,41.23792],[-118.47399,41.23787],[-118.47397,41.23752],[-118.47396,41.2373],[-118.47395,41.23695],[-118.47395,41.23691],[-118.47396,41.23687],[-118.47399,41.23683],[-118.47405,41.23679],[-118.47413,41.23676]]}},{"type":"Feature","properties":{"name":"(unnamed public road)","road_class":"track","source":"OpenStreetMap","source_detail":"osm way 14337435","source_tile":"175/382","surface_inferred":true},"geometry":{"type":"LineString","coordinates":[[-118.2288,41.42857],[-118.22884,41.4284],[-118.22892,41.4282],[-118.22902,41.428],[-118.22908,41.42788],[-118.22923,41.42752],[-118.22928,41.42737],[-118.22939,41.42707],[-118.2295,41.42684],[-118.22959,41.4266],[-118.22975,41.42624],[-118.23005,41.42571],[-118.23018,41.42544],[-118.23041,41.42493],[-118.23055,41.42458],[-118.23073,41.42418],[-118.23086,41.42384],[-118.23101,41.42352],[-118.23126,41.42311],[-118.23132,41.423],[-118.23139,41.42278],[-118.23141,41.42266],[-118.23147,41.42225],[-118.23155,41.42202],[-118.23159,41.42186],[-118.2316,41.42175],[-118.23159,41.42163],[-118.23151,41.42122],[-118.23149,41.42096],[-118.23149,41.42083],[-118.23151,41.42067],[-118.23152,41.42059],[-118.23159,41.4204],[-118.23165,41.42026],[-118.23174,41.42012],[-118.23179,41.42005],[-118.23185,41.41998],[-118.23193,41.41992],[-118.23213,41.41982],[-118.23221,41.41976],[-118.23225,41.41972],[-118.23238,41.41959],[-118.23251,41.41947],[-118.23274,41.41932],[-118.23298,41.41914],[-118.23312,41.419],[-118.23321,41.41889],[-118.23344,41.41857],[-118.23367,41.41824],[-118.23382,41.41804],[-118.23392,41.41792],[-118.23406,41.41777],[-118.23415,41.4177],[-118.23426,41.41758],[-118.23429,41.41752],[-118.23434,41.41741],[-118.23436,41.41734],[-118.23441,41.41704],[-118.23444,41.4169],[-118.23459,41.4165],[-118.23472,41.41619],[-118.23477,41.41609],[-118.2349,41.4159],[-118.23507,41.41566],[-118.23519,41.41551],[-118.23549,41.41519],[-118.23554,41.41512],[-118.23558,41.41505],[-118.23564,41.41491],[-118.23568,41.41479],[-118.23573,41.41462],[-118.23579,41.41449],[-118.23587,41.41436],[-118.23618,41.41382],[-118.23636,41.41348],[-118.2366,41.41308],[-118.2368,41.41274],[-118.23692,41.41257],[-118.23707,41.4123],[-118.23722,41.412],[-118.23754,41.41122],[-118.2378,41.41068],[-118.23802,41.41024],[-118.23812,41.40997],[-118.23818,41.40981],[-118.23829,41.40942],[-118.23839,41.40908],[-118.23853,41.40848],[-118.23867,41.40797],[-118.23875,41.40769],[-118.23897,41.40696],[-118.23921,41.40629],[-118.23938,41.40585],[-118.23943,41.40574],[-118.23951,41.4056],[-118.23963,41.40523],[-118.2397,41.40505],[-118.23973,41.40499],[-118.23978,41.40493],[-118.23986,41.40484],[-118.23993,41.40474],[-118.24007,41.40453],[-118.24015,41.40439],[-118.24023,41.40426],[-118.24031,41.40418],[-118.24038,41.4041],[-118.24063,41.40387],[-118.24089,41.40364],[-118.24097,41.40355],[-118.2412,41.40327],[-118.24135,41.40307],[-118.24145,41.40293],[-118.24161,41.40266],[-118.24183,41.40225],[-118.24204,41.40165],[-118.24217,41.40133],[-118.24234,41.40093],[-118.24261,41.40035],[-118.24279,41.39984],[-118.24291,41.39945],[-118.24314,41.39882],[-118.24316,41.39871],[-118.24324,41.39805],[-118.2433,41.3978],[-118.2434,41.39753],[-118.24341,41.39747],[-118.24342,41.39741],[-118.24341,41.39735],[-118.24336,41.39706],[-118.24335,41.39691],[-118.24336,41.39679],[-118.24338,41.39666],[-118.24341,41.39654],[-118.24369,41.39587],[-118.24373,41.39576],[-118.24392,41.39505],[-118.24398,41.39481],[-118.24404,41.3946],[-118.2441,41.39442],[-118.24423,41.39411],[-118.24424,41.39405],[-118.24425,41.39391],[-118.24425,41.39364],[-118.24426,41.39346],[-118.24429,41.39325],[-118.24431,41.39312],[-118.24434,41.39301],[-118.2444,41.39289],[-118.24447,41.39279],[-118.24472,41.39248],[-118.24495,41.39224],[-118.24513,41.392],[-118.24591,41.39095],[-118.24618,41.39062],[-118.2466,41.3901],[-118.24698,41.3897],[-118.2471,41.38958],[-118.24726,41.38935],[-118.24735,41.38922],[-118.24749,41.38898],[-118.24771,41.38856],[-118.2479,41.38829],[-118.24802,41.38815],[-118.24831,41.38786],[-118.24848,41.38768],[-118.24879,41.38728],[-118.24911,41.38694],[-118.24936,41.38669],[-118.24966,41.38637],[-118.24996,41.38603],[-118.25019,41.38578],[-118.25037,41.3856],[-118.25058,41.38542],[-118.25073,41.3853],[-118.25091,41.38513],[-118.25108,41.38493],[-118.25125,41.38478],[-118.25145,41.38458],[-118.25158,41.38446],[-118.25174,41.38432],[-118.25189,41.38418],[-118.25194,41.38412],[-118.25204,41.38388],[-118.25208,41.3838],[-118.25213,41.38375],[-118.25221,41.38368],[-118.25269,41.38325],[-118.25289,41.38307],[-118.25307,41.38289],[-118.25344,41.38255],[-118.25423,41.38184],[-118.2547,41.38138],[-118.25513,41.381],[-118.25546,41.38068],[-118.25561,41.38055],[-118.25571,41.38045],[-118.25608,41.38015],[-118.25619,41.38007],[-118.25646,41.37986],[-118.25687,41.37945],[-118.25725,41.37904],[-118.25746,41.37884],[-118.25758,41.37873],[-118.25771,41.37861],[-118.25812,41.37815],[-118.25837,41.37786],[-118.25868,41.37747],[-118.25893,41.37713],[-118.25908,41.37695]]}},{"type":"Feature","properties":{"name":"(unnamed public road)","road_class":"track","source":"OpenStreetMap","source_detail":"osm way 14337760","source_tile":"175/382","surface_inferred":true},"geometry":{"type":"LineString","coordinates":[[-118.33262,41.34119],[-118.33227,41.34124],[-118.33199,41.34126],[-118.33142,41.34127],[-118.33101,41.34123],[-118.33057,41.34119],[-118.33016,41.34117],[-118.33004,41.34117],[-118.32982,41.34119],[-118.32964,41.34119]]}},{"type":"Feature","properties":{"name":"(unnamed public road)","road_class":"track","source":"OpenStreetMap","source_detail":"osm way 14339151","source_tile":"175/383","surface_inferred":true},"geometry":{"type":"LineString","coordinates":[[-118.31493,41.24414],[-118.31542,41.24416],[-118.31573,41.24419],[-118.316,41.24422],[-118.31659,41.24432],[-118.31685,41.24439],[-118.31702,41.24445],[-118.31718,41.24451],[-118.31757,41.24473],[-118.31812,41.24498],[-118.3188,41.24527],[-118.31901,41.24538],[-118.31981,41.24585],[-118.31995,41.24598],[-118.3201,41.24615],[-118.32018,41.24627],[-118.32041,41.24651],[-118.32048,41.24657],[-118.32057,41.24663],[-118.32067,41.24666],[-118.32104,41.24672],[-118.32122,41.24677],[-118.32133,41.24681],[-118.32165,41.24697],[-118.32188,41.24706],[-118.32276,41.24753],[-118.32351,41.24792],[-118.32373,41.24804],[-118.32406,41.2483],[-118.32413,41.24836],[-118.32418,41.24842],[-118.32423,41.24849],[-118.32446,41.24897],[-118.32457,41.24917],[-118.32473,41.2495],[-118.32496,41.24974],[-118.32505,41.2498],[-118.32516,41.24988],[-118.32528,41.24992],[-118.32537,41.24995],[-118.32544,41.24996],[-118.32601,41.24999],[-118.32616,41.25],[-118.32632,41.25004],[-118.3264,41.25006],[-118.32653,41.25011],[-118.32676,41.2502],[-118.32692,41.25027],[-118.32704,41.25035],[-118.32711,41.25041],[-118.3272,41.25049],[-118.32731,41.25065],[-118.32763,41.2511],[-118.32765,41.25115],[-118.32764,41.25121],[-118.32763,41.25127],[-118.32756,41.25145],[-118.32755,41.25151],[-118.32755,41.25156],[-118.32757,41.2516],[-118.3276,41.25164],[-118.32765,41.25168],[-118.32782,41.2518],[-118.32785,41.25183],[-118.32788,41.25188],[-118.32791,41.25192],[-118.32793,41.25202],[-118.32794,41.2522],[-118.32795,41.2523],[-118.328,41.25262],[-118.32802,41.25271],[-118.32805,41.25281],[-118.3281,41.2529],[-118.32818,41.25304],[-118.32829,41.2532],[-118.32854,41.25352],[-118.32864,41.25365],[-118.32878,41.25379],[-118.32886,41.25386],[-118.32897,41.25392],[-118.32917,41.254],[-118.32931,41.25404],[-118.32987,41.25417],[-118.33003,41.2542],[-118.33034,41.25422],[-118.3305,41.25424],[-118.33061,41.25426],[-118.33068,41.25428],[-118.33079,41.25432],[-118.33115,41.25454],[-118.33126,41.25459],[-118.3314,41.25464],[-118.33159,41.25469],[-118.33178,41.25473],[-118.33186,41.25474],[-118.33195,41.25477],[-118.33237,41.25496],[-118.33267,41.25508],[-118.33293,41.25521],[-118.33307,41.25527],[-118.33321,41.25532],[-118.33333,41.25535],[-118.33346,41.25538],[-118.33365,41.25541],[-118.33424,41.25549],[-118.33454,41.25553],[-118.33492,41.25558],[-118.33526,41.25561],[-118.33537,41.25563],[-118.33548,41.25566],[-118.33561,41.25572],[-118.33592,41.25587],[-118.33615,41.25599],[-118.33644,41.25611],[-118.33713,41.25636],[-118.33732,41.25644],[-118.33752,41.25652],[-118.33782,41.25661],[-118.33801,41.25666],[-118.3381,41.25667],[-118.3383,41.2567],[-118.33938,41.25672],[-118.33958,41.25673],[-118.33968,41.25674],[-118.33978,41.25676],[-118.33987,41.25679],[-118.34001,41.25686],[-118.34012,41.25688],[-118.3402,41.25689],[-118.34024,41.25689],[-118.3404,41.25686],[-118.34045,41.25686],[-118.34049,41.25687],[-118.34055,41.25688],[-118.34066,41.25693],[-118.34075,41.25698],[-118.34135,41.25726],[-118.34191,41.25752],[-118.34228,41.25768],[-118.34238,41.25773],[-118.34248,41.25783],[-118.34268,41.25813],[-118.34273,41.25818],[-118.3428,41.25823],[-118.34283,41.25825],[-118.34293,41.25828],[-118.34299,41.25831],[-118.34304,41.25834],[-118.34321,41.2585],[-118.34329,41.25858],[-118.34351,41.25874],[-118.34363,41.25881],[-118.34373,41.25889],[-118.34381,41.25897],[-118.34402,41.25926],[-118.34407,41.25931],[-118.34415,41.25937],[-118.3442,41.25939],[-118.34425,41.25941],[-118.3443,41.25942],[-118.34437,41.25943],[-118.34463,41.25943],[-118.34493,41.25941],[-118.34532,41.25936],[-118.34538,41.25934],[-118.34547,41.25929],[-118.34564,41.25919],[-118.34572,41.25915],[-118.34581,41.25913],[-118.34591,41.25912],[-118.34601,41.25912],[-118.3461,41.25914],[-118.34617,41.25916],[-118.34624,41.25919],[-118.34655,41.2594],[-118.34663,41.25944],[-118.34672,41.25947],[-118.34686,41.25952],[-118.34691,41.25955],[-118.34697,41.25959],[-118.34704,41.25965],[-118.34711,41.25973],[-118.34725,41.25988],[-118.34739,41.25998],[-118.34746,41.26003],[-118.34753,41.26007],[-118.34771,41.26014],[-118.3478,41.26016],[-118.34794,41.26019],[-118.34804,41.2602],[-118.34819,41.26023],[-118.34832,41.26026],[-118.34863,41.26034],[-118.34906,41.26048],[-118.34915,41.2605],[-118.34927,41.26054],[-118.34934,41.26058],[-118.3494,41.26064],[-118.34949,41.26073],[-118.34956,41.26079],[-118.34965,41.26086],[-118.34977,41.26093],[-118.34992,41.26101],[-118.35013,41.2611],[-118.35034,41.26119],[-118.35046,41.26125],[-118.35058,41.26132],[-118.35075,41.26144],[-118.35091,41.26158],[-118.35098,41.26165],[-118.35134,41.26204],[-118.35144,41.26212],[-118.35148,41.26214],[-118.35154,41.26217],[-118.35169,41.26221],[-118.35197,41.26229],[-118.35233,41.26237],[-118.35247,41.26239],[-118.35311,41.26246],[-118.35325,41.26248],[-118.35336,41.2625],[-118.3541,41.26275],[-118.35421,41.26279],[-118.35438,41.2629],[-118.35448,41.26296],[-118.35459,41.26302],[-118.35471,41.26307],[-118.35483,41.26312],[-118.35502,41.26317],[-118.35529,41.26321],[-118.35546,41.26323],[-118.35632,41.26326],[-118.35676,41.26326],[-118.35684,41.26326],[-118.35694,41.26329],[-118.35713,41.26335],[-118.35718,41.26336],[-118.35729,41.26337],[-118.35742,41.26336],[-118.35778,41.26329],[-118.35813,41.26322],[-118.35818,41.26321],[-118.35823,41.26318],[-118.35831,41.26312],[-118.35856,41.26289],[-118.35861,41.26286],[-118.35864,41.26284],[-118.35868,41.26283],[-118.35877,41.26283],[-118.35917,41.26285],[-118.35961,41.26289],[-118.35983,41.26293],[-118.36026,41.26302],[-118.36068,41.26313],[-118.36095,41.2632],[-118.36106,41.26322],[-118.36117,41.26324],[-118.36128,41.26324],[-118.36139,41.26323],[-118.36191,41.26316],[-118.36203,41.26315],[-118.36217,41.26315],[-118.36231,41.26315],[-118.36244,41.26317],[-118.36348,41.26324],[-118.36378,41.26327],[-118.36386,41.26329],[-118.36397,41.26332],[-118.36411,41.26337],[-118.36425,41.26346],[-118.36435,41.26352],[-118.36443,41.2636],[-118.36448,41.26367],[-118.3645,41.26379],[-118.3645,41.26385],[-118.36449,41.26393],[-118.36447,41.26398],[-118.36443,41.26407],[-118.3644,41.26413],[-118.36439,41.26419],[-118.3644,41.26425],[-118.36445,41.26438],[-118.36464,41.26472],[-118.36469,41.26479],[-118.36476,41.26485],[-118.36483,41.26491],[-118.36506,41.26503],[-118.36531,41.26515],[-118.3658,41.2654],[-118.36619,41.26557],[-118.36632,41.26564],[-118.36641,41.26572]]}},{"type":"Feature","properties":{"name":"(unnamed public road)","road_class":"track","source":"OpenStreetMap","source_detail":"osm way 14340537","source_tile":"175/382","surface_inferred":true},"geometry":{"type":"LineString","coordinates":[[-118.39043,41.33818],[-118.39021,41.33829],[-118.38972,41.33848],[-118.38829,41.33918],[-118.38675,41.33989],[-118.38507,41.33976],[-118.38392,41.33977],[-118.3822,41.33997],[-118.38178,41.33984],[-118.38104,41.33931],[-118.37997,41.33823],[-118.3783,41.33736],[-118.37781,41.33692],[-118.37741,41.33618],[-118.37694,41.33561],[-118.37686,41.33552],[-118.37651,41.33558],[-118.37631,41.33574],[-118.37599,41.33595],[-118.3741,41.33672],[-118.37313,41.33642],[-118.37134,41.33615],[-118.37018,41.33567],[-118.36924,41.33555],[-118.36706,41.33542],[-118.36472,41.33505],[-118.36323,41.33524],[-118.36276,41.335],[-118.36269,41.33496],[-118.36199,41.33472],[-118.35987,41.33451],[-118.35896,41.33409],[-118.35878,41.33406],[-118.35868,41.334],[-118.35857,41.33393],[-118.35848,41.33386],[-118.35843,41.33381],[-118.35835,41.33375],[-118.35832,41.3337],[-118.3583,41.33366],[-118.35828,41.33359],[-118.35827,41.33348],[-118.35826,41.33331],[-118.35823,41.33318],[-118.35818,41.33307],[-118.35811,41.33293],[-118.35807,41.33286],[-118.35792,41.33263],[-118.35785,41.33256],[-118.3575,41.33227],[-118.35734,41.33212],[-118.35711,41.33194],[-118.35655,41.33158],[-118.35644,41.33149],[-118.35637,41.33142],[-118.35629,41.33132],[-118.35612,41.33113],[-118.35599,41.33092],[-118.35589,41.3308],[-118.35586,41.33075],[-118.35583,41.33067],[-118.35575,41.33038],[-118.35571,41.33029],[-118.35565,41.33021],[-118.3556,41.33015],[-118.35552,41.33011],[-118.35541,41.33006],[-118.35527,41.33002],[-118.35481,41.32994],[-118.35455,41.32989],[-118.35448,41.32987],[-118.35442,41.32985],[-118.35436,41.32982],[-118.35423,41.32974],[-118.35418,41.32969],[-118.35402,41.32947],[-118.3539,41.32934],[-118.35383,41.32929],[-118.35374,41.32923],[-118.35369,41.32922],[-118.35354,41.32918],[-118.35341,41.32916],[-118.35333,41.32915],[-118.35308,41.32913],[-118.35252,41.32909],[-118.35123,41.32895],[-118.35108,41.32894],[-118.35075,41.32894],[-118.34927,41.32902],[-118.34913,41.32903],[-118.34899,41.32906],[-118.34875,41.32913],[-118.34865,41.32915],[-118.34855,41.32916],[-118.34845,41.32917],[-118.34835,41.32916],[-118.34825,41.32915],[-118.3481,41.32913],[-118.34797,41.32909],[-118.34786,41.32905],[-118.34777,41.329],[-118.34765,41.32892],[-118.34755,41.32884],[-118.34737,41.3287],[-118.34719,41.32858],[-118.34706,41.32851],[-118.34677,41.32832],[-118.34663,41.32821],[-118.34656,41.32815],[-118.34648,41.32806],[-118.34636,41.32793],[-118.34629,41.32783],[-118.34619,41.32767],[-118.34602,41.32734],[-118.34576,41.32687],[-118.34547,41.32638],[-118.34524,41.32596],[-118.34512,41.32574],[-118.34504,41.32565],[-118.34444,41.32506],[-118.34417,41.32478],[-118.34408,41.3247],[-118.34389,41.32451],[-118.34343,41.32384],[-118.34332,41.32368],[-118.34326,41.32361],[-118.34318,41.32352],[-118.34307,41.32343],[-118.3427,41.32314],[-118.34252,41.32301],[-118.3424,41.32294],[-118.34234,41.32289],[-118.3423,41.32285],[-118.34223,41.3227],[-118.3422,41.32261],[-118.34215,41.32248],[-118.34211,41.32242],[-118.34206,41.32237],[-118.34199,41.32232],[-118.34192,41.32229],[-118.34169,41.32223],[-118.34083,41.32207],[-118.34033,41.32199],[-118.34017,41.32198],[-118.33998,41.32197],[-118.33989,41.32198],[-118.33979,41.32199],[-118.33968,41.32202],[-118.33937,41.32214],[-118.33906,41.32225],[-118.33899,41.32227],[-118.33888,41.32229],[-118.33876,41.32231],[-118.33864,41.32231],[-118.33852,41.32231],[-118.33834,41.32228],[-118.33805,41.32222],[-118.33756,41.32207],[-118.33737,41.32202],[-118.33727,41.32198],[-118.3372,41.32195],[-118.33711,41.32189],[-118.33704,41.32184],[-118.33699,41.3218],[-118.33693,41.32174],[-118.33666,41.32146],[-118.33637,41.32117],[-118.33595,41.3208],[-118.33582,41.32069],[-118.33565,41.32057],[-118.33527,41.32037],[-118.33517,41.32033],[-118.33507,41.3203],[-118.33494,41.32028],[-118.33474,41.32024],[-118.33463,41.3202],[-118.3345,41.32014],[-118.33384,41.31982],[-118.33355,41.31969],[-118.3334,41.3196],[-118.3331,41.31945],[-118.33292,41.31938],[-118.33261,41.31927],[-118.33217,41.31916],[-118.33183,41.3191],[-118.33054,41.31892],[-118.33026,41.31888],[-118.32995,41.31882],[-118.32944,41.31869],[-118.32904,41.31857],[-118.32847,41.3184],[-118.32719,41.31803],[-118.32691,41.31797],[-118.32657,41.31791],[-118.32641,41.31789],[-118.32624,41.31788],[-118.32612,41.31788],[-118.32522,41.31793],[-118.3246,41.31796],[-118.32385,41.31801],[-118.32312,41.31807],[-118.32286,41.31807],[-118.32262,41.31806],[-118.32247,41.31804],[-118.32218,41.31797],[-118.32201,41.31793],[-118.32161,41.31779],[-118.32099,41.31758],[-118.32076,41.31752],[-118.32066,41.31751],[-118.32055,41.3175],[-118.32045,41.3175],[-118.32025,41.31752],[-118.31977,41.31756],[-118.31948,41.3176],[-118.3187,41.31773],[-118.31814,41.31785],[-118.31764,41.31795],[-118.31752,41.31799],[-118.3174,41.31803],[-118.31726,41.31812],[-118.3172,41.31815],[-118.31713,41.31817],[-118.31705,41.31818],[-118.31673,41.31819],[-118.31664,41.3182],[-118.31655,41.31822],[-118.31613,41.31834],[-118.31593,41.31841],[-118.31579,41.31847],[-118.31545,41.31858],[-118.31519,41.31863],[-118.31477,41.31869],[-118.31395,41.31879],[-118.31377,41.3188],[-118.31343,41.3188],[-118.31333,41.3188],[-118.31323,41.31881],[-118.31316,41.31882],[-118.31278,41.31896],[-118.31263,41.319],[-118.31253,41.31903],[-118.3123,41.31905],[-118.31181,41.31905],[-118.31138,41.31903],[-118.31095,41.31904],[-118.31075,41.31906],[-118.30935,41.31923],[-118.30887,41.31925],[-118.30866,41.31928],[-118.30767,41.31942],[-118.30704,41.31949],[-118.30627,41.31955],[-118.30563,41.31961],[-118.3053,41.31964],[-118.3046,41.31977],[-118.3039,41.31987],[-118.30361,41.3199],[-118.30325,41.31992],[-118.30256,41.31995],[-118.30154,41.31997],[-118.30135,41.31996],[-118.3012,41.31995],[-118.30106,41.31993],[-118.30081,41.31989],[-118.30043,41.31986],[-118.30003,41.31981],[-118.29989,41.31978],[-118.2998,41.31976],[-118.29942,41.31962],[-118.29932,41.31959],[-118.29922,41.31957],[-118.29911,41.31956],[-118.29881,41.31955],[-118.29784,41.31956],[-118.29775,41.31956],[-118.29765,41.31955],[-118.29759,41.31954],[-118.29752,41.31952],[-118.29731,41.31943],[-118.29722,41.31941],[-118.29713,41.31939],[-118.29699,41.31938],[-118.29662,41.31936],[-118.29629,41.31934],[-118.29619,41.31933],[-118.29599,41.3193],[-118.29559,41.31921],[-118.29535,41.31917],[-118.29508,41.31914],[-118.29442,41.31914],[-118.29435,41.31915],[-118.29429,41.31918],[-118.29422,41.31921],[-118.29403,41.31936],[-118.29397,41.3194],[-118.2939,41.31943],[-118.29383,41.31946],[-118.29375,41.31948],[-118.29368,41.3195],[-118.29354,41.31951],[-118.2932,41.3195],[-118.29305,41.31951],[-118.29244,41.31956],[-118.29191,41.31958],[-118.29118,41.31957],[-118.29106,41.31956],[-118.29088,41.31952],[-118.29067,41.31944],[-118.29014,41.31918],[-118.2899,41.31905],[-118.28966,41.31889],[-118.28942,41.31871],[-118.2892,41.31858],[-118.28901,41.31846],[-118.28871,41.31833],[-118.28794,41.31804],[-118.28735,41.31777],[-118.28633,41.31727],[-118.28568,41.31696],[-118.28476,41.31651],[-118.28415,41.31623],[-118.28377,41.31601],[-118.28354,41.31589],[-118.2833,41.31578],[-118.28297,41.31564],[-118.28291,41.3156],[-118.28288,41.31557],[-118.28285,41.31552],[-118.28284,41.31549],[-118.28284,41.3154],[-118.28285,41.31525],[-118.28287,41.31514],[-118.2829,41.31505],[-118.28297,41.3149],[-118.28302,41.31478],[-118.28316,41.31434],[-118.28325,41.31401],[-118.28332,41.31383],[-118.28345,41.31337],[-118.28354,41.31293],[-118.28379,41.31197],[-118.28389,41.31124],[-118.28391,41.31109],[-118.28394,41.31099],[-118.28399,41.31085],[-118.28406,41.31069],[-118.28415,41.31044],[-118.28419,41.31026],[-118.28423,41.30986],[-118.28437,41.30905],[-118.28455,41.30841],[-118.28467,41.30798],[-118.28473,41.30778],[-118.28487,41.30736],[-118.28499,41.30695],[-118.28503,41.30677],[-118.28513,41.30628],[-118.28518,41.30612],[-118.28523,41.30596],[-118.28536,41.30544],[-118.2855,41.30481],[-118.28557,41.30445],[-118.28568,41.30409],[-118.28572,41.3039],[-118.28585,41.30313],[-118.28593,41.30274],[-118.28598,41.30239],[-118.28602,41.3021],[-118.28609,41.30163],[-118.28613,41.30133],[-118.28615,41.30112],[-118.28616,41.30096],[-118.28613,41.30061],[-118.28615,41.30051],[-118.28624,41.30015],[-118.2863,41.29987],[-118.28636,41.29917],[-118.28643,41.29813],[-118.28644,41.29776],[-118.28654,41.29711],[-118.28663,41.29649],[-118.28668,41.29603],[-118.28675,41.29564],[-118.28678,41.29542],[-118.28678,41.29514],[-118.28682,41.29487],[-118.28685,41.29435],[-118.28688,41.29416],[-118.28696,41.2937],[-118.28699,41.29343],[-118.28702,41.29325],[-118.28703,41.29308],[-118.28704,41.2927],[-118.28706,41.29257],[-118.28713,41.29231],[-118.28717,41.29198],[-118.28718,41.29167],[-118.28718,41.29122],[-118.28721,41.29104],[-118.28723,41.291],[-118.28725,41.29096],[-118.28728,41.29093],[-118.28731,41.2909],[-118.28733,41.29088],[-118.28734,41.29085],[-118.28736,41.29077],[-118.28738,41.29069],[-118.2874,41.29062],[-118.28741,41.29054]]}},{"type":"Feature","properties":{"name":"(unnamed public road)","road_class":"track","source":"OpenStreetMap","source_detail":"osm way 14340748","source_tile":"176/382","surface_inferred":true},"geometry":{"type":"LineString","coordinates":[[-118.06731,41.41676],[-118.06733,41.41687],[-118.06752,41.41754],[-118.06756,41.41776],[-118.06759,41.41786],[-118.06763,41.41796],[-118.06769,41.41809],[-118.06772,41.41815],[-118.06778,41.41821],[-118.06783,41.41825],[-118.06804,41.41834],[-118.06816,41.41839],[-118.0688,41.41869],[-118.06896,41.41875],[-118.06907,41.41881],[-118.06922,41.4189],[-118.06929,41.41895],[-118.06936,41.419],[-118.06942,41.41907],[-118.06946,41.41914],[-118.06954,41.4193],[-118.06962,41.4195],[-118.06966,41.41968],[-118.06971,41.4198],[-118.06981,41.41997],[-118.07005,41.42052],[-118.0702,41.42081],[-118.07032,41.42113],[-118.07045,41.42141],[-118.07072,41.42198],[-118.07079,41.4221],[-118.07089,41.42228],[-118.07093,41.4224],[-118.07106,41.42268],[-118.07125,41.423],[-118.07134,41.42316],[-118.07138,41.42324],[-118.07155,41.42347],[-118.07167,41.42362],[-118.07194,41.42401],[-118.07209,41.42422],[-118.07223,41.42437],[-118.07236,41.4245],[-118.07257,41.42468],[-118.07267,41.42475],[-118.07276,41.42482],[-118.07284,41.42493],[-118.07295,41.42515],[-118.07308,41.42545],[-118.07314,41.42572],[-118.07318,41.42582],[-118.07324,41.42591],[-118.07333,41.42601],[-118.07346,41.42612],[-118.07352,41.42619],[-118.07364,41.42644],[-118.07372,41.4265],[-118.07377,41.42652],[-118.07382,41.42654],[-118.07394,41.42657],[-118.07464,41.42667],[-118.07477,41.4267],[-118.07486,41.42674],[-118.07495,41.42682],[-118.07497,41.42686],[-118.07498,41.42691],[-118.075,41.42699],[-118.07502,41.42724],[-118.07504,41.42759],[-118.07508,41.42802],[-118.0751,41.42808],[-118.07512,41.42814],[-118.07516,41.42818],[-118.07522,41.42822],[-118.07539,41.4283],[-118.07567,41.42842],[-118.07586,41.4285],[-118.07608,41.42861],[-118.07636,41.42878],[-118.07646,41.42885],[-118.07652,41.42889],[-118.07659,41.42898],[-118.07674,41.42918],[-118.07703,41.42955],[-118.07726,41.42981],[-118.07735,41.42991],[-118.0775,41.4301],[-118.07757,41.43019],[-118.07767,41.43031],[-118.07777,41.43042],[-118.0778,41.43045],[-118.07784,41.43047],[-118.07874,41.43075],[-118.07918,41.43092],[-118.07951,41.43106],[-118.07975,41.43116],[-118.08012,41.43131],[-118.08035,41.4314],[-118.08051,41.43147],[-118.08065,41.43153],[-118.08115,41.43168],[-118.08132,41.43173],[-118.08155,41.4318],[-118.08179,41.43187],[-118.08204,41.43194],[-118.0824,41.43206],[-118.08259,41.43213],[-118.08295,41.43226],[-118.08381,41.43251],[-118.08431,41.43267],[-118.08446,41.43273],[-118.08461,41.4328],[-118.08474,41.43286],[-118.08531,41.43305],[-118.08591,41.43323],[-118.08625,41.43335],[-118.08649,41.43344],[-118.0866,41.43348],[-118.08724,41.43382],[-118.08739,41.43388],[-118.0875,41.43393],[-118.08803,41.43428],[-118.08813,41.43433],[-118.08884,41.43466],[-118.08892,41.4347],[-118.08917,41.43481],[-118.08983,41.43508],[-118.09031,41.4353],[-118.09066,41.43548],[-118.09112,41.43571],[-118.09159,41.43595],[-118.0919,41.4361],[-118.09236,41.43634],[-118.0927,41.43652],[-118.09298,41.43664],[-118.09306,41.43669],[-118.09317,41.43677],[-118.09322,41.4368],[-118.09348,41.43693],[-118.09407,41.43721],[-118.09456,41.43743],[-118.09501,41.43762],[-118.0951,41.43766],[-118.09518,41.4377],[-118.09527,41.43776],[-118.09536,41.43781],[-118.09547,41.43786],[-118.09561,41.43791],[-118.09572,41.43797],[-118.09594,41.43811],[-118.0961,41.43821],[-118.09636,41.43833],[-118.09697,41.43858],[-118.09756,41.43887],[-118.0982,41.43915],[-118.09864,41.43933],[-118.09897,41.4395],[-118.09937,41.43969],[-118.09952,41.43976],[-118.09965,41.43984],[-118.10002,41.44002],[-118.10062,41.4403],[-118.10104,41.44053],[-118.10116,41.44058],[-118.10178,41.44087],[-118.1019,41.44091],[-118.10261,41.44116],[-118.10377,41.44154],[-118.10397,41.44161],[-118.1042,41.4417],[-118.10587,41.44222],[-118.10607,41.44228],[-118.1062,41.44232],[-118.10636,41.44239],[-118.10692,41.4426],[-118.10712,41.44268],[-118.10741,41.44281],[-118.10784,41.44297],[-118.1085,41.44327],[-118.10862,41.44333],[-118.10877,41.44342],[-118.10884,41.44346],[-118.10907,41.44356],[-118.10924,41.44364],[-118.10955,41.44376],[-118.11034,41.44408],[-118.11073,41.44425],[-118.11088,41.44433],[-118.11104,41.4444],[-118.11132,41.44452],[-118.11151,41.44458],[-118.11187,41.44475],[-118.11206,41.44485],[-118.11251,41.44504],[-118.11303,41.44527],[-118.11362,41.44553],[-118.11427,41.44581],[-118.11461,41.44594],[-118.11488,41.44605],[-118.11504,41.44611],[-118.11536,41.44629],[-118.11552,41.44638],[-118.11611,41.44663],[-118.11704,41.447],[-118.11722,41.44707],[-118.1175,41.4472],[-118.11758,41.44724],[-118.11792,41.44738],[-118.11814,41.4475],[-118.11836,41.44759],[-118.11874,41.44774],[-118.11949,41.44807],[-118.11967,41.44814],[-118.11982,41.44822],[-118.11995,41.44828],[-118.12005,41.44833],[-118.12016,41.44838],[-118.1203,41.44843],[-118.1207,41.44859],[-118.12085,41.44867],[-118.1212,41.44886],[-118.12138,41.44897],[-118.12192,41.44926],[-118.12213,41.4494],[-118.12223,41.44945],[-118.12339,41.44991],[-118.12418,41.45019],[-118.12445,41.45029],[-118.12493,41.4505],[-118.12548,41.45079],[-118.12576,41.4509],[-118.12601,41.45099],[-118.12627,41.4511],[-118.12643,41.45117],[-118.12661,41.45127],[-118.12679,41.45135],[-118.12731,41.45157],[-118.12749,41.45166],[-118.12757,41.45177],[-118.12765,41.45192],[-118.12773,41.45209]]}},{"type":"Feature","properties":{"name":"(unnamed public road)","road_class":"track","source":"OpenStreetMap","source_detail":"osm way 14340880","source_tile":"175/382","surface_inferred":true},"geometry":{"type":"LineString","coordinates":[[-118.29638,41.44329],[-118.29631,41.44294],[-118.29628,41.44257],[-118.29629,41.44248],[-118.29631,41.44241],[-118.29635,41.44229],[-118.29638,41.44221],[-118.29645,41.442],[-118.29656,41.44173],[-118.29684,41.44108],[-118.2969,41.44098],[-118.29703,41.44059],[-118.29711,41.44037],[-118.29718,41.44015],[-118.2972,41.44001],[-118.2972,41.43947],[-118.29719,41.4394],[-118.29717,41.43932],[-118.29714,41.43923],[-118.29706,41.43908],[-118.29686,41.43878],[-118.29679,41.43865],[-118.29677,41.43858],[-118.29676,41.43849],[-118.29676,41.43842],[-118.29676,41.43835],[-118.29679,41.43828],[-118.29692,41.43801],[-118.29711,41.43754],[-118.29731,41.43693],[-118.29752,41.43635],[-118.29771,41.43578],[-118.29784,41.43544],[-118.29824,41.4342],[-118.29864,41.43299],[-118.29877,41.43267],[-118.29901,41.43205],[-118.29916,41.43165],[-118.29945,41.43089],[-118.29973,41.43024],[-118.30005,41.42955],[-118.30032,41.42904],[-118.30053,41.4286],[-118.3009,41.42794],[-118.30101,41.42771],[-118.30117,41.42735],[-118.3015,41.42666],[-118.3016,41.42646],[-118.30176,41.4261],[-118.30206,41.42539],[-118.30229,41.42498],[-118.30242,41.42473],[-118.30263,41.4243],[-118.30277,41.42397],[-118.30296,41.42357],[-118.30319,41.42306],[-118.30362,41.4222],[-118.30379,41.42186],[-118.30417,41.42096],[-118.30428,41.42074],[-118.30431,41.42066],[-118.30433,41.42056],[-118.30442,41.4199],[-118.30446,41.41951],[-118.3045,41.41922],[-118.30454,41.41873],[-118.3046,41.41813],[-118.30464,41.4179],[-118.30472,41.41755],[-118.30477,41.4172],[-118.30477,41.41713],[-118.30476,41.41701],[-118.30475,41.41692],[-118.30472,41.41684],[-118.30441,41.41614],[-118.30414,41.41546],[-118.30411,41.41539],[-118.30409,41.4153],[-118.30409,41.41521],[-118.30409,41.41512],[-118.30411,41.41502],[-118.30416,41.41488],[-118.30447,41.414],[-118.30464,41.41348],[-118.30491,41.41276],[-118.3051,41.41231],[-118.30525,41.41194],[-118.30554,41.41125],[-118.30556,41.41119],[-118.30556,41.41114],[-118.30555,41.41104],[-118.30552,41.41096],[-118.30544,41.41085],[-118.30542,41.41081],[-118.30541,41.41077],[-118.30541,41.41073],[-118.30543,41.41063],[-118.30546,41.41055],[-118.3055,41.41047],[-118.30554,41.41042],[-118.30585,41.41006],[-118.3059,41.40999],[-118.30591,41.40995],[-118.30591,41.40992],[-118.30593,41.40977],[-118.30593,41.40939],[-118.30596,41.40904],[-118.30598,41.40885],[-118.30606,41.40839],[-118.30611,41.40826],[-118.30624,41.40803],[-118.30626,41.40795],[-118.30629,41.40781],[-118.30632,41.4077],[-118.30635,41.40761],[-118.30643,41.40745],[-118.30688,41.40654],[-118.30692,41.40644],[-118.30694,41.40634],[-118.30694,41.40627],[-118.30694,41.40617],[-118.30694,41.40604],[-118.30696,41.40595],[-118.30718,41.40549],[-118.30729,41.40526],[-118.3075,41.40491],[-118.30755,41.40482],[-118.30773,41.40436],[-118.30788,41.40407],[-118.30799,41.40384],[-118.30807,41.40368],[-118.3083,41.40334],[-118.30842,41.40319],[-118.3086,41.40301],[-118.30867,41.40292],[-118.3087,41.40286],[-118.30872,41.40281],[-118.30873,41.40276],[-118.30873,41.40271],[-118.30872,41.40262],[-118.3087,41.40257],[-118.30868,41.40253],[-118.30863,41.40246],[-118.30856,41.4024],[-118.30846,41.40234],[-118.30825,41.40219],[-118.30814,41.40209],[-118.30806,41.402],[-118.30795,41.40186],[-118.3078,41.4017],[-118.30758,41.40147],[-118.30729,41.40123],[-118.30706,41.40104],[-118.30682,41.40086],[-118.30659,41.40072],[-118.30639,41.40059],[-118.30625,41.4005],[-118.30603,41.40039],[-118.30572,41.40025],[-118.30506,41.39994],[-118.30488,41.39986],[-118.30476,41.39977],[-118.30469,41.39973],[-118.30464,41.3997],[-118.30457,41.39968],[-118.30441,41.39964],[-118.30428,41.39961],[-118.30421,41.39958],[-118.30386,41.39941],[-118.30347,41.39922],[-118.3034,41.39917],[-118.30315,41.39898],[-118.3031,41.39892],[-118.30303,41.39888],[-118.30235,41.39858],[-118.3021,41.39849],[-118.30202,41.39846],[-118.30177,41.39843],[-118.30161,41.3984],[-118.30125,41.39829],[-118.30094,41.39818],[-118.30074,41.39811],[-118.30064,41.39806],[-118.30059,41.39803],[-118.30052,41.39798],[-118.30047,41.39792],[-118.30043,41.39787],[-118.30038,41.39778],[-118.30028,41.39762],[-118.30022,41.39754],[-118.29989,41.39722],[-118.29985,41.39717],[-118.29982,41.3971],[-118.2998,41.39698],[-118.2998,41.39647],[-118.29981,41.39637],[-118.29983,41.39625],[-118.29986,41.39617],[-118.2999,41.3961],[-118.29998,41.39601],[-118.30001,41.39597],[-118.30004,41.39592],[-118.30006,41.39587],[-118.30007,41.39581],[-118.30007,41.39575],[-118.30006,41.39559],[-118.30009,41.39546],[-118.30012,41.39538],[-118.30025,41.39512],[-118.30037,41.39483],[-118.30039,41.39477],[-118.30043,41.39446],[-118.30047,41.39401],[-118.30049,41.39383],[-118.30052,41.39368],[-118.30053,41.39353],[-118.30053,41.39309],[-118.30054,41.39297],[-118.30057,41.39285],[-118.30074,41.39235],[-118.30076,41.39225],[-118.30077,41.39213],[-118.30076,41.39198],[-118.30073,41.39162],[-118.30071,41.39149],[-118.3007,41.3914],[-118.30073,41.39112],[-118.30073,41.39104],[-118.30071,41.39095],[-118.30068,41.39088],[-118.3006,41.39072],[-118.30057,41.39064],[-118.30056,41.39058],[-118.30055,41.39017],[-118.3005,41.38988],[-118.30043,41.38962],[-118.30029,41.3893],[-118.30024,41.38921],[-118.30021,41.38913],[-118.30017,41.38894],[-118.30015,41.38889],[-118.30011,41.38885],[-118.30005,41.38881],[-118.30001,41.38879],[-118.29996,41.38877],[-118.29989,41.38876],[-118.29967,41.38872],[-118.29961,41.3887],[-118.2995,41.38865],[-118.29934,41.38856],[-118.29918,41.38849],[-118.29913,41.38846],[-118.29908,41.38843],[-118.29905,41.38839],[-118.29903,41.38834],[-118.29903,41.38829],[-118.29904,41.38825],[-118.29909,41.38815],[-118.29921,41.388],[-118.29934,41.38781],[-118.29936,41.38777],[-118.29937,41.38772],[-118.29936,41.38767],[-118.29934,41.38762],[-118.29928,41.38755],[-118.29898,41.38726],[-118.29892,41.38721],[-118.29886,41.38717],[-118.29865,41.38705],[-118.29858,41.38701],[-118.29851,41.38693],[-118.29841,41.38681],[-118.29834,41.38671],[-118.29829,41.38664],[-118.29824,41.38652],[-118.29821,41.38645],[-118.29817,41.38631],[-118.29815,41.3862],[-118.29814,41.38605],[-118.29814,41.38593],[-118.29815,41.38582],[-118.29819,41.38561],[-118.29829,41.38528],[-118.29831,41.38516],[-118.29832,41.38502],[-118.29838,41.38469],[-118.29845,41.3845],[-118.29862,41.38412],[-118.29871,41.38394],[-118.29881,41.3838],[-118.29889,41.38369],[-118.29896,41.3836],[-118.2991,41.38338],[-118.29918,41.38324],[-118.29931,41.38305],[-118.29932,41.38298],[-118.29932,41.38292],[-118.29927,41.3827],[-118.29924,41.38256],[-118.29924,41.3825],[-118.29926,41.38244],[-118.29929,41.38238],[-118.29935,41.38232],[-118.29955,41.3822],[-118.29965,41.38213],[-118.29967,41.38211],[-118.2997,41.38206],[-118.29972,41.382],[-118.2997,41.38194],[-118.29965,41.38185],[-118.29949,41.38165],[-118.29946,41.38159],[-118.29943,41.38151],[-118.29941,41.38144],[-118.29939,41.38123],[-118.29939,41.38109],[-118.29938,41.38094],[-118.29931,41.38057],[-118.2993,41.38035],[-118.2993,41.38017],[-118.29932,41.38004],[-118.29933,41.37993],[-118.29936,41.37985],[-118.29942,41.37969],[-118.29948,41.37958],[-118.2995,41.3795],[-118.29953,41.3794],[-118.29955,41.37914],[-118.29955,41.37902],[-118.29956,41.37893],[-118.29958,41.37886],[-118.29962,41.37878],[-118.29969,41.37862],[-118.29972,41.37853],[-118.29975,41.37845],[-118.29981,41.37803],[-118.29982,41.37789],[-118.29984,41.37778],[-118.29992,41.37758],[-118.29997,41.37746],[-118.30004,41.37727],[-118.30013,41.3769],[-118.3002,41.37665],[-118.30034,41.37621],[-118.30042,41.37602],[-118.30054,41.37577],[-118.30063,41.37552],[-118.30071,41.37538],[-118.30086,41.37515],[-118.3009,41.37507],[-118.30097,41.37489],[-118.30101,41.37483],[-118.30105,41.37479],[-118.30111,41.37476],[-118.30117,41.37474],[-118.30136,41.37472],[-118.3014,41.3747],[-118.30145,41.37467],[-118.30146,41.37465],[-118.30144,41.37448],[-118.30145,41.37445],[-118.30145,41.37441],[-118.30147,41.37434],[-118.30152,41.37428],[-118.30163,41.37419],[-118.30167,41.37415],[-118.30172,41.3741],[-118.30175,41.37405],[-118.30178,41.374],[-118.30179,41.37395],[-118.30182,41.3738],[-118.30183,41.37353],[-118.30182,41.37326],[-118.30181,41.37312],[-118.30181,41.3728],[-118.30183,41.37263],[-118.30188,41.37234],[-118.30195,41.37207],[-118.30199,41.37197],[-118.30207,41.37178],[-118.30211,41.37165],[-118.30212,41.37159],[-118.30213,41.37154],[-118.30212,41.37149],[-118.30211,41.37144],[-118.30207,41.37135],[-118.30202,41.3713],[-118.30197,41.37128],[-118.30189,41.37125],[-118.3016,41.37123],[-118.30152,41.37122],[-118.30144,41.3712],[-118.30137,41.37116],[-118.30132,41.37111],[-118.3013,41.37109],[-118.30128,41.37102],[-118.30126,41.37093],[-118.30126,41.37085],[-118.30125,41.37081],[-118.30124,41.37074],[-118.30122,41.37069],[-118.30119,41.37065],[-118.30113,41.37057],[-118.30111,41.37052],[-118.3011,41.37047],[-118.30111,41.37041],[-118.30113,41.37036],[-118.30118,41.3703],[-118.30129,41.37021],[-118.30143,41.37012],[-118.30182,41.36991],[-118.30196,41.36983],[-118.30209,41.36978],[-118.30243,41.36965],[-118.30251,41.36961],[-118.30257,41.36958],[-118.30262,41.36954],[-118.30267,41.3695],[-118.30271,41.36945],[-118.3029,41.36915],[-118.30297,41.36901],[-118.30314,41.36861],[-118.30321,41.3685],[-118.30331,41.36836],[-118.30346,41.36817],[-118.30365,41.36796],[-118.30379,41.36781],[-118.30385,41.36773],[-118.30391,41.36761],[-118.30387,41.36702],[-118.30388,41.36694],[-118.30389,41.3669],[-118.30392,41.36686],[-118.30401,41.36675],[-118.30403,41.36671],[-118.30407,41.36661],[-118.30408,41.36653],[-118.30409,41.36644],[-118.30408,41.36636],[-118.30406,41.36626],[-118.30394,41.36592],[-118.30388,41.36563],[-118.30383,41.36529],[-118.30381,41.36505],[-118.30378,41.36443],[-118.30372,41.36374],[-118.30372,41.3636],[-118.30373,41.36351],[-118.30375,41.36346],[-118.30378,41.3634],[-118.30382,41.36335],[-118.30387,41.36326],[-118.30389,41.3632],[-118.3039,41.36313],[-118.30391,41.36304],[-118.30387,41.36278],[-118.30384,41.36253],[-118.30384,41.36241],[-118.30384,41.36231],[-118.30401,41.36165],[-118.30408,41.36142],[-118.30409,41.36136],[-118.30409,41.36131],[-118.30406,41.36127],[-118.30403,41.36123],[-118.30399,41.36119],[-118.30393,41.36116],[-118.30329,41.36093],[-118.3032,41.36089],[-118.30309,41.36081],[-118.30304,41.36077],[-118.30301,41.36072],[-118.303,41.36066],[-118.303,41.36061],[-118.30302,41.36055],[-118.30307,41.36048],[-118.3032,41.36045],[-118.3034,41.36039],[-118.30359,41.36033],[-118.30374,41.36027],[-118.30394,41.36017],[-118.30407,41.3601],[-118.30427,41.35996],[-118.30455,41.35972],[-118.30469,41.35963],[-118.30475,41.3596],[-118.30487,41.35956],[-118.30493,41.35955],[-118.30505,41.35954],[-118.30511,41.35954],[-118.30542,41.35958],[-118.30574,41.35961],[-118.30586,41.35961],[-118.30601,41.35961],[-118.30629,41.35959],[-118.30688,41.35957],[-118.30702,41.35957],[-118.3075,41.35963],[-118.30822,41.3597],[-118.30875,41.35973],[-118.30883,41.35973],[-118.3089,41.35972],[-118.30899,41.3597],[-118.3092,41.35964],[-118.30934,41.3596],[-118.30943,41.35958],[-118.30962,41.35957],[-118.30992,41.35957],[-118.31022,41.35954],[-118.31059,41.35952],[-118.31084,41.3595],[-118.31114,41.35946],[-118.31145,41.35939],[-118.31165,41.35935],[-118.3118,41.35932],[-118.31192,41.3593],[-118.312,41.35927],[-118.31208,41.35924],[-118.31216,41.3592],[-118.31223,41.35916],[-118.31234,41.35907],[-118.31243,41.35898],[-118.31253,41.35889],[-118.31272,41.3588],[-118.31276,41.35877],[-118.31281,41.35874],[-118.31335,41.35866],[-118.3137,41.35861],[-118.31413,41.35856],[-118.31439,41.35855],[-118.31452,41.35854],[-118.31515,41.35856],[-118.31553,41.35857],[-118.31558,41.35851],[-118.31565,41.35845],[-118.31581,41.35835],[-118.31621,41.35815],[-118.31644,41.35804],[-118.31648,41.35802],[-118.31652,41.35798],[-118.31662,41.35777],[-118.31666,41.35772],[-118.31673,41.35765],[-118.31689,41.35749],[-118.31741,41.35702],[-118.31748,41.35694],[-118.31754,41.35686],[-118.31759,41.35676],[-118.31766,41.35655],[-118.31769,41.35643],[-118.31772,41.35635],[-118.31777,41.35624],[-118.31781,41.35617],[-118.31787,41.3561],[-118.31794,41.35604],[-118.31802,41.35598],[-118.31811,41.35593],[-118.31818,41.35589],[-118.3183,41.35585],[-118.31848,41.35579],[-118.31885,41.35567],[-118.31924,41.35555],[-118.31937,41.35551],[-118.31946,41.35547],[-118.31952,41.35544],[-118.3196,41.35539],[-118.31967,41.35534],[-118.32009,41.35492],[-118.32014,41.35487],[-118.32021,41.35473],[-118.32024,41.35468],[-118.32029,41.35463],[-118.32035,41.35459],[-118.32035,41.35442],[-118.32036,41.35435],[-118.32042,41.35404],[-118.32045,41.35393],[-118.32049,41.35382],[-118.32054,41.35373],[-118.32059,41.35365],[-118.32101,41.35315],[-118.3212,41.35292],[-118.32146,41.35262],[-118.32201,41.35203],[-118.3223,41.35168],[-118.32251,41.35139],[-118.32272,41.35107],[-118.32288,41.35083],[-118.32294,41.35074],[-118.323,41.35067],[-118.32309,41.35057],[-118.32314,41.35053],[-118.3232,41.3505],[-118.32325,41.35047],[-118.32337,41.35046],[-118.32349,41.35046],[-118.32362,41.35047],[-118.32387,41.35052],[-118.32399,41.35053],[-118.32409,41.35054],[-118.32419,41.35053],[-118.32424,41.35052],[-118.32432,41.3505],[-118.32441,41.35047],[-118.32452,41.35043],[-118.32469,41.3504],[-118.32495,41.35038],[-118.32519,41.35037],[-118.3253,41.35032],[-118.32552,41.3502],[-118.32574,41.35008],[-118.32609,41.34984],[-118.32619,41.34978],[-118.32636,41.34971],[-118.32668,41.34958],[-118.32675,41.34955],[-118.32683,41.34954],[-118.3269,41.34953],[-118.32698,41.34953],[-118.32705,41.34953],[-118.32723,41.34956],[-118.3273,41.34956],[-118.32749,41.34953],[-118.32754,41.34952],[-118.3276,41.34948],[-118.32791,41.34939],[-118.32836,41.34902],[-118.32833,41.34863],[-118.32791,41.34815],[-118.32767,41.34806]]}},{"type":"Feature","properties":{"name":"(unnamed public road)","road_class":"track","source":"OpenStreetMap","source_detail":"osm way 14341356","source_tile":"175/382","surface_inferred":true},"geometry":{"type":"LineString","coordinates":[[-118.31705,41.35972],[-118.31743,41.3598],[-118.31748,41.3598],[-118.31757,41.3598],[-118.31766,41.35979],[-118.31775,41.35976],[-118.31781,41.35973],[-118.31839,41.35938],[-118.31857,41.35929],[-118.31875,41.35921],[-118.31896,41.35913],[-118.31904,41.3591],[-118.31914,41.35908],[-118.31928,41.35905],[-118.31974,41.35902],[-118.32015,41.35899],[-118.32031,41.35896],[-118.32065,41.35889],[-118.32116,41.35881],[-118.32132,41.3588],[-118.32139,41.35881],[-118.32152,41.35883],[-118.32162,41.35886],[-118.32191,41.35901],[-118.32203,41.3591],[-118.32214,41.35918],[-118.32225,41.35929],[-118.32241,41.35948],[-118.32254,41.35969],[-118.32264,41.35988],[-118.32285,41.36023],[-118.32294,41.36036],[-118.32298,41.3604],[-118.32305,41.36045],[-118.32319,41.36053],[-118.32325,41.36055],[-118.32338,41.36057],[-118.32344,41.36057],[-118.32352,41.36057],[-118.32363,41.36057],[-118.32378,41.36057],[-118.324,41.36058],[-118.32428,41.36061],[-118.32439,41.36062],[-118.32448,41.36065],[-118.32454,41.36067],[-118.32459,41.36071],[-118.32463,41.36074],[-118.32469,41.36082],[-118.32472,41.3609],[-118.32474,41.36096],[-118.32479,41.36102],[-118.32483,41.36104],[-118.32487,41.36106],[-118.32492,41.36107],[-118.32504,41.3611],[-118.3252,41.36114],[-118.32541,41.36122],[-118.32549,41.36124],[-118.32561,41.36124],[-118.32577,41.36124],[-118.32615,41.36121],[-118.32622,41.36121],[-118.32629,41.36123],[-118.32646,41.3613],[-118.32654,41.36131],[-118.3266,41.36132],[-118.32666,41.36132],[-118.32679,41.36131],[-118.32689,41.36129],[-118.32698,41.36125],[-118.32701,41.36123],[-118.32711,41.36115],[-118.32719,41.3611],[-118.32728,41.36107],[-118.32738,41.36106],[-118.32746,41.36105],[-118.32757,41.36105],[-118.32805,41.36108],[-118.32828,41.36111],[-118.32838,41.36113],[-118.32846,41.36116],[-118.32872,41.36128],[-118.32909,41.36142],[-118.32975,41.3617],[-118.33002,41.36182],[-118.33014,41.3619],[-118.3302,41.36196],[-118.33028,41.36205],[-118.33039,41.36216],[-118.33056,41.36228],[-118.33062,41.36231],[-118.33071,41.36235],[-118.33089,41.3624],[-118.33128,41.36252],[-118.33145,41.36258],[-118.33152,41.36262],[-118.33159,41.36268],[-118.33164,41.36274],[-118.33166,41.36281],[-118.33167,41.36284],[-118.33169,41.36331],[-118.3317,41.3634],[-118.33173,41.3635],[-118.33178,41.36358],[-118.33182,41.36365],[-118.33189,41.36373],[-118.332,41.36385],[-118.33224,41.36406],[-118.3323,41.36409],[-118.3324,41.36416],[-118.33248,41.36419],[-118.3326,41.36421],[-118.33268,41.36422],[-118.33277,41.36423],[-118.33285,41.36422],[-118.33294,41.36422],[-118.33304,41.36419],[-118.33325,41.36416],[-118.3334,41.36415],[-118.33353,41.36415],[-118.33359,41.36415],[-118.33366,41.36418],[-118.33372,41.36422],[-118.33374,41.36426],[-118.33388,41.36459],[-118.33392,41.36465],[-118.33396,41.36469],[-118.33402,41.36474],[-118.33412,41.3648],[-118.3344,41.36496],[-118.33463,41.36508],[-118.33479,41.36515],[-118.33489,41.36518],[-118.33496,41.3652],[-118.33503,41.3652],[-118.3351,41.36521],[-118.33518,41.3652],[-118.33527,41.36519],[-118.33548,41.36515],[-118.33558,41.36512],[-118.33567,41.36507],[-118.33575,41.36501],[-118.3358,41.36493],[-118.33584,41.36485],[-118.33589,41.36453],[-118.33592,41.36449],[-118.33594,41.36446],[-118.336,41.36443],[-118.33604,41.36442],[-118.33609,41.36441],[-118.33628,41.36439],[-118.33637,41.3644],[-118.33648,41.36443],[-118.33658,41.36447],[-118.3367,41.36454],[-118.33688,41.36465],[-118.33696,41.36467],[-118.33704,41.36468],[-118.33712,41.36468],[-118.33738,41.36464],[-118.33771,41.36458],[-118.33787,41.36456],[-118.33806,41.36455],[-118.33836,41.36454],[-118.33849,41.36453],[-118.3387,41.3645],[-118.33917,41.36441],[-118.33934,41.36436],[-118.34002,41.36414],[-118.34016,41.36411],[-118.34056,41.36406],[-118.34098,41.36402],[-118.34142,41.36396],[-118.34265,41.36377],[-118.34317,41.3637],[-118.34324,41.36369],[-118.34331,41.3637],[-118.34345,41.36372],[-118.34351,41.36374],[-118.3436,41.36377],[-118.34378,41.36384],[-118.34394,41.36387],[-118.34404,41.36389],[-118.34435,41.3639],[-118.34459,41.36393],[-118.34474,41.36396],[-118.345,41.36402],[-118.34589,41.36427],[-118.34633,41.3644],[-118.34648,41.36445],[-118.34664,41.36451],[-118.34715,41.36474],[-118.34726,41.3648],[-118.34742,41.3649],[-118.34769,41.3651],[-118.34785,41.36521],[-118.3479,41.36523],[-118.348,41.36525],[-118.34811,41.36526],[-118.34816,41.36526],[-118.34826,41.36524],[-118.34834,41.36522],[-118.34839,41.3652],[-118.34854,41.36511],[-118.34865,41.36505],[-118.34882,41.36498],[-118.34894,41.36494],[-118.34918,41.36494],[-118.34929,41.36494],[-118.34938,41.36495],[-118.34962,41.36501],[-118.34973,41.36505],[-118.34982,41.36509],[-118.34995,41.36515],[-118.35001,41.36519],[-118.35007,41.36523],[-118.35012,41.36528],[-118.35016,41.36533],[-118.3502,41.36538],[-118.35023,41.36544],[-118.35032,41.3657],[-118.35039,41.36595],[-118.35039,41.366],[-118.35039,41.36606],[-118.35037,41.36612],[-118.35035,41.36618],[-118.35029,41.36629],[-118.35028,41.36634],[-118.35027,41.36666],[-118.35025,41.36689],[-118.35023,41.36708],[-118.35022,41.36717],[-118.35023,41.36725],[-118.35026,41.36733],[-118.35034,41.36748],[-118.35041,41.36757],[-118.35051,41.36767],[-118.35063,41.36778],[-118.35077,41.36787],[-118.35095,41.36798],[-118.35121,41.36814],[-118.35134,41.3682],[-118.35143,41.36824],[-118.35152,41.36826],[-118.35162,41.36828],[-118.35243,41.36834],[-118.3526,41.36836],[-118.35277,41.36839],[-118.35297,41.36843],[-118.35315,41.36847],[-118.35357,41.36852],[-118.35388,41.36855],[-118.35401,41.36854],[-118.35407,41.36853],[-118.35419,41.36849],[-118.35424,41.36846],[-118.35431,41.36842],[-118.35452,41.36826],[-118.35458,41.36824],[-118.35464,41.36823],[-118.3547,41.36824],[-118.35475,41.36826],[-118.35488,41.36836],[-118.35507,41.36857],[-118.35522,41.36879],[-118.35532,41.36897],[-118.35534,41.36901],[-118.35536,41.36909],[-118.35534,41.36915],[-118.35532,41.36921],[-118.3553,41.36924],[-118.35526,41.36928],[-118.35521,41.36933],[-118.35511,41.3694],[-118.35501,41.36948],[-118.3549,41.36959],[-118.35484,41.36966],[-118.35478,41.36975],[-118.35476,41.36982],[-118.35477,41.36985],[-118.35479,41.36988],[-118.35482,41.36991],[-118.35486,41.36992],[-118.35492,41.36993],[-118.3551,41.36989],[-118.3554,41.36987],[-118.35551,41.36988],[-118.35561,41.3699],[-118.35571,41.36994],[-118.35578,41.36999],[-118.35594,41.37011]]}},{"type":"Feature","properties":{"name":"(unnamed public road)","road_class":"track","source":"OpenStreetMap","source_detail":"osm way 14341364","source_tile":"175/382","surface_inferred":true},"geometry":{"type":"LineString","coordinates":[[-118.28126,41.32],[-118.28121,41.32026],[-118.28117,41.32044],[-118.28044,41.3217],[-118.27993,41.32335],[-118.27956,41.3244],[-118.2792,41.32511],[-118.27856,41.32751],[-118.2778,41.32973],[-118.27535,41.33952],[-118.27533,41.33953],[-118.2753,41.33955],[-118.27526,41.33965],[-118.27524,41.33969],[-118.27519,41.33975],[-118.27503,41.33994],[-118.27486,41.34016],[-118.27464,41.34038],[-118.27444,41.34062],[-118.27419,41.34087],[-118.27391,41.34112],[-118.2734,41.34156],[-118.27318,41.34172],[-118.27301,41.34183],[-118.27287,41.3419],[-118.27276,41.34198],[-118.27262,41.3421],[-118.27248,41.34224],[-118.27236,41.34237],[-118.27221,41.34252],[-118.27205,41.34266],[-118.27156,41.34302],[-118.27143,41.34314],[-118.27126,41.34333],[-118.27119,41.34341],[-118.27105,41.34355],[-118.27089,41.34371],[-118.27065,41.3439],[-118.27032,41.34414],[-118.27016,41.34426],[-118.27006,41.34436],[-118.27003,41.3444],[-118.26991,41.3446],[-118.26988,41.34465],[-118.26981,41.34474],[-118.26951,41.34506],[-118.26919,41.34539],[-118.26874,41.34587],[-118.26844,41.34617],[-118.26805,41.34664],[-118.26784,41.34693],[-118.2677,41.34716],[-118.26748,41.34757],[-118.26727,41.34788],[-118.26716,41.34802],[-118.26703,41.34818],[-118.26693,41.34831],[-118.2668,41.34855],[-118.26666,41.34873],[-118.26645,41.34891],[-118.2663,41.34905],[-118.26606,41.34936],[-118.26595,41.34948],[-118.26556,41.34983],[-118.26533,41.35006],[-118.26507,41.35035],[-118.26492,41.35054],[-118.26461,41.35096],[-118.26445,41.3512],[-118.26413,41.35176],[-118.26393,41.35208],[-118.26364,41.35247],[-118.26341,41.35276],[-118.26328,41.35292],[-118.26318,41.35306],[-118.26311,41.35321],[-118.26303,41.35339],[-118.26285,41.35387],[-118.26271,41.35431],[-118.26254,41.35472],[-118.26224,41.35555],[-118.2621,41.35589],[-118.26195,41.35628],[-118.26182,41.35659],[-118.26171,41.35687],[-118.26166,41.35703],[-118.26163,41.35721],[-118.26143,41.35808],[-118.26133,41.35864],[-118.26127,41.35881],[-118.26107,41.35955],[-118.26089,41.35995],[-118.26073,41.36028],[-118.26066,41.36045],[-118.26061,41.36067],[-118.26044,41.36152],[-118.26037,41.36189],[-118.26027,41.36223],[-118.26025,41.36229],[-118.26023,41.36234],[-118.2602,41.3624],[-118.26015,41.36246],[-118.2601,41.36251]]}},{"type":"Feature","properties":{"name":"(unnamed public road)","road_class":"track","source":"OpenStreetMap","source_detail":"osm way 14342638","source_tile":"175/382","surface_inferred":true},"geometry":{"type":"LineString","coordinates":[[-118.32285,41.36023],[-118.32263,41.36023],[-118.32252,41.36022],[-118.32247,41.36021],[-118.32239,41.36018],[-118.32236,41.36015],[-118.32233,41.36012],[-118.3223,41.36005],[-118.32231,41.35994],[-118.32235,41.35984],[-118.32242,41.35976],[-118.32248,41.35971],[-118.32254,41.35969],[-118.32262,41.35966],[-118.32268,41.35964],[-118.32274,41.3596],[-118.32283,41.35954],[-118.32292,41.35945],[-118.32316,41.3592],[-118.32328,41.35909],[-118.32346,41.35895],[-118.32363,41.35884],[-118.32392,41.35869],[-118.32412,41.35862],[-118.32449,41.35849],[-118.32464,41.35843],[-118.32488,41.35832],[-118.3251,41.3582],[-118.32573,41.35785],[-118.32646,41.35739],[-118.32658,41.3573],[-118.3267,41.35721],[-118.32684,41.35709],[-118.3269,41.35699],[-118.32712,41.35664],[-118.32728,41.35642],[-118.3274,41.35625],[-118.32743,41.3562],[-118.32748,41.35616],[-118.32754,41.35613],[-118.3277,41.35607],[-118.32779,41.35605],[-118.32787,41.35605],[-118.32794,41.35605],[-118.32804,41.35605],[-118.32811,41.35607],[-118.32819,41.3561],[-118.32825,41.35614],[-118.32834,41.35621],[-118.32841,41.35629],[-118.32848,41.35637],[-118.32874,41.35679],[-118.3288,41.35686],[-118.32885,41.35692],[-118.3289,41.35696],[-118.32898,41.35701],[-118.32908,41.35706],[-118.32926,41.35713],[-118.32947,41.35721],[-118.32966,41.3573],[-118.32978,41.35735],[-118.3301,41.35745],[-118.33035,41.35751],[-118.33044,41.35751],[-118.33052,41.35752],[-118.3306,41.35751],[-118.33069,41.35751],[-118.33076,41.35749],[-118.33102,41.35743],[-118.33119,41.35736],[-118.33141,41.35726],[-118.33185,41.35703],[-118.33241,41.35676],[-118.33276,41.35659],[-118.33303,41.35644],[-118.33306,41.35641],[-118.33312,41.35635],[-118.33316,41.35628],[-118.33318,41.35621],[-118.33318,41.35608],[-118.33315,41.35578],[-118.33314,41.35569],[-118.33315,41.35564],[-118.33316,41.35559],[-118.33319,41.35554],[-118.33322,41.3555],[-118.33327,41.35543]]}},{"type":"Feature","properties":{"name":"(unnamed public road)","road_class":"track","source":"OpenStreetMap","source_detail":"osm way 14343499","source_tile":"175/382","surface_inferred":true},"geometry":{"type":"LineString","coordinates":[[-118.32231,41.35994],[-118.322,41.35996],[-118.32178,41.35999],[-118.32164,41.36003],[-118.32137,41.3601],[-118.32109,41.36018],[-118.32065,41.36027],[-118.32039,41.36034],[-118.31961,41.36051],[-118.31936,41.36059],[-118.31917,41.36065],[-118.31908,41.3607],[-118.31893,41.36077],[-118.31888,41.36079],[-118.31882,41.3608],[-118.31876,41.3608],[-118.31858,41.36077],[-118.31836,41.36074],[-118.31793,41.36072],[-118.31761,41.36073],[-118.31741,41.36075],[-118.31723,41.36079],[-118.3171,41.36082],[-118.31694,41.36087],[-118.31677,41.36091],[-118.31653,41.36093],[-118.3152,41.36093],[-118.31417,41.36091],[-118.31381,41.36089],[-118.31333,41.36084],[-118.31319,41.36082],[-118.31294,41.36075],[-118.31222,41.36052],[-118.31084,41.36014],[-118.31018,41.35998],[-118.30984,41.35992],[-118.3097,41.35988],[-118.30954,41.35981],[-118.3092,41.35964],[-118.30911,41.35958],[-118.30902,41.35953],[-118.30893,41.3595],[-118.30881,41.35948],[-118.30848,41.35943],[-118.30785,41.35938],[-118.30726,41.35933],[-118.3068,41.35929],[-118.30636,41.35925],[-118.3063,41.35924],[-118.30623,41.35925],[-118.30608,41.35927],[-118.306,41.3593],[-118.30587,41.35936]]}},{"type":"Feature","properties":{"name":"(unnamed public road)","road_class":"track","surface":"unpaved","source":"OpenStreetMap","source_detail":"osm way 14343812","source_tile":"175/382"},"geometry":{"type":"LineString","coordinates":[[-118.21883,41.45014],[-118.21945,41.44967],[-118.21953,41.44956],[-118.21982,41.44934],[-118.22051,41.44889],[-118.22098,41.44836],[-118.22129,41.44816],[-118.22136,41.4481],[-118.22164,41.4478],[-118.22203,41.44754],[-118.2223,41.44723],[-118.22281,41.44678],[-118.22297,41.44659],[-118.22328,41.44628],[-118.22338,41.44612],[-118.2235,41.44589],[-118.22363,41.44559],[-118.22375,41.44526],[-118.22385,41.44506],[-118.22412,41.44466],[-118.22437,41.44433],[-118.22464,41.4439],[-118.22477,41.44364],[-118.22485,41.44341],[-118.22492,41.44329],[-118.2251,41.44304],[-118.22522,41.44273],[-118.22538,41.44219],[-118.22546,41.44165],[-118.22565,41.44115],[-118.22572,41.44075],[-118.22574,41.44067],[-118.22611,41.44004],[-118.22634,41.43966],[-118.2265,41.43935],[-118.22666,41.43903],[-118.2268,41.4387],[-118.22716,41.43797],[-118.22723,41.4378],[-118.22729,41.43754],[-118.22734,41.43722],[-118.2274,41.43668],[-118.22748,41.43621],[-118.2275,41.43601],[-118.22753,41.43584],[-118.22754,41.43567],[-118.22755,41.43548],[-118.22754,41.43534],[-118.2275,41.43492],[-118.22749,41.43484],[-118.2275,41.43472],[-118.22752,41.4346],[-118.22759,41.43433],[-118.22766,41.43416],[-118.22776,41.43397],[-118.22782,41.43382],[-118.22786,41.4337],[-118.22793,41.43342],[-118.22803,41.43293],[-118.22809,41.43263],[-118.22824,41.43171],[-118.22833,41.43131],[-118.22842,41.43099],[-118.22859,41.43039],[-118.22867,41.43005],[-118.22869,41.42989],[-118.22872,41.42961],[-118.22878,41.4292],[-118.22885,41.42893],[-118.22895,41.42859]]}},{"type":"Feature","properties":{"name":"(unnamed public road)","road_class":"track","source":"OpenStreetMap","source_detail":"osm way 14343891","source_tile":"175/382","surface_inferred":true},"geometry":{"type":"LineString","coordinates":[[-118.21539,41.44938],[-118.21557,41.44957],[-118.21579,41.4499],[-118.21583,41.44998],[-118.2159,41.45018],[-118.21591,41.45032],[-118.21591,41.45054],[-118.2159,41.4509],[-118.2159,41.45117],[-118.21589,41.45145],[-118.21586,41.4519],[-118.21581,41.45208],[-118.21578,41.45221],[-118.2157,41.45247],[-118.21563,41.4526],[-118.21554,41.45281],[-118.21537,41.45308],[-118.21517,41.45334],[-118.21494,41.45369],[-118.21491,41.45376],[-118.21491,41.45383],[-118.21472,41.45428],[-118.21459,41.45452],[-118.21454,41.45458],[-118.21449,41.45463],[-118.21433,41.45475],[-118.21417,41.4549],[-118.21395,41.45512],[-118.21383,41.45528],[-118.21376,41.45537],[-118.21354,41.45582],[-118.21349,41.45595],[-118.21343,41.4561],[-118.21333,41.45636],[-118.21331,41.45646]]}},{"type":"Feature","properties":{"name":"(unnamed public road)","road_class":"track","source":"OpenStreetMap","source_detail":"osm way 14344215","source_tile":"175/382","surface_inferred":true},"geometry":{"type":"LineString","coordinates":[[-118.30336,41.35379],[-118.30332,41.35386],[-118.30329,41.35393],[-118.30327,41.35402],[-118.30325,41.3541],[-118.30324,41.35417],[-118.30324,41.35428],[-118.30325,41.35459],[-118.30338,41.3555],[-118.30346,41.356],[-118.30359,41.3566],[-118.30361,41.3567],[-118.30371,41.35695],[-118.30382,41.35717],[-118.30399,41.35745],[-118.30412,41.35764],[-118.30422,41.35775],[-118.30436,41.35788],[-118.30452,41.35805],[-118.30466,41.3582],[-118.30477,41.35833],[-118.30482,41.35842],[-118.30488,41.35852],[-118.30508,41.35878],[-118.30516,41.35887],[-118.30527,41.35894],[-118.30534,41.35898],[-118.30548,41.35905],[-118.30574,41.35922],[-118.30581,41.35929],[-118.30587,41.35936],[-118.30601,41.35961]]}},{"type":"Feature","properties":{"name":"(unnamed public road)","road_class":"track","source":"OpenStreetMap","source_detail":"osm way 14344618","source_tile":"175/382","surface_inferred":true},"geometry":{"type":"LineString","coordinates":[[-118.31653,41.36093],[-118.31658,41.36078],[-118.31659,41.36076],[-118.31663,41.3607],[-118.31669,41.36065],[-118.31676,41.36061],[-118.31695,41.36054],[-118.31734,41.36043],[-118.31749,41.36039],[-118.31769,41.36035],[-118.31788,41.36033],[-118.31827,41.3603],[-118.31834,41.36028],[-118.3184,41.36024],[-118.31844,41.3602],[-118.31848,41.36011]]}},{"type":"Feature","properties":{"name":"(unnamed public road)","road_class":"track","source":"OpenStreetMap","source_detail":"osm way 14344620","source_tile":"175/382","surface_inferred":true},"geometry":{"type":"LineString","coordinates":[[-118.32235,41.35984],[-118.322,41.35974],[-118.3219,41.35972],[-118.32181,41.3597],[-118.32171,41.3597],[-118.32162,41.3597],[-118.32119,41.35975],[-118.32098,41.35978],[-118.32078,41.35982],[-118.32034,41.35992],[-118.31994,41.36001],[-118.31952,41.3601],[-118.31925,41.36013],[-118.3191,41.36014],[-118.31898,41.36014],[-118.31867,41.36013],[-118.31848,41.36011],[-118.3182,41.36006],[-118.31758,41.35997],[-118.31745,41.35994],[-118.31736,41.35991],[-118.31728,41.35988],[-118.31721,41.35984],[-118.31705,41.35972],[-118.31643,41.35957],[-118.31613,41.35948],[-118.31604,41.35945],[-118.31596,41.35941],[-118.31589,41.35936],[-118.31583,41.35931],[-118.31575,41.35924],[-118.3157,41.35918],[-118.31567,41.35913],[-118.31563,41.35904],[-118.31556,41.35878],[-118.31552,41.35861],[-118.31553,41.35857]]}},{"type":"Feature","properties":{"name":"(unnamed public road)","road_class":"track","source":"OpenStreetMap","source_detail":"osm way 14344979","source_tile":"175/383","surface_inferred":true},"geometry":{"type":"LineString","coordinates":[[-118.25014,41.23082],[-118.24947,41.23188],[-118.24933,41.23212],[-118.24896,41.2328],[-118.2487,41.23319],[-118.24841,41.23355],[-118.24829,41.23372],[-118.24823,41.23383],[-118.24809,41.23414],[-118.24804,41.23427],[-118.24731,41.23568],[-118.24682,41.2365],[-118.24649,41.23712],[-118.24608,41.23781],[-118.24533,41.23917],[-118.24514,41.23958],[-118.24501,41.23979],[-118.24491,41.23992],[-118.24468,41.24017],[-118.2444,41.24049],[-118.24405,41.24091],[-118.24386,41.24119],[-118.24339,41.24183],[-118.24312,41.24221],[-118.24294,41.24244],[-118.2428,41.24259],[-118.2423,41.24319],[-118.24184,41.24386],[-118.24139,41.24451],[-118.24118,41.24481],[-118.24105,41.24497],[-118.24086,41.24517],[-118.24031,41.24583],[-118.23982,41.24647],[-118.23959,41.24682],[-118.23934,41.24712],[-118.23884,41.24779],[-118.23854,41.24815],[-118.23826,41.24843],[-118.23804,41.2487],[-118.23781,41.24904],[-118.23744,41.24953],[-118.23721,41.24983],[-118.23669,41.25049],[-118.23577,41.25175],[-118.23526,41.25238],[-118.23477,41.25302],[-118.23434,41.25364],[-118.23385,41.25427],[-118.23336,41.25492],[-118.23279,41.25566],[-118.23225,41.25642],[-118.23166,41.25714],[-118.23114,41.25782],[-118.23063,41.25847],[-118.23056,41.25858],[-118.23051,41.25867],[-118.23048,41.2588],[-118.23047,41.25896],[-118.23047,41.25915],[-118.23046,41.25971],[-118.23045,41.25981],[-118.23042,41.25993],[-118.23036,41.26005],[-118.23024,41.26028],[-118.23008,41.26073],[-118.22994,41.26103],[-118.2299,41.26112],[-118.22987,41.26124],[-118.22986,41.26167],[-118.22984,41.26172],[-118.22983,41.26178],[-118.2298,41.26183],[-118.22977,41.26188],[-118.22973,41.26193],[-118.22968,41.26197],[-118.22962,41.26201],[-118.22944,41.26212],[-118.22928,41.26219]]}},{"type":"Feature","properties":{"name":"(unnamed public road)","road_class":"track","source":"OpenStreetMap","source_detail":"osm way 14345221","source_tile":"175/382","surface_inferred":true},"geometry":{"type":"LineString","coordinates":[[-118.42898,41.30007],[-118.43017,41.30136],[-118.43057,41.30229],[-118.43087,41.30394],[-118.4313,41.3047]]}},{"type":"Feature","properties":{"name":"(unnamed public road)","road_class":"track","source":"OpenStreetMap","source_detail":"osm way 14345224","source_tile":"175/382","surface_inferred":true},"geometry":{"type":"LineString","coordinates":[[-118.42581,41.30146],[-118.42614,41.30144],[-118.4259,41.30203],[-118.42566,41.30221],[-118.42539,41.30217],[-118.42551,41.30176],[-118.42581,41.30146]]}},{"type":"Feature","properties":{"name":"(unnamed public road)","road_class":"track","source":"OpenStreetMap","source_detail":"osm way 14345227","source_tile":"175/382","surface_inferred":true},"geometry":{"type":"LineString","coordinates":[[-118.42698,41.30105],[-118.4266,41.30115],[-118.42614,41.30144]]}},{"type":"Feature","properties":{"name":"(unnamed public road)","road_class":"track","source":"OpenStreetMap","source_detail":"osm way 14345229","source_tile":"175/382","surface_inferred":true},"geometry":{"type":"LineString","coordinates":[[-118.42992,41.30229],[-118.42932,41.30203],[-118.42927,41.302],[-118.42922,41.30195],[-118.42912,41.30183],[-118.42909,41.30178],[-118.42901,41.30173],[-118.42895,41.30169],[-118.42889,41.30166],[-118.42791,41.30142],[-118.42763,41.30136],[-118.42739,41.30129],[-118.42721,41.30122],[-118.42708,41.30114],[-118.42701,41.30109],[-118.42698,41.30105],[-118.42696,41.30101],[-118.42695,41.30097],[-118.42694,41.30091],[-118.42695,41.30061],[-118.42696,41.30052],[-118.42697,41.30045],[-118.42701,41.30036],[-118.42705,41.30028],[-118.42711,41.30019],[-118.4273,41.29998],[-118.42738,41.29987],[-118.42757,41.29953],[-118.42766,41.29935],[-118.42769,41.29927],[-118.42784,41.29872],[-118.42787,41.29855],[-118.42787,41.29845],[-118.42786,41.29842],[-118.42785,41.29838],[-118.42781,41.29836],[-118.42777,41.29836],[-118.42772,41.29836],[-118.42769,41.29838],[-118.42765,41.29842],[-118.42756,41.29857],[-118.42748,41.29873],[-118.42736,41.29891],[-118.42725,41.29907],[-118.42715,41.29917],[-118.427,41.29931],[-118.42693,41.29936],[-118.42685,41.29941],[-118.42671,41.29947],[-118.42631,41.29959],[-118.42611,41.29966],[-118.42602,41.29971],[-118.42592,41.29976],[-118.42586,41.29981],[-118.42581,41.29986],[-118.42575,41.29993],[-118.42567,41.30009],[-118.42564,41.30014],[-118.4256,41.30018],[-118.42556,41.30022],[-118.42551,41.30026],[-118.42525,41.30041],[-118.42506,41.30052],[-118.4249,41.30063],[-118.42484,41.30144],[-118.42506,41.30167],[-118.42528,41.30158],[-118.42563,41.30113],[-118.42665,41.30036],[-118.42705,41.30028]]}},{"type":"Feature","properties":{"name":"(unnamed public road)","road_class":"track","source":"OpenStreetMap","source_detail":"osm way 14345283","source_tile":"175/382","surface_inferred":true},"geometry":{"type":"LineString","coordinates":[[-118.2927,41.32049],[-118.29271,41.32062],[-118.29273,41.32067],[-118.29275,41.3207],[-118.29278,41.32073],[-118.29284,41.32077],[-118.29294,41.3208],[-118.29309,41.32081],[-118.29352,41.32084],[-118.29362,41.32086],[-118.29372,41.3209],[-118.29381,41.32094],[-118.29393,41.32104],[-118.2942,41.32127],[-118.29431,41.3214],[-118.29435,41.32148],[-118.29437,41.32154],[-118.29439,41.32158],[-118.29446,41.32164],[-118.29477,41.32188],[-118.29488,41.322],[-118.29493,41.32207],[-118.29508,41.32237],[-118.2951,41.32242],[-118.29512,41.32247],[-118.29515,41.32279],[-118.29516,41.32283],[-118.29518,41.32286],[-118.29522,41.32291],[-118.29527,41.32296],[-118.29533,41.323],[-118.29542,41.32306],[-118.29554,41.32311],[-118.29566,41.32314],[-118.29581,41.32317],[-118.29622,41.32325],[-118.2966,41.3233],[-118.29691,41.32333],[-118.29705,41.32335],[-118.29755,41.32347],[-118.29812,41.32361],[-118.29828,41.32364],[-118.29836,41.32365],[-118.29871,41.32369],[-118.29888,41.32371],[-118.29916,41.32377],[-118.29951,41.32383],[-118.29978,41.3239],[-118.30007,41.32398],[-118.30023,41.32405],[-118.30053,41.32418],[-118.30076,41.32427],[-118.301,41.32436],[-118.30111,41.32439],[-118.30162,41.32449],[-118.30196,41.32455],[-118.30224,41.3246],[-118.30261,41.32468],[-118.30316,41.32475],[-118.30365,41.32483],[-118.30405,41.3249],[-118.30559,41.32519],[-118.30609,41.3253],[-118.30672,41.32539],[-118.30731,41.32551],[-118.30761,41.32557],[-118.30846,41.32579],[-118.30896,41.3259],[-118.30915,41.32594],[-118.30927,41.32597],[-118.30941,41.32601],[-118.3095,41.32605],[-118.30987,41.32617],[-118.31032,41.32629],[-118.31068,41.32638],[-118.31088,41.32642],[-118.31122,41.32651],[-118.3115,41.3266],[-118.31181,41.32672],[-118.31218,41.32686],[-118.31283,41.32708],[-118.31308,41.32718],[-118.3132,41.32724],[-118.31335,41.32733],[-118.31364,41.32749],[-118.31384,41.3276],[-118.31397,41.32769],[-118.31409,41.32779],[-118.31424,41.32793],[-118.31448,41.32813],[-118.31475,41.32835],[-118.31501,41.32861],[-118.31508,41.32867],[-118.31516,41.32872],[-118.31523,41.32876],[-118.31531,41.32878],[-118.31561,41.32883],[-118.31569,41.32885],[-118.31607,41.32898],[-118.31625,41.32906],[-118.31671,41.3293],[-118.31687,41.3294],[-118.31694,41.32943],[-118.31703,41.32944],[-118.31707,41.32945],[-118.31721,41.32943],[-118.31729,41.32941],[-118.31735,41.32941],[-118.31747,41.32942],[-118.31764,41.32945],[-118.3177,41.32946],[-118.31782,41.32953],[-118.31788,41.32958],[-118.31798,41.32966],[-118.31803,41.3297],[-118.31809,41.32974],[-118.31838,41.32985],[-118.31857,41.32992],[-118.31876,41.32997],[-118.31897,41.33002],[-118.31905,41.33004],[-118.31912,41.33005],[-118.31926,41.33005],[-118.31932,41.33004],[-118.31939,41.33003],[-118.31974,41.32992],[-118.31983,41.3299],[-118.31993,41.32989],[-118.32002,41.32989],[-118.32012,41.32989],[-118.32022,41.3299],[-118.32033,41.32994],[-118.32038,41.32997],[-118.32046,41.33003],[-118.32065,41.33017],[-118.32119,41.33062],[-118.32145,41.33089],[-118.32154,41.33102],[-118.32156,41.33107],[-118.32157,41.33113],[-118.32158,41.33119],[-118.32157,41.33125],[-118.32155,41.33135],[-118.32149,41.33144],[-118.32144,41.33149],[-118.32139,41.33153],[-118.32127,41.3316],[-118.32123,41.33164],[-118.32122,41.33167],[-118.32122,41.33171],[-118.32124,41.33174],[-118.32125,41.33176],[-118.32128,41.33177],[-118.32136,41.3318],[-118.32153,41.33183],[-118.32166,41.33186],[-118.32174,41.33189],[-118.32183,41.33194],[-118.32192,41.332],[-118.322,41.33205],[-118.32207,41.33212],[-118.32215,41.33222],[-118.32219,41.33225],[-118.32235,41.33236],[-118.32273,41.33267],[-118.32297,41.33288],[-118.3231,41.33299],[-118.3233,41.33311],[-118.32334,41.33315],[-118.32337,41.33319],[-118.32342,41.33325],[-118.32344,41.33331],[-118.32345,41.33337],[-118.32344,41.33342],[-118.32342,41.33348],[-118.32339,41.33352],[-118.32336,41.33354],[-118.32321,41.33362],[-118.32318,41.33367],[-118.32317,41.33373],[-118.32318,41.3338],[-118.3232,41.33383],[-118.32326,41.3339],[-118.3234,41.33402],[-118.32363,41.33417],[-118.32385,41.33433],[-118.324,41.33447],[-118.32405,41.33453],[-118.32408,41.3346],[-118.3241,41.33467],[-118.3241,41.33473],[-118.32408,41.3348],[-118.32405,41.33486],[-118.32395,41.33496],[-118.32394,41.33498],[-118.32393,41.335],[-118.32393,41.33504],[-118.32398,41.33512],[-118.324,41.33516],[-118.324,41.33519],[-118.324,41.33525],[-118.32398,41.33531],[-118.32396,41.33537],[-118.32391,41.33544],[-118.32383,41.33547],[-118.32379,41.33551],[-118.32377,41.33553],[-118.32376,41.33558],[-118.32376,41.33566],[-118.32378,41.33577],[-118.32383,41.33585],[-118.32387,41.33589],[-118.32398,41.33598],[-118.3241,41.33604],[-118.32429,41.33613],[-118.32459,41.33625],[-118.32524,41.33646],[-118.32548,41.33654],[-118.32619,41.33679],[-118.32666,41.33699],[-118.32683,41.33707],[-118.32715,41.33724],[-118.32744,41.33738],[-118.32774,41.33757],[-118.32791,41.33769],[-118.32805,41.3378],[-118.32836,41.33805],[-118.32855,41.33819]]}},{"type":"Feature","properties":{"name":"(unnamed public road)","road_class":"track","source":"OpenStreetMap","source_detail":"osm way 14345308","source_tile":"175/382","surface_inferred":true},"geometry":{"type":"LineString","coordinates":[[-118.13712,41.49896],[-118.13719,41.4988],[-118.13724,41.49869],[-118.13737,41.49852],[-118.13751,41.49829],[-118.13757,41.49819],[-118.13769,41.498],[-118.13781,41.49779],[-118.13791,41.49758],[-118.13805,41.49721],[-118.13815,41.49689],[-118.1383,41.49646],[-118.13835,41.49626],[-118.13841,41.49609],[-118.13849,41.49591],[-118.13865,41.49563],[-118.13874,41.4955],[-118.13891,41.49527],[-118.13921,41.49489],[-118.13955,41.49457],[-118.13963,41.49446],[-118.14006,41.49392],[-118.14035,41.49358],[-118.14076,41.49306],[-118.14106,41.4927],[-118.14138,41.49233],[-118.14173,41.49189],[-118.14224,41.4912],[-118.14251,41.4909],[-118.14273,41.49061],[-118.14286,41.49043],[-118.14302,41.49023],[-118.14327,41.4899],[-118.14354,41.48957],[-118.14401,41.48907],[-118.1441,41.48896],[-118.14467,41.4882],[-118.14501,41.48781],[-118.14514,41.48764],[-118.14544,41.48728],[-118.14565,41.48701],[-118.14624,41.48624],[-118.14636,41.48606],[-118.14648,41.4859],[-118.14688,41.48542],[-118.14702,41.48526],[-118.14728,41.48496],[-118.14747,41.48468],[-118.14756,41.48458],[-118.14767,41.48442],[-118.14781,41.48426],[-118.14806,41.48394],[-118.14823,41.48374],[-118.14835,41.48362],[-118.14848,41.48351],[-118.1486,41.48338],[-118.14868,41.48328],[-118.14881,41.48311],[-118.14903,41.48286],[-118.14959,41.48215],[-118.14986,41.48182],[-118.15002,41.48164],[-118.15023,41.48142],[-118.15034,41.48129],[-118.15055,41.48106],[-118.15078,41.48081],[-118.15098,41.48056],[-118.15115,41.48033],[-118.15128,41.48017],[-118.15143,41.47999],[-118.15159,41.47982],[-118.15175,41.47962],[-118.15184,41.47951],[-118.15194,41.47938],[-118.15202,41.47932],[-118.15215,41.47915],[-118.15273,41.47837],[-118.15292,41.47813],[-118.1531,41.47793],[-118.15341,41.47749],[-118.15356,41.47731],[-118.15415,41.47663],[-118.15452,41.47617],[-118.15473,41.47593],[-118.15504,41.47551],[-118.15527,41.47521],[-118.15539,41.47504],[-118.15567,41.4747],[-118.15587,41.47444],[-118.15604,41.47423],[-118.15641,41.47372],[-118.15675,41.47322],[-118.15692,41.47299],[-118.15705,41.47278],[-118.15722,41.47254],[-118.15745,41.47228],[-118.15764,41.472],[-118.15791,41.47167],[-118.15805,41.47148],[-118.15814,41.47131],[-118.1582,41.47118],[-118.15824,41.47108],[-118.15833,41.47077],[-118.15837,41.47067],[-118.15842,41.47058],[-118.1585,41.47041],[-118.15868,41.46992],[-118.15875,41.46971],[-118.15882,41.4695],[-118.15896,41.46895],[-118.15906,41.46854],[-118.15908,41.46843],[-118.15909,41.46829],[-118.15909,41.468],[-118.15907,41.46749],[-118.15908,41.46695],[-118.15914,41.46632],[-118.15916,41.46607],[-118.15916,41.46554],[-118.15916,41.46532]]}},{"type":"Feature","properties":{"name":"(unnamed public road)","road_class":"track","surface":"unpaved","source":"OpenStreetMap","source_detail":"osm way 14345409","source_tile":"176/382"},"geometry":{"type":"LineString","coordinates":[[-118.06322,41.41584],[-118.06343,41.41564],[-118.0638,41.41534],[-118.0641,41.41509],[-118.06419,41.41502],[-118.06429,41.41497],[-118.06459,41.41482],[-118.06509,41.41457],[-118.06578,41.41423],[-118.06599,41.41414],[-118.06619,41.41405],[-118.06661,41.41382],[-118.06703,41.41356],[-118.06748,41.41328],[-118.06773,41.41312],[-118.06803,41.41294],[-118.06825,41.41283],[-118.06905,41.41248],[-118.06981,41.41212],[-118.07055,41.41178],[-118.07119,41.4115],[-118.07171,41.41127],[-118.07189,41.41121],[-118.07207,41.41118],[-118.07216,41.41118],[-118.07241,41.41118],[-118.07263,41.4112],[-118.07336,41.41128],[-118.07414,41.41133],[-118.07518,41.4114],[-118.07602,41.41148],[-118.07666,41.41151],[-118.07745,41.41158],[-118.07763,41.4116],[-118.07783,41.41163],[-118.07818,41.41171],[-118.07843,41.41177],[-118.07882,41.41185],[-118.07896,41.41187],[-118.07921,41.4119],[-118.07948,41.41192],[-118.07983,41.41194],[-118.08014,41.41193],[-118.08027,41.41192],[-118.08057,41.41187],[-118.08072,41.41196],[-118.08963,41.40743],[-118.10396,41.40004],[-118.12638,41.38853],[-118.12725,41.38794],[-118.1285,41.38725],[-118.12914,41.38677],[-118.12989,41.38604],[-118.13105,41.3853],[-118.13157,41.38506],[-118.13281,41.38479],[-118.13365,41.3845],[-118.13476,41.38376],[-118.13556,41.38348],[-118.13705,41.38318],[-118.13803,41.383],[-118.13887,41.38288],[-118.13942,41.38275],[-118.13977,41.3825],[-118.13993,41.38237],[-118.14021,41.38218],[-118.14164,41.38145],[-118.1427,41.38097],[-118.14432,41.38014],[-118.14442,41.38007],[-118.14491,41.37989],[-118.14518,41.37973],[-118.14536,41.37964],[-118.146,41.37926],[-118.14648,41.37905],[-118.14729,41.37875],[-118.14775,41.37852],[-118.14808,41.37825],[-118.14862,41.37788],[-118.14947,41.37758],[-118.15063,41.37693],[-118.15237,41.37587],[-118.15284,41.37571],[-118.15344,41.37565],[-118.15404,41.37547],[-118.15469,41.37552],[-118.1552,41.37531],[-118.15638,41.37468],[-118.15808,41.37387],[-118.15977,41.37334],[-118.1603,41.37316],[-118.16123,41.37258],[-118.16135,41.37252],[-118.16157,41.3724],[-118.16191,41.37227],[-118.1623,41.37202],[-118.16282,41.37174],[-118.16301,41.37166],[-118.16353,41.37149],[-118.16403,41.37122],[-118.16473,41.37094],[-118.1651,41.37072],[-118.16532,41.37058],[-118.16553,41.37047],[-118.1659,41.37032],[-118.16697,41.37001],[-118.16712,41.37001],[-118.16736,41.36994],[-118.1674,41.36994],[-118.168,41.36961],[-118.16895,41.36929]]}},{"type":"Feature","properties":{"name":"(unnamed public road)","road_class":"track","surface":"unpaved","source":"OpenStreetMap","source_detail":"osm way 14346301","source_tile":"176/383"},"geometry":{"type":"LineString","coordinates":[[-118.30855,41.25164],[-118.308,41.25148],[-118.30765,41.25139],[-118.30731,41.2513],[-118.30696,41.2512],[-118.30659,41.25108],[-118.30623,41.25096],[-118.30608,41.2509],[-118.30593,41.25086],[-118.30577,41.25082],[-118.30565,41.2508],[-118.30553,41.25078],[-118.3054,41.25076],[-118.30526,41.25075],[-118.30512,41.25073],[-118.30498,41.2507],[-118.30485,41.25067],[-118.30473,41.25064],[-118.3046,41.2506],[-118.30448,41.25055],[-118.30436,41.2505],[-118.30425,41.25044],[-118.3038,41.25015],[-118.30327,41.24989],[-118.30316,41.24986],[-118.30302,41.24982],[-118.30292,41.24979],[-118.3028,41.24975],[-118.30189,41.24932],[-118.30179,41.24928],[-118.30166,41.24924],[-118.30129,41.24913],[-118.30124,41.24911],[-118.30099,41.24896],[-118.30082,41.24888],[-118.30079,41.24886],[-118.30042,41.24872],[-118.30034,41.2487],[-118.30011,41.24867],[-118.29967,41.24866],[-118.29911,41.24865],[-118.29891,41.24865],[-118.29875,41.24864],[-118.29865,41.24863],[-118.29853,41.24861],[-118.29833,41.24853],[-118.29798,41.24839],[-118.29753,41.24822],[-118.29732,41.24814],[-118.2968,41.24798],[-118.2963,41.24785],[-118.29594,41.24775],[-118.2958,41.2477],[-118.29571,41.24766],[-118.29545,41.24749],[-118.29525,41.2474],[-118.29519,41.24739],[-118.29508,41.24739],[-118.29465,41.2474],[-118.29439,41.2474],[-118.29431,41.2474],[-118.29426,41.24739],[-118.29422,41.24737],[-118.29416,41.24732],[-118.29412,41.24727],[-118.2941,41.2472],[-118.2941,41.24712],[-118.29414,41.24649],[-118.29415,41.24595],[-118.29417,41.24537],[-118.29412,41.24403],[-118.29414,41.24367],[-118.29413,41.24334],[-118.29414,41.24318],[-118.29416,41.24306],[-118.29416,41.24301],[-118.29414,41.24295],[-118.29411,41.2429],[-118.29407,41.24285],[-118.29401,41.24281],[-118.29363,41.24264],[-118.29326,41.24247],[-118.2915,41.24178],[-118.29097,41.2416],[-118.29043,41.24139],[-118.28953,41.24102],[-118.28887,41.24078],[-118.28841,41.2406],[-118.28758,41.24028],[-118.28717,41.24016],[-118.28614,41.23986],[-118.28561,41.23969],[-118.28388,41.23924],[-118.28239,41.23888],[-118.28017,41.2383],[-118.2797,41.23816],[-118.27905,41.23797],[-118.2786,41.23785],[-118.27799,41.23771],[-118.27717,41.23748],[-118.27698,41.23743],[-118.27687,41.23739],[-118.27678,41.23734],[-118.27652,41.23716],[-118.27638,41.23707],[-118.27627,41.23702],[-118.27611,41.23696],[-118.27597,41.23691],[-118.27575,41.23685],[-118.27566,41.23685],[-118.27545,41.23684],[-118.27515,41.23683],[-118.27503,41.23682],[-118.27492,41.2368],[-118.27479,41.23677],[-118.27453,41.23671],[-118.27399,41.23659],[-118.2733,41.2364],[-118.27278,41.23628],[-118.27219,41.23614],[-118.27139,41.23592],[-118.27069,41.23574],[-118.27007,41.2356],[-118.26987,41.23555],[-118.2694,41.23539],[-118.26806,41.23505],[-118.26738,41.23486],[-118.26547,41.23439],[-118.26467,41.2342],[-118.26417,41.23407],[-118.2629,41.23376],[-118.26197,41.23354],[-118.2609,41.2333],[-118.25978,41.23305],[-118.2593,41.23293],[-118.2584,41.23272],[-118.25788,41.2326],[-118.25736,41.23247],[-118.25646,41.23226],[-118.25557,41.23205],[-118.25511,41.23192],[-118.25414,41.23168],[-118.25374,41.23157],[-118.2533,41.23143],[-118.25276,41.23128],[-118.25219,41.23113],[-118.2515,41.23092],[-118.25128,41.23087],[-118.25107,41.23083],[-118.25097,41.23081],[-118.25083,41.2308],[-118.25014,41.23082],[-118.25006,41.23081],[-118.25,41.23081],[-118.24995,41.23079],[-118.24989,41.23077],[-118.24966,41.2306],[-118.2495,41.23048],[-118.24945,41.23043],[-118.24938,41.23039],[-118.24933,41.23037],[-118.24923,41.23036],[-118.2491,41.23034],[-118.24899,41.23032],[-118.24803,41.23007],[-118.24751,41.22993],[-118.24689,41.22977],[-118.24592,41.22954],[-118.24564,41.22946],[-118.24462,41.22921],[-118.24321,41.22886],[-118.24226,41.22862],[-118.24129,41.22836],[-118.24005,41.22807],[-118.23877,41.22774],[-118.23831,41.22763],[-118.23783,41.2275],[-118.23732,41.22735],[-118.23583,41.22698],[-118.2354,41.22687],[-118.23388,41.22649],[-118.23191,41.22601],[-118.23133,41.22589],[-118.23051,41.2257],[-118.22959,41.22544],[-118.22858,41.22521],[-118.22764,41.22496],[-118.22678,41.22474],[-118.22617,41.22462],[-118.22577,41.22452],[-118.22488,41.22428],[-118.22428,41.22413],[-118.22268,41.22377],[-118.22228,41.22369],[-118.22183,41.22357],[-118.22131,41.22341],[-118.22073,41.22326],[-118.21789,41.22256],[-118.21675,41.22231],[-118.21545,41.22195],[-118.21451,41.22173],[-118.21356,41.22149],[-118.21298,41.22136],[-118.21237,41.22122],[-118.21164,41.22104],[-118.21062,41.22077],[-118.20966,41.22051],[-118.20888,41.22032],[-118.20831,41.22016],[-118.20807,41.22008],[-118.20788,41.21998],[-118.20742,41.21971],[-118.20727,41.21961],[-118.20709,41.21946],[-118.207,41.21939],[-118.20687,41.21931],[-118.20671,41.21922],[-118.20656,41.21915],[-118.20635,41.21906],[-118.20625,41.21901],[-118.20582,41.21873],[-118.20546,41.21847],[-118.2051,41.21823],[-118.20495,41.21811],[-118.20478,41.21797],[-118.20457,41.21782],[-118.20426,41.21763],[-118.20404,41.2175],[-118.20385,41.21737],[-118.20351,41.2171],[-118.20244,41.21633],[-118.20205,41.21604],[-118.20138,41.21551],[-118.20083,41.2151],[-118.20065,41.21497],[-118.2003,41.21475],[-118.20001,41.21455],[-118.19981,41.2144],[-118.19935,41.21405],[-118.19883,41.21372],[-118.19786,41.21313],[-118.19748,41.21285],[-118.19718,41.21265],[-118.19678,41.21243],[-118.19642,41.21222],[-118.19559,41.21173],[-118.19506,41.21138],[-118.19445,41.21102],[-118.19395,41.21072],[-118.19329,41.21028],[-118.19282,41.20999],[-118.1922,41.20957],[-118.19166,41.20923],[-118.19043,41.20848],[-118.18975,41.20802],[-118.1886,41.20729],[-118.18735,41.20654],[-118.1862,41.20577],[-118.18569,41.20547],[-118.18541,41.20528],[-118.18503,41.20504],[-118.18431,41.20455],[-118.18311,41.20378],[-118.1824,41.20336],[-118.18125,41.20261],[-118.18053,41.20218],[-118.18026,41.20199],[-118.18006,41.20185],[-118.17961,41.20153],[-118.17931,41.20133],[-118.17888,41.20107],[-118.17831,41.20071],[-118.17808,41.20054],[-118.17771,41.20029],[-118.17732,41.20005],[-118.17677,41.19971],[-118.17629,41.19944],[-118.17576,41.19908],[-118.17539,41.19887],[-118.17501,41.19865],[-118.17476,41.19851],[-118.1746,41.19842],[-118.17393,41.19794],[-118.17354,41.19768],[-118.17311,41.19741],[-118.17269,41.19718],[-118.17231,41.19694],[-118.17154,41.19641],[-118.17082,41.19598],[-118.16882,41.19476],[-118.16844,41.19451],[-118.16762,41.19404],[-118.16719,41.19378],[-118.16646,41.1933],[-118.16609,41.19308],[-118.16529,41.19262],[-118.16486,41.19234],[-118.16409,41.19189],[-118.16255,41.19094],[-118.16202,41.19062],[-118.16177,41.19048],[-118.16057,41.18973],[-118.15978,41.18926],[-118.15813,41.18825],[-118.15735,41.18776],[-118.15692,41.18751],[-118.1566,41.18732],[-118.15617,41.18702],[-118.15507,41.18636],[-118.15421,41.18582],[-118.15343,41.18531],[-118.15233,41.18465],[-118.15182,41.18431],[-118.15136,41.18402],[-118.15123,41.18394],[-118.15111,41.18385],[-118.15073,41.18361],[-118.14988,41.18312],[-118.14948,41.18283],[-118.1491,41.1826],[-118.1486,41.18229],[-118.14823,41.18207],[-118.14779,41.18179],[-118.14744,41.18154],[-118.14726,41.18144],[-118.14705,41.18132],[-118.14627,41.18083],[-118.14584,41.18055],[-118.14446,41.17972],[-118.14388,41.17935],[-118.14343,41.17909],[-118.14192,41.17815],[-118.14138,41.17784],[-118.14116,41.17771],[-118.14106,41.17764],[-118.14076,41.17744],[-118.13935,41.17659],[-118.13883,41.17625],[-118.13841,41.176],[-118.1376,41.17552],[-118.13724,41.17528],[-118.13644,41.17478],[-118.13604,41.17455],[-118.13526,41.17408],[-118.13402,41.17329],[-118.13286,41.17261],[-118.13241,41.17233],[-118.13196,41.17204],[-118.1317,41.17189],[-118.13082,41.17136],[-118.13066,41.17125],[-118.1301,41.17091],[-118.12989,41.17078],[-118.12895,41.17019],[-118.12854,41.16995],[-118.12811,41.16969],[-118.12731,41.16918],[-118.12686,41.16892],[-118.1264,41.16863],[-118.1262,41.16853],[-118.12587,41.16837],[-118.12562,41.16824],[-118.12538,41.16809],[-118.12517,41.16796],[-118.12475,41.16767],[-118.12461,41.16758],[-118.12433,41.16742],[-118.12411,41.1673],[-118.12386,41.16716],[-118.1231,41.1667],[-118.12273,41.16646],[-118.12166,41.16581],[-118.12144,41.16566],[-118.12123,41.16553],[-118.12018,41.16489],[-118.11977,41.16464],[-118.11897,41.16416],[-118.1183,41.16377],[-118.11821,41.1637],[-118.1181,41.1636],[-118.11804,41.16356],[-118.11723,41.16307],[-118.11687,41.16286],[-118.11663,41.16273],[-118.11656,41.16269],[-118.11632,41.16253],[-118.11586,41.16224],[-118.11549,41.16201],[-118.11505,41.16175],[-118.11462,41.16147],[-118.11424,41.16123],[-118.11313,41.16057],[-118.11304,41.16052],[-118.11283,41.16044],[-118.11258,41.16037],[-118.11248,41.16033],[-118.11243,41.16031],[-118.11239,41.16028],[-118.11235,41.16024],[-118.11226,41.16015],[-118.1122,41.16006],[-118.11214,41.15997],[-118.1121,41.15993],[-118.11189,41.15975],[-118.11177,41.15965],[-118.11142,41.1594],[-118.11101,41.15915],[-118.11051,41.15888],[-118.10993,41.15859],[-118.10918,41.15825],[-118.10904,41.15818],[-118.10868,41.15804],[-118.10804,41.15783],[-118.10692,41.15749],[-118.1063,41.15728],[-118.10566,41.15704],[-118.10528,41.15689],[-118.10445,41.15657],[-118.10402,41.15637],[-118.10344,41.15612],[-118.10296,41.15589],[-118.10265,41.15575],[-118.10253,41.1557],[-118.10241,41.15562],[-118.10233,41.15558],[-118.10221,41.15552],[-118.10193,41.15541],[-118.10142,41.1552],[-118.10085,41.15499],[-118.10037,41.15478],[-118.1,41.15464],[-118.0994,41.15439],[-118.09889,41.15414],[-118.09842,41.15393],[-118.09776,41.15362],[-118.09684,41.15322],[-118.09624,41.15301],[-118.09572,41.1528],[-118.0946,41.15241],[-118.09409,41.15222],[-118.09349,41.15201],[-118.0929,41.15179],[-118.09232,41.15153],[-118.09183,41.15129],[-118.09146,41.15113],[-118.09133,41.15108],[-118.08999,41.15063],[-118.08983,41.15057],[-118.08946,41.15041],[-118.08893,41.15017],[-118.0884,41.14989],[-118.08786,41.14955],[-118.08753,41.14934],[-118.08731,41.14921],[-118.08705,41.14903],[-118.08698,41.14898],[-118.08673,41.14876],[-118.08665,41.14868],[-118.08657,41.1486],[-118.08646,41.14845],[-118.08637,41.14835],[-118.08629,41.14827],[-118.08591,41.14795],[-118.08546,41.14762],[-118.08512,41.14734],[-118.08472,41.14701],[-118.0844,41.14673],[-118.08361,41.14601],[-118.08327,41.14568],[-118.08261,41.14507],[-118.08229,41.1448],[-118.08225,41.14477],[-118.08221,41.14474],[-118.08213,41.1447],[-118.08208,41.14469],[-118.08198,41.14467],[-118.08193,41.14467],[-118.0813,41.1447],[-118.08108,41.1447],[-118.08078,41.14467],[-118.08068,41.14465],[-118.08057,41.14462],[-118.08042,41.14456],[-118.08016,41.14446],[-118.07999,41.14437],[-118.07982,41.14426],[-118.07961,41.14409],[-118.07954,41.14404],[-118.07947,41.14401],[-118.07937,41.14398],[-118.07925,41.14395],[-118.0788,41.14384],[-118.07863,41.14379],[-118.07809,41.14361],[-118.0779,41.14354],[-118.07743,41.14332],[-118.07701,41.1431],[-118.07692,41.14305],[-118.07655,41.14276],[-118.07637,41.14264],[-118.07621,41.14255],[-118.07607,41.14247],[-118.07591,41.1424],[-118.07575,41.14232],[-118.07554,41.14219],[-118.07511,41.14188],[-118.07481,41.14165],[-118.07464,41.14152],[-118.07456,41.14145],[-118.07439,41.14126],[-118.07425,41.14114],[-118.07408,41.14102],[-118.07374,41.14074],[-118.07343,41.14048],[-118.07292,41.14011],[-118.07253,41.13981],[-118.07223,41.13958],[-118.07199,41.13939],[-118.07168,41.13916],[-118.07158,41.13909],[-118.07146,41.13903],[-118.07128,41.13894],[-118.07104,41.13882],[-118.07089,41.13873],[-118.0708,41.13868],[-118.07069,41.13858],[-118.07058,41.13847],[-118.07028,41.13813],[-118.07018,41.13804],[-118.07011,41.13798],[-118.06999,41.1379],[-118.0698,41.1378],[-118.06959,41.13771],[-118.06949,41.13766],[-118.06926,41.13751],[-118.06915,41.13742],[-118.06899,41.1373],[-118.06891,41.13722],[-118.06877,41.13708],[-118.06864,41.13693],[-118.06852,41.13679],[-118.06819,41.13639],[-118.06797,41.13607],[-118.06772,41.13578],[-118.06746,41.13547],[-118.0671,41.13503],[-118.06651,41.13435],[-118.0662,41.13397],[-118.06604,41.13382],[-118.06586,41.13359],[-118.06578,41.13344],[-118.06546,41.13309],[-118.06489,41.13235],[-118.06463,41.13211],[-118.06379,41.13156],[-118.06308,41.13077],[-118.06304,41.1305],[-118.06322,41.13007],[-118.06322,41.12986],[-118.0632,41.12973],[-118.06309,41.1294],[-118.06305,41.12922],[-118.06306,41.12866],[-118.06289,41.12783],[-118.06282,41.12716],[-118.06282,41.12691],[-118.06289,41.12665],[-118.06299,41.12645],[-118.06322,41.12611],[-118.06346,41.12582],[-118.06349,41.12574],[-118.0635,41.12565],[-118.06347,41.12554],[-118.06327,41.12517],[-118.06282,41.12413],[-118.06288,41.12387],[-118.06294,41.12343],[-118.06292,41.12313],[-118.06264,41.12205],[-118.06255,41.12118],[-118.06277,41.1209],[-118.0628,41.12089],[-118.06322,41.12061],[-118.06326,41.12055],[-118.06374,41.12027],[-118.06395,41.12019],[-118.06699,41.11943],[-118.06739,41.11925],[-118.06763,41.11893],[-118.06752,41.11808],[-118.06754,41.11772],[-118.06758,41.11768],[-118.06765,41.11753],[-118.06797,41.11699],[-118.06819,41.11655],[-118.06829,41.11642]]}},{"type":"Feature","properties":{"name":"(unnamed public road)","road_class":"track","source":"OpenStreetMap","source_detail":"osm way 14346431","source_tile":"175/382","surface_inferred":true},"geometry":{"type":"LineString","coordinates":[[-118.33301,41.33928],[-118.33361,41.33913],[-118.33376,41.33907],[-118.33384,41.33903],[-118.33398,41.33896],[-118.33418,41.33884],[-118.33425,41.3388],[-118.33435,41.33877],[-118.33463,41.33878],[-118.33471,41.33878],[-118.33475,41.33877],[-118.33478,41.33876],[-118.3348,41.33874],[-118.33481,41.33867],[-118.33477,41.3386],[-118.3347,41.33855],[-118.33459,41.33851],[-118.3345,41.3385],[-118.3344,41.33848],[-118.33422,41.33848],[-118.33392,41.33848],[-118.33362,41.33847],[-118.33263,41.33843],[-118.33229,41.3384],[-118.33186,41.33834],[-118.33174,41.33833],[-118.33159,41.33835],[-118.33149,41.33838],[-118.33141,41.33842],[-118.33137,41.33846],[-118.33134,41.33849],[-118.33133,41.33852],[-118.3313,41.33861],[-118.3313,41.33869],[-118.33132,41.33888],[-118.33145,41.33954],[-118.33146,41.33965],[-118.33145,41.33972],[-118.33141,41.33984],[-118.33135,41.33992],[-118.33116,41.34011],[-118.33113,41.34014],[-118.3311,41.3402],[-118.33107,41.34026],[-118.33105,41.34035],[-118.33106,41.34047],[-118.33107,41.34055],[-118.33116,41.34066],[-118.33126,41.34076],[-118.3313,41.34083],[-118.33136,41.34097],[-118.3314,41.34113],[-118.33142,41.34127]]}},{"type":"Feature","properties":{"name":"(unnamed public road)","road_class":"track","source":"OpenStreetMap","source_detail":"osm way 14346523","source_tile":"175/382","surface_inferred":true},"geometry":{"type":"LineString","coordinates":[[-118.4249,41.30063],[-118.4247,41.30077]]}},{"type":"Feature","properties":{"name":"(unnamed public road)","road_class":"track","source":"OpenStreetMap","source_detail":"osm way 14346909","source_tile":"175/382","surface_inferred":true},"geometry":{"type":"LineString","coordinates":[[-118.32827,41.3413],[-118.3289,41.3413],[-118.32946,41.34131],[-118.32949,41.34131],[-118.32955,41.3413],[-118.32959,41.34127],[-118.32962,41.34123],[-118.32964,41.34119],[-118.32963,41.34054],[-118.32964,41.3401],[-118.32966,41.33993],[-118.32969,41.3398],[-118.32975,41.3396],[-118.32978,41.33949],[-118.32977,41.33936],[-118.32975,41.33927],[-118.32972,41.33917],[-118.32966,41.33906],[-118.32957,41.33895],[-118.32944,41.33882],[-118.32911,41.33856],[-118.3289,41.3384],[-118.32855,41.33819]]}},{"type":"Feature","properties":{"name":"Old Winnemucca-Denio Road","road_class":"track","tracktype":"grade3","source":"OpenStreetMap","source_detail":"osm way 946193828","source_tile":"176/382","surface_inferred":true},"geometry":{"type":"LineString","coordinates":[[-118.0682,41.41694],[-118.07155,41.41743],[-118.08123,41.41886],[-118.0938,41.42073],[-118.10297,41.4221],[-118.104,41.42225],[-118.10978,41.42311],[-118.12067,41.42474],[-118.13093,41.42628],[-118.13831,41.42739],[-118.14566,41.42848],[-118.15301,41.42958],[-118.15887,41.4304],[-118.16197,41.43085],[-118.16361,41.43109],[-118.17006,41.43201],[-118.1759,41.43283],[-118.1802,41.43349],[-118.18328,41.43394],[-118.18412,41.43409],[-118.18496,41.43424],[-118.18581,41.43438],[-118.18653,41.43449],[-118.18725,41.43459],[-118.1881,41.4347],[-118.18895,41.43482],[-118.1898,41.43494],[-118.19054,41.43506],[-118.19129,41.43518],[-118.19204,41.43531],[-118.19275,41.43543],[-118.19347,41.43555],[-118.19431,41.43569],[-118.19516,41.43581],[-118.19795,41.43621],[-118.20276,41.43693],[-118.20355,41.43705],[-118.20435,41.43717],[-118.20495,41.43725],[-118.20555,41.43733],[-118.20855,41.43771],[-118.21076,41.43799],[-118.21816,41.43897],[-118.22436,41.43981],[-118.22531,41.43993],[-118.22611,41.44004],[-118.22626,41.44006],[-118.22721,41.4402],[-118.22812,41.44034],[-118.22903,41.44049],[-118.22994,41.44065],[-118.2305,41.44076],[-118.23106,41.44089],[-118.23161,41.44102],[-118.23196,41.44111],[-118.23232,41.44119],[-118.23267,41.44127],[-118.23303,41.44134],[-118.23343,41.44142],[-118.23384,41.44148],[-118.23425,41.44154],[-118.27245,41.44755]]}},{"type":"Feature","properties":{"name":"(unnamed public road)","road_class":"unclassified","surface":"unpaved","source":"OpenStreetMap","source_detail":"osm way 946193876","source_tile":"175/382"},"geometry":{"type":"LineString","coordinates":[[-118.26088,41.3502],[-118.26105,41.35019]]}},{"type":"Feature","properties":{"name":"(unnamed public road)","road_class":"unclassified","surface":"unpaved","source":"OpenStreetMap","source_detail":"osm way 946193878","source_tile":"175/382"},"geometry":{"type":"LineString","coordinates":[[-118.26105,41.35019],[-118.26199,41.34956],[-118.26202,41.34952],[-118.26204,41.34948],[-118.26206,41.34943],[-118.26207,41.34918],[-118.26206,41.34914],[-118.26204,41.34911],[-118.26202,41.34909],[-118.26198,41.34905],[-118.26193,41.34903],[-118.26188,41.34901],[-118.26182,41.349],[-118.26176,41.34899],[-118.26124,41.34897],[-118.26118,41.34896],[-118.26113,41.34894],[-118.26108,41.34891],[-118.26104,41.34889],[-118.261,41.34886],[-118.26097,41.34882]]}},{"type":"Feature","properties":{"name":"(unnamed public road)","road_class":"track","surface":"unpaved","source":"OpenStreetMap","source_detail":"osm way 956365006","source_tile":"175/382"},"geometry":{"type":"LineString","coordinates":[[-118.46723,41.42179],[-118.4665,41.42164],[-118.46599,41.42163],[-118.46576,41.42159],[-118.46532,41.42147],[-118.46461,41.42141],[-118.46397,41.42149],[-118.46349,41.42157],[-118.46309,41.42159],[-118.46299,41.42162],[-118.46286,41.42168],[-118.46276,41.42171],[-118.46266,41.42172],[-118.46244,41.42172],[-118.46236,41.42177],[-118.46224,41.42193],[-118.46216,41.422],[-118.46204,41.42205],[-118.4616,41.42217],[-118.46146,41.42217],[-118.46125,41.42208],[-118.46051,41.42185],[-118.46041,41.42184],[-118.45976,41.42186],[-118.45947,41.42193],[-118.45909,41.42198],[-118.45882,41.42205],[-118.4587,41.42206],[-118.45861,41.42203],[-118.45851,41.42199],[-118.45805,41.42162],[-118.458,41.42156],[-118.45795,41.42144],[-118.45793,41.42124],[-118.45787,41.42118],[-118.45763,41.42115]]}},{"type":"Feature","properties":{"name":"(unnamed public road)","road_class":"track","surface":"unpaved","source":"OpenStreetMap","source_detail":"osm way 956365008","source_tile":"175/382"},"geometry":{"type":"LineString","coordinates":[[-118.38934,41.40887],[-118.3895,41.40893],[-118.3897,41.40894],[-118.39111,41.40883],[-118.39155,41.40882],[-118.39183,41.40877],[-118.39264,41.40845],[-118.3928,41.40837],[-118.393,41.40826],[-118.39318,41.40818],[-118.39384,41.40804],[-118.39481,41.40767],[-118.39618,41.40723],[-118.39712,41.40696],[-118.39779,41.40674],[-118.39811,41.40667],[-118.39841,41.40662],[-118.40158,41.40568],[-118.40353,41.40514],[-118.40463,41.40489],[-118.40523,41.40479],[-118.40605,41.40463],[-118.40683,41.4045],[-118.40715,41.40442],[-118.40826,41.40411],[-118.40849,41.40402],[-118.40868,41.40393],[-118.40936,41.40352],[-118.41002,41.40326],[-118.41048,41.40297],[-118.41077,41.40285],[-118.41107,41.40275],[-118.41166,41.40258],[-118.41236,41.40229],[-118.41321,41.40201],[-118.41339,41.40198],[-118.41387,41.40192],[-118.41413,41.40185],[-118.41523,41.40133],[-118.41546,41.40124],[-118.41619,41.40101],[-118.41737,41.40052],[-118.41772,41.4004],[-118.41812,41.40024],[-118.41866,41.40003],[-118.41943,41.39969],[-118.4201,41.39974],[-118.42025,41.39971],[-118.42063,41.39976],[-118.42102,41.3998],[-118.4212,41.39984],[-118.42146,41.39985],[-118.42161,41.39982],[-118.42193,41.39964],[-118.42216,41.39958],[-118.42229,41.39958],[-118.42264,41.39965],[-118.42289,41.39968],[-118.42332,41.39967],[-118.42341,41.39966],[-118.42348,41.39962],[-118.42356,41.39953],[-118.42364,41.39939],[-118.42371,41.39921],[-118.42388,41.39902],[-118.42407,41.39874],[-118.42413,41.39863],[-118.42413,41.39859],[-118.4241,41.39855],[-118.42401,41.39848],[-118.42393,41.39838],[-118.42389,41.39833],[-118.42388,41.39827],[-118.42389,41.39812],[-118.42397,41.39778],[-118.42397,41.39766],[-118.42402,41.39752],[-118.42415,41.3974],[-118.42437,41.39728],[-118.42459,41.39712],[-118.42464,41.39707],[-118.42469,41.39698],[-118.42481,41.39684],[-118.42491,41.39674],[-118.42513,41.3966],[-118.42533,41.39637],[-118.42582,41.39595],[-118.42616,41.39564],[-118.42623,41.39556],[-118.42641,41.39527],[-118.42664,41.39501],[-118.42697,41.39469],[-118.42746,41.39429],[-118.42767,41.39417],[-118.4277,41.39412],[-118.42769,41.394],[-118.42781,41.39392],[-118.42793,41.39389],[-118.42812,41.39386],[-118.4285,41.39384],[-118.42877,41.39379],[-118.42909,41.39368],[-118.42924,41.3936],[-118.4295,41.39342],[-118.43024,41.39284],[-118.43034,41.39274],[-118.43052,41.3926],[-118.43098,41.39211],[-118.43154,41.39171],[-118.43194,41.39138],[-118.43257,41.39098],[-118.43306,41.39091],[-118.43342,41.39078],[-118.43371,41.39076],[-118.43406,41.39077],[-118.43427,41.39074],[-118.43442,41.39068],[-118.43475,41.3905],[-118.43515,41.39039],[-118.43522,41.39036],[-118.4355,41.39014],[-118.43608,41.38977],[-118.43669,41.38946],[-118.43695,41.3892]]}},{"type":"Feature","properties":{"name":"(unnamed public road)","road_class":"track","surface":"unpaved","source":"OpenStreetMap","source_detail":"osm way 956365010","source_tile":"175/382"},"geometry":{"type":"LineString","coordinates":[[-118.40666,41.37681],[-118.40632,41.37716],[-118.40622,41.37732],[-118.4062,41.37747],[-118.40574,41.3782],[-118.40518,41.37878],[-118.40488,41.37906],[-118.40445,41.37933],[-118.40411,41.37959],[-118.40389,41.37973],[-118.4037,41.37982],[-118.40319,41.38002],[-118.4028,41.38027],[-118.40249,41.38037],[-118.40226,41.38046],[-118.40215,41.38052],[-118.40203,41.38066],[-118.40187,41.38111],[-118.40168,41.38154],[-118.40147,41.38224],[-118.40144,41.38243],[-118.40146,41.38267],[-118.40137,41.38339],[-118.40121,41.38445],[-118.40109,41.38489],[-118.40101,41.38561],[-118.40092,41.3859],[-118.40071,41.38627],[-118.40061,41.38639],[-118.40044,41.38656],[-118.40038,41.38666],[-118.40004,41.38742],[-118.39995,41.38779],[-118.39986,41.388],[-118.39975,41.38819],[-118.39965,41.38831],[-118.39957,41.38837],[-118.39934,41.3885],[-118.39925,41.38857],[-118.39915,41.38868],[-118.39881,41.38926],[-118.39858,41.38955],[-118.39852,41.38971],[-118.39855,41.38988],[-118.39848,41.39008],[-118.39822,41.39114],[-118.3981,41.39146],[-118.39807,41.39149],[-118.39806,41.39163],[-118.39768,41.39217],[-118.39763,41.39233],[-118.3976,41.39258],[-118.39744,41.39286],[-118.39732,41.3932],[-118.39722,41.39398],[-118.39711,41.39521],[-118.39696,41.39576],[-118.39697,41.39611],[-118.39693,41.39645],[-118.39692,41.39689],[-118.39688,41.39703],[-118.3967,41.39733],[-118.39662,41.39755],[-118.39651,41.39778],[-118.39634,41.39807],[-118.39611,41.39842],[-118.39609,41.39848],[-118.39599,41.39861],[-118.39589,41.3988],[-118.39567,41.39912],[-118.3954,41.39943],[-118.39499,41.39983],[-118.3948,41.4001],[-118.3947,41.4003],[-118.39448,41.4006],[-118.39405,41.40141],[-118.39384,41.40175],[-118.39369,41.40203],[-118.39352,41.40246],[-118.39345,41.40269],[-118.39332,41.40297],[-118.39299,41.4033],[-118.39293,41.40338],[-118.39275,41.40372],[-118.39261,41.40388],[-118.3923,41.40419],[-118.39208,41.40449],[-118.39171,41.40528],[-118.39143,41.4058],[-118.39123,41.40645],[-118.39098,41.40691],[-118.39022,41.40794],[-118.38934,41.40887],[-118.38889,41.40932],[-118.3888,41.40942],[-118.38847,41.40978],[-118.38767,41.41052],[-118.38692,41.41136],[-118.38652,41.41175],[-118.38634,41.41196],[-118.38605,41.41262],[-118.3859,41.41281],[-118.38559,41.41325],[-118.3852,41.41385],[-118.38446,41.41494],[-118.3839,41.41566],[-118.38353,41.41619],[-118.3835,41.41624],[-118.38311,41.41679],[-118.38249,41.41774],[-118.38205,41.41836],[-118.38085,41.42027],[-118.38051,41.42087],[-118.38026,41.42135],[-118.37996,41.42186],[-118.37963,41.42235],[-118.37947,41.42255],[-118.37912,41.42294],[-118.37894,41.42321],[-118.37883,41.42343],[-118.37874,41.42368],[-118.37854,41.42406],[-118.37795,41.425],[-118.37757,41.42566],[-118.37731,41.42612],[-118.37706,41.42664],[-118.37685,41.427],[-118.37585,41.42858],[-118.3756,41.429],[-118.37529,41.42963],[-118.37491,41.43031],[-118.37436,41.43148],[-118.37382,41.43258],[-118.37333,41.43364],[-118.37245,41.43589],[-118.37214,41.43659],[-118.37163,41.43735],[-118.37108,41.43829],[-118.37011,41.44006],[-118.36945,41.44142],[-118.36868,41.44273],[-118.36726,41.44489],[-118.36677,41.44572],[-118.36633,41.4464],[-118.36613,41.44685],[-118.36582,41.44736],[-118.36567,41.44783],[-118.36547,41.44809],[-118.36545,41.44813],[-118.36519,41.44854]]}},{"type":"Feature","properties":{"name":"(unnamed public road)","road_class":"track","surface":"unpaved","source":"OpenStreetMap","source_detail":"osm way 956365011","source_tile":"175/382"},"geometry":{"type":"LineString","coordinates":[[-118.38504,41.44335],[-118.38426,41.44329],[-118.3839,41.44322],[-118.38359,41.44321],[-118.38314,41.44327],[-118.38265,41.44336],[-118.38244,41.44342],[-118.38225,41.44349],[-118.38183,41.4437],[-118.38167,41.4438],[-118.38151,41.44402],[-118.38106,41.44415],[-118.3806,41.44425],[-118.37939,41.44464],[-118.37655,41.44541],[-118.37619,41.44549],[-118.37531,41.44575],[-118.37244,41.44642],[-118.3713,41.44672],[-118.37093,41.44677],[-118.37025,41.4466],[-118.36996,41.44656],[-118.36971,41.44654],[-118.36951,41.44656],[-118.36913,41.44664],[-118.36865,41.4467],[-118.36761,41.44678],[-118.36734,41.44677],[-118.36707,41.44675],[-118.36678,41.44667],[-118.36662,41.4466],[-118.36654,41.44655],[-118.36633,41.4464]]}},{"type":"Feature","properties":{"name":"(unnamed public road)","road_class":"track","surface":"unpaved","source":"OpenStreetMap","source_detail":"osm way 956365012","source_tile":"175/382"},"geometry":{"type":"LineString","coordinates":[[-118.34025,41.46378],[-118.34099,41.46315],[-118.34121,41.46295],[-118.34135,41.46253],[-118.3414,41.46219],[-118.34142,41.46163],[-118.34141,41.46056],[-118.34142,41.46019],[-118.34138,41.45999],[-118.3413,41.45973],[-118.34129,41.4596],[-118.34143,41.45894],[-118.34148,41.45888],[-118.3415,41.45858],[-118.34147,41.45833],[-118.34134,41.4578],[-118.34135,41.45705],[-118.34127,41.45634],[-118.34128,41.4561],[-118.34138,41.45579],[-118.34155,41.45566],[-118.3417,41.45562],[-118.34209,41.45534],[-118.34328,41.4544],[-118.344,41.45369],[-118.34469,41.45311],[-118.34506,41.45283],[-118.34509,41.4528],[-118.34516,41.45275],[-118.34571,41.45227],[-118.34599,41.45215],[-118.34642,41.45207],[-118.34694,41.4518],[-118.35117,41.44854],[-118.35124,41.4485],[-118.35428,41.4485],[-118.35475,41.44851],[-118.35657,41.44851],[-118.35679,41.4485],[-118.35831,41.4485],[-118.36038,41.44852],[-118.3606,41.44854],[-118.36096,41.44813],[-118.3611,41.448],[-118.36128,41.44798],[-118.36168,41.44802],[-118.36196,41.44796],[-118.36209,41.44796],[-118.36235,41.44807],[-118.36253,41.4481],[-118.36351,41.44802],[-118.36488,41.44802],[-118.36547,41.44809]]}},{"type":"Feature","properties":{"name":"(unnamed public road)","road_class":"track","surface":"unpaved","source":"OpenStreetMap","source_detail":"osm way 956365013","source_tile":"175/382"},"geometry":{"type":"LineString","coordinates":[[-118.36575,41.40978],[-118.36567,41.41218],[-118.36569,41.4131],[-118.36565,41.41361],[-118.36565,41.41443],[-118.36559,41.41499],[-118.36559,41.41521],[-118.36555,41.4157],[-118.36555,41.4162],[-118.36559,41.4169],[-118.36577,41.41783],[-118.3658,41.41835],[-118.36581,41.41904],[-118.36579,41.41913],[-118.36577,41.41994],[-118.36577,41.42153],[-118.36572,41.42217],[-118.36572,41.42327],[-118.36576,41.42386],[-118.3658,41.42565],[-118.36579,41.42672],[-118.36581,41.42693],[-118.36581,41.42763],[-118.36585,41.4278],[-118.36585,41.428],[-118.36582,41.42837],[-118.36581,41.43132],[-118.36584,41.43212],[-118.36581,41.43278],[-118.36581,41.43334],[-118.36576,41.43464],[-118.36573,41.43477],[-118.36549,41.43511],[-118.36514,41.43555],[-118.36471,41.43599],[-118.36448,41.43621],[-118.36425,41.43639],[-118.36413,41.43646],[-118.36373,41.43658],[-118.36341,41.43665],[-118.36286,41.43673],[-118.36205,41.43678],[-118.36189,41.43682],[-118.36155,41.43693],[-118.36121,41.43703],[-118.36028,41.43708],[-118.3595,41.43717],[-118.35836,41.43734],[-118.35769,41.43748],[-118.35702,41.43752],[-118.35601,41.43769],[-118.3553,41.43777],[-118.35475,41.43786],[-118.35407,41.43802],[-118.35335,41.43812],[-118.35251,41.43828],[-118.35117,41.43838],[-118.35068,41.43839],[-118.34989,41.43864],[-118.34818,41.43895],[-118.34723,41.43913],[-118.34562,41.43955],[-118.34473,41.43972],[-118.34432,41.43979],[-118.344,41.43988],[-118.34313,41.44026],[-118.3424,41.44035],[-118.34201,41.44043],[-118.34121,41.44066],[-118.34084,41.44085],[-118.34072,41.44087],[-118.34036,41.44089],[-118.33969,41.44101],[-118.33908,41.44113],[-118.33797,41.44142],[-118.3362,41.44178],[-118.33591,41.44181],[-118.3345,41.44226],[-118.33424,41.44236],[-118.33373,41.44261],[-118.33347,41.4427],[-118.33339,41.44274],[-118.33252,41.44301],[-118.3321,41.44322],[-118.33141,41.44341],[-118.33077,41.44354],[-118.33025,41.44374],[-118.32962,41.44394],[-118.32918,41.44411],[-118.32832,41.44437],[-118.32792,41.44446],[-118.32718,41.44457],[-118.32693,41.44464],[-118.32597,41.44482],[-118.32565,41.44486],[-118.32525,41.44486],[-118.32501,41.44481],[-118.32468,41.44467],[-118.3245,41.44461],[-118.32423,41.44457],[-118.32193,41.44451],[-118.32052,41.44458],[-118.32009,41.44456],[-118.31943,41.44451],[-118.31923,41.44451],[-118.31845,41.44459],[-118.31838,41.4446],[-118.31768,41.44454],[-118.31735,41.44449],[-118.317,41.4444],[-118.3167,41.4443],[-118.31626,41.44408],[-118.31594,41.44396],[-118.3148,41.4436],[-118.31439,41.44346],[-118.31348,41.4432],[-118.31278,41.44296],[-118.3125,41.44283],[-118.31238,41.44279],[-118.31189,41.44274],[-118.31154,41.4427],[-118.31045,41.4425],[-118.30963,41.4424],[-118.3093,41.44234],[-118.30785,41.44217],[-118.30708,41.4421],[-118.30629,41.44204],[-118.30561,41.44196],[-118.30509,41.44191],[-118.3038,41.44184],[-118.3035,41.44183],[-118.30268,41.44177],[-118.30079,41.44187],[-118.30009,41.44192],[-118.29896,41.44205],[-118.29652,41.44226],[-118.29635,41.44229],[-118.29611,41.44232],[-118.29549,41.44237],[-118.29524,41.44243],[-118.29519,41.44246],[-118.29511,41.44259],[-118.29506,41.44273],[-118.29505,41.44296],[-118.2951,41.44315],[-118.29519,41.44337],[-118.29536,41.44369],[-118.29538,41.44376],[-118.29538,41.44382],[-118.2953,41.44409],[-118.29523,41.44443],[-118.29515,41.44461],[-118.29492,41.44501],[-118.29486,41.44515],[-118.29476,41.44554],[-118.29459,41.44594],[-118.29439,41.44628],[-118.29379,41.44719],[-118.29324,41.44813],[-118.29304,41.44868],[-118.29265,41.44923],[-118.29181,41.45059],[-118.29177,41.45087],[-118.29143,41.45165],[-118.29089,41.45234],[-118.29049,41.45286],[-118.29015,41.45323],[-118.29002,41.45345],[-118.2899,41.45383],[-118.2898,41.45409],[-118.28969,41.45424],[-118.28959,41.45444],[-118.28954,41.45457],[-118.28921,41.45524],[-118.28901,41.45558],[-118.28883,41.45614],[-118.28881,41.4563],[-118.28883,41.45661],[-118.28872,41.45699],[-118.28838,41.45763],[-118.28819,41.45791],[-118.28792,41.45843],[-118.28783,41.45872],[-118.28763,41.45892],[-118.28754,41.45896]]}},{"type":"Feature","properties":{"name":"(unnamed public road)","road_class":"track","surface":"unpaved","source":"OpenStreetMap","source_detail":"osm way 956366577","source_tile":"175/382"},"geometry":{"type":"LineString","coordinates":[[-118.29566,41.44273],[-118.29524,41.44243],[-118.29505,41.4423],[-118.29423,41.44132],[-118.29369,41.44081],[-118.29343,41.4406],[-118.29288,41.44026],[-118.29249,41.43998],[-118.29145,41.43912],[-118.29119,41.43886],[-118.29101,41.43864],[-118.29078,41.4383],[-118.29055,41.43794],[-118.29023,41.43738],[-118.28996,41.43693],[-118.28965,41.43653],[-118.2894,41.43615],[-118.28896,41.43543],[-118.28886,41.43523],[-118.28859,41.43477],[-118.28834,41.43436],[-118.28814,41.4341],[-118.28779,41.43376],[-118.28732,41.43338],[-118.28575,41.43207],[-118.28512,41.43138],[-118.28437,41.43052],[-118.28395,41.4301],[-118.28388,41.43005],[-118.28385,41.43],[-118.28359,41.42973],[-118.28319,41.42912],[-118.283,41.42888],[-118.28286,41.42837],[-118.28278,41.42817],[-118.28265,41.42791],[-118.28234,41.42743],[-118.28224,41.42719],[-118.28206,41.42669],[-118.28198,41.42656],[-118.28177,41.4263],[-118.28157,41.42596],[-118.28114,41.4254],[-118.2808,41.42475],[-118.28069,41.42458],[-118.28026,41.42405],[-118.28004,41.42366],[-118.28001,41.42357],[-118.2799,41.42343],[-118.27991,41.42339],[-118.27971,41.42294],[-118.27925,41.42206],[-118.27903,41.42149],[-118.27853,41.42031],[-118.27842,41.42015],[-118.27811,41.41978],[-118.27801,41.41961],[-118.27779,41.41903],[-118.2777,41.41884],[-118.27769,41.41878],[-118.27758,41.41846],[-118.27742,41.41808],[-118.27698,41.41739],[-118.27624,41.41615],[-118.2761,41.41587],[-118.27581,41.41506],[-118.27573,41.41491],[-118.27524,41.41442],[-118.27497,41.41395],[-118.27453,41.41351],[-118.27432,41.41306],[-118.27399,41.41282],[-118.27279,41.41113],[-118.27176,41.40957],[-118.2715,41.40915],[-118.27125,41.40888],[-118.27106,41.40874],[-118.27083,41.40851],[-118.27008,41.40784],[-118.26945,41.40716],[-118.26928,41.40636],[-118.26906,41.40574],[-118.26908,41.40389],[-118.26899,41.40299],[-118.26871,41.40237],[-118.26807,41.40159],[-118.26777,41.40105],[-118.26766,41.40033],[-118.26773,41.3999],[-118.26826,41.39865]]}},{"type":"Feature","properties":{"name":"(unnamed public road)","road_class":"track","surface":"unpaved","source":"OpenStreetMap","source_detail":"osm way 956366578","source_tile":"175/382"},"geometry":{"type":"LineString","coordinates":[[-118.30764,41.45307],[-118.30753,41.45285],[-118.30672,41.45214],[-118.30651,41.45199],[-118.30637,41.45183],[-118.30621,41.45171],[-118.30509,41.45072],[-118.30093,41.44714],[-118.30064,41.4469],[-118.29638,41.44329],[-118.29566,41.44273]]}},{"type":"Feature","properties":{"name":"(unnamed public road)","road_class":"track","surface":"unpaved","source":"OpenStreetMap","source_detail":"osm way 956366579","source_tile":"175/382"},"geometry":{"type":"LineString","coordinates":[[-118.28944,41.45022],[-118.28976,41.44999],[-118.2902,41.44987],[-118.29114,41.44962],[-118.29135,41.44954],[-118.29211,41.44938],[-118.29226,41.44932],[-118.29265,41.44923],[-118.29399,41.44885],[-118.29543,41.4485],[-118.29989,41.44713],[-118.30064,41.4469]]}},{"type":"Feature","properties":{"name":"(unnamed public road)","road_class":"track","surface":"unpaved","source":"OpenStreetMap","source_detail":"osm way 956366580","source_tile":"175/382"},"geometry":{"type":"LineString","coordinates":[[-118.29009,41.45032],[-118.28998,41.45054],[-118.28925,41.45293],[-118.28902,41.45393],[-118.28837,41.45631],[-118.28754,41.45896],[-118.28746,41.45918],[-118.28739,41.45948],[-118.2874,41.4596],[-118.28705,41.46005],[-118.28621,41.46066],[-118.28548,41.46103],[-118.28521,41.46118],[-118.2851,41.46126],[-118.28476,41.46161],[-118.28445,41.46201],[-118.28437,41.46208],[-118.28403,41.46232],[-118.28371,41.4627],[-118.28337,41.46307],[-118.28325,41.46323],[-118.28303,41.46335],[-118.28251,41.46362],[-118.2823,41.46367],[-118.28146,41.46373],[-118.28095,41.46377]]}},{"type":"Feature","properties":{"name":"(unnamed public road)","road_class":"track","surface":"unpaved","source":"OpenStreetMap","source_detail":"osm way 956366581","source_tile":"175/382"},"geometry":{"type":"LineString","coordinates":[[-118.2874,41.4596],[-118.28872,41.45917],[-118.29115,41.45847],[-118.29338,41.45775],[-118.29384,41.45759],[-118.29443,41.45731],[-118.29547,41.45667],[-118.29632,41.45627],[-118.29687,41.45598],[-118.29853,41.45531],[-118.29887,41.45512],[-118.29931,41.45482],[-118.29957,41.45467],[-118.30078,41.45423],[-118.30132,41.45405],[-118.30222,41.45366],[-118.30273,41.45339],[-118.3031,41.45322],[-118.30351,41.45309],[-118.30502,41.45271],[-118.3051,41.45267]]}},{"type":"Feature","properties":{"name":"(unnamed public road)","road_class":"track","surface":"unpaved","source":"OpenStreetMap","source_detail":"osm way 956366582","source_tile":"175/382"},"geometry":{"type":"LineString","coordinates":[[-118.30078,41.37984],[-118.29938,41.38094],[-118.29649,41.38313],[-118.29393,41.38507],[-118.29347,41.38544],[-118.29312,41.38571],[-118.29305,41.38578],[-118.29289,41.38589],[-118.29287,41.38592],[-118.29269,41.38604],[-118.29197,41.38663],[-118.29106,41.38733],[-118.28974,41.38832],[-118.28847,41.38931],[-118.28819,41.38949],[-118.28451,41.39118],[-118.28393,41.39142],[-118.28381,41.39149],[-118.28156,41.39253],[-118.28026,41.39311],[-118.28014,41.39317],[-118.27841,41.39396],[-118.27767,41.39431],[-118.27542,41.39535],[-118.2742,41.3959],[-118.2736,41.39618],[-118.27004,41.39781],[-118.26907,41.39828],[-118.26867,41.39845],[-118.26826,41.39865],[-118.26533,41.39994],[-118.25684,41.40248],[-118.24699,41.40546],[-118.24532,41.40597],[-118.24496,41.40609],[-118.24454,41.4062],[-118.24223,41.4069],[-118.23889,41.40788],[-118.23881,41.40795],[-118.23868,41.40796],[-118.23867,41.40797],[-118.23701,41.40848],[-118.2352,41.409],[-118.23279,41.40974],[-118.23264,41.40976]]}},{"type":"Feature","properties":{"name":"(unnamed public road)","road_class":"track","surface":"unpaved","source":"OpenStreetMap","source_detail":"osm way 956366583","source_tile":"175/382"},"geometry":{"type":"LineString","coordinates":[[-118.23161,41.44102],[-118.23212,41.44087],[-118.23294,41.44026],[-118.23325,41.43999],[-118.23368,41.43965],[-118.23505,41.43845],[-118.23686,41.43691],[-118.23799,41.4359],[-118.23898,41.43506],[-118.24008,41.43407],[-118.24088,41.43339],[-118.24214,41.43226],[-118.24485,41.42989],[-118.24677,41.42818],[-118.24699,41.42797],[-118.2478,41.42725],[-118.24784,41.42722],[-118.24888,41.42628],[-118.24901,41.42617],[-118.24966,41.42559],[-118.24971,41.42557],[-118.2515,41.42395],[-118.25233,41.42325],[-118.25357,41.42216],[-118.25361,41.42214],[-118.25364,41.4221],[-118.25369,41.42206],[-118.25404,41.42178],[-118.25433,41.42151],[-118.25464,41.42125],[-118.25491,41.42099],[-118.25533,41.42062],[-118.25684,41.41931],[-118.25702,41.41917],[-118.25706,41.41913],[-118.25808,41.41823],[-118.25861,41.41774],[-118.25886,41.41753],[-118.26271,41.41401],[-118.2641,41.41267],[-118.26512,41.4117],[-118.26609,41.41067],[-118.26685,41.40978],[-118.26721,41.40935],[-118.26746,41.40917]]}},{"type":"Feature","properties":{"name":"(unnamed public road)","road_class":"track","surface":"unpaved","source":"OpenStreetMap","source_detail":"osm way 956366584","source_tile":"175/382"},"geometry":{"type":"LineString","coordinates":[[-118.25702,41.41917],[-118.25715,41.41922],[-118.25768,41.41929],[-118.25899,41.41964],[-118.25915,41.41963]]}},{"type":"Feature","properties":{"name":"(unnamed public road)","road_class":"track","surface":"unpaved","source":"OpenStreetMap","source_detail":"osm way 956366585","source_tile":"175/382"},"geometry":{"type":"LineString","coordinates":[[-118.25886,41.41753],[-118.25898,41.41797],[-118.25907,41.41876],[-118.25923,41.41917],[-118.25923,41.41926],[-118.25915,41.4195],[-118.25915,41.41963],[-118.25966,41.42003],[-118.2603,41.42064],[-118.26084,41.42104],[-118.261,41.42118],[-118.26131,41.4214],[-118.2616,41.42164],[-118.26202,41.42196],[-118.26221,41.42211],[-118.26259,41.42246],[-118.26279,41.42262],[-118.26298,41.42274],[-118.26327,41.42286],[-118.26362,41.42304],[-118.26429,41.42348],[-118.26445,41.42355],[-118.26465,41.42366],[-118.26505,41.42393],[-118.26586,41.42444],[-118.26618,41.42458],[-118.26655,41.42471],[-118.26671,41.42479],[-118.26686,41.4249],[-118.26731,41.42531],[-118.26748,41.42543],[-118.26769,41.4255],[-118.26804,41.4255],[-118.26825,41.42553],[-118.26838,41.42558],[-118.26854,41.42566],[-118.26871,41.42581],[-118.26892,41.42609],[-118.26907,41.42647],[-118.26917,41.42667],[-118.2694,41.4268],[-118.26977,41.42692]]}},{"type":"Feature","properties":{"name":"(unnamed public road)","road_class":"track","surface":"unpaved","source":"OpenStreetMap","source_detail":"osm way 956366586","source_tile":"175/382"},"geometry":{"type":"LineString","coordinates":[[-118.15999,41.43719],[-118.16108,41.43471],[-118.16126,41.4343],[-118.16234,41.4316],[-118.16241,41.4313],[-118.16197,41.43085]]}},{"type":"Feature","properties":{"name":"(unnamed public road)","road_class":"track","surface":"unpaved","source":"OpenStreetMap","source_detail":"osm way 956366588","source_tile":"176/382"},"geometry":{"type":"LineString","coordinates":[[-118.05729,41.41452],[-118.05734,41.41449],[-118.05743,41.41445],[-118.05794,41.41434],[-118.05826,41.41424],[-118.05832,41.41421],[-118.05846,41.41419],[-118.05856,41.41416],[-118.05909,41.41406],[-118.05938,41.41402],[-118.05973,41.41394],[-118.06066,41.41376],[-118.06207,41.41345],[-118.06246,41.41338],[-118.06277,41.4133],[-118.06303,41.41325],[-118.06369,41.4131],[-118.06376,41.41307],[-118.06661,41.41245],[-118.06726,41.41234],[-118.0673,41.41231],[-118.06802,41.41214],[-118.06825,41.41205],[-118.0704,41.41158],[-118.07189,41.41121],[-118.07295,41.41098],[-118.07446,41.41067],[-118.07561,41.41042],[-118.07816,41.40988],[-118.07859,41.40976],[-118.07925,41.40966],[-118.08105,41.40927],[-118.0828,41.40886],[-118.08324,41.40881],[-118.08554,41.40831],[-118.08884,41.4076],[-118.08963,41.40743],[-118.09017,41.40732],[-118.09159,41.40703],[-118.09235,41.40688],[-118.09661,41.40596],[-118.09774,41.40573],[-118.0984,41.40557],[-118.09863,41.40554],[-118.0991,41.40543],[-118.10024,41.40521],[-118.1005,41.40515],[-118.10056,41.40515],[-118.10396,41.40441],[-118.10906,41.40333],[-118.1139,41.40229],[-118.11627,41.4018],[-118.12501,41.39994],[-118.1281,41.39927],[-118.12906,41.39909],[-118.13108,41.39864],[-118.13142,41.39858],[-118.13497,41.39782],[-118.13526,41.39777],[-118.13762,41.39725],[-118.14,41.39676],[-118.14081,41.39657],[-118.14151,41.39644],[-118.14559,41.39557],[-118.14638,41.39541],[-118.14717,41.39523],[-118.14993,41.39465],[-118.15012,41.39459],[-118.15149,41.39433],[-118.15921,41.39265],[-118.16091,41.39231],[-118.16128,41.39222],[-118.16177,41.39213],[-118.16216,41.39202],[-118.16266,41.39195],[-118.16283,41.39188],[-118.16314,41.39185],[-118.16361,41.39173],[-118.16385,41.39169],[-118.16399,41.39164],[-118.16417,41.39162],[-118.16428,41.39159],[-118.16448,41.39155],[-118.1651,41.39141],[-118.16531,41.39137],[-118.1655,41.39132],[-118.16566,41.39129],[-118.16591,41.39122],[-118.16659,41.3911],[-118.16895,41.3906],[-118.17429,41.38945],[-118.17672,41.38894],[-118.17793,41.38866],[-118.17862,41.38852],[-118.18022,41.38817],[-118.18307,41.38757],[-118.1871,41.3867],[-118.19042,41.386],[-118.19319,41.38543],[-118.19451,41.38513],[-118.19496,41.38505],[-118.1962,41.38476],[-118.19855,41.38428],[-118.20103,41.38373],[-118.20161,41.38361],[-118.20224,41.38347],[-118.20738,41.3824],[-118.20895,41.38205],[-118.21289,41.38121],[-118.21464,41.38087],[-118.21489,41.38078],[-118.21591,41.38056],[-118.21643,41.38046],[-118.21695,41.38034],[-118.21785,41.38017],[-118.21888,41.37992],[-118.22029,41.37964],[-118.22152,41.37937],[-118.22168,41.37932],[-118.22178,41.37931],[-118.22277,41.3791],[-118.22332,41.37899],[-118.22357,41.37892],[-118.22399,41.37885],[-118.22623,41.37836],[-118.2273,41.37814],[-118.22747,41.37809],[-118.23174,41.37717],[-118.23366,41.37678],[-118.23771,41.37592],[-118.2383,41.37579],[-118.23972,41.3755],[-118.2402,41.37539],[-118.24285,41.37481],[-118.24454,41.37448],[-118.2476,41.37379],[-118.24891,41.37353],[-118.24922,41.37343],[-118.24934,41.37335],[-118.24953,41.37328],[-118.25063,41.37262],[-118.25144,41.37216],[-118.25288,41.37135],[-118.25382,41.37076],[-118.25452,41.37039],[-118.25473,41.37025],[-118.25477,41.3702],[-118.25514,41.37006],[-118.25546,41.36983],[-118.25684,41.36903],[-118.25827,41.36816],[-118.25869,41.36793],[-118.25954,41.3674],[-118.25978,41.36735]]}},{"type":"Feature","properties":{"name":"(unnamed public road)","road_class":"track","surface":"unpaved","source":"OpenStreetMap","source_detail":"osm way 956366589","source_tile":"175/382"},"geometry":{"type":"LineString","coordinates":[[-118.25982,41.3772],[-118.25908,41.37695],[-118.25871,41.37681],[-118.25789,41.37645],[-118.25709,41.37602],[-118.25682,41.37581],[-118.25673,41.37551],[-118.25684,41.37517],[-118.25739,41.37459],[-118.25791,41.37414],[-118.25812,41.37396],[-118.25819,41.37392],[-118.25825,41.37384],[-118.25832,41.37378],[-118.25943,41.37257]]}},{"type":"Feature","properties":{"name":"(unnamed public road)","road_class":"track","surface":"unpaved","source":"OpenStreetMap","source_detail":"osm way 956366590","source_tile":"175/382"},"geometry":{"type":"LineString","coordinates":[[-118.25789,41.37645],[-118.25732,41.37647],[-118.25684,41.37656]]}},{"type":"Feature","properties":{"name":"(unnamed public road)","road_class":"track","surface":"unpaved","source":"OpenStreetMap","source_detail":"osm way 956366591","source_tile":"175/382"},"geometry":{"type":"LineString","coordinates":[[-118.24946,41.38056],[-118.24919,41.38031],[-118.24879,41.38001],[-118.24837,41.37971],[-118.24823,41.3796],[-118.24808,41.37949],[-118.24783,41.37933],[-118.24743,41.37902],[-118.24734,41.37897],[-118.247,41.3787],[-118.24695,41.37868],[-118.24611,41.37797],[-118.24599,41.37781],[-118.24617,41.37775],[-118.24708,41.37764],[-118.24826,41.37741],[-118.24905,41.37728],[-118.2492,41.37727],[-118.2496,41.37727],[-118.25029,41.37733],[-118.25061,41.37737],[-118.25089,41.37737],[-118.25238,41.37719],[-118.25464,41.3768],[-118.25629,41.37665],[-118.25684,41.37656]]}},{"type":"Feature","properties":{"name":"(unnamed public road)","road_class":"track","surface":"unpaved","source":"OpenStreetMap","source_detail":"osm way 956366592","source_tile":"175/382"},"geometry":{"type":"LineString","coordinates":[[-118.25899,41.38005],[-118.259,41.38011],[-118.25901,41.38014],[-118.25901,41.38018],[-118.25901,41.38021],[-118.25899,41.38025],[-118.25882,41.38044],[-118.25876,41.38048],[-118.2587,41.38051],[-118.25864,41.38054],[-118.25858,41.38056],[-118.25852,41.38057],[-118.25846,41.38057],[-118.25839,41.38057],[-118.25684,41.38055],[-118.25561,41.38055],[-118.25394,41.38055],[-118.25343,41.38058],[-118.25249,41.38055],[-118.25104,41.38058],[-118.24946,41.38056],[-118.24919,41.38058],[-118.2491,41.38058],[-118.24898,41.38059],[-118.24822,41.38062],[-118.24387,41.38064],[-118.24267,41.38067],[-118.23994,41.38068],[-118.23979,41.38067],[-118.23911,41.38066],[-118.23846,41.38068],[-118.23809,41.38068],[-118.23749,41.3807],[-118.23612,41.3807],[-118.23387,41.38072],[-118.23354,41.38071],[-118.2321,41.38076],[-118.2318,41.38075],[-118.23097,41.38077],[-118.23001,41.38077],[-118.22885,41.38075],[-118.22711,41.38078],[-118.22698,41.38077],[-118.2269,41.38078],[-118.22496,41.38078],[-118.2243,41.3808],[-118.22371,41.38079],[-118.22263,41.38078],[-118.22044,41.38085],[-118.21734,41.38083],[-118.21713,41.38085],[-118.21464,41.38087],[-118.21289,41.38089],[-118.21057,41.38089],[-118.20847,41.38093],[-118.20691,41.38093],[-118.20609,41.38095],[-118.20358,41.38094],[-118.20308,41.38096],[-118.20214,41.38097],[-118.20047,41.38096],[-118.1982,41.381],[-118.19611,41.38101],[-118.19502,41.38099],[-118.19491,41.38101],[-118.19451,41.381],[-118.19364,41.38104],[-118.19204,41.38104],[-118.19019,41.38107],[-118.18931,41.38105],[-118.18817,41.38107],[-118.188,41.38105],[-118.18785,41.38107],[-118.18725,41.38107],[-118.18703,41.38106],[-118.18498,41.38111],[-118.18292,41.38111],[-118.18107,41.38113],[-118.18026,41.38112],[-118.17989,41.3811],[-118.17978,41.38113],[-118.1779,41.38115],[-118.1764,41.38115],[-118.17624,41.38117],[-118.17447,41.38119],[-118.16895,41.38122],[-118.16759,41.38124],[-118.16564,41.38127],[-118.16316,41.38127],[-118.16203,41.38126],[-118.16152,41.38129],[-118.15928,41.38131],[-118.15781,41.38131],[-118.15686,41.38129],[-118.15592,41.38132],[-118.15558,41.38132],[-118.15434,41.38133],[-118.15234,41.38133],[-118.15091,41.38135],[-118.14939,41.38134],[-118.14905,41.38136],[-118.14788,41.38136],[-118.14755,41.38137],[-118.1458,41.38138],[-118.14528,41.38137],[-118.14512,41.38138],[-118.14456,41.38138],[-118.14398,41.3814],[-118.14207,41.38141],[-118.14164,41.38145],[-118.13995,41.3814],[-118.13776,41.38143],[-118.13762,41.38142],[-118.13578,41.38144],[-118.13551,41.38146],[-118.13423,41.38144],[-118.13339,41.38146],[-118.13316,41.38146],[-118.13294,41.38148],[-118.13228,41.38141],[-118.13151,41.38139],[-118.1313,41.38133],[-118.13012,41.38135],[-118.12996,41.38132]]}},{"type":"Feature","properties":{"name":"(unnamed public road)","road_class":"track","surface":"unpaved","source":"OpenStreetMap","source_detail":"osm way 956366593","source_tile":"175/382"},"geometry":{"type":"LineString","coordinates":[[-118.26281,41.38323],[-118.26304,41.38329],[-118.26366,41.38333],[-118.26383,41.38339],[-118.26449,41.38369],[-118.26454,41.38369],[-118.26459,41.38367],[-118.26461,41.38363],[-118.2646,41.38354],[-118.26452,41.38339],[-118.26446,41.38325],[-118.2644,41.38301],[-118.26434,41.38241],[-118.26444,41.38226],[-118.26468,41.38214]]}},{"type":"Feature","properties":{"name":"(unnamed public road)","road_class":"track","surface":"unpaved","source":"OpenStreetMap","source_detail":"osm way 956366594","source_tile":"175/382"},"geometry":{"type":"LineString","coordinates":[[-118.28537,41.38513],[-118.28462,41.38515],[-118.28396,41.38511],[-118.28378,41.38513],[-118.28353,41.38517],[-118.28233,41.38514],[-118.28186,41.38509],[-118.28145,41.38508],[-118.28061,41.38511],[-118.27961,41.38516],[-118.27608,41.38516],[-118.27576,41.38512],[-118.27554,41.38517],[-118.27438,41.38517],[-118.27357,41.38523],[-118.27248,41.38522],[-118.2702,41.3851],[-118.26996,41.38344],[-118.26992,41.38335],[-118.26983,41.38323],[-118.26958,41.38298],[-118.26944,41.38281],[-118.26933,41.38272],[-118.26901,41.38254],[-118.26844,41.38212],[-118.268,41.38184],[-118.26785,41.38178],[-118.26692,41.38151],[-118.26672,41.38149],[-118.26605,41.38158],[-118.26534,41.3818],[-118.26502,41.38183],[-118.26489,41.38186],[-118.26443,41.38188],[-118.2643,41.38193],[-118.26421,41.38202],[-118.26394,41.38252],[-118.26386,41.38264],[-118.26376,41.38274],[-118.26364,41.38282],[-118.26281,41.38323],[-118.26233,41.38336],[-118.26192,41.38335],[-118.26175,41.38338],[-118.26131,41.38334]]}},{"type":"Feature","properties":{"name":"(unnamed public road)","road_class":"track","source":"OpenStreetMap","source_detail":"osm way 1256358869","source_tile":"175/382","surface_inferred":true},"geometry":{"type":"LineString","coordinates":[[-118.4227,41.33828],[-118.42277,41.33811],[-118.4228,41.33805],[-118.42284,41.33799],[-118.42286,41.33795],[-118.42289,41.33791],[-118.42293,41.33787],[-118.42298,41.33784],[-118.42322,41.33771],[-118.42324,41.33769],[-118.42325,41.33767],[-118.42325,41.33765],[-118.42325,41.33763],[-118.42323,41.33761],[-118.42321,41.33759],[-118.42316,41.33756],[-118.42312,41.33753],[-118.42306,41.33748],[-118.42301,41.33743],[-118.42285,41.33723],[-118.42281,41.33717],[-118.42278,41.33711],[-118.42276,41.33704],[-118.42275,41.33696],[-118.42272,41.33688],[-118.42269,41.3368],[-118.42267,41.33675],[-118.42265,41.33671],[-118.42263,41.33663],[-118.42262,41.33656],[-118.4226,41.33648],[-118.42257,41.33641],[-118.42245,41.33613],[-118.42243,41.33607],[-118.42241,41.33601],[-118.42241,41.33595],[-118.42241,41.33588],[-118.42239,41.3358],[-118.42237,41.33573],[-118.42234,41.33563],[-118.42233,41.3356],[-118.42233,41.33558],[-118.42233,41.33554],[-118.42234,41.33551],[-118.42236,41.33548],[-118.42237,41.33545],[-118.42238,41.33542],[-118.42237,41.33538],[-118.42236,41.3353],[-118.42235,41.33523],[-118.42235,41.33511],[-118.42235,41.33505],[-118.42235,41.33499],[-118.42234,41.3349],[-118.42232,41.33481],[-118.42231,41.33475],[-118.42229,41.33468],[-118.42226,41.33462],[-118.42223,41.33455],[-118.42218,41.33447],[-118.42215,41.33445],[-118.42212,41.33442],[-118.42208,41.3344],[-118.42202,41.33439],[-118.42197,41.33438],[-118.42191,41.33438],[-118.42181,41.33438],[-118.42171,41.33439],[-118.42157,41.33441],[-118.42144,41.33444],[-118.42139,41.33446],[-118.42134,41.33447],[-118.42128,41.33447],[-118.42123,41.33447],[-118.42118,41.33446],[-118.42101,41.33442],[-118.42084,41.33439],[-118.42067,41.33436],[-118.4205,41.33433],[-118.42032,41.33431],[-118.42012,41.33429],[-118.42001,41.33429],[-118.41991,41.33427],[-118.4198,41.33426],[-118.41969,41.33423],[-118.41959,41.33421],[-118.4195,41.33417],[-118.41941,41.33414],[-118.41932,41.3341],[-118.41921,41.33404],[-118.41911,41.33398],[-118.41898,41.33389],[-118.41895,41.33387],[-118.41892,41.33385],[-118.41888,41.33385],[-118.41884,41.33384],[-118.4188,41.33384],[-118.41877,41.33385],[-118.41873,41.33387],[-118.41863,41.3339],[-118.41853,41.33393],[-118.4184,41.33397],[-118.41833,41.33398],[-118.41826,41.334],[-118.41819,41.33402],[-118.41813,41.33404],[-118.41806,41.33407],[-118.41801,41.3341],[-118.41796,41.33412],[-118.41791,41.33416],[-118.41786,41.3342],[-118.41781,41.33425],[-118.41777,41.3343],[-118.41773,41.33436],[-118.41767,41.33441],[-118.41761,41.33446],[-118.41754,41.3345],[-118.41743,41.33454],[-118.41737,41.33456],[-118.41732,41.33459],[-118.41725,41.33462],[-118.41718,41.33463],[-118.41708,41.33465],[-118.41698,41.33467],[-118.41686,41.3347],[-118.41674,41.33474],[-118.41664,41.33477],[-118.41654,41.3348],[-118.41644,41.33482],[-118.41633,41.33483],[-118.41612,41.33486],[-118.41599,41.33488],[-118.41586,41.33491],[-118.4155,41.33497],[-118.41539,41.33499],[-118.41529,41.33503],[-118.41521,41.33507],[-118.41514,41.3351],[-118.41508,41.33515],[-118.41502,41.33518],[-118.41498,41.33522],[-118.41493,41.33527],[-118.41489,41.33532],[-118.41486,41.33537],[-118.41483,41.33542],[-118.41481,41.33546],[-118.41477,41.3355],[-118.41473,41.33553],[-118.41469,41.33556],[-118.41464,41.33558],[-118.41459,41.3356],[-118.41453,41.3356],[-118.41445,41.33561],[-118.41438,41.33563],[-118.4143,41.33565],[-118.41423,41.33567],[-118.41403,41.33573],[-118.41386,41.33578],[-118.41369,41.33582],[-118.41362,41.33584],[-118.41355,41.33586],[-118.41349,41.33589],[-118.41343,41.33592],[-118.41338,41.33596],[-118.41332,41.336],[-118.41238,41.33669],[-118.41235,41.33671],[-118.41233,41.33674],[-118.41232,41.33677],[-118.41232,41.3368],[-118.41233,41.33683],[-118.41234,41.33685],[-118.41237,41.33688],[-118.4124,41.33689],[-118.41246,41.33693],[-118.41253,41.33697],[-118.41257,41.337],[-118.4126,41.33704],[-118.41261,41.33705],[-118.41261,41.33707],[-118.41261,41.33709],[-118.4126,41.3371],[-118.41258,41.33712],[-118.41257,41.33713],[-118.4122,41.33729],[-118.41215,41.3373],[-118.4121,41.33731],[-118.41207,41.3373],[-118.41203,41.3373],[-118.412,41.33729],[-118.41156,41.33714],[-118.41117,41.33699],[-118.41107,41.33695],[-118.41097,41.3369],[-118.41088,41.33685],[-118.41079,41.3368],[-118.41003,41.33631],[-118.40995,41.33625],[-118.40986,41.33619],[-118.40976,41.33612],[-118.4096,41.33603],[-118.40944,41.33594],[-118.40927,41.33586],[-118.4091,41.33578],[-118.40899,41.33574],[-118.40889,41.33569],[-118.4088,41.33564],[-118.40872,41.33559],[-118.40868,41.33556],[-118.40863,41.33553],[-118.40857,41.33552],[-118.40851,41.3355],[-118.40845,41.3355],[-118.40826,41.33548],[-118.40813,41.33548],[-118.40804,41.33549],[-118.40795,41.33548],[-118.40787,41.33547],[-118.40752,41.33541],[-118.40744,41.3354],[-118.40736,41.3354],[-118.40729,41.3354],[-118.40722,41.33541],[-118.40715,41.33542],[-118.40709,41.33543],[-118.40702,41.33544],[-118.40695,41.33545],[-118.40688,41.33544],[-118.40643,41.33545],[-118.40633,41.33546],[-118.40623,41.33547],[-118.40614,41.33549],[-118.40605,41.33551],[-118.40594,41.33554],[-118.40583,41.33557],[-118.40573,41.33558],[-118.40564,41.33559],[-118.40559,41.33559],[-118.40554,41.3356],[-118.40546,41.33561],[-118.40539,41.33562],[-118.40531,41.33564],[-118.40527,41.33565],[-118.40523,41.33566],[-118.40517,41.33567],[-118.4051,41.33567],[-118.40503,41.33567],[-118.40497,41.33566],[-118.40475,41.3356],[-118.4047,41.3356],[-118.40466,41.3356],[-118.4046,41.33561],[-118.40455,41.33563],[-118.40441,41.33567],[-118.40439,41.33568],[-118.40436,41.33569],[-118.40433,41.33569],[-118.4043,41.33568],[-118.40427,41.33567],[-118.40425,41.33566],[-118.4041,41.33554],[-118.40406,41.33552],[-118.40402,41.3355],[-118.40397,41.3355],[-118.40391,41.3355],[-118.40386,41.33551],[-118.40343,41.33568],[-118.40281,41.33592],[-118.40269,41.33596],[-118.40257,41.33599],[-118.40244,41.33602],[-118.40238,41.33603],[-118.40232,41.33605],[-118.40225,41.33607],[-118.40219,41.33611],[-118.40213,41.33615],[-118.40191,41.33629],[-118.4018,41.33635],[-118.40168,41.3364],[-118.40152,41.33646],[-118.40135,41.33651],[-118.40124,41.33655],[-118.40117,41.33657],[-118.40111,41.3366],[-118.40108,41.33663],[-118.40104,41.33666],[-118.40101,41.33669],[-118.40096,41.33674],[-118.4009,41.33677],[-118.40085,41.3368],[-118.40079,41.33682],[-118.40073,41.33684],[-118.40019,41.33701],[-118.40016,41.33702],[-118.40012,41.33703],[-118.40008,41.33702],[-118.40004,41.33702],[-118.4,41.337],[-118.39996,41.33699],[-118.39984,41.33692],[-118.39977,41.33689],[-118.39969,41.33687],[-118.39962,41.33686],[-118.39954,41.33686],[-118.39947,41.33687],[-118.39941,41.33688],[-118.39935,41.3369],[-118.39929,41.33692],[-118.39921,41.33694],[-118.39913,41.33696],[-118.39907,41.33697],[-118.39901,41.33697],[-118.39895,41.33697],[-118.39887,41.33697],[-118.3988,41.33698],[-118.39872,41.337],[-118.39865,41.33702],[-118.39858,41.33704],[-118.39852,41.33705],[-118.39845,41.33706],[-118.39647,41.33747],[-118.39616,41.33752],[-118.3959,41.33756],[-118.39564,41.33761],[-118.39554,41.33762],[-118.39544,41.33764],[-118.39535,41.33766],[-118.39526,41.33767],[-118.39517,41.33769],[-118.39509,41.3377],[-118.39502,41.33771],[-118.39496,41.33772],[-118.3948,41.33775],[-118.39463,41.33777],[-118.39335,41.33794],[-118.39317,41.33796],[-118.3931,41.33797],[-118.39303,41.33797],[-118.39296,41.33799],[-118.39288,41.338],[-118.39281,41.33801],[-118.39275,41.33802],[-118.3926,41.33804],[-118.39245,41.33805],[-118.3923,41.33806],[-118.39223,41.33806],[-118.39216,41.33807],[-118.39205,41.33808],[-118.39195,41.33811],[-118.39186,41.33812],[-118.39177,41.33812],[-118.39092,41.3382],[-118.39084,41.33822],[-118.39078,41.33823],[-118.39073,41.33825],[-118.39071,41.33825],[-118.39068,41.33825],[-118.39066,41.33825],[-118.39064,41.33824],[-118.39063,41.33823],[-118.39061,41.3382],[-118.39059,41.33819],[-118.39056,41.33817],[-118.39053,41.33817],[-118.39049,41.33816],[-118.39046,41.33817],[-118.39043,41.33818]]}},{"type":"Feature","properties":{"name":"(unnamed public road)","road_class":"track","surface":"unpaved","source":"OpenStreetMap","source_detail":"osm way 1263381328","source_tile":"175/382"},"geometry":{"type":"LineString","coordinates":[[-118.27276,41.37928],[-118.27209,41.37944],[-118.27177,41.37944],[-118.27139,41.37939],[-118.27065,41.37921],[-118.27055,41.3792],[-118.27032,41.3792],[-118.26932,41.37926],[-118.26876,41.37926],[-118.26818,41.37931],[-118.26693,41.37936],[-118.26565,41.37943],[-118.26414,41.3795],[-118.26195,41.37964],[-118.26046,41.37978]]}},{"type":"Feature","properties":{"name":"Sod House Road","road_class":"track","source":"OpenStreetMap","source_detail":"osm way 14347771","source_tile":"176/383","surface_inferred":true},"geometry":{"type":"LineString","coordinates":[[-118.15789,41.18849],[-118.1574,41.18904],[-118.15682,41.18967],[-118.15639,41.19017],[-118.15622,41.19033],[-118.15581,41.19079],[-118.1555,41.19112],[-118.15527,41.19139],[-118.15463,41.19204],[-118.15427,41.19244],[-118.1538,41.19298],[-118.15349,41.1933],[-118.1532,41.19361],[-118.15284,41.19398],[-118.15264,41.19422],[-118.15239,41.19448],[-118.15205,41.19483],[-118.15126,41.19573],[-118.15097,41.19602],[-118.15056,41.19644],[-118.14976,41.19733],[-118.14915,41.19795],[-118.14894,41.19821],[-118.14852,41.19868],[-118.1483,41.19892],[-118.14821,41.19902],[-118.14803,41.19918],[-118.14793,41.19928],[-118.14765,41.1996],[-118.1474,41.19986],[-118.14712,41.20017],[-118.1468,41.2005],[-118.14652,41.20081],[-118.14622,41.20117],[-118.146,41.20141],[-118.14571,41.20172],[-118.14535,41.20206],[-118.1452,41.20223],[-118.1451,41.20235],[-118.14456,41.20296],[-118.14431,41.20322],[-118.14393,41.20361],[-118.14309,41.20455],[-118.14283,41.2048],[-118.14268,41.20496],[-118.14254,41.20513],[-118.14229,41.20541],[-118.14197,41.20573],[-118.14159,41.20615],[-118.14134,41.20641],[-118.14104,41.20677],[-118.14046,41.2074],[-118.14035,41.20751],[-118.13998,41.2079],[-118.13962,41.20828],[-118.13935,41.20859],[-118.139,41.20898],[-118.13872,41.20928],[-118.13755,41.21053],[-118.13729,41.21084],[-118.13701,41.21113],[-118.13671,41.21144],[-118.13644,41.21173],[-118.13583,41.21242],[-118.13452,41.21384],[-118.13368,41.21473],[-118.1331,41.21537],[-118.13272,41.2158],[-118.13217,41.21639],[-118.13158,41.21703],[-118.13088,41.2178],[-118.13034,41.21836],[-118.12945,41.21935],[-118.1287,41.22016],[-118.12825,41.22064],[-118.1277,41.22123],[-118.12712,41.22187],[-118.12654,41.22248],[-118.12623,41.2228],[-118.12525,41.22383],[-118.12401,41.22519],[-118.1233,41.22596],[-118.12308,41.2261],[-118.1229,41.22619],[-118.12279,41.22632],[-118.12269,41.22651],[-118.12253,41.22682],[-118.12239,41.22705],[-118.12206,41.22744],[-118.12179,41.22775],[-118.12131,41.22827],[-118.12095,41.22868],[-118.12069,41.22896],[-118.12036,41.2293],[-118.1202,41.22947],[-118.12007,41.22964],[-118.11985,41.22994],[-118.11972,41.23011],[-118.11962,41.23027],[-118.11954,41.2304],[-118.11922,41.23107],[-118.11904,41.23149],[-118.11847,41.23278],[-118.11817,41.23343],[-118.11782,41.23414],[-118.1175,41.23486],[-118.11734,41.23523],[-118.11722,41.23551],[-118.11716,41.23562],[-118.11703,41.2359],[-118.11683,41.23635],[-118.11651,41.2371],[-118.11616,41.23785],[-118.11585,41.23862],[-118.11555,41.23939],[-118.11526,41.24016],[-118.11494,41.24094],[-118.11464,41.24171],[-118.1143,41.24247],[-118.11402,41.24321],[-118.11373,41.24394],[-118.11341,41.24468],[-118.11312,41.24544],[-118.11278,41.24621],[-118.11239,41.24698],[-118.11192,41.24777],[-118.11176,41.2481],[-118.11099,41.24947],[-118.11075,41.24991],[-118.11023,41.25083],[-118.10985,41.25154],[-118.10943,41.25226],[-118.10896,41.25312],[-118.10852,41.25387],[-118.10802,41.25475],[-118.10755,41.25551],[-118.10721,41.25609],[-118.1069,41.25664],[-118.10636,41.25765],[-118.10604,41.25826],[-118.10582,41.25871],[-118.10558,41.25919],[-118.10536,41.25962],[-118.10476,41.26095],[-118.10435,41.26191],[-118.10391,41.26292],[-118.10362,41.26364],[-118.10285,41.2654],[-118.10265,41.26586],[-118.10157,41.2683],[-118.10123,41.26906],[-118.10098,41.2697],[-118.10081,41.2702],[-118.10058,41.27086],[-118.09966,41.27334],[-118.09923,41.27448],[-118.09894,41.27526],[-118.09876,41.27579],[-118.09864,41.27641],[-118.09843,41.27734],[-118.09829,41.27791],[-118.09822,41.27806],[-118.09816,41.27815],[-118.09811,41.27827],[-118.09808,41.27838],[-118.09807,41.27853],[-118.09806,41.27871],[-118.09798,41.27909],[-118.09747,41.28123],[-118.09741,41.28156],[-118.09725,41.28215],[-118.09679,41.28326],[-118.09615,41.28484],[-118.09603,41.28507],[-118.09589,41.28528],[-118.0958,41.28553],[-118.09546,41.28632],[-118.09532,41.28661],[-118.09513,41.28695],[-118.09476,41.28772],[-118.09457,41.2881],[-118.09414,41.28884],[-118.09397,41.28918],[-118.09386,41.2894],[-118.09382,41.28949],[-118.09379,41.28958],[-118.09367,41.28983],[-118.09345,41.29025],[-118.09333,41.29043],[-118.09325,41.29053],[-118.09301,41.29082],[-118.09275,41.29116],[-118.09268,41.29124],[-118.09198,41.29218],[-118.09168,41.29256],[-118.09146,41.29282],[-118.09127,41.29309],[-118.09109,41.29333],[-118.09069,41.29383],[-118.09037,41.29426],[-118.09022,41.29446],[-118.09008,41.29464],[-118.08976,41.29505],[-118.08926,41.29576],[-118.08901,41.29608],[-118.08872,41.29648],[-118.08831,41.29698],[-118.08765,41.29791],[-118.08733,41.29834],[-118.08706,41.29869],[-118.08648,41.29947],[-118.086,41.30015],[-118.08578,41.30046],[-118.08569,41.30058],[-118.08554,41.30074],[-118.08523,41.30113],[-118.08491,41.30154],[-118.08466,41.30185],[-118.08437,41.3022],[-118.08404,41.30263],[-118.08384,41.30284],[-118.08366,41.30303],[-118.08355,41.30318],[-118.08336,41.30353],[-118.08326,41.30368],[-118.08318,41.30378],[-118.08306,41.30391],[-118.08266,41.30427],[-118.08247,41.30445],[-118.08211,41.30475],[-118.08184,41.30501],[-118.08167,41.3052],[-118.0816,41.30529],[-118.08155,41.30536],[-118.08146,41.30553],[-118.08139,41.30565],[-118.08133,41.30573],[-118.08126,41.30582],[-118.08106,41.30604],[-118.08092,41.30617],[-118.08034,41.30664],[-118.07966,41.30727],[-118.07944,41.30749],[-118.07924,41.30771],[-118.07909,41.30788],[-118.07899,41.30802],[-118.07873,41.30833],[-118.07849,41.30858],[-118.07813,41.30891],[-118.07781,41.30925],[-118.0775,41.30961],[-118.07727,41.30985],[-118.07674,41.31029],[-118.07659,41.31043],[-118.07617,41.31089],[-118.07605,41.31101],[-118.07585,41.31119],[-118.07565,41.31136],[-118.07552,41.31149],[-118.07536,41.31169],[-118.07526,41.31177],[-118.07507,41.31188],[-118.07492,41.31195],[-118.07481,41.31202],[-118.07467,41.3121],[-118.07458,41.31217],[-118.07452,41.31223],[-118.07442,41.31239],[-118.07434,41.31253],[-118.0743,41.3126],[-118.07423,41.31269],[-118.07412,41.3128],[-118.07397,41.31295],[-118.07386,41.31307],[-118.07382,41.31312],[-118.07367,41.31337],[-118.07348,41.31362],[-118.07336,41.31372],[-118.07324,41.31383],[-118.07303,41.31399],[-118.07288,41.31413],[-118.0727,41.31433],[-118.07242,41.31468],[-118.07222,41.31491],[-118.07205,41.31508],[-118.07185,41.31526],[-118.07166,41.31543],[-118.07146,41.31566],[-118.07136,41.31576],[-118.07108,41.316],[-118.07068,41.31635],[-118.07051,41.31661],[-118.07041,41.31673],[-118.07035,41.3168],[-118.07013,41.31704],[-118.06991,41.31731],[-118.06976,41.31747],[-118.06958,41.31766],[-118.06902,41.31814],[-118.06884,41.31826],[-118.06863,41.31839],[-118.06842,41.31851],[-118.06818,41.31862],[-118.06801,41.31869],[-118.06759,41.31885],[-118.06704,41.31905],[-118.0667,41.31918],[-118.06654,41.31924],[-118.0663,41.31935],[-118.06622,41.31941],[-118.06614,41.31948],[-118.06597,41.31964],[-118.06588,41.31972],[-118.06558,41.31993],[-118.06529,41.32013],[-118.06509,41.3203],[-118.06499,41.32041],[-118.06487,41.32054],[-118.0648,41.32063],[-118.06459,41.32093],[-118.0644,41.32126],[-118.06421,41.32152],[-118.06384,41.32196],[-118.06376,41.32206],[-118.06357,41.32227]]}}]}