{"type":"FeatureCollection","features":[{"type":"Feature","properties":{"name":"(unnamed public road)","road_class":"track","source":"OpenStreetMap","source_detail":"osm way 10364025","source_tile":"175/404","surface_inferred":true},"geometry":{"type":"LineString","coordinates":[[-118.47426,35.4273],[-118.47447,35.42722],[-118.47645,35.42723],[-118.47674,35.42718],[-118.4773,35.4272],[-118.47765,35.42725],[-118.47794,35.42724],[-118.47835,35.4272],[-118.47894,35.42724],[-118.48025,35.42722],[-118.48048,35.4271],[-118.48074,35.42706],[-118.48098,35.42709],[-118.48142,35.42712],[-118.48162,35.42717],[-118.48173,35.42723]]}},{"type":"Feature","properties":{"name":"(unnamed public road)","road_class":"track","source":"OpenStreetMap","source_detail":"osm way 10372383","source_tile":"175/404","surface_inferred":true},"geometry":{"type":"LineString","coordinates":[[-118.48248,35.37457],[-118.48265,35.37496],[-118.48343,35.37544],[-118.48357,35.37564],[-118.48354,35.37605],[-118.48304,35.37676],[-118.48279,35.37697],[-118.48253,35.37745],[-118.48206,35.37781],[-118.48192,35.37784],[-118.48181,35.37775],[-118.48158,35.37777],[-118.48119,35.37855],[-118.48072,35.37855],[-118.48052,35.37898],[-118.48077,35.37937],[-118.48075,35.37958],[-118.4803,35.37969],[-118.48016,35.38015],[-118.47991,35.38027],[-118.47991,35.38045],[-118.48002,35.38056],[-118.47996,35.38065],[-118.48005,35.38072],[-118.48002,35.38111],[-118.47988,35.38134],[-118.47935,35.3818],[-118.4791,35.38189],[-118.477,35.38185],[-118.47653,35.38219],[-118.47594,35.38226],[-118.47583,35.38247],[-118.47566,35.38249],[-118.47546,35.38297],[-118.47479,35.38343],[-118.47471,35.38363],[-118.47485,35.38411],[-118.47474,35.3845],[-118.47477,35.38519],[-118.47507,35.38544],[-118.47516,35.38574],[-118.47538,35.38599],[-118.47544,35.38624],[-118.47547,35.38643],[-118.47578,35.38683],[-118.47576,35.3878],[-118.47548,35.38784]]}},{"type":"Feature","properties":{"name":"Woodchopper Spring","road_class":"unclassified","surface":"unpaved","source":"OpenStreetMap","source_detail":"osm way 10405284","source_tile":"175/404"},"geometry":{"type":"LineString","coordinates":[[-118.46694,35.36339],[-118.46683,35.36362],[-118.46679,35.36384],[-118.46672,35.36407],[-118.46672,35.36414],[-118.46673,35.36428],[-118.46675,35.36437],[-118.46687,35.36462],[-118.46687,35.36485],[-118.46688,35.36488],[-118.46722,35.36534],[-118.46749,35.36566],[-118.46759,35.36575],[-118.46788,35.36596],[-118.46796,35.36601],[-118.46803,35.36603],[-118.46816,35.36611],[-118.46845,35.36636],[-118.46867,35.36655],[-118.4689,35.3667],[-118.46924,35.36695],[-118.46946,35.36716],[-118.46952,35.36723],[-118.46973,35.36746],[-118.4698,35.36754],[-118.46983,35.36763],[-118.46983,35.36805],[-118.46981,35.3683],[-118.46978,35.36844],[-118.46975,35.36851],[-118.4697,35.36857],[-118.4696,35.36867],[-118.46954,35.36871],[-118.46949,35.36876],[-118.46945,35.36878],[-118.46932,35.36881],[-118.46898,35.36886],[-118.46891,35.36889],[-118.46876,35.36899],[-118.46864,35.36903],[-118.46849,35.36902],[-118.46829,35.36898],[-118.46823,35.36899],[-118.4682,35.36901],[-118.4682,35.36905],[-118.46826,35.3691],[-118.46837,35.36925],[-118.46844,35.36931],[-118.46851,35.36937],[-118.46857,35.36941],[-118.46869,35.36946],[-118.46906,35.36948],[-118.46928,35.3695],[-118.46946,35.36953],[-118.46965,35.36958],[-118.46976,35.3696],[-118.46992,35.36958],[-118.46996,35.36958],[-118.47015,35.36962],[-118.47026,35.36964],[-118.47055,35.3696],[-118.47074,35.3696],[-118.47081,35.36961],[-118.47094,35.36964],[-118.47119,35.36971],[-118.47131,35.36976],[-118.47142,35.36983],[-118.47161,35.36995],[-118.47172,35.37004],[-118.47177,35.3701],[-118.47185,35.37026],[-118.47193,35.37036],[-118.47204,35.37044],[-118.47262,35.37078],[-118.47284,35.37087],[-118.47315,35.37093],[-118.47325,35.37096],[-118.47336,35.37097],[-118.47349,35.37101],[-118.47368,35.37114],[-118.47375,35.37116],[-118.47384,35.37117],[-118.47405,35.37116],[-118.47432,35.37111],[-118.4744,35.3711],[-118.47447,35.37111],[-118.47452,35.37112],[-118.47462,35.37118],[-118.47475,35.37133],[-118.47485,35.37141],[-118.47495,35.37145],[-118.47505,35.37148],[-118.47516,35.3715],[-118.47564,35.3715],[-118.4762,35.37152],[-118.47626,35.37154],[-118.47632,35.37156],[-118.47651,35.37169],[-118.47658,35.37172],[-118.47666,35.37174],[-118.47683,35.37184],[-118.47699,35.37188],[-118.47704,35.37188],[-118.47726,35.37181],[-118.47748,35.37178],[-118.47778,35.37179],[-118.47805,35.37179],[-118.4781,35.37179],[-118.4783,35.37174],[-118.47835,35.37173],[-118.47846,35.37175],[-118.47859,35.37182],[-118.47884,35.37199],[-118.47888,35.37203],[-118.47895,35.37215],[-118.479,35.3722],[-118.47915,35.37227],[-118.4795,35.37248],[-118.47956,35.37253],[-118.47963,35.37257],[-118.4798,35.37265],[-118.48013,35.37272],[-118.48036,35.37279],[-118.48048,35.37279],[-118.48076,35.37271]]}},{"type":"Feature","properties":{"name":"Golden-Spur","road_class":"unclassified","surface":"unpaved","source":"OpenStreetMap","source_detail":"osm way 10420893","source_tile":"175/404"},"geometry":{"type":"LineString","coordinates":[[-118.48922,35.43103],[-118.48905,35.43111],[-118.4888,35.43127],[-118.48871,35.43137],[-118.48856,35.43158],[-118.48852,35.43166],[-118.48844,35.43187],[-118.48843,35.432],[-118.48839,35.43226],[-118.48837,35.43233],[-118.48834,35.4324],[-118.48808,35.43265],[-118.4879,35.4329],[-118.48785,35.43294],[-118.48782,35.43296],[-118.4877,35.43302],[-118.48687,35.43336],[-118.48675,35.43339],[-118.48649,35.43345],[-118.48632,35.43347],[-118.48581,35.4335],[-118.48562,35.43352],[-118.48536,35.43358],[-118.48489,35.43372],[-118.4846,35.43375],[-118.48417,35.43384],[-118.48378,35.43398],[-118.48355,35.43413],[-118.48326,35.43436],[-118.48276,35.43482],[-118.48262,35.43494],[-118.48214,35.43527],[-118.48191,35.43541],[-118.48184,35.43543],[-118.4818,35.43543],[-118.48173,35.43544],[-118.48162,35.43545],[-118.48127,35.43544],[-118.48103,35.43545],[-118.4809,35.43546],[-118.48076,35.43549],[-118.48063,35.43556],[-118.48058,35.4356],[-118.48053,35.43567],[-118.48048,35.43577],[-118.4804,35.436],[-118.48035,35.43617],[-118.48033,35.43623],[-118.48029,35.43629],[-118.48017,35.43637],[-118.47997,35.43647],[-118.47967,35.43655],[-118.47959,35.43663],[-118.47952,35.4367],[-118.47947,35.43679],[-118.47941,35.43687],[-118.47937,35.43694],[-118.47925,35.43709],[-118.47916,35.43716],[-118.47901,35.43723],[-118.47888,35.43725],[-118.4786,35.43727],[-118.47851,35.4373],[-118.47845,35.43735],[-118.47836,35.43751],[-118.47827,35.43758],[-118.47813,35.43761],[-118.47786,35.43769],[-118.47773,35.43775],[-118.47763,35.43782],[-118.47738,35.43807],[-118.47731,35.43816],[-118.47716,35.43843],[-118.47708,35.43854],[-118.47703,35.43858],[-118.47679,35.43873],[-118.47674,35.43878],[-118.47667,35.43886],[-118.47664,35.43894],[-118.47661,35.43907],[-118.47657,35.43916],[-118.47646,35.43925],[-118.47629,35.43934],[-118.47601,35.43944],[-118.47594,35.43948],[-118.47579,35.43955],[-118.47569,35.43956],[-118.47559,35.43955],[-118.47544,35.43948],[-118.47532,35.43947],[-118.47527,35.43948],[-118.47521,35.43952],[-118.47516,35.43957],[-118.47514,35.43962],[-118.47513,35.43968],[-118.4751,35.43972],[-118.47506,35.43976],[-118.475,35.43979],[-118.47496,35.43979],[-118.47487,35.43981],[-118.47474,35.43982],[-118.47462,35.43982],[-118.47452,35.43982],[-118.47444,35.43984],[-118.47433,35.43988],[-118.47422,35.43991]]}},{"type":"Feature","properties":{"name":"Annjeanette","road_class":"track","source":"OpenStreetMap","source_detail":"osm way 10422713","source_tile":"175/404","surface_inferred":true},"geometry":{"type":"LineString","coordinates":[[-118.47548,35.38784],[-118.47541,35.38829],[-118.47727,35.39095],[-118.47845,35.39211],[-118.47846,35.39218],[-118.47848,35.39226],[-118.47855,35.39236],[-118.47862,35.39244],[-118.4787,35.39256],[-118.47891,35.39293],[-118.47909,35.3933],[-118.47912,35.3934],[-118.47921,35.39392],[-118.47928,35.39411],[-118.47931,35.3942],[-118.4793,35.39427],[-118.47923,35.39437],[-118.47913,35.39442],[-118.47884,35.39455],[-118.47877,35.39461],[-118.47876,35.39465],[-118.47874,35.39469],[-118.47869,35.39501],[-118.47869,35.39524],[-118.47866,35.39549],[-118.47855,35.39589],[-118.47854,35.39604],[-118.47859,35.39626],[-118.47862,35.39636],[-118.47864,35.3965],[-118.47864,35.39667],[-118.47862,35.39704],[-118.47862,35.398]]}},{"type":"Feature","properties":{"name":"Thompson Canyon Avenue","road_class":"unclassified","surface":"unpaved","source":"OpenStreetMap","source_detail":"osm way 10427325","source_tile":"175/404"},"geometry":{"type":"LineString","coordinates":[[-118.49776,35.43009],[-118.49729,35.43022],[-118.49719,35.43026],[-118.49681,35.43051],[-118.49661,35.43061],[-118.49631,35.43068],[-118.49605,35.43074],[-118.49581,35.43083],[-118.49555,35.43098],[-118.49533,35.43112],[-118.49508,35.43127],[-118.49498,35.43129],[-118.49487,35.43129],[-118.49466,35.43126],[-118.49458,35.43125],[-118.49426,35.43118],[-118.49417,35.43116],[-118.49356,35.43104],[-118.49347,35.43102],[-118.49271,35.43096],[-118.49231,35.43092],[-118.49209,35.43085],[-118.49193,35.43081],[-118.49171,35.4308],[-118.49149,35.43081],[-118.49099,35.43089],[-118.49074,35.43096],[-118.49058,35.43099],[-118.49028,35.43102],[-118.49,35.43106],[-118.48991,35.43107],[-118.48922,35.43103],[-118.48884,35.43096],[-118.48854,35.43087],[-118.48832,35.43084],[-118.48813,35.43083],[-118.488,35.43085],[-118.48786,35.43089],[-118.48771,35.43094],[-118.48747,35.431],[-118.48733,35.431],[-118.4871,35.43099],[-118.48702,35.43097],[-118.48694,35.43092],[-118.48687,35.43085],[-118.48683,35.43077],[-118.48677,35.4307],[-118.4867,35.43063],[-118.48597,35.43051],[-118.4857,35.43045],[-118.48544,35.43038],[-118.48482,35.43011],[-118.484,35.4298],[-118.4839,35.42978],[-118.48351,35.42966],[-118.48337,35.42962],[-118.48297,35.42959],[-118.48273,35.4296],[-118.48256,35.42964],[-118.48235,35.42967],[-118.48174,35.42971],[-118.48162,35.42973],[-118.48149,35.42978],[-118.48145,35.42981],[-118.48126,35.43003],[-118.48119,35.43009],[-118.48093,35.43025],[-118.48076,35.43034],[-118.48057,35.43045],[-118.48041,35.43053],[-118.48033,35.43057],[-118.47984,35.43072],[-118.47892,35.43109],[-118.4787,35.4312],[-118.47792,35.43153],[-118.47669,35.43227],[-118.47626,35.4325],[-118.47611,35.43258],[-118.47578,35.43271],[-118.47553,35.43284],[-118.47537,35.4329],[-118.4752,35.43292],[-118.47504,35.43291],[-118.4746,35.43288],[-118.47442,35.43289]]}},{"type":"Feature","properties":{"name":"(unnamed public road)","road_class":"track","source":"OpenStreetMap","source_detail":"osm way 10365012","source_tile":"176/404","surface_inferred":true},"geometry":{"type":"LineString","coordinates":[[-118.14029,35.47864],[-118.13983,35.47833],[-118.13971,35.47824],[-118.13961,35.47813],[-118.13956,35.47805],[-118.13952,35.47794],[-118.13944,35.47779],[-118.1392,35.47754],[-118.13917,35.47753],[-118.1389,35.47729],[-118.13886,35.47723],[-118.13852,35.47683],[-118.13846,35.47676],[-118.1381,35.47625],[-118.13801,35.47615],[-118.13785,35.47602],[-118.13773,35.4759],[-118.13758,35.47569],[-118.13756,35.47565],[-118.13748,35.47548],[-118.13736,35.4753],[-118.13731,35.47522],[-118.13725,35.47513],[-118.13709,35.47488],[-118.13701,35.47479],[-118.13668,35.47452],[-118.13663,35.47446],[-118.13655,35.47432],[-118.1365,35.47413],[-118.13649,35.47388],[-118.13647,35.4737],[-118.13643,35.47359],[-118.13631,35.47343],[-118.13627,35.47338],[-118.13619,35.47327],[-118.13614,35.47314],[-118.13612,35.473],[-118.13614,35.47264],[-118.13614,35.47262],[-118.13612,35.47228],[-118.1361,35.47223],[-118.13604,35.47216],[-118.13591,35.4721],[-118.13586,35.47207],[-118.13574,35.47199],[-118.13572,35.47196],[-118.13557,35.47179],[-118.13544,35.4716],[-118.13526,35.4713],[-118.13515,35.47109],[-118.13508,35.471],[-118.13499,35.47093],[-118.13488,35.47086],[-118.13479,35.47081],[-118.13466,35.47078],[-118.1344,35.47075],[-118.13429,35.47074],[-118.13416,35.47073],[-118.13402,35.4707],[-118.13381,35.47062],[-118.13374,35.47057],[-118.13358,35.47044],[-118.13305,35.47007],[-118.13286,35.46993],[-118.13271,35.4698],[-118.13266,35.46975],[-118.13234,35.46933],[-118.13229,35.46926],[-118.13217,35.46908],[-118.13205,35.4688],[-118.13204,35.46877],[-118.13198,35.46848],[-118.13197,35.46831],[-118.13199,35.46823],[-118.13216,35.4679],[-118.13219,35.46777],[-118.1322,35.46765],[-118.13219,35.46754],[-118.13214,35.46735],[-118.13208,35.46721],[-118.13207,35.46717],[-118.13191,35.46695],[-118.13164,35.46663],[-118.13142,35.46639],[-118.13132,35.46625],[-118.13121,35.46608],[-118.13106,35.46582],[-118.13097,35.46564],[-118.13075,35.46521],[-118.13072,35.46515],[-118.13059,35.46498],[-118.13031,35.46471],[-118.13008,35.46445],[-118.12958,35.46375],[-118.1295,35.46362],[-118.12941,35.46352],[-118.12933,35.46343],[-118.12921,35.46329],[-118.12913,35.46317],[-118.12903,35.46296],[-118.12901,35.46289],[-118.12899,35.4628],[-118.12896,35.46261],[-118.12891,35.46254],[-118.1288,35.46244],[-118.12856,35.4623],[-118.12823,35.46209],[-118.12781,35.46188],[-118.1273,35.46165],[-118.12717,35.46158],[-118.12698,35.46145],[-118.12695,35.46143],[-118.12684,35.4613],[-118.12673,35.46115],[-118.12654,35.46079],[-118.12649,35.46073],[-118.12641,35.46067],[-118.12619,35.4606],[-118.12609,35.46055],[-118.126,35.46048],[-118.12591,35.46039],[-118.1258,35.46009],[-118.12575,35.46003],[-118.12569,35.45999],[-118.12546,35.45984],[-118.12539,35.45976],[-118.1253,35.45963],[-118.12518,35.45951],[-118.12494,35.45932],[-118.12478,35.45918],[-118.12469,35.45914],[-118.12459,35.45909],[-118.1245,35.45907],[-118.12436,35.45903],[-118.12421,35.45893],[-118.12418,35.45891],[-118.12403,35.45878],[-118.12396,35.45875],[-118.12386,35.45875],[-118.12382,35.45876],[-118.12379,35.45877],[-118.12365,35.45884],[-118.12354,35.45889],[-118.12341,35.45893],[-118.12291,35.45902],[-118.12256,35.45908],[-118.12241,35.45907],[-118.12234,35.45905],[-118.12216,35.45902],[-118.12193,35.45895],[-118.12178,35.45888],[-118.12153,35.45871],[-118.12151,35.4587]]}},{"type":"Feature","properties":{"name":"(unnamed public road)","road_class":"track","source":"OpenStreetMap","source_detail":"osm way 10366824","source_tile":"175/404","surface_inferred":true},"geometry":{"type":"LineString","coordinates":[[-118.46385,35.45807],[-118.46424,35.45844],[-118.46425,35.45852],[-118.46411,35.45876],[-118.46414,35.45891],[-118.46457,35.45936],[-118.46484,35.45943],[-118.46499,35.45948],[-118.46524,35.45965],[-118.46577,35.4604],[-118.46598,35.46048],[-118.46612,35.46053],[-118.46616,35.46073],[-118.4661,35.46083],[-118.46625,35.46114],[-118.46672,35.46167],[-118.46695,35.4622],[-118.46711,35.46311],[-118.46772,35.46385],[-118.46788,35.46415],[-118.46777,35.46508]]}},{"type":"Feature","properties":{"name":"SC111","road_class":"track","source":"OpenStreetMap","source_detail":"osm way 10369493","source_tile":"176/404","surface_inferred":true},"geometry":{"type":"LineString","coordinates":[[-118.10157,35.45283],[-118.10193,35.45286],[-118.1021,35.4529],[-118.10271,35.45312],[-118.10299,35.45322],[-118.10325,35.45333],[-118.10337,35.4534],[-118.10348,35.45348],[-118.10368,35.45366],[-118.10393,35.45395],[-118.10429,35.45444],[-118.10441,35.45458],[-118.10451,35.45466],[-118.10459,35.45472],[-118.10479,35.45483],[-118.10531,35.45516],[-118.10555,35.45528],[-118.10566,35.45533],[-118.1058,35.45537],[-118.10591,35.4554],[-118.10598,35.45542],[-118.10642,35.45546],[-118.10662,35.45547],[-118.10682,35.45546],[-118.10702,35.45544],[-118.10763,35.45534],[-118.10859,35.45517],[-118.10872,35.45517],[-118.10884,35.45519],[-118.10895,35.45523],[-118.10941,35.45546],[-118.10984,35.45563],[-118.1104,35.45583],[-118.1109,35.456],[-118.1111,35.45608],[-118.11129,35.45619],[-118.11153,35.45634],[-118.11167,35.45641],[-118.1119,35.45651],[-118.11282,35.45681],[-118.11342,35.45696],[-118.11404,35.45709],[-118.11463,35.45726],[-118.11518,35.45751],[-118.11529,35.45756],[-118.1155,35.45763],[-118.1157,35.45767],[-118.11588,35.45774],[-118.11623,35.45795],[-118.11642,35.45804],[-118.11695,35.45795],[-118.11753,35.4578],[-118.11764,35.45779],[-118.11808,35.4578],[-118.11858,35.45782],[-118.11881,35.45785],[-118.11885,35.45787],[-118.1195,35.45815],[-118.12002,35.4584],[-118.12088,35.45876],[-118.1214,35.45894],[-118.12206,35.45919],[-118.12238,35.45929],[-118.123,35.45947],[-118.12327,35.45958],[-118.12346,35.45969],[-118.12365,35.4598],[-118.12381,35.45991],[-118.12488,35.46059],[-118.12519,35.4607],[-118.12526,35.46074],[-118.12535,35.4608],[-118.12578,35.46115],[-118.1264,35.46168],[-118.12664,35.46194],[-118.12679,35.46205],[-118.12768,35.46273],[-118.12783,35.46289],[-118.12811,35.4631],[-118.1285,35.46345],[-118.12887,35.46378],[-118.129,35.46389],[-118.12913,35.46403],[-118.12958,35.46461],[-118.12992,35.465],[-118.13053,35.46564],[-118.13064,35.46577],[-118.13074,35.46596],[-118.13091,35.4663],[-118.13098,35.46643],[-118.13112,35.46664],[-118.1313,35.46689],[-118.13147,35.46714],[-118.13151,35.46724],[-118.13169,35.46787],[-118.13176,35.46827],[-118.13178,35.46873],[-118.13185,35.46899],[-118.1319,35.46907],[-118.13201,35.46922],[-118.13229,35.46954],[-118.13244,35.46972],[-118.13263,35.47004],[-118.13268,35.4701],[-118.13271,35.47013],[-118.13276,35.47017],[-118.13296,35.4703],[-118.13323,35.47049],[-118.13384,35.47104],[-118.13441,35.4716],[-118.13493,35.47208],[-118.13513,35.47237],[-118.13542,35.47282],[-118.13553,35.47303],[-118.13569,35.47341],[-118.13573,35.47353],[-118.13588,35.47373],[-118.13594,35.47382],[-118.13598,35.47392],[-118.13609,35.47427],[-118.1362,35.47454],[-118.1363,35.4747],[-118.13642,35.47487],[-118.13647,35.47495],[-118.13653,35.47503],[-118.13666,35.4752],[-118.13719,35.47575],[-118.13746,35.47601],[-118.13776,35.47627],[-118.13791,35.47645],[-118.13819,35.47685],[-118.13863,35.4773],[-118.1387,35.47739],[-118.13878,35.47751],[-118.13883,35.47763],[-118.13889,35.47773],[-118.13896,35.47782],[-118.13906,35.47792],[-118.13941,35.47822],[-118.13978,35.47844],[-118.13995,35.47852],[-118.14029,35.47864],[-118.14044,35.47875],[-118.14068,35.4789],[-118.14096,35.47902],[-118.14123,35.47913],[-118.14152,35.47928],[-118.14162,35.47935],[-118.1419,35.47962],[-118.14198,35.47969],[-118.14245,35.48002],[-118.14322,35.48058],[-118.14353,35.48076],[-118.14375,35.48087],[-118.14468,35.48129],[-118.14518,35.48147],[-118.14546,35.48161]]}},{"type":"Feature","properties":{"name":"SC328","road_class":"track","surface":"unpaved","source":"OpenStreetMap","source_detail":"osm way 10373053","source_tile":"176/404"},"geometry":{"type":"LineString","coordinates":[[-118.09974,35.45289],[-118.09971,35.45302],[-118.09968,35.45318],[-118.09968,35.45322],[-118.0997,35.45328],[-118.09976,35.4534],[-118.09977,35.45348],[-118.09975,35.45352],[-118.09971,35.45355],[-118.09965,35.45357],[-118.09955,35.45364],[-118.09955,35.45368],[-118.09957,35.45371],[-118.09984,35.45405],[-118.0999,35.45415],[-118.10005,35.45433],[-118.10014,35.45442],[-118.10024,35.45451],[-118.10036,35.45459],[-118.10049,35.45469],[-118.10094,35.4551],[-118.10103,35.45518],[-118.10119,35.45528],[-118.1015,35.45544],[-118.10157,35.45549],[-118.10165,35.45555],[-118.10186,35.45578],[-118.10199,35.45589],[-118.10213,35.45598],[-118.10227,35.45606],[-118.10314,35.45645],[-118.10329,35.45653],[-118.10367,35.45679],[-118.1038,35.45687],[-118.10399,35.45702],[-118.10409,35.45709],[-118.10421,35.45716],[-118.10448,35.45727],[-118.10464,35.45736],[-118.10474,35.45743],[-118.10484,35.45751],[-118.10546,35.45813],[-118.10559,35.45828],[-118.10567,35.45837],[-118.10571,35.45843],[-118.10583,35.45862],[-118.10592,35.45876],[-118.10612,35.45899],[-118.10635,35.45919],[-118.10642,35.45926],[-118.10648,35.45934],[-118.10665,35.45964],[-118.10677,35.45979],[-118.10701,35.46012],[-118.1072,35.46042],[-118.1073,35.46066],[-118.10732,35.4607],[-118.10777,35.46126],[-118.10801,35.46167],[-118.10813,35.46183],[-118.10825,35.46206],[-118.10838,35.46233],[-118.1086,35.4629],[-118.10871,35.46311],[-118.10885,35.46335],[-118.10891,35.46352],[-118.10896,35.46376],[-118.10902,35.46389],[-118.10907,35.46399],[-118.10912,35.46406],[-118.10943,35.4643],[-118.10963,35.46442],[-118.10973,35.46451],[-118.1098,35.46461],[-118.10983,35.46467],[-118.10984,35.46474],[-118.10984,35.46516],[-118.10988,35.46536],[-118.10991,35.46547],[-118.1101,35.46586],[-118.1102,35.46616],[-118.11029,35.4663],[-118.11031,35.46633],[-118.11037,35.46641],[-118.11072,35.46674],[-118.11101,35.46703],[-118.11108,35.46712],[-118.11117,35.46727],[-118.11129,35.46754],[-118.11147,35.46785],[-118.11154,35.46794],[-118.11164,35.46825],[-118.11168,35.46835],[-118.11181,35.46851],[-118.11206,35.46877],[-118.1122,35.4689],[-118.11233,35.46906],[-118.11238,35.46918],[-118.1124,35.46928],[-118.11251,35.4695],[-118.11272,35.46985],[-118.11294,35.47008],[-118.11308,35.4702],[-118.11332,35.47037],[-118.11376,35.4707],[-118.11383,35.47078],[-118.11389,35.47086],[-118.11397,35.471],[-118.11437,35.47183],[-118.11442,35.47199],[-118.11454,35.47226],[-118.11464,35.47238],[-118.11471,35.47256],[-118.11494,35.47297],[-118.11513,35.47324],[-118.11518,35.47335],[-118.11526,35.47392],[-118.1153,35.47425],[-118.11546,35.47484],[-118.11555,35.47507],[-118.11576,35.47555],[-118.11586,35.47572],[-118.11606,35.47599],[-118.1162,35.47616],[-118.11647,35.47637],[-118.11686,35.47663],[-118.11699,35.47675],[-118.11704,35.47682],[-118.1171,35.47691],[-118.11725,35.47726],[-118.11732,35.47737],[-118.11739,35.47745],[-118.11746,35.47753],[-118.11761,35.47765],[-118.1177,35.47774],[-118.11774,35.47786],[-118.11781,35.47807],[-118.11787,35.4782],[-118.11797,35.47836],[-118.11823,35.47869],[-118.11838,35.47896],[-118.11863,35.4793],[-118.11871,35.47946],[-118.11891,35.48001],[-118.11897,35.48013],[-118.11919,35.48046],[-118.11928,35.48067],[-118.1194,35.48089],[-118.11952,35.48124],[-118.11955,35.48148],[-118.11958,35.4816],[-118.11995,35.48247],[-118.12008,35.48274],[-118.12021,35.48294],[-118.12055,35.4834],[-118.12077,35.48365],[-118.12084,35.48374],[-118.12088,35.4838],[-118.12114,35.48415],[-118.12158,35.48469],[-118.12197,35.48512],[-118.12213,35.48533],[-118.12223,35.48557],[-118.12231,35.48595],[-118.12232,35.4861],[-118.12231,35.4863],[-118.12237,35.4866],[-118.12249,35.48691],[-118.1226,35.48707],[-118.12299,35.48757],[-118.1232,35.48789],[-118.12326,35.48801],[-118.12334,35.48809],[-118.12341,35.48814],[-118.12346,35.4882],[-118.12365,35.48863],[-118.12367,35.4888],[-118.12373,35.48901],[-118.12379,35.48913],[-118.12402,35.4894],[-118.12422,35.48962],[-118.12443,35.48977],[-118.12453,35.48986],[-118.12461,35.48995],[-118.12466,35.49003],[-118.12472,35.49015],[-118.12475,35.49023],[-118.12481,35.49031],[-118.1249,35.49043],[-118.125,35.49053],[-118.12511,35.49063],[-118.12528,35.49074],[-118.12543,35.49083],[-118.1256,35.49089],[-118.12602,35.49101],[-118.12614,35.49106],[-118.12627,35.49115],[-118.1264,35.4912],[-118.12659,35.49127],[-118.12662,35.49128],[-118.12666,35.49132],[-118.12672,35.49138],[-118.12681,35.49147],[-118.12683,35.49148],[-118.1269,35.49152],[-118.12711,35.4916],[-118.12718,35.49164],[-118.12726,35.4917],[-118.12738,35.49181],[-118.12754,35.49192],[-118.12763,35.49198],[-118.12807,35.49223],[-118.12846,35.49239],[-118.12854,35.49242],[-118.1288,35.49257],[-118.12889,35.49261],[-118.12919,35.4927],[-118.12954,35.49293],[-118.12972,35.49308],[-118.12984,35.49319],[-118.13001,35.49332],[-118.13009,35.49336],[-118.13018,35.49338],[-118.13044,35.49339],[-118.13059,35.49342],[-118.13085,35.49353],[-118.13095,35.49357],[-118.13111,35.49359],[-118.13134,35.49361],[-118.13139,35.49361],[-118.13148,35.49364],[-118.13204,35.49376],[-118.13227,35.49381],[-118.1324,35.49386],[-118.13281,35.49405],[-118.13304,35.4942],[-118.13322,35.49435],[-118.13332,35.49442],[-118.13344,35.49448],[-118.1337,35.4946],[-118.13394,35.49474],[-118.13415,35.49488],[-118.13453,35.49521],[-118.13458,35.49529],[-118.13466,35.49554],[-118.13468,35.49559],[-118.13473,35.49574],[-118.13504,35.49635],[-118.13515,35.49647],[-118.13533,35.49662],[-118.13559,35.49703],[-118.13567,35.49712],[-118.13579,35.49719],[-118.13605,35.49732],[-118.13617,35.49739],[-118.13641,35.49751]]}},{"type":"Feature","properties":{"name":"SC102","road_class":"track","source":"OpenStreetMap","source_detail":"osm way 10377166","source_tile":"176/404","surface_inferred":true},"geometry":{"type":"LineString","coordinates":[[-118.11642,35.45804],[-118.11661,35.45844],[-118.11674,35.4586],[-118.11689,35.45872],[-118.11695,35.45883],[-118.11697,35.45889],[-118.11706,35.45938],[-118.11706,35.45953],[-118.11709,35.45961],[-118.11738,35.45995],[-118.11744,35.46],[-118.11748,35.46007],[-118.11751,35.46013],[-118.11755,35.46038],[-118.11757,35.46047],[-118.11762,35.46056],[-118.11774,35.46072],[-118.11779,35.46084],[-118.11784,35.46107],[-118.11785,35.46123],[-118.1178,35.46155],[-118.11781,35.46172],[-118.11785,35.46199],[-118.11785,35.4621],[-118.11789,35.46245],[-118.11803,35.46277],[-118.11812,35.46292],[-118.1182,35.46302],[-118.1182,35.46308],[-118.11817,35.46313],[-118.11808,35.4632],[-118.1179,35.46329],[-118.11787,35.46334],[-118.11788,35.46337],[-118.1179,35.46339],[-118.11803,35.46344],[-118.1184,35.46353],[-118.11859,35.46357],[-118.11911,35.46371],[-118.11934,35.46376],[-118.11964,35.46385],[-118.11972,35.46389],[-118.11976,35.46392],[-118.11992,35.46407],[-118.12029,35.46439],[-118.12081,35.46486],[-118.1209,35.46492],[-118.121,35.46497],[-118.1211,35.46502],[-118.12137,35.4651],[-118.12157,35.46515],[-118.12179,35.4652],[-118.12209,35.46523],[-118.12224,35.46524],[-118.1223,35.46526],[-118.12236,35.46531],[-118.12237,35.46535],[-118.12238,35.46545],[-118.12241,35.46556],[-118.12244,35.46563],[-118.12254,35.46579],[-118.12264,35.46591],[-118.12275,35.46602],[-118.12297,35.4662],[-118.12304,35.46628],[-118.12309,35.46636],[-118.12313,35.46651],[-118.12319,35.46676],[-118.12332,35.4672],[-118.12335,35.46741],[-118.12336,35.46753],[-118.12339,35.4676],[-118.12342,35.46763],[-118.12353,35.46771],[-118.12373,35.46783],[-118.12388,35.46788],[-118.1241,35.46793],[-118.1242,35.46796],[-118.12431,35.46803],[-118.12437,35.46808],[-118.12446,35.46819],[-118.12456,35.46829],[-118.12466,35.46836],[-118.12477,35.46842],[-118.1248,35.46845],[-118.12486,35.4685],[-118.12492,35.46856],[-118.12496,35.46864],[-118.12512,35.46899],[-118.12516,35.46915],[-118.12518,35.46944],[-118.12516,35.46965],[-118.12513,35.46979],[-118.12509,35.47004],[-118.12507,35.47013],[-118.12503,35.4702],[-118.12492,35.47033]]}},{"type":"Feature","properties":{"name":"Heritage Way","road_class":"track","source":"OpenStreetMap","source_detail":"osm way 10403037","source_tile":"175/404","surface_inferred":true},"geometry":{"type":"LineString","coordinates":[[-118.47426,35.4273],[-118.4742,35.42737],[-118.47419,35.42743],[-118.47421,35.42762],[-118.47424,35.4278],[-118.47424,35.42794],[-118.47417,35.4284],[-118.47419,35.42896],[-118.47423,35.42943],[-118.47425,35.43039],[-118.47427,35.43108],[-118.47425,35.43129],[-118.47426,35.43145],[-118.47434,35.43175],[-118.47436,35.43187],[-118.47437,35.43227],[-118.47438,35.43247],[-118.47439,35.43277],[-118.47442,35.43289],[-118.47446,35.43304],[-118.47445,35.43313],[-118.47442,35.43326],[-118.47444,35.43442],[-118.47443,35.43467],[-118.47444,35.43503],[-118.47444,35.43509],[-118.47444,35.43566],[-118.47434,35.43687],[-118.47431,35.43743],[-118.47431,35.4377],[-118.47429,35.43789],[-118.47432,35.43824],[-118.47431,35.43835],[-118.47428,35.43846],[-118.47428,35.43889],[-118.47426,35.43916],[-118.47422,35.43938],[-118.47416,35.43962],[-118.47414,35.43972],[-118.47418,35.43983],[-118.47422,35.43991],[-118.47426,35.44007],[-118.47425,35.44022],[-118.47423,35.44031],[-118.47421,35.44054],[-118.4742,35.44117],[-118.47417,35.44153],[-118.47419,35.44183],[-118.47422,35.44243],[-118.4742,35.44256],[-118.47416,35.44268],[-118.47411,35.44272],[-118.47401,35.44272],[-118.47378,35.44269],[-118.4734,35.44272],[-118.47339,35.44281],[-118.47337,35.4429],[-118.47331,35.44314],[-118.47326,35.44339],[-118.47309,35.44402],[-118.47305,35.44416],[-118.47301,35.44423],[-118.47295,35.44432],[-118.47288,35.44439],[-118.47279,35.44451],[-118.47273,35.44464],[-118.47269,35.44481],[-118.47263,35.44498],[-118.47243,35.44535],[-118.47232,35.4455],[-118.47214,35.4457],[-118.4721,35.44575],[-118.47193,35.44588],[-118.47188,35.44592],[-118.47173,35.44599],[-118.4714,35.4462],[-118.47125,35.44632],[-118.4712,35.44637],[-118.47089,35.44663],[-118.47071,35.44681],[-118.47057,35.44695],[-118.47015,35.44744],[-118.47009,35.4475],[-118.46997,35.44758],[-118.46979,35.44765],[-118.46975,35.44768],[-118.46969,35.44777],[-118.46962,35.44792],[-118.46955,35.44801],[-118.46943,35.44812],[-118.46938,35.44818],[-118.46935,35.44823],[-118.46928,35.44844],[-118.46921,35.44853],[-118.46893,35.44876],[-118.46875,35.44888],[-118.46872,35.44891],[-118.4687,35.44895],[-118.46868,35.44919],[-118.46863,35.44933],[-118.46846,35.4496],[-118.46831,35.44978],[-118.46821,35.44989],[-118.46811,35.45009],[-118.46802,35.45022],[-118.46782,35.45043],[-118.46768,35.45053],[-118.4675,35.45064],[-118.46731,35.4508],[-118.46727,35.45082],[-118.46719,35.45084],[-118.46695,35.45086],[-118.46686,35.45087],[-118.46665,35.45094],[-118.46633,35.45112],[-118.46604,35.45139],[-118.46586,35.45149],[-118.46578,35.45153],[-118.46563,35.45167],[-118.46551,35.45179],[-118.46541,35.45182],[-118.46536,35.45188],[-118.46529,35.452],[-118.46525,35.45204],[-118.46516,35.4521],[-118.46514,35.45213],[-118.46509,35.45226],[-118.46501,35.45248],[-118.46494,35.45262],[-118.4649,35.45266],[-118.4648,35.45272],[-118.46467,35.45278],[-118.46465,35.45281],[-118.46463,35.45283],[-118.46459,35.45292],[-118.46444,35.45304],[-118.46432,35.45306],[-118.46413,35.45311],[-118.464,35.4532],[-118.4639,35.45332],[-118.46387,35.45337],[-118.46381,35.45338],[-118.46357,35.4534],[-118.46346,35.45343],[-118.46325,35.45347],[-118.46299,35.45351],[-118.46293,35.45354],[-118.4629,35.45357],[-118.4629,35.45363],[-118.46294,35.45369],[-118.46306,35.45376],[-118.4632,35.4538],[-118.46343,35.45385],[-118.46376,35.45393],[-118.46383,35.45397],[-118.46393,35.4541],[-118.46399,35.45414],[-118.46408,35.45416],[-118.46428,35.45418],[-118.46432,35.45419],[-118.46436,35.45421],[-118.46442,35.45428],[-118.46446,35.45437],[-118.46448,35.45448],[-118.46448,35.45453],[-118.46446,35.45457],[-118.4644,35.45463],[-118.46429,35.4547],[-118.46417,35.45476],[-118.46411,35.45482],[-118.46408,35.45488],[-118.46408,35.45493],[-118.46416,35.45526],[-118.46417,35.45545],[-118.46415,35.45552],[-118.46374,35.45595],[-118.46349,35.45616],[-118.46324,35.45629],[-118.46316,35.45637],[-118.46312,35.45643],[-118.4631,35.45648],[-118.4631,35.45655],[-118.46311,35.45661],[-118.46317,35.45685],[-118.46317,35.45702],[-118.46318,35.45708],[-118.46326,35.45716],[-118.4635,35.4574],[-118.46366,35.45753],[-118.4637,35.4576],[-118.46373,35.45774],[-118.46377,35.45777],[-118.46379,35.45779],[-118.46388,35.45783],[-118.46385,35.45807],[-118.4638,35.45815],[-118.46375,35.45827],[-118.46366,35.45857],[-118.46364,35.4586],[-118.46344,35.45876],[-118.46341,35.45881],[-118.4634,35.45886],[-118.46341,35.4589],[-118.46349,35.45905],[-118.4635,35.45911],[-118.46349,35.45922],[-118.46346,35.45939],[-118.4634,35.4597],[-118.46338,35.4598],[-118.46334,35.45987],[-118.46331,35.45991],[-118.46317,35.46006],[-118.46304,35.46023],[-118.46289,35.46045],[-118.46282,35.46051],[-118.46272,35.46056],[-118.46264,35.46063],[-118.46262,35.46071],[-118.46263,35.46074],[-118.46274,35.46085],[-118.46282,35.46091],[-118.46294,35.46096],[-118.4632,35.46106],[-118.46389,35.4615],[-118.46403,35.46159],[-118.4641,35.46161],[-118.46447,35.46161],[-118.4645,35.46161],[-118.46457,35.46165],[-118.46469,35.46174],[-118.46485,35.46184],[-118.46499,35.46191],[-118.46505,35.46195],[-118.46508,35.462],[-118.46509,35.46208],[-118.46506,35.46226],[-118.46507,35.46234],[-118.46511,35.46241],[-118.46518,35.4625],[-118.46534,35.46264],[-118.46536,35.4627],[-118.46539,35.46294],[-118.46543,35.46303],[-118.46549,35.46312],[-118.46566,35.46332],[-118.46572,35.46342],[-118.46574,35.46352],[-118.46576,35.46378],[-118.46579,35.46381],[-118.46594,35.46394],[-118.46599,35.46401],[-118.466,35.46403],[-118.466,35.46406],[-118.46594,35.46422],[-118.46595,35.46429],[-118.46636,35.46482],[-118.46639,35.46491],[-118.4664,35.46496],[-118.46641,35.46502],[-118.46639,35.46513],[-118.46632,35.46531],[-118.4663,35.46544],[-118.46631,35.46548],[-118.46646,35.46571],[-118.4665,35.46586],[-118.46652,35.46605],[-118.46653,35.46618],[-118.46654,35.46673],[-118.46652,35.46688],[-118.4665,35.46694],[-118.46629,35.4673],[-118.46625,35.46737],[-118.4662,35.46742],[-118.46615,35.46746],[-118.46607,35.46751],[-118.46583,35.46764],[-118.46573,35.46772],[-118.46568,35.46777],[-118.46561,35.46784],[-118.46558,35.4679],[-118.46557,35.46798],[-118.46561,35.46815],[-118.4656,35.46822],[-118.46558,35.46827],[-118.46557,35.46833],[-118.46555,35.4684],[-118.46551,35.46844],[-118.46533,35.46858],[-118.46527,35.46863],[-118.46525,35.46868],[-118.46524,35.46876],[-118.46527,35.46889],[-118.46526,35.46895],[-118.46523,35.46898],[-118.46516,35.46903],[-118.46509,35.46905],[-118.46503,35.46906],[-118.46489,35.46905],[-118.46479,35.46901],[-118.46473,35.46897],[-118.4647,35.46891],[-118.46462,35.46883],[-118.46457,35.46881],[-118.46451,35.4688],[-118.46447,35.4688],[-118.4642,35.46894],[-118.46406,35.46902],[-118.46396,35.46907],[-118.46393,35.4691],[-118.4639,35.46915],[-118.46392,35.46919],[-118.46397,35.46921],[-118.464,35.46921],[-118.46417,35.4692],[-118.46424,35.46921],[-118.46426,35.46924],[-118.4642,35.46937],[-118.46409,35.46952],[-118.46408,35.46956],[-118.46419,35.46969],[-118.46433,35.46982],[-118.46436,35.46986],[-118.46437,35.47],[-118.46435,35.47004],[-118.46416,35.47019],[-118.46404,35.47023],[-118.46398,35.47027],[-118.46397,35.47031],[-118.46398,35.47034],[-118.46413,35.47039],[-118.46422,35.4704],[-118.46466,35.47038],[-118.46488,35.47035],[-118.4651,35.47036],[-118.46524,35.47042],[-118.46528,35.47044],[-118.46529,35.47047],[-118.46526,35.4705],[-118.46507,35.47052],[-118.4649,35.47055],[-118.46486,35.47057],[-118.46469,35.47069],[-118.4644,35.47094],[-118.46433,35.47101],[-118.46434,35.47105],[-118.46435,35.47106],[-118.46441,35.47106],[-118.4646,35.47103],[-118.46469,35.47104],[-118.46471,35.47106],[-118.46471,35.47109],[-118.4646,35.4712],[-118.4645,35.47133],[-118.46444,35.47138],[-118.4644,35.47146],[-118.46442,35.47149],[-118.46445,35.47151],[-118.46466,35.47146],[-118.46473,35.47147],[-118.46473,35.47151],[-118.46461,35.47161],[-118.46452,35.47171],[-118.46453,35.47173],[-118.46471,35.47183],[-118.46472,35.47187],[-118.46468,35.47196],[-118.46467,35.472],[-118.4646,35.4721],[-118.46439,35.47239],[-118.46433,35.47251],[-118.46423,35.47262],[-118.46419,35.47271],[-118.46415,35.47275],[-118.46411,35.47277],[-118.464,35.47279],[-118.46382,35.47281],[-118.46371,35.47283],[-118.4636,35.47291],[-118.46355,35.47297],[-118.4635,35.4731],[-118.46351,35.47319],[-118.46353,35.47322],[-118.46375,35.47332],[-118.46377,35.47337],[-118.46376,35.47341],[-118.46343,35.47369],[-118.4633,35.47377],[-118.463,35.47393],[-118.46295,35.47396],[-118.46286,35.47405],[-118.46275,35.47411],[-118.46266,35.47416],[-118.46264,35.47419],[-118.46264,35.47422],[-118.46267,35.47424],[-118.46284,35.47427],[-118.4629,35.4743],[-118.46292,35.47434],[-118.46292,35.47443],[-118.46288,35.47453],[-118.46282,35.47458],[-118.46269,35.47465],[-118.46268,35.47468],[-118.4627,35.47475],[-118.46274,35.47481],[-118.46275,35.47492],[-118.46272,35.47497],[-118.4626,35.47503],[-118.46255,35.47507],[-118.46248,35.47516],[-118.46247,35.4752],[-118.46246,35.47525],[-118.46248,35.47529],[-118.4625,35.47532],[-118.46254,35.47533],[-118.46259,35.47531],[-118.46277,35.47518],[-118.46285,35.47516],[-118.46293,35.47515],[-118.46302,35.47518],[-118.46308,35.47521],[-118.46318,35.47528],[-118.46327,35.47537],[-118.46328,35.47543],[-118.46326,35.47546],[-118.46322,35.47548],[-118.46296,35.47553],[-118.46286,35.47556],[-118.46261,35.47568],[-118.46249,35.47572],[-118.46222,35.47579],[-118.46209,35.47584],[-118.46197,35.47586],[-118.4619,35.47585],[-118.46173,35.47577],[-118.46169,35.47577],[-118.46158,35.47578],[-118.46151,35.47581],[-118.4614,35.47588],[-118.46138,35.47592],[-118.46138,35.47597],[-118.46142,35.47601],[-118.46146,35.47601],[-118.4615,35.476],[-118.46158,35.47603],[-118.46161,35.47606],[-118.46161,35.47611],[-118.4616,35.47616],[-118.46158,35.47619],[-118.46151,35.47626],[-118.46151,35.47628],[-118.46153,35.47636],[-118.46151,35.47642],[-118.46146,35.47647],[-118.46121,35.47661],[-118.46103,35.47664],[-118.46096,35.47668],[-118.46095,35.47671],[-118.46096,35.47673],[-118.46108,35.47679],[-118.46109,35.47682],[-118.46107,35.47685],[-118.46102,35.47687],[-118.46084,35.4769],[-118.46057,35.47699],[-118.46049,35.47699],[-118.46043,35.47697],[-118.46035,35.47685],[-118.46029,35.47682],[-118.46025,35.47682],[-118.46022,35.47682],[-118.46016,35.47685],[-118.46013,35.47688],[-118.46011,35.47695],[-118.46007,35.47713],[-118.46007,35.47719],[-118.46003,35.47723],[-118.45983,35.47733],[-118.45979,35.47735],[-118.45968,35.47741],[-118.45961,35.47746],[-118.45958,35.47751],[-118.45957,35.47757],[-118.45959,35.47762],[-118.45971,35.47772],[-118.45983,35.4778],[-118.45996,35.47785],[-118.46011,35.47782],[-118.46019,35.47783],[-118.46024,35.47786],[-118.46033,35.47795],[-118.46041,35.47809],[-118.46044,35.47821],[-118.46047,35.47823],[-118.46067,35.47824],[-118.4609,35.47829],[-118.46094,35.47832],[-118.46094,35.47835],[-118.46091,35.47841],[-118.46085,35.47845],[-118.46074,35.47861],[-118.46074,35.47865],[-118.46078,35.47871],[-118.46083,35.47873],[-118.46101,35.47871],[-118.46115,35.47873],[-118.46123,35.47876],[-118.46133,35.47883],[-118.46145,35.47898],[-118.46151,35.47902],[-118.46162,35.47906]]}},{"type":"Feature","properties":{"name":"Saddle Springs Road","road_class":"track","surface":"dirt","tracktype":"grade3","source":"OpenStreetMap","source_detail":"osm way 10407973","source_tile":"175/404"},"geometry":{"type":"LineString","coordinates":[[-118.42701,35.52465],[-118.42672,35.52442],[-118.42654,35.52428],[-118.42643,35.52425],[-118.42631,35.52425],[-118.42625,35.52432],[-118.4262,35.52452],[-118.42611,35.52469],[-118.42594,35.52485],[-118.42576,35.52507],[-118.42567,35.52514],[-118.42555,35.52519],[-118.42542,35.5252],[-118.42532,35.52516],[-118.42512,35.52495],[-118.42502,35.52474],[-118.42496,35.52461],[-118.42481,35.5242],[-118.42479,35.52404],[-118.42473,35.52393],[-118.42429,35.52364],[-118.42408,35.52351],[-118.42392,35.52338],[-118.42386,35.52317],[-118.42375,35.5231],[-118.42358,35.52304],[-118.42345,35.52296],[-118.42338,35.52284],[-118.42338,35.52273],[-118.4236,35.52215],[-118.4236,35.52188],[-118.42354,35.52178],[-118.42313,35.52136],[-118.42277,35.52106],[-118.42265,35.52084],[-118.42258,35.52079],[-118.42246,35.52079],[-118.42238,35.52083],[-118.42234,35.52104],[-118.42229,35.5211],[-118.42219,35.52116],[-118.42205,35.52117],[-118.4219,35.52114],[-118.42169,35.52108],[-118.42151,35.52104],[-118.42143,35.52105],[-118.42134,35.52109],[-118.42128,35.52115],[-118.42126,35.52121],[-118.42128,35.52135],[-118.42125,35.52149],[-118.4212,35.52163],[-118.42111,35.52176],[-118.42086,35.52199],[-118.42071,35.52208],[-118.4205,35.52219],[-118.42045,35.52235],[-118.42036,35.52255],[-118.42025,35.52257],[-118.42004,35.52255],[-118.41979,35.52248],[-118.41955,35.52245],[-118.41929,35.52246],[-118.41916,35.52242],[-118.41902,35.52232],[-118.41865,35.52204],[-118.41849,35.52199],[-118.41837,35.522],[-118.41829,35.52205],[-118.41824,35.52214],[-118.41814,35.52226],[-118.41801,35.52236],[-118.41776,35.52245],[-118.41753,35.52267],[-118.4174,35.52277],[-118.41686,35.52299],[-118.41653,35.52319],[-118.41623,35.52341],[-118.41614,35.52346],[-118.41599,35.52347],[-118.41581,35.52342],[-118.41527,35.52318],[-118.41512,35.52308],[-118.41502,35.52301],[-118.41489,35.52295],[-118.41469,35.52291],[-118.41447,35.52284],[-118.41379,35.52254],[-118.41324,35.52242],[-118.4131,35.52237],[-118.41302,35.52229],[-118.41296,35.5222],[-118.4129,35.52199],[-118.41274,35.52175],[-118.4127,35.52158],[-118.41256,35.5213],[-118.41233,35.52102],[-118.41212,35.52083],[-118.41202,35.5208],[-118.41179,35.52075],[-118.41132,35.52059],[-118.4112,35.52051],[-118.41099,35.52029],[-118.41081,35.52005],[-118.41056,35.51982],[-118.41043,35.51974],[-118.41017,35.51963],[-118.41002,35.51957],[-118.40993,35.51946],[-118.40987,35.51896],[-118.40991,35.51871],[-118.40998,35.5186],[-118.41014,35.51845],[-118.41017,35.51833],[-118.41013,35.51819],[-118.41001,35.51812],[-118.40984,35.51808],[-118.40971,35.51799],[-118.40955,35.51782],[-118.40928,35.51748],[-118.4092,35.5173],[-118.40907,35.51687],[-118.40895,35.51622],[-118.40895,35.51613],[-118.40903,35.51588],[-118.40903,35.51575],[-118.40899,35.51565],[-118.4089,35.51552],[-118.40881,35.51544],[-118.40868,35.51533],[-118.40853,35.51519],[-118.40846,35.51505],[-118.40844,35.51487],[-118.40847,35.51423],[-118.40835,35.51398],[-118.40824,35.51368],[-118.40819,35.51356],[-118.4079,35.51328],[-118.40762,35.51277],[-118.40759,35.51252],[-118.40751,35.5123],[-118.40735,35.51208],[-118.40715,35.5115],[-118.40701,35.51099],[-118.40699,35.51043],[-118.407,35.50966],[-118.40696,35.50913],[-118.4069,35.5089],[-118.40678,35.50862],[-118.40669,35.5084],[-118.40646,35.50813],[-118.40623,35.5078],[-118.40621,35.50764],[-118.40614,35.50742],[-118.4061,35.5073],[-118.40608,35.5071],[-118.40598,35.50686],[-118.40588,35.50671],[-118.40543,35.50648],[-118.40529,35.50638],[-118.40457,35.50576],[-118.40427,35.50557],[-118.40402,35.50546],[-118.40373,35.50538],[-118.40362,35.50527],[-118.40347,35.50496],[-118.4033,35.50466],[-118.40313,35.50446],[-118.40282,35.50427],[-118.40258,35.50418],[-118.40245,35.50398],[-118.40229,35.50376],[-118.40203,35.50355],[-118.40163,35.50346],[-118.4014,35.50331],[-118.40132,35.50322],[-118.40124,35.50306],[-118.40114,35.50289],[-118.40085,35.50261],[-118.40078,35.50232],[-118.40067,35.50199],[-118.40056,35.50154],[-118.40048,35.50134],[-118.40038,35.50118],[-118.40021,35.50101],[-118.39997,35.5008],[-118.39971,35.50069],[-118.39947,35.50065],[-118.3993,35.50063],[-118.39914,35.50053],[-118.39871,35.50007],[-118.39859,35.49981],[-118.39859,35.49955],[-118.39856,35.49932],[-118.39899,35.4986],[-118.39908,35.49834],[-118.39912,35.49811],[-118.3991,35.49781],[-118.39913,35.49764],[-118.39927,35.49731],[-118.39976,35.4967],[-118.39984,35.49646],[-118.3999,35.49612],[-118.39991,35.4958],[-118.39987,35.49548],[-118.39971,35.49506],[-118.39954,35.49476],[-118.39917,35.49436],[-118.39889,35.49412],[-118.3987,35.49401],[-118.39851,35.49382],[-118.39828,35.49371],[-118.39804,35.49365],[-118.39733,35.49354],[-118.39683,35.49344],[-118.3964,35.49332],[-118.39593,35.4931],[-118.39516,35.49259],[-118.39504,35.4925],[-118.39499,35.49246],[-118.39496,35.49243],[-118.39491,35.49235],[-118.39489,35.49224],[-118.39496,35.49193],[-118.39505,35.49161],[-118.39508,35.49141],[-118.39502,35.49124],[-118.39498,35.49117],[-118.39484,35.49102],[-118.39418,35.48997],[-118.39405,35.48979],[-118.39399,35.48967],[-118.39392,35.48939],[-118.39396,35.48926],[-118.39402,35.48917],[-118.39434,35.48889],[-118.39445,35.48875],[-118.39463,35.48828],[-118.39464,35.48803],[-118.39456,35.48779],[-118.39447,35.48767],[-118.39424,35.48743],[-118.39419,35.4873],[-118.39419,35.48713],[-118.39436,35.48655],[-118.39441,35.48617],[-118.39438,35.48587],[-118.3944,35.48566],[-118.39424,35.4849],[-118.3941,35.48436],[-118.39408,35.48406],[-118.39417,35.48368],[-118.39445,35.48277],[-118.39463,35.4825],[-118.39477,35.48219],[-118.39482,35.48201],[-118.39482,35.48183],[-118.39475,35.48165],[-118.39466,35.4815],[-118.39448,35.48131],[-118.39379,35.4808],[-118.39325,35.48056],[-118.39302,35.48039],[-118.39269,35.48001],[-118.39257,35.47984],[-118.39254,35.47967],[-118.39247,35.47843],[-118.39236,35.47801],[-118.39218,35.47699],[-118.39205,35.47668],[-118.39183,35.4763],[-118.39114,35.47528],[-118.39103,35.47502],[-118.39088,35.4745],[-118.39071,35.47381],[-118.39054,35.47335],[-118.39021,35.47268],[-118.3898,35.47197],[-118.38927,35.47126],[-118.38903,35.47085],[-118.38899,35.47069],[-118.38903,35.47045],[-118.38923,35.47002],[-118.38931,35.46975],[-118.38941,35.46917],[-118.38949,35.46895],[-118.38954,35.46887],[-118.38972,35.4687],[-118.38985,35.46853],[-118.39009,35.46816],[-118.39019,35.46792],[-118.3902,35.46784],[-118.39017,35.46753],[-118.39021,35.46733],[-118.39034,35.4672],[-118.39075,35.46695],[-118.39093,35.46676],[-118.39117,35.46648],[-118.39117,35.46636],[-118.39115,35.46624],[-118.39108,35.4661],[-118.39095,35.46591],[-118.39056,35.46552],[-118.39044,35.46535],[-118.39011,35.46462],[-118.39002,35.46447],[-118.38994,35.46421],[-118.38985,35.46383],[-118.38963,35.46327],[-118.38942,35.46306],[-118.38916,35.46283],[-118.38865,35.46249],[-118.3884,35.46229],[-118.3882,35.46206],[-118.38811,35.46187],[-118.38799,35.46167],[-118.38753,35.46114],[-118.38742,35.46104],[-118.38732,35.46098],[-118.38717,35.46092],[-118.38696,35.46085],[-118.38679,35.46076],[-118.38656,35.46059],[-118.38617,35.46017],[-118.38596,35.46006],[-118.38514,35.45997],[-118.38494,35.4599],[-118.38473,35.4598],[-118.38458,35.45967],[-118.38449,35.45956],[-118.38436,35.45938],[-118.38395,35.4586],[-118.38385,35.45833],[-118.38367,35.45778],[-118.38349,35.45682],[-118.38333,35.45641],[-118.38316,35.45611],[-118.38273,35.45569],[-118.38249,35.45506],[-118.38239,35.45472],[-118.38228,35.45453],[-118.3818,35.45384]]}},{"type":"Feature","properties":{"name":"Piute Temporary Lookout Road","road_class":"track","surface":"dirt","tracktype":"grade3","source":"OpenStreetMap","source_detail":"osm way 10414796","source_tile":"175/404"},"geometry":{"type":"LineString","coordinates":[[-118.37426,35.45316],[-118.37427,35.45325],[-118.37449,35.45341],[-118.37462,35.45351],[-118.37463,35.45369],[-118.37463,35.45381],[-118.37457,35.45396],[-118.37451,35.45409],[-118.37428,35.45438],[-118.37421,35.4545],[-118.37417,35.45461],[-118.37414,35.45473],[-118.37411,35.45526],[-118.37413,35.45554],[-118.37417,35.45613],[-118.3742,35.45664],[-118.37418,35.45682],[-118.37411,35.45694],[-118.37403,35.45703],[-118.37386,35.45717],[-118.37369,35.45728],[-118.37347,35.45738],[-118.37336,35.45744],[-118.37325,35.45755],[-118.37315,35.45769],[-118.37303,35.45797],[-118.37292,35.45823],[-118.3728,35.45844],[-118.37259,35.4588],[-118.3724,35.45898],[-118.37224,35.45912],[-118.37212,35.45927],[-118.37195,35.45948],[-118.37184,35.45969],[-118.37175,35.45983],[-118.37175,35.45994],[-118.37178,35.46004],[-118.37185,35.46016],[-118.37198,35.46031],[-118.37206,35.46042],[-118.37213,35.46054],[-118.37213,35.46065],[-118.3721,35.46077],[-118.37201,35.46088],[-118.37172,35.46105],[-118.37161,35.46115],[-118.37154,35.46128],[-118.37148,35.46148],[-118.3714,35.46174],[-118.37126,35.4619],[-118.37113,35.46209],[-118.37102,35.46222],[-118.37094,35.46231],[-118.37086,35.46239],[-118.37078,35.46245],[-118.37068,35.46248],[-118.37061,35.46249],[-118.37049,35.46249],[-118.37031,35.46244],[-118.37015,35.46237],[-118.36985,35.46222],[-118.36963,35.46209],[-118.36919,35.46174],[-118.36909,35.46168],[-118.369,35.46163],[-118.36888,35.46161],[-118.36876,35.46161],[-118.36863,35.46162],[-118.36847,35.46167],[-118.36837,35.46172],[-118.36788,35.46206],[-118.36775,35.46217],[-118.36762,35.46231],[-118.36746,35.46257],[-118.36725,35.46287],[-118.36712,35.46308],[-118.36705,35.46321],[-118.36696,35.46342],[-118.36691,35.46359],[-118.3669,35.46395],[-118.36694,35.46417],[-118.367,35.46441],[-118.36702,35.46473],[-118.36704,35.46486],[-118.36707,35.46496],[-118.36711,35.46508],[-118.36715,35.46517],[-118.36722,35.46529],[-118.3673,35.46539],[-118.36753,35.46557],[-118.36763,35.46564],[-118.36773,35.4658],[-118.36787,35.46607],[-118.36793,35.46624],[-118.36799,35.4664],[-118.36809,35.46656],[-118.36858,35.46711],[-118.36867,35.46725],[-118.36877,35.46742],[-118.36881,35.46752],[-118.36886,35.4677],[-118.36888,35.4679],[-118.36888,35.46815],[-118.36886,35.46831],[-118.36879,35.46848],[-118.36866,35.4687],[-118.36854,35.46891],[-118.36841,35.46908],[-118.36793,35.46945],[-118.36764,35.46975],[-118.36746,35.46999],[-118.36735,35.47015],[-118.36725,35.47033],[-118.3672,35.47051],[-118.36724,35.4707],[-118.36728,35.47078],[-118.36739,35.47092],[-118.36794,35.47167],[-118.3684,35.47211],[-118.36861,35.47235],[-118.36875,35.47256],[-118.3688,35.47268],[-118.36882,35.47278],[-118.36882,35.47286],[-118.36879,35.47295],[-118.36872,35.47306],[-118.3686,35.47322],[-118.36826,35.47355],[-118.36809,35.47374],[-118.36779,35.47398],[-118.36766,35.47413],[-118.36746,35.4744],[-118.36733,35.47461],[-118.3671,35.4748],[-118.36693,35.47495],[-118.36673,35.47511],[-118.36652,35.47529],[-118.36646,35.47538],[-118.36644,35.47549],[-118.36648,35.47581],[-118.36652,35.47603],[-118.3665,35.47616],[-118.36644,35.47626],[-118.36631,35.4764],[-118.36623,35.47647],[-118.36612,35.47652],[-118.36598,35.47658],[-118.3658,35.47667],[-118.36566,35.47676],[-118.36549,35.47685],[-118.36535,35.47692],[-118.36524,35.47697],[-118.36498,35.47704],[-118.36477,35.47706],[-118.36465,35.47707],[-118.3645,35.47707],[-118.3643,35.47709],[-118.36411,35.47717],[-118.36399,35.47722],[-118.36393,35.47731],[-118.36386,35.47737],[-118.36378,35.47741],[-118.36371,35.47749],[-118.36363,35.47756],[-118.36356,35.47762],[-118.36351,35.47767],[-118.36347,35.47771],[-118.36341,35.47777],[-118.36318,35.47812],[-118.36315,35.47826],[-118.36313,35.47841],[-118.3631,35.47852],[-118.36307,35.4786],[-118.36301,35.47871],[-118.3629,35.47885],[-118.36285,35.47889],[-118.3628,35.47893],[-118.36276,35.47897],[-118.36271,35.47908],[-118.36263,35.47923],[-118.36259,35.4793],[-118.36255,35.47933],[-118.36248,35.47936],[-118.3623,35.47938],[-118.36157,35.47941],[-118.36139,35.47941],[-118.36123,35.47943],[-118.36108,35.47947],[-118.36073,35.4795],[-118.36054,35.47947],[-118.36026,35.47951],[-118.36018,35.47953],[-118.3601,35.47959],[-118.36004,35.47964],[-118.35998,35.47969],[-118.35997,35.47976],[-118.35991,35.47989]]}},{"type":"Feature","properties":{"name":"French Meadow Road","road_class":"track","surface":"dirt","tracktype":"grade3","source":"OpenStreetMap","source_detail":"osm way 10434650","source_tile":"175/404"},"geometry":{"type":"LineString","coordinates":[[-118.34582,35.45972],[-118.34583,35.45978],[-118.34598,35.45996],[-118.34609,35.46003],[-118.3462,35.46009],[-118.34634,35.46012],[-118.34663,35.46014],[-118.34723,35.46005],[-118.34737,35.46005],[-118.34743,35.46007],[-118.34749,35.46013],[-118.34759,35.46025],[-118.34761,35.4604],[-118.34755,35.46056],[-118.34743,35.46072],[-118.34699,35.4616],[-118.34692,35.46178],[-118.3469,35.46188],[-118.3469,35.46195],[-118.34692,35.46201],[-118.34699,35.46213],[-118.34727,35.46245],[-118.34728,35.46252],[-118.34727,35.46263],[-118.34694,35.463],[-118.34687,35.46316],[-118.34689,35.46321],[-118.34691,35.46324],[-118.34715,35.4637],[-118.34728,35.46395],[-118.34731,35.46411],[-118.34716,35.46452],[-118.34701,35.46493],[-118.34674,35.46573],[-118.34656,35.46622],[-118.34645,35.4665],[-118.34631,35.46697],[-118.34635,35.46708],[-118.34659,35.46727],[-118.34663,35.4674],[-118.34663,35.46753],[-118.34662,35.46765],[-118.34658,35.4678],[-118.34656,35.46795],[-118.34657,35.46808],[-118.3466,35.4682],[-118.34674,35.46867],[-118.34699,35.46928],[-118.34702,35.46938],[-118.34706,35.46945],[-118.34719,35.46959],[-118.34754,35.46986],[-118.34788,35.47009],[-118.34798,35.47018],[-118.34807,35.47027],[-118.34813,35.47035],[-118.34831,35.4707],[-118.34836,35.47088],[-118.34834,35.47118],[-118.34831,35.47138],[-118.34811,35.47191],[-118.34801,35.4722],[-118.34792,35.47241],[-118.34787,35.4725],[-118.34736,35.47301],[-118.3473,35.47313],[-118.34705,35.47385],[-118.34689,35.47417],[-118.34683,35.47438],[-118.34678,35.47462],[-118.34666,35.47521],[-118.34666,35.47537],[-118.34679,35.4758],[-118.34681,35.4761],[-118.3468,35.47661],[-118.34682,35.47677],[-118.34686,35.47688],[-118.34689,35.47693],[-118.34693,35.47699],[-118.34701,35.47708],[-118.34704,35.47716],[-118.34726,35.47821],[-118.34729,35.47837],[-118.34728,35.47848],[-118.34726,35.47853],[-118.34724,35.47857],[-118.34718,35.47861],[-118.34712,35.47863],[-118.34703,35.47866],[-118.34694,35.47865],[-118.34688,35.47865],[-118.34679,35.47861],[-118.3467,35.47855],[-118.3466,35.47843],[-118.34648,35.47779],[-118.34645,35.47774],[-118.34641,35.4777],[-118.34632,35.47765],[-118.34626,35.47763],[-118.34618,35.47761],[-118.3461,35.47763],[-118.34601,35.47767],[-118.34597,35.47773],[-118.34593,35.47779],[-118.34582,35.47808],[-118.34543,35.47866],[-118.34541,35.47873],[-118.34541,35.47886],[-118.34544,35.47897],[-118.3455,35.47904],[-118.34571,35.47922],[-118.34624,35.47952],[-118.34651,35.47969],[-118.34664,35.47975],[-118.34678,35.47979],[-118.34696,35.47989],[-118.34705,35.47995],[-118.34724,35.48016],[-118.34732,35.48024],[-118.34767,35.48048],[-118.34803,35.48069],[-118.34816,35.48083],[-118.34824,35.48098],[-118.34833,35.48133],[-118.34839,35.4814],[-118.34847,35.48146],[-118.34869,35.48156],[-118.34906,35.48168],[-118.34962,35.48171],[-118.34998,35.48175],[-118.35037,35.48183],[-118.35061,35.48189],[-118.35098,35.48202],[-118.35122,35.4821],[-118.3516,35.48228],[-118.35186,35.48243],[-118.35198,35.48255],[-118.35213,35.48266],[-118.35225,35.4828],[-118.35244,35.48301],[-118.35264,35.48315],[-118.3528,35.48335],[-118.35295,35.48367],[-118.35299,35.48379],[-118.35305,35.4839],[-118.35308,35.484],[-118.35312,35.48424],[-118.3531,35.48453],[-118.35315,35.4847],[-118.3532,35.48476],[-118.35328,35.4849],[-118.35334,35.48499],[-118.35339,35.4851],[-118.35353,35.4857],[-118.35358,35.48594],[-118.35367,35.48609],[-118.3538,35.48626],[-118.35396,35.48643],[-118.35419,35.48659],[-118.35439,35.4868],[-118.35462,35.48704],[-118.35498,35.48749],[-118.35516,35.4878],[-118.35542,35.48832],[-118.35575,35.48889],[-118.35616,35.48943],[-118.35631,35.48965],[-118.35637,35.48979],[-118.3564,35.48992],[-118.35636,35.49026],[-118.35636,35.49077],[-118.35638,35.49093],[-118.35656,35.49132],[-118.35662,35.49154],[-118.35673,35.4918],[-118.35677,35.49197],[-118.35698,35.49261],[-118.3575,35.49385],[-118.35751,35.49413],[-118.35749,35.49424],[-118.35795,35.49463],[-118.35823,35.49487],[-118.35835,35.49494],[-118.35847,35.49499],[-118.35851,35.49504],[-118.35851,35.49509],[-118.35856,35.49544],[-118.35845,35.49587],[-118.35853,35.49656],[-118.35878,35.49683],[-118.3588,35.49686],[-118.35886,35.49712],[-118.35887,35.49722],[-118.35894,35.49761],[-118.35908,35.49819],[-118.35911,35.49834],[-118.35911,35.49853],[-118.35916,35.49876],[-118.35925,35.49885],[-118.35928,35.49894],[-118.35939,35.49908],[-118.35942,35.49915],[-118.35959,35.49943],[-118.35981,35.49958],[-118.35991,35.49971],[-118.35996,35.49981],[-118.35997,35.49997],[-118.35997,35.50013],[-118.35996,35.50028],[-118.36007,35.50055],[-118.36008,35.50064],[-118.36015,35.50077],[-118.36011,35.5008],[-118.36005,35.50086],[-118.35997,35.5009],[-118.3598,35.50096],[-118.35971,35.50102],[-118.35957,35.50124],[-118.35953,35.5013],[-118.35951,35.50168],[-118.35949,35.50177],[-118.35943,35.50186],[-118.35935,35.50209],[-118.35935,35.50214],[-118.35933,35.50224],[-118.3592,35.50244],[-118.35911,35.50265],[-118.35906,35.50273],[-118.35899,35.50278],[-118.35895,35.5028],[-118.35881,35.50297],[-118.35869,35.50309],[-118.35866,35.50313],[-118.35864,35.50324],[-118.35859,35.50338],[-118.35844,35.50351],[-118.35836,35.50359],[-118.35832,35.50365],[-118.35827,35.5038],[-118.35811,35.50399],[-118.35807,35.50415],[-118.35802,35.5044],[-118.35791,35.50459],[-118.3578,35.50489],[-118.35766,35.50501],[-118.35737,35.50524],[-118.35728,35.50529],[-118.35714,35.5055],[-118.3568,35.50604],[-118.35662,35.50646],[-118.35644,35.50667],[-118.35638,35.50685],[-118.35625,35.50717],[-118.35614,35.50737]]}},{"type":"Feature","properties":{"name":"(unnamed public road)","road_class":"track","surface":"dirt","tracktype":"grade3","source":"OpenStreetMap","source_detail":"osm way 759754835","source_tile":"175/404"},"geometry":{"type":"LineString","coordinates":[[-118.32564,35.46194],[-118.3253,35.46206],[-118.32523,35.46213],[-118.32518,35.46228],[-118.32506,35.46248],[-118.32491,35.46257],[-118.32475,35.46262],[-118.32465,35.46267],[-118.32454,35.46277],[-118.3244,35.46289],[-118.32419,35.46304],[-118.32407,35.46308],[-118.32378,35.46314],[-118.32349,35.46305],[-118.3233,35.46285],[-118.32324,35.4627],[-118.32317,35.46261],[-118.32311,35.46253],[-118.32285,35.46238],[-118.32279,35.46233],[-118.32276,35.46227],[-118.32284,35.4622],[-118.32294,35.46205],[-118.32257,35.46149],[-118.32259,35.46135],[-118.32269,35.46113],[-118.32273,35.46095],[-118.32274,35.46065]]}},{"type":"Feature","properties":{"name":"TR 49","road_class":"track","surface":"dirt","tracktype":"grade3","source":"OpenStreetMap","source_detail":"osm way 759754836","source_tile":"175/404"},"geometry":{"type":"LineString","coordinates":[[-118.31656,35.45953],[-118.31655,35.45959],[-118.3166,35.45974],[-118.31664,35.45985],[-118.3166,35.45996],[-118.31638,35.46011],[-118.31622,35.46025],[-118.31614,35.46041],[-118.31601,35.4605],[-118.31607,35.46065],[-118.31611,35.46073],[-118.31608,35.46083],[-118.31595,35.46094],[-118.31593,35.46109],[-118.31594,35.46118],[-118.31582,35.46137],[-118.31575,35.46159],[-118.31571,35.4618],[-118.3157,35.46191],[-118.31561,35.46212],[-118.31544,35.46232],[-118.31536,35.46247],[-118.31533,35.46265],[-118.31532,35.4628],[-118.3153,35.46284],[-118.31524,35.46288],[-118.3151,35.46289],[-118.31504,35.46292],[-118.315,35.463],[-118.315,35.4632],[-118.31491,35.4634]]}},{"type":"Feature","properties":{"name":"Piute Mountain Road","road_class":"unclassified","surface":"compacted","tracktype":"grade2","source":"OpenStreetMap","source_detail":"osm way 808231485","source_tile":"175/404"},"geometry":{"type":"LineString","coordinates":[[-118.34582,35.45972],[-118.34573,35.45958],[-118.34571,35.45948],[-118.34569,35.459],[-118.34561,35.45879],[-118.34553,35.45865],[-118.34541,35.4585],[-118.34515,35.45828],[-118.34495,35.45813],[-118.34476,35.45807],[-118.3445,35.45802],[-118.34429,35.45801],[-118.34391,35.45803],[-118.34383,35.45802],[-118.34369,35.45797],[-118.34363,35.45794],[-118.34357,35.45789],[-118.34349,35.45776],[-118.34339,35.4574],[-118.34341,35.45728],[-118.34349,35.457],[-118.34347,35.45686],[-118.34343,35.4567],[-118.34335,35.45658],[-118.34325,35.45648],[-118.3431,35.45641],[-118.34284,35.45634],[-118.34273,35.45628],[-118.3426,35.45622],[-118.34253,35.45615],[-118.34242,35.45593],[-118.34242,35.45578],[-118.34239,35.45558],[-118.34237,35.45541],[-118.34237,35.45515],[-118.34241,35.455],[-118.34246,35.4547],[-118.34253,35.4545],[-118.34266,35.45429],[-118.34275,35.45412],[-118.34278,35.45393],[-118.3427,35.45356],[-118.34263,35.45328],[-118.34258,35.45318],[-118.34249,35.4531],[-118.34223,35.45297],[-118.34203,35.45281],[-118.34191,35.45276],[-118.34177,35.45274],[-118.34153,35.45273],[-118.34136,35.45271],[-118.34118,35.45265],[-118.34103,35.45258],[-118.34087,35.45248],[-118.34072,35.45234],[-118.34063,35.45222],[-118.34041,35.45177],[-118.34023,35.45153],[-118.3401,35.45144],[-118.33982,35.45128],[-118.33967,35.45119],[-118.33907,35.45084],[-118.33874,35.45067],[-118.33867,35.45063],[-118.3386,35.45056],[-118.33855,35.45049],[-118.33843,35.4501],[-118.33841,35.44993],[-118.33833,35.44958],[-118.33817,35.44933],[-118.33813,35.44927],[-118.33811,35.44919],[-118.3381,35.44913],[-118.33814,35.44902],[-118.33825,35.44884],[-118.33834,35.4487],[-118.33834,35.4486],[-118.33833,35.44851],[-118.33797,35.44808],[-118.33786,35.44803],[-118.33773,35.44801],[-118.33752,35.44798],[-118.33731,35.4479],[-118.33686,35.44764],[-118.33639,35.44742],[-118.33624,35.44733],[-118.33592,35.44702],[-118.33565,35.44674],[-118.33531,35.44652],[-118.33515,35.44645],[-118.33486,35.44628],[-118.33478,35.44622],[-118.33461,35.44603],[-118.33444,35.44581],[-118.33431,35.44546],[-118.33414,35.44522],[-118.33387,35.44487],[-118.33354,35.44454],[-118.3334,35.44435],[-118.33333,35.4442],[-118.33319,35.44399],[-118.33293,35.44369],[-118.33277,35.44351],[-118.33254,35.44331],[-118.33244,35.44326],[-118.33229,35.44321],[-118.33207,35.44317],[-118.33188,35.44313],[-118.33167,35.44311],[-118.33148,35.44311],[-118.33127,35.44312],[-118.33102,35.44316],[-118.32935,35.44362],[-118.32913,35.44368],[-118.32864,35.4438],[-118.32804,35.44389],[-118.32785,35.44392],[-118.32736,35.44401],[-118.32714,35.44403],[-118.32685,35.44405],[-118.32676,35.44405],[-118.3262,35.44405],[-118.32593,35.44407],[-118.32557,35.44414],[-118.32516,35.44423],[-118.32466,35.44437],[-118.32434,35.44443],[-118.32348,35.44462],[-118.32311,35.44468],[-118.3227,35.44473],[-118.32204,35.44477],[-118.32166,35.44474],[-118.32124,35.44474],[-118.32097,35.44476],[-118.32058,35.44483],[-118.31988,35.44484],[-118.31963,35.44483],[-118.31883,35.44493],[-118.31868,35.44495],[-118.31851,35.44493],[-118.31836,35.4449],[-118.31824,35.44485],[-118.31817,35.44482],[-118.31809,35.4448],[-118.31792,35.44479],[-118.31779,35.44479],[-118.31744,35.44481],[-118.31697,35.44488],[-118.31677,35.44495],[-118.31653,35.44503],[-118.31634,35.44505],[-118.31623,35.44504],[-118.31617,35.44504],[-118.31608,35.44501],[-118.31597,35.44497],[-118.31583,35.44495],[-118.31567,35.44492],[-118.31552,35.44492],[-118.31527,35.44494],[-118.31512,35.44496],[-118.31497,35.44499],[-118.31477,35.44504],[-118.3146,35.4451],[-118.31431,35.44523],[-118.31409,35.44537],[-118.31396,35.44542],[-118.31384,35.44546],[-118.31323,35.44561],[-118.31303,35.44568],[-118.31277,35.44582],[-118.31246,35.44599],[-118.3123,35.44602],[-118.3119,35.44606],[-118.31162,35.44613],[-118.31145,35.44621],[-118.31109,35.44642],[-118.31057,35.44678],[-118.31032,35.44688],[-118.31015,35.447],[-118.30999,35.44707],[-118.30984,35.44711],[-118.30916,35.44724],[-118.30857,35.44739],[-118.30805,35.44758],[-118.30793,35.44762],[-118.30777,35.44767],[-118.30744,35.44775],[-118.30718,35.44778],[-118.30706,35.44782],[-118.30649,35.44808],[-118.30618,35.44823],[-118.30591,35.44831],[-118.30554,35.44846],[-118.30539,35.44851],[-118.30519,35.44854],[-118.30466,35.44859],[-118.30443,35.44865],[-118.3042,35.44874],[-118.30406,35.44877],[-118.30396,35.44877],[-118.30379,35.44875],[-118.30356,35.44869],[-118.30342,35.44867],[-118.3033,35.44868],[-118.30316,35.44871],[-118.30288,35.44878],[-118.30278,35.44878],[-118.3027,35.44879],[-118.30253,35.44886],[-118.30238,35.44891],[-118.30212,35.44895],[-118.30191,35.44895],[-118.30131,35.44889],[-118.30063,35.44892],[-118.30037,35.44891],[-118.30016,35.44888],[-118.29946,35.44873],[-118.29895,35.44867],[-118.29846,35.44856],[-118.29773,35.44836],[-118.29744,35.44832],[-118.29692,35.4483],[-118.29646,35.44823],[-118.29606,35.44821],[-118.29555,35.44817],[-118.2947,35.44806],[-118.29437,35.44803],[-118.29399,35.44799],[-118.29339,35.44795],[-118.29283,35.44782],[-118.29249,35.44783],[-118.29211,35.44784],[-118.29175,35.44787],[-118.29083,35.44804],[-118.29047,35.44807],[-118.29012,35.44812],[-118.28983,35.4482],[-118.2896,35.44827],[-118.28871,35.44859],[-118.28843,35.44867],[-118.28813,35.44875],[-118.28805,35.44878],[-118.28798,35.44881],[-118.28792,35.44883],[-118.28733,35.44912],[-118.28707,35.44932],[-118.2866,35.44963],[-118.28609,35.44994],[-118.28582,35.45011],[-118.28568,35.45036],[-118.28557,35.45055],[-118.28514,35.45103],[-118.28488,35.45142],[-118.28468,35.45164],[-118.2843,35.45208],[-118.28416,35.45231],[-118.28379,35.45258],[-118.28355,35.45288],[-118.2831,35.4532],[-118.28288,35.45341],[-118.28272,35.45358],[-118.28268,35.45361],[-118.28257,35.45364],[-118.28224,35.45371],[-118.28198,35.45378],[-118.28181,35.45378],[-118.28142,35.45374],[-118.28123,35.45375],[-118.28115,35.45378],[-118.28105,35.45383],[-118.28087,35.45393],[-118.2807,35.45407],[-118.28055,35.45424],[-118.28037,35.45441],[-118.27992,35.4549],[-118.27977,35.45504],[-118.27972,35.45514],[-118.27972,35.45528],[-118.27974,35.45543],[-118.27977,35.45554],[-118.27976,35.45562],[-118.27969,35.45569],[-118.27957,35.45573],[-118.27939,35.45575],[-118.27929,35.45579],[-118.27914,35.45595],[-118.27898,35.45605],[-118.27849,35.45623],[-118.27831,35.45632],[-118.27828,35.45637],[-118.27818,35.45663],[-118.27809,35.45691],[-118.27803,35.457],[-118.27794,35.45707],[-118.27782,35.45711],[-118.27758,35.45714],[-118.27734,35.45723],[-118.27709,35.45726],[-118.27694,35.4573],[-118.2768,35.4574],[-118.27664,35.45745],[-118.27587,35.4575],[-118.27569,35.45755],[-118.27525,35.45774],[-118.27512,35.45779],[-118.27502,35.45779],[-118.27491,35.45774],[-118.27485,35.45768],[-118.27482,35.45759],[-118.27481,35.45745],[-118.27474,35.4573],[-118.27458,35.45719],[-118.27432,35.4571],[-118.27423,35.45704],[-118.27417,35.45696],[-118.27411,35.45669],[-118.27405,35.45661],[-118.27394,35.45654],[-118.27371,35.45649],[-118.27353,35.45648],[-118.27333,35.45648],[-118.27279,35.45646],[-118.27266,35.4565],[-118.27231,35.45667],[-118.27212,35.45672],[-118.27193,35.45674],[-118.27173,35.45674],[-118.27126,35.45673],[-118.27113,35.45674],[-118.27106,35.45675],[-118.27099,35.45677],[-118.27095,35.45679],[-118.2708,35.45688],[-118.27066,35.4569],[-118.27045,35.45688],[-118.27026,35.45685],[-118.27017,35.45686],[-118.26957,35.45715],[-118.26915,35.45737],[-118.26901,35.45746],[-118.26892,35.45754],[-118.26876,35.45771],[-118.26873,35.45776],[-118.26872,35.45781],[-118.26873,35.45788],[-118.26878,35.45791],[-118.26886,35.45793],[-118.26893,35.45792],[-118.26901,35.45788],[-118.26933,35.45763],[-118.26944,35.45758],[-118.26956,35.45754],[-118.2696,35.45753],[-118.26966,35.45752],[-118.26972,35.45752],[-118.26977,35.45755],[-118.26982,35.45759],[-118.26985,35.45765],[-118.26982,35.45779],[-118.2698,35.45785],[-118.26979,35.45794],[-118.2698,35.45805],[-118.26994,35.45838],[-118.27005,35.45868],[-118.27017,35.45893],[-118.27026,35.45911],[-118.27037,35.45924],[-118.27092,35.45956],[-118.27102,35.45964],[-118.27114,35.45967],[-118.27133,35.45969],[-118.27142,35.4597],[-118.2715,35.45973],[-118.27155,35.45979],[-118.27157,35.45986],[-118.27156,35.45992],[-118.27152,35.45999],[-118.27144,35.46005],[-118.27013,35.46054],[-118.27001,35.46062],[-118.26987,35.46074],[-118.26939,35.46124],[-118.26922,35.46143],[-118.269,35.46172],[-118.26887,35.46185],[-118.26844,35.46211],[-118.26825,35.46224],[-118.2681,35.4624],[-118.26798,35.46258],[-118.26768,35.46325],[-118.26741,35.4638],[-118.26732,35.46397],[-118.26722,35.46409],[-118.26712,35.46417],[-118.26699,35.46421],[-118.26685,35.46424],[-118.26657,35.46425],[-118.26643,35.46427],[-118.26618,35.46435],[-118.2657,35.46452],[-118.26541,35.46464],[-118.2652,35.46474],[-118.26504,35.46478],[-118.26493,35.46479],[-118.26481,35.4648],[-118.26461,35.46478],[-118.26375,35.46461],[-118.26351,35.46455],[-118.26335,35.46455],[-118.26325,35.46458],[-118.26286,35.46477],[-118.26266,35.46484],[-118.26252,35.46488],[-118.2624,35.46488],[-118.26224,35.46485],[-118.2621,35.46479],[-118.26187,35.46465],[-118.26168,35.46459],[-118.26151,35.46455],[-118.26135,35.46453],[-118.26124,35.46455],[-118.26105,35.4646],[-118.26077,35.46471],[-118.26022,35.46496],[-118.26003,35.46507],[-118.2598,35.46522],[-118.25965,35.46529],[-118.25949,35.4653],[-118.25887,35.46518],[-118.25844,35.46512],[-118.25818,35.46505],[-118.25788,35.46492],[-118.25779,35.46479],[-118.25774,35.46465],[-118.25767,35.46435],[-118.25757,35.46419],[-118.25742,35.46404],[-118.25692,35.46356],[-118.2568,35.46349],[-118.25665,35.46348],[-118.25628,35.46348],[-118.25585,35.46345],[-118.25572,35.46347],[-118.25562,35.46352],[-118.25548,35.4636],[-118.25521,35.46373],[-118.25505,35.46378],[-118.2548,35.4638],[-118.25456,35.46379],[-118.25436,35.46378],[-118.25416,35.4637],[-118.25375,35.46346],[-118.25365,35.46336],[-118.25346,35.46311],[-118.2533,35.46298],[-118.25318,35.46295],[-118.25309,35.46293],[-118.25299,35.46293],[-118.25287,35.46296],[-118.25273,35.463],[-118.25254,35.46309],[-118.25225,35.46323],[-118.25198,35.46335],[-118.25172,35.46343],[-118.25134,35.46352],[-118.25098,35.46359],[-118.25027,35.46377],[-118.25004,35.46385],[-118.24972,35.46402],[-118.24953,35.46407],[-118.24932,35.46411],[-118.24881,35.46417],[-118.2485,35.46425],[-118.24819,35.46429],[-118.24784,35.46439],[-118.24753,35.46442],[-118.24708,35.4644],[-118.24678,35.46435],[-118.24656,35.4643],[-118.24633,35.46426],[-118.24617,35.46426],[-118.24595,35.4643],[-118.24512,35.4645],[-118.24489,35.46454],[-118.24472,35.46461],[-118.24456,35.4647],[-118.24436,35.46491],[-118.2442,35.46509],[-118.24412,35.46516],[-118.24403,35.46521],[-118.24389,35.46526],[-118.24375,35.4653],[-118.24354,35.46533],[-118.24292,35.46535],[-118.24246,35.46537],[-118.24152,35.46542],[-118.2414,35.46544],[-118.2413,35.4655],[-118.24117,35.46559],[-118.2411,35.4657],[-118.24103,35.46586],[-118.24095,35.46612],[-118.24089,35.46627],[-118.24073,35.46655],[-118.24067,35.46665],[-118.24051,35.4668],[-118.2404,35.46689],[-118.23947,35.46755],[-118.23909,35.46782],[-118.23832,35.46844],[-118.23813,35.46857],[-118.23793,35.46865],[-118.23762,35.46871],[-118.23732,35.46877],[-118.23687,35.46899],[-118.23663,35.46908],[-118.23632,35.46915],[-118.23602,35.46928],[-118.23577,35.4694],[-118.23561,35.46947],[-118.23543,35.46949],[-118.23512,35.46949],[-118.2347,35.46948],[-118.23458,35.46946],[-118.23448,35.46942],[-118.2344,35.46937],[-118.23435,35.4693],[-118.23433,35.46921],[-118.23435,35.46912],[-118.2344,35.46898],[-118.23456,35.46875],[-118.23487,35.46832],[-118.23497,35.46813],[-118.23501,35.46798],[-118.23503,35.4678],[-118.23505,35.46764],[-118.23502,35.46738],[-118.23495,35.46712],[-118.23491,35.46703],[-118.23484,35.46698],[-118.23475,35.46697],[-118.23468,35.46699],[-118.23463,35.46704],[-118.2346,35.46713],[-118.23463,35.46724],[-118.23471,35.46743],[-118.23471,35.46755],[-118.23469,35.46766],[-118.23466,35.46774],[-118.23455,35.46788],[-118.23441,35.46801],[-118.23428,35.46808],[-118.23389,35.46826],[-118.23334,35.46869],[-118.23308,35.46892],[-118.23287,35.46909],[-118.2327,35.46919],[-118.2325,35.46924],[-118.23229,35.46927],[-118.23198,35.46927],[-118.23186,35.46927],[-118.23166,35.46934],[-118.23123,35.46949],[-118.2309,35.46961],[-118.23071,35.46972],[-118.23047,35.46997],[-118.23037,35.47004],[-118.23026,35.47008],[-118.23015,35.47007],[-118.22996,35.47001],[-118.22943,35.46981],[-118.22921,35.46974],[-118.22909,35.46973],[-118.22899,35.46979],[-118.22892,35.46987],[-118.22877,35.47021],[-118.22872,35.4703],[-118.22865,35.47036],[-118.22855,35.47039],[-118.22839,35.47038],[-118.228,35.47033],[-118.22775,35.47029],[-118.22766,35.47028],[-118.22759,35.47029],[-118.22752,35.47034],[-118.22748,35.47041],[-118.22747,35.47053],[-118.22758,35.47095],[-118.22763,35.47121],[-118.22768,35.47136],[-118.22777,35.47149],[-118.22783,35.4716],[-118.22784,35.47171],[-118.22782,35.47179],[-118.22778,35.47183],[-118.22771,35.47184],[-118.22763,35.47183],[-118.22755,35.47178],[-118.2275,35.47172],[-118.2274,35.47154],[-118.22734,35.47137],[-118.22728,35.4712],[-118.22661,35.47023],[-118.2266,35.47018],[-118.22658,35.47009],[-118.22661,35.47],[-118.22666,35.46991],[-118.22679,35.46976],[-118.22721,35.4694],[-118.22725,35.46932],[-118.22724,35.46926],[-118.22721,35.46921],[-118.22715,35.46918],[-118.22706,35.46916],[-118.22696,35.4692],[-118.22686,35.46927],[-118.22665,35.46947],[-118.22645,35.46959],[-118.22618,35.46975],[-118.22608,35.46982],[-118.22603,35.46989],[-118.22598,35.46996],[-118.22596,35.47006],[-118.22607,35.47055],[-118.22616,35.47093],[-118.22619,35.47104],[-118.22617,35.4711],[-118.22614,35.47114],[-118.22606,35.47116],[-118.22599,35.47113],[-118.22594,35.47109],[-118.2259,35.47102],[-118.22578,35.4705],[-118.22571,35.47041],[-118.2256,35.47034],[-118.22529,35.47023],[-118.22518,35.47017],[-118.22506,35.46998],[-118.22491,35.46966],[-118.22487,35.46954],[-118.22487,35.46942],[-118.22491,35.46933],[-118.22498,35.46923],[-118.22513,35.46913],[-118.2252,35.46905],[-118.22524,35.46896],[-118.22524,35.46887],[-118.22521,35.46876],[-118.22512,35.46868],[-118.22489,35.46854],[-118.22452,35.4683],[-118.22445,35.46824],[-118.22435,35.4682],[-118.22427,35.4682],[-118.22416,35.46823],[-118.22409,35.46829],[-118.22404,35.46838],[-118.224,35.46847],[-118.22402,35.46854],[-118.22411,35.46862],[-118.22423,35.46872],[-118.22428,35.46879],[-118.22431,35.46887],[-118.2243,35.46896],[-118.22425,35.46905],[-118.22388,35.46938],[-118.22369,35.46954],[-118.22364,35.46962],[-118.2236,35.46987],[-118.22358,35.47009],[-118.22349,35.47051],[-118.22343,35.47069],[-118.22336,35.47083],[-118.22328,35.47093],[-118.22318,35.47098],[-118.22307,35.47101],[-118.22225,35.471],[-118.22208,35.47102],[-118.22195,35.47107],[-118.22134,35.4715],[-118.22115,35.47159],[-118.22108,35.47167],[-118.22105,35.47173],[-118.22106,35.47183],[-118.22118,35.47199],[-118.22122,35.47209],[-118.22121,35.47218],[-118.22116,35.47227],[-118.22106,35.47234],[-118.22062,35.47269],[-118.2204,35.47284],[-118.22032,35.47292],[-118.22029,35.47301],[-118.22032,35.47312],[-118.22036,35.47317],[-118.22042,35.47321],[-118.2205,35.47324],[-118.2206,35.47324],[-118.22072,35.4732],[-118.22096,35.47307],[-118.22107,35.47302],[-118.22118,35.47301],[-118.22133,35.47302],[-118.22156,35.47311],[-118.22174,35.47322],[-118.22187,35.47336],[-118.22245,35.47439],[-118.22257,35.47445],[-118.22268,35.47449],[-118.22289,35.47453],[-118.22299,35.47458],[-118.22303,35.47465],[-118.22301,35.47471],[-118.22297,35.47476],[-118.22286,35.4748],[-118.22275,35.47481],[-118.2226,35.4748],[-118.22248,35.47478],[-118.22235,35.47472],[-118.2222,35.47464],[-118.222,35.47449],[-118.22191,35.47446],[-118.22181,35.47447],[-118.22174,35.47451],[-118.22171,35.47459],[-118.22172,35.47467],[-118.22179,35.4748],[-118.22197,35.47506],[-118.2222,35.47547],[-118.22223,35.4756],[-118.22224,35.47581],[-118.22222,35.47601],[-118.22218,35.47618],[-118.22212,35.47633],[-118.22205,35.47645],[-118.22186,35.47665],[-118.22172,35.47677],[-118.22154,35.47696],[-118.2214,35.47705],[-118.22126,35.47712],[-118.22112,35.47716],[-118.22096,35.47719],[-118.22072,35.47719],[-118.22012,35.47715],[-118.21916,35.47706],[-118.21892,35.47705],[-118.21827,35.47709],[-118.21784,35.47708],[-118.21769,35.47709],[-118.21754,35.47713],[-118.21548,35.47801],[-118.21529,35.47814],[-118.21516,35.47828],[-118.21502,35.47845],[-118.21478,35.47889],[-118.21469,35.47901],[-118.2146,35.47908],[-118.21445,35.47915],[-118.2143,35.47919],[-118.21393,35.47924],[-118.21384,35.47926],[-118.21377,35.47929],[-118.21369,35.47933],[-118.21351,35.47946],[-118.21331,35.47956],[-118.213,35.47967],[-118.21278,35.47977],[-118.21257,35.47993]]}},{"type":"Feature","properties":{"name":"Piute Mountain Road","road_class":"unclassified","surface":"compacted","tracktype":"grade2","source":"OpenStreetMap","source_detail":"osm way 808231487","source_tile":"175/404"},"geometry":{"type":"LineString","coordinates":[[-118.37804,35.44773],[-118.37775,35.44752],[-118.37741,35.44728],[-118.37721,35.44707],[-118.37696,35.44685],[-118.37679,35.44681],[-118.37664,35.44681],[-118.3765,35.44687],[-118.37642,35.44697],[-118.37622,35.44715],[-118.3761,35.44744],[-118.37614,35.44777],[-118.37619,35.44807],[-118.37616,35.44827],[-118.37595,35.44865],[-118.37581,35.4489],[-118.37569,35.44908],[-118.37547,35.44926],[-118.37527,35.44945],[-118.37506,35.44955],[-118.37493,35.44961],[-118.37474,35.44968],[-118.37447,35.44977],[-118.374,35.44993],[-118.37353,35.45012],[-118.37295,35.45033],[-118.37255,35.45048],[-118.37225,35.45062],[-118.37174,35.4509],[-118.37145,35.45105],[-118.37129,35.45114],[-118.37108,35.4512],[-118.37083,35.45122],[-118.37031,35.45123],[-118.3699,35.45121],[-118.36946,35.45118],[-118.36923,35.45119],[-118.36905,35.45121],[-118.36888,35.45125],[-118.36867,35.45124],[-118.36849,35.45119],[-118.36839,35.45109],[-118.36836,35.45102],[-118.36838,35.45093],[-118.36847,35.45079],[-118.3686,35.4507],[-118.36883,35.45053],[-118.36908,35.45038],[-118.36932,35.4502],[-118.36969,35.44988],[-118.3698,35.44975],[-118.36999,35.4495],[-118.37011,35.44924],[-118.3702,35.4488],[-118.3702,35.44858],[-118.37015,35.44844],[-118.37002,35.44826],[-118.36994,35.44794],[-118.36991,35.44779],[-118.36979,35.44762],[-118.36956,35.44746],[-118.36922,35.44725],[-118.36886,35.44698],[-118.3686,35.44671],[-118.36856,35.44651],[-118.36852,35.44626],[-118.36839,35.44508],[-118.36834,35.44496],[-118.36822,35.44488],[-118.3681,35.44486],[-118.36798,35.44485],[-118.36786,35.44488],[-118.3678,35.44491],[-118.36774,35.44497],[-118.3677,35.44506],[-118.36771,35.44519],[-118.36775,35.4453],[-118.36781,35.44543],[-118.36783,35.44561],[-118.36784,35.44572],[-118.36783,35.44586],[-118.36781,35.44608],[-118.36777,35.4464],[-118.36773,35.44657],[-118.36767,35.44668],[-118.3676,35.44681],[-118.36753,35.447],[-118.36756,35.44714],[-118.36769,35.44724],[-118.36785,35.44734],[-118.36806,35.44747],[-118.36827,35.44764],[-118.3684,35.44781],[-118.36842,35.44792],[-118.36841,35.44801],[-118.36837,35.44803],[-118.3683,35.4481],[-118.36819,35.44816],[-118.36798,35.44823],[-118.36766,35.44833],[-118.36751,35.44842],[-118.36735,35.44856],[-118.36722,35.44892],[-118.36714,35.44902],[-118.36699,35.44908],[-118.3667,35.44914],[-118.36646,35.44918],[-118.36608,35.44924],[-118.36565,35.44934],[-118.36533,35.44944],[-118.36507,35.44957],[-118.36479,35.44973],[-118.36458,35.44995],[-118.36436,35.45026],[-118.36419,35.4506],[-118.36405,35.45081],[-118.36388,35.45095],[-118.36361,35.4511],[-118.3634,35.45121],[-118.36314,35.45127],[-118.3629,35.45129],[-118.36277,35.45135],[-118.36268,35.45147],[-118.36264,35.45157],[-118.36265,35.45174],[-118.36271,35.4519],[-118.36277,35.45208],[-118.36279,35.45219],[-118.36278,35.45231],[-118.36273,35.45237],[-118.36267,35.45241],[-118.36265,35.45243],[-118.36258,35.45247],[-118.36242,35.45257],[-118.36235,35.45274],[-118.36235,35.4531],[-118.36232,35.45328],[-118.36217,35.45348],[-118.36204,35.45361],[-118.3618,35.45386],[-118.36153,35.45414],[-118.3612,35.45438],[-118.36105,35.4545],[-118.36085,35.45461],[-118.36064,35.4547],[-118.36034,35.45479],[-118.3601,35.45486],[-118.35996,35.45493],[-118.35984,35.45504],[-118.35968,35.45519],[-118.35954,35.45532],[-118.35931,35.45542],[-118.35905,35.45553],[-118.35878,35.45561],[-118.35865,35.45563],[-118.35854,35.45565],[-118.35841,35.45568],[-118.35816,35.45575],[-118.35806,35.45581],[-118.35793,35.45605],[-118.35779,35.45627],[-118.35765,35.45655],[-118.35761,35.45675],[-118.35769,35.4569],[-118.35786,35.45705],[-118.35798,35.45711],[-118.3581,35.45716],[-118.3582,35.45721],[-118.35827,35.45727],[-118.3583,35.4573],[-118.35837,35.45738],[-118.35843,35.45749],[-118.35846,35.45762],[-118.35852,35.45786],[-118.35856,35.45803],[-118.35856,35.45815],[-118.35846,35.45825],[-118.35817,35.45831],[-118.35798,35.45837],[-118.35782,35.45845],[-118.35778,35.45859],[-118.35777,35.45878],[-118.35769,35.45898],[-118.35751,35.45927],[-118.35741,35.45941],[-118.3572,35.45959],[-118.35703,35.4597],[-118.35686,35.45979],[-118.35675,35.45992],[-118.35666,35.46002],[-118.35653,35.4601],[-118.35641,35.46011],[-118.35622,35.46011],[-118.35583,35.4601],[-118.35559,35.46011],[-118.35544,35.46015],[-118.35534,35.46023],[-118.3552,35.46045],[-118.35501,35.46081],[-118.35489,35.46109],[-118.35481,35.46122],[-118.35472,35.46137],[-118.3547,35.46151],[-118.35472,35.46163],[-118.35482,35.46185],[-118.3549,35.46197],[-118.35488,35.46212],[-118.35483,35.46228],[-118.35487,35.46247],[-118.35499,35.46263],[-118.35512,35.46276],[-118.35516,35.46289],[-118.35511,35.46301],[-118.35498,35.46308],[-118.35474,35.46307],[-118.35444,35.463],[-118.35426,35.46303],[-118.35392,35.46315],[-118.35372,35.46322],[-118.35352,35.46324],[-118.35326,35.46316],[-118.35303,35.46309],[-118.35283,35.46307],[-118.35264,35.46305],[-118.35249,35.463],[-118.35228,35.46278],[-118.35206,35.46253],[-118.35188,35.46235],[-118.35163,35.46215],[-118.35143,35.46203],[-118.35114,35.46187],[-118.35078,35.4617],[-118.35052,35.46161],[-118.35025,35.46155],[-118.34986,35.46157],[-118.34961,35.4616],[-118.34939,35.46156],[-118.34933,35.46148],[-118.3493,35.46137],[-118.34931,35.46125],[-118.34941,35.46114],[-118.34966,35.46103],[-118.35,35.46092],[-118.35012,35.46084],[-118.35016,35.46081],[-118.35019,35.4607],[-118.35019,35.46058],[-118.35013,35.46047],[-118.34992,35.46034],[-118.34952,35.46006],[-118.34935,35.45993],[-118.34915,35.45984],[-118.34887,35.45974],[-118.3486,35.45968],[-118.34842,35.45969],[-118.34823,35.45974],[-118.34785,35.45981],[-118.34748,35.45987],[-118.34697,35.45989],[-118.34659,35.45991],[-118.34624,35.45985],[-118.34603,35.45978],[-118.34582,35.45972]]}},{"type":"Feature","properties":{"name":"Peak Road","road_class":"track","surface":"dirt","tracktype":"grade3","source":"OpenStreetMap","source_detail":"osm way 844089154","source_tile":"175/404"},"geometry":{"type":"LineString","coordinates":[[-118.3882,35.46206],[-118.38857,35.46195],[-118.38884,35.46182],[-118.38904,35.4617],[-118.38917,35.46156],[-118.38926,35.46136],[-118.3894,35.46096],[-118.38945,35.46075],[-118.38943,35.4606],[-118.38934,35.46045],[-118.38919,35.46027],[-118.38905,35.46014],[-118.38895,35.45998],[-118.38892,35.45962],[-118.38895,35.45912],[-118.38906,35.45888],[-118.38913,35.45873],[-118.38905,35.4586],[-118.38881,35.45853],[-118.3886,35.45853],[-118.38836,35.45855],[-118.38816,35.45857],[-118.38796,35.45853],[-118.38765,35.45846],[-118.38719,35.45834],[-118.38688,35.45822],[-118.38674,35.45812],[-118.38649,35.4579],[-118.38637,35.45773],[-118.38629,35.45759],[-118.38626,35.45745],[-118.38628,35.45726],[-118.38637,35.457],[-118.38644,35.45665],[-118.38652,35.45643],[-118.38675,35.45619],[-118.38697,35.45593],[-118.38713,35.45569],[-118.38712,35.45552],[-118.38706,35.4554],[-118.38695,35.45522],[-118.38691,35.45503],[-118.38696,35.4549],[-118.38702,35.45474],[-118.38706,35.4546],[-118.38709,35.45445],[-118.38709,35.45423],[-118.38709,35.45396],[-118.38716,35.45377],[-118.3873,35.45364]]}},{"type":"Feature","properties":{"name":"Piute Temporary Lookout Road","road_class":"track","surface":"dirt","tracktype":"grade3","source":"OpenStreetMap","source_detail":"osm way 957683567","source_tile":"175/404"},"geometry":{"type":"LineString","coordinates":[[-118.37386,35.45717],[-118.37368,35.45746],[-118.37341,35.45785],[-118.37315,35.45847],[-118.37292,35.45879],[-118.37279,35.45894],[-118.37276,35.45929],[-118.37284,35.45971],[-118.37293,35.45992],[-118.37309,35.46],[-118.37322,35.46007],[-118.37331,35.46012],[-118.37339,35.46022],[-118.37335,35.46034],[-118.37326,35.46055],[-118.37311,35.46109],[-118.37305,35.46138],[-118.37286,35.4615],[-118.37267,35.4617],[-118.37258,35.46198],[-118.37262,35.4622],[-118.37284,35.46242],[-118.37301,35.46265],[-118.37306,35.46278],[-118.37302,35.46315],[-118.37274,35.46335],[-118.37221,35.46373],[-118.37194,35.46395],[-118.37162,35.46409],[-118.37129,35.46421],[-118.37098,35.46429],[-118.37085,35.46438],[-118.37083,35.46449],[-118.37086,35.46462],[-118.37107,35.46482],[-118.37127,35.46494],[-118.37169,35.4651],[-118.37217,35.46527],[-118.37261,35.46548],[-118.37337,35.46624],[-118.37355,35.46645],[-118.3736,35.46655],[-118.37358,35.46666],[-118.37346,35.46676],[-118.37313,35.46696],[-118.37292,35.46713],[-118.37265,35.46743],[-118.37237,35.4678],[-118.37223,35.46822],[-118.37216,35.4686],[-118.37216,35.46884],[-118.37231,35.46914],[-118.37245,35.46936],[-118.37263,35.46969],[-118.37267,35.47012],[-118.37263,35.47089],[-118.37268,35.47115],[-118.37286,35.47137],[-118.37292,35.47157],[-118.3729,35.47165]]}},{"type":"Feature","properties":{"name":"SC123","road_class":"track","surface":"sand","tracktype":"grade5","source":"OpenStreetMap","source_detail":"osm way 1517303867","source_tile":"175/404"},"geometry":{"type":"LineString","coordinates":[[-118.2049,35.45329],[-118.20518,35.45333],[-118.20547,35.45338],[-118.20568,35.45343],[-118.20597,35.45355],[-118.20618,35.45364],[-118.20645,35.45383],[-118.20658,35.45397],[-118.20677,35.45407],[-118.20701,35.45422],[-118.20715,35.45432],[-118.2073,35.45446],[-118.20744,35.45465],[-118.20762,35.45496],[-118.20779,35.4552],[-118.208,35.45542],[-118.20823,35.45568],[-118.20835,35.45588],[-118.20855,35.45627],[-118.20861,35.45639],[-118.20863,35.45652],[-118.2086,35.45669],[-118.20856,35.45676],[-118.20847,35.45685],[-118.20847,35.45691],[-118.20848,35.45698],[-118.20854,35.45707],[-118.2088,35.45738],[-118.20897,35.45751],[-118.20899,35.45752],[-118.20908,35.45758],[-118.20918,35.45767],[-118.2092,35.45775],[-118.20921,35.45782],[-118.2092,35.45796],[-118.20918,35.45809],[-118.20919,35.45818],[-118.20924,35.45826],[-118.20928,35.4583],[-118.20949,35.45849],[-118.20972,35.45877],[-118.20991,35.45909],[-118.21009,35.45936],[-118.21041,35.45973],[-118.21055,35.45991],[-118.21063,35.45998],[-118.2108,35.46007],[-118.21084,35.46011],[-118.21088,35.46022],[-118.21095,35.4605],[-118.211,35.46057],[-118.21103,35.46068],[-118.21109,35.46079],[-118.21119,35.46089],[-118.21129,35.46101],[-118.21134,35.46113],[-118.21137,35.46141],[-118.21139,35.46149],[-118.21144,35.46156],[-118.21153,35.46161]]}},{"type":"Feature","properties":{"name":"Mack Road","road_class":"track","surface":"dirt","tracktype":"grade3","source":"OpenStreetMap","source_detail":"osm way 10361414","source_tile":"175/404"},"geometry":{"type":"LineString","coordinates":[[-118.35952,35.44417],[-118.3595,35.44398],[-118.35951,35.44384],[-118.35945,35.44368],[-118.35927,35.44366],[-118.35911,35.44368],[-118.35897,35.44376],[-118.35843,35.4442],[-118.35793,35.44472],[-118.35762,35.44518],[-118.35734,35.44527],[-118.35724,35.44538],[-118.35706,35.44601],[-118.3569,35.44617],[-118.35668,35.44623],[-118.35636,35.44633],[-118.3561,35.44636],[-118.35593,35.44647],[-118.35574,35.4466],[-118.35572,35.4467]]}},{"type":"Feature","properties":{"name":"(unnamed public road)","road_class":"track","surface":"dirt","tracktype":"grade3","source":"OpenStreetMap","source_detail":"osm way 10361683","source_tile":"175/404"},"geometry":{"type":"LineString","coordinates":[[-118.34406,35.43835],[-118.34393,35.43866],[-118.34391,35.43903],[-118.34393,35.43937],[-118.34367,35.43968],[-118.34366,35.4399],[-118.34376,35.44017],[-118.3437,35.44041],[-118.34387,35.44048],[-118.344,35.44054],[-118.34426,35.44062],[-118.34433,35.44069],[-118.34415,35.44095],[-118.34419,35.44121],[-118.34413,35.44144],[-118.34413,35.44162],[-118.34415,35.44174],[-118.34416,35.44185],[-118.34426,35.44204],[-118.34425,35.44232],[-118.34431,35.44249],[-118.34441,35.44275],[-118.34447,35.44286],[-118.3446,35.4429],[-118.34495,35.44296],[-118.34503,35.44306],[-118.34495,35.44345],[-118.34499,35.44377],[-118.34497,35.444],[-118.34497,35.44419],[-118.34516,35.44435],[-118.34519,35.4445],[-118.34525,35.44477],[-118.34522,35.44487],[-118.34503,35.44499],[-118.34475,35.44555],[-118.34458,35.44567],[-118.34444,35.44567],[-118.34432,35.44565],[-118.34425,35.44565],[-118.34415,35.44575]]}},{"type":"Feature","properties":{"name":"(unnamed public road)","road_class":"track","surface":"dirt","tracktype":"grade3","source":"OpenStreetMap","source_detail":"osm way 10362046","source_tile":"175/404"},"geometry":{"type":"LineString","coordinates":[[-118.3153,35.37728],[-118.31539,35.37747],[-118.31547,35.37753],[-118.31555,35.37763],[-118.31565,35.37782],[-118.31585,35.37813],[-118.31594,35.37835],[-118.31591,35.37843],[-118.31576,35.37852],[-118.31575,35.37858],[-118.3157,35.37865],[-118.31557,35.37875],[-118.3154,35.37885],[-118.31536,35.37897],[-118.31531,35.37913],[-118.31527,35.37919],[-118.31504,35.37927],[-118.3149,35.37927],[-118.31475,35.37932],[-118.31455,35.37943],[-118.31447,35.37946],[-118.31436,35.37945],[-118.31414,35.37933],[-118.31398,35.37933],[-118.31371,35.3794],[-118.31356,35.37939],[-118.31341,35.37942],[-118.31315,35.37942],[-118.31305,35.37943],[-118.31287,35.3795],[-118.31266,35.37961],[-118.31238,35.37962],[-118.31213,35.37963],[-118.31179,35.37965],[-118.31163,35.37972],[-118.31106,35.38019],[-118.31065,35.38034],[-118.31043,35.38045],[-118.31023,35.38042],[-118.30997,35.38049],[-118.30976,35.38057],[-118.30957,35.3807],[-118.30945,35.38075],[-118.30896,35.38106],[-118.3085,35.38112],[-118.30824,35.38112],[-118.30746,35.3817],[-118.30718,35.38309],[-118.30719,35.38332],[-118.3073,35.38359],[-118.30745,35.38386]]}},{"type":"Feature","properties":{"name":"(unnamed public road)","road_class":"track","surface":"dirt","tracktype":"grade3","source":"OpenStreetMap","source_detail":"osm way 10362050","source_tile":"175/404"},"geometry":{"type":"LineString","coordinates":[[-118.29863,35.38615],[-118.29873,35.38624],[-118.29878,35.38636],[-118.29891,35.38662],[-118.29899,35.38664],[-118.29916,35.3866],[-118.29966,35.38657],[-118.30004,35.38662],[-118.30031,35.38671],[-118.30053,35.38687],[-118.30073,35.38695],[-118.30096,35.38697],[-118.30127,35.38694],[-118.30155,35.38708],[-118.30168,35.38714],[-118.30178,35.38716],[-118.30187,35.38718],[-118.30195,35.38717],[-118.30201,35.38719]]}},{"type":"Feature","properties":{"name":"(unnamed public road)","road_class":"track","surface":"dirt","tracktype":"grade3","source":"OpenStreetMap","source_detail":"osm way 10362057","source_tile":"175/404"},"geometry":{"type":"LineString","coordinates":[[-118.30367,35.39232],[-118.30397,35.39215],[-118.30425,35.39208],[-118.30452,35.39203],[-118.30473,35.39193],[-118.30487,35.3918],[-118.30515,35.39172],[-118.30535,35.39164],[-118.30561,35.39162],[-118.30578,35.39178],[-118.30588,35.3918],[-118.30626,35.39164],[-118.30652,35.39159],[-118.3066,35.39154],[-118.30669,35.39142],[-118.30678,35.39131],[-118.30696,35.3912],[-118.30712,35.39114],[-118.30793,35.39114],[-118.30836,35.39112],[-118.30876,35.39121],[-118.30933,35.39141],[-118.30945,35.39145],[-118.30967,35.39143],[-118.30983,35.39147],[-118.30999,35.39161],[-118.31045,35.3918],[-118.31061,35.39188],[-118.31099,35.39196],[-118.3111,35.39198],[-118.31123,35.39204],[-118.31129,35.39211],[-118.31132,35.39214],[-118.31138,35.39222],[-118.31151,35.39236],[-118.31189,35.39249],[-118.31222,35.39279],[-118.31241,35.39292],[-118.31246,35.39297],[-118.31259,35.39297],[-118.3127,35.39294],[-118.31285,35.3929],[-118.31313,35.39293],[-118.3135,35.39306],[-118.31366,35.39322],[-118.31369,35.39341],[-118.31374,35.39351],[-118.31387,35.39357],[-118.3141,35.39354]]}},{"type":"Feature","properties":{"name":"(unnamed public road)","road_class":"track","surface":"dirt","tracktype":"grade3","source":"OpenStreetMap","source_detail":"osm way 10362188","source_tile":"175/404"},"geometry":{"type":"LineString","coordinates":[[-118.31036,35.34156],[-118.31044,35.3414],[-118.31051,35.34128],[-118.31048,35.34119],[-118.31031,35.34099],[-118.31024,35.34092],[-118.31015,35.34091],[-118.30994,35.34102],[-118.30977,35.34106],[-118.30968,35.34109],[-118.30954,35.34107],[-118.30941,35.34101],[-118.30927,35.34103],[-118.30911,35.34097],[-118.30889,35.34095],[-118.30873,35.34099],[-118.30862,35.34094],[-118.30849,35.3408],[-118.30843,35.34075],[-118.30837,35.34075],[-118.30834,35.34079],[-118.30841,35.34091],[-118.30842,35.34124],[-118.30842,35.34135],[-118.30838,35.3415],[-118.30839,35.34164],[-118.30838,35.34184],[-118.30835,35.34207],[-118.30841,35.34224],[-118.30856,35.34232],[-118.30854,35.34238],[-118.30817,35.34243],[-118.30782,35.34259],[-118.30762,35.34263],[-118.30749,35.34267],[-118.3075,35.34272],[-118.30772,35.34273],[-118.30813,35.34277],[-118.3084,35.34304],[-118.30867,35.34313],[-118.30881,35.3432],[-118.3088,35.34328],[-118.30872,35.34331],[-118.30847,35.34327],[-118.30803,35.34331],[-118.30779,35.34343],[-118.30755,35.34364],[-118.30743,35.34382],[-118.30729,35.34419],[-118.30735,35.34446],[-118.30732,35.34454],[-118.30709,35.34465],[-118.30707,35.3447],[-118.30706,35.34478],[-118.30722,35.34489],[-118.30743,35.34502],[-118.30764,35.34508],[-118.30779,35.34508],[-118.30809,35.34501],[-118.30811,35.34504],[-118.3081,35.34509],[-118.30803,35.34517],[-118.3078,35.34529],[-118.30763,35.34544],[-118.30759,35.34551],[-118.30755,35.34565],[-118.30751,35.3458],[-118.30754,35.34595],[-118.30761,35.34614],[-118.30773,35.34643],[-118.30774,35.347],[-118.30778,35.34741]]}},{"type":"Feature","properties":{"name":"(unnamed public road)","road_class":"track","surface":"unpaved","source":"OpenStreetMap","source_detail":"osm way 10362400","source_tile":"175/404"},"geometry":{"type":"LineString","coordinates":[[-118.22007,35.35193],[-118.21995,35.35198],[-118.21981,35.35206],[-118.21957,35.35224],[-118.21944,35.35235],[-118.21904,35.35259],[-118.21836,35.353]]}},{"type":"Feature","properties":{"name":"(unnamed public road)","road_class":"track","surface":"dirt","tracktype":"grade3","source":"OpenStreetMap","source_detail":"osm way 10362590","source_tile":"175/404"},"geometry":{"type":"LineString","coordinates":[[-118.29301,35.37748],[-118.29312,35.37737],[-118.29317,35.37732],[-118.29322,35.37729],[-118.2934,35.37721],[-118.29345,35.37717],[-118.2935,35.37713],[-118.29362,35.37699],[-118.29375,35.37675],[-118.29378,35.37663],[-118.29382,35.37646],[-118.29387,35.37623],[-118.29386,35.37611],[-118.29381,35.37599]]}},{"type":"Feature","properties":{"name":"(unnamed public road)","road_class":"track","surface":"dirt","tracktype":"grade3","source":"OpenStreetMap","source_detail":"osm way 10362591","source_tile":"175/404"},"geometry":{"type":"LineString","coordinates":[[-118.34531,35.37226],[-118.34528,35.3726],[-118.34523,35.37283],[-118.34515,35.373],[-118.34508,35.37321],[-118.34498,35.37334],[-118.34488,35.37355],[-118.34473,35.37371],[-118.34462,35.37382],[-118.34459,35.37392],[-118.3446,35.37401],[-118.34468,35.37415],[-118.34476,35.37427],[-118.34489,35.37441],[-118.34495,35.37453],[-118.34511,35.37464],[-118.3453,35.37472],[-118.34534,35.37479],[-118.34536,35.3749],[-118.34534,35.37515],[-118.34522,35.37538],[-118.34519,35.37559],[-118.34514,35.37572],[-118.34513,35.37596],[-118.34542,35.37636],[-118.34546,35.37648],[-118.34528,35.37662]]}},{"type":"Feature","properties":{"name":"(unnamed public road)","road_class":"track","surface":"dirt","tracktype":"grade3","source":"OpenStreetMap","source_detail":"osm way 10362600","source_tile":"175/404"},"geometry":{"type":"LineString","coordinates":[[-118.28935,35.36659],[-118.28945,35.36646],[-118.28957,35.36642],[-118.28973,35.36645],[-118.28982,35.36637],[-118.28988,35.36621],[-118.29,35.36608],[-118.29017,35.36597],[-118.29026,35.36592],[-118.29031,35.3659],[-118.29039,35.3659],[-118.2905,35.3659],[-118.29061,35.3659],[-118.29072,35.36587],[-118.29083,35.36585],[-118.29096,35.36581],[-118.29112,35.3658],[-118.29131,35.36578],[-118.29189,35.36572],[-118.29214,35.36567],[-118.29226,35.36559],[-118.29231,35.36551],[-118.29234,35.36546],[-118.29243,35.36542],[-118.29277,35.36531],[-118.29285,35.36529],[-118.29293,35.36529],[-118.29301,35.36532],[-118.29318,35.3654],[-118.29325,35.36545]]}},{"type":"Feature","properties":{"name":"(unnamed public road)","road_class":"track","surface":"dirt","tracktype":"grade3","source":"OpenStreetMap","source_detail":"osm way 10362965","source_tile":"175/404"},"geometry":{"type":"LineString","coordinates":[[-118.28102,35.44578],[-118.28133,35.44566],[-118.28155,35.44554],[-118.28163,35.44548],[-118.28175,35.44537],[-118.28193,35.44518],[-118.28216,35.445],[-118.28222,35.44497],[-118.28232,35.4449],[-118.28239,35.44483],[-118.28267,35.4447],[-118.28312,35.44476],[-118.28441,35.44475],[-118.28489,35.44469],[-118.28591,35.44453],[-118.28607,35.44448],[-118.28647,35.44442],[-118.28697,35.44424],[-118.2871,35.44421],[-118.28725,35.44421],[-118.28741,35.44425],[-118.28764,35.4443],[-118.28779,35.4443],[-118.28795,35.44423],[-118.28809,35.44422],[-118.28826,35.44423],[-118.28861,35.44432],[-118.28924,35.44451],[-118.28959,35.44462],[-118.28977,35.44472],[-118.28987,35.44518],[-118.28987,35.44566],[-118.28986,35.44614],[-118.28986,35.44649],[-118.28986,35.44687],[-118.28986,35.4474],[-118.28988,35.44755],[-118.28985,35.44797],[-118.28983,35.4482]]}},{"type":"Feature","properties":{"name":"(unnamed public road)","road_class":"track","surface":"unpaved","source":"OpenStreetMap","source_detail":"osm way 10365642","source_tile":"175/404"},"geometry":{"type":"LineString","coordinates":[[-118.20126,35.39044],[-118.2027,35.39106],[-118.20353,35.39142],[-118.20372,35.39154],[-118.20378,35.3916],[-118.2041,35.39179],[-118.20421,35.39182],[-118.20453,35.39185],[-118.20472,35.39188],[-118.20514,35.39198],[-118.20526,35.39201],[-118.20537,35.39207],[-118.20574,35.39226],[-118.206,35.39234],[-118.20614,35.39236],[-118.20645,35.39238],[-118.2067,35.39243],[-118.20688,35.39249],[-118.20701,35.39251],[-118.20722,35.39254],[-118.20725,35.39254],[-118.20743,35.39259],[-118.20764,35.39267],[-118.20786,35.39273],[-118.20825,35.39286],[-118.20863,35.39303],[-118.20898,35.39321],[-118.20925,35.39332],[-118.20981,35.39351],[-118.21018,35.39367],[-118.21072,35.39388],[-118.2109,35.39396],[-118.21194,35.39435],[-118.21237,35.39451],[-118.2126,35.39462],[-118.21275,35.39468],[-118.2133,35.39484],[-118.21432,35.39523],[-118.2146,35.39532],[-118.21538,35.39553],[-118.21554,35.3956],[-118.21585,35.39568],[-118.21615,35.39578],[-118.21641,35.39586],[-118.21662,35.39593],[-118.21712,35.39605],[-118.21742,35.39614],[-118.21766,35.39623],[-118.21823,35.39639],[-118.21842,35.39642]]}},{"type":"Feature","properties":{"name":"(unnamed public road)","road_class":"track","surface":"dirt","tracktype":"grade3","source":"OpenStreetMap","source_detail":"osm way 10366208","source_tile":"175/404"},"geometry":{"type":"LineString","coordinates":[[-118.30981,35.42617],[-118.31071,35.42607],[-118.31117,35.42615],[-118.31157,35.42614],[-118.31186,35.42615],[-118.31203,35.42622],[-118.31212,35.42637],[-118.3123,35.42673],[-118.31251,35.42691],[-118.31276,35.42723],[-118.31293,35.42734],[-118.31336,35.42751],[-118.31353,35.42752],[-118.31382,35.42721],[-118.31427,35.42692],[-118.31474,35.42684]]}},{"type":"Feature","properties":{"name":"(unnamed public road)","road_class":"track","surface":"dirt","tracktype":"grade3","source":"OpenStreetMap","source_detail":"osm way 10366214","source_tile":"175/404"},"geometry":{"type":"LineString","coordinates":[[-118.33791,35.41195],[-118.3381,35.41205],[-118.33844,35.41233],[-118.33892,35.41247],[-118.33932,35.41256],[-118.33977,35.41287],[-118.34019,35.41325],[-118.34026,35.4135],[-118.34046,35.41362],[-118.3406,35.4138],[-118.34091,35.41396],[-118.3412,35.414],[-118.34138,35.41368],[-118.34184,35.41369],[-118.3422,35.4135],[-118.34239,35.41332],[-118.34249,35.4131],[-118.34257,35.41284],[-118.34258,35.41259],[-118.34266,35.41249],[-118.34285,35.41222],[-118.34288,35.41205],[-118.34286,35.41186],[-118.34288,35.41168],[-118.34277,35.41124],[-118.34271,35.41108],[-118.3427,35.41092],[-118.34256,35.41075]]}},{"type":"Feature","properties":{"name":"(unnamed public road)","road_class":"track","source":"OpenStreetMap","source_detail":"osm way 10366827","source_tile":"175/404","surface_inferred":true},"geometry":{"type":"LineString","coordinates":[[-118.45689,35.45815],[-118.45694,35.45833],[-118.45722,35.45858],[-118.45812,35.45872],[-118.45918,35.45927],[-118.45994,35.45954],[-118.46089,35.4595],[-118.46145,35.45973],[-118.46158,35.4597],[-118.46247,35.45902],[-118.46276,35.4586],[-118.46338,35.45791],[-118.46377,35.45777]]}},{"type":"Feature","properties":{"name":"(unnamed public road)","road_class":"track","surface":"dirt","tracktype":"grade3","source":"OpenStreetMap","source_detail":"osm way 10367653","source_tile":"175/404"},"geometry":{"type":"LineString","coordinates":[[-118.31604,35.45422],[-118.31582,35.45427],[-118.31555,35.45431],[-118.31501,35.45442],[-118.31478,35.45449],[-118.31446,35.45458],[-118.314,35.45457],[-118.31378,35.45465],[-118.31351,35.45487],[-118.31304,35.45522]]}},{"type":"Feature","properties":{"name":"(unnamed public road)","road_class":"track","surface":"unpaved","source":"OpenStreetMap","source_detail":"osm way 10367859","source_tile":"175/404"},"geometry":{"type":"LineString","coordinates":[[-118.27926,35.40584],[-118.27931,35.40614],[-118.27937,35.40631],[-118.27942,35.4064],[-118.27961,35.40655],[-118.27975,35.40675],[-118.27978,35.40677],[-118.27995,35.40682],[-118.27998,35.40686],[-118.27999,35.40692],[-118.27996,35.40702],[-118.27996,35.40708],[-118.27997,35.40714],[-118.28001,35.40719],[-118.28015,35.40731],[-118.28024,35.40745],[-118.28027,35.40754],[-118.28029,35.40761],[-118.28027,35.4079],[-118.2803,35.40802],[-118.28034,35.4081],[-118.28037,35.40815],[-118.28042,35.4082],[-118.28048,35.40825],[-118.28075,35.40842],[-118.28088,35.40854],[-118.28101,35.40872],[-118.28111,35.40888],[-118.28123,35.40901],[-118.28136,35.40913],[-118.28152,35.40923],[-118.28159,35.40929],[-118.28183,35.40957],[-118.28186,35.40962],[-118.28187,35.40972],[-118.28184,35.40979],[-118.2818,35.40986],[-118.28173,35.40994]]}},{"type":"Feature","properties":{"name":"(unnamed public road)","road_class":"track","surface":"unpaved","source":"OpenStreetMap","source_detail":"osm way 10367863","source_tile":"175/404"},"geometry":{"type":"LineString","coordinates":[[-118.27893,35.40898],[-118.27898,35.40888],[-118.27907,35.40881],[-118.27917,35.40869],[-118.27918,35.40866],[-118.27916,35.40856],[-118.27913,35.40852],[-118.27894,35.40839],[-118.27879,35.40825],[-118.27877,35.40821],[-118.27876,35.40814],[-118.27878,35.40808],[-118.27886,35.40798],[-118.27888,35.40794],[-118.27889,35.40789],[-118.27886,35.40778],[-118.27881,35.40765],[-118.27864,35.40736],[-118.27859,35.40726],[-118.27857,35.4071],[-118.27854,35.40704],[-118.27837,35.40682],[-118.27828,35.40669],[-118.27822,35.40655],[-118.27821,35.40649],[-118.27822,35.4064],[-118.27826,35.40627],[-118.27827,35.40612],[-118.27824,35.40601],[-118.27819,35.40589],[-118.27799,35.40559],[-118.27797,35.40553],[-118.27796,35.40545],[-118.27797,35.40539],[-118.27802,35.40529],[-118.27825,35.40499],[-118.27846,35.40477],[-118.27855,35.40472],[-118.27859,35.4047],[-118.27866,35.40469],[-118.27872,35.4047],[-118.27876,35.40473],[-118.2788,35.40481],[-118.27879,35.40487],[-118.27875,35.40493],[-118.27844,35.4052],[-118.27835,35.4053],[-118.27833,35.40535],[-118.27833,35.40539],[-118.27834,35.40543],[-118.27836,35.40546],[-118.27844,35.40554],[-118.2786,35.40562],[-118.27891,35.40574],[-118.27926,35.40584],[-118.27939,35.40573],[-118.27949,35.40565],[-118.27967,35.40545],[-118.27974,35.40537],[-118.27989,35.40525],[-118.28005,35.40515],[-118.28021,35.40508],[-118.28034,35.405],[-118.28049,35.40494],[-118.28063,35.40485],[-118.2807,35.40478],[-118.28075,35.40462],[-118.28079,35.40455],[-118.28086,35.40448],[-118.28112,35.4043],[-118.28123,35.40425],[-118.28133,35.40418],[-118.28143,35.40409],[-118.28154,35.40398],[-118.28165,35.40381],[-118.28174,35.40371],[-118.2818,35.40366],[-118.28187,35.40362],[-118.28196,35.40359],[-118.28209,35.40356],[-118.28218,35.40356],[-118.28228,35.40358],[-118.28234,35.40364],[-118.28237,35.40372],[-118.28235,35.40388],[-118.28233,35.40397],[-118.28229,35.40403],[-118.28219,35.40417],[-118.28199,35.40443],[-118.28193,35.40455],[-118.28187,35.40475]]}},{"type":"Feature","properties":{"name":"(unnamed public road)","road_class":"track","surface":"unpaved","source":"OpenStreetMap","source_detail":"osm way 10367879","source_tile":"175/404"},"geometry":{"type":"LineString","coordinates":[[-118.28187,35.40475],[-118.2822,35.40438],[-118.28233,35.40425],[-118.28267,35.40398],[-118.28278,35.40387],[-118.28284,35.40375],[-118.28288,35.40366],[-118.28291,35.40354],[-118.28297,35.40337],[-118.28311,35.40316],[-118.28312,35.40309],[-118.2831,35.40305],[-118.28306,35.40304],[-118.28292,35.40299],[-118.28256,35.40292],[-118.28239,35.40287],[-118.28229,35.40282],[-118.28222,35.40275],[-118.28216,35.40263],[-118.28208,35.40253],[-118.28202,35.40249],[-118.28197,35.40248],[-118.2819,35.40249],[-118.28184,35.40252],[-118.28172,35.40265],[-118.28159,35.40276],[-118.28151,35.40281],[-118.28142,35.40282],[-118.28128,35.4028],[-118.28119,35.40277],[-118.28109,35.40272],[-118.28085,35.40257],[-118.28075,35.40249],[-118.28072,35.40242],[-118.28072,35.40237],[-118.28076,35.40229],[-118.28081,35.40222],[-118.2809,35.40209],[-118.28092,35.40201],[-118.28093,35.40182],[-118.28092,35.40176],[-118.28089,35.40171],[-118.2808,35.40162],[-118.28074,35.40155],[-118.28071,35.40147],[-118.28071,35.40139],[-118.28072,35.40136],[-118.2809,35.40113],[-118.28106,35.40099],[-118.28109,35.40093],[-118.28108,35.40085],[-118.28104,35.40082],[-118.281,35.4008],[-118.28093,35.40081],[-118.28071,35.401],[-118.28052,35.40114],[-118.28035,35.40123],[-118.28024,35.40124],[-118.28021,35.40122],[-118.28019,35.4012],[-118.28018,35.40117],[-118.28018,35.40112],[-118.28023,35.40107],[-118.28051,35.40085],[-118.28059,35.40077],[-118.28061,35.40073],[-118.28059,35.40064],[-118.28055,35.4006],[-118.28038,35.40049],[-118.2801,35.40035],[-118.28001,35.40029],[-118.27998,35.40025],[-118.27997,35.40021],[-118.28001,35.40005],[-118.27999,35.39998],[-118.27997,35.39994],[-118.27992,35.3999],[-118.27986,35.39986],[-118.27934,35.3996],[-118.27906,35.39948],[-118.27884,35.39936],[-118.27869,35.39931],[-118.27855,35.39929],[-118.27838,35.3993],[-118.27795,35.39929],[-118.27783,35.39928],[-118.27696,35.39921],[-118.27657,35.3992],[-118.27646,35.39917],[-118.27637,35.39914],[-118.27627,35.39903],[-118.27619,35.39893],[-118.276,35.39865],[-118.27599,35.39861],[-118.27599,35.39852],[-118.27601,35.39847],[-118.27605,35.3984],[-118.27607,35.39835],[-118.27608,35.39827],[-118.27605,35.39811],[-118.27599,35.39793],[-118.27598,35.39785],[-118.27603,35.39771],[-118.27604,35.39766],[-118.27602,35.3976],[-118.27598,35.39757],[-118.27587,35.39752],[-118.27582,35.39752],[-118.2758,35.39754],[-118.27578,35.39757],[-118.27573,35.39776],[-118.27573,35.39779],[-118.27578,35.39806],[-118.27576,35.39813],[-118.2757,35.39822],[-118.27563,35.39826],[-118.27546,35.39829],[-118.27522,35.39838],[-118.27504,35.39847],[-118.27499,35.39847],[-118.27491,35.39846],[-118.27479,35.3984],[-118.27474,35.39837],[-118.27472,35.39834],[-118.27471,35.39827],[-118.27482,35.39796],[-118.27482,35.39791],[-118.2748,35.39785],[-118.27473,35.39778],[-118.27469,35.39776],[-118.2746,35.39774],[-118.27439,35.39774],[-118.27433,35.39774],[-118.27426,35.39774],[-118.27406,35.39775],[-118.27395,35.39779],[-118.27384,35.39786],[-118.27377,35.39794],[-118.27359,35.3982],[-118.27355,35.39828],[-118.27342,35.39842],[-118.2733,35.39849],[-118.27314,35.39856],[-118.27303,35.39858],[-118.27274,35.39859],[-118.27265,35.39861],[-118.27259,35.39864],[-118.27244,35.39873],[-118.27235,35.39874],[-118.27219,35.39871],[-118.27215,35.39873]]}},{"type":"Feature","properties":{"name":"(unnamed public road)","road_class":"track","surface":"dirt","tracktype":"grade3","source":"OpenStreetMap","source_detail":"osm way 10368172","source_tile":"175/404"},"geometry":{"type":"LineString","coordinates":[[-118.31448,35.42595],[-118.315,35.42595],[-118.31574,35.42607],[-118.31601,35.42607],[-118.31639,35.42592],[-118.31693,35.42573],[-118.31703,35.42567],[-118.31718,35.42551],[-118.31737,35.42542],[-118.3175,35.42533],[-118.31766,35.4253],[-118.318,35.42531],[-118.31811,35.42539],[-118.31814,35.42556],[-118.31808,35.42567],[-118.31808,35.42576],[-118.31834,35.42599],[-118.31869,35.42594],[-118.31893,35.42601],[-118.31911,35.42597],[-118.31916,35.42581],[-118.31918,35.42573],[-118.3193,35.42572],[-118.31969,35.42609],[-118.31955,35.42631],[-118.31941,35.42658],[-118.31946,35.42677],[-118.31989,35.42717],[-118.32023,35.42754],[-118.32054,35.42767],[-118.3209,35.42776],[-118.32124,35.42775],[-118.32158,35.42769],[-118.32179,35.42772],[-118.32185,35.4278],[-118.32188,35.42796],[-118.32186,35.4282],[-118.32199,35.42854],[-118.32212,35.4287],[-118.32221,35.42877],[-118.32207,35.42905],[-118.3221,35.42925],[-118.32225,35.42933],[-118.3226,35.4295],[-118.32268,35.42959],[-118.32268,35.42972],[-118.32268,35.42994],[-118.32279,35.43004],[-118.32296,35.43018],[-118.32326,35.43049],[-118.32358,35.43071],[-118.32378,35.43076],[-118.32404,35.43077],[-118.32432,35.43071],[-118.32445,35.4306],[-118.32458,35.43047],[-118.32482,35.4304],[-118.32492,35.43033],[-118.32498,35.43015],[-118.32506,35.43007],[-118.32532,35.42994],[-118.32548,35.42979],[-118.32553,35.42966],[-118.32554,35.42938],[-118.32556,35.42924],[-118.32568,35.42916],[-118.32578,35.42916],[-118.32619,35.42935],[-118.32633,35.42938],[-118.32646,35.42933],[-118.32671,35.42923],[-118.32693,35.4292],[-118.32717,35.42921],[-118.32743,35.4292],[-118.32795,35.4294],[-118.32837,35.42952],[-118.3286,35.42952],[-118.32914,35.42946],[-118.32946,35.42953],[-118.32988,35.42954],[-118.33022,35.42948],[-118.33048,35.42931],[-118.3306,35.42915],[-118.33068,35.42888],[-118.33069,35.42873],[-118.33073,35.42864],[-118.33083,35.42856],[-118.33104,35.42852],[-118.33142,35.42865],[-118.33172,35.42868],[-118.33193,35.42867],[-118.33232,35.42856],[-118.33276,35.42821]]}},{"type":"Feature","properties":{"name":"Clark Hale Trail","road_class":"track","surface":"dirt","tracktype":"grade3","source":"OpenStreetMap","source_detail":"osm way 10368824","source_tile":"175/404"},"geometry":{"type":"LineString","coordinates":[[-118.37676,35.39406],[-118.37659,35.39388],[-118.37658,35.3936],[-118.37648,35.3935],[-118.37616,35.39336],[-118.37585,35.39333],[-118.37518,35.39331],[-118.37464,35.39332],[-118.37435,35.39342],[-118.37409,35.39344],[-118.37334,35.39329],[-118.37277,35.39336],[-118.37238,35.39372],[-118.37204,35.39397],[-118.3715,35.3941],[-118.37091,35.39438],[-118.37052,35.39448],[-118.37029,35.39451],[-118.37005,35.39462],[-118.36965,35.39466],[-118.36948,35.3947],[-118.36901,35.39502],[-118.36872,35.39532],[-118.36863,35.39546],[-118.36863,35.39558],[-118.36849,35.39572],[-118.36831,35.39581],[-118.36805,35.3959],[-118.3675,35.396],[-118.36709,35.39624],[-118.36615,35.39634],[-118.36566,35.39649],[-118.36471,35.3969],[-118.36412,35.39726],[-118.36385,35.39743],[-118.36365,35.39766],[-118.36352,35.39789],[-118.36339,35.39809],[-118.36342,35.39828],[-118.3632,35.39831],[-118.36305,35.39814],[-118.36267,35.39804],[-118.36252,35.39796],[-118.3623,35.39779],[-118.36204,35.3978],[-118.3618,35.39786],[-118.36177,35.39809],[-118.3617,35.39838],[-118.36149,35.3986]]}},{"type":"Feature","properties":{"name":"(unnamed public road)","road_class":"track","surface":"dirt","tracktype":"grade3","source":"OpenStreetMap","source_detail":"osm way 10369379","source_tile":"175/404"},"geometry":{"type":"LineString","coordinates":[[-118.32925,35.38913],[-118.32917,35.38893],[-118.32928,35.38869],[-118.32942,35.38864],[-118.32985,35.3885],[-118.32992,35.38855],[-118.32989,35.38862],[-118.3298,35.38864],[-118.3298,35.38867],[-118.33006,35.38868],[-118.33027,35.38862],[-118.33044,35.38851],[-118.33083,35.38849],[-118.33108,35.38843],[-118.33123,35.38843],[-118.33157,35.38858],[-118.3317,35.38871],[-118.33176,35.38895],[-118.33178,35.38909],[-118.33213,35.38969],[-118.33238,35.38992],[-118.33251,35.39017],[-118.33287,35.39062],[-118.33289,35.39073],[-118.33279,35.39097],[-118.33278,35.39123],[-118.33302,35.39166]]}},{"type":"Feature","properties":{"name":"(unnamed public road)","road_class":"track","surface":"unpaved","source":"OpenStreetMap","source_detail":"osm way 10370883","source_tile":"175/404"},"geometry":{"type":"LineString","coordinates":[[-118.21116,35.37928],[-118.21182,35.37924],[-118.21221,35.37929],[-118.21243,35.37935],[-118.21265,35.37945],[-118.21349,35.3798],[-118.21394,35.37995],[-118.2144,35.3801],[-118.21478,35.38024],[-118.21531,35.38042],[-118.21681,35.38096],[-118.21686,35.38098],[-118.21714,35.38111]]}},{"type":"Feature","properties":{"name":"SC124","road_class":"track","source":"OpenStreetMap","source_detail":"osm way 10371579","source_tile":"176/404","surface_inferred":true},"geometry":{"type":"LineString","coordinates":[[-118.11083,35.39541],[-118.11083,35.39558],[-118.11085,35.3957],[-118.11089,35.39581],[-118.11097,35.39596],[-118.1111,35.39616],[-118.11123,35.39632],[-118.11132,35.39646],[-118.11145,35.3966],[-118.11156,35.39677],[-118.11193,35.3972],[-118.1122,35.39749],[-118.1124,35.39767],[-118.11246,35.39773],[-118.11254,35.39778],[-118.11269,35.39781],[-118.11276,35.39785],[-118.11285,35.39794],[-118.11288,35.39801],[-118.11282,35.39893],[-118.11274,35.39934],[-118.1127,35.39965],[-118.11271,35.39976],[-118.11273,35.39991],[-118.11277,35.40005],[-118.11285,35.40022],[-118.11309,35.40055],[-118.11324,35.40074],[-118.11331,35.40081],[-118.11335,35.40092],[-118.11336,35.40103],[-118.11331,35.40141],[-118.11327,35.40153],[-118.11313,35.40179],[-118.1131,35.4019],[-118.11309,35.40206],[-118.11311,35.40215],[-118.11314,35.40221],[-118.11317,35.40233],[-118.11337,35.40276],[-118.1135,35.40292],[-118.11383,35.40325],[-118.11399,35.40339],[-118.11433,35.40366],[-118.11457,35.40392],[-118.11465,35.40398],[-118.11476,35.40403],[-118.11486,35.40405],[-118.11507,35.40404],[-118.11514,35.40406],[-118.11521,35.40409],[-118.11544,35.40425],[-118.1155,35.40432],[-118.11552,35.4044],[-118.11552,35.40453],[-118.11559,35.40474],[-118.11591,35.40549],[-118.11602,35.40565],[-118.11611,35.40574],[-118.11623,35.40581],[-118.11627,35.40582],[-118.1164,35.40589],[-118.11658,35.40604],[-118.11669,35.40613],[-118.11679,35.40618],[-118.11691,35.40622],[-118.11733,35.40644],[-118.11754,35.40649],[-118.11765,35.40655],[-118.11772,35.40659],[-118.11803,35.40677],[-118.11813,35.40681],[-118.1185,35.4069],[-118.11859,35.40695],[-118.11866,35.40702],[-118.11871,35.40711],[-118.11878,35.40719],[-118.1189,35.40728],[-118.11917,35.40742],[-118.11929,35.4075],[-118.11966,35.40785],[-118.11971,35.40792],[-118.11974,35.408],[-118.11974,35.40805],[-118.11975,35.40852],[-118.11977,35.40862],[-118.11975,35.40872],[-118.11969,35.40881],[-118.11971,35.40903],[-118.1197,35.40914],[-118.11961,35.40953],[-118.11962,35.40964],[-118.11966,35.40974],[-118.11974,35.40982],[-118.1203,35.41019],[-118.1204,35.41024],[-118.12077,35.4104],[-118.12086,35.41045],[-118.12094,35.41052],[-118.12103,35.41058],[-118.12117,35.41069],[-118.12128,35.41074],[-118.12144,35.41078],[-118.12156,35.41081],[-118.12169,35.41087],[-118.12181,35.41097],[-118.12189,35.41105],[-118.12216,35.41129],[-118.12225,35.41142],[-118.12237,35.41151],[-118.12249,35.4116],[-118.12257,35.41169],[-118.1227,35.41195],[-118.12274,35.41205],[-118.12274,35.41221],[-118.1228,35.41277],[-118.12282,35.41286],[-118.12287,35.41297],[-118.12294,35.41308],[-118.12308,35.41325],[-118.12314,35.41337],[-118.12317,35.41349],[-118.12318,35.41368],[-118.12325,35.41381],[-118.12332,35.4139],[-118.12333,35.41397],[-118.12333,35.414],[-118.12335,35.41423],[-118.12339,35.41431],[-118.12342,35.41452],[-118.12344,35.41458],[-118.1234,35.41517],[-118.12345,35.41558],[-118.12359,35.41603],[-118.12378,35.41636],[-118.12384,35.41653],[-118.12386,35.41663],[-118.12386,35.4168],[-118.12384,35.41692],[-118.12385,35.41699],[-118.12389,35.41705],[-118.12395,35.4171],[-118.12417,35.41723],[-118.12424,35.41731],[-118.12506,35.41794],[-118.12518,35.41801],[-118.12527,35.4181],[-118.12537,35.41817],[-118.1254,35.41819],[-118.12569,35.41833],[-118.12585,35.41842],[-118.12613,35.41853],[-118.12621,35.41858],[-118.1265,35.41878],[-118.12674,35.41902],[-118.1269,35.41913],[-118.12695,35.41919],[-118.12698,35.41926],[-118.12699,35.41944],[-118.12703,35.41952],[-118.12722,35.41987],[-118.12746,35.42028],[-118.12755,35.42048],[-118.12768,35.42066],[-118.12778,35.42078],[-118.12792,35.42089],[-118.12823,35.42098],[-118.12859,35.42112],[-118.12869,35.42119],[-118.12879,35.42129],[-118.12886,35.42147],[-118.12891,35.42156],[-118.12896,35.42163],[-118.12927,35.42187],[-118.12936,35.42193],[-118.12952,35.42203],[-118.12987,35.42217],[-118.13014,35.42225],[-118.13055,35.4224],[-118.13063,35.42245],[-118.13071,35.42247],[-118.1308,35.42253],[-118.13093,35.42268],[-118.13115,35.42296],[-118.13122,35.42307],[-118.13131,35.42316],[-118.13171,35.42349],[-118.13176,35.42356],[-118.13183,35.42372],[-118.13187,35.42379],[-118.13198,35.42392],[-118.13206,35.424],[-118.13226,35.42417],[-118.13237,35.42423],[-118.1324,35.4243],[-118.1324,35.42435],[-118.13234,35.42441],[-118.13233,35.4245],[-118.13232,35.42469],[-118.13227,35.42476],[-118.13221,35.42495],[-118.13218,35.42518],[-118.13219,35.42548],[-118.13227,35.42563],[-118.13227,35.42568],[-118.13237,35.42592],[-118.1324,35.42616],[-118.13251,35.42649],[-118.13253,35.42681],[-118.13255,35.42692],[-118.13255,35.42707],[-118.13259,35.42735],[-118.13259,35.4275],[-118.13261,35.42767],[-118.13268,35.42784],[-118.13281,35.42803],[-118.13289,35.42811],[-118.13301,35.42818],[-118.13308,35.42821],[-118.13324,35.42829],[-118.13345,35.42846],[-118.13362,35.42862],[-118.13373,35.42876],[-118.13376,35.42884],[-118.13382,35.4289],[-118.13395,35.429],[-118.13418,35.42913],[-118.13434,35.4292],[-118.13456,35.42926],[-118.13487,35.42941],[-118.13498,35.42943],[-118.13554,35.42942],[-118.13576,35.42943],[-118.1359,35.42946],[-118.13602,35.4295],[-118.13616,35.42958],[-118.13624,35.42969],[-118.13644,35.42989],[-118.1367,35.43021],[-118.13683,35.43039],[-118.13689,35.43044],[-118.13692,35.43046],[-118.13697,35.43047],[-118.13712,35.43048],[-118.13733,35.43059],[-118.13742,35.43066],[-118.13784,35.431],[-118.13805,35.4312],[-118.13817,35.43141],[-118.13828,35.43158],[-118.13856,35.43193],[-118.13872,35.43219],[-118.13883,35.43238],[-118.13891,35.43248],[-118.13906,35.43261],[-118.13908,35.43264],[-118.13908,35.43273],[-118.13904,35.43306],[-118.13904,35.43351],[-118.13902,35.43369],[-118.13903,35.43374],[-118.13905,35.4338],[-118.13922,35.43404],[-118.13929,35.43417],[-118.13944,35.43433],[-118.13962,35.43449],[-118.13966,35.43455],[-118.13975,35.43483],[-118.13976,35.43507],[-118.13985,35.43534],[-118.1399,35.43544],[-118.13999,35.43552],[-118.14011,35.43562],[-118.14045,35.43582],[-118.1405,35.43587],[-118.14059,35.43588],[-118.14079,35.43595],[-118.14099,35.43599],[-118.14115,35.436],[-118.14131,35.436],[-118.14141,35.43601],[-118.14153,35.43607],[-118.14157,35.43612],[-118.14159,35.43621],[-118.14163,35.43627],[-118.14173,35.43636],[-118.14184,35.43644],[-118.14197,35.43657],[-118.14205,35.43667],[-118.1422,35.43677],[-118.1424,35.43688],[-118.14251,35.43696],[-118.14256,35.43701],[-118.14262,35.43711],[-118.14266,35.43719],[-118.14277,35.4373],[-118.14306,35.43751],[-118.14317,35.43755],[-118.14365,35.43772],[-118.14377,35.43778],[-118.14382,35.43784],[-118.14387,35.43788],[-118.14396,35.43791],[-118.14416,35.43796],[-118.14433,35.43803],[-118.14459,35.4383],[-118.14468,35.43836],[-118.14477,35.4384],[-118.14497,35.43847],[-118.14506,35.43853],[-118.14512,35.43858],[-118.14523,35.43871],[-118.14534,35.4389],[-118.1455,35.43933],[-118.14561,35.43962],[-118.14569,35.43977],[-118.14574,35.43984],[-118.14589,35.44002],[-118.14598,35.44009],[-118.14619,35.4402],[-118.14645,35.44031],[-118.14658,35.44039],[-118.14669,35.44049],[-118.14673,35.44058],[-118.14673,35.44065],[-118.14671,35.4408],[-118.14664,35.44096],[-118.14657,35.44106],[-118.14643,35.4412],[-118.14626,35.44136],[-118.14623,35.44141],[-118.14607,35.44174],[-118.14603,35.44188],[-118.14603,35.44201],[-118.14606,35.44212],[-118.14614,35.44232],[-118.14642,35.44289],[-118.14641,35.44295],[-118.14639,35.44299],[-118.14633,35.44301],[-118.14624,35.443],[-118.14617,35.44298],[-118.14592,35.44286],[-118.14571,35.44277],[-118.14527,35.44254],[-118.14517,35.44248],[-118.14509,35.44241],[-118.14501,35.44233],[-118.14495,35.44224],[-118.14481,35.442],[-118.14476,35.44196],[-118.14469,35.44195],[-118.14463,35.44196],[-118.14457,35.44201],[-118.14454,35.44212],[-118.14438,35.44282],[-118.14423,35.44365],[-118.14419,35.44396],[-118.1441,35.44443],[-118.14406,35.44472],[-118.144,35.44485],[-118.14391,35.44497],[-118.14371,35.44519],[-118.14359,35.44534],[-118.14352,35.44544],[-118.14346,35.44557],[-118.14343,35.44568],[-118.14335,35.44586],[-118.14304,35.44646],[-118.14296,35.44666],[-118.14294,35.44675],[-118.1429,35.44682],[-118.14263,35.44698],[-118.14255,35.44701],[-118.14246,35.44701],[-118.14225,35.44698],[-118.14217,35.447],[-118.14213,35.44701],[-118.14197,35.44715],[-118.14157,35.44745],[-118.14146,35.44755],[-118.14094,35.44809],[-118.14069,35.44829],[-118.14055,35.44837],[-118.14041,35.44842],[-118.14029,35.44844],[-118.14007,35.44844],[-118.13965,35.44848],[-118.13953,35.44849],[-118.13931,35.44854],[-118.13895,35.44866],[-118.13885,35.44871],[-118.13875,35.44875],[-118.13869,35.44879],[-118.13862,35.44887],[-118.13854,35.44893],[-118.13841,35.44899],[-118.13821,35.44914],[-118.1381,35.44924],[-118.13793,35.44932],[-118.13776,35.4494],[-118.1375,35.44946],[-118.13722,35.44957],[-118.13708,35.44965],[-118.137,35.44972],[-118.13691,35.4498],[-118.1368,35.44987],[-118.1367,35.44991],[-118.13656,35.44993],[-118.13625,35.44994],[-118.13616,35.44996],[-118.13611,35.45],[-118.1359,35.45019],[-118.13577,35.45028],[-118.13557,35.45038],[-118.13534,35.45044],[-118.13508,35.45049],[-118.13481,35.45057],[-118.13457,35.45065],[-118.13444,35.45069],[-118.13431,35.45075],[-118.13416,35.45083],[-118.1338,35.45101],[-118.13362,35.45108],[-118.13346,35.45116],[-118.1329,35.45152],[-118.1328,35.4516],[-118.13268,35.45172],[-118.13255,35.45186],[-118.13241,35.452],[-118.13226,35.45213],[-118.13176,35.45245],[-118.1317,35.45249],[-118.13158,35.45262],[-118.13148,35.45269],[-118.13111,35.45285],[-118.13062,35.453],[-118.13048,35.45303],[-118.1304,35.45302],[-118.13019,35.45307],[-118.12993,35.45312],[-118.12979,35.45316],[-118.12967,35.45321],[-118.12924,35.45348],[-118.12914,35.45355],[-118.12907,35.4536],[-118.129,35.45363],[-118.12879,35.45366],[-118.12855,35.45374],[-118.12835,35.4538],[-118.12802,35.45385],[-118.12784,35.45386],[-118.12772,35.45385],[-118.12746,35.45383],[-118.12737,35.45385],[-118.12731,35.45388],[-118.1272,35.45395],[-118.12707,35.45399],[-118.12645,35.45411],[-118.12623,35.45414],[-118.12491,35.45421],[-118.12439,35.45425],[-118.12372,35.45432],[-118.12318,35.45436],[-118.12215,35.45448],[-118.12189,35.45454],[-118.12172,35.4546],[-118.12145,35.45472],[-118.1212,35.45486],[-118.12102,35.45494],[-118.12091,35.45497],[-118.12078,35.455],[-118.12043,35.45502],[-118.12028,35.45502],[-118.11983,35.45506],[-118.11929,35.45508],[-118.11872,35.45509],[-118.11861,35.45509],[-118.11849,35.45507],[-118.11828,35.45501],[-118.11795,35.45488],[-118.11783,35.45486],[-118.11778,35.45489],[-118.11775,35.45493],[-118.11775,35.45498],[-118.11786,35.45513],[-118.11789,35.45521],[-118.11798,35.45557],[-118.11806,35.45572],[-118.11817,35.45585],[-118.11846,35.45607],[-118.1185,35.45615],[-118.1185,35.45623],[-118.11847,35.45629],[-118.1184,35.45637],[-118.11825,35.45649],[-118.11795,35.45685],[-118.11788,35.45691],[-118.11781,35.45696],[-118.11774,35.45698],[-118.11762,35.457]]}},{"type":"Feature","properties":{"name":"(unnamed public road)","road_class":"track","surface":"dirt","tracktype":"grade3","source":"OpenStreetMap","source_detail":"osm way 10374078","source_tile":"175/404"},"geometry":{"type":"LineString","coordinates":[[-118.35506,35.34759],[-118.35479,35.34785],[-118.35473,35.34793],[-118.35465,35.34811],[-118.35446,35.34857],[-118.35431,35.34874],[-118.35423,35.34889],[-118.35419,35.34908],[-118.35408,35.3492],[-118.35401,35.3494],[-118.35372,35.34966],[-118.35344,35.34968],[-118.35315,35.34967],[-118.35288,35.34972],[-118.35254,35.34983],[-118.35241,35.34999],[-118.35225,35.35002],[-118.35206,35.34994],[-118.3519,35.34978],[-118.35135,35.3496],[-118.35119,35.34953],[-118.35094,35.3495],[-118.35079,35.34955],[-118.35064,35.34967],[-118.3505,35.34968],[-118.35046,35.34958],[-118.35038,35.34952],[-118.35022,35.34952],[-118.3501,35.3496],[-118.35003,35.34971],[-118.35005,35.34979],[-118.35017,35.34991],[-118.35016,35.34999],[-118.35007,35.35008],[-118.34991,35.35016],[-118.34979,35.35025],[-118.34972,35.35037],[-118.34957,35.35083],[-118.34952,35.35094],[-118.3493,35.35114],[-118.34918,35.35135],[-118.3491,35.35165],[-118.34888,35.35204],[-118.34872,35.3524],[-118.34839,35.35276],[-118.34823,35.35282],[-118.34806,35.3529],[-118.34791,35.35309],[-118.34776,35.35315],[-118.34741,35.3531],[-118.34729,35.35301],[-118.34708,35.35282],[-118.34697,35.35279],[-118.34683,35.3528],[-118.34673,35.35286],[-118.3467,35.35299],[-118.34668,35.35324],[-118.34661,35.35352],[-118.34655,35.35373],[-118.34651,35.3538],[-118.34639,35.35387],[-118.34626,35.35389],[-118.34607,35.35392],[-118.34587,35.354],[-118.34573,35.35402],[-118.34556,35.35401],[-118.3454,35.35397],[-118.34517,35.35399],[-118.34494,35.35403],[-118.34472,35.35406],[-118.34418,35.35407],[-118.34404,35.35408],[-118.34395,35.35411],[-118.34385,35.35424],[-118.34372,35.35434],[-118.34352,35.35442],[-118.34333,35.3545],[-118.34293,35.35467],[-118.34275,35.35475],[-118.34221,35.35485],[-118.34195,35.35486],[-118.34189,35.3549],[-118.34187,35.35501],[-118.34187,35.35529],[-118.34176,35.3557],[-118.34169,35.3558],[-118.34145,35.356],[-118.3414,35.35611],[-118.3413,35.35616],[-118.34114,35.35618],[-118.34102,35.35623],[-118.3407,35.35651],[-118.34063,35.35665],[-118.34049,35.35676],[-118.34026,35.35686],[-118.34004,35.35699],[-118.33991,35.35702],[-118.33983,35.35702],[-118.33964,35.35694],[-118.3394,35.35687],[-118.33925,35.35675],[-118.33862,35.3565],[-118.33829,35.35645],[-118.33808,35.35642],[-118.33775,35.35631],[-118.3376,35.35631],[-118.33746,35.35636],[-118.33718,35.35653],[-118.33697,35.35677],[-118.33664,35.35724],[-118.33628,35.35735],[-118.33613,35.35733],[-118.33599,35.35717]]}},{"type":"Feature","properties":{"name":"(unnamed public road)","road_class":"track","source":"OpenStreetMap","source_detail":"osm way 10374130","source_tile":"175/404","surface_inferred":true},"geometry":{"type":"LineString","coordinates":[[-118.22202,35.34301],[-118.22207,35.34279],[-118.22219,35.34248],[-118.22245,35.34191],[-118.22255,35.34175],[-118.22266,35.34161],[-118.22293,35.34123],[-118.22294,35.34121],[-118.22301,35.3411],[-118.22306,35.34095],[-118.22314,35.34058],[-118.22315,35.34044],[-118.22315,35.34011],[-118.22318,35.33992],[-118.22322,35.33984],[-118.22332,35.33978],[-118.22344,35.33974],[-118.22358,35.33972],[-118.2239,35.3396],[-118.22415,35.33947],[-118.22437,35.3394],[-118.22461,35.33934],[-118.22492,35.33933],[-118.22578,35.33946],[-118.22608,35.33949],[-118.22634,35.33954],[-118.22662,35.33961],[-118.22696,35.33974],[-118.22734,35.33991],[-118.22774,35.34015],[-118.22846,35.34051],[-118.22872,35.34066],[-118.22902,35.3408],[-118.22922,35.34088],[-118.22936,35.3409],[-118.22974,35.3409],[-118.23013,35.34089],[-118.23056,35.34093],[-118.23071,35.34093],[-118.23091,35.34091],[-118.23106,35.34088],[-118.23139,35.34076],[-118.23188,35.34069],[-118.23224,35.34061],[-118.23242,35.34056],[-118.2326,35.34054],[-118.23278,35.34054],[-118.23396,35.3409],[-118.23435,35.34097],[-118.23453,35.34099],[-118.23511,35.34099],[-118.23565,35.34099],[-118.23597,35.34106],[-118.23617,35.3411],[-118.23635,35.34112],[-118.23683,35.3411],[-118.23741,35.34102],[-118.23763,35.34099],[-118.23776,35.34098],[-118.23801,35.34099],[-118.23818,35.34097],[-118.23826,35.34094],[-118.23851,35.34091],[-118.2386,35.34091],[-118.23882,35.34093],[-118.23902,35.34096],[-118.23927,35.34098],[-118.23959,35.34096],[-118.23975,35.34093],[-118.24027,35.34078],[-118.24104,35.34058],[-118.24124,35.34055],[-118.24135,35.34055],[-118.24174,35.3406],[-118.24187,35.34059],[-118.24205,35.34056],[-118.24213,35.34057],[-118.2422,35.34059],[-118.24236,35.3406],[-118.24255,35.3406],[-118.24268,35.3406],[-118.243,35.34062],[-118.24311,35.34061],[-118.24329,35.34059],[-118.2434,35.34059],[-118.24365,35.34063],[-118.24379,35.34063],[-118.24389,35.34062],[-118.24446,35.34047],[-118.24456,35.34046],[-118.24467,35.34047],[-118.24476,35.34051],[-118.24486,35.34057],[-118.24502,35.34062],[-118.24512,35.34063],[-118.24526,35.34063],[-118.24537,35.34061],[-118.24542,35.34059],[-118.24568,35.34042],[-118.24577,35.34041],[-118.24598,35.34043],[-118.24605,35.34043],[-118.2461,35.34043],[-118.24624,35.34039],[-118.24645,35.34034],[-118.24671,35.34029],[-118.24687,35.34028],[-118.24703,35.34027],[-118.24731,35.34028],[-118.24743,35.34029],[-118.24769,35.34035],[-118.24789,35.34038],[-118.2481,35.34045],[-118.24818,35.34048],[-118.24828,35.34054],[-118.24833,35.34062],[-118.24846,35.34085],[-118.24862,35.34108],[-118.24892,35.34144],[-118.24905,35.34155],[-118.2497,35.34196],[-118.24998,35.34209],[-118.25034,35.3422],[-118.25057,35.34226],[-118.25139,35.34242],[-118.25156,35.34245],[-118.2521,35.34249],[-118.2522,35.34249],[-118.25232,35.34246],[-118.2524,35.34245],[-118.25252,35.34247],[-118.25262,35.3425],[-118.25276,35.34258],[-118.25286,35.34261],[-118.25307,35.34265],[-118.25343,35.34266],[-118.25351,35.34268],[-118.25361,35.34275],[-118.25369,35.34282],[-118.25386,35.34298],[-118.25403,35.34318],[-118.25408,35.34322],[-118.25417,35.34327],[-118.25447,35.34338],[-118.25464,35.34342],[-118.25485,35.34344]]}},{"type":"Feature","properties":{"name":"Thomas Richard Road","road_class":"track","surface":"dirt","tracktype":"grade3","source":"OpenStreetMap","source_detail":"osm way 10374696","source_tile":"175/404"},"geometry":{"type":"LineString","coordinates":[[-118.35506,35.34759],[-118.35486,35.34763],[-118.35474,35.34762],[-118.35458,35.34757],[-118.35439,35.34751],[-118.35422,35.34749],[-118.35407,35.34749],[-118.35379,35.34754],[-118.35337,35.34755],[-118.35297,35.34759],[-118.35274,35.34765],[-118.35261,35.34765],[-118.35251,35.34764],[-118.35242,35.34761],[-118.35235,35.34756],[-118.35222,35.3475],[-118.35212,35.34745],[-118.35195,35.34743],[-118.35183,35.34745],[-118.35165,35.34749],[-118.35149,35.34752],[-118.35139,35.34756],[-118.35126,35.34767],[-118.35116,35.34771],[-118.35106,35.34772],[-118.35091,35.3477],[-118.35078,35.34766],[-118.35072,35.34761],[-118.3507,35.34757],[-118.35071,35.34751],[-118.35074,35.34747],[-118.35086,35.34736],[-118.35094,35.34726],[-118.35099,35.34713],[-118.35099,35.34705],[-118.35093,35.34675],[-118.35093,35.34665],[-118.35098,35.34656],[-118.35109,35.3464],[-118.35113,35.34629],[-118.35114,35.34617],[-118.3511,35.34597],[-118.35099,35.34569],[-118.35093,35.34561],[-118.35075,35.3455],[-118.35061,35.34543],[-118.35046,35.34537],[-118.35032,35.34535],[-118.35004,35.34534],[-118.34989,35.3453],[-118.34899,35.34491],[-118.34877,35.34483],[-118.34837,35.34472],[-118.34815,35.34462],[-118.34776,35.34436],[-118.34734,35.3441],[-118.34703,35.34394],[-118.34679,35.34384],[-118.34673,35.34382],[-118.34628,35.34383],[-118.34612,35.34381],[-118.34599,35.34378],[-118.34581,35.34373],[-118.34563,35.34364],[-118.34544,35.34353],[-118.34536,35.34351],[-118.34526,35.34352],[-118.34505,35.34357],[-118.34483,35.34359],[-118.34443,35.3436],[-118.34413,35.34359],[-118.34393,35.34355],[-118.34366,35.34347],[-118.34322,35.34331],[-118.34282,35.34316],[-118.34224,35.34287]]}},{"type":"Feature","properties":{"name":"(unnamed public road)","road_class":"track","surface":"unpaved","source":"OpenStreetMap","source_detail":"osm way 10374859","source_tile":"175/404"},"geometry":{"type":"LineString","coordinates":[[-118.23025,35.38321],[-118.23048,35.38338],[-118.23062,35.38352],[-118.23071,35.3837],[-118.2308,35.38389],[-118.23086,35.38411],[-118.23093,35.38439],[-118.23101,35.38468],[-118.23108,35.38486],[-118.23119,35.38521],[-118.23124,35.38546],[-118.23181,35.38587],[-118.23202,35.38603],[-118.23208,35.38607],[-118.23214,35.38608],[-118.23239,35.38623],[-118.23262,35.38643],[-118.23275,35.38654],[-118.23306,35.38676],[-118.23319,35.38689],[-118.23322,35.38692],[-118.23327,35.38694],[-118.23347,35.38696],[-118.2335,35.38697],[-118.23352,35.38698],[-118.23356,35.38701],[-118.23359,35.38704],[-118.23359,35.38707],[-118.23358,35.3871],[-118.23355,35.38717],[-118.23347,35.38726],[-118.23346,35.38729],[-118.23348,35.38733],[-118.23359,35.38743],[-118.23372,35.3875],[-118.23389,35.38757],[-118.23399,35.38762],[-118.23425,35.3876],[-118.23443,35.3876],[-118.23451,35.38759],[-118.23459,35.38757],[-118.23477,35.3875],[-118.23489,35.38747],[-118.23505,35.38745],[-118.2352,35.38745],[-118.23533,35.38746],[-118.23586,35.38762],[-118.236,35.38768],[-118.2362,35.38782]]}},{"type":"Feature","properties":{"name":"(unnamed public road)","road_class":"track","surface":"dirt","tracktype":"grade3","source":"OpenStreetMap","source_detail":"osm way 10375088","source_tile":"175/404"},"geometry":{"type":"LineString","coordinates":[[-118.37748,35.37861],[-118.37748,35.37909],[-118.37755,35.37938],[-118.37796,35.37976],[-118.37833,35.37983],[-118.3784,35.37992],[-118.3784,35.38001],[-118.37829,35.38013],[-118.37817,35.38021],[-118.37805,35.38023],[-118.37787,35.38019],[-118.37775,35.38017],[-118.37769,35.38021],[-118.37771,35.38025]]}},{"type":"Feature","properties":{"name":"(unnamed public road)","road_class":"track","source":"OpenStreetMap","source_detail":"osm way 10375212","source_tile":"175/404","surface_inferred":true},"geometry":{"type":"LineString","coordinates":[[-118.19699,35.3894],[-118.19705,35.38963],[-118.19709,35.39003],[-118.1971,35.39029],[-118.19712,35.39036],[-118.19716,35.39041],[-118.19724,35.39049],[-118.1973,35.39059],[-118.19736,35.39076],[-118.19737,35.39092],[-118.19746,35.39129],[-118.19749,35.39136],[-118.19751,35.39144],[-118.19748,35.39179],[-118.19752,35.39203],[-118.19753,35.39205],[-118.19761,35.39229],[-118.19763,35.39237],[-118.19762,35.39249],[-118.19759,35.39264],[-118.19758,35.3927],[-118.19758,35.39281],[-118.19761,35.39296],[-118.19771,35.39308],[-118.19774,35.39317],[-118.19776,35.39326],[-118.19776,35.39338],[-118.19777,35.39369],[-118.19777,35.39383],[-118.19778,35.39396],[-118.19781,35.39407],[-118.19781,35.39409],[-118.19785,35.39475],[-118.19792,35.39515],[-118.198,35.39543],[-118.19809,35.39567],[-118.19828,35.39654],[-118.1983,35.3967],[-118.19829,35.39726],[-118.19835,35.3978],[-118.19845,35.39838],[-118.19846,35.39866],[-118.19847,35.3988],[-118.19851,35.39899],[-118.19864,35.39953],[-118.19872,35.3999],[-118.19876,35.40004],[-118.19879,35.40011],[-118.19883,35.40027],[-118.19893,35.4005],[-118.19897,35.40062],[-118.19903,35.40094],[-118.199,35.40156],[-118.19896,35.40195],[-118.19901,35.40257],[-118.19908,35.40291],[-118.19915,35.4031],[-118.19926,35.40358],[-118.19928,35.40386],[-118.19927,35.40413],[-118.19937,35.40444],[-118.19954,35.40486],[-118.19966,35.40503],[-118.19973,35.40514],[-118.19978,35.40527],[-118.19979,35.40539],[-118.19975,35.40567],[-118.19975,35.40612],[-118.19977,35.40637],[-118.19982,35.40659],[-118.19988,35.40704],[-118.19993,35.40721],[-118.20004,35.4075],[-118.20013,35.40801],[-118.20018,35.4083],[-118.20024,35.40852],[-118.20032,35.4087],[-118.20036,35.40886],[-118.20049,35.40973],[-118.20058,35.41015],[-118.20067,35.41088],[-118.20074,35.4112],[-118.20082,35.41144],[-118.20088,35.41166],[-118.20096,35.41206],[-118.201,35.41269],[-118.20103,35.41287],[-118.2011,35.41362],[-118.20115,35.414],[-118.20118,35.41443],[-118.20117,35.4147],[-118.20126,35.41541],[-118.20124,35.41566],[-118.20128,35.41607],[-118.20131,35.41622],[-118.20136,35.41661],[-118.20137,35.41667],[-118.20136,35.41686],[-118.20139,35.41707],[-118.20145,35.4173],[-118.20151,35.41761],[-118.20153,35.41784],[-118.20158,35.41804],[-118.20161,35.41807],[-118.2016,35.41811],[-118.20162,35.41825],[-118.20162,35.41861],[-118.20161,35.41875],[-118.20163,35.41897],[-118.20168,35.41913],[-118.20169,35.41928],[-118.20172,35.41944],[-118.20174,35.41987],[-118.20176,35.41999],[-118.20177,35.42015],[-118.20179,35.42029],[-118.20178,35.42091],[-118.20177,35.42111],[-118.2018,35.42124],[-118.20188,35.42148],[-118.20191,35.42158],[-118.20211,35.42203],[-118.20215,35.42222],[-118.20218,35.42242],[-118.20216,35.42266],[-118.20217,35.42276],[-118.20222,35.42288],[-118.2023,35.42299],[-118.20238,35.42313],[-118.20249,35.42388],[-118.20249,35.42404],[-118.20247,35.42425],[-118.20252,35.4244],[-118.20256,35.42449],[-118.2026,35.42464],[-118.2026,35.4248],[-118.20259,35.42496],[-118.2026,35.42516],[-118.20262,35.42534],[-118.20266,35.42548],[-118.20267,35.4256],[-118.20265,35.42577],[-118.20266,35.42592],[-118.20271,35.42607],[-118.20283,35.42626],[-118.20295,35.42647],[-118.20297,35.42654],[-118.20302,35.42667],[-118.20308,35.42681],[-118.20313,35.42703],[-118.20324,35.42737],[-118.20329,35.42765],[-118.20335,35.42783],[-118.20341,35.42833],[-118.20341,35.42851],[-118.20344,35.42863],[-118.20353,35.42886],[-118.20357,35.42909],[-118.20369,35.42951],[-118.20373,35.42957],[-118.20382,35.42968],[-118.20392,35.42982],[-118.20398,35.42988],[-118.2043,35.42997],[-118.20437,35.43001],[-118.20455,35.4303],[-118.20472,35.43072],[-118.20482,35.43102],[-118.20485,35.43117],[-118.20489,35.43127],[-118.20495,35.43151],[-118.205,35.43191],[-118.20501,35.43207],[-118.205,35.43218],[-118.20497,35.43231],[-118.20489,35.43255],[-118.20482,35.43271],[-118.2048,35.43297],[-118.20486,35.43318],[-118.20492,35.43345],[-118.20496,35.43383],[-118.20496,35.43401],[-118.20511,35.43485],[-118.20509,35.43504],[-118.20512,35.43519],[-118.20509,35.4354],[-118.20511,35.43561],[-118.20518,35.43606],[-118.20517,35.43624],[-118.20519,35.43642],[-118.20522,35.43658],[-118.20522,35.43682],[-118.20527,35.43706],[-118.20532,35.43723],[-118.20539,35.43752],[-118.20548,35.43774],[-118.20568,35.43797],[-118.20579,35.43811],[-118.20583,35.43827],[-118.20584,35.43838],[-118.20595,35.43882],[-118.20606,35.43912],[-118.20612,35.43927],[-118.20622,35.43944],[-118.20641,35.43973],[-118.20647,35.43985],[-118.20653,35.43989],[-118.20661,35.4399],[-118.20672,35.43988],[-118.2069,35.43982],[-118.20713,35.43967],[-118.20728,35.4396],[-118.20741,35.43951],[-118.20756,35.43943],[-118.20786,35.43924],[-118.20809,35.43908],[-118.20819,35.43906],[-118.20826,35.43906],[-118.2083,35.43907],[-118.20874,35.43924],[-118.20888,35.43926],[-118.20898,35.43927],[-118.20907,35.43929],[-118.20919,35.43935],[-118.20945,35.43957],[-118.20959,35.43967],[-118.20987,35.43994],[-118.20999,35.44008],[-118.21006,35.44019],[-118.2101,35.4403],[-118.21017,35.44039],[-118.21031,35.44053],[-118.21038,35.44061],[-118.2104,35.44098],[-118.21038,35.44111],[-118.21041,35.44132],[-118.21041,35.44144],[-118.21039,35.44182],[-118.21041,35.44195],[-118.21046,35.44208],[-118.2107,35.4424],[-118.21088,35.44257],[-118.21104,35.44279],[-118.21116,35.4429]]}},{"type":"Feature","properties":{"name":"SC124","road_class":"track","source":"OpenStreetMap","source_detail":"osm way 10375587","source_tile":"175/404","surface_inferred":true},"geometry":{"type":"LineString","coordinates":[[-118.14643,35.4412],[-118.1467,35.44119],[-118.14676,35.4412],[-118.14688,35.44125],[-118.14695,35.44133],[-118.14699,35.4414],[-118.14724,35.44193],[-118.14726,35.44201],[-118.14729,35.44208],[-118.14738,35.44219],[-118.14746,35.44224],[-118.14751,35.44228],[-118.14761,35.44232],[-118.14768,35.44235],[-118.148,35.44241],[-118.14817,35.44243],[-118.1487,35.44241],[-118.14891,35.44238],[-118.1492,35.44233],[-118.1493,35.44233],[-118.14938,35.44235],[-118.14946,35.44239],[-118.14991,35.44253],[-118.15006,35.44259],[-118.15022,35.44267],[-118.1503,35.44275],[-118.15045,35.44294],[-118.15052,35.44298],[-118.1506,35.443],[-118.1507,35.44299],[-118.15083,35.44296],[-118.15114,35.44284],[-118.15125,35.44282],[-118.15164,35.4428],[-118.15179,35.44278],[-118.1519,35.44276],[-118.15219,35.44272],[-118.15232,35.44272],[-118.15254,35.44273],[-118.15266,35.44272],[-118.15272,35.44271],[-118.15296,35.44259],[-118.15326,35.44236],[-118.1533,35.44232],[-118.1534,35.44218],[-118.15343,35.44211],[-118.15348,35.44185],[-118.15352,35.44174],[-118.15354,35.4417],[-118.15363,35.44164],[-118.15373,35.44161],[-118.15405,35.44162],[-118.15415,35.44166],[-118.15423,35.4417],[-118.15443,35.44188],[-118.15456,35.44196],[-118.15495,35.44208],[-118.15508,35.44212],[-118.15533,35.44224],[-118.15543,35.44231],[-118.15581,35.44263],[-118.15601,35.44283],[-118.15618,35.44305],[-118.15624,35.44317],[-118.15634,35.44336],[-118.15637,35.44347],[-118.15641,35.44369],[-118.15642,35.44393],[-118.1565,35.44415],[-118.15662,35.44439],[-118.15668,35.44448],[-118.15672,35.44458],[-118.15672,35.44476],[-118.15672,35.44491],[-118.15673,35.44495],[-118.15677,35.44501],[-118.15683,35.44505],[-118.15697,35.44509],[-118.15703,35.44514],[-118.15707,35.44519],[-118.15711,35.44533],[-118.15716,35.4454],[-118.15721,35.44544],[-118.15736,35.44548],[-118.15755,35.44552],[-118.15775,35.44561],[-118.158,35.44576],[-118.15808,35.44582],[-118.15815,35.4459],[-118.15821,35.44598],[-118.15828,35.44603],[-118.1584,35.44606],[-118.15849,35.44607],[-118.15862,35.44604],[-118.15885,35.44603],[-118.15903,35.44605],[-118.15912,35.44607],[-118.15946,35.44617],[-118.15957,35.44622],[-118.15965,35.44631],[-118.15976,35.44647],[-118.15982,35.44662],[-118.15984,35.44668],[-118.15983,35.44694],[-118.15981,35.44706],[-118.15984,35.44727],[-118.15987,35.44737],[-118.15995,35.44749],[-118.16002,35.44756],[-118.16013,35.44764],[-118.16026,35.44771],[-118.16058,35.44798],[-118.16067,35.44806],[-118.16074,35.44818],[-118.16078,35.44832],[-118.16083,35.44839],[-118.1609,35.44846],[-118.16108,35.44861],[-118.16114,35.44866],[-118.16128,35.44876]]}},{"type":"Feature","properties":{"name":"(unnamed public road)","road_class":"track","surface":"dirt","tracktype":"grade3","source":"OpenStreetMap","source_detail":"osm way 10375997","source_tile":"175/404"},"geometry":{"type":"LineString","coordinates":[[-118.27987,35.42687],[-118.27998,35.42691],[-118.28024,35.42696],[-118.2804,35.42703],[-118.28077,35.42706],[-118.28097,35.42698],[-118.2811,35.42697],[-118.28123,35.4271],[-118.28136,35.42717],[-118.28153,35.42718],[-118.2818,35.42711],[-118.28217,35.42704],[-118.28247,35.42684],[-118.28259,35.42685],[-118.28284,35.42685],[-118.28296,35.42696],[-118.28328,35.42712],[-118.28347,35.42713],[-118.28355,35.42715],[-118.28356,35.42725],[-118.28362,35.42734],[-118.28379,35.4275],[-118.28411,35.42767],[-118.28417,35.42792],[-118.28416,35.428],[-118.2841,35.42811],[-118.2841,35.4282],[-118.28414,35.42834],[-118.28415,35.42842],[-118.2841,35.42848],[-118.284,35.42855],[-118.28381,35.42866],[-118.28367,35.42876],[-118.28356,35.42884],[-118.28349,35.42892],[-118.2834,35.42907],[-118.28325,35.42924],[-118.28311,35.42933],[-118.28297,35.42932],[-118.28282,35.42932],[-118.28261,35.42934],[-118.28245,35.42935],[-118.28235,35.42939],[-118.28228,35.42942],[-118.28226,35.42946],[-118.28224,35.42949],[-118.28223,35.42953],[-118.28226,35.42959],[-118.28235,35.42965],[-118.28257,35.42969],[-118.28272,35.42973],[-118.28283,35.42981],[-118.28286,35.4299],[-118.28288,35.42999],[-118.2829,35.4301],[-118.28297,35.43021],[-118.28309,35.43036],[-118.28326,35.43045],[-118.2834,35.43054],[-118.28355,35.43065],[-118.28368,35.43071],[-118.28376,35.43075],[-118.28395,35.43078],[-118.28427,35.43082],[-118.28439,35.43086],[-118.28448,35.4309],[-118.2846,35.43098],[-118.28479,35.43111],[-118.28476,35.43123],[-118.2848,35.43134],[-118.28484,35.43153],[-118.28486,35.43171],[-118.28488,35.43177],[-118.28499,35.43197],[-118.2851,35.43221],[-118.28516,35.43229],[-118.28522,35.43234],[-118.28527,35.43237],[-118.2854,35.43242],[-118.28543,35.43244],[-118.28545,35.43247],[-118.28545,35.4325],[-118.28544,35.43253],[-118.28533,35.43263],[-118.2853,35.43271],[-118.28532,35.43286],[-118.28534,35.43294],[-118.28543,35.43317],[-118.28546,35.43327],[-118.28561,35.43364],[-118.2857,35.4338],[-118.28583,35.43395],[-118.28626,35.43444],[-118.28642,35.43454],[-118.28656,35.43464],[-118.28665,35.4347],[-118.28678,35.43474],[-118.28705,35.43479],[-118.28745,35.43474],[-118.28766,35.43476],[-118.2878,35.43485],[-118.28791,35.43494],[-118.28806,35.43502],[-118.28819,35.43512],[-118.28838,35.43527],[-118.28856,35.43533],[-118.28895,35.43536],[-118.28929,35.43541],[-118.28947,35.43546],[-118.28959,35.43556],[-118.28972,35.43566],[-118.28984,35.43582],[-118.28993,35.43601],[-118.28997,35.43615],[-118.29001,35.43637],[-118.29011,35.43653]]}},{"type":"Feature","properties":{"name":"(unnamed public road)","road_class":"track","surface":"unpaved","source":"OpenStreetMap","source_detail":"osm way 10377932","source_tile":"175/404"},"geometry":{"type":"LineString","coordinates":[[-118.21607,35.39124],[-118.216,35.3912],[-118.21591,35.39112],[-118.21578,35.39107],[-118.21563,35.39104],[-118.21548,35.39104],[-118.21511,35.39108],[-118.21478,35.39121],[-118.21453,35.39125],[-118.21443,35.39126],[-118.21427,35.39125],[-118.21402,35.39123],[-118.21387,35.39125],[-118.21312,35.39138],[-118.21287,35.39146],[-118.21271,35.39149],[-118.21258,35.39152],[-118.21247,35.39157],[-118.21227,35.39169],[-118.21216,35.39173],[-118.21196,35.39181],[-118.21187,35.39183],[-118.21169,35.39185],[-118.21139,35.39183],[-118.21129,35.39181],[-118.21111,35.39181],[-118.21084,35.39185],[-118.21012,35.39188],[-118.20995,35.39191],[-118.20976,35.39194],[-118.20961,35.39196],[-118.20905,35.39199],[-118.20896,35.39198],[-118.20868,35.3919],[-118.2086,35.39189],[-118.20852,35.39189],[-118.20837,35.39193],[-118.20828,35.39195],[-118.20811,35.39193],[-118.20804,35.39191],[-118.20792,35.39183],[-118.20776,35.39182],[-118.2077,35.39183],[-118.20761,35.39183],[-118.20743,35.3918],[-118.20722,35.3918],[-118.20699,35.3918],[-118.2069,35.39182],[-118.20682,35.39187],[-118.20673,35.39191],[-118.20649,35.39198],[-118.20612,35.39211],[-118.20598,35.39211],[-118.20574,35.3921],[-118.20537,35.39207]]}},{"type":"Feature","properties":{"name":"(unnamed public road)","road_class":"track","surface":"dirt","tracktype":"grade3","source":"OpenStreetMap","source_detail":"osm way 10378226","source_tile":"175/404"},"geometry":{"type":"LineString","coordinates":[[-118.30205,35.37646],[-118.30222,35.37649],[-118.30234,35.37652],[-118.30243,35.37655],[-118.30263,35.37666],[-118.30274,35.3767],[-118.30307,35.3768],[-118.3032,35.37685],[-118.30335,35.37694],[-118.30338,35.37698],[-118.30343,35.37705],[-118.30344,35.3771],[-118.30342,35.3772],[-118.30344,35.37726],[-118.30347,35.37729],[-118.30349,35.37729],[-118.30354,35.3773],[-118.30357,35.37729],[-118.30386,35.37711],[-118.30412,35.37694],[-118.30436,35.37677],[-118.3045,35.3768],[-118.3047,35.37688],[-118.30479,35.37687],[-118.30486,35.37678],[-118.30501,35.37665],[-118.30508,35.37651],[-118.30502,35.3764],[-118.30491,35.37638],[-118.30485,35.37636],[-118.30483,35.37632],[-118.30471,35.37616],[-118.30469,35.37599],[-118.3047,35.37578],[-118.30472,35.37565],[-118.3048,35.37554],[-118.30493,35.37547],[-118.30504,35.37545],[-118.30513,35.37548],[-118.30516,35.37554],[-118.30517,35.3756],[-118.30518,35.37576],[-118.3052,35.37588],[-118.30527,35.37607],[-118.30539,35.37615],[-118.30559,35.37623],[-118.30582,35.37632],[-118.306,35.37643],[-118.30604,35.37654],[-118.30604,35.37663],[-118.30585,35.3768],[-118.30588,35.37698],[-118.30612,35.37725],[-118.3063,35.3774],[-118.30651,35.37751],[-118.30652,35.3776],[-118.30643,35.37775],[-118.30665,35.37805],[-118.30672,35.37828],[-118.30662,35.37862],[-118.30658,35.37878],[-118.30669,35.37892],[-118.30689,35.37904],[-118.30714,35.37913],[-118.30737,35.37929],[-118.30749,35.3793],[-118.30772,35.37931],[-118.30789,35.37942],[-118.30798,35.37959],[-118.30798,35.37971],[-118.30786,35.37985],[-118.30771,35.3799],[-118.30763,35.37999],[-118.30774,35.38022],[-118.30795,35.38047],[-118.30804,35.38054],[-118.30796,35.38096],[-118.30824,35.38112]]}},{"type":"Feature","properties":{"name":"(unnamed public road)","road_class":"track","surface":"dirt","tracktype":"grade3","source":"OpenStreetMap","source_detail":"osm way 10378657","source_tile":"175/404"},"geometry":{"type":"LineString","coordinates":[[-118.32804,35.44389],[-118.32806,35.44401],[-118.32809,35.44423],[-118.32837,35.44481],[-118.32846,35.44508],[-118.32848,35.44527],[-118.32849,35.4454],[-118.32851,35.44547],[-118.32854,35.44553],[-118.32858,35.44558],[-118.32859,35.44563],[-118.32859,35.44569],[-118.32857,35.44574],[-118.32856,35.4458],[-118.32855,35.44593],[-118.32856,35.44604],[-118.32854,35.4462],[-118.3285,35.44641],[-118.32841,35.44672],[-118.32828,35.44689],[-118.32807,35.447],[-118.328,35.44716],[-118.3279,35.44738],[-118.32782,35.4475],[-118.32762,35.44765],[-118.3275,35.44773],[-118.32746,35.44782],[-118.32742,35.44799],[-118.32739,35.44814],[-118.32729,35.44825]]}},{"type":"Feature","properties":{"name":"(unnamed public road)","road_class":"track","source":"OpenStreetMap","source_detail":"osm way 10378997","source_tile":"175/404","surface_inferred":true},"geometry":{"type":"LineString","coordinates":[[-118.40002,35.31947],[-118.4,35.32057],[-118.40002,35.32082],[-118.40005,35.32093],[-118.40022,35.32136],[-118.4003,35.32163],[-118.4003,35.32183],[-118.40029,35.3219],[-118.40024,35.32199]]}},{"type":"Feature","properties":{"name":"(unnamed public road)","road_class":"track","source":"OpenStreetMap","source_detail":"osm way 10379322","source_tile":"175/404","surface_inferred":true},"geometry":{"type":"LineString","coordinates":[[-118.46873,35.45045],[-118.46908,35.45023],[-118.46945,35.45012],[-118.46999,35.44968],[-118.47024,35.44937],[-118.47086,35.44902],[-118.47091,35.44891],[-118.47108,35.44857],[-118.47182,35.44804],[-118.47205,35.44784],[-118.47245,35.44757],[-118.47244,35.44729],[-118.47196,35.44711],[-118.47178,35.4471],[-118.47163,35.44705],[-118.47159,35.44688],[-118.47181,35.44647],[-118.47215,35.44613],[-118.47225,35.44588],[-118.47214,35.4457]]}},{"type":"Feature","properties":{"name":"(unnamed public road)","road_class":"track","source":"OpenStreetMap","source_detail":"osm way 10383076","source_tile":"175/404","surface_inferred":true},"geometry":{"type":"LineString","coordinates":[[-118.47091,35.44891],[-118.47138,35.44909],[-118.4717,35.44918],[-118.47186,35.4493],[-118.47194,35.44938],[-118.47196,35.4496],[-118.47177,35.4498],[-118.47166,35.44984],[-118.47135,35.44996],[-118.471,35.45018],[-118.47087,35.45025]]}},{"type":"Feature","properties":{"name":"(unnamed public road)","road_class":"track","source":"OpenStreetMap","source_detail":"osm way 10383081","source_tile":"175/404","surface_inferred":true},"geometry":{"type":"LineString","coordinates":[[-118.47186,35.4493],[-118.47234,35.44921],[-118.47301,35.44914],[-118.47324,35.44912],[-118.47324,35.44912],[-118.47373,35.44918],[-118.47422,35.44942],[-118.47456,35.44979],[-118.47474,35.45003]]}},{"type":"Feature","properties":{"name":"(unnamed public road)","road_class":"track","surface":"dirt","tracktype":"grade3","source":"OpenStreetMap","source_detail":"osm way 10384857","source_tile":"175/404"},"geometry":{"type":"LineString","coordinates":[[-118.22376,35.3773],[-118.22388,35.37727],[-118.22401,35.37725],[-118.22416,35.37724],[-118.22444,35.37725],[-118.22497,35.3773],[-118.22561,35.37733],[-118.2258,35.37734],[-118.22591,35.37736],[-118.2261,35.3774],[-118.22656,35.37753],[-118.22683,35.37757],[-118.22707,35.37759],[-118.22781,35.37761],[-118.22855,35.37762],[-118.22886,35.37761],[-118.2299,35.37751],[-118.23016,35.37746],[-118.23041,35.37738],[-118.23155,35.37696],[-118.23243,35.37651],[-118.23369,35.37591],[-118.2341,35.37574],[-118.23448,35.37554],[-118.2348,35.37538],[-118.23495,35.37532],[-118.2353,35.37524],[-118.23556,35.37521],[-118.23591,35.37519],[-118.23627,35.37515],[-118.23679,35.37507],[-118.23709,35.37506],[-118.23771,35.37511],[-118.23811,35.37516],[-118.23857,35.37529],[-118.2388,35.3753],[-118.23944,35.37532],[-118.23972,35.37528],[-118.23985,35.3753],[-118.24003,35.37537],[-118.24071,35.37559],[-118.2411,35.37581],[-118.24134,35.37597],[-118.24153,35.37613],[-118.24166,35.37619],[-118.24192,35.37624],[-118.24208,35.37631]]}},{"type":"Feature","properties":{"name":"(unnamed public road)","road_class":"track","source":"OpenStreetMap","source_detail":"osm way 10385549","source_tile":"175/404","surface_inferred":true},"geometry":{"type":"LineString","coordinates":[[-118.3955,35.31798],[-118.39551,35.31834],[-118.3955,35.31873],[-118.39548,35.31928],[-118.39549,35.31935],[-118.39555,35.31941],[-118.39559,35.31944],[-118.39628,35.31941],[-118.39797,35.31941],[-118.40002,35.31947],[-118.40075,35.31947],[-118.40083,35.31949],[-118.40087,35.3195],[-118.40091,35.31952]]}},{"type":"Feature","properties":{"name":"(unnamed public road)","road_class":"track","source":"OpenStreetMap","source_detail":"osm way 10385550","source_tile":"175/404","surface_inferred":true},"geometry":{"type":"LineString","coordinates":[[-118.39559,35.32246],[-118.39558,35.3215],[-118.39558,35.32119],[-118.39557,35.32044],[-118.39558,35.32011],[-118.39559,35.31944]]}},{"type":"Feature","properties":{"name":"(unnamed public road)","road_class":"track","surface":"dirt","tracktype":"grade3","source":"OpenStreetMap","source_detail":"osm way 10385718","source_tile":"175/404"},"geometry":{"type":"LineString","coordinates":[[-118.23495,35.37532],[-118.23507,35.37518],[-118.23527,35.37489],[-118.23539,35.37479],[-118.23549,35.37472],[-118.23564,35.37465],[-118.23585,35.37457],[-118.236,35.3745],[-118.23616,35.37439],[-118.2366,35.37406],[-118.23674,35.37394],[-118.23685,35.37386],[-118.23753,35.37345],[-118.2377,35.37329]]}},{"type":"Feature","properties":{"name":"SC124","road_class":"track","source":"OpenStreetMap","source_detail":"osm way 10389224","source_tile":"175/404","surface_inferred":true},"geometry":{"type":"LineString","coordinates":[[-118.18558,35.44485],[-118.18562,35.44497],[-118.18559,35.44501],[-118.18503,35.44514],[-118.18488,35.44519],[-118.18454,35.44533],[-118.18404,35.44566],[-118.18396,35.44569],[-118.18381,35.44573],[-118.18379,35.44574],[-118.18354,35.44574],[-118.18322,35.44576],[-118.18308,35.44578],[-118.1826,35.44589],[-118.18229,35.44598],[-118.1816,35.44612],[-118.18108,35.44621],[-118.18051,35.44624],[-118.17998,35.44623],[-118.1796,35.44618],[-118.17927,35.44617],[-118.17912,35.44618],[-118.17897,35.44622],[-118.17849,35.44631],[-118.1782,35.44633],[-118.17802,35.4463],[-118.17767,35.44624],[-118.17728,35.44619],[-118.17717,35.4462],[-118.17705,35.44625],[-118.17693,35.44633],[-118.17686,35.44635],[-118.17679,35.44635],[-118.17668,35.44633],[-118.17657,35.44633],[-118.17637,35.44635],[-118.17627,35.44636],[-118.17577,35.44642],[-118.1753,35.44645],[-118.17476,35.44649],[-118.17448,35.44652],[-118.17435,35.44652],[-118.17423,35.44652],[-118.17414,35.44649],[-118.174,35.44642],[-118.17373,35.44632],[-118.1736,35.4463],[-118.17333,35.44633],[-118.17314,35.44637],[-118.17284,35.44648],[-118.17248,35.44649],[-118.17226,35.44654],[-118.17219,35.44653],[-118.17215,35.4465],[-118.17197,35.44645],[-118.1717,35.44644],[-118.17135,35.44648],[-118.17106,35.44654],[-118.17043,35.44674],[-118.17002,35.44692],[-118.16882,35.44753],[-118.16863,35.44768],[-118.16855,35.44775],[-118.16851,35.44782],[-118.16846,35.44786],[-118.1684,35.44786],[-118.16837,35.44785],[-118.16825,35.44774],[-118.16817,35.44772],[-118.16809,35.44772],[-118.16798,35.44774],[-118.16789,35.44779],[-118.16783,35.44783],[-118.16774,35.44787],[-118.1677,35.44787],[-118.16736,35.44777],[-118.16732,35.44776],[-118.16723,35.44777],[-118.16699,35.44781],[-118.16671,35.44783],[-118.16626,35.44791],[-118.16593,35.44794],[-118.16551,35.44804],[-118.16523,35.44809],[-118.16509,35.44814],[-118.16486,35.44828],[-118.16469,35.44842],[-118.1645,35.44853],[-118.16436,35.44861],[-118.16421,35.44867],[-118.16392,35.44877],[-118.16378,35.44885],[-118.16352,35.44904],[-118.16346,35.44906],[-118.16338,35.44906],[-118.16331,35.44902],[-118.16315,35.44891],[-118.16306,35.44888],[-118.16291,35.44888],[-118.16259,35.44893],[-118.16249,35.44891],[-118.16235,35.44885],[-118.16215,35.44875],[-118.16199,35.4487],[-118.16191,35.44869],[-118.16175,35.44871],[-118.16154,35.44876],[-118.16128,35.44876],[-118.16102,35.44902],[-118.16092,35.44911],[-118.16086,35.44916],[-118.16044,35.44945],[-118.16012,35.44963],[-118.16001,35.44969],[-118.15993,35.44975],[-118.15987,35.4498],[-118.15983,35.44989],[-118.15949,35.45031],[-118.15945,35.45036],[-118.15942,35.45043],[-118.15938,35.45061],[-118.15932,35.45069],[-118.15926,35.45074],[-118.15908,35.45083],[-118.159,35.45084],[-118.1588,35.45087],[-118.1587,35.45091],[-118.15851,35.45099],[-118.15841,35.45102],[-118.15832,35.45104],[-118.15797,35.45107],[-118.15788,35.45108],[-118.15769,35.45105],[-118.15753,35.45098],[-118.15716,35.45087],[-118.15701,35.45079],[-118.15699,35.45078],[-118.15659,35.45066]]}},{"type":"Feature","properties":{"name":"(unnamed public road)","road_class":"track","surface":"dirt","tracktype":"grade3","source":"OpenStreetMap","source_detail":"osm way 10389948","source_tile":"175/404"},"geometry":{"type":"LineString","coordinates":[[-118.37804,35.36109],[-118.37757,35.36133],[-118.37727,35.36148],[-118.37647,35.36183],[-118.37607,35.36197],[-118.37568,35.36217],[-118.37558,35.36227],[-118.37548,35.36234],[-118.3754,35.36238],[-118.37531,35.36239],[-118.37521,35.36237],[-118.37503,35.3623],[-118.37491,35.36229],[-118.37481,35.36232],[-118.37453,35.36257],[-118.37425,35.36279],[-118.3742,35.36285],[-118.37416,35.36291],[-118.37415,35.36298],[-118.37417,35.36313],[-118.37414,35.36321],[-118.37393,35.36341],[-118.3739,35.36345],[-118.37391,35.36351],[-118.37396,35.36373],[-118.37396,35.36388],[-118.37393,35.36398]]}},{"type":"Feature","properties":{"name":"(unnamed public road)","road_class":"track","surface":"dirt","tracktype":"grade3","source":"OpenStreetMap","source_detail":"osm way 10390118","source_tile":"175/404"},"geometry":{"type":"LineString","coordinates":[[-118.33503,35.44848],[-118.33496,35.44858],[-118.33492,35.44881],[-118.33469,35.449],[-118.3345,35.44914],[-118.33421,35.44926],[-118.33405,35.4493],[-118.33381,35.44932],[-118.33317,35.44936],[-118.33292,35.44941],[-118.33268,35.44949],[-118.33233,35.44979],[-118.33205,35.44983],[-118.33153,35.44968],[-118.33142,35.44952],[-118.33124,35.44938]]}},{"type":"Feature","properties":{"name":"(unnamed public road)","road_class":"track","source":"OpenStreetMap","source_detail":"osm way 10390449","source_tile":"175/404","surface_inferred":true},"geometry":{"type":"LineString","coordinates":[[-118.39418,35.34485],[-118.39478,35.34542],[-118.39499,35.34628],[-118.39516,35.34658],[-118.39512,35.34704],[-118.39492,35.34774],[-118.3946,35.34836],[-118.39417,35.34879],[-118.39355,35.34879],[-118.39296,35.34856],[-118.39245,35.34824],[-118.39211,35.34833],[-118.39114,35.3496],[-118.39037,35.35031],[-118.38978,35.35063],[-118.38902,35.35072],[-118.38868,35.35092],[-118.38839,35.3509],[-118.38786,35.35044],[-118.38773,35.34966],[-118.38694,35.34968],[-118.38651,35.35036],[-118.38667,35.3508],[-118.38664,35.351],[-118.38644,35.35109],[-118.38596,35.35105],[-118.38512,35.35077],[-118.38455,35.35031]]}},{"type":"Feature","properties":{"name":"(unnamed public road)","road_class":"track","surface":"dirt","tracktype":"grade3","source":"OpenStreetMap","source_detail":"osm way 10390610","source_tile":"175/404"},"geometry":{"type":"LineString","coordinates":[[-118.27428,35.44355],[-118.27417,35.44355],[-118.27411,35.44358],[-118.27409,35.44362],[-118.27407,35.44371],[-118.27403,35.44382],[-118.27394,35.44395],[-118.27382,35.44401],[-118.27367,35.44404],[-118.2735,35.44406],[-118.27327,35.44412],[-118.27289,35.44426],[-118.27274,35.44432],[-118.27257,35.44443],[-118.27253,35.4445],[-118.27252,35.44463],[-118.2725,35.44477],[-118.27248,35.44502],[-118.27242,35.44518],[-118.2723,35.44535],[-118.27219,35.44555],[-118.27214,35.44572],[-118.27211,35.44587],[-118.27208,35.44614],[-118.27198,35.44635],[-118.27191,35.4468],[-118.27186,35.44712],[-118.27182,35.4474],[-118.27179,35.44754],[-118.27175,35.44765],[-118.27168,35.4477],[-118.27154,35.44772],[-118.27144,35.44773],[-118.27124,35.44777],[-118.27094,35.44789],[-118.27076,35.448],[-118.27058,35.44806],[-118.27049,35.44809],[-118.27041,35.44815],[-118.27031,35.44819],[-118.27012,35.44826],[-118.26994,35.4483],[-118.26983,35.44834],[-118.26974,35.44838],[-118.26953,35.44855],[-118.26939,35.4487],[-118.26929,35.44883],[-118.26912,35.44911],[-118.26888,35.44953],[-118.2686,35.44993],[-118.26849,35.45003]]}},{"type":"Feature","properties":{"name":"(unnamed public road)","road_class":"track","source":"OpenStreetMap","source_detail":"osm way 10391156","source_tile":"175/404","surface_inferred":true},"geometry":{"type":"LineString","coordinates":[[-118.37445,35.31808],[-118.37412,35.31814],[-118.37383,35.31816],[-118.37365,35.31819],[-118.3735,35.31831],[-118.3734,35.31842],[-118.37335,35.31853],[-118.37344,35.31874],[-118.3738,35.31887],[-118.37432,35.31891]]}},{"type":"Feature","properties":{"name":"(unnamed public road)","road_class":"track","surface":"dirt","tracktype":"grade3","source":"OpenStreetMap","source_detail":"osm way 10391178","source_tile":"175/404"},"geometry":{"type":"LineString","coordinates":[[-118.33317,35.44936],[-118.33306,35.44959],[-118.33314,35.44986]]}},{"type":"Feature","properties":{"name":"(unnamed public road)","road_class":"track","source":"OpenStreetMap","source_detail":"osm way 10391288","source_tile":"175/404","surface_inferred":true},"geometry":{"type":"LineString","coordinates":[[-118.14664,35.44096],[-118.14664,35.44105],[-118.14667,35.44112],[-118.14672,35.44117],[-118.14676,35.4412]]}},{"type":"Feature","properties":{"name":"(unnamed public road)","road_class":"track","surface":"dirt","tracktype":"grade3","source":"OpenStreetMap","source_detail":"osm way 10393061","source_tile":"175/404"},"geometry":{"type":"LineString","coordinates":[[-118.30874,35.45056],[-118.30858,35.45111],[-118.30851,35.45131],[-118.30856,35.45152],[-118.30853,35.45181],[-118.30861,35.45208],[-118.30853,35.45234],[-118.30822,35.45242],[-118.30807,35.45251],[-118.30761,35.45277],[-118.3074,35.45299],[-118.3073,35.45311],[-118.30714,35.45324],[-118.30691,35.45339],[-118.30671,35.45344],[-118.30645,35.45342],[-118.30615,35.45343],[-118.30571,35.4534],[-118.30551,35.45343],[-118.30542,35.45353],[-118.30536,35.45364],[-118.30533,35.45374],[-118.30538,35.45382]]}},{"type":"Feature","properties":{"name":"(unnamed public road)","road_class":"track","surface":"dirt","tracktype":"grade3","source":"OpenStreetMap","source_detail":"osm way 10393910","source_tile":"175/404"},"geometry":{"type":"LineString","coordinates":[[-118.2753,35.44053],[-118.27529,35.44064],[-118.27535,35.44074],[-118.27541,35.44082],[-118.27543,35.4409],[-118.27539,35.44102],[-118.27532,35.44116],[-118.27535,35.44129],[-118.27534,35.4414],[-118.27521,35.44157],[-118.27506,35.44168],[-118.27497,35.44169],[-118.27485,35.44169],[-118.27451,35.44168],[-118.27426,35.44167],[-118.27416,35.44167]]}},{"type":"Feature","properties":{"name":"(unnamed public road)","road_class":"track","surface":"dirt","tracktype":"grade3","source":"OpenStreetMap","source_detail":"osm way 10393911","source_tile":"175/404"},"geometry":{"type":"LineString","coordinates":[[-118.28078,35.45065],[-118.2809,35.45085],[-118.28097,35.45091],[-118.28105,35.45095],[-118.28115,35.45098],[-118.2813,35.45101],[-118.28155,35.45097],[-118.28175,35.4509],[-118.28189,35.45079],[-118.28204,35.45062],[-118.28221,35.45054],[-118.28252,35.4505],[-118.28285,35.45036],[-118.283,35.45024],[-118.28332,35.45011],[-118.28348,35.45008],[-118.28389,35.45011],[-118.28408,35.45008],[-118.28429,35.44999],[-118.28455,35.44989]]}},{"type":"Feature","properties":{"name":"(unnamed public road)","road_class":"track","source":"OpenStreetMap","source_detail":"osm way 10394575","source_tile":"175/404","surface_inferred":true},"geometry":{"type":"LineString","coordinates":[[-118.23818,35.34097],[-118.23827,35.341],[-118.23836,35.34107],[-118.23839,35.34111],[-118.2384,35.34119],[-118.23841,35.34125],[-118.2384,35.34132],[-118.23835,35.34151],[-118.23832,35.34165],[-118.23832,35.34176],[-118.23835,35.34188],[-118.23841,35.34198],[-118.23849,35.3421],[-118.2386,35.3422],[-118.23867,35.34225],[-118.23877,35.34227],[-118.23886,35.34228]]}},{"type":"Feature","properties":{"name":"(unnamed public road)","road_class":"track","source":"OpenStreetMap","source_detail":"osm way 10395174","source_tile":"175/404","surface_inferred":true},"geometry":{"type":"LineString","coordinates":[[-118.17692,35.40136],[-118.17745,35.40148],[-118.17773,35.40152],[-118.17843,35.40158],[-118.17875,35.4016],[-118.17896,35.4016],[-118.17916,35.40158],[-118.17934,35.40155],[-118.1795,35.4015],[-118.17984,35.40135],[-118.17997,35.40127],[-118.18014,35.40115],[-118.18048,35.40085],[-118.18123,35.40023],[-118.18184,35.39975],[-118.18215,35.3995],[-118.18265,35.39903],[-118.18303,35.39872],[-118.18313,35.39865],[-118.18325,35.39853],[-118.18329,35.39847],[-118.18331,35.39839],[-118.18333,35.39818],[-118.18343,35.39755],[-118.18345,35.39741],[-118.18348,35.39732],[-118.18355,35.39724],[-118.18388,35.39693],[-118.184,35.39677],[-118.18416,35.39662],[-118.18432,35.39648],[-118.18442,35.39643],[-118.18491,35.39629],[-118.18504,35.39621],[-118.18517,35.39611],[-118.18532,35.39601],[-118.18558,35.39576],[-118.18681,35.39501],[-118.187,35.39493],[-118.1872,35.39488],[-118.18737,35.39481],[-118.18752,35.39478],[-118.18765,35.39476],[-118.18782,35.39476],[-118.18813,35.39471],[-118.18833,35.39464],[-118.18847,35.39461],[-118.18892,35.39444],[-118.18907,35.39442],[-118.18917,35.39439],[-118.18941,35.39435],[-118.18954,35.39429],[-118.1898,35.39419],[-118.18987,35.39416],[-118.19015,35.39394],[-118.19032,35.39383],[-118.19049,35.39371],[-118.19067,35.39356],[-118.19111,35.39326],[-118.19129,35.3931],[-118.19142,35.39301],[-118.19159,35.3929],[-118.19249,35.39249],[-118.19289,35.39232],[-118.19389,35.3918],[-118.19403,35.39168],[-118.19432,35.39151],[-118.1946,35.39127],[-118.19499,35.39093],[-118.19512,35.39079],[-118.19527,35.39066],[-118.19539,35.39053],[-118.19564,35.39033],[-118.19608,35.39004],[-118.19636,35.38988],[-118.19699,35.3894],[-118.19715,35.3893],[-118.19725,35.38923],[-118.19745,35.3891],[-118.1975,35.38904],[-118.19751,35.38899]]}},{"type":"Feature","properties":{"name":"(unnamed public road)","road_class":"track","surface":"unpaved","source":"OpenStreetMap","source_detail":"osm way 10396057","source_tile":"175/404"},"geometry":{"type":"LineString","coordinates":[[-118.21724,35.38518],[-118.21766,35.38504],[-118.21774,35.38503],[-118.21862,35.385],[-118.22088,35.38501],[-118.22159,35.38501],[-118.22237,35.38502],[-118.22297,35.38501],[-118.22364,35.38502],[-118.22434,35.38502],[-118.22479,35.38502],[-118.22563,35.385],[-118.22585,35.385],[-118.22597,35.38501],[-118.22604,35.38503],[-118.2261,35.38509],[-118.22611,35.38525],[-118.22607,35.38546],[-118.22612,35.38571],[-118.22614,35.38609],[-118.2262,35.38627],[-118.22625,35.38631],[-118.22631,35.38634],[-118.22644,35.38636],[-118.22681,35.38635],[-118.22722,35.38637],[-118.22797,35.38636],[-118.22807,35.38633],[-118.22833,35.3862],[-118.22844,35.38616],[-118.22876,35.38609],[-118.22914,35.38603],[-118.2293,35.38601],[-118.2294,35.38599],[-118.22948,35.38599],[-118.22959,35.386],[-118.22981,35.386],[-118.23022,35.38605],[-118.23043,35.38604],[-118.2306,35.38602],[-118.23074,35.38602],[-118.23095,35.386],[-118.23104,35.38597],[-118.23119,35.3859],[-118.23126,35.38585],[-118.23128,35.38577],[-118.23127,35.3857],[-118.23127,35.3856],[-118.23124,35.38546]]}},{"type":"Feature","properties":{"name":"(unnamed public road)","road_class":"track","source":"OpenStreetMap","source_detail":"osm way 10396305","source_tile":"175/404","surface_inferred":true},"geometry":{"type":"LineString","coordinates":[[-118.12821,35.39449],[-118.12818,35.3946]]}},{"type":"Feature","properties":{"name":"(unnamed public road)","road_class":"track","surface":"unpaved","source":"OpenStreetMap","source_detail":"osm way 10397018","source_tile":"175/404"},"geometry":{"type":"LineString","coordinates":[[-118.21954,35.37777],[-118.21963,35.38012],[-118.21965,35.38062],[-118.21967,35.38092],[-118.21969,35.38129],[-118.21972,35.38134],[-118.21975,35.38138],[-118.21984,35.38143],[-118.21994,35.38146],[-118.22056,35.38148],[-118.22065,35.38149],[-118.22072,35.38151],[-118.22079,35.38156],[-118.22085,35.38164],[-118.2209,35.38175],[-118.22091,35.38183],[-118.22089,35.38195],[-118.22085,35.38335],[-118.22084,35.38491]]}},{"type":"Feature","properties":{"name":"(unnamed public road)","road_class":"track","surface":"dirt","tracktype":"grade3","source":"OpenStreetMap","source_detail":"osm way 10397123","source_tile":"175/404"},"geometry":{"type":"LineString","coordinates":[[-118.32883,35.44069],[-118.32904,35.4407],[-118.32941,35.44086],[-118.32957,35.44101],[-118.3296,35.44112],[-118.32965,35.44126],[-118.32974,35.44144],[-118.32973,35.44166],[-118.32937,35.44228],[-118.3293,35.44249],[-118.32924,35.44271],[-118.32921,35.44295],[-118.32918,35.44313],[-118.32923,35.44326],[-118.32928,35.4434],[-118.32935,35.44362]]}},{"type":"Feature","properties":{"name":"(unnamed public road)","road_class":"track","surface":"dirt","tracktype":"grade3","source":"OpenStreetMap","source_detail":"osm way 10397147","source_tile":"175/404"},"geometry":{"type":"LineString","coordinates":[[-118.30157,35.33779],[-118.30208,35.33769],[-118.30248,35.33777],[-118.30288,35.33769],[-118.30354,35.33761],[-118.304,35.33753],[-118.30439,35.3374],[-118.30457,35.33739],[-118.30479,35.3375],[-118.30497,35.33749],[-118.30516,35.33738],[-118.30559,35.33724],[-118.30587,35.33712],[-118.30671,35.33696],[-118.30742,35.33706]]}},{"type":"Feature","properties":{"name":"(unnamed public road)","road_class":"track","source":"OpenStreetMap","source_detail":"osm way 10397251","source_tile":"175/404","surface_inferred":true},"geometry":{"type":"LineString","coordinates":[[-118.22092,35.45146],[-118.22081,35.45135],[-118.22044,35.45103],[-118.22036,35.451],[-118.22031,35.45099],[-118.22024,35.45101],[-118.22014,35.45109],[-118.22008,35.4511],[-118.22004,35.45111],[-118.21998,35.45109],[-118.21977,35.45098],[-118.21971,35.45092],[-118.21968,35.45089],[-118.21968,35.45085],[-118.21972,35.45073],[-118.21981,35.4506]]}},{"type":"Feature","properties":{"name":"Leon Hale Ranch Road","road_class":"track","surface":"dirt","tracktype":"grade3","source":"OpenStreetMap","source_detail":"osm way 10397544","source_tile":"175/404"},"geometry":{"type":"LineString","coordinates":[[-118.38119,35.39259],[-118.3811,35.39261],[-118.38089,35.39257],[-118.38045,35.39271],[-118.37979,35.39279],[-118.37893,35.39311],[-118.37868,35.39332],[-118.3785,35.39341],[-118.37819,35.39337],[-118.37764,35.39358],[-118.3773,35.39368],[-118.37712,35.39383],[-118.37676,35.39406],[-118.37657,35.39416],[-118.37612,35.39418],[-118.37593,35.39417],[-118.3758,35.39426],[-118.37574,35.39438],[-118.37554,35.39451],[-118.37541,35.39458],[-118.37527,35.39477],[-118.3751,35.39491],[-118.37465,35.39553],[-118.37468,35.39589],[-118.37466,35.39608],[-118.3746,35.39628],[-118.37432,35.3968],[-118.37417,35.39707],[-118.37399,35.39733],[-118.37416,35.39838],[-118.37414,35.39851],[-118.37415,35.39872],[-118.37406,35.3995],[-118.37401,35.39982],[-118.37394,35.40003],[-118.37394,35.40037],[-118.37367,35.40098],[-118.37327,35.40152],[-118.37327,35.40163],[-118.37357,35.40175],[-118.37374,35.40194],[-118.37383,35.40214],[-118.37385,35.40242],[-118.37379,35.4029],[-118.37384,35.40325],[-118.3737,35.40387],[-118.37355,35.40434],[-118.37335,35.4049],[-118.37341,35.40524]]}},{"type":"Feature","properties":{"name":"(unnamed public road)","road_class":"track","surface":"compacted","tracktype":"grade2","source":"OpenStreetMap","source_detail":"osm way 10397686","source_tile":"175/404"},"geometry":{"type":"LineString","coordinates":[[-118.34363,35.45794],[-118.34365,35.45814],[-118.3436,35.45829],[-118.34342,35.45857],[-118.34329,35.45868],[-118.34312,35.45893],[-118.34302,35.45918],[-118.34296,35.45933],[-118.343,35.45941],[-118.34313,35.45954],[-118.34323,35.45978],[-118.34333,35.46012],[-118.34345,35.46032]]}},{"type":"Feature","properties":{"name":"(unnamed public road)","road_class":"track","source":"OpenStreetMap","source_detail":"osm way 10398126","source_tile":"175/404","surface_inferred":true},"geometry":{"type":"LineString","coordinates":[[-118.16788,35.43388],[-118.16788,35.43383],[-118.16792,35.43376],[-118.16794,35.43364],[-118.16799,35.43357],[-118.16804,35.43352],[-118.16835,35.43342],[-118.16841,35.4334],[-118.16852,35.43335],[-118.1686,35.43332],[-118.1689,35.43327],[-118.16904,35.43323],[-118.1691,35.43318],[-118.16921,35.43304],[-118.16924,35.43302],[-118.16935,35.43295],[-118.16942,35.43288],[-118.16947,35.43273],[-118.16949,35.43272],[-118.1697,35.43269],[-118.16983,35.43266],[-118.16998,35.43261],[-118.17027,35.43252],[-118.17039,35.43245],[-118.17055,35.4324],[-118.17063,35.43236],[-118.17069,35.43236],[-118.17078,35.43238],[-118.17092,35.43239],[-118.17096,35.43236],[-118.17125,35.43224],[-118.17136,35.43218],[-118.17149,35.43201]]}},{"type":"Feature","properties":{"name":"(unnamed public road)","road_class":"track","source":"OpenStreetMap","source_detail":"osm way 10398697","source_tile":"175/404","surface_inferred":true},"geometry":{"type":"LineString","coordinates":[[-118.38711,35.3674],[-118.38735,35.36715],[-118.38744,35.36708],[-118.38753,35.36701],[-118.38759,35.36693],[-118.38763,35.36685],[-118.38771,35.36676],[-118.38783,35.36667],[-118.38795,35.36654],[-118.3882,35.36618],[-118.38836,35.36601],[-118.38861,35.36579],[-118.38869,35.36574],[-118.38882,35.36568],[-118.38908,35.36559],[-118.38922,35.36555],[-118.38928,35.36555],[-118.38935,35.36557]]}},{"type":"Feature","properties":{"name":"(unnamed public road)","road_class":"track","source":"OpenStreetMap","source_detail":"osm way 10399022","source_tile":"175/404","surface_inferred":true},"geometry":{"type":"LineString","coordinates":[[-118.19999,35.38993],[-118.19985,35.39034],[-118.19976,35.39052],[-118.19963,35.39071],[-118.19936,35.39098],[-118.19906,35.3912],[-118.19871,35.39139],[-118.19842,35.39151],[-118.19822,35.39166],[-118.19807,35.39176],[-118.19786,35.39185],[-118.19758,35.392],[-118.19752,35.39203]]}},{"type":"Feature","properties":{"name":"(unnamed public road)","road_class":"track","surface":"unpaved","source":"OpenStreetMap","source_detail":"osm way 10399023","source_tile":"175/404"},"geometry":{"type":"LineString","coordinates":[[-118.21685,35.37779],[-118.21684,35.37769],[-118.21677,35.3776],[-118.21668,35.37751],[-118.21659,35.37743],[-118.21644,35.37735],[-118.21633,35.3773],[-118.2162,35.37722],[-118.21614,35.37716],[-118.21601,35.377],[-118.21584,35.37677],[-118.21565,35.37644],[-118.21552,35.37627],[-118.21534,35.37612],[-118.21492,35.37583],[-118.21483,35.37574],[-118.21468,35.37555]]}},{"type":"Feature","properties":{"name":"(unnamed public road)","road_class":"track","surface":"unpaved","source":"OpenStreetMap","source_detail":"osm way 10399027","source_tile":"175/404"},"geometry":{"type":"LineString","coordinates":[[-118.23399,35.38762],[-118.23383,35.38772],[-118.23377,35.38775],[-118.23367,35.38778],[-118.23315,35.38784],[-118.23296,35.38786],[-118.23281,35.38787],[-118.23259,35.38791],[-118.23241,35.38796],[-118.23226,35.38802],[-118.23217,35.38808],[-118.23204,35.38819],[-118.23197,35.38829],[-118.23192,35.38846],[-118.23192,35.38862],[-118.23189,35.38876],[-118.23181,35.38901],[-118.23179,35.38934],[-118.23175,35.38952],[-118.23159,35.38986],[-118.23148,35.3902],[-118.23114,35.39127],[-118.231,35.39183],[-118.23081,35.39249]]}},{"type":"Feature","properties":{"name":"(unnamed public road)","road_class":"track","surface":"dirt","tracktype":"grade3","source":"OpenStreetMap","source_detail":"osm way 10399427","source_tile":"175/404"},"geometry":{"type":"LineString","coordinates":[[-118.31868,35.44495],[-118.31859,35.44508],[-118.31848,35.44535],[-118.31847,35.44594],[-118.31851,35.44634],[-118.31847,35.4466],[-118.31847,35.44683],[-118.31873,35.44749],[-118.31881,35.44756]]}},{"type":"Feature","properties":{"name":"(unnamed public road)","road_class":"track","surface":"dirt","tracktype":"grade3","source":"OpenStreetMap","source_detail":"osm way 10399434","source_tile":"175/404"},"geometry":{"type":"LineString","coordinates":[[-118.30724,35.40146],[-118.30707,35.40135],[-118.30677,35.40113],[-118.30637,35.40074],[-118.30575,35.40035],[-118.30547,35.40012],[-118.30517,35.40007],[-118.30506,35.39997],[-118.30496,35.3998],[-118.30498,35.39968],[-118.30498,35.3995],[-118.30497,35.39932],[-118.30501,35.39909],[-118.30494,35.399],[-118.30459,35.39901],[-118.30418,35.39904],[-118.30412,35.39911]]}},{"type":"Feature","properties":{"name":"(unnamed public road)","road_class":"track","surface":"dirt","tracktype":"grade3","source":"OpenStreetMap","source_detail":"osm way 10399438","source_tile":"175/404"},"geometry":{"type":"LineString","coordinates":[[-118.33319,35.44399],[-118.33334,35.44392],[-118.33359,35.4438],[-118.33394,35.44343],[-118.33413,35.4432],[-118.33443,35.4431],[-118.33467,35.44303],[-118.33497,35.44302]]}},{"type":"Feature","properties":{"name":"(unnamed public road)","road_class":"track","surface":"dirt","tracktype":"grade3","source":"OpenStreetMap","source_detail":"osm way 10399440","source_tile":"175/404"},"geometry":{"type":"LineString","coordinates":[[-118.35793,35.44472],[-118.35772,35.44407],[-118.35756,35.44362],[-118.35757,35.44325]]}},{"type":"Feature","properties":{"name":"(unnamed public road)","road_class":"track","surface":"dirt","tracktype":"grade3","source":"OpenStreetMap","source_detail":"osm way 10399764","source_tile":"175/404"},"geometry":{"type":"LineString","coordinates":[[-118.33967,35.45119],[-118.33953,35.45095],[-118.33948,35.45064],[-118.33952,35.45046],[-118.33957,35.45028],[-118.33955,35.45013],[-118.33957,35.45002],[-118.33973,35.44988],[-118.33998,35.44971],[-118.3401,35.44963],[-118.34011,35.44946],[-118.34003,35.44924],[-118.33988,35.44908],[-118.33984,35.44895]]}},{"type":"Feature","properties":{"name":"Michael Road","road_class":"track","source":"OpenStreetMap","source_detail":"osm way 10400203","source_tile":"175/404","surface_inferred":true},"geometry":{"type":"LineString","coordinates":[[-118.47166,35.44984],[-118.47166,35.45034],[-118.47173,35.45052],[-118.47208,35.45055],[-118.47242,35.45052],[-118.47294,35.45055],[-118.47323,35.45065],[-118.47326,35.45082],[-118.47313,35.45101],[-118.47286,35.45115],[-118.4727,35.45131],[-118.47272,35.4515],[-118.47292,35.45157]]}},{"type":"Feature","properties":{"name":"Piute Mountain Road","road_class":"unclassified","surface":"compacted","tracktype":"grade2","source":"OpenStreetMap","source_detail":"osm way 10407161","source_tile":"175/404"},"geometry":{"type":"LineString","coordinates":[[-118.41151,35.38259],[-118.41142,35.38296],[-118.41138,35.38304],[-118.41132,35.38309],[-118.41124,35.38312],[-118.411,35.38314],[-118.41091,35.38316],[-118.41082,35.38322],[-118.41076,35.38331],[-118.41065,35.38353],[-118.41056,35.38361],[-118.41045,35.38365],[-118.41034,35.38365],[-118.40983,35.38359],[-118.40972,35.3836],[-118.40964,35.38363],[-118.40957,35.38369],[-118.40953,35.38379],[-118.40943,35.3841],[-118.40935,35.38423],[-118.40924,35.38439],[-118.40916,35.38453],[-118.40907,35.38461],[-118.40896,35.38464],[-118.40883,35.38464],[-118.40872,35.38461],[-118.40861,35.38457],[-118.40852,35.38456],[-118.40845,35.38458],[-118.40841,35.38464],[-118.40833,35.38482],[-118.40827,35.3849],[-118.4082,35.38494],[-118.40801,35.38501],[-118.40792,35.38507],[-118.40783,35.38517],[-118.4077,35.38526],[-118.40749,35.38534],[-118.40719,35.38545],[-118.40712,35.38548],[-118.40707,35.38553],[-118.40705,35.38557],[-118.40703,35.38565],[-118.40703,35.38579],[-118.407,35.38587],[-118.4069,35.38598],[-118.40641,35.38635],[-118.40635,35.3864],[-118.40628,35.38652],[-118.40623,35.38661],[-118.40617,35.38667],[-118.40607,35.38672],[-118.40595,35.38676],[-118.40589,35.3868],[-118.40586,35.38689],[-118.4058,35.38712],[-118.4058,35.38718],[-118.40583,35.38723],[-118.40589,35.38726],[-118.40598,35.38727],[-118.40621,35.38717],[-118.40631,35.38716],[-118.40641,35.38717],[-118.40652,35.38721],[-118.40659,35.38728],[-118.40664,35.38736],[-118.40675,35.38759],[-118.4068,35.38777],[-118.40691,35.38797],[-118.40698,35.38807],[-118.40704,35.38812],[-118.4071,35.38814],[-118.40719,35.38812],[-118.40729,35.38803],[-118.40755,35.38771],[-118.4076,35.38769],[-118.40765,35.38768],[-118.40775,35.38771],[-118.4078,35.38778],[-118.408,35.38814],[-118.40844,35.38874],[-118.40849,35.38883],[-118.40853,35.38895],[-118.40853,35.3891],[-118.4085,35.38923],[-118.40843,35.38937],[-118.40835,35.38945],[-118.40818,35.38961],[-118.40816,35.38967],[-118.40818,35.38973],[-118.40824,35.38979],[-118.40835,35.38985],[-118.40872,35.39],[-118.40884,35.39003],[-118.40896,35.39003],[-118.40907,35.39003],[-118.4092,35.38999],[-118.40931,35.38995],[-118.40944,35.38986],[-118.40953,35.38981],[-118.40965,35.38981],[-118.40978,35.38983],[-118.40995,35.38991],[-118.41013,35.39003],[-118.41026,35.39015],[-118.41037,35.39029],[-118.41043,35.39041],[-118.41045,35.39093],[-118.41049,35.39105],[-118.41077,35.3916],[-118.41081,35.39169],[-118.4108,35.39182],[-118.41071,35.39203],[-118.41071,35.39213],[-118.41073,35.39226],[-118.41094,35.39278],[-118.41097,35.39296],[-118.41096,35.39315],[-118.41089,35.39332],[-118.41078,35.39349],[-118.41072,35.3936],[-118.41074,35.39369],[-118.41118,35.39406],[-118.41125,35.39413],[-118.41127,35.39419],[-118.41127,35.39425],[-118.41123,35.39437],[-118.41121,35.39448],[-118.4112,35.39458],[-118.41126,35.39494],[-118.41138,35.39544],[-118.41142,35.39558],[-118.41149,35.39567],[-118.41161,35.39578],[-118.41168,35.39582],[-118.41223,35.39618],[-118.41237,35.3963],[-118.41248,35.39644],[-118.41298,35.39693],[-118.41307,35.39701],[-118.41317,35.39706],[-118.41326,35.39707],[-118.41337,35.39706],[-118.41349,35.39701],[-118.41358,35.39699],[-118.41364,35.397],[-118.41372,35.39703],[-118.41376,35.39711],[-118.41375,35.39719],[-118.41364,35.39748],[-118.41365,35.39757],[-118.4137,35.3977],[-118.4139,35.39793],[-118.41402,35.39811],[-118.41416,35.39823],[-118.41436,35.39835],[-118.41452,35.39846],[-118.4146,35.39854],[-118.41465,35.39864],[-118.41468,35.39872],[-118.41469,35.39883],[-118.41464,35.39926],[-118.41465,35.39935],[-118.41469,35.39947],[-118.41468,35.39958],[-118.41464,35.39969],[-118.41444,35.39989],[-118.4144,35.39997],[-118.41439,35.40005],[-118.4144,35.40016],[-118.41448,35.40035],[-118.41455,35.40048],[-118.41458,35.40056],[-118.41457,35.40065],[-118.41452,35.40086],[-118.4145,35.40113],[-118.41451,35.40121],[-118.41457,35.40128],[-118.41474,35.40143],[-118.41475,35.40151],[-118.41469,35.40161],[-118.41469,35.40171],[-118.41472,35.40181],[-118.41484,35.40197],[-118.41488,35.4021],[-118.41495,35.40222],[-118.41512,35.40244],[-118.41518,35.40257],[-118.41521,35.40271],[-118.41519,35.40288],[-118.41516,35.40295],[-118.41512,35.40303],[-118.41496,35.40312],[-118.41488,35.40321],[-118.41486,35.40329],[-118.41486,35.40335],[-118.41488,35.40342],[-118.41498,35.40387],[-118.41501,35.404],[-118.41502,35.40413],[-118.41496,35.40439],[-118.41493,35.40472],[-118.41491,35.4048],[-118.41486,35.40486],[-118.41482,35.40489],[-118.41476,35.40492],[-118.41464,35.40495],[-118.41454,35.40495],[-118.41447,35.40492],[-118.41435,35.40483],[-118.41414,35.40466],[-118.41407,35.40465],[-118.41401,35.40466],[-118.41397,35.40468],[-118.41395,35.40472],[-118.41393,35.40477],[-118.41396,35.40518],[-118.41395,35.40549],[-118.41393,35.40559],[-118.41387,35.40565],[-118.41373,35.40574],[-118.41353,35.40583],[-118.41346,35.40589],[-118.41344,35.40593],[-118.41343,35.40603],[-118.41366,35.40667],[-118.41374,35.40684],[-118.41376,35.40693],[-118.41373,35.40726],[-118.41369,35.40734],[-118.41365,35.40748],[-118.41368,35.40768],[-118.41364,35.40786],[-118.41368,35.40806],[-118.41364,35.40828],[-118.41361,35.40859],[-118.4136,35.40867],[-118.41355,35.40872],[-118.41348,35.40875],[-118.4134,35.40876],[-118.41315,35.40874],[-118.41303,35.40877],[-118.41295,35.40882],[-118.41289,35.40891],[-118.41276,35.40913],[-118.41266,35.40932],[-118.41257,35.40961],[-118.41252,35.40972],[-118.41242,35.40979],[-118.41224,35.40988],[-118.41218,35.40996],[-118.41211,35.41033],[-118.41206,35.41047],[-118.41207,35.41055],[-118.41211,35.4106],[-118.41234,35.41075],[-118.41253,35.41091],[-118.41263,35.41096],[-118.41273,35.41101],[-118.4131,35.41113],[-118.41322,35.41119],[-118.41331,35.41124],[-118.41335,35.41133],[-118.41339,35.41146],[-118.41352,35.41164],[-118.41366,35.41208],[-118.41373,35.41221],[-118.41406,35.41245],[-118.41503,35.41353],[-118.4154,35.41394],[-118.41552,35.41405],[-118.41567,35.41415],[-118.41586,35.41426],[-118.41647,35.41454],[-118.41705,35.41486],[-118.41796,35.41519],[-118.41807,35.41523],[-118.41809,35.41524],[-118.41817,35.41529],[-118.41828,35.4154],[-118.41866,35.4159],[-118.41874,35.41598],[-118.41883,35.41602],[-118.41896,35.41603],[-118.41904,35.41601],[-118.4191,35.41596],[-118.41912,35.41586],[-118.41912,35.41552],[-118.41914,35.41544],[-118.41918,35.41537],[-118.41923,35.41532],[-118.41943,35.41518],[-118.41953,35.41514],[-118.41959,35.41512],[-118.4197,35.41513],[-118.41981,35.41518],[-118.42019,35.41545],[-118.42025,35.41554],[-118.42026,35.41565],[-118.42021,35.41575],[-118.42003,35.41595],[-118.42001,35.416],[-118.42001,35.4161],[-118.42012,35.41692],[-118.4201,35.41699],[-118.42006,35.41708],[-118.42004,35.41719],[-118.42006,35.41724],[-118.42013,35.4173],[-118.4202,35.41733],[-118.42036,35.41735],[-118.4205,35.41741],[-118.42065,35.41753],[-118.42081,35.41768],[-118.42089,35.41776],[-118.42091,35.41784],[-118.42091,35.41793],[-118.42087,35.41801],[-118.42078,35.41812],[-118.42075,35.41818],[-118.42073,35.41824],[-118.42075,35.41832],[-118.42081,35.41843],[-118.42081,35.41851],[-118.42062,35.41878],[-118.42061,35.41886],[-118.42061,35.41891],[-118.42065,35.41898],[-118.42075,35.41904],[-118.42099,35.41914],[-118.42107,35.41921],[-118.42112,35.41933],[-118.42113,35.4196],[-118.42116,35.41964],[-118.42139,35.41971],[-118.42174,35.41989],[-118.42179,35.41995],[-118.42179,35.42],[-118.42178,35.42004],[-118.42172,35.42009],[-118.42143,35.42019],[-118.42134,35.42025],[-118.42125,35.42035],[-118.42119,35.42044],[-118.42116,35.42054],[-118.42115,35.4207],[-118.42117,35.42088],[-118.42121,35.42098],[-118.42129,35.42107],[-118.42138,35.42113],[-118.42148,35.42123],[-118.4215,35.42131],[-118.4215,35.42142],[-118.42142,35.4216],[-118.42132,35.42178],[-118.42113,35.42209],[-118.42099,35.42227],[-118.42074,35.42255],[-118.4207,35.42266],[-118.42071,35.42271],[-118.42075,35.42277],[-118.42089,35.42284],[-118.42113,35.42294],[-118.42128,35.4231],[-118.4215,35.42325],[-118.42154,35.42332],[-118.42161,35.42352],[-118.42164,35.42357],[-118.42171,35.42359],[-118.42177,35.4236],[-118.42191,35.42359],[-118.42201,35.4236],[-118.4221,35.42363],[-118.42252,35.42392],[-118.42272,35.42414],[-118.42297,35.42424],[-118.42305,35.42431],[-118.42306,35.4244],[-118.42304,35.42448],[-118.42297,35.42453],[-118.42287,35.42453],[-118.42274,35.42449],[-118.4225,35.4244],[-118.42229,35.42435],[-118.42217,35.42432],[-118.42206,35.42423],[-118.42196,35.42418],[-118.42183,35.42414],[-118.42167,35.42414],[-118.4215,35.42417],[-118.42141,35.42416],[-118.4213,35.42412],[-118.42119,35.42407],[-118.42102,35.42396],[-118.42091,35.42387],[-118.42076,35.42381],[-118.42058,35.42379],[-118.42037,35.42377],[-118.42016,35.42377],[-118.42004,35.42374],[-118.41993,35.4237],[-118.4198,35.42368],[-118.41959,35.42368],[-118.41932,35.42371],[-118.41908,35.42377],[-118.41887,35.42384],[-118.41879,35.42385],[-118.41872,35.42383],[-118.41843,35.4237],[-118.41826,35.42358],[-118.41803,35.42351],[-118.41783,35.42347],[-118.41764,35.42345],[-118.41738,35.42345],[-118.41712,35.42348],[-118.41679,35.42353],[-118.41672,35.42357],[-118.41668,35.42363],[-118.41665,35.42375],[-118.41657,35.42382],[-118.41628,35.4239],[-118.41614,35.42396],[-118.416,35.42407],[-118.41591,35.42409],[-118.41583,35.42408],[-118.41577,35.42405],[-118.41573,35.42401],[-118.41549,35.42376],[-118.41541,35.42371],[-118.4153,35.42366],[-118.41515,35.42365],[-118.41499,35.42366],[-118.41476,35.42373],[-118.41414,35.4241],[-118.41383,35.42428],[-118.41337,35.42452],[-118.4132,35.42465],[-118.41305,35.42475],[-118.413,35.42482],[-118.41296,35.4249],[-118.41282,35.42502],[-118.41273,35.42506],[-118.41245,35.4253],[-118.41239,35.42538],[-118.41236,35.42545],[-118.41237,35.42555],[-118.41252,35.42589],[-118.41252,35.42595],[-118.4125,35.42603],[-118.41239,35.42612],[-118.41235,35.42618],[-118.41233,35.42624],[-118.41229,35.42631],[-118.41228,35.42637],[-118.41229,35.42644],[-118.41232,35.42654],[-118.41236,35.42658],[-118.41273,35.42675],[-118.41281,35.42681],[-118.41284,35.4269],[-118.41285,35.42698],[-118.41282,35.42712],[-118.41273,35.42726],[-118.41264,35.42737],[-118.41261,35.42744],[-118.41263,35.42754],[-118.41266,35.42759],[-118.41272,35.42765],[-118.41326,35.42794],[-118.41335,35.42802],[-118.41341,35.4281],[-118.41343,35.4282],[-118.41344,35.42829],[-118.41342,35.42838],[-118.41338,35.42844],[-118.41332,35.4285],[-118.41324,35.42856],[-118.41315,35.42861],[-118.41302,35.42865],[-118.41289,35.42867],[-118.41272,35.42868],[-118.41211,35.42865],[-118.41199,35.42867],[-118.41193,35.42871],[-118.41187,35.42878],[-118.41183,35.42881],[-118.41174,35.42884],[-118.41158,35.42884],[-118.41143,35.4288],[-118.41104,35.42864],[-118.41094,35.42862],[-118.41062,35.42862],[-118.41053,35.42861],[-118.41045,35.42858],[-118.41008,35.42837],[-118.41,35.42836],[-118.4099,35.42836],[-118.4097,35.42841],[-118.40956,35.42843],[-118.40929,35.42842],[-118.40915,35.42847],[-118.40895,35.42855],[-118.40849,35.42866],[-118.40827,35.4287],[-118.4081,35.42874],[-118.40793,35.42884],[-118.40781,35.42893],[-118.40766,35.42908],[-118.40756,35.42923],[-118.4075,35.42936],[-118.40734,35.42978],[-118.4071,35.43028],[-118.40691,35.43076],[-118.40687,35.43084],[-118.4068,35.4309],[-118.40672,35.43094],[-118.40661,35.43097],[-118.40646,35.43097],[-118.40632,35.43095],[-118.40621,35.43091],[-118.4061,35.43086],[-118.40607,35.43083],[-118.40604,35.43077],[-118.40601,35.43061],[-118.40597,35.43053],[-118.40586,35.43042],[-118.4054,35.43001],[-118.40511,35.42976],[-118.40498,35.42968],[-118.40459,35.42954],[-118.40396,35.42944],[-118.40376,35.42943],[-118.40367,35.42946],[-118.4036,35.42949],[-118.40357,35.42955],[-118.40357,35.42962],[-118.4036,35.42968],[-118.40378,35.42989],[-118.40381,35.42994],[-118.4038,35.42999],[-118.40378,35.43003],[-118.40372,35.43005],[-118.40367,35.43006],[-118.40358,35.43002],[-118.40339,35.42989],[-118.40326,35.42984],[-118.40312,35.42981],[-118.40304,35.42982],[-118.40297,35.42986],[-118.40295,35.42991],[-118.40296,35.43005],[-118.40294,35.43018],[-118.40286,35.43029],[-118.40267,35.43045],[-118.40246,35.43061],[-118.40184,35.43092],[-118.40148,35.43115],[-118.40121,35.43132],[-118.40099,35.43145],[-118.4007,35.43159],[-118.40058,35.43165],[-118.40044,35.43169],[-118.40038,35.43173],[-118.40034,35.43178],[-118.40031,35.43185],[-118.4003,35.43209],[-118.40024,35.43221],[-118.40016,35.43227],[-118.40004,35.4323],[-118.39993,35.43232],[-118.39948,35.43234],[-118.39935,35.43237],[-118.39923,35.43243],[-118.39916,35.43247],[-118.3991,35.43254],[-118.39902,35.43263],[-118.39892,35.43268],[-118.39882,35.43271],[-118.39866,35.43272],[-118.39856,35.43274],[-118.39847,35.4328],[-118.39843,35.43283],[-118.39829,35.43317],[-118.39824,35.43327],[-118.39816,35.43344],[-118.39808,35.43356],[-118.39783,35.43386],[-118.39769,35.43406],[-118.39748,35.43425],[-118.39741,35.43428],[-118.39727,35.43431],[-118.39716,35.43431],[-118.39687,35.43432],[-118.39665,35.43432],[-118.39641,35.43434],[-118.39629,35.43436],[-118.3962,35.43439],[-118.396,35.43455],[-118.39594,35.43464],[-118.39591,35.43474],[-118.39583,35.43478],[-118.39572,35.43475],[-118.39559,35.4346],[-118.39548,35.43451],[-118.3953,35.43432],[-118.39519,35.43424],[-118.39499,35.43405],[-118.39486,35.43395],[-118.39475,35.43391],[-118.39466,35.43389],[-118.39448,35.43391],[-118.3944,35.43394],[-118.39385,35.43425],[-118.39375,35.43433],[-118.39367,35.43443],[-118.39365,35.43452],[-118.39364,35.4346],[-118.39363,35.43471],[-118.39359,35.43507],[-118.39345,35.43539],[-118.39343,35.43556],[-118.3935,35.4363],[-118.3935,35.43653],[-118.39347,35.43668],[-118.39343,35.43677],[-118.39336,35.43685],[-118.39315,35.43699],[-118.39301,35.43706],[-118.39286,35.43712],[-118.3928,35.43716],[-118.39276,35.4372],[-118.39271,35.43726],[-118.39267,35.43735],[-118.39262,35.43752],[-118.3926,35.43767],[-118.3926,35.43798],[-118.39258,35.4381],[-118.39247,35.43823],[-118.39235,35.43834],[-118.39227,35.43846],[-118.39223,35.43857],[-118.39224,35.43872],[-118.39235,35.43908],[-118.39233,35.43918],[-118.3923,35.43929],[-118.39224,35.43937],[-118.39186,35.43948],[-118.39136,35.43971],[-118.39093,35.43989],[-118.39077,35.43997],[-118.39069,35.44004],[-118.39064,35.44013],[-118.39059,35.44063],[-118.39052,35.44076],[-118.3905,35.44088],[-118.39064,35.441],[-118.3913,35.44166],[-118.39134,35.4417],[-118.39137,35.44176],[-118.39137,35.44181],[-118.39135,35.44185],[-118.3913,35.44189],[-118.39121,35.44196],[-118.39115,35.442],[-118.39112,35.44205],[-118.39109,35.44211],[-118.39107,35.44222],[-118.39101,35.44234],[-118.39095,35.44245],[-118.3909,35.4425],[-118.39079,35.44265],[-118.39072,35.4428],[-118.39064,35.44293],[-118.39034,35.44322],[-118.39014,35.44341],[-118.39005,35.44354],[-118.38995,35.44371],[-118.38991,35.44383],[-118.38991,35.444],[-118.38993,35.44413],[-118.39003,35.44437],[-118.39008,35.44455],[-118.39003,35.4448],[-118.38998,35.44519],[-118.38994,35.44532],[-118.38992,35.44545],[-118.38994,35.44561],[-118.38997,35.44569],[-118.39002,35.44575],[-118.39015,35.44584],[-118.39027,35.4459],[-118.39066,35.44602],[-118.39072,35.44607],[-118.39079,35.44615],[-118.3908,35.4462],[-118.39075,35.44629],[-118.39067,35.44636],[-118.39032,35.44649],[-118.39016,35.4465],[-118.38986,35.4465],[-118.38956,35.44651],[-118.38921,35.44648],[-118.38891,35.44645],[-118.38857,35.44638],[-118.38811,35.44628],[-118.38793,35.44624],[-118.38769,35.44614],[-118.38757,35.4461],[-118.38689,35.44553],[-118.38676,35.44538],[-118.3867,35.44528],[-118.38665,35.44515],[-118.38657,35.44504],[-118.38629,35.44471],[-118.38617,35.44462],[-118.38607,35.44458],[-118.38592,35.44456],[-118.3858,35.44457],[-118.38566,35.44459],[-118.3852,35.4447],[-118.38481,35.44481],[-118.38467,35.44484],[-118.38449,35.44484],[-118.3844,35.44483],[-118.38425,35.44478],[-118.38418,35.44475],[-118.38399,35.44464],[-118.38302,35.444],[-118.3829,35.44394],[-118.38277,35.44392],[-118.3826,35.4439],[-118.38243,35.44392],[-118.38227,35.44396],[-118.38207,35.44405],[-118.38199,35.44409],[-118.38184,35.44422],[-118.38165,35.44447]]}},{"type":"Feature","properties":{"name":"Piute Mountain Road","road_class":"unclassified","surface":"compacted","tracktype":"grade2","source":"OpenStreetMap","source_detail":"osm way 10407335","source_tile":"175/404"},"geometry":{"type":"LineString","coordinates":[[-118.37927,35.44843],[-118.37897,35.44834],[-118.37835,35.44794],[-118.37815,35.4478],[-118.37804,35.44773]]}},{"type":"Feature","properties":{"name":"SC123","road_class":"track","surface":"sand","tracktype":"grade5","source":"OpenStreetMap","source_detail":"osm way 10410273","source_tile":"176/404"},"geometry":{"type":"LineString","coordinates":[[-118.11895,35.3794],[-118.11885,35.37967],[-118.11882,35.37983],[-118.11879,35.38002],[-118.11872,35.38023],[-118.11865,35.38053],[-118.11858,35.38068],[-118.11848,35.38083],[-118.11839,35.3809],[-118.11821,35.38099],[-118.11813,35.38103],[-118.11797,35.38104],[-118.11787,35.38103],[-118.11782,35.381],[-118.11779,35.38098],[-118.11769,35.38097],[-118.11762,35.38097],[-118.11751,35.381],[-118.11703,35.38114],[-118.11674,35.38124],[-118.11661,35.38125],[-118.1164,35.3813],[-118.11628,35.38134],[-118.1162,35.38138],[-118.11616,35.38141],[-118.11608,35.38151],[-118.116,35.38157],[-118.11578,35.38166],[-118.11565,35.3817],[-118.11555,35.38172],[-118.11525,35.38174],[-118.11495,35.38175],[-118.11475,35.38173],[-118.11458,35.38173],[-118.11451,35.38174],[-118.11445,35.3818],[-118.11438,35.38192],[-118.11445,35.38198],[-118.11451,35.38201],[-118.11484,35.38226],[-118.1149,35.38231],[-118.11509,35.38245],[-118.11522,35.38256],[-118.11526,35.38262],[-118.11531,35.38272],[-118.11536,35.38288],[-118.11544,35.383],[-118.11549,35.38306],[-118.11566,35.38319],[-118.11579,35.38334],[-118.11601,35.3836],[-118.11616,35.38371],[-118.11629,35.38376],[-118.11644,35.3838],[-118.11646,35.3838],[-118.11674,35.38382],[-118.11695,35.38386],[-118.11712,35.38393],[-118.1173,35.38405],[-118.11734,35.38408],[-118.11746,35.38419],[-118.11772,35.38459],[-118.11781,35.38468],[-118.11788,35.38472],[-118.11813,35.38483],[-118.11838,35.38499],[-118.11868,35.38522],[-118.1189,35.38547],[-118.11915,35.38567],[-118.11931,35.38582],[-118.11934,35.38587],[-118.11947,35.38613],[-118.11957,35.38625],[-118.11969,35.38637],[-118.11982,35.38653],[-118.11989,35.38665],[-118.11992,35.38678],[-118.11995,35.38684],[-118.12001,35.3869],[-118.12017,35.38703],[-118.12032,35.38711],[-118.12042,35.38725],[-118.12045,35.38731],[-118.1205,35.38741],[-118.12064,35.38756],[-118.12099,35.3879],[-118.12109,35.38802],[-118.12117,35.38807],[-118.12123,35.38812],[-118.12133,35.38817],[-118.1215,35.38824],[-118.12178,35.38833],[-118.12224,35.38842],[-118.12251,35.38845],[-118.12272,35.38846],[-118.12296,35.38849],[-118.12301,35.38849],[-118.12307,35.38851],[-118.12314,35.38853],[-118.12323,35.38858],[-118.12337,35.38869],[-118.12412,35.38952],[-118.12438,35.38974],[-118.12449,35.38982],[-118.12453,35.38984],[-118.12466,35.38991],[-118.12488,35.38999],[-118.12498,35.39003],[-118.12506,35.39005],[-118.1253,35.39017],[-118.12549,35.39034],[-118.12553,35.39052],[-118.12555,35.39075],[-118.12558,35.39098],[-118.12559,35.39123],[-118.12557,35.39149],[-118.12564,35.39166],[-118.12572,35.39176],[-118.12588,35.39199],[-118.12592,35.39203],[-118.12597,35.39207],[-118.12602,35.3921],[-118.12615,35.39214],[-118.12635,35.39216],[-118.12646,35.3922],[-118.12662,35.39229],[-118.1267,35.39237],[-118.12682,35.39257],[-118.12707,35.39309],[-118.12707,35.3932],[-118.12706,35.39326],[-118.12699,35.39344],[-118.12698,35.39351],[-118.12698,35.39358],[-118.12699,35.39365],[-118.12703,35.39372],[-118.12714,35.39388],[-118.12729,35.39408],[-118.12743,35.39434],[-118.1275,35.39442],[-118.12757,35.39447],[-118.12758,35.39448],[-118.12776,35.39459],[-118.12786,35.39462],[-118.12795,35.39463],[-118.12814,35.3946],[-118.12818,35.3946],[-118.12828,35.39458],[-118.12832,35.39458],[-118.12838,35.3946],[-118.12848,35.39474],[-118.12853,35.39488],[-118.12855,35.39506],[-118.12859,35.39518],[-118.12867,35.39533],[-118.12878,35.39549],[-118.12891,35.39568],[-118.12909,35.39587],[-118.12918,35.39599],[-118.12934,35.39618],[-118.1294,35.3963],[-118.12942,35.39637],[-118.12944,35.39644],[-118.12944,35.39657],[-118.12948,35.39671],[-118.12951,35.39679],[-118.1296,35.39693],[-118.12982,35.39717],[-118.13008,35.39741],[-118.13021,35.39751],[-118.1303,35.39755],[-118.13046,35.39762],[-118.13065,35.39768],[-118.13073,35.39772],[-118.13099,35.39791],[-118.13119,35.39803],[-118.13152,35.3982],[-118.13165,35.39828],[-118.13179,35.39841],[-118.13205,35.39873],[-118.13215,35.39884],[-118.13234,35.39896],[-118.1324,35.39903],[-118.13244,35.39914],[-118.13243,35.39924],[-118.13241,35.3993],[-118.13243,35.39939],[-118.13243,35.39941],[-118.13249,35.3995],[-118.1326,35.3996],[-118.13263,35.39962],[-118.13282,35.39973],[-118.13332,35.4003],[-118.13354,35.40061],[-118.13368,35.40087],[-118.13374,35.40094],[-118.13385,35.40105],[-118.13404,35.40117],[-118.13425,35.40134],[-118.13436,35.40147],[-118.13445,35.40161],[-118.1345,35.40172],[-118.13463,35.40223],[-118.13469,35.40236],[-118.13476,35.40247],[-118.13486,35.40261],[-118.13504,35.40274],[-118.13532,35.40293],[-118.13556,35.40306],[-118.13583,35.4032],[-118.13596,35.40326],[-118.13606,35.40331],[-118.13616,35.40336],[-118.13628,35.40345],[-118.13639,35.40353],[-118.13654,35.40362],[-118.13663,35.4037],[-118.13669,35.40376],[-118.1371,35.40421],[-118.13724,35.40435],[-118.13736,35.40447],[-118.13744,35.40458],[-118.13757,35.40481],[-118.13794,35.40522],[-118.13797,35.40526],[-118.13819,35.40546],[-118.13846,35.40562],[-118.13865,35.40577],[-118.13879,35.40589],[-118.13905,35.40617],[-118.13918,35.40632],[-118.13936,35.40653],[-118.13944,35.40658],[-118.13965,35.40665],[-118.13994,35.40676],[-118.14005,35.40681],[-118.14024,35.40696],[-118.1403,35.40702],[-118.14042,35.4072],[-118.14045,35.40726],[-118.14057,35.40747],[-118.14059,35.4075],[-118.14086,35.4079],[-118.14169,35.40895],[-118.14177,35.40904],[-118.14182,35.40917],[-118.14183,35.40928],[-118.14181,35.40944],[-118.14181,35.40948],[-118.14182,35.40951],[-118.14185,35.40956],[-118.1419,35.40963],[-118.14197,35.40969],[-118.14206,35.40974],[-118.14225,35.40982],[-118.14245,35.40992],[-118.14258,35.40998],[-118.14277,35.41013],[-118.14287,35.41024],[-118.14293,35.41033],[-118.14296,35.41042],[-118.14297,35.41044],[-118.14303,35.41052],[-118.14312,35.4106],[-118.14319,35.41065],[-118.14348,35.41084],[-118.1436,35.4109],[-118.14381,35.41102],[-118.14395,35.41114],[-118.14423,35.41141],[-118.14435,35.41155],[-118.14451,35.4119],[-118.14457,35.41198],[-118.14514,35.41257],[-118.1455,35.41299],[-118.14572,35.41313],[-118.14577,35.41317],[-118.14596,35.41339],[-118.14602,35.41344],[-118.1462,35.41355],[-118.14625,35.4136],[-118.14638,35.41369],[-118.14645,35.41375],[-118.14652,35.41383],[-118.14656,35.41389],[-118.14672,35.41411],[-118.14685,35.41423],[-118.14708,35.41443],[-118.14718,35.41452],[-118.14728,35.41462],[-118.14735,35.41471],[-118.14745,35.41487],[-118.14751,35.41496],[-118.1476,35.41515],[-118.14768,35.4153],[-118.14775,35.41544],[-118.14796,35.41582],[-118.14803,35.41591],[-118.14811,35.41598],[-118.1485,35.41622],[-118.14886,35.41641],[-118.14919,35.41664],[-118.14929,35.41672],[-118.14965,35.41705],[-118.15,35.41735],[-118.15038,35.41764],[-118.15081,35.41804],[-118.15121,35.41841],[-118.15271,35.41993],[-118.15345,35.42086],[-118.15367,35.42115],[-118.15379,35.42128],[-118.15388,35.4214],[-118.15396,35.42153],[-118.15404,35.4217],[-118.15425,35.42204],[-118.15441,35.42227],[-118.15451,35.42237],[-118.15482,35.42275],[-118.15491,35.42283],[-118.15548,35.4233],[-118.15592,35.42369],[-118.15598,35.42377],[-118.15608,35.42387],[-118.15627,35.42401],[-118.15649,35.42417],[-118.15666,35.42426],[-118.15694,35.4244],[-118.15711,35.42452],[-118.1577,35.42497],[-118.15795,35.42513],[-118.15827,35.42531],[-118.15835,35.4254],[-118.15842,35.4255],[-118.15855,35.42561],[-118.1587,35.42572],[-118.15888,35.42585],[-118.15895,35.42592],[-118.15906,35.42614],[-118.15913,35.42623],[-118.15945,35.42655],[-118.15956,35.42672],[-118.15962,35.42685],[-118.15969,35.42702],[-118.15976,35.42712],[-118.15986,35.42726],[-118.16007,35.42745],[-118.16017,35.42751],[-118.16035,35.42759],[-118.16042,35.42764],[-118.16134,35.42867],[-118.16313,35.43052],[-118.16322,35.43059],[-118.16331,35.43065],[-118.16343,35.43071],[-118.16353,35.43076],[-118.16364,35.43079],[-118.16376,35.43082],[-118.16391,35.43084],[-118.16405,35.43083],[-118.16418,35.43086],[-118.16429,35.43092],[-118.16439,35.431],[-118.16445,35.43105],[-118.16457,35.43124],[-118.16467,35.43133],[-118.16532,35.43175],[-118.16547,35.43188],[-118.16549,35.43193],[-118.16562,35.43219],[-118.16567,35.43226],[-118.16575,35.43231],[-118.16586,35.43237],[-118.16615,35.43245],[-118.16642,35.43258],[-118.16649,35.43263],[-118.16687,35.43297],[-118.16694,35.43304],[-118.16705,35.43312],[-118.16717,35.4332],[-118.16727,35.43329],[-118.16732,35.43336],[-118.16757,35.43362],[-118.16788,35.43388],[-118.16795,35.43402],[-118.16804,35.43414],[-118.16814,35.43425],[-118.16817,35.43431],[-118.16819,35.43437],[-118.16823,35.43442],[-118.16888,35.43513],[-118.16898,35.43532],[-118.16907,35.43559],[-118.16914,35.43569],[-118.1692,35.43575],[-118.16931,35.43582],[-118.16962,35.43596],[-118.16997,35.43616],[-118.17031,35.43642],[-118.17039,35.4365],[-118.17045,35.43657],[-118.17057,35.43679],[-118.17064,35.43687],[-118.17071,35.43695],[-118.1708,35.43702],[-118.17089,35.43708],[-118.17098,35.43713],[-118.17115,35.43719],[-118.17123,35.43723],[-118.17143,35.43737],[-118.17151,35.43742],[-118.17179,35.43753],[-118.172,35.4376],[-118.17209,35.43765],[-118.17217,35.43772],[-118.17237,35.43804],[-118.1725,35.43817],[-118.17272,35.43837],[-118.17281,35.43843],[-118.17295,35.4385],[-118.17319,35.43855],[-118.17339,35.43858],[-118.17367,35.43864],[-118.17388,35.43871],[-118.17404,35.43877],[-118.1742,35.43886],[-118.17433,35.43896],[-118.17439,35.43902],[-118.17449,35.4392],[-118.17455,35.43928],[-118.17467,35.43938],[-118.17484,35.4395],[-118.17529,35.43974],[-118.17537,35.43976],[-118.1757,35.43984],[-118.17589,35.4399],[-118.1761,35.44],[-118.17621,35.44005],[-118.17629,35.44009],[-118.17658,35.44029],[-118.17672,35.44038],[-118.17687,35.44046],[-118.17698,35.44053],[-118.17709,35.44062],[-118.17751,35.44104],[-118.17783,35.44129],[-118.17803,35.44143],[-118.1782,35.44152],[-118.17831,35.44167],[-118.17833,35.44171],[-118.17845,35.44182],[-118.1786,35.44195],[-118.17879,35.4421],[-118.17884,35.44214],[-118.17894,35.4422],[-118.17904,35.44224],[-118.17914,35.44226],[-118.17941,35.44229],[-118.1798,35.44237],[-118.18046,35.44251],[-118.1807,35.44262],[-118.18092,35.44271],[-118.18103,35.44277],[-118.18132,35.44289],[-118.18144,35.44292],[-118.18162,35.44297],[-118.18177,35.443],[-118.18185,35.44303],[-118.18236,35.44324],[-118.18281,35.44346],[-118.18325,35.44369],[-118.18398,35.44414],[-118.18415,35.44422],[-118.18421,35.44425],[-118.18438,35.44432],[-118.18451,35.44435],[-118.18459,35.44437],[-118.18474,35.44445],[-118.18514,35.44467],[-118.18528,35.44474],[-118.18539,35.44479],[-118.18558,35.44485],[-118.18612,35.44487],[-118.18627,35.44489],[-118.18642,35.44491],[-118.18648,35.44494],[-118.18649,35.44495],[-118.18652,35.44497],[-118.18666,35.445],[-118.18705,35.44503],[-118.1872,35.44506],[-118.18743,35.44509],[-118.18754,35.44508],[-118.18759,35.44506],[-118.18773,35.44498],[-118.18783,35.44493],[-118.18791,35.4449],[-118.18793,35.4449],[-118.188,35.4449],[-118.18806,35.44494],[-118.18811,35.44499],[-118.18816,35.44509],[-118.18822,35.44513],[-118.18824,35.44514],[-118.18832,35.44517],[-118.18854,35.44517],[-118.18883,35.44515],[-118.18904,35.44517],[-118.18914,35.4452],[-118.18953,35.4453],[-118.18972,35.44539],[-118.18978,35.44544],[-118.18994,35.4456],[-118.19026,35.44588],[-118.19033,35.44593],[-118.19047,35.44602],[-118.19065,35.44612],[-118.19081,35.44617],[-118.19112,35.44624],[-118.19132,35.44629],[-118.1915,35.44635],[-118.1916,35.44637],[-118.19183,35.44642],[-118.19201,35.44646],[-118.19217,35.44648],[-118.19227,35.44648],[-118.19236,35.44647],[-118.19253,35.44643],[-118.19262,35.44642],[-118.19271,35.44642],[-118.19289,35.44645],[-118.19303,35.44646],[-118.19337,35.44645],[-118.19359,35.44645],[-118.19401,35.44648],[-118.19422,35.44654],[-118.19427,35.44656],[-118.19435,35.4466],[-118.19446,35.44663],[-118.1945,35.44665],[-118.19452,35.44666],[-118.19467,35.44675],[-118.19477,35.44683],[-118.19486,35.44693],[-118.19495,35.44701],[-118.19502,35.44705],[-118.19505,35.44707],[-118.19514,35.44711],[-118.19537,35.44717],[-118.19576,35.4472],[-118.19604,35.44729],[-118.19627,35.44727],[-118.19653,35.44722],[-118.19701,35.44714],[-118.19711,35.44711],[-118.19732,35.44717],[-118.19734,35.44718],[-118.19745,35.44723],[-118.19765,35.44738],[-118.1977,35.4474],[-118.1978,35.44743],[-118.19794,35.44745],[-118.19817,35.44745],[-118.19836,35.44748],[-118.1986,35.4476],[-118.19864,35.44762],[-118.19876,35.44769],[-118.19895,35.4479],[-118.19898,35.44793],[-118.19904,35.44796],[-118.19916,35.44801],[-118.19941,35.44813],[-118.19956,35.44818],[-118.19964,35.4482],[-118.19973,35.44824],[-118.19992,35.44833],[-118.20006,35.44843],[-118.20019,35.44854],[-118.20026,35.4487],[-118.20027,35.44885],[-118.20033,35.44894],[-118.20047,35.44908],[-118.20073,35.44926],[-118.20101,35.44945],[-118.20104,35.44947],[-118.20115,35.44953],[-118.20117,35.44954],[-118.2013,35.4496],[-118.20169,35.44971],[-118.20201,35.44977],[-118.20234,35.44985],[-118.2025,35.44993],[-118.20252,35.44994],[-118.20263,35.45003],[-118.20275,35.45014],[-118.20283,35.45024],[-118.20291,35.45037],[-118.20293,35.45047],[-118.20293,35.45061],[-118.203,35.45075],[-118.20307,35.45078],[-118.20317,35.4508],[-118.20324,35.45082],[-118.20336,35.45088],[-118.20342,35.45094],[-118.20346,35.451],[-118.20348,35.45105],[-118.20352,35.4511],[-118.20354,35.45128],[-118.20356,35.45132],[-118.20361,35.45137],[-118.20376,35.45145],[-118.20403,35.45153],[-118.20421,35.45165],[-118.20428,35.45169],[-118.2044,35.45194],[-118.20443,35.45206],[-118.20431,35.45255],[-118.2043,35.45267],[-118.20437,35.45281],[-118.20441,35.45287]]}},{"type":"Feature","properties":{"name":"Rocky Lane","road_class":"track","surface":"dirt","tracktype":"grade3","source":"OpenStreetMap","source_detail":"osm way 10417564","source_tile":"175/404"},"geometry":{"type":"LineString","coordinates":[[-118.32543,35.40384],[-118.32573,35.40395],[-118.32595,35.40399],[-118.32625,35.40397],[-118.32637,35.40397],[-118.32659,35.4039],[-118.32688,35.40381],[-118.32714,35.40387],[-118.32751,35.40412],[-118.32776,35.40417],[-118.32808,35.40418],[-118.32822,35.40422],[-118.32842,35.40431],[-118.32871,35.40434]]}},{"type":"Feature","properties":{"name":"Franceschi Mine Road","road_class":"track","surface":"dirt","tracktype":"grade3","source":"OpenStreetMap","source_detail":"osm way 10419718","source_tile":"175/404"},"geometry":{"type":"LineString","coordinates":[[-118.3081,35.40543],[-118.30831,35.40559],[-118.30858,35.40586],[-118.30875,35.40603],[-118.3088,35.40611],[-118.3088,35.40621],[-118.30877,35.40629],[-118.30877,35.40641],[-118.30881,35.40646],[-118.30907,35.40666],[-118.30916,35.40671],[-118.30923,35.40671],[-118.30928,35.40671],[-118.30934,35.40666],[-118.30937,35.40663],[-118.3094,35.40652],[-118.30944,35.40631],[-118.30948,35.4062],[-118.30951,35.40618],[-118.30956,35.40615],[-118.30962,35.40615],[-118.30988,35.40626],[-118.30997,35.40629],[-118.31003,35.40629],[-118.3101,35.40628],[-118.31019,35.40626],[-118.31029,35.40623],[-118.31076,35.40601],[-118.31099,35.40593],[-118.31103,35.40592],[-118.31126,35.40594],[-118.31132,35.40593],[-118.31143,35.4059],[-118.31162,35.40582],[-118.31177,35.40577],[-118.31182,35.40576],[-118.31191,35.40577],[-118.31198,35.40579],[-118.31245,35.40601],[-118.31267,35.40617],[-118.31281,35.40622],[-118.31302,35.40629],[-118.31312,35.40632],[-118.31352,35.40652],[-118.31377,35.40667],[-118.31425,35.40693],[-118.31447,35.40704],[-118.3146,35.40705]]}},{"type":"Feature","properties":{"name":"Franceschi Mine Road","road_class":"track","surface":"dirt","tracktype":"grade3","source":"OpenStreetMap","source_detail":"osm way 10419739","source_tile":"175/404"},"geometry":{"type":"LineString","coordinates":[[-118.34142,35.37673],[-118.34137,35.37679],[-118.34136,35.37686],[-118.34139,35.37692],[-118.34145,35.37696],[-118.34167,35.37707],[-118.34176,35.37715],[-118.34183,35.37726],[-118.34185,35.37734],[-118.34187,35.37754],[-118.34184,35.3777],[-118.34178,35.3778],[-118.34164,35.37798],[-118.34135,35.3782],[-118.34134,35.37826],[-118.34135,35.37841],[-118.34137,35.3788],[-118.34136,35.37917],[-118.34147,35.37967],[-118.34148,35.38005],[-118.34144,35.38013],[-118.34133,35.38029],[-118.34124,35.38051],[-118.34107,35.38072],[-118.34106,35.38078],[-118.34108,35.38109],[-118.34107,35.38114],[-118.34102,35.38117],[-118.34098,35.38117],[-118.34053,35.38112],[-118.34039,35.38114],[-118.34028,35.38118],[-118.34017,35.38118],[-118.33997,35.38114],[-118.33989,35.38113],[-118.33984,35.38115],[-118.33981,35.38118],[-118.33971,35.38138],[-118.33963,35.38146],[-118.33934,35.3817],[-118.3388,35.38206],[-118.33863,35.3822],[-118.33837,35.38246],[-118.33815,35.38264],[-118.33808,35.38265],[-118.33787,35.38268],[-118.33783,35.3827],[-118.33769,35.38285],[-118.33765,35.38287],[-118.3375,35.38289],[-118.33746,35.38293],[-118.33737,35.38307],[-118.33733,35.38309],[-118.33663,35.38319],[-118.33643,35.38321],[-118.33635,35.3832],[-118.33605,35.38312],[-118.33595,35.38307],[-118.33591,35.38305],[-118.33573,35.38294],[-118.33564,35.38286],[-118.33549,35.38269],[-118.33541,35.38264],[-118.3353,35.38262],[-118.33516,35.38262],[-118.33494,35.38263],[-118.33478,35.38266],[-118.33471,35.38269],[-118.33463,35.38277],[-118.33454,35.38289],[-118.33449,35.38292],[-118.3341,35.38302],[-118.33406,35.38305],[-118.33406,35.38311],[-118.33407,35.3832],[-118.33419,35.38332],[-118.33433,35.38345],[-118.33436,35.38354],[-118.33437,35.38365],[-118.33434,35.3837],[-118.33427,35.38375],[-118.33414,35.38379],[-118.33408,35.38384],[-118.33406,35.38389],[-118.33409,35.38423],[-118.33407,35.3843],[-118.33404,35.38433],[-118.33394,35.38436],[-118.33371,35.38439],[-118.33365,35.38438],[-118.3335,35.3843],[-118.33341,35.38428],[-118.33325,35.38426],[-118.33277,35.38413],[-118.33264,35.38412],[-118.33255,35.38412],[-118.33226,35.38427],[-118.33221,35.38427],[-118.33216,35.38423],[-118.33196,35.38408],[-118.33186,35.38403],[-118.33172,35.38399],[-118.33163,35.384],[-118.33145,35.38406],[-118.33137,35.38411],[-118.33132,35.38421],[-118.33128,35.38435],[-118.33126,35.38437],[-118.33115,35.38448],[-118.33098,35.38461],[-118.33085,35.38474],[-118.33076,35.38479],[-118.33065,35.38482],[-118.33044,35.38485],[-118.33039,35.38484],[-118.33034,35.38481],[-118.33026,35.3847],[-118.33021,35.38467],[-118.33012,35.38466],[-118.33006,35.38467],[-118.32971,35.38479],[-118.32915,35.38506],[-118.32909,35.38511],[-118.32903,35.38528],[-118.32899,35.3853],[-118.32891,35.38528],[-118.32879,35.38524],[-118.32871,35.38526],[-118.32859,35.38531],[-118.32831,35.38547],[-118.32724,35.38604],[-118.3271,35.38618],[-118.32697,35.38644],[-118.32685,35.38657],[-118.32679,35.38662],[-118.32657,35.3867],[-118.32653,35.38672],[-118.3265,35.38678],[-118.32649,35.38682],[-118.32656,35.38717],[-118.32646,35.38735],[-118.32645,35.38752],[-118.32648,35.38757],[-118.32659,35.38772],[-118.32671,35.38799],[-118.32656,35.38823],[-118.32636,35.38829],[-118.32628,35.38833],[-118.32626,35.38838],[-118.32628,35.38842],[-118.32669,35.38841],[-118.32677,35.38839],[-118.32689,35.38814],[-118.32698,35.38801],[-118.32694,35.38784],[-118.32697,35.38766],[-118.32699,35.38756],[-118.32704,35.38755],[-118.32708,35.38757],[-118.32708,35.38761],[-118.32707,35.38767],[-118.32705,35.38776],[-118.32708,35.3879],[-118.32712,35.388],[-118.32712,35.38808],[-118.3271,35.38815],[-118.32708,35.38823],[-118.3271,35.38834],[-118.32716,35.38855],[-118.32716,35.38861],[-118.32715,35.38868],[-118.327,35.38872],[-118.32693,35.3888],[-118.32687,35.38892],[-118.32666,35.38907],[-118.32649,35.38921],[-118.32634,35.38923],[-118.32628,35.38925],[-118.32626,35.38927],[-118.32627,35.3893],[-118.32629,35.38933],[-118.32633,35.38935],[-118.32638,35.38935],[-118.32655,35.38934],[-118.32704,35.38916],[-118.32709,35.38913],[-118.32712,35.38914],[-118.32715,35.38918],[-118.32713,35.38923],[-118.32706,35.3893],[-118.32693,35.38936],[-118.32669,35.38951],[-118.32654,35.38961],[-118.3265,35.38967],[-118.32653,35.38971],[-118.32657,35.38973],[-118.32663,35.38971],[-118.32681,35.38962],[-118.32703,35.38957],[-118.32715,35.3895],[-118.32726,35.38942],[-118.32756,35.38929],[-118.32758,35.38923],[-118.32765,35.38917],[-118.32772,35.38917],[-118.32773,35.38923],[-118.32767,35.3893],[-118.32761,35.38932],[-118.32748,35.3894],[-118.32731,35.38957],[-118.32715,35.3898],[-118.32698,35.38996],[-118.32689,35.39006],[-118.32688,35.39012],[-118.32673,35.39037],[-118.32666,35.39042],[-118.32663,35.39047],[-118.3267,35.39051],[-118.32674,35.39049],[-118.32687,35.39032],[-118.3273,35.39002],[-118.32743,35.3899],[-118.32751,35.38987],[-118.32782,35.3897],[-118.32804,35.38961],[-118.32808,35.38956],[-118.32824,35.38941],[-118.32829,35.38945],[-118.32817,35.38959],[-118.32794,35.38974],[-118.32775,35.38995],[-118.32761,35.39006],[-118.32755,35.39016],[-118.32744,35.39038],[-118.32717,35.39071],[-118.32681,35.39127],[-118.32686,35.39132],[-118.32692,35.39131],[-118.32702,35.39113],[-118.32738,35.39083],[-118.32753,35.39073],[-118.32772,35.3906],[-118.32788,35.39045],[-118.32799,35.39039],[-118.32809,35.39032],[-118.32829,35.39021],[-118.32845,35.39011],[-118.32868,35.38998],[-118.32884,35.38987],[-118.3291,35.38974],[-118.32922,35.38963],[-118.32927,35.38956],[-118.32928,35.38945],[-118.32923,35.38914],[-118.32925,35.38913],[-118.32927,35.38912],[-118.3293,35.38914],[-118.32934,35.38932],[-118.32946,35.38958],[-118.32927,35.3898],[-118.32918,35.38987],[-118.32913,35.38993],[-118.32908,35.38997],[-118.32905,35.39005],[-118.329,35.39011],[-118.32893,35.3902],[-118.32888,35.39024],[-118.32883,35.39029],[-118.32889,35.39036],[-118.32885,35.39041],[-118.32875,35.39046],[-118.32844,35.39065],[-118.32827,35.39088],[-118.32816,35.39107],[-118.32791,35.39139],[-118.32774,35.39154],[-118.32772,35.39173],[-118.32763,35.3918],[-118.32761,35.39198],[-118.32722,35.39236],[-118.32701,35.39266],[-118.32666,35.39272],[-118.32627,35.39273],[-118.32624,35.39277],[-118.32627,35.39281],[-118.32632,35.39282],[-118.32641,35.39281],[-118.32654,35.39279],[-118.32671,35.39281],[-118.32704,35.3929],[-118.32699,35.39295],[-118.3269,35.39295],[-118.32667,35.39293],[-118.32647,35.39295],[-118.3261,35.39308],[-118.32599,35.3931],[-118.32583,35.39318],[-118.32559,35.39336],[-118.32553,35.39339],[-118.3255,35.39346],[-118.32553,35.3935],[-118.32555,35.39351],[-118.32563,35.3935],[-118.32573,35.3934],[-118.32585,35.39329],[-118.32596,35.39324],[-118.32605,35.39326],[-118.32621,35.39328],[-118.32646,35.39324],[-118.32666,35.39323],[-118.32675,35.39324],[-118.32695,35.39335],[-118.32711,35.39346],[-118.32725,35.39348],[-118.3274,35.39337],[-118.32758,35.39319],[-118.32767,35.39314],[-118.32779,35.39304],[-118.32784,35.39299],[-118.32789,35.39293],[-118.32795,35.39293],[-118.32796,35.39299],[-118.32776,35.39321],[-118.32748,35.39348],[-118.32748,35.39356],[-118.3274,35.39368],[-118.32724,35.39376],[-118.32691,35.39375],[-118.32679,35.39373],[-118.32668,35.39372],[-118.32652,35.39378],[-118.32636,35.3938],[-118.32619,35.39386],[-118.32614,35.39389],[-118.32606,35.39393],[-118.32522,35.39424],[-118.32511,35.39426],[-118.325,35.39428],[-118.32495,35.3943],[-118.3249,35.39434],[-118.32491,35.39436],[-118.32491,35.39439],[-118.32504,35.39439],[-118.3252,35.39435],[-118.3254,35.39431],[-118.32549,35.39432],[-118.32565,35.3943],[-118.32577,35.39422],[-118.32598,35.39412],[-118.32617,35.39412],[-118.32633,35.39416],[-118.32652,35.3942],[-118.32697,35.39429],[-118.32719,35.39431],[-118.32735,35.39426],[-118.3274,35.39428],[-118.3274,35.39435],[-118.3273,35.3944],[-118.32695,35.39434],[-118.32662,35.39437],[-118.32631,35.39436],[-118.32626,35.39439],[-118.32631,35.39448],[-118.3266,35.39448],[-118.32684,35.39446],[-118.32728,35.39459],[-118.32747,35.39463],[-118.32764,35.39463],[-118.32779,35.39456],[-118.32785,35.3944],[-118.32794,35.39435],[-118.32791,35.3945],[-118.32782,35.39465],[-118.32774,35.39475],[-118.32767,35.39483],[-118.32751,35.39485],[-118.32744,35.39492],[-118.32754,35.39501],[-118.32767,35.39502],[-118.32802,35.39501],[-118.3281,35.39516],[-118.32814,35.39531],[-118.32817,35.39564],[-118.32816,35.39578],[-118.3282,35.39585],[-118.32828,35.39601],[-118.32846,35.39613],[-118.32854,35.39624],[-118.32867,35.39666]]}},{"type":"Feature","properties":{"name":"Franceschi Mine Road","road_class":"track","surface":"dirt","tracktype":"grade3","source":"OpenStreetMap","source_detail":"osm way 10419746","source_tile":"175/404"},"geometry":{"type":"LineString","coordinates":[[-118.3146,35.40705],[-118.3147,35.40702],[-118.31479,35.40693],[-118.3151,35.40666],[-118.31531,35.40655],[-118.31548,35.40645],[-118.31568,35.40637],[-118.31619,35.40633],[-118.31654,35.40624],[-118.31663,35.40619],[-118.31674,35.40612],[-118.31688,35.40604],[-118.31696,35.40594],[-118.31703,35.40582],[-118.31708,35.40552],[-118.31709,35.40543],[-118.31715,35.40534],[-118.31722,35.40528],[-118.31731,35.40526],[-118.31744,35.40523],[-118.31771,35.4052],[-118.31794,35.40523],[-118.31844,35.40526],[-118.3188,35.40534],[-118.31895,35.40537],[-118.31909,35.40536],[-118.3193,35.40532],[-118.31942,35.40531],[-118.31955,35.40532],[-118.31966,35.40537],[-118.32004,35.40557],[-118.32025,35.40564],[-118.32043,35.40567],[-118.32076,35.40574],[-118.32098,35.4058],[-118.32122,35.40587],[-118.32178,35.40619],[-118.32244,35.40639],[-118.32295,35.40672],[-118.32303,35.40675],[-118.3234,35.40683],[-118.32402,35.40698],[-118.32429,35.40702],[-118.3247,35.40707],[-118.32539,35.40705],[-118.32548,35.40707],[-118.32622,35.40724],[-118.32628,35.40724],[-118.32633,35.40722],[-118.32655,35.40711],[-118.32671,35.40694],[-118.3269,35.40678],[-118.32706,35.4067],[-118.32723,35.40665],[-118.32749,35.40661],[-118.3276,35.40661],[-118.32829,35.40675],[-118.32847,35.40679],[-118.32876,35.4068],[-118.32908,35.40675],[-118.32941,35.4067],[-118.33002,35.40667],[-118.33016,35.40668],[-118.33054,35.40677],[-118.33069,35.40681],[-118.33073,35.40681],[-118.33077,35.40679],[-118.33098,35.40664],[-118.33105,35.40659],[-118.3312,35.40656],[-118.3315,35.40654]]}},{"type":"Feature","properties":{"name":"FR 29S03","road_class":"track","surface":"dirt","tracktype":"grade3","source":"OpenStreetMap","source_detail":"osm way 10419768","source_tile":"175/404"},"geometry":{"type":"LineString","coordinates":[[-118.33934,35.41006],[-118.33987,35.40976],[-118.34008,35.40966],[-118.34021,35.40962],[-118.34029,35.40961],[-118.34042,35.4096],[-118.34062,35.40964],[-118.34077,35.4097],[-118.34095,35.40981],[-118.34126,35.41009],[-118.34179,35.41036],[-118.34222,35.41063],[-118.34235,35.41069],[-118.34256,35.41075],[-118.34277,35.41072],[-118.34292,35.41069],[-118.34349,35.41046],[-118.34359,35.41044],[-118.34371,35.41045],[-118.34383,35.4105],[-118.34395,35.41059],[-118.34405,35.41072],[-118.34412,35.41086],[-118.34411,35.41122],[-118.34398,35.41151],[-118.344,35.41181],[-118.34403,35.41189],[-118.34414,35.41204],[-118.34423,35.41212],[-118.34428,35.41215],[-118.34443,35.41217],[-118.34487,35.41221],[-118.34501,35.41225],[-118.3452,35.41231],[-118.3453,35.41237],[-118.34537,35.41243],[-118.34539,35.4125],[-118.34539,35.41262],[-118.34538,35.41265],[-118.34535,35.4127],[-118.34532,35.41274],[-118.34521,35.4128],[-118.34405,35.41315],[-118.34394,35.41321],[-118.34387,35.41327],[-118.34382,35.41335],[-118.34381,35.41344],[-118.34389,35.41378],[-118.34387,35.41388],[-118.34375,35.41424],[-118.34375,35.41438],[-118.34381,35.41478],[-118.34381,35.41487],[-118.34378,35.41531],[-118.34381,35.41539],[-118.34384,35.41542],[-118.34411,35.41567],[-118.34425,35.41574],[-118.34451,35.41584],[-118.34486,35.41598],[-118.34494,35.41603],[-118.34546,35.41657],[-118.34577,35.41692],[-118.34595,35.4171],[-118.34601,35.41716],[-118.3465,35.41755],[-118.34692,35.41799],[-118.34699,35.41808],[-118.34701,35.41814],[-118.34702,35.4183],[-118.34701,35.41841],[-118.34696,35.41848],[-118.34681,35.4186],[-118.34664,35.41871],[-118.34658,35.41878],[-118.34646,35.419],[-118.34646,35.41908],[-118.3465,35.41921],[-118.34659,35.41937],[-118.34699,35.41984],[-118.34726,35.42009],[-118.34732,35.42016],[-118.34734,35.42023],[-118.34732,35.42033],[-118.3471,35.42096],[-118.34702,35.42128],[-118.347,35.42147],[-118.34706,35.42211],[-118.34709,35.42247],[-118.34723,35.42301],[-118.3472,35.42331],[-118.34749,35.42459],[-118.34763,35.42465],[-118.34772,35.4249],[-118.34794,35.42515],[-118.34843,35.42556],[-118.3485,35.42571],[-118.34854,35.4259],[-118.34849,35.42602],[-118.34861,35.42623],[-118.3487,35.4263],[-118.34889,35.42663],[-118.34892,35.4268],[-118.34893,35.42687],[-118.34897,35.42693],[-118.34905,35.42701],[-118.34926,35.42718],[-118.34946,35.42763],[-118.34967,35.42777],[-118.34984,35.42804],[-118.3499,35.42829],[-118.35009,35.42843],[-118.35058,35.42855],[-118.35074,35.4288],[-118.35089,35.4289],[-118.35092,35.42892],[-118.35118,35.42911],[-118.35127,35.42927],[-118.35124,35.42944],[-118.35126,35.42953],[-118.35133,35.42955],[-118.35142,35.42953],[-118.35151,35.42948],[-118.35158,35.42939],[-118.35162,35.42927],[-118.35168,35.42919],[-118.35176,35.42913],[-118.35188,35.42909],[-118.35214,35.42912],[-118.35234,35.42914],[-118.35247,35.4292],[-118.35282,35.42947],[-118.3529,35.42956],[-118.35294,35.42968],[-118.35296,35.4298],[-118.35301,35.42988],[-118.35316,35.43],[-118.35349,35.43024],[-118.35372,35.4305],[-118.35411,35.43087],[-118.35444,35.43092],[-118.35463,35.43098],[-118.35472,35.43104],[-118.3548,35.43118],[-118.35474,35.43135],[-118.35461,35.4317],[-118.35461,35.43178],[-118.35447,35.43188],[-118.35442,35.432],[-118.35408,35.43248],[-118.35392,35.43262],[-118.35381,35.43267],[-118.35358,35.43269],[-118.35343,35.43272],[-118.3533,35.43281],[-118.35321,35.43293],[-118.35319,35.43303],[-118.35319,35.43312],[-118.35304,35.43322],[-118.353,35.43325],[-118.35302,35.43331],[-118.35311,35.43335],[-118.35363,35.43358],[-118.35378,35.43352],[-118.35382,35.43349],[-118.35386,35.43347],[-118.3539,35.43346],[-118.35402,35.43349]]}},{"type":"Feature","properties":{"name":"Sorrel Peak Road","road_class":"track","surface":"dirt","tracktype":"grade3","source":"OpenStreetMap","source_detail":"osm way 10419835","source_tile":"175/404"},"geometry":{"type":"LineString","coordinates":[[-118.28187,35.40475],[-118.28188,35.40482],[-118.28193,35.40487],[-118.28206,35.40489],[-118.2822,35.40486],[-118.28243,35.40485],[-118.28281,35.40485],[-118.28296,35.40487],[-118.28317,35.40494],[-118.28335,35.40501],[-118.28362,35.40513],[-118.28395,35.40531],[-118.28401,35.40532],[-118.28411,35.40533],[-118.28433,35.4053],[-118.28437,35.40531],[-118.28446,35.40541],[-118.28452,35.40549],[-118.28458,35.40565],[-118.28458,35.40571],[-118.28461,35.40587],[-118.28465,35.40598],[-118.28469,35.40603],[-118.28474,35.40606],[-118.28478,35.40607],[-118.28485,35.40605],[-118.2849,35.40601],[-118.28499,35.40588],[-118.28503,35.40578],[-118.28509,35.4057],[-118.28512,35.40564],[-118.28521,35.40555],[-118.28532,35.40547],[-118.2854,35.40544],[-118.28547,35.40542],[-118.28555,35.40541],[-118.28564,35.40541],[-118.2858,35.40546],[-118.28596,35.40552],[-118.28619,35.4056],[-118.28647,35.40584],[-118.28659,35.40592],[-118.2867,35.40593],[-118.28696,35.4059],[-118.287,35.4059],[-118.28706,35.40592],[-118.28711,35.40594],[-118.28715,35.406],[-118.28719,35.40624],[-118.2872,35.40627],[-118.28728,35.40633],[-118.28731,35.40634],[-118.28741,35.40634],[-118.28749,35.40631],[-118.28765,35.40625],[-118.28779,35.40624],[-118.28785,35.40625],[-118.288,35.40631],[-118.28824,35.40649],[-118.28851,35.40664],[-118.28864,35.40669],[-118.2888,35.40672],[-118.28888,35.40675],[-118.28896,35.40681],[-118.28901,35.40688],[-118.28903,35.40697],[-118.28905,35.40715],[-118.28914,35.40737],[-118.28914,35.40742],[-118.28913,35.4075],[-118.28907,35.40763],[-118.28894,35.40786],[-118.28876,35.40806],[-118.28869,35.40813],[-118.28865,35.40818],[-118.28864,35.40825],[-118.28865,35.40832],[-118.28871,35.40838],[-118.28876,35.40841],[-118.28883,35.40844],[-118.28886,35.40844],[-118.28896,35.4084],[-118.28912,35.4083],[-118.28919,35.40828],[-118.28928,35.40826],[-118.28942,35.40825],[-118.2895,35.40827],[-118.28955,35.40832],[-118.28956,35.40838],[-118.28956,35.40844],[-118.28946,35.40863],[-118.28944,35.40874],[-118.28943,35.40882],[-118.28948,35.4089],[-118.28951,35.40893],[-118.28984,35.4091],[-118.28996,35.4092],[-118.29011,35.4094],[-118.29012,35.40948],[-118.29011,35.40953],[-118.29007,35.40961],[-118.29003,35.40968],[-118.28989,35.40982],[-118.2898,35.40988],[-118.28976,35.40993],[-118.28967,35.41016],[-118.2896,35.41029],[-118.28947,35.41044],[-118.28924,35.41068],[-118.28909,35.41083],[-118.289,35.41099],[-118.28886,35.41122],[-118.28874,35.41141],[-118.2887,35.41148],[-118.2887,35.41162],[-118.2887,35.41182],[-118.28873,35.41191],[-118.28875,35.412],[-118.28883,35.41209],[-118.28893,35.41223],[-118.28894,35.41233],[-118.28896,35.4124],[-118.28895,35.41246],[-118.28893,35.41253],[-118.28892,35.4126],[-118.28893,35.41269],[-118.28895,35.41276],[-118.28899,35.41284],[-118.28906,35.4129],[-118.28922,35.41296],[-118.28928,35.41297],[-118.28941,35.41297],[-118.28954,35.41298],[-118.28962,35.41301],[-118.28981,35.41308],[-118.29002,35.41317],[-118.29029,35.41332],[-118.29035,35.41337],[-118.29048,35.41348],[-118.29064,35.41357],[-118.29073,35.41362],[-118.29092,35.41368],[-118.2911,35.41368],[-118.29135,35.41366],[-118.29152,35.41363],[-118.29159,35.41364],[-118.29164,35.41365],[-118.29169,35.41369],[-118.29173,35.41375],[-118.29174,35.41387],[-118.29174,35.414],[-118.29172,35.4141],[-118.29168,35.41417],[-118.29158,35.41432],[-118.29137,35.41451],[-118.29102,35.41486],[-118.29091,35.415],[-118.29086,35.41518],[-118.29084,35.41539],[-118.29093,35.41572],[-118.29094,35.41588],[-118.29098,35.41599],[-118.29109,35.41625],[-118.29119,35.41656],[-118.29121,35.41662],[-118.29127,35.41668],[-118.29137,35.41679],[-118.29143,35.41683],[-118.29147,35.41688],[-118.29153,35.41692],[-118.29159,35.41693],[-118.29164,35.41693],[-118.29174,35.4169],[-118.29191,35.41684],[-118.292,35.41681],[-118.29207,35.41681],[-118.29213,35.41681],[-118.2922,35.41683],[-118.29235,35.41691],[-118.29248,35.41704],[-118.29262,35.41712],[-118.29274,35.41715],[-118.29288,35.41713],[-118.29305,35.41712],[-118.29319,35.41713],[-118.2933,35.41716],[-118.29338,35.41722],[-118.29346,35.41732],[-118.29353,35.41749],[-118.29359,35.41767],[-118.29364,35.41794],[-118.29364,35.41805],[-118.29366,35.4181],[-118.29368,35.41813],[-118.29372,35.41815],[-118.29382,35.41818],[-118.29399,35.41817],[-118.29415,35.41815],[-118.29425,35.41816],[-118.29431,35.41819],[-118.29448,35.41828],[-118.2947,35.41837],[-118.29476,35.41842],[-118.29481,35.41847],[-118.29484,35.41854],[-118.29483,35.41866],[-118.29473,35.41931],[-118.2947,35.4195],[-118.29471,35.41958],[-118.29475,35.41964],[-118.2948,35.4197],[-118.29495,35.41979],[-118.29507,35.41982],[-118.29514,35.41986],[-118.2952,35.4199],[-118.29524,35.41998],[-118.29526,35.42011],[-118.29529,35.42032],[-118.29532,35.42043],[-118.29533,35.42052],[-118.29532,35.4206],[-118.29531,35.42067],[-118.29528,35.42072],[-118.29523,35.42076],[-118.29517,35.4208],[-118.29492,35.4209],[-118.2947,35.42109],[-118.2945,35.42117],[-118.29441,35.42122],[-118.29436,35.42127],[-118.29431,35.42142],[-118.29431,35.4215],[-118.29434,35.42159],[-118.29448,35.42181],[-118.29452,35.42188],[-118.29453,35.42197],[-118.29453,35.42204],[-118.29452,35.42211],[-118.29446,35.42217],[-118.29438,35.4222],[-118.29428,35.42222],[-118.29415,35.42222],[-118.2939,35.42217],[-118.29378,35.42214],[-118.29372,35.42211],[-118.29364,35.42209],[-118.29359,35.42209],[-118.29353,35.42211],[-118.29349,35.42215],[-118.29346,35.4222],[-118.29344,35.4223],[-118.29346,35.42236],[-118.29351,35.42243],[-118.29364,35.42252],[-118.29396,35.42278],[-118.29407,35.42285],[-118.29424,35.42293],[-118.29431,35.42305],[-118.29434,35.42312],[-118.29435,35.42318],[-118.29434,35.42323],[-118.29427,35.42334],[-118.29418,35.42346],[-118.29413,35.42351],[-118.29407,35.42356],[-118.29373,35.42364],[-118.29361,35.4237],[-118.29357,35.42377],[-118.29359,35.42382],[-118.29363,35.42385],[-118.29374,35.42388],[-118.29395,35.42388],[-118.29404,35.4239],[-118.29415,35.42396],[-118.29422,35.42412],[-118.29422,35.42417],[-118.29421,35.42421],[-118.29418,35.42424],[-118.29413,35.42426],[-118.29408,35.42424],[-118.29399,35.4242],[-118.29388,35.42413],[-118.29383,35.42412],[-118.29375,35.42411],[-118.29357,35.42411],[-118.29341,35.42409],[-118.29311,35.42396],[-118.29285,35.42386],[-118.29275,35.42385],[-118.2927,35.42387],[-118.29266,35.4239],[-118.29264,35.42396],[-118.29265,35.42403],[-118.29272,35.42418],[-118.29271,35.42426],[-118.29267,35.42432],[-118.29235,35.42455],[-118.2923,35.42461],[-118.29226,35.42476],[-118.29223,35.42503],[-118.29219,35.42512],[-118.2919,35.42545],[-118.2917,35.42563],[-118.29148,35.4258],[-118.29135,35.42588],[-118.29121,35.42597],[-118.29112,35.42604],[-118.29103,35.42612],[-118.29088,35.42636],[-118.29084,35.4264],[-118.29076,35.42645],[-118.29058,35.42651],[-118.29026,35.42656],[-118.28997,35.42659],[-118.28989,35.42662],[-118.28983,35.42665],[-118.28978,35.4267],[-118.28975,35.42675],[-118.28975,35.42681],[-118.2899,35.42726],[-118.28991,35.42735],[-118.2899,35.42767],[-118.28991,35.42773],[-118.28996,35.42782],[-118.29,35.42787],[-118.29014,35.428],[-118.29037,35.42819],[-118.29072,35.42844],[-118.29084,35.42851],[-118.29106,35.42862],[-118.29115,35.42866],[-118.29126,35.42869],[-118.2915,35.42872],[-118.29193,35.42874],[-118.29225,35.42872],[-118.29261,35.42867],[-118.29274,35.42867],[-118.2928,35.42869],[-118.29286,35.42874],[-118.2929,35.42879],[-118.29293,35.42891],[-118.29295,35.4292],[-118.29298,35.42954],[-118.29295,35.4297],[-118.29292,35.42979],[-118.29284,35.42994],[-118.2928,35.43014],[-118.29279,35.43024],[-118.29285,35.43076],[-118.29285,35.43086],[-118.29289,35.43108],[-118.29302,35.43137],[-118.29308,35.43145],[-118.29313,35.43155],[-118.29322,35.43166],[-118.29329,35.43183],[-118.29332,35.43193],[-118.29333,35.43204],[-118.29339,35.43226],[-118.2934,35.43235],[-118.29342,35.43243],[-118.29355,35.43268],[-118.29359,35.43275],[-118.29362,35.43283],[-118.2936,35.43294],[-118.29354,35.433],[-118.29346,35.43306],[-118.29329,35.43324],[-118.29324,35.43333],[-118.29323,35.43343],[-118.29324,35.43353],[-118.29327,35.43362],[-118.29331,35.4337],[-118.29337,35.43378],[-118.29346,35.43385],[-118.29356,35.43389],[-118.29371,35.43392],[-118.29384,35.43394],[-118.29407,35.43399],[-118.29416,35.43404],[-118.29428,35.43412],[-118.29436,35.43418],[-118.29444,35.43426],[-118.2945,35.43442],[-118.29453,35.43452],[-118.29467,35.43468],[-118.29472,35.43475],[-118.29474,35.43482],[-118.29475,35.43488],[-118.29472,35.43496],[-118.29455,35.43522],[-118.29449,35.4353],[-118.2944,35.43538],[-118.29431,35.43544],[-118.29423,35.43548],[-118.29403,35.43556],[-118.29369,35.43567],[-118.2932,35.43581],[-118.29213,35.43604],[-118.29165,35.43619],[-118.29145,35.4362],[-118.29115,35.43622],[-118.29092,35.43625],[-118.2907,35.4363],[-118.29059,35.43635],[-118.29039,35.43642],[-118.29025,35.43647],[-118.29011,35.43653],[-118.28984,35.43664]]}},{"type":"Feature","properties":{"name":"Landers Road","road_class":"track","surface":"dirt","tracktype":"grade3","source":"OpenStreetMap","source_detail":"osm way 10419861","source_tile":"175/404"},"geometry":{"type":"LineString","coordinates":[[-118.30342,35.44867],[-118.30351,35.44879],[-118.30358,35.44887],[-118.30363,35.44891],[-118.30368,35.44894],[-118.30385,35.44903],[-118.30422,35.44916],[-118.30457,35.44927],[-118.30503,35.44946],[-118.30526,35.44953],[-118.3054,35.44956],[-118.30571,35.4496],[-118.30618,35.44959],[-118.3063,35.44959],[-118.30655,35.44962],[-118.30681,35.44978],[-118.30695,35.44989],[-118.3072,35.45006],[-118.30728,35.4501],[-118.3074,35.45015],[-118.30756,35.45027],[-118.30779,35.45049],[-118.3079,35.45057],[-118.30797,35.45059],[-118.30813,35.45061],[-118.30845,35.45059],[-118.30874,35.45056],[-118.30924,35.45049],[-118.30943,35.45045],[-118.30998,35.45027],[-118.31029,35.4502],[-118.31046,35.45018],[-118.31064,35.45019],[-118.31073,35.45022],[-118.31108,35.45038],[-118.31179,35.45049],[-118.31191,35.45051],[-118.31202,35.45056],[-118.31221,35.45067],[-118.31226,35.45071],[-118.31276,35.45112],[-118.31336,35.45159],[-118.31342,35.45164],[-118.31346,35.45168],[-118.31352,35.45178],[-118.31352,35.45192],[-118.31344,35.45214],[-118.31327,35.45252],[-118.31299,35.4531],[-118.31295,35.45321],[-118.31293,35.45332],[-118.31295,35.45348],[-118.31296,35.45366],[-118.313,35.45379],[-118.31307,35.45393],[-118.31322,35.45409],[-118.31378,35.45465],[-118.3139,35.45476],[-118.31408,35.45488],[-118.31408,35.45489],[-118.31466,35.45511],[-118.3148,35.45518],[-118.31485,35.45523],[-118.31495,35.4553],[-118.31525,35.45557],[-118.3155,35.45574],[-118.31574,35.45594],[-118.31583,35.456],[-118.316,35.45605],[-118.31608,35.45606],[-118.31628,35.45606],[-118.31636,35.45606],[-118.31642,35.45604],[-118.31677,35.45586],[-118.31687,35.45584],[-118.31705,35.45578],[-118.31759,35.45572],[-118.31786,35.45569],[-118.31811,35.45565],[-118.31846,35.45565],[-118.31881,35.4557],[-118.31898,35.45572],[-118.31915,35.45571],[-118.31936,35.45571],[-118.31968,35.45569],[-118.31985,35.45567],[-118.32,35.45565],[-118.32031,35.45557],[-118.32057,35.45551],[-118.32071,35.45547],[-118.32111,35.4553]]}},{"type":"Feature","properties":{"name":"John Fremont Road","road_class":"track","surface":"dirt","tracktype":"grade3","source":"OpenStreetMap","source_detail":"osm way 10425191","source_tile":"175/404"},"geometry":{"type":"LineString","coordinates":[[-118.33113,35.3333],[-118.33072,35.33402],[-118.3306,35.33414],[-118.33043,35.33419],[-118.33007,35.33412],[-118.32967,35.33409],[-118.32927,35.33413],[-118.32878,35.33432],[-118.32845,35.33443],[-118.32811,35.33451],[-118.32743,35.33481],[-118.32682,35.33511],[-118.32652,35.3352],[-118.32607,35.33524],[-118.32571,35.33522],[-118.32554,35.33513],[-118.32533,35.33494],[-118.32522,35.33487],[-118.32508,35.3349],[-118.325,35.33514],[-118.32487,35.3353],[-118.32457,35.33546],[-118.32419,35.33551],[-118.32369,35.33544],[-118.32325,35.33545],[-118.32296,35.33554],[-118.32285,35.33563],[-118.32284,35.33574],[-118.32298,35.33582],[-118.32307,35.33597],[-118.32309,35.33616],[-118.32302,35.33629],[-118.3226,35.33677],[-118.32243,35.33689],[-118.32226,35.33693],[-118.32201,35.3369],[-118.32186,35.33695],[-118.32168,35.33705],[-118.32132,35.33738],[-118.32119,35.33743],[-118.32103,35.33744],[-118.32052,35.33741],[-118.32024,35.33746],[-118.31995,35.33756],[-118.31981,35.33771],[-118.31974,35.33782],[-118.31967,35.33792],[-118.31963,35.33812],[-118.31966,35.33834],[-118.31958,35.33852],[-118.31931,35.33859],[-118.31898,35.33862],[-118.31863,35.33862],[-118.31837,35.33868],[-118.31813,35.33866],[-118.31759,35.33858],[-118.31735,35.33856],[-118.31706,35.33856],[-118.31646,35.33844],[-118.31609,35.33836],[-118.31577,35.33837],[-118.31552,35.33831],[-118.31442,35.33806],[-118.31405,35.33791],[-118.31371,35.33769],[-118.31346,35.33753],[-118.31321,35.33744],[-118.31311,35.33742],[-118.31293,35.33744]]}},{"type":"Feature","properties":{"name":"Jawbone Canyon Road","road_class":"unclassified","surface":"compacted","tracktype":"grade2","source":"OpenStreetMap","source_detail":"osm way 10426703","source_tile":"175/404"},"geometry":{"type":"LineString","coordinates":[[-118.21705,35.37778],[-118.21821,35.37777],[-118.21954,35.37777],[-118.22314,35.37777],[-118.22325,35.37775],[-118.22334,35.37771],[-118.22343,35.37766],[-118.22356,35.37755],[-118.22376,35.3773],[-118.22405,35.37697],[-118.2244,35.37661],[-118.2246,35.37639],[-118.22479,35.37614],[-118.22516,35.37553],[-118.22588,35.37432],[-118.22597,35.37409],[-118.226,35.37397],[-118.22599,35.37343],[-118.226,35.37294],[-118.22603,35.37264],[-118.2261,35.37237],[-118.22618,35.37218],[-118.22655,35.37147],[-118.22666,35.37122],[-118.2267,35.37101],[-118.22677,35.3705],[-118.22679,35.37025],[-118.22687,35.37009],[-118.22711,35.36978],[-118.22763,35.36919],[-118.22779,35.36899],[-118.22788,35.36884],[-118.22794,35.36868],[-118.22798,35.36846],[-118.22802,35.36751],[-118.22808,35.36705],[-118.22817,35.36646],[-118.22835,35.36563],[-118.22849,35.36502],[-118.22858,35.36461],[-118.22865,35.36408],[-118.22865,35.3632],[-118.2286,35.36279],[-118.22861,35.36243],[-118.22863,35.36198],[-118.22875,35.36151],[-118.22888,35.36115],[-118.22903,35.36083],[-118.22923,35.36058],[-118.22948,35.36032],[-118.22978,35.36015],[-118.23021,35.35995],[-118.23067,35.35976],[-118.23107,35.35963],[-118.23144,35.35956],[-118.23193,35.3595],[-118.23257,35.35945],[-118.23319,35.35944],[-118.2335,35.35945],[-118.23387,35.35949],[-118.23449,35.35962],[-118.23471,35.35965],[-118.23492,35.35966],[-118.23529,35.35967],[-118.236,35.35978],[-118.23684,35.35987],[-118.23707,35.35987],[-118.23728,35.35985],[-118.23753,35.35977],[-118.23787,35.35966],[-118.23815,35.35955],[-118.23835,35.35945],[-118.23866,35.35928],[-118.23905,35.35912],[-118.23953,35.359],[-118.24002,35.35896],[-118.24025,35.35894],[-118.24047,35.35887],[-118.24169,35.35823],[-118.2419,35.35808],[-118.24247,35.3575],[-118.24289,35.35721],[-118.24303,35.35711],[-118.24315,35.35704],[-118.24325,35.35701],[-118.24336,35.35702],[-118.24347,35.35705],[-118.24353,35.3571],[-118.24358,35.35718],[-118.24358,35.35729],[-118.24352,35.35755],[-118.2435,35.35767],[-118.24353,35.35777],[-118.24364,35.35788],[-118.24415,35.35814],[-118.24477,35.35844],[-118.24502,35.35855],[-118.24521,35.3587],[-118.24542,35.35872],[-118.24559,35.35868],[-118.24571,35.35864],[-118.24581,35.35865],[-118.2459,35.35869],[-118.24595,35.35874],[-118.24601,35.35884],[-118.24607,35.35888],[-118.24615,35.35889],[-118.24624,35.3589],[-118.2464,35.35889],[-118.24672,35.35882],[-118.24699,35.35882],[-118.24713,35.35884],[-118.2472,35.35888],[-118.24747,35.35917],[-118.24761,35.35926],[-118.24798,35.35941],[-118.24816,35.35951],[-118.24872,35.35985],[-118.24906,35.36005],[-118.24916,35.3601],[-118.24928,35.36017],[-118.24955,35.36029],[-118.24984,35.36041],[-118.25007,35.36052],[-118.25017,35.36059],[-118.25055,35.36088],[-118.25098,35.36118],[-118.25135,35.36143],[-118.25172,35.36171],[-118.25195,35.36196],[-118.25205,35.36209],[-118.25216,35.36227],[-118.25234,35.36253],[-118.25256,35.36277],[-118.25277,35.36297],[-118.25337,35.36342],[-118.25351,35.3635],[-118.25363,35.36354],[-118.25387,35.36359],[-118.25423,35.36364],[-118.25447,35.36371],[-118.25491,35.36388],[-118.2551,35.36393],[-118.25541,35.36401],[-118.2556,35.36409],[-118.25594,35.36425],[-118.25616,35.36433],[-118.25653,35.36443],[-118.25692,35.36452],[-118.2572,35.36457],[-118.25748,35.36463],[-118.25764,35.36469],[-118.25781,35.36477],[-118.25796,35.36484],[-118.2581,35.36488],[-118.25827,35.3649],[-118.25853,35.36492],[-118.25875,35.36496],[-118.25895,35.36501],[-118.25913,35.36509],[-118.25963,35.36538],[-118.26009,35.36557],[-118.26059,35.36586],[-118.26078,35.36601],[-118.26087,35.36606],[-118.26094,35.36608],[-118.261,35.36608],[-118.26108,35.36604],[-118.26122,35.36596],[-118.26133,35.36594],[-118.26153,35.36594],[-118.26166,35.36597],[-118.26177,35.36596],[-118.26185,35.3659],[-118.262,35.36577],[-118.26211,35.36573],[-118.26223,35.36574],[-118.26302,35.36599],[-118.26316,35.36605],[-118.2634,35.36619],[-118.26388,35.36638],[-118.26402,35.36644],[-118.26406,35.36648],[-118.26409,35.36656],[-118.26411,35.36707],[-118.26416,35.36722],[-118.26424,35.36735],[-118.26442,35.36748],[-118.2649,35.36832],[-118.26497,35.3684],[-118.26507,35.36847],[-118.26518,35.36852],[-118.26545,35.36861],[-118.26595,35.36877],[-118.26602,35.3688],[-118.26609,35.36885],[-118.26613,35.3689],[-118.26617,35.36918],[-118.26622,35.36933],[-118.2663,35.36947],[-118.2664,35.36961],[-118.26656,35.36973],[-118.26685,35.36989],[-118.26699,35.37001],[-118.26715,35.37018],[-118.2673,35.37033],[-118.26745,35.37044],[-118.26752,35.37048],[-118.26765,35.37053],[-118.26805,35.37064],[-118.26852,35.37072],[-118.26867,35.37077],[-118.269,35.37092],[-118.2693,35.371],[-118.26948,35.37102],[-118.2698,35.37101],[-118.27003,35.37103],[-118.2703,35.37106],[-118.27061,35.37112],[-118.27138,35.37121],[-118.27151,35.37123],[-118.27193,35.3714],[-118.27205,35.37142],[-118.27244,35.37142],[-118.27258,35.37144],[-118.27267,35.37147],[-118.27272,35.37153],[-118.27275,35.3716],[-118.27275,35.37171],[-118.27268,35.3719],[-118.27271,35.37199],[-118.27279,35.3721],[-118.27293,35.37221],[-118.27303,35.37223],[-118.27343,35.37229],[-118.27355,35.37232],[-118.27367,35.37237],[-118.27403,35.37252],[-118.27409,35.37257],[-118.27415,35.37273],[-118.27416,35.37283],[-118.27418,35.37288],[-118.27422,35.37295],[-118.27431,35.373],[-118.27455,35.37307],[-118.27482,35.3732],[-118.27517,35.37342],[-118.27528,35.37348],[-118.27538,35.37349],[-118.27553,35.37344],[-118.27589,35.3733],[-118.27602,35.37328],[-118.27617,35.3733],[-118.27688,35.37342],[-118.27705,35.37344],[-118.27722,35.37351],[-118.27788,35.37376],[-118.278,35.37382],[-118.2781,35.3739],[-118.27819,35.374],[-118.27848,35.37426],[-118.27862,35.37435],[-118.27877,35.3744],[-118.27892,35.37441],[-118.27908,35.37441],[-118.27931,35.37439],[-118.27948,35.37439],[-118.27965,35.37446],[-118.27984,35.37455],[-118.27993,35.3746],[-118.27997,35.37468],[-118.28,35.3748],[-118.28008,35.3749],[-118.28024,35.37501],[-118.28034,35.37509],[-118.28046,35.37515],[-118.28054,35.37516],[-118.28057,35.37513],[-118.2806,35.37509],[-118.28058,35.37504],[-118.28054,35.37497],[-118.28048,35.37489],[-118.28043,35.3748],[-118.2804,35.37462],[-118.2803,35.37443],[-118.28024,35.37427],[-118.28026,35.37414],[-118.28034,35.374],[-118.28044,35.37385],[-118.2805,35.3738],[-118.28059,35.37381],[-118.28068,35.37385],[-118.28088,35.374],[-118.28125,35.37445],[-118.28144,35.3746],[-118.2818,35.37496],[-118.28188,35.37506],[-118.28197,35.3752],[-118.28217,35.37559],[-118.28224,35.37597],[-118.28233,35.37602],[-118.28244,35.37605],[-118.28261,35.37607],[-118.28278,35.37609],[-118.28297,35.37609],[-118.28313,35.3761],[-118.28333,35.37615],[-118.28369,35.37627],[-118.28381,35.37641],[-118.28393,35.37647],[-118.28405,35.37652],[-118.28408,35.37658],[-118.28408,35.37663],[-118.28404,35.3767],[-118.28392,35.37684],[-118.28386,35.37693],[-118.28386,35.37702],[-118.28392,35.37724],[-118.28402,35.3775],[-118.28396,35.37765],[-118.28396,35.37776],[-118.28403,35.37782],[-118.28412,35.37782],[-118.28417,35.3778],[-118.28434,35.37759],[-118.28451,35.37741],[-118.2846,35.37733],[-118.2847,35.37726],[-118.28491,35.37716],[-118.28498,35.37716],[-118.28501,35.37718],[-118.28503,35.37723],[-118.285,35.37729],[-118.28485,35.37742],[-118.28479,35.3775],[-118.28476,35.37761],[-118.28474,35.37777],[-118.28479,35.37788],[-118.28486,35.37801],[-118.28493,35.37811],[-118.28502,35.37816],[-118.2851,35.37827],[-118.28511,35.37835],[-118.28508,35.37849],[-118.2851,35.37865],[-118.28517,35.3788],[-118.28522,35.37889],[-118.28525,35.379],[-118.28526,35.37916],[-118.28524,35.37938],[-118.28518,35.37945],[-118.285,35.37952],[-118.28496,35.37956],[-118.28496,35.37958],[-118.28497,35.3796],[-118.28504,35.37962],[-118.28526,35.37959],[-118.28544,35.37957],[-118.28552,35.37954],[-118.28558,35.37946],[-118.28565,35.37929],[-118.28572,35.37917],[-118.28583,35.37902],[-118.28609,35.37878],[-118.28619,35.37868],[-118.28628,35.3786],[-118.28634,35.37862],[-118.28635,35.37869],[-118.28619,35.37894],[-118.28613,35.37912],[-118.28619,35.37937],[-118.28633,35.37961],[-118.28636,35.37973],[-118.28633,35.37999],[-118.28632,35.38009],[-118.2863,35.38018],[-118.28634,35.38041],[-118.28629,35.3806],[-118.28629,35.38069],[-118.28638,35.38074],[-118.28645,35.38073],[-118.28651,35.38066],[-118.28661,35.38042],[-118.28675,35.38023],[-118.28683,35.38015],[-118.287,35.37981],[-118.2871,35.37972],[-118.28728,35.37968],[-118.28741,35.37963],[-118.28747,35.37959],[-118.28755,35.37955],[-118.28761,35.37951],[-118.28768,35.3795],[-118.28772,35.37954],[-118.28772,35.37957],[-118.28747,35.38001],[-118.28745,35.38009],[-118.28747,35.3802],[-118.28759,35.38032],[-118.28765,35.38035],[-118.28774,35.38038],[-118.28782,35.38036],[-118.28788,35.3803],[-118.28793,35.38023],[-118.28808,35.38009],[-118.28819,35.38003],[-118.28829,35.38],[-118.28842,35.38],[-118.28854,35.38001],[-118.28864,35.38002],[-118.28883,35.37999],[-118.28897,35.37995],[-118.28912,35.37992],[-118.28915,35.37989],[-118.28916,35.37984],[-118.28923,35.37971],[-118.2893,35.37967],[-118.28934,35.3797],[-118.28936,35.37977],[-118.28938,35.37982],[-118.28946,35.38011],[-118.28944,35.38019],[-118.28938,35.38027],[-118.28925,35.38047],[-118.28926,35.38058],[-118.28927,35.38069],[-118.28938,35.38069],[-118.28951,35.38057],[-118.2896,35.38051],[-118.28988,35.38038],[-118.28995,35.38033],[-118.29001,35.38028],[-118.29006,35.38021],[-118.29016,35.37989],[-118.2902,35.37981],[-118.29024,35.37976],[-118.29029,35.37975],[-118.29033,35.37976],[-118.29038,35.3799],[-118.29042,35.38007],[-118.29043,35.38026],[-118.29046,35.38031],[-118.29049,35.38033],[-118.29056,35.3803],[-118.2906,35.38026],[-118.29064,35.38018],[-118.29067,35.37989],[-118.2907,35.37977],[-118.29078,35.37961],[-118.29087,35.3795],[-118.291,35.37939],[-118.29114,35.37929],[-118.2912,35.37923],[-118.29141,35.37898],[-118.29154,35.37879],[-118.29159,35.37856],[-118.29153,35.3784],[-118.29151,35.37826],[-118.29152,35.37821],[-118.29156,35.37816],[-118.29164,35.3781],[-118.29197,35.37794],[-118.29235,35.3778],[-118.2925,35.37772],[-118.2926,35.37761],[-118.29272,35.37752],[-118.29289,35.37748],[-118.29301,35.37748],[-118.29304,35.37764],[-118.29292,35.37782],[-118.29267,35.37807],[-118.29255,35.37821],[-118.29248,35.37831],[-118.29243,35.37843],[-118.29241,35.37852],[-118.2924,35.37864],[-118.29248,35.37888],[-118.2925,35.37931],[-118.29252,35.37938],[-118.29257,35.37944],[-118.29277,35.3797],[-118.29285,35.37986],[-118.29285,35.38013],[-118.29291,35.38025],[-118.29323,35.38055],[-118.29334,35.38073],[-118.29342,35.38088],[-118.2935,35.38108],[-118.29355,35.3815],[-118.29359,35.38191],[-118.29369,35.38219],[-118.29376,35.38243],[-118.29388,35.38284],[-118.29386,35.383],[-118.29384,35.38313],[-118.29386,35.38325],[-118.29391,35.38333],[-118.29397,35.38339],[-118.29404,35.38345],[-118.29433,35.38363],[-118.2944,35.38368],[-118.29452,35.3838],[-118.29468,35.384],[-118.29483,35.38413],[-118.29497,35.38423],[-118.2951,35.3843],[-118.2952,35.38436],[-118.29532,35.38439],[-118.29547,35.38438],[-118.29589,35.38426],[-118.296,35.38423],[-118.29613,35.38422],[-118.29627,35.38422],[-118.29639,35.38425],[-118.29651,35.3843],[-118.29661,35.38439],[-118.29675,35.3846],[-118.29684,35.38469],[-118.2971,35.38478],[-118.29719,35.38482],[-118.29727,35.38486],[-118.29732,35.38492],[-118.29736,35.385],[-118.29738,35.38512],[-118.29741,35.38529],[-118.29747,35.38543],[-118.29757,35.38554],[-118.29781,35.38569],[-118.29797,35.38578],[-118.29812,35.38583],[-118.29843,35.38598],[-118.29857,35.38609],[-118.29863,35.38615],[-118.2986,35.38622],[-118.29825,35.38648],[-118.29805,35.38664],[-118.29798,35.38673],[-118.29794,35.38685],[-118.29794,35.38694],[-118.29796,35.38704],[-118.29807,35.38723],[-118.29828,35.38752],[-118.29836,35.38773],[-118.29842,35.388],[-118.29851,35.38816],[-118.2986,35.38851],[-118.29862,35.38869],[-118.29864,35.38889],[-118.29859,35.38912],[-118.29849,35.38949],[-118.29847,35.38966],[-118.29849,35.38979],[-118.29853,35.38989],[-118.29859,35.38999],[-118.29869,35.39012],[-118.29878,35.39025],[-118.29891,35.3904],[-118.29905,35.39048],[-118.29918,35.39055],[-118.2993,35.39064],[-118.29942,35.39067],[-118.29953,35.39068],[-118.29966,35.39066],[-118.29993,35.39057],[-118.30007,35.39053],[-118.30021,35.39051],[-118.30035,35.39051],[-118.30049,35.39054],[-118.30089,35.39069],[-118.30153,35.39086],[-118.30178,35.39097],[-118.302,35.39103],[-118.30233,35.39116],[-118.30246,35.3912],[-118.30258,35.39119],[-118.30269,35.39115],[-118.30287,35.39096],[-118.30297,35.39088],[-118.30307,35.39084],[-118.30322,35.39081],[-118.30343,35.39079],[-118.30363,35.39078],[-118.30376,35.39081],[-118.30388,35.39087],[-118.30396,35.39094],[-118.30401,35.39102],[-118.30406,35.39113],[-118.30406,35.39125],[-118.30405,35.39137],[-118.304,35.39152],[-118.3038,35.39185],[-118.30377,35.39193],[-118.30367,35.39232],[-118.30363,35.39247],[-118.30356,35.39267],[-118.30351,35.39283],[-118.30343,35.39316],[-118.30345,35.39329],[-118.30348,35.39339],[-118.30348,35.3935],[-118.30345,35.39359],[-118.30339,35.39367],[-118.30322,35.3938],[-118.30316,35.39388],[-118.30313,35.39394],[-118.30311,35.39404],[-118.30316,35.39411],[-118.30324,35.39413],[-118.30334,35.39414],[-118.30343,35.39414],[-118.30353,35.39412],[-118.30374,35.394],[-118.3039,35.39388],[-118.30409,35.3938],[-118.3043,35.39375],[-118.30449,35.39375],[-118.30469,35.39377],[-118.30485,35.39377],[-118.30511,35.3937],[-118.30528,35.39371],[-118.30546,35.39374],[-118.3056,35.39379],[-118.30573,35.39386],[-118.30584,35.39391],[-118.30592,35.39391],[-118.30598,35.3939],[-118.30607,35.39385],[-118.30625,35.39367],[-118.30633,35.39363],[-118.30639,35.39361],[-118.30647,35.3936],[-118.30668,35.39361],[-118.30676,35.39362],[-118.30682,35.39363],[-118.30692,35.39369],[-118.30699,35.39378],[-118.307,35.39387],[-118.30701,35.39423],[-118.30703,35.39438],[-118.30709,35.39455],[-118.30715,35.39466],[-118.30723,35.39476],[-118.3073,35.39483],[-118.3074,35.3949],[-118.30771,35.39507],[-118.30806,35.39526],[-118.30814,35.39534],[-118.30819,35.39542],[-118.30822,35.39551],[-118.30821,35.39567],[-118.30818,35.39594],[-118.30816,35.39614],[-118.30812,35.39631],[-118.30795,35.39655],[-118.30786,35.3968],[-118.30785,35.39686],[-118.30787,35.39701],[-118.3079,35.39715],[-118.30798,35.39731],[-118.30802,35.39736],[-118.30811,35.39746],[-118.30819,35.39753],[-118.30832,35.39767],[-118.30837,35.39777],[-118.30839,35.39782],[-118.30842,35.39795],[-118.30843,35.3981],[-118.30842,35.39828],[-118.30831,35.39869],[-118.30821,35.39895],[-118.30816,35.39907],[-118.30811,35.39916],[-118.30806,35.3992],[-118.30797,35.39922],[-118.30781,35.39924],[-118.30759,35.39928],[-118.30748,35.39932],[-118.30741,35.39938],[-118.30735,35.39946],[-118.30732,35.39956],[-118.30733,35.39969],[-118.30735,35.3998],[-118.30739,35.39991],[-118.30746,35.39997],[-118.30771,35.4001],[-118.30795,35.40027],[-118.30812,35.40036],[-118.30824,35.40042],[-118.3085,35.40056],[-118.30867,35.40063],[-118.30876,35.40071],[-118.30882,35.4008],[-118.30887,35.40096],[-118.30888,35.40105],[-118.30887,35.40112],[-118.30883,35.40118],[-118.30875,35.4012],[-118.30864,35.4012],[-118.30839,35.40109],[-118.30827,35.40107],[-118.30808,35.4011],[-118.30767,35.40121],[-118.30753,35.40127],[-118.30724,35.40146],[-118.30717,35.40157],[-118.30715,35.40162],[-118.30715,35.40166],[-118.30718,35.4017],[-118.3073,35.40177],[-118.30746,35.40182],[-118.30757,35.40183],[-118.30769,35.40181],[-118.30776,35.40182],[-118.30784,35.40184],[-118.30804,35.40199],[-118.30823,35.40205],[-118.30848,35.40208],[-118.30871,35.40213],[-118.30874,35.40218],[-118.30872,35.40223],[-118.3085,35.40239],[-118.30842,35.4025],[-118.30834,35.40265],[-118.30808,35.40334],[-118.30801,35.40347],[-118.30776,35.40381],[-118.30775,35.40392],[-118.30777,35.40401],[-118.30796,35.40433],[-118.30827,35.40466],[-118.30829,35.40474],[-118.30829,35.40484],[-118.30828,35.40493],[-118.30821,35.40521],[-118.30819,35.40529],[-118.30815,35.40536],[-118.3081,35.40543],[-118.30781,35.40559],[-118.30763,35.40567],[-118.30749,35.40577],[-118.30739,35.40591],[-118.30714,35.40626],[-118.30707,35.40633],[-118.30694,35.40638],[-118.30679,35.40647],[-118.3067,35.40656],[-118.30663,35.40667],[-118.30659,35.40676],[-118.30656,35.40687],[-118.30653,35.40709],[-118.30658,35.40724],[-118.30665,35.40736],[-118.30684,35.40764],[-118.30722,35.40808],[-118.30755,35.4086],[-118.30782,35.40893],[-118.30801,35.40923],[-118.30811,35.40941],[-118.30822,35.40965],[-118.30832,35.41018],[-118.30843,35.41088],[-118.30848,35.41121],[-118.30848,35.41136],[-118.3085,35.41162],[-118.30853,35.41175],[-118.30861,35.41184],[-118.30879,35.41189],[-118.30889,35.41194],[-118.30896,35.41202],[-118.30906,35.41229],[-118.3091,35.41246],[-118.30913,35.41278],[-118.3091,35.41297],[-118.3091,35.41312],[-118.30914,35.41324],[-118.30922,35.41335],[-118.30951,35.41362],[-118.30963,35.4138],[-118.30972,35.41395],[-118.30985,35.41422],[-118.30988,35.41431],[-118.30989,35.41439],[-118.30986,35.41453],[-118.30977,35.41482],[-118.30971,35.41498],[-118.30965,35.41508],[-118.30961,35.41516],[-118.30958,35.41525],[-118.30957,35.41534],[-118.30957,35.41542],[-118.3096,35.41552],[-118.30967,35.41563],[-118.30978,35.41577],[-118.30993,35.41593],[-118.31028,35.41622],[-118.31054,35.41657],[-118.31074,35.41677],[-118.31088,35.41695],[-118.31094,35.41705],[-118.31098,35.41717],[-118.31099,35.41732],[-118.31097,35.41743],[-118.3109,35.41758],[-118.31087,35.41771],[-118.31089,35.41781],[-118.311,35.41821],[-118.31105,35.41831],[-118.31114,35.41847],[-118.31133,35.4187],[-118.31165,35.41907],[-118.31173,35.41919],[-118.31181,35.41933],[-118.31193,35.41945],[-118.31232,35.41968],[-118.31241,35.41975],[-118.31246,35.41981],[-118.31248,35.41989],[-118.31247,35.42],[-118.31231,35.42071],[-118.31231,35.42084],[-118.31233,35.42095],[-118.31238,35.42105],[-118.31269,35.4214],[-118.31276,35.42151],[-118.3128,35.42166],[-118.31284,35.42188],[-118.31288,35.42225],[-118.31295,35.42247],[-118.31302,35.4228],[-118.31306,35.42299],[-118.31308,35.42323],[-118.3131,35.42332],[-118.3132,35.42346],[-118.3134,35.42369],[-118.31369,35.42397],[-118.31381,35.42418],[-118.31414,35.42481],[-118.31422,35.42494],[-118.31428,35.425],[-118.31456,35.42521],[-118.31462,35.42529],[-118.31464,35.4254],[-118.31464,35.42551],[-118.31462,35.42563],[-118.31459,35.42572],[-118.31453,35.42585],[-118.31448,35.42595],[-118.31444,35.42607],[-118.31444,35.42625],[-118.31451,35.4265],[-118.31459,35.42665],[-118.31474,35.42684],[-118.31481,35.42695],[-118.31488,35.42708],[-118.31493,35.42724],[-118.31497,35.42737],[-118.31499,35.42754],[-118.31495,35.42779],[-118.31496,35.42787],[-118.31512,35.42821],[-118.31527,35.42855],[-118.31539,35.42872],[-118.31558,35.42893],[-118.31571,35.42914],[-118.31579,35.42933],[-118.31587,35.42953],[-118.31599,35.42976],[-118.31616,35.43004],[-118.31627,35.43019],[-118.3164,35.43042],[-118.3165,35.43056],[-118.31659,35.43065],[-118.31683,35.43082],[-118.31692,35.43092],[-118.31704,35.43105],[-118.31725,35.43123],[-118.31742,35.43134],[-118.31771,35.43168],[-118.31795,35.43189],[-118.3183,35.43214],[-118.31859,35.43243],[-118.3188,35.43268],[-118.31884,35.43276],[-118.31888,35.43284],[-118.31897,35.4332],[-118.31902,35.43334],[-118.3191,35.43352],[-118.31919,35.43369],[-118.31929,35.4338],[-118.31944,35.43393],[-118.31957,35.4341],[-118.31964,35.4342],[-118.31977,35.43438],[-118.31996,35.4346],[-118.32,35.4347],[-118.3201,35.43503],[-118.32015,35.43518],[-118.32022,35.43525],[-118.32031,35.43534],[-118.32046,35.43547],[-118.32058,35.43562],[-118.32068,35.43579],[-118.32072,35.4359],[-118.32072,35.43596],[-118.32072,35.43602],[-118.32064,35.4363],[-118.32065,35.43642],[-118.32068,35.43651],[-118.32085,35.43678],[-118.321,35.43693],[-118.3211,35.43699],[-118.32125,35.43704],[-118.32142,35.43709],[-118.32159,35.43712],[-118.32192,35.4372],[-118.32236,35.43726],[-118.32246,35.4373],[-118.3228,35.43757],[-118.32311,35.43782],[-118.32322,35.43786],[-118.32339,35.43789],[-118.32348,35.43794],[-118.32355,35.438],[-118.3236,35.43806],[-118.32363,35.43816],[-118.32365,35.4383],[-118.32368,35.4384],[-118.32372,35.43847],[-118.32382,35.43854],[-118.32399,35.4386],[-118.32416,35.43865],[-118.32431,35.43872],[-118.32451,35.43887],[-118.32455,35.43893],[-118.32455,35.43903],[-118.32452,35.43913],[-118.32434,35.43934],[-118.32419,35.43949],[-118.32406,35.43967],[-118.32401,35.4398],[-118.324,35.43991],[-118.32401,35.44003],[-118.32404,35.44024],[-118.32411,35.44045],[-118.3242,35.44058],[-118.32429,35.44069],[-118.3244,35.44072],[-118.32452,35.44079],[-118.32466,35.4409],[-118.32494,35.44114],[-118.3256,35.44182],[-118.32567,35.44197],[-118.32565,35.44215],[-118.32558,35.44235],[-118.32555,35.44256],[-118.32553,35.44274],[-118.32553,35.44293],[-118.32557,35.44308],[-118.3259,35.44355],[-118.3262,35.44405]]}},{"type":"Feature","properties":{"name":"Pine Road","road_class":"track","source":"OpenStreetMap","source_detail":"osm way 10430150","source_tile":"175/404","surface_inferred":true},"geometry":{"type":"LineString","coordinates":[[-118.47421,35.44054],[-118.47393,35.44053],[-118.47378,35.44049],[-118.47326,35.44035],[-118.47293,35.44028],[-118.47252,35.44024],[-118.47213,35.44021],[-118.47173,35.44015],[-118.47147,35.44014],[-118.47129,35.44013],[-118.47095,35.44016]]}},{"type":"Feature","properties":{"name":"Ferrell Lane","road_class":"track","surface":"dirt","tracktype":"grade3","source":"OpenStreetMap","source_detail":"osm way 10430437","source_tile":"175/404"},"geometry":{"type":"LineString","coordinates":[[-118.33503,35.44848],[-118.33505,35.44877],[-118.3352,35.4492],[-118.33549,35.44952],[-118.33566,35.44962],[-118.33599,35.4499],[-118.33627,35.45041],[-118.33634,35.45078],[-118.33637,35.45096],[-118.33632,35.45102],[-118.33615,35.45107],[-118.33604,35.45106],[-118.33597,35.45119],[-118.33606,35.45128],[-118.33629,35.4514],[-118.33649,35.45154],[-118.33687,35.45208],[-118.33695,35.45226],[-118.3371,35.45235]]}},{"type":"Feature","properties":{"name":"Watugo Drive","road_class":"track","source":"OpenStreetMap","source_detail":"osm way 10433898","source_tile":"175/404","surface_inferred":true},"geometry":{"type":"LineString","coordinates":[[-118.4734,35.44272],[-118.47323,35.44273],[-118.47292,35.44273],[-118.47258,35.44273],[-118.47221,35.44275],[-118.47178,35.44277],[-118.47151,35.4428]]}},{"type":"Feature","properties":{"name":"Indian Drive","road_class":"track","surface":"dirt","tracktype":"grade3","source":"OpenStreetMap","source_detail":"osm way 10434877","source_tile":"175/404"},"geometry":{"type":"LineString","coordinates":[[-118.38545,35.38136],[-118.38558,35.38126],[-118.38569,35.38123],[-118.38586,35.38126],[-118.3867,35.38148],[-118.38706,35.38161],[-118.38724,35.38173],[-118.38738,35.3819],[-118.38744,35.38205],[-118.38744,35.38246],[-118.38745,35.38277],[-118.38744,35.38291],[-118.38741,35.38301],[-118.38745,35.38311],[-118.38755,35.38319],[-118.38774,35.3833],[-118.38787,35.38347],[-118.38793,35.38366],[-118.38796,35.38379],[-118.38806,35.38405],[-118.38808,35.38419],[-118.38809,35.38428],[-118.38813,35.38435],[-118.38825,35.38441],[-118.38841,35.38455],[-118.38872,35.38502],[-118.38906,35.38552],[-118.38916,35.3857],[-118.3892,35.38581],[-118.38916,35.38589],[-118.38908,35.38601],[-118.38893,35.38607],[-118.38875,35.38612],[-118.38866,35.38616],[-118.38863,35.38621],[-118.3886,35.38638],[-118.38862,35.38646],[-118.38871,35.38663],[-118.38882,35.38672],[-118.38913,35.38696]]}},{"type":"Feature","properties":{"name":"Ryan Lane","road_class":"track","source":"OpenStreetMap","source_detail":"osm way 10437026","source_tile":"175/404","surface_inferred":true},"geometry":{"type":"LineString","coordinates":[[-118.37312,35.31753],[-118.37297,35.3176],[-118.37255,35.31773],[-118.37218,35.31779],[-118.37198,35.31785],[-118.37185,35.3179],[-118.37125,35.31812],[-118.37088,35.31822],[-118.37052,35.31837],[-118.37042,35.31842],[-118.37021,35.31852],[-118.37003,35.31858],[-118.36965,35.31865],[-118.36919,35.3188],[-118.36902,35.31885],[-118.36885,35.31888],[-118.36817,35.31889],[-118.36772,35.3189],[-118.36712,35.3189],[-118.36641,35.31888]]}},{"type":"Feature","properties":{"name":"Oak Drive","road_class":"track","source":"OpenStreetMap","source_detail":"osm way 10438672","source_tile":"175/404","surface_inferred":true},"geometry":{"type":"LineString","coordinates":[[-118.46931,35.43034],[-118.46921,35.43046],[-118.46914,35.43056],[-118.46906,35.43072],[-118.46904,35.43085],[-118.46907,35.43098],[-118.46914,35.43111],[-118.46921,35.43115],[-118.46946,35.43124],[-118.46956,35.43123],[-118.46962,35.4312],[-118.46977,35.43115],[-118.46995,35.43104],[-118.47002,35.43104],[-118.4701,35.43105],[-118.4702,35.43108],[-118.47038,35.43115],[-118.47047,35.43118],[-118.47062,35.43119],[-118.4707,35.43122],[-118.4709,35.43134],[-118.47106,35.43141],[-118.4712,35.43144],[-118.47132,35.43144],[-118.47137,35.43142],[-118.47146,35.43135],[-118.47162,35.4312],[-118.47174,35.43094],[-118.47178,35.43091],[-118.47185,35.4309],[-118.47193,35.43091],[-118.47201,35.43095],[-118.47231,35.43114],[-118.47246,35.43121],[-118.47262,35.43131],[-118.47279,35.43139],[-118.47283,35.4314],[-118.47299,35.43142],[-118.47316,35.43141],[-118.47324,35.43139],[-118.47329,35.43136],[-118.47333,35.43128],[-118.47336,35.43116],[-118.47338,35.43094],[-118.47339,35.43063],[-118.47341,35.43049],[-118.47345,35.43044],[-118.47354,35.4304],[-118.47362,35.43039],[-118.47384,35.43038],[-118.47425,35.43039]]}},{"type":"Feature","properties":{"name":"Indian Drive","road_class":"track","surface":"dirt","tracktype":"grade3","source":"OpenStreetMap","source_detail":"osm way 10441538","source_tile":"175/404"},"geometry":{"type":"LineString","coordinates":[[-118.37993,35.37777],[-118.37996,35.37793],[-118.38015,35.37818],[-118.38038,35.37851],[-118.38057,35.37886],[-118.38072,35.37919],[-118.38085,35.37931],[-118.381,35.37938],[-118.38117,35.37948],[-118.38127,35.37956],[-118.38132,35.37962],[-118.38137,35.37967],[-118.38139,35.37974],[-118.3814,35.37994],[-118.38142,35.38004],[-118.3815,35.38013],[-118.3816,35.38021],[-118.38173,35.38026],[-118.38188,35.3803],[-118.38205,35.38032],[-118.38216,35.38035],[-118.38231,35.38045],[-118.38254,35.38066],[-118.38272,35.38076],[-118.38297,35.38089],[-118.38312,35.38095],[-118.38337,35.3811],[-118.38352,35.38116],[-118.38416,35.38132],[-118.38445,35.38136],[-118.38494,35.3814],[-118.38517,35.38141],[-118.38529,35.3814],[-118.38545,35.38136]]}},{"type":"Feature","properties":{"name":"Leon Hale Ranch Road","road_class":"track","surface":"dirt","tracktype":"grade3","source":"OpenStreetMap","source_detail":"osm way 10441829","source_tile":"175/404"},"geometry":{"type":"LineString","coordinates":[[-118.40068,35.38925],[-118.40077,35.38908],[-118.40073,35.38898],[-118.40009,35.3887],[-118.39954,35.38857],[-118.39915,35.38846],[-118.39888,35.38823],[-118.39793,35.38807],[-118.39735,35.38783],[-118.39661,35.38773],[-118.39605,35.38764],[-118.39559,35.38765],[-118.39475,35.38749],[-118.39443,35.38753],[-118.39418,35.38749],[-118.39381,35.38763],[-118.39332,35.38788],[-118.39317,35.38792],[-118.3928,35.38781],[-118.39248,35.38775],[-118.39229,35.38769],[-118.39211,35.38754],[-118.39164,35.38743],[-118.39141,35.38754],[-118.39123,35.38755],[-118.39106,35.38751],[-118.39031,35.38743],[-118.38982,35.38734],[-118.38949,35.3872],[-118.38913,35.38696],[-118.38899,35.38696],[-118.38885,35.38705],[-118.38875,35.38714],[-118.38865,35.38764],[-118.38838,35.3879],[-118.38772,35.38802],[-118.38652,35.38854],[-118.38572,35.38883],[-118.38504,35.38917],[-118.38489,35.38921],[-118.38387,35.38984],[-118.38317,35.39037],[-118.38269,35.39058],[-118.38236,35.3909],[-118.38184,35.39158],[-118.38171,35.3918],[-118.3814,35.39214],[-118.38124,35.39252],[-118.38119,35.39259]]}},{"type":"Feature","properties":{"name":"Paradise Valley Road","road_class":"track","source":"OpenStreetMap","source_detail":"osm way 10444663","source_tile":"175/404","surface_inferred":true},"geometry":{"type":"LineString","coordinates":[[-118.36802,35.31702],[-118.36809,35.31703],[-118.36818,35.31703],[-118.36833,35.317],[-118.36959,35.31665],[-118.37024,35.31645],[-118.3704,35.31638],[-118.37128,35.31585],[-118.37146,35.31577],[-118.37157,35.31574],[-118.37176,35.31571],[-118.372,35.31573],[-118.37227,35.31576],[-118.37259,35.31585],[-118.37292,35.31595],[-118.3733,35.31651],[-118.37332,35.31662],[-118.37332,35.31667],[-118.37332,35.31673],[-118.37323,35.31706],[-118.37319,35.3172],[-118.37312,35.31753],[-118.37321,35.31764],[-118.37337,35.31778],[-118.37355,35.31789],[-118.37366,35.31793],[-118.37393,35.31799],[-118.37445,35.31808],[-118.37449,35.31808],[-118.37469,35.3181],[-118.37492,35.31809],[-118.37503,35.31805],[-118.37516,35.31799],[-118.37526,35.31792],[-118.37555,35.31762],[-118.37567,35.31755],[-118.37583,35.31748],[-118.37596,35.31745],[-118.37614,35.31742],[-118.3764,35.31741],[-118.37681,35.31743],[-118.37755,35.31753],[-118.37785,35.31753],[-118.37791,35.31759],[-118.37806,35.31763],[-118.37831,35.31776],[-118.37834,35.31778],[-118.37843,35.31788],[-118.37966,35.31968],[-118.38009,35.32043],[-118.38013,35.32053],[-118.38013,35.32067],[-118.3801,35.32076],[-118.38007,35.32081],[-118.37981,35.32119],[-118.37969,35.32132],[-118.37951,35.32149],[-118.37933,35.32164],[-118.37908,35.3218],[-118.37898,35.3219],[-118.37896,35.32194],[-118.37895,35.32205],[-118.37897,35.32213],[-118.37911,35.32231],[-118.37927,35.3225],[-118.37935,35.32264],[-118.37938,35.32278],[-118.37941,35.32301],[-118.37936,35.32323],[-118.37927,35.32367],[-118.37924,35.32381],[-118.3792,35.32403],[-118.37911,35.32428],[-118.37909,35.32431],[-118.37903,35.32442],[-118.379,35.32451],[-118.37901,35.32463],[-118.37905,35.32476],[-118.37915,35.32493],[-118.37928,35.32507]]}},{"type":"Feature","properties":{"name":"Paradise Valley Road","road_class":"track","source":"OpenStreetMap","source_detail":"osm way 10444670","source_tile":"175/404","surface_inferred":true},"geometry":{"type":"LineString","coordinates":[[-118.38838,35.31437],[-118.38751,35.31481],[-118.38727,35.31495],[-118.38664,35.31529],[-118.3863,35.31542],[-118.38621,35.31549],[-118.38588,35.31582],[-118.3857,35.31595],[-118.38562,35.31605],[-118.38554,35.31617],[-118.38538,35.31647],[-118.38533,35.31653],[-118.38521,35.3166],[-118.38499,35.31668],[-118.38487,35.31671],[-118.3839,35.31686],[-118.38275,35.3171],[-118.38238,35.31718],[-118.38177,35.31734],[-118.38145,35.31735],[-118.38135,35.31735],[-118.38096,35.31731],[-118.3805,35.31732],[-118.38017,35.31734],[-118.37987,35.31736],[-118.37949,35.31736],[-118.37931,35.31735],[-118.37916,35.31734],[-118.37907,35.31735],[-118.37898,35.31737],[-118.37888,35.31741],[-118.37877,35.31747],[-118.37844,35.31767],[-118.37834,35.31778]]}},{"type":"Feature","properties":{"name":"Paradise Valley Road","road_class":"track","source":"OpenStreetMap","source_detail":"osm way 10444674","source_tile":"175/404","surface_inferred":true},"geometry":{"type":"LineString","coordinates":[[-118.3672,35.31424],[-118.36697,35.31439],[-118.36683,35.3145],[-118.36675,35.31461],[-118.36659,35.31491],[-118.36638,35.31518],[-118.36636,35.3152]]}},{"type":"Feature","properties":{"name":"(unnamed public road)","road_class":"track","source":"OpenStreetMap","source_detail":"osm way 336857710","source_tile":"175/404","surface_inferred":true},"geometry":{"type":"LineString","coordinates":[[-118.21842,35.44496],[-118.21865,35.44506],[-118.219,35.44521],[-118.21916,35.44529],[-118.21926,35.44533],[-118.21939,35.44534],[-118.21957,35.44533],[-118.2197,35.44533],[-118.21979,35.44533],[-118.21989,35.44536],[-118.21995,35.44542],[-118.21999,35.4455],[-118.21997,35.44566],[-118.21991,35.4459],[-118.21992,35.44607],[-118.21992,35.44618],[-118.21995,35.44626],[-118.21998,35.44636],[-118.21999,35.44644],[-118.22001,35.44652],[-118.22005,35.44664],[-118.22019,35.44679],[-118.2203,35.44693],[-118.22034,35.44701],[-118.22042,35.44726],[-118.22046,35.44745],[-118.2205,35.44756],[-118.22055,35.44763],[-118.22066,35.44772],[-118.22077,35.44781],[-118.22081,35.44785],[-118.22085,35.44792],[-118.22082,35.44799],[-118.22077,35.44809],[-118.22066,35.44818],[-118.22059,35.44827],[-118.22057,35.44839],[-118.22059,35.44845],[-118.22069,35.44851],[-118.22079,35.44855],[-118.22084,35.44861],[-118.22086,35.44865],[-118.22085,35.44868],[-118.2208,35.44875],[-118.22067,35.44883],[-118.22055,35.44892],[-118.22047,35.44905],[-118.22045,35.44915],[-118.22047,35.44922],[-118.22049,35.44926],[-118.22055,35.4493],[-118.22069,35.44937],[-118.22079,35.44941],[-118.22079,35.44947],[-118.22075,35.44955],[-118.22057,35.4497],[-118.22033,35.44989],[-118.22019,35.45002],[-118.21999,35.45027],[-118.21995,35.45035],[-118.21981,35.4506]]}},{"type":"Feature","properties":{"name":"(unnamed public road)","road_class":"track","surface":"dirt","tracktype":"grade3","source":"OpenStreetMap","source_detail":"osm way 336857711","source_tile":"175/404"},"geometry":{"type":"LineString","coordinates":[[-118.29678,35.36534],[-118.29653,35.36526],[-118.29637,35.36518],[-118.29629,35.36512],[-118.29622,35.36503],[-118.29618,35.36495],[-118.29617,35.36479],[-118.29614,35.36471],[-118.29609,35.36463],[-118.29586,35.36449],[-118.29583,35.36438],[-118.2958,35.3643],[-118.29572,35.36418],[-118.29563,35.36412],[-118.29524,35.36406],[-118.29509,35.36406],[-118.29485,35.3641],[-118.29469,35.36416],[-118.29438,35.36448],[-118.2939,35.36491]]}},{"type":"Feature","properties":{"name":"(unnamed public road)","road_class":"track","source":"OpenStreetMap","source_detail":"osm way 336857713","source_tile":"175/404","surface_inferred":true},"geometry":{"type":"LineString","coordinates":[[-118.21806,35.44497],[-118.21829,35.44495],[-118.21842,35.44496],[-118.21895,35.44505],[-118.21936,35.4451],[-118.21945,35.44509],[-118.2195,35.44508],[-118.21961,35.44498],[-118.21968,35.44494],[-118.21979,35.4449],[-118.22003,35.44482],[-118.22011,35.44481],[-118.22018,35.44483],[-118.22027,35.44487],[-118.22036,35.44493],[-118.22039,35.44496],[-118.2204,35.44499],[-118.22041,35.44508],[-118.22037,35.44534],[-118.22032,35.44548],[-118.22021,35.44573],[-118.22017,35.44592],[-118.22008,35.44606],[-118.22007,35.44615],[-118.22008,35.44645],[-118.22016,35.44654],[-118.22043,35.44684],[-118.2206,35.44698],[-118.22068,35.4471],[-118.22098,35.44761],[-118.22107,35.44773],[-118.22129,35.44791],[-118.22149,35.44804],[-118.22154,35.4481],[-118.22166,35.4483],[-118.22184,35.44854],[-118.2219,35.44864],[-118.22198,35.4488],[-118.22208,35.44895],[-118.22226,35.44915],[-118.22252,35.44937],[-118.2228,35.44956],[-118.22288,35.44964],[-118.22295,35.44976],[-118.22298,35.44978],[-118.22302,35.44982],[-118.22311,35.44986],[-118.22324,35.4499],[-118.22334,35.44993],[-118.22344,35.44993],[-118.22357,35.44991],[-118.22363,35.44992],[-118.22367,35.44997],[-118.22377,35.45017],[-118.22396,35.45035],[-118.22405,35.45047],[-118.22416,35.45073]]}},{"type":"Feature","properties":{"name":"(unnamed public road)","road_class":"track","source":"OpenStreetMap","source_detail":"osm way 336857715","source_tile":"175/404","surface_inferred":true},"geometry":{"type":"LineString","coordinates":[[-118.27087,35.29565],[-118.27078,35.29582],[-118.27068,35.29588],[-118.27055,35.29594],[-118.27048,35.29602],[-118.27046,35.29613],[-118.27055,35.29626],[-118.27061,35.29637],[-118.2706,35.29643],[-118.27051,35.29658],[-118.27052,35.29669],[-118.27061,35.29688],[-118.27072,35.29699],[-118.27079,35.29702],[-118.27091,35.29704],[-118.27096,35.2971],[-118.27096,35.29721],[-118.27091,35.29735],[-118.27082,35.29746],[-118.27068,35.29757],[-118.27059,35.29764],[-118.27059,35.29775],[-118.27068,35.29789],[-118.27069,35.29803],[-118.27066,35.29821],[-118.27059,35.29837],[-118.27045,35.29856],[-118.27024,35.29886],[-118.27006,35.29905],[-118.26989,35.29932],[-118.26965,35.29967],[-118.26963,35.29985],[-118.26959,35.3],[-118.2695,35.30018],[-118.26942,35.30021],[-118.26931,35.30022],[-118.26916,35.30023],[-118.26902,35.3003],[-118.26882,35.30037],[-118.26865,35.30048]]}},{"type":"Feature","properties":{"name":"(unnamed public road)","road_class":"track","source":"OpenStreetMap","source_detail":"osm way 336857717","source_tile":"175/404","surface_inferred":true},"geometry":{"type":"LineString","coordinates":[[-118.27082,35.28679],[-118.27082,35.28688],[-118.27109,35.28706],[-118.27131,35.28715],[-118.27128,35.28728],[-118.27145,35.28745],[-118.27172,35.28766],[-118.27184,35.28791],[-118.27204,35.28834],[-118.27215,35.28858],[-118.27215,35.28874],[-118.2721,35.28886],[-118.2721,35.28897],[-118.27221,35.2893],[-118.27231,35.28964],[-118.27232,35.28975],[-118.27224,35.28986],[-118.27216,35.28997],[-118.27217,35.29007],[-118.27222,35.29015],[-118.27231,35.29029],[-118.27232,35.29045],[-118.27233,35.29058],[-118.27236,35.29071],[-118.27233,35.29079],[-118.27225,35.29084],[-118.27213,35.29095],[-118.27204,35.29114],[-118.2719,35.29133],[-118.27177,35.29152],[-118.27165,35.29176],[-118.27154,35.2919],[-118.27133,35.29212],[-118.27119,35.29229],[-118.27103,35.29252],[-118.27093,35.2927],[-118.27087,35.29288],[-118.27086,35.29304],[-118.27093,35.29317],[-118.27102,35.29327],[-118.27112,35.29335],[-118.27118,35.29341],[-118.27121,35.2935],[-118.27128,35.29376],[-118.27138,35.29406]]}},{"type":"Feature","properties":{"name":"(unnamed public road)","road_class":"track","source":"OpenStreetMap","source_detail":"osm way 336857728","source_tile":"175/404","surface_inferred":true},"geometry":{"type":"LineString","coordinates":[[-118.26822,35.31528],[-118.26827,35.31488],[-118.26828,35.31472],[-118.26835,35.31463],[-118.26841,35.31451],[-118.26835,35.31435],[-118.26827,35.31421],[-118.26823,35.31402],[-118.26821,35.31376],[-118.26828,35.31333],[-118.26834,35.31295],[-118.26833,35.31278],[-118.26841,35.31265],[-118.26853,35.31258],[-118.26863,35.31249],[-118.26882,35.31215],[-118.26897,35.3119],[-118.26916,35.31173],[-118.26942,35.31126],[-118.26954,35.31108],[-118.26964,35.31081],[-118.26973,35.31066],[-118.26976,35.31051],[-118.26975,35.31035],[-118.26961,35.31006],[-118.26954,35.30987],[-118.26946,35.30974],[-118.26945,35.30958],[-118.2695,35.30942],[-118.26957,35.30918],[-118.26959,35.30881],[-118.26958,35.30866],[-118.26952,35.30862],[-118.2694,35.30858],[-118.26933,35.30855],[-118.26929,35.30847],[-118.26928,35.30839],[-118.26928,35.30826],[-118.26926,35.30809],[-118.26918,35.30793],[-118.26906,35.30781],[-118.26903,35.30761],[-118.26909,35.30743],[-118.26922,35.30722],[-118.26927,35.30699],[-118.26924,35.30673],[-118.26916,35.30649],[-118.26898,35.30618],[-118.26888,35.3059],[-118.26888,35.3058],[-118.26888,35.30567],[-118.26861,35.30521],[-118.26839,35.30497],[-118.26828,35.30485],[-118.26822,35.30477],[-118.26824,35.30469],[-118.26828,35.30456],[-118.2682,35.30444],[-118.26807,35.30432],[-118.26797,35.30416],[-118.2679,35.30389],[-118.26775,35.30376],[-118.26748,35.30359],[-118.26739,35.30346],[-118.26736,35.30331],[-118.2674,35.30318],[-118.26753,35.30293],[-118.26764,35.30271],[-118.26778,35.30254],[-118.26792,35.30238],[-118.26798,35.30224],[-118.26801,35.30207],[-118.26809,35.30187]]}},{"type":"Feature","properties":{"name":"(unnamed public road)","road_class":"track","surface":"dirt","tracktype":"grade3","source":"OpenStreetMap","source_detail":"osm way 364483798","source_tile":"175/404"},"geometry":{"type":"LineString","coordinates":[[-118.29302,35.37316],[-118.29331,35.37314],[-118.29348,35.37316],[-118.29361,35.37328],[-118.29375,35.37334],[-118.29395,35.37326],[-118.29416,35.37317],[-118.29437,35.37312],[-118.29461,35.37317],[-118.29477,35.37307],[-118.2949,35.37298],[-118.29521,35.37297],[-118.29538,35.37292],[-118.29557,35.37291],[-118.29573,35.37295],[-118.29615,35.37314],[-118.29622,35.37325],[-118.29624,35.37347],[-118.29627,35.37351],[-118.29635,35.37355],[-118.29656,35.37348],[-118.29705,35.3733],[-118.29715,35.3733],[-118.29726,35.37336],[-118.29731,35.37347],[-118.29738,35.37365],[-118.29739,35.37387],[-118.29716,35.37443],[-118.29724,35.37451],[-118.29745,35.37468],[-118.29745,35.3748],[-118.29746,35.37491],[-118.29757,35.37495],[-118.2977,35.37502],[-118.29788,35.37526],[-118.29798,35.37535],[-118.29827,35.37548],[-118.2986,35.37567],[-118.29878,35.37586],[-118.29891,35.37602],[-118.29897,35.37616],[-118.29907,35.37619],[-118.29927,35.37618],[-118.29942,35.37621],[-118.29953,35.37627],[-118.29967,35.37635],[-118.29993,35.37654],[-118.30016,35.37684],[-118.30032,35.37698],[-118.30047,35.37718],[-118.30066,35.37738],[-118.3009,35.37748],[-118.30104,35.37743],[-118.30116,35.37732],[-118.30132,35.37727],[-118.30149,35.37726],[-118.30184,35.37731],[-118.30211,35.3773],[-118.30234,35.37723],[-118.3025,35.37712],[-118.30254,35.37704],[-118.30252,35.37696],[-118.30237,35.37684],[-118.30222,35.37673],[-118.30213,35.3766],[-118.30196,35.37652],[-118.30196,35.37648],[-118.30205,35.37646],[-118.30212,35.37635],[-118.30221,35.37625],[-118.30225,35.37592],[-118.30224,35.37581],[-118.30206,35.37567],[-118.30178,35.37557],[-118.30168,35.37555],[-118.30158,35.37561],[-118.30147,35.37574],[-118.30138,35.3758],[-118.30131,35.37575],[-118.30125,35.37557],[-118.30123,35.37549],[-118.30103,35.3754],[-118.30094,35.37537],[-118.30103,35.37518],[-118.30089,35.37511],[-118.30079,35.37511],[-118.30063,35.37484],[-118.30076,35.37454],[-118.30081,35.37425],[-118.30074,35.37415],[-118.3006,35.37418],[-118.30044,35.37413],[-118.30037,35.37402],[-118.30006,35.37389],[-118.30003,35.37378],[-118.30008,35.3737],[-118.30018,35.37363],[-118.30037,35.37351],[-118.30054,35.37349],[-118.30075,35.37348],[-118.30096,35.37336],[-118.30109,35.37324],[-118.30117,35.37309],[-118.30129,35.37292],[-118.30139,35.37279],[-118.30144,35.37266],[-118.30148,35.37244],[-118.30145,35.37235],[-118.30135,35.37222],[-118.30135,35.37202],[-118.30129,35.37194],[-118.30113,35.37179],[-118.30093,35.37167],[-118.30077,35.37152],[-118.30067,35.37131],[-118.30065,35.3712],[-118.30058,35.37111],[-118.30043,35.37102],[-118.30034,35.37093],[-118.30029,35.37079],[-118.30028,35.37057],[-118.30023,35.37049],[-118.3001,35.37039],[-118.29997,35.37032],[-118.29985,35.37013]]}},{"type":"Feature","properties":{"name":"Forest Route 29S03B","road_class":"track","source":"OpenStreetMap","source_detail":"osm way 498387690","source_tile":"175/404","surface_inferred":true},"geometry":{"type":"LineString","coordinates":[[-118.3507,35.42986],[-118.35092,35.42892]]}},{"type":"Feature","properties":{"name":"(unnamed public road)","road_class":"track","surface":"dirt","tracktype":"grade3","source":"OpenStreetMap","source_detail":"osm way 498387694","source_tile":"175/404"},"geometry":{"type":"LineString","coordinates":[[-118.38478,35.44923],[-118.38485,35.4493],[-118.38487,35.44936],[-118.38485,35.44949],[-118.38488,35.44956],[-118.38496,35.44961],[-118.3852,35.4497],[-118.38529,35.4497],[-118.38565,35.44963],[-118.38576,35.44959],[-118.38593,35.44945],[-118.38607,35.4494],[-118.38617,35.44931],[-118.38628,35.44925],[-118.3865,35.44919],[-118.38681,35.44911],[-118.38687,35.44905],[-118.38692,35.44896],[-118.38692,35.44887],[-118.38686,35.44873],[-118.38685,35.44863],[-118.38686,35.44845],[-118.38684,35.44837],[-118.38663,35.44814],[-118.38651,35.44787],[-118.38644,35.44767],[-118.38638,35.44744],[-118.38618,35.4472],[-118.38596,35.44696],[-118.38557,35.44625],[-118.38561,35.44608],[-118.38561,35.44565],[-118.38557,35.44538],[-118.38562,35.44516],[-118.38559,35.44501],[-118.3854,35.44482],[-118.3852,35.4447]]}},{"type":"Feature","properties":{"name":"(unnamed public road)","road_class":"track","source":"OpenStreetMap","source_detail":"osm way 503114224","source_tile":"175/404","surface_inferred":true},"geometry":{"type":"LineString","coordinates":[[-118.22883,35.38225],[-118.22865,35.38229],[-118.22846,35.38235],[-118.2283,35.38242]]}},{"type":"Feature","properties":{"name":"(unnamed public road)","road_class":"track","source":"OpenStreetMap","source_detail":"osm way 503114225","source_tile":"175/404","surface_inferred":true},"geometry":{"type":"LineString","coordinates":[[-118.2305,35.38491],[-118.23075,35.38482],[-118.23084,35.38474],[-118.23085,35.3847],[-118.23085,35.3846],[-118.23085,35.38455],[-118.23078,35.38444],[-118.23054,35.38422],[-118.23044,35.38413],[-118.2304,35.38402]]}},{"type":"Feature","properties":{"name":"Alphie Springs Rd (SC176)","road_class":"track","source":"OpenStreetMap","source_detail":"osm way 671414966","source_tile":"176/404","surface_inferred":true},"geometry":{"type":"LineString","coordinates":[[-118.11009,35.41451],[-118.11016,35.41455],[-118.1104,35.41467],[-118.1105,35.41477],[-118.11062,35.41487],[-118.11076,35.41496],[-118.1109,35.41501],[-118.11108,35.41505],[-118.11125,35.41507],[-118.11141,35.41506],[-118.11212,35.41494],[-118.1123,35.41494],[-118.11236,35.41496],[-118.11242,35.41502],[-118.11247,35.41509],[-118.1126,35.41521],[-118.11269,35.41527],[-118.11317,35.41554],[-118.11327,35.41563],[-118.11337,35.41579],[-118.11342,35.41588],[-118.11346,35.416],[-118.11351,35.41607],[-118.11352,35.41608],[-118.11361,35.41615],[-118.11395,35.41627],[-118.11403,35.41629],[-118.11414,35.41628],[-118.11427,35.41631],[-118.11436,35.41636],[-118.11456,35.41652],[-118.1149,35.41682],[-118.11496,35.41691],[-118.11502,35.41707],[-118.11514,35.41748],[-118.11534,35.41795],[-118.11582,35.41876],[-118.11588,35.41884],[-118.116,35.41892],[-118.11653,35.41925],[-118.1167,35.41947],[-118.11678,35.41954],[-118.11704,35.41992],[-118.11713,35.42009],[-118.11716,35.42017],[-118.11717,35.42024],[-118.11718,35.42034],[-118.11725,35.42049],[-118.1173,35.42055],[-118.11737,35.42062],[-118.11797,35.42113],[-118.11806,35.42124],[-118.11814,35.42138],[-118.11818,35.42149],[-118.11819,35.42161],[-118.11816,35.4217],[-118.11814,35.42173],[-118.11812,35.42183],[-118.11812,35.42198],[-118.11814,35.42216],[-118.11818,35.42225],[-118.11834,35.42254],[-118.11838,35.42264],[-118.1186,35.42345],[-118.11861,35.42354],[-118.11862,35.42362],[-118.11859,35.4239],[-118.11861,35.42408],[-118.11862,35.42437],[-118.11865,35.42471],[-118.11868,35.42486],[-118.11873,35.42501],[-118.11882,35.4252],[-118.11884,35.42543],[-118.11907,35.42605],[-118.11912,35.42622],[-118.11916,35.42628],[-118.11924,35.42644],[-118.11931,35.42663],[-118.1194,35.42678],[-118.11952,35.42694],[-118.11961,35.42702],[-118.11967,35.42711],[-118.11999,35.4277],[-118.12049,35.42841],[-118.12056,35.4285],[-118.12066,35.42867],[-118.12074,35.42884],[-118.12094,35.42952],[-118.12098,35.42962],[-118.12103,35.42977],[-118.12109,35.43027],[-118.12116,35.43043],[-118.12116,35.43053],[-118.12122,35.43078],[-118.12136,35.43128],[-118.12138,35.43149],[-118.12149,35.43179],[-118.12153,35.43218],[-118.12157,35.4323],[-118.12168,35.4325],[-118.12188,35.43283],[-118.12193,35.43296],[-118.12196,35.43322],[-118.12225,35.43407],[-118.12228,35.43422],[-118.1223,35.43447],[-118.12234,35.43458],[-118.12244,35.43478],[-118.12254,35.43508],[-118.12262,35.43521],[-118.12274,35.43539],[-118.12279,35.43552],[-118.12282,35.43567],[-118.12287,35.43575],[-118.12292,35.43581],[-118.123,35.43589],[-118.12305,35.43597],[-118.12307,35.43609],[-118.12308,35.43618],[-118.12316,35.43639],[-118.12322,35.43652],[-118.1233,35.43664],[-118.12341,35.43687],[-118.12355,35.43706],[-118.12365,35.43717],[-118.12371,35.43729],[-118.12377,35.43742],[-118.12381,35.43756],[-118.12384,35.43769],[-118.12385,35.43778],[-118.1238,35.43795],[-118.12377,35.43801],[-118.12376,35.43811],[-118.12377,35.4382],[-118.12376,35.43874],[-118.1237,35.43907],[-118.1237,35.43916],[-118.12368,35.43928],[-118.12369,35.43937],[-118.12377,35.43974],[-118.12387,35.44009],[-118.12399,35.4406],[-118.12401,35.4409],[-118.12409,35.44124],[-118.12424,35.44162],[-118.12449,35.44212],[-118.12452,35.44225],[-118.12451,35.44241],[-118.12444,35.44266],[-118.12444,35.44274],[-118.12448,35.44293],[-118.12453,35.44304],[-118.12458,35.44313],[-118.12465,35.44321],[-118.12485,35.44341],[-118.12491,35.44349],[-118.12497,35.44358],[-118.12502,35.44368],[-118.12521,35.44423],[-118.12529,35.44436],[-118.12539,35.44449],[-118.12553,35.44459],[-118.12636,35.44519],[-118.12696,35.44565],[-118.127,35.44568],[-118.12729,35.44587],[-118.12741,35.44599],[-118.12774,35.44619],[-118.12787,35.44632],[-118.12815,35.44648],[-118.12821,35.44654],[-118.12829,35.44664],[-118.12836,35.44669],[-118.12868,35.44687],[-118.12915,35.44726],[-118.12923,35.44733],[-118.1293,35.44737],[-118.12942,35.44742],[-118.12977,35.44761],[-118.12995,35.44777],[-118.13006,35.44784],[-118.13017,35.44788],[-118.13041,35.44792],[-118.13047,35.44794],[-118.1306,35.448],[-118.1307,35.44807],[-118.13077,35.44815],[-118.13086,35.44833],[-118.13098,35.44847],[-118.13108,35.44854],[-118.13113,35.44859],[-118.13134,35.44875],[-118.13186,35.4491],[-118.13193,35.4492],[-118.13199,35.44931],[-118.13206,35.44938],[-118.13217,35.44944],[-118.13225,35.44947],[-118.1324,35.44956],[-118.13248,35.44963],[-118.13283,35.44996],[-118.13308,35.45024],[-118.1332,35.45033],[-118.13333,35.45039],[-118.13373,35.45054],[-118.13393,35.4506],[-118.13399,35.45064],[-118.13401,35.45065],[-118.13416,35.45083]]}},{"type":"Feature","properties":{"name":"(unnamed public road)","road_class":"track","source":"OpenStreetMap","source_detail":"osm way 759750466","source_tile":"175/404","surface_inferred":true},"geometry":{"type":"LineString","coordinates":[[-118.15826,35.26153],[-118.15836,35.26155],[-118.15845,35.26162],[-118.15858,35.26177],[-118.15866,35.26184],[-118.1588,35.2619],[-118.15895,35.26194],[-118.15908,35.262],[-118.15996,35.26266],[-118.16009,35.26278],[-118.16032,35.26308],[-118.16071,35.26325],[-118.1607,35.26346],[-118.16097,35.26362],[-118.16108,35.26369],[-118.16149,35.2639],[-118.16171,35.26405],[-118.16186,35.26431],[-118.162,35.26488],[-118.16214,35.26619],[-118.1622,35.26632],[-118.16228,35.26644],[-118.16262,35.26684],[-118.16269,35.267],[-118.16256,35.26773],[-118.1625,35.26816],[-118.16234,35.26869],[-118.16226,35.26914],[-118.16226,35.2693],[-118.16235,35.26994],[-118.16233,35.27039],[-118.16239,35.27049],[-118.16246,35.27058],[-118.16251,35.27069],[-118.16265,35.27109],[-118.16273,35.27124],[-118.16292,35.27153],[-118.16297,35.27185],[-118.1628,35.27223],[-118.16275,35.27226],[-118.16258,35.27247],[-118.16257,35.27253],[-118.16145,35.27358],[-118.16129,35.27375],[-118.16114,35.27395],[-118.16101,35.27418],[-118.16101,35.27439],[-118.16098,35.27459],[-118.16093,35.27476],[-118.16084,35.27493],[-118.16037,35.27565],[-118.1603,35.27572],[-118.16013,35.27594],[-118.16007,35.27605],[-118.15994,35.27637],[-118.15987,35.27646],[-118.15973,35.27655],[-118.15904,35.27692],[-118.15886,35.27705],[-118.15878,35.27718],[-118.15874,35.27732],[-118.1587,35.2776],[-118.15868,35.27788],[-118.15837,35.27827],[-118.15824,35.27846],[-118.15808,35.27883],[-118.15803,35.27898],[-118.15804,35.2792],[-118.1581,35.27946],[-118.15821,35.27974],[-118.15845,35.28013],[-118.15877,35.28072],[-118.15903,35.28107],[-118.15944,35.2814],[-118.15949,35.2814],[-118.15966,35.28146]]}},{"type":"Feature","properties":{"name":"(unnamed public road)","road_class":"track","source":"OpenStreetMap","source_detail":"osm way 759750479","source_tile":"175/404","surface_inferred":true},"geometry":{"type":"LineString","coordinates":[[-118.17019,35.28343],[-118.17022,35.28365],[-118.17029,35.28395],[-118.1704,35.28407],[-118.1706,35.28412],[-118.1707,35.28417],[-118.17096,35.28435],[-118.17102,35.28442],[-118.17108,35.28452],[-118.17115,35.28474],[-118.17126,35.28496],[-118.17155,35.28533],[-118.17173,35.28549],[-118.17186,35.28563],[-118.17214,35.28587],[-118.17225,35.28594],[-118.17249,35.28603],[-118.17259,35.28605],[-118.17274,35.28605],[-118.17303,35.28598],[-118.17311,35.28593],[-118.17317,35.28587],[-118.17325,35.28566],[-118.17332,35.28558],[-118.17362,35.28544],[-118.17389,35.28529],[-118.17403,35.28524],[-118.17431,35.28513],[-118.17447,35.28509],[-118.17475,35.28507],[-118.17499,35.28503],[-118.17572,35.28486],[-118.17667,35.28462],[-118.17693,35.28457],[-118.17723,35.28453],[-118.17744,35.28454],[-118.17811,35.28466],[-118.17886,35.28475],[-118.17899,35.28479],[-118.17959,35.28513],[-118.17972,35.28517],[-118.17988,35.28519],[-118.18,35.28523],[-118.18009,35.28525],[-118.18019,35.28524],[-118.18041,35.28519],[-118.18072,35.28509],[-118.18084,35.28507],[-118.181,35.28512],[-118.18121,35.28529]]}},{"type":"Feature","properties":{"name":"(unnamed public road)","road_class":"track","source":"OpenStreetMap","source_detail":"osm way 759750482","source_tile":"175/404","surface_inferred":true},"geometry":{"type":"LineString","coordinates":[[-118.19598,35.2814],[-118.19561,35.28084],[-118.19548,35.28071],[-118.19527,35.28059],[-118.19501,35.2805],[-118.1949,35.28048],[-118.19463,35.28054],[-118.19453,35.28053],[-118.19445,35.28046],[-118.19433,35.28025],[-118.19429,35.28021],[-118.19424,35.2802],[-118.19414,35.28019],[-118.19369,35.28024],[-118.19336,35.28021],[-118.19281,35.28006],[-118.19254,35.27996],[-118.19234,35.27989],[-118.19175,35.27979],[-118.19129,35.27971],[-118.19089,35.27964],[-118.19071,35.27964],[-118.19052,35.27968],[-118.19025,35.27971],[-118.19001,35.27969],[-118.18976,35.27976],[-118.18958,35.27977],[-118.18917,35.27965],[-118.18864,35.27957],[-118.18829,35.27957],[-118.18821,35.27957],[-118.18804,35.27958],[-118.18782,35.27957],[-118.18756,35.27954],[-118.18736,35.27945],[-118.18721,35.27934],[-118.18705,35.27922],[-118.18697,35.27918],[-118.18673,35.27916],[-118.1865,35.27913],[-118.18629,35.27913]]}},{"type":"Feature","properties":{"name":"(unnamed public road)","road_class":"track","source":"OpenStreetMap","source_detail":"osm way 759750496","source_tile":"175/404","surface_inferred":true},"geometry":{"type":"LineString","coordinates":[[-118.19593,35.28404],[-118.19602,35.28374],[-118.19602,35.28362],[-118.19595,35.28344],[-118.19585,35.28332],[-118.19573,35.28311],[-118.19573,35.28305],[-118.19576,35.28299],[-118.19585,35.2829],[-118.19591,35.28281],[-118.19586,35.28273],[-118.19561,35.28252],[-118.19553,35.28241],[-118.1955,35.28233],[-118.19561,35.28199],[-118.19591,35.28151]]}},{"type":"Feature","properties":{"name":"(unnamed public road)","road_class":"track","source":"OpenStreetMap","source_detail":"osm way 759750497","source_tile":"175/404","surface_inferred":true},"geometry":{"type":"LineString","coordinates":[[-118.19598,35.2814],[-118.19591,35.28151]]}},{"type":"Feature","properties":{"name":"(unnamed public road)","road_class":"track","source":"OpenStreetMap","source_detail":"osm way 759753675","source_tile":"175/404","surface_inferred":true},"geometry":{"type":"LineString","coordinates":[[-118.27138,35.29406],[-118.27143,35.29424],[-118.27148,35.29459],[-118.27148,35.29469],[-118.27146,35.29479],[-118.27143,35.2949],[-118.27138,35.29511],[-118.27127,35.29528],[-118.27102,35.29549],[-118.27087,35.29565]]}},{"type":"Feature","properties":{"name":"(unnamed public road)","road_class":"track","source":"OpenStreetMap","source_detail":"osm way 759753676","source_tile":"175/404","surface_inferred":true},"geometry":{"type":"LineString","coordinates":[[-118.26809,35.30187],[-118.26815,35.30145],[-118.26817,35.30111],[-118.2684,35.30092],[-118.26857,35.30066],[-118.26865,35.30048]]}},{"type":"Feature","properties":{"name":"(unnamed public road)","road_class":"track","source":"OpenStreetMap","source_detail":"osm way 759753685","source_tile":"175/404","surface_inferred":true},"geometry":{"type":"LineString","coordinates":[[-118.23738,35.31725],[-118.23747,35.31737]]}},{"type":"Feature","properties":{"name":"(unnamed public road)","road_class":"track","surface":"dirt","tracktype":"grade3","source":"OpenStreetMap","source_detail":"osm way 759753687","source_tile":"175/404"},"geometry":{"type":"LineString","coordinates":[[-118.30653,35.36422],[-118.30679,35.36439],[-118.30688,35.3645],[-118.30699,35.36459],[-118.30711,35.36483],[-118.30718,35.36507],[-118.30735,35.36526],[-118.30741,35.36528],[-118.30763,35.3653],[-118.30776,35.36542],[-118.30792,35.36547],[-118.30801,35.36553],[-118.30802,35.36554],[-118.30798,35.36558],[-118.30777,35.3656],[-118.30771,35.36563],[-118.3077,35.36567],[-118.30776,35.36573],[-118.3079,35.36583],[-118.30804,35.366],[-118.30821,35.36618],[-118.30862,35.36649],[-118.30872,35.36658],[-118.30875,35.3667],[-118.30866,35.36679],[-118.30864,35.36685],[-118.30869,35.36692],[-118.30902,35.36712],[-118.30913,35.36724],[-118.30919,35.36736],[-118.30926,35.36745],[-118.30954,35.36773],[-118.30986,35.3678],[-118.31015,35.36793],[-118.31028,35.36793],[-118.31051,35.36791],[-118.3106,35.36793],[-118.31064,35.36798],[-118.31063,35.36802],[-118.31054,35.36813],[-118.31046,35.36818],[-118.31039,35.3682],[-118.31013,35.36822],[-118.30981,35.36815],[-118.30964,35.3681],[-118.30957,35.36809],[-118.3094,35.36813],[-118.30927,35.36818],[-118.30917,35.36818],[-118.30906,35.36806],[-118.30898,35.36806],[-118.30891,35.36809],[-118.30884,35.36823],[-118.30873,35.3684],[-118.30857,35.36857],[-118.30808,35.36892],[-118.30765,35.3693],[-118.30695,35.36965],[-118.3066,35.36977],[-118.30648,35.36977],[-118.30625,35.36972],[-118.30601,35.36969],[-118.30581,35.36965],[-118.3055,35.36968],[-118.30517,35.36963],[-118.30493,35.3696],[-118.3047,35.36957],[-118.30454,35.36957],[-118.30436,35.36961],[-118.30426,35.36962],[-118.30416,35.3696],[-118.30403,35.36955],[-118.30361,35.36933],[-118.30351,35.36931],[-118.30339,35.3693],[-118.30325,35.36932],[-118.30302,35.36938],[-118.30246,35.36965],[-118.30236,35.36972],[-118.30232,35.36979],[-118.30232,35.36988],[-118.30235,35.36999],[-118.3023,35.37008],[-118.30216,35.37017],[-118.30204,35.3702],[-118.30195,35.37021],[-118.30174,35.37017],[-118.30144,35.37015],[-118.30109,35.37014],[-118.30096,35.37012],[-118.3007,35.37007],[-118.30046,35.37003],[-118.30018,35.37006],[-118.29996,35.3701],[-118.29985,35.37013]]}},{"type":"Feature","properties":{"name":"(unnamed public road)","road_class":"track","surface":"dirt","tracktype":"grade3","source":"OpenStreetMap","source_detail":"osm way 759753688","source_tile":"175/404"},"geometry":{"type":"LineString","coordinates":[[-118.31882,35.35319],[-118.31872,35.35326],[-118.31844,35.35342],[-118.31817,35.35353],[-118.31805,35.35366],[-118.31803,35.35378],[-118.31807,35.35395],[-118.31807,35.35405],[-118.31801,35.35415],[-118.31788,35.3542],[-118.31741,35.35419],[-118.31722,35.35422],[-118.3169,35.35433],[-118.31667,35.35433],[-118.31651,35.35429],[-118.31641,35.35425],[-118.31577,35.35384],[-118.31544,35.35374],[-118.31537,35.35368],[-118.31512,35.35349],[-118.31492,35.35342],[-118.3148,35.35338],[-118.3144,35.35334],[-118.3142,35.35334],[-118.31405,35.3534],[-118.31395,35.35351],[-118.31396,35.35365],[-118.31409,35.35394],[-118.31414,35.35409],[-118.31416,35.35427]]}},{"type":"Feature","properties":{"name":"(unnamed public road)","road_class":"track","surface":"dirt","tracktype":"grade3","source":"OpenStreetMap","source_detail":"osm way 759753689","source_tile":"175/404"},"geometry":{"type":"LineString","coordinates":[[-118.31382,35.36189],[-118.3137,35.36189],[-118.31307,35.36192],[-118.31289,35.36189],[-118.31263,35.36177],[-118.31257,35.36168],[-118.31253,35.36152],[-118.31246,35.36145],[-118.3123,35.36139],[-118.31211,35.36139],[-118.31183,35.36138],[-118.31127,35.36134],[-118.311,35.36135],[-118.31081,35.36131],[-118.31062,35.36122],[-118.31029,35.3611],[-118.30998,35.36094],[-118.30982,35.3609],[-118.30962,35.36085],[-118.30955,35.36082],[-118.3095,35.3608],[-118.30944,35.36075],[-118.30938,35.36067],[-118.30933,35.36059],[-118.30932,35.36054],[-118.30932,35.36051],[-118.30933,35.36047],[-118.30936,35.36043],[-118.30944,35.36035],[-118.30957,35.36027],[-118.30966,35.36025],[-118.30987,35.36021],[-118.30991,35.36019],[-118.30994,35.36016],[-118.30997,35.36011],[-118.30998,35.36008],[-118.30996,35.36005],[-118.30992,35.36],[-118.30987,35.35995],[-118.30968,35.35978],[-118.30958,35.35969],[-118.30948,35.35961],[-118.30944,35.35954],[-118.30935,35.35933],[-118.30924,35.35915],[-118.30909,35.35894],[-118.30895,35.35878],[-118.30888,35.3587],[-118.30884,35.35864],[-118.30881,35.35861],[-118.30879,35.35859],[-118.30875,35.35857],[-118.30866,35.35854],[-118.30859,35.35853],[-118.30848,35.35852],[-118.30836,35.3585],[-118.30825,35.35849],[-118.30816,35.35847],[-118.30812,35.35845],[-118.30809,35.35843],[-118.30806,35.35841],[-118.30805,35.35837],[-118.30805,35.35832],[-118.30807,35.35827],[-118.30812,35.3582],[-118.30819,35.35813],[-118.30827,35.35808],[-118.30834,35.35806],[-118.30841,35.35804],[-118.30848,35.35804],[-118.30855,35.35805],[-118.30861,35.35806],[-118.30865,35.35808],[-118.30868,35.35809],[-118.30884,35.35823],[-118.30888,35.35829],[-118.30892,35.35838],[-118.30895,35.35841],[-118.30901,35.35842],[-118.30908,35.3584],[-118.3092,35.35842],[-118.30925,35.35844],[-118.30935,35.35846],[-118.30944,35.35849],[-118.30959,35.35864],[-118.30979,35.3588],[-118.30998,35.35891],[-118.31011,35.35895],[-118.31017,35.35894],[-118.31029,35.35888],[-118.31036,35.35882],[-118.31038,35.35875],[-118.31043,35.35863],[-118.31045,35.35859]]}},{"type":"Feature","properties":{"name":"(unnamed public road)","road_class":"track","surface":"dirt","tracktype":"grade3","source":"OpenStreetMap","source_detail":"osm way 759753690","source_tile":"175/404"},"geometry":{"type":"LineString","coordinates":[[-118.31349,35.35462],[-118.31362,35.35459],[-118.31372,35.35454],[-118.31386,35.35447],[-118.31416,35.35427]]}},{"type":"Feature","properties":{"name":"(unnamed public road)","road_class":"track","surface":"dirt","tracktype":"grade3","source":"OpenStreetMap","source_detail":"osm way 759753691","source_tile":"175/404"},"geometry":{"type":"LineString","coordinates":[[-118.31349,35.35462],[-118.3133,35.35463],[-118.31307,35.35459],[-118.31292,35.3546],[-118.31271,35.35465],[-118.31254,35.35466],[-118.31248,35.35462],[-118.31248,35.35453],[-118.31243,35.35439],[-118.31233,35.35432],[-118.31205,35.3542],[-118.31175,35.35413],[-118.31155,35.35408],[-118.31141,35.354],[-118.3113,35.35394],[-118.31119,35.35393],[-118.31085,35.35401],[-118.31077,35.35402],[-118.31072,35.354],[-118.31065,35.35394]]}},{"type":"Feature","properties":{"name":"(unnamed public road)","road_class":"track","surface":"dirt","tracktype":"grade3","source":"OpenStreetMap","source_detail":"osm way 759753692","source_tile":"175/404"},"geometry":{"type":"LineString","coordinates":[[-118.30995,35.35189],[-118.30996,35.35207],[-118.30996,35.35219],[-118.30995,35.35226],[-118.30993,35.35231],[-118.3099,35.35236],[-118.30984,35.35243],[-118.30963,35.35264],[-118.3096,35.35268],[-118.30959,35.35272],[-118.30959,35.35283],[-118.30958,35.3529],[-118.30953,35.35306],[-118.30949,35.35314],[-118.3095,35.3532],[-118.30946,35.35337],[-118.30945,35.35349],[-118.30944,35.35355],[-118.30945,35.3536],[-118.30947,35.35363],[-118.30951,35.35364],[-118.3096,35.35363],[-118.30973,35.3536],[-118.30988,35.35359],[-118.31006,35.35362],[-118.31024,35.35366],[-118.31042,35.35379],[-118.3106,35.35391],[-118.31065,35.35394]]}},{"type":"Feature","properties":{"name":"(unnamed public road)","road_class":"track","surface":"dirt","tracktype":"grade3","source":"OpenStreetMap","source_detail":"osm way 759753695","source_tile":"175/404"},"geometry":{"type":"LineString","coordinates":[[-118.31416,35.35427],[-118.31416,35.35435],[-118.31416,35.35449],[-118.31414,35.35463],[-118.31408,35.35487],[-118.31414,35.35546],[-118.31417,35.35559],[-118.31433,35.35582],[-118.31448,35.35608],[-118.31454,35.35623],[-118.31455,35.35645],[-118.31452,35.3566],[-118.31457,35.35684],[-118.31452,35.35697],[-118.31444,35.35704],[-118.31427,35.35711],[-118.31404,35.35714],[-118.31389,35.35723],[-118.31355,35.35745],[-118.31352,35.35753],[-118.31357,35.35777],[-118.31366,35.35793],[-118.31372,35.35817],[-118.31373,35.3583],[-118.31378,35.35853],[-118.31374,35.3587],[-118.31381,35.3589],[-118.31381,35.35905],[-118.31386,35.35932],[-118.31387,35.35956],[-118.31381,35.35982],[-118.31376,35.3599],[-118.31365,35.35998],[-118.31347,35.36004],[-118.31325,35.36009],[-118.31313,35.3601],[-118.31307,35.36015],[-118.31302,35.36039],[-118.31299,35.36051],[-118.31303,35.3606],[-118.31316,35.36079],[-118.3133,35.36105],[-118.31332,35.36115],[-118.31333,35.36129],[-118.3136,35.36152],[-118.31367,35.36155],[-118.3139,35.36158],[-118.31405,35.36165],[-118.31411,35.36179],[-118.314,35.36185],[-118.31382,35.36189],[-118.31373,35.36194],[-118.31356,35.36203],[-118.3134,35.36213],[-118.31333,35.36216],[-118.31307,35.36224],[-118.31274,35.36233],[-118.31247,35.36235],[-118.31235,35.36236],[-118.31219,35.36234],[-118.31206,35.36231],[-118.31182,35.36219],[-118.31166,35.36214],[-118.3114,35.36209],[-118.31118,35.36207],[-118.31105,35.36207],[-118.3108,35.36207],[-118.31056,35.36209],[-118.31016,35.36201],[-118.31003,35.362],[-118.30988,35.362],[-118.30979,35.36201],[-118.30968,35.36205],[-118.30964,35.36209],[-118.30962,35.36214],[-118.30963,35.36229],[-118.3096,35.36246],[-118.3096,35.36262],[-118.30959,35.36268],[-118.30953,35.36275],[-118.30947,35.36278],[-118.3093,35.3628],[-118.3092,35.36281],[-118.30907,35.36281],[-118.30874,35.36289],[-118.30861,35.36292],[-118.30851,35.36295],[-118.30835,35.36303],[-118.3081,35.36316],[-118.30801,35.3632],[-118.3079,35.36322],[-118.30772,35.36325],[-118.30764,35.36327],[-118.30758,35.3633],[-118.30749,35.36337],[-118.30741,35.36341],[-118.30734,35.36344],[-118.30715,35.36348],[-118.30693,35.36353],[-118.30665,35.36362],[-118.30648,35.3637],[-118.30628,35.36385],[-118.30622,35.36392],[-118.30622,35.36398],[-118.30626,35.36404],[-118.30633,35.36409],[-118.30653,35.36422]]}},{"type":"Feature","properties":{"name":"(unnamed public road)","road_class":"track","surface":"dirt","tracktype":"grade3","source":"OpenStreetMap","source_detail":"osm way 759753696","source_tile":"175/404"},"geometry":{"type":"LineString","coordinates":[[-118.30949,35.35314],[-118.30944,35.35308],[-118.30934,35.35299],[-118.3093,35.35294],[-118.30926,35.35288],[-118.30919,35.35283],[-118.30911,35.35274],[-118.30905,35.35266],[-118.30895,35.35256],[-118.30879,35.35243],[-118.30867,35.35237],[-118.30853,35.35234],[-118.30844,35.35232],[-118.30825,35.35234],[-118.30813,35.35234],[-118.30802,35.35235],[-118.30781,35.35235]]}},{"type":"Feature","properties":{"name":"(unnamed public road)","road_class":"track","surface":"dirt","tracktype":"grade3","source":"OpenStreetMap","source_detail":"osm way 759753697","source_tile":"175/404"},"geometry":{"type":"LineString","coordinates":[[-118.31882,35.35319],[-118.31891,35.35306],[-118.3189,35.35291],[-118.31868,35.35276],[-118.31858,35.35266],[-118.31853,35.35251],[-118.31855,35.35238],[-118.3186,35.3522],[-118.31865,35.35209],[-118.31872,35.35201]]}},{"type":"Feature","properties":{"name":"(unnamed public road)","road_class":"track","surface":"dirt","tracktype":"grade3","source":"OpenStreetMap","source_detail":"osm way 759753698","source_tile":"175/404"},"geometry":{"type":"LineString","coordinates":[[-118.31872,35.35201],[-118.319,35.35179],[-118.31917,35.35164],[-118.31932,35.35162],[-118.31945,35.35165],[-118.31949,35.35168],[-118.31957,35.35182],[-118.31964,35.3519],[-118.3199,35.35208],[-118.32004,35.35222],[-118.32018,35.35223],[-118.32036,35.35221],[-118.32092,35.35209],[-118.32107,35.35206],[-118.32118,35.35208],[-118.32133,35.35212],[-118.32166,35.35216],[-118.32176,35.35216],[-118.32183,35.35213],[-118.32182,35.35206],[-118.32177,35.352],[-118.32153,35.35186],[-118.32143,35.35178],[-118.32139,35.35168],[-118.32136,35.35159],[-118.32132,35.35152],[-118.32099,35.35135],[-118.32074,35.35116],[-118.32054,35.35104],[-118.32029,35.35072],[-118.32011,35.35052],[-118.31994,35.35041],[-118.31986,35.35031],[-118.3198,35.35015]]}},{"type":"Feature","properties":{"name":"Oak Field Way","road_class":"track","surface":"dirt","tracktype":"grade3","source":"OpenStreetMap","source_detail":"osm way 759753699","source_tile":"175/404"},"geometry":{"type":"LineString","coordinates":[[-118.32271,35.35089],[-118.32255,35.35104],[-118.32233,35.35115],[-118.32225,35.35114],[-118.3222,35.35097],[-118.32213,35.35091],[-118.32202,35.35087],[-118.32186,35.35088],[-118.3214,35.35097],[-118.32126,35.35103],[-118.32121,35.35102],[-118.32113,35.35081],[-118.32103,35.35074],[-118.32035,35.35051],[-118.32007,35.35028],[-118.3198,35.35015]]}},{"type":"Feature","properties":{"name":"Oak Field Way","road_class":"track","surface":"dirt","tracktype":"grade3","source":"OpenStreetMap","source_detail":"osm way 759753700","source_tile":"175/404"},"geometry":{"type":"LineString","coordinates":[[-118.32271,35.35089],[-118.3228,35.3509],[-118.32286,35.35096],[-118.32311,35.35109],[-118.32344,35.35139],[-118.3236,35.35163],[-118.32379,35.35169],[-118.3239,35.35177],[-118.32396,35.35188],[-118.32392,35.352],[-118.32389,35.3521],[-118.32391,35.35219],[-118.32407,35.35248],[-118.32412,35.35266],[-118.32422,35.35292],[-118.32425,35.35317],[-118.32418,35.35334]]}},{"type":"Feature","properties":{"name":"Oak Field Way","road_class":"track","surface":"dirt","tracktype":"grade3","source":"OpenStreetMap","source_detail":"osm way 759753701","source_tile":"175/404"},"geometry":{"type":"LineString","coordinates":[[-118.32418,35.35334],[-118.32406,35.3535],[-118.32385,35.35371],[-118.32375,35.35376],[-118.32361,35.35379],[-118.32356,35.35385],[-118.32361,35.35398],[-118.32356,35.35405],[-118.32348,35.35414],[-118.32348,35.35422],[-118.32358,35.35431],[-118.32366,35.3544],[-118.32378,35.35445],[-118.32387,35.35451],[-118.32401,35.35471],[-118.32404,35.35494],[-118.32416,35.3551],[-118.32418,35.3552],[-118.3241,35.35528],[-118.32396,35.35532],[-118.3238,35.35535],[-118.32362,35.35542],[-118.32344,35.35556],[-118.32332,35.35571],[-118.32299,35.35586],[-118.32249,35.35612],[-118.32235,35.35617],[-118.32221,35.35621],[-118.32219,35.35627],[-118.32223,35.35636],[-118.32227,35.35645],[-118.32228,35.35653],[-118.32227,35.35663],[-118.32231,35.35681],[-118.32229,35.35696],[-118.32223,35.35711],[-118.32206,35.35735],[-118.32195,35.35752],[-118.32194,35.35764],[-118.32199,35.3578],[-118.32208,35.358],[-118.32209,35.35813],[-118.32204,35.35823],[-118.32182,35.35842],[-118.32157,35.35853],[-118.32142,35.35855],[-118.32116,35.35855],[-118.321,35.35852],[-118.32081,35.35846],[-118.3205,35.35839],[-118.31999,35.35822],[-118.31984,35.35821],[-118.31966,35.3583],[-118.31947,35.35835],[-118.31934,35.35833],[-118.31924,35.3583],[-118.31916,35.35823],[-118.31911,35.35813]]}},{"type":"Feature","properties":{"name":"Oak Field Way","road_class":"track","surface":"dirt","tracktype":"grade3","source":"OpenStreetMap","source_detail":"osm way 759753702","source_tile":"175/404"},"geometry":{"type":"LineString","coordinates":[[-118.3198,35.35015],[-118.3197,35.35009],[-118.31953,35.35002],[-118.31928,35.34995],[-118.31911,35.34988],[-118.3189,35.34984],[-118.31865,35.34991],[-118.31834,35.35009],[-118.31821,35.35009],[-118.3182,35.35],[-118.31831,35.34983],[-118.31853,35.34961],[-118.31863,35.34956],[-118.31885,35.34951],[-118.31899,35.34945],[-118.31907,35.34937],[-118.31913,35.34924],[-118.31931,35.34903],[-118.31934,35.34894]]}},{"type":"Feature","properties":{"name":"John Fremont Road","road_class":"track","surface":"dirt","tracktype":"grade3","source":"OpenStreetMap","source_detail":"osm way 759753703","source_tile":"175/404"},"geometry":{"type":"LineString","coordinates":[[-118.31697,35.34357],[-118.31699,35.34364],[-118.31704,35.34366],[-118.31714,35.34367],[-118.31727,35.34364],[-118.3174,35.34355],[-118.31751,35.3435],[-118.31761,35.34351],[-118.3177,35.34356],[-118.31774,35.34363],[-118.31775,35.34373],[-118.31764,35.34421],[-118.31762,35.34437],[-118.31761,35.34444],[-118.31768,35.3445],[-118.31792,35.34454],[-118.3183,35.34464],[-118.31865,35.34465],[-118.31876,35.3447],[-118.31914,35.34503],[-118.31919,35.34512],[-118.31923,35.34531],[-118.31922,35.34558],[-118.31924,35.34562],[-118.31946,35.34586],[-118.31967,35.34595],[-118.31978,35.34602],[-118.31985,35.34614],[-118.31999,35.34639],[-118.32003,35.34649],[-118.32002,35.34656],[-118.31994,35.3466],[-118.31977,35.34666],[-118.31968,35.3467],[-118.31962,35.34675],[-118.31961,35.34682],[-118.31964,35.3469],[-118.31977,35.34704],[-118.31996,35.34738],[-118.32011,35.34749],[-118.32021,35.34761],[-118.32041,35.34779],[-118.32064,35.34802],[-118.32072,35.34816],[-118.32071,35.34832],[-118.3206,35.34846],[-118.32045,35.34854],[-118.32026,35.34859],[-118.32003,35.34861],[-118.31956,35.34863],[-118.3194,35.34866],[-118.31933,35.34874],[-118.31934,35.34894]]}},{"type":"Feature","properties":{"name":"John Fremont Road","road_class":"track","surface":"dirt","tracktype":"grade3","source":"OpenStreetMap","source_detail":"osm way 759753704","source_tile":"175/404"},"geometry":{"type":"LineString","coordinates":[[-118.31293,35.33744],[-118.31304,35.33754],[-118.31334,35.33769],[-118.31375,35.33802],[-118.31405,35.33842],[-118.31421,35.33855],[-118.31439,35.33874],[-118.31447,35.33881],[-118.31464,35.33882],[-118.31471,35.33885],[-118.31479,35.33892],[-118.31507,35.33937],[-118.31509,35.33951],[-118.31507,35.33972],[-118.31506,35.34006],[-118.31505,35.34035],[-118.31504,35.34053],[-118.31506,35.34063],[-118.31515,35.34067],[-118.31528,35.3407],[-118.31569,35.34077],[-118.31585,35.34081],[-118.31595,35.34089],[-118.3162,35.34122],[-118.31629,35.34147],[-118.31642,35.34166],[-118.31654,35.34177],[-118.31687,35.34203],[-118.31695,35.34214],[-118.31703,35.34246],[-118.31702,35.34291],[-118.31697,35.34303],[-118.31691,35.34319],[-118.31697,35.34338],[-118.31699,35.3435],[-118.31697,35.34357]]}},{"type":"Feature","properties":{"name":"(unnamed public road)","road_class":"track","surface":"dirt","tracktype":"grade3","source":"OpenStreetMap","source_detail":"osm way 759753705","source_tile":"175/404"},"geometry":{"type":"LineString","coordinates":[[-118.30839,35.34164],[-118.30847,35.34165],[-118.30861,35.34173],[-118.30868,35.34174],[-118.30881,35.3417],[-118.30901,35.34165],[-118.30917,35.34166],[-118.3093,35.34171],[-118.30944,35.34178],[-118.30956,35.3418],[-118.30968,35.34178],[-118.30991,35.34178],[-118.31001,35.34174],[-118.31025,35.3416],[-118.31036,35.34156],[-118.31049,35.3415],[-118.31064,35.34142],[-118.31074,35.34135],[-118.31095,35.34111],[-118.3113,35.34093],[-118.31163,35.34072],[-118.31176,35.34066],[-118.3119,35.34063],[-118.31213,35.34064],[-118.31228,35.34061],[-118.31253,35.3406],[-118.31276,35.34065],[-118.31288,35.34065],[-118.31307,35.34061],[-118.31329,35.34062],[-118.31345,35.34064],[-118.31365,35.34062],[-118.31376,35.34063],[-118.31382,35.34067],[-118.31387,35.34075],[-118.31387,35.34082],[-118.31404,35.34108],[-118.31414,35.34114],[-118.31422,35.34121],[-118.31429,35.34135],[-118.31435,35.3415],[-118.31442,35.34153],[-118.31457,35.34153],[-118.31471,35.34158],[-118.31482,35.34158],[-118.31495,35.34153],[-118.31502,35.34153],[-118.3151,35.34156],[-118.31518,35.34157],[-118.31542,35.34153],[-118.31566,35.34142],[-118.3158,35.34139],[-118.31597,35.34143],[-118.31606,35.34146],[-118.31628,35.34164],[-118.31642,35.34166]]}},{"type":"Feature","properties":{"name":"(unnamed public road)","road_class":"track","surface":"dirt","tracktype":"grade3","source":"OpenStreetMap","source_detail":"osm way 759754059","source_tile":"175/404"},"geometry":{"type":"LineString","coordinates":[[-118.33485,35.32102],[-118.33474,35.321],[-118.3345,35.32101],[-118.33433,35.32096],[-118.33406,35.32081],[-118.33374,35.32068],[-118.33351,35.32065],[-118.33312,35.32063],[-118.33284,35.32055],[-118.33251,35.32045],[-118.33184,35.32012],[-118.33183,35.31992],[-118.33178,35.31986],[-118.33169,35.31983],[-118.33149,35.31991],[-118.33124,35.32006],[-118.3308,35.32018],[-118.33047,35.32026],[-118.3302,35.32029],[-118.33,35.32026],[-118.32986,35.32029],[-118.32978,35.32037],[-118.32976,35.32052],[-118.32967,35.32066],[-118.32954,35.32076],[-118.32925,35.32083],[-118.32906,35.32092],[-118.32887,35.32103],[-118.32865,35.32107],[-118.32837,35.32112],[-118.32821,35.32119],[-118.32811,35.32133],[-118.32798,35.32178],[-118.328,35.32198]]}},{"type":"Feature","properties":{"name":"TR 49","road_class":"track","surface":"dirt","tracktype":"grade3","source":"OpenStreetMap","source_detail":"osm way 759754833","source_tile":"175/404"},"geometry":{"type":"LineString","coordinates":[[-118.31656,35.45953],[-118.31668,35.45946],[-118.31666,35.45929],[-118.31673,35.45919],[-118.31676,35.45901],[-118.31679,35.45883],[-118.31675,35.45854],[-118.31681,35.45844],[-118.31694,35.45822],[-118.31706,35.45813],[-118.31719,35.45791],[-118.3173,35.45774],[-118.31739,35.45736],[-118.31734,35.45722],[-118.31726,35.45712],[-118.31724,35.45704],[-118.31724,35.45688],[-118.31717,35.45674],[-118.31704,35.45662],[-118.31695,35.45657],[-118.31686,35.45653],[-118.31654,35.45649],[-118.31627,35.45648],[-118.31605,35.45649],[-118.31595,35.45644],[-118.31591,35.45636],[-118.316,35.45605]]}},{"type":"Feature","properties":{"name":"(unnamed public road)","road_class":"track","surface":"dirt","tracktype":"grade3","source":"OpenStreetMap","source_detail":"osm way 759754840","source_tile":"175/404"},"geometry":{"type":"LineString","coordinates":[[-118.33254,35.44331],[-118.33259,35.44319],[-118.33265,35.44303],[-118.33267,35.44285],[-118.33257,35.44271],[-118.33232,35.44261],[-118.33215,35.44245],[-118.33204,35.44234],[-118.33182,35.44216],[-118.33163,35.44196],[-118.3315,35.44186],[-118.33143,35.44182],[-118.33131,35.4418],[-118.33121,35.44172],[-118.33122,35.44162],[-118.33125,35.44158],[-118.33135,35.44152],[-118.33148,35.44149],[-118.33169,35.4414],[-118.33186,35.44125],[-118.33207,35.44113],[-118.33233,35.44107],[-118.33269,35.44105],[-118.33277,35.44099],[-118.33278,35.44092],[-118.3327,35.44071],[-118.33265,35.44037],[-118.3326,35.4403],[-118.33237,35.44017],[-118.33219,35.44008],[-118.33204,35.4399],[-118.33192,35.43976],[-118.33165,35.43959],[-118.33147,35.43945],[-118.33115,35.43926],[-118.33108,35.43919],[-118.33105,35.43907],[-118.33117,35.43882],[-118.33129,35.4385],[-118.33144,35.43831],[-118.33154,35.43811],[-118.33156,35.43785],[-118.33142,35.43767]]}},{"type":"Feature","properties":{"name":"(unnamed public road)","road_class":"track","surface":"dirt","tracktype":"grade3","source":"OpenStreetMap","source_detail":"osm way 759754841","source_tile":"175/404"},"geometry":{"type":"LineString","coordinates":[[-118.30538,35.45382],[-118.30576,35.45428],[-118.30587,35.45439],[-118.30604,35.4546],[-118.30619,35.45475],[-118.30638,35.45484],[-118.30646,35.45489],[-118.30659,35.45497],[-118.30675,35.45508],[-118.30685,35.45523],[-118.307,35.45537],[-118.3071,35.45553],[-118.30715,35.45566],[-118.30715,35.45578],[-118.30706,35.45605]]}},{"type":"Feature","properties":{"name":"(unnamed public road)","road_class":"track","source":"OpenStreetMap","source_detail":"osm way 759754849","source_tile":"175/404","surface_inferred":true},"geometry":{"type":"LineString","coordinates":[[-118.22259,35.45792],[-118.2223,35.45795],[-118.22222,35.458],[-118.22181,35.45854],[-118.2216,35.45894],[-118.22146,35.45905],[-118.22125,35.45912],[-118.22071,35.45923],[-118.22042,35.45931],[-118.22007,35.45943],[-118.21951,35.45959],[-118.21911,35.45978],[-118.21898,35.45986],[-118.21876,35.46005],[-118.21858,35.46018],[-118.21808,35.46036],[-118.21761,35.46057],[-118.21741,35.46031],[-118.21725,35.46022],[-118.21701,35.46011],[-118.21565,35.45974],[-118.2149,35.45958],[-118.21446,35.45951]]}},{"type":"Feature","properties":{"name":"(unnamed public road)","road_class":"track","source":"OpenStreetMap","source_detail":"osm way 759754850","source_tile":"175/404","surface_inferred":true},"geometry":{"type":"LineString","coordinates":[[-118.22259,35.45792],[-118.22276,35.45794],[-118.22294,35.45791],[-118.22334,35.45779],[-118.22359,35.45768],[-118.22366,35.45766],[-118.22373,35.45769],[-118.22376,35.45772],[-118.22383,35.45783],[-118.22386,35.45785],[-118.22392,35.45784],[-118.22415,35.45761],[-118.2243,35.45753],[-118.22464,35.45746],[-118.22476,35.45746]]}},{"type":"Feature","properties":{"name":"(unnamed public road)","road_class":"track","source":"OpenStreetMap","source_detail":"osm way 759754851","source_tile":"175/404","surface_inferred":true},"geometry":{"type":"LineString","coordinates":[[-118.22476,35.45746],[-118.22506,35.45747],[-118.22519,35.45754],[-118.22542,35.45775],[-118.22559,35.45784],[-118.22578,35.45792],[-118.22591,35.45796],[-118.2261,35.45798],[-118.2262,35.45797],[-118.22645,35.45789],[-118.22661,35.45786],[-118.22699,35.45787],[-118.22719,35.4579],[-118.22736,35.45786],[-118.22767,35.45784],[-118.22774,35.4578],[-118.22788,35.45768],[-118.22795,35.45765],[-118.22802,35.45765],[-118.22831,35.45771],[-118.2284,35.45777],[-118.22849,35.45787],[-118.22851,35.458],[-118.2285,35.45819],[-118.22865,35.45844],[-118.22882,35.45855]]}},{"type":"Feature","properties":{"name":"(unnamed public road)","road_class":"track","source":"OpenStreetMap","source_detail":"osm way 759755460","source_tile":"175/404","surface_inferred":true},"geometry":{"type":"LineString","coordinates":[[-118.20933,35.43625],[-118.20909,35.43634],[-118.20857,35.43647],[-118.20857,35.43656],[-118.20873,35.43699],[-118.20873,35.43707],[-118.20869,35.43717],[-118.2085,35.43742],[-118.20844,35.43761],[-118.20847,35.43779],[-118.20856,35.43801],[-118.20857,35.43819],[-118.20855,35.43842],[-118.20861,35.43852],[-118.20867,35.43858],[-118.20886,35.4387],[-118.20915,35.43885],[-118.2093,35.43891],[-118.20938,35.43891],[-118.20947,35.43888],[-118.2097,35.43875],[-118.20981,35.43873],[-118.21006,35.43873],[-118.21052,35.43879],[-118.21072,35.43888],[-118.21082,35.43896],[-118.211,35.43931],[-118.21104,35.43943],[-118.21103,35.4395],[-118.21082,35.43974],[-118.21081,35.43984],[-118.2109,35.44001],[-118.21112,35.44033],[-118.21112,35.44046],[-118.21105,35.44055],[-118.21085,35.44068],[-118.21079,35.44075],[-118.21072,35.44089],[-118.21073,35.44115],[-118.21069,35.44125],[-118.21041,35.44144]]}},{"type":"Feature","properties":{"name":"(unnamed public road)","road_class":"track","source":"OpenStreetMap","source_detail":"osm way 759755462","source_tile":"175/404","surface_inferred":true},"geometry":{"type":"LineString","coordinates":[[-118.15626,35.45062],[-118.15634,35.45061],[-118.15659,35.45066]]}},{"type":"Feature","properties":{"name":"(unnamed public road)","road_class":"track","source":"OpenStreetMap","source_detail":"osm way 759755463","source_tile":"175/404","surface_inferred":true},"geometry":{"type":"LineString","coordinates":[[-118.15585,35.45502],[-118.15586,35.45497],[-118.15568,35.45433],[-118.1557,35.45416],[-118.1558,35.45392],[-118.15582,35.45377],[-118.15559,35.4533],[-118.15557,35.45276],[-118.15568,35.45254],[-118.15595,35.45232],[-118.15604,35.45219],[-118.15611,35.45202],[-118.15608,35.45177],[-118.15613,35.45163],[-118.15625,35.45151],[-118.15641,35.4514],[-118.15646,35.45131],[-118.15647,35.45113],[-118.15626,35.45062],[-118.15624,35.45047],[-118.15539,35.44961],[-118.15524,35.4495],[-118.15513,35.44937],[-118.15501,35.4492],[-118.15465,35.44856],[-118.15459,35.44851],[-118.15441,35.44841],[-118.15405,35.44826],[-118.15389,35.44818],[-118.15379,35.44811],[-118.15361,35.44792],[-118.15335,35.44755],[-118.15327,35.44746],[-118.15306,35.44733],[-118.15279,35.44721],[-118.15257,35.44705],[-118.15205,35.44648],[-118.15184,35.44621],[-118.15139,35.44591],[-118.15115,35.44573],[-118.15107,35.44558],[-118.151,35.44523],[-118.15098,35.44492],[-118.15094,35.44477],[-118.15089,35.44466],[-118.15081,35.44458],[-118.15068,35.44449],[-118.15044,35.44436],[-118.1502,35.44427],[-118.15013,35.44419],[-118.15005,35.44401],[-118.14999,35.44378],[-118.14996,35.44353],[-118.14982,35.44334],[-118.14849,35.4428],[-118.14788,35.44251],[-118.14761,35.44232]]}},{"type":"Feature","properties":{"name":"(unnamed public road)","road_class":"track","source":"OpenStreetMap","source_detail":"osm way 759755464","source_tile":"175/404","surface_inferred":true},"geometry":{"type":"LineString","coordinates":[[-118.15626,35.45062],[-118.1557,35.45046],[-118.15507,35.45036],[-118.15474,35.45024],[-118.15411,35.45009],[-118.1539,35.45001],[-118.15366,35.44986],[-118.15353,35.44979],[-118.153,35.44966],[-118.1527,35.44961],[-118.15185,35.44957],[-118.15151,35.4495],[-118.15117,35.44937],[-118.15083,35.44937],[-118.15052,35.44922],[-118.14977,35.44885],[-118.14931,35.44877],[-118.14918,35.44872],[-118.14902,35.44865],[-118.14857,35.44847],[-118.14838,35.44841],[-118.14809,35.44837],[-118.14721,35.4484],[-118.14677,35.44834],[-118.14655,35.44831],[-118.14621,35.4482],[-118.14586,35.44814],[-118.1455,35.44811],[-118.1451,35.44797],[-118.14483,35.44783],[-118.14471,35.44778],[-118.14453,35.44777],[-118.14409,35.44778],[-118.14388,35.44776],[-118.14314,35.44786],[-118.14286,35.44797],[-118.14244,35.4481],[-118.14208,35.4483],[-118.14198,35.44834],[-118.14189,35.4484],[-118.14172,35.44856],[-118.14133,35.44883],[-118.14116,35.44896],[-118.14063,35.44912],[-118.14019,35.44929]]}},{"type":"Feature","properties":{"name":"Piute Mountain Road","road_class":"unclassified","surface":"compacted","tracktype":"grade2","source":"OpenStreetMap","source_detail":"osm way 808231488","source_tile":"175/404"},"geometry":{"type":"LineString","coordinates":[[-118.37927,35.44843],[-118.37933,35.44845],[-118.37938,35.44845],[-118.37944,35.44845],[-118.37951,35.4484],[-118.37961,35.44828],[-118.37974,35.4481],[-118.37988,35.4479],[-118.38042,35.44739],[-118.38074,35.44702],[-118.38091,35.4468],[-118.38099,35.44661],[-118.38102,35.4464],[-118.38109,35.44592],[-118.38116,35.44554],[-118.38123,35.44527],[-118.38136,35.445],[-118.38165,35.44447]]}},{"type":"Feature","properties":{"name":"Piute Temporary Lookout Road","road_class":"track","surface":"dirt","tracktype":"grade3","source":"OpenStreetMap","source_detail":"osm way 808237883","source_tile":"175/404"},"geometry":{"type":"LineString","coordinates":[[-118.37426,35.45316],[-118.37471,35.45293],[-118.37484,35.4528],[-118.37499,35.45252],[-118.37503,35.45222],[-118.37513,35.45199],[-118.37521,35.45181],[-118.37531,35.45147],[-118.37534,35.45121],[-118.37524,35.45081],[-118.37496,35.45019],[-118.37474,35.44968]]}},{"type":"Feature","properties":{"name":"Saddle Springs Road","road_class":"track","surface":"dirt","tracktype":"grade3","source":"OpenStreetMap","source_detail":"osm way 808239467","source_tile":"175/404"},"geometry":{"type":"LineString","coordinates":[[-118.37835,35.44794],[-118.37847,35.44825],[-118.37869,35.44869],[-118.37887,35.44903],[-118.37896,35.44933],[-118.37903,35.44971],[-118.37901,35.44999],[-118.37901,35.45016],[-118.37912,35.45052],[-118.37913,35.45093],[-118.37924,35.45133],[-118.37952,35.45166],[-118.37994,35.45188],[-118.38036,35.45221],[-118.38082,35.45247],[-118.38112,35.45257],[-118.3814,35.45272],[-118.38158,35.45282],[-118.38171,35.45303],[-118.38176,35.45328],[-118.38176,35.45359],[-118.3818,35.45384]]}},{"type":"Feature","properties":{"name":"(unnamed public road)","road_class":"track","surface":"dirt","tracktype":"grade3","source":"OpenStreetMap","source_detail":"osm way 845206847","source_tile":"175/404"},"geometry":{"type":"LineString","coordinates":[[-118.31786,35.45569],[-118.31786,35.45548],[-118.31782,35.45534],[-118.31777,35.45525],[-118.31767,35.45516],[-118.31753,35.45512],[-118.31733,35.45513],[-118.31712,35.45514],[-118.31686,35.45515],[-118.31668,35.45518],[-118.31659,35.45515],[-118.31645,35.45502],[-118.31632,35.4548],[-118.31619,35.45463],[-118.31612,35.45446],[-118.31604,35.45422]]}},{"type":"Feature","properties":{"name":"(unnamed public road)","road_class":"track","surface":"dirt","tracktype":"grade3","source":"OpenStreetMap","source_detail":"osm way 845209907","source_tile":"175/404"},"geometry":{"type":"LineString","coordinates":[[-118.30793,35.44762],[-118.30788,35.44733],[-118.3076,35.44698],[-118.30734,35.44655]]}},{"type":"Feature","properties":{"name":"(unnamed public road)","road_class":"track","surface":"dirt","tracktype":"grade3","source":"OpenStreetMap","source_detail":"osm way 845209910","source_tile":"175/404"},"geometry":{"type":"LineString","coordinates":[[-118.30739,35.45718],[-118.30733,35.45708],[-118.3073,35.45704],[-118.30719,35.4569],[-118.30696,35.45662],[-118.30694,35.45654],[-118.30692,35.4564],[-118.30696,35.45618],[-118.30706,35.45605]]}},{"type":"Feature","properties":{"name":"(unnamed public road)","road_class":"track","surface":"dirt","tracktype":"grade3","source":"OpenStreetMap","source_detail":"osm way 845210935","source_tile":"175/404"},"geometry":{"type":"LineString","coordinates":[[-118.31173,35.43888],[-118.31188,35.43876],[-118.31199,35.43864],[-118.31212,35.4386],[-118.31227,35.43861],[-118.31255,35.43856],[-118.31272,35.43846],[-118.31286,35.43834],[-118.31301,35.4382],[-118.31315,35.43801],[-118.31341,35.43791],[-118.31385,35.43783]]}},{"type":"Feature","properties":{"name":"(unnamed public road)","road_class":"track","surface":"dirt","tracktype":"grade3","source":"OpenStreetMap","source_detail":"osm way 845211159","source_tile":"175/404"},"geometry":{"type":"LineString","coordinates":[[-118.38082,35.45247],[-118.38104,35.4521]]}},{"type":"Feature","properties":{"name":"(unnamed public road)","road_class":"track","surface":"dirt","tracktype":"grade3","source":"OpenStreetMap","source_detail":"osm way 845211160","source_tile":"175/404"},"geometry":{"type":"LineString","coordinates":[[-118.38082,35.45247],[-118.38067,35.45274]]}},{"type":"Feature","properties":{"name":"Peak Road","road_class":"track","surface":"dirt","tracktype":"grade3","source":"OpenStreetMap","source_detail":"osm way 845434188","source_tile":"175/404"},"geometry":{"type":"LineString","coordinates":[[-118.3873,35.45364],[-118.3876,35.45344],[-118.38791,35.45325],[-118.38821,35.45312],[-118.38842,35.45309],[-118.3887,35.45309],[-118.38895,35.45312],[-118.38923,35.45325],[-118.38985,35.45351],[-118.39074,35.45388],[-118.39151,35.45417],[-118.39188,35.45434],[-118.39208,35.45434],[-118.39235,35.45431],[-118.39262,35.45432],[-118.39296,35.4544],[-118.39313,35.45443],[-118.39334,35.45441],[-118.39403,35.45426],[-118.39437,35.45417],[-118.39482,35.45418],[-118.39508,35.45416],[-118.39546,35.45411],[-118.39573,35.45411],[-118.39618,35.45409],[-118.39672,35.45406],[-118.39699,35.45398],[-118.39722,35.45388],[-118.39739,35.45376],[-118.39763,35.45348],[-118.39782,35.45323],[-118.39796,35.45305],[-118.39815,35.45277],[-118.39829,35.45262],[-118.39849,35.45242],[-118.3987,35.45216],[-118.39891,35.4519],[-118.39907,35.45176],[-118.39922,35.45166],[-118.39955,35.45149],[-118.39977,35.45141],[-118.40003,35.45136],[-118.40027,35.45134],[-118.40047,35.45135],[-118.40059,35.45136],[-118.40095,35.45138]]}},{"type":"Feature","properties":{"name":"TR 45","road_class":"track","surface":"dirt","tracktype":"grade3","source":"OpenStreetMap","source_detail":"osm way 845595535","source_tile":"175/404"},"geometry":{"type":"LineString","coordinates":[[-118.31636,35.45818],[-118.3165,35.45816],[-118.31659,35.45818],[-118.31681,35.45818],[-118.31694,35.45822],[-118.31732,35.45852],[-118.31746,35.45855],[-118.31769,35.45859],[-118.31802,35.45857],[-118.31827,35.4587],[-118.31845,35.45896],[-118.31868,35.45907],[-118.31874,35.45915],[-118.3188,35.45927],[-118.31919,35.45965],[-118.3194,35.45976],[-118.31961,35.45982],[-118.31979,35.45998],[-118.31985,35.46001],[-118.32008,35.46008],[-118.32045,35.46022],[-118.32055,35.46029],[-118.32077,35.46047],[-118.32091,35.46052],[-118.32105,35.46053],[-118.32139,35.46043],[-118.32167,35.46041],[-118.32182,35.46038],[-118.32193,35.46031],[-118.32201,35.46017],[-118.32215,35.4601],[-118.32227,35.46011],[-118.32253,35.46031],[-118.32265,35.46045],[-118.32274,35.46065]]}},{"type":"Feature","properties":{"name":"Twisty Trail (TR 41)","road_class":"track","surface":"dirt","tracktype":"grade3","motor_vehicle":"yes","source":"OpenStreetMap","source_detail":"osm way 957611226","source_tile":"175/404"},"geometry":{"type":"LineString","coordinates":[[-118.33528,35.45494],[-118.33562,35.45484],[-118.33591,35.45483],[-118.33604,35.45478],[-118.33616,35.45457],[-118.3367,35.45438],[-118.33697,35.4542],[-118.33714,35.45379],[-118.33725,35.45354],[-118.33724,35.45289],[-118.33711,35.45252],[-118.33709,35.45243],[-118.3371,35.45235]]}},{"type":"Feature","properties":{"name":"Piute Temporary Lookout Road","road_class":"track","surface":"dirt","tracktype":"grade3","source":"OpenStreetMap","source_detail":"osm way 957613092","source_tile":"175/404"},"geometry":{"type":"LineString","coordinates":[[-118.37463,35.45369],[-118.37475,35.45376],[-118.37481,35.45384],[-118.37487,35.45402],[-118.37491,35.45412],[-118.375,35.45419],[-118.3752,35.4543],[-118.37537,35.45444],[-118.37555,35.45467],[-118.3757,35.4549],[-118.3759,35.45521],[-118.37593,35.45534],[-118.37592,35.45557],[-118.37587,35.4558],[-118.37603,35.456],[-118.37611,35.45611],[-118.37627,35.45627],[-118.37636,35.45635],[-118.37646,35.45644],[-118.37649,35.45665],[-118.37649,35.45692],[-118.37645,35.45708],[-118.37631,35.45741],[-118.37613,35.45785],[-118.37605,35.45798],[-118.37597,35.45807],[-118.37583,35.45813],[-118.37569,35.45816],[-118.37556,35.45828],[-118.37546,35.45853],[-118.37547,35.45867],[-118.3756,35.45876],[-118.3757,35.45881],[-118.3758,35.45878],[-118.37611,35.45861],[-118.37642,35.45837],[-118.37664,35.45827],[-118.3768,35.45827],[-118.37694,35.45831],[-118.37712,35.4584]]}},{"type":"Feature","properties":{"name":"Piute Spring Road","road_class":"track","surface":"dirt","tracktype":"grade3","source":"OpenStreetMap","source_detail":"osm way 957683568","source_tile":"175/404"},"geometry":{"type":"LineString","coordinates":[[-118.39079,35.44615],[-118.39122,35.44633],[-118.39147,35.44638],[-118.3917,35.44639],[-118.39186,35.44639],[-118.39195,35.44642],[-118.39197,35.44643],[-118.39209,35.44644],[-118.39219,35.44637],[-118.39233,35.44619],[-118.39249,35.44609],[-118.39267,35.44596],[-118.39294,35.44579],[-118.39319,35.44549],[-118.39334,35.44531],[-118.39346,35.44526],[-118.39361,35.44529],[-118.39376,35.44535],[-118.39398,35.44548],[-118.39415,35.44555],[-118.39428,35.44561],[-118.39437,35.44574],[-118.39452,35.44583],[-118.3947,35.44588],[-118.39485,35.44596],[-118.39493,35.4461],[-118.39502,35.44632],[-118.39513,35.44666],[-118.39512,35.44699],[-118.39514,35.44731],[-118.3952,35.44749],[-118.39533,35.44768],[-118.39551,35.44799],[-118.39579,35.44823],[-118.39669,35.44869],[-118.39698,35.44907],[-118.39712,35.44912],[-118.39734,35.44915],[-118.39755,35.44922],[-118.39779,35.44937],[-118.39788,35.44948],[-118.39796,35.44965]]}},{"type":"Feature","properties":{"name":"(unnamed public road)","road_class":"track","surface":"dirt","tracktype":"grade3","source":"OpenStreetMap","source_detail":"osm way 1019247607","source_tile":"175/404"},"geometry":{"type":"LineString","coordinates":[[-118.29278,35.36835],[-118.29307,35.36832],[-118.29315,35.36837],[-118.29331,35.36829],[-118.29337,35.36822],[-118.29378,35.36805]]}},{"type":"Feature","properties":{"name":"(unnamed public road)","road_class":"track","surface":"dirt","tracktype":"grade3","source":"OpenStreetMap","source_detail":"osm way 1019247609","source_tile":"175/404"},"geometry":{"type":"LineString","coordinates":[[-118.30822,35.40965],[-118.30824,35.40946],[-118.30831,35.40915],[-118.3084,35.4089],[-118.30852,35.40878],[-118.30867,35.40863],[-118.30871,35.40843],[-118.30876,35.40827],[-118.30885,35.408],[-118.30902,35.40786],[-118.30908,35.40747],[-118.30904,35.40722],[-118.30926,35.4068],[-118.30928,35.40671]]}},{"type":"Feature","properties":{"name":"(unnamed public road)","road_class":"track","source":"OpenStreetMap","source_detail":"osm way 1019247612","source_tile":"175/404","surface_inferred":true},"geometry":{"type":"LineString","coordinates":[[-118.21806,35.44497],[-118.21776,35.44503],[-118.21758,35.44505],[-118.21737,35.44503],[-118.21711,35.44496],[-118.21679,35.44484],[-118.21666,35.4448],[-118.21646,35.44477],[-118.21627,35.44477],[-118.21609,35.44477],[-118.21589,35.44474]]}},{"type":"Feature","properties":{"name":"(unnamed public road)","road_class":"track","source":"OpenStreetMap","source_detail":"osm way 1019247613","source_tile":"175/404","surface_inferred":true},"geometry":{"type":"LineString","coordinates":[[-118.21589,35.44474],[-118.21507,35.4446],[-118.21478,35.44458],[-118.21449,35.44442],[-118.21409,35.44431],[-118.21373,35.444],[-118.21363,35.44373],[-118.21333,35.44353],[-118.21307,35.44347],[-118.213,35.44342],[-118.21293,35.44312],[-118.2126,35.4431],[-118.21226,35.44319],[-118.21202,35.4431],[-118.21185,35.44295],[-118.21153,35.44288],[-118.21116,35.4429]]}},{"type":"Feature","properties":{"name":"(unnamed public road)","road_class":"track","source":"OpenStreetMap","source_detail":"osm way 1025951754","source_tile":"175/404","surface_inferred":true},"geometry":{"type":"LineString","coordinates":[[-118.22277,35.45106],[-118.22273,35.45119],[-118.2226,35.45136],[-118.22258,35.45145],[-118.22261,35.4516],[-118.22266,35.45176]]}},{"type":"Feature","properties":{"name":"(unnamed public road)","road_class":"track","surface":"unpaved","source":"OpenStreetMap","source_detail":"osm way 1135584924","source_tile":"175/404"},"geometry":{"type":"LineString","coordinates":[[-118.22503,35.33681],[-118.22507,35.33698],[-118.22506,35.33706],[-118.22504,35.33715],[-118.22502,35.33722],[-118.22493,35.33737],[-118.22474,35.33754],[-118.22441,35.33779],[-118.22434,35.33787],[-118.2243,35.33796],[-118.22423,35.33819],[-118.22417,35.3383],[-118.22407,35.3384],[-118.22395,35.33847],[-118.22377,35.33856],[-118.22368,35.33862],[-118.22362,35.33871],[-118.22354,35.33887],[-118.22336,35.33938],[-118.22327,35.33962],[-118.22322,35.33984]]}},{"type":"Feature","properties":{"name":"(unnamed public road)","road_class":"track","source":"OpenStreetMap","source_detail":"osm way 1135584926","source_tile":"175/404","surface_inferred":true},"geometry":{"type":"LineString","coordinates":[[-118.24949,35.29664],[-118.24953,35.29702],[-118.24953,35.29769],[-118.24948,35.29806],[-118.24933,35.29854],[-118.24928,35.29875],[-118.2492,35.29922],[-118.2491,35.2996],[-118.24907,35.2998],[-118.24904,35.30008],[-118.24896,35.30053],[-118.2489,35.30079],[-118.24886,35.3009],[-118.24876,35.30108],[-118.24868,35.30121],[-118.2486,35.3013],[-118.24845,35.30144],[-118.24822,35.30162],[-118.24811,35.30168],[-118.24787,35.30183],[-118.24758,35.30203],[-118.24714,35.30237],[-118.24707,35.30243],[-118.2469,35.30264],[-118.24686,35.30267],[-118.24678,35.30275],[-118.2467,35.30289],[-118.24664,35.30293],[-118.24654,35.30298],[-118.24649,35.303],[-118.2464,35.30308],[-118.24631,35.30323],[-118.24631,35.30332],[-118.24629,35.30344],[-118.24628,35.30348],[-118.24619,35.30356],[-118.24607,35.30365],[-118.246,35.30373],[-118.24592,35.30388],[-118.24592,35.30391],[-118.24592,35.30395],[-118.24592,35.30404],[-118.246,35.30429]]}},{"type":"Feature","properties":{"name":"(unnamed public road)","road_class":"track","surface":"dirt","tracktype":"grade3","source":"OpenStreetMap","source_detail":"osm way 1213089648","source_tile":"175/404"},"geometry":{"type":"LineString","coordinates":[[-118.30934,35.35299],[-118.30918,35.35303],[-118.30903,35.35306],[-118.30889,35.35311],[-118.30851,35.35326],[-118.30846,35.35327],[-118.30842,35.35326],[-118.30838,35.35324]]}},{"type":"Feature","properties":{"name":"(unnamed public road)","road_class":"track","surface":"dirt","tracktype":"grade3","source":"OpenStreetMap","source_detail":"osm way 1213089649","source_tile":"175/404"},"geometry":{"type":"LineString","coordinates":[[-118.3096,35.35268],[-118.30946,35.35278],[-118.30938,35.35282],[-118.30926,35.35288]]}},{"type":"Feature","properties":{"name":"(unnamed public road)","road_class":"track","surface":"dirt","tracktype":"grade3","source":"OpenStreetMap","source_detail":"osm way 1213090812","source_tile":"175/404"},"geometry":{"type":"LineString","coordinates":[[-118.30932,35.36051],[-118.3093,35.36048],[-118.30929,35.36046],[-118.30929,35.36043],[-118.30933,35.36036],[-118.30945,35.36022],[-118.30946,35.36019],[-118.30946,35.36015],[-118.30944,35.36012],[-118.3094,35.36009],[-118.30934,35.36007],[-118.30924,35.36005],[-118.30896,35.36003],[-118.30888,35.36002],[-118.3087,35.36003],[-118.30864,35.36002],[-118.30859,35.36],[-118.30852,35.35994],[-118.30848,35.35988],[-118.30841,35.35973],[-118.30836,35.35969],[-118.30828,35.35969],[-118.30822,35.3597],[-118.30811,35.35973],[-118.30804,35.35974],[-118.30797,35.35977],[-118.3079,35.35982],[-118.30784,35.35991],[-118.3078,35.36003],[-118.30773,35.36011],[-118.30771,35.36015],[-118.30769,35.36022],[-118.30768,35.36027],[-118.30768,35.36032]]}},{"type":"Feature","properties":{"name":"(unnamed public road)","road_class":"track","surface":"dirt","tracktype":"grade3","source":"OpenStreetMap","source_detail":"osm way 1213090820","source_tile":"175/404"},"geometry":{"type":"LineString","coordinates":[[-118.31065,35.35394],[-118.31072,35.3538],[-118.3108,35.35367],[-118.31085,35.35362],[-118.31102,35.3535],[-118.31119,35.35336],[-118.31124,35.35331],[-118.31127,35.35323],[-118.3113,35.35315],[-118.31134,35.35309],[-118.3115,35.35293],[-118.31159,35.35281],[-118.31163,35.35272],[-118.31164,35.35265],[-118.31162,35.35258],[-118.31155,35.35242],[-118.31138,35.35219],[-118.31128,35.3521],[-118.31119,35.35205],[-118.31113,35.35199],[-118.31102,35.35183],[-118.31101,35.35177],[-118.31101,35.35173],[-118.31106,35.35166],[-118.3112,35.35151],[-118.31124,35.35143],[-118.31126,35.35133],[-118.31128,35.35129],[-118.31132,35.35125],[-118.31143,35.35119],[-118.3115,35.35113],[-118.31164,35.35106],[-118.3117,35.35105],[-118.31176,35.35107],[-118.31183,35.3511],[-118.31207,35.35118],[-118.31212,35.3512],[-118.31218,35.3512],[-118.3123,35.35121],[-118.31241,35.35124],[-118.31252,35.35126],[-118.31264,35.35131],[-118.31273,35.35133],[-118.31289,35.35134],[-118.31306,35.35134]]}},{"type":"Feature","properties":{"name":"(unnamed public road)","road_class":"track","surface":"dirt","tracktype":"grade3","source":"OpenStreetMap","source_detail":"osm way 1213099626","source_tile":"175/404"},"geometry":{"type":"LineString","coordinates":[[-118.30823,35.35643],[-118.30827,35.35636],[-118.30828,35.3563],[-118.30828,35.35623],[-118.30825,35.35616],[-118.3082,35.35603],[-118.30818,35.35597],[-118.30817,35.3559],[-118.30816,35.35585],[-118.30811,35.35579],[-118.30804,35.35576],[-118.30798,35.35575],[-118.30791,35.35574],[-118.30783,35.35575],[-118.30779,35.35576],[-118.30776,35.35579],[-118.30775,35.35581],[-118.30776,35.35584],[-118.30782,35.35596],[-118.30783,35.356],[-118.30785,35.35609],[-118.30784,35.35616],[-118.30782,35.35621],[-118.30772,35.35635],[-118.3077,35.3564],[-118.30768,35.35645],[-118.30761,35.35659],[-118.30758,35.3567],[-118.30758,35.35678],[-118.3076,35.35683],[-118.30767,35.35697],[-118.30769,35.35702],[-118.30773,35.35709],[-118.30782,35.35726],[-118.30786,35.35736],[-118.30787,35.35742],[-118.30787,35.35754],[-118.3079,35.35763],[-118.30793,35.35769],[-118.30795,35.35773],[-118.30809,35.35784],[-118.30818,35.35794],[-118.30822,35.35801],[-118.30827,35.35808]]}},{"type":"Feature","properties":{"name":"(unnamed public road)","road_class":"track","surface":"dirt","tracktype":"grade3","source":"OpenStreetMap","source_detail":"osm way 1213099627","source_tile":"175/404"},"geometry":{"type":"LineString","coordinates":[[-118.31235,35.36236],[-118.31221,35.36243],[-118.31212,35.36246],[-118.31195,35.36247],[-118.31163,35.36246],[-118.31126,35.36246],[-118.31109,35.36252],[-118.31098,35.36258],[-118.3109,35.36261],[-118.31079,35.36261],[-118.31064,35.36262],[-118.31051,35.36262],[-118.31042,35.36262],[-118.31028,35.36261],[-118.31023,35.36269],[-118.31015,35.36289],[-118.31005,35.3631],[-118.30988,35.36328],[-118.30968,35.36341],[-118.30953,35.36348],[-118.30941,35.3635],[-118.30931,35.36354],[-118.30916,35.36364],[-118.30909,35.3637],[-118.30895,35.36376],[-118.30887,35.36381],[-118.30881,35.36386]]}},{"type":"Feature","properties":{"name":"Evergreen Trail","road_class":"track","surface":"dirt","tracktype":"grade3","source":"OpenStreetMap","source_detail":"osm way 1275918928","source_tile":"175/404"},"geometry":{"type":"LineString","coordinates":[[-118.33011,35.40104],[-118.33021,35.40108],[-118.33024,35.40118],[-118.33021,35.40133],[-118.33022,35.40143],[-118.3303,35.40153],[-118.33035,35.40165],[-118.33033,35.40175],[-118.33035,35.40187],[-118.33035,35.40209],[-118.33042,35.40229],[-118.33061,35.40241],[-118.33076,35.40265],[-118.33084,35.403],[-118.33083,35.40334],[-118.33078,35.4035],[-118.33083,35.4036],[-118.33086,35.40368],[-118.33081,35.40378],[-118.33066,35.4039],[-118.33051,35.40408]]}},{"type":"Feature","properties":{"name":"Pine Court","road_class":"track","surface":"dirt","tracktype":"grade3","source":"OpenStreetMap","source_detail":"osm way 1275918932","source_tile":"175/404"},"geometry":{"type":"LineString","coordinates":[[-118.33036,35.40062],[-118.33055,35.4008],[-118.33073,35.4011]]}},{"type":"Feature","properties":{"name":"Franceschi Mine Road","road_class":"track","surface":"dirt","tracktype":"grade3","source":"OpenStreetMap","source_detail":"osm way 1275918933","source_tile":"175/404"},"geometry":{"type":"LineString","coordinates":[[-118.32867,35.39666],[-118.32878,35.39686],[-118.32882,35.39702],[-118.32885,35.3971],[-118.32897,35.39711],[-118.32902,35.39709],[-118.32915,35.39711],[-118.3293,35.39724],[-118.3294,35.39745],[-118.32948,35.39768],[-118.32963,35.39789],[-118.32968,35.39802],[-118.32969,35.39829],[-118.32973,35.39839],[-118.32978,35.3984],[-118.32988,35.39848],[-118.32999,35.39855],[-118.33005,35.3986],[-118.33001,35.3987],[-118.32975,35.39884],[-118.32957,35.39885],[-118.32953,35.39889],[-118.32956,35.39895],[-118.32982,35.39908],[-118.32987,35.39919],[-118.32983,35.39924],[-118.32974,35.39932],[-118.32972,35.39938],[-118.32971,35.39942],[-118.3298,35.39962],[-118.32989,35.39965],[-118.33,35.39966],[-118.33012,35.3997],[-118.33042,35.39972],[-118.33052,35.39973],[-118.33062,35.39981],[-118.3307,35.39989],[-118.33071,35.4],[-118.33072,35.40021],[-118.33071,35.40037],[-118.33062,35.40048],[-118.33047,35.40052],[-118.33036,35.40062],[-118.33021,35.40084],[-118.33011,35.40104],[-118.32997,35.40126],[-118.32987,35.40138],[-118.32968,35.40153],[-118.32956,35.40158],[-118.32929,35.40167],[-118.32912,35.40175],[-118.32897,35.40183],[-118.3289,35.40184],[-118.32868,35.40186],[-118.32863,35.4019],[-118.32855,35.40203],[-118.32835,35.40225],[-118.32832,35.40229],[-118.3281,35.40246],[-118.32801,35.40255],[-118.32796,35.40264],[-118.32792,35.40284],[-118.32792,35.40307],[-118.32793,35.40315],[-118.32798,35.40324],[-118.32821,35.40347],[-118.32831,35.40356],[-118.32845,35.40374],[-118.32847,35.4038],[-118.3285,35.40399],[-118.32849,35.40412],[-118.32857,35.40426],[-118.32871,35.40434],[-118.32943,35.40456],[-118.32963,35.40468],[-118.33014,35.40509],[-118.33049,35.40541],[-118.3315,35.40654]]}},{"type":"Feature","properties":{"name":"(unnamed public road)","road_class":"track","surface":"dirt","tracktype":"grade3","source":"OpenStreetMap","source_detail":"osm way 1275926355","source_tile":"175/404"},"geometry":{"type":"LineString","coordinates":[[-118.34135,35.41446],[-118.34154,35.41469],[-118.34179,35.41493],[-118.34193,35.41506],[-118.34203,35.4151],[-118.34219,35.41513],[-118.34232,35.4152],[-118.34254,35.41542],[-118.34257,35.41553],[-118.34254,35.41567],[-118.34246,35.41582],[-118.34234,35.41589],[-118.34223,35.41595],[-118.34207,35.41607],[-118.34193,35.41609],[-118.34181,35.41606],[-118.34168,35.41597]]}},{"type":"Feature","properties":{"name":"(unnamed public road)","road_class":"track","surface":"dirt","tracktype":"grade3","source":"OpenStreetMap","source_detail":"osm way 1275926358","source_tile":"175/404"},"geometry":{"type":"LineString","coordinates":[[-118.3412,35.414],[-118.34122,35.41423],[-118.34135,35.41446],[-118.34129,35.41458],[-118.34113,35.41475],[-118.34103,35.41501],[-118.34081,35.41539],[-118.34064,35.41552],[-118.34037,35.41547],[-118.34007,35.41529],[-118.33985,35.41515],[-118.33963,35.41508],[-118.33947,35.41513],[-118.33942,35.41528],[-118.33936,35.41539],[-118.33916,35.41561],[-118.33888,35.41591],[-118.33882,35.41613],[-118.33893,35.41628],[-118.33902,35.4164],[-118.33906,35.41664],[-118.339,35.4168],[-118.33882,35.417],[-118.33872,35.41711],[-118.33866,35.41735],[-118.33868,35.41747],[-118.33872,35.41763],[-118.33867,35.41778],[-118.33855,35.41811],[-118.33847,35.41826],[-118.33842,35.41838],[-118.33844,35.41848],[-118.33854,35.41871],[-118.33856,35.41891],[-118.33851,35.41917]]}},{"type":"Feature","properties":{"name":"(unnamed public road)","road_class":"track","surface":"dirt","tracktype":"grade3","source":"OpenStreetMap","source_detail":"osm way 1275926365","source_tile":"175/404"},"geometry":{"type":"LineString","coordinates":[[-118.34046,35.41362],[-118.34052,35.41356],[-118.34055,35.41348],[-118.34042,35.41324],[-118.34033,35.41305],[-118.34009,35.41275],[-118.33995,35.41257],[-118.33998,35.41234],[-118.33994,35.41219],[-118.33983,35.41203]]}},{"type":"Feature","properties":{"name":"FR 29S01","road_class":"track","surface":"dirt","tracktype":"grade3","source":"OpenStreetMap","source_detail":"osm way 1275926366","source_tile":"175/404"},"geometry":{"type":"LineString","coordinates":[[-118.3378,35.40987],[-118.33776,35.41009],[-118.3377,35.41016]]}},{"type":"Feature","properties":{"name":"FR 29S01","road_class":"track","surface":"dirt","tracktype":"grade3","source":"OpenStreetMap","source_detail":"osm way 1275926367","source_tile":"175/404"},"geometry":{"type":"LineString","coordinates":[[-118.33809,35.41013],[-118.33789,35.41016],[-118.3377,35.41016],[-118.33758,35.41027],[-118.33757,35.41039],[-118.33775,35.41066],[-118.33772,35.41109],[-118.33775,35.41132],[-118.33794,35.41163],[-118.33795,35.4118],[-118.33791,35.41195],[-118.33787,35.41209],[-118.33764,35.41217],[-118.33747,35.41217],[-118.33732,35.41199],[-118.33711,35.41176],[-118.33661,35.41154],[-118.33644,35.41153],[-118.33575,35.41166],[-118.33535,35.41183],[-118.33503,35.41193],[-118.33463,35.41221],[-118.33424,35.41243],[-118.33393,35.41271],[-118.33361,35.41293],[-118.33357,35.41303],[-118.33366,35.41313],[-118.33395,35.41321],[-118.33411,35.41322],[-118.33431,35.4132],[-118.3345,35.41327],[-118.33468,35.41342],[-118.33495,35.4136],[-118.33498,35.41372],[-118.3349,35.41383],[-118.33476,35.41386],[-118.33459,35.41377],[-118.3344,35.41372],[-118.33421,35.41373],[-118.33382,35.4139],[-118.33357,35.41417],[-118.33334,35.41434],[-118.33296,35.41442],[-118.33262,35.41452],[-118.33257,35.41463],[-118.33262,35.41476],[-118.33286,35.41486],[-118.33309,35.41507],[-118.33325,35.41511],[-118.33337,35.41512],[-118.3336,35.41506],[-118.3338,35.41507],[-118.33396,35.41514],[-118.33401,35.41525],[-118.33396,35.41537],[-118.33375,35.41546],[-118.33331,35.41565],[-118.33319,35.41581],[-118.3331,35.41621],[-118.33307,35.41672],[-118.33316,35.41691],[-118.33358,35.4174],[-118.3337,35.41756],[-118.33379,35.41816],[-118.33374,35.41829],[-118.33363,35.41838],[-118.33344,35.41845],[-118.33324,35.41855],[-118.33308,35.41877],[-118.33292,35.41896],[-118.33279,35.41903],[-118.33263,35.41901],[-118.33249,35.41889],[-118.33233,35.41878],[-118.33198,35.41858],[-118.33182,35.41851],[-118.33164,35.41849],[-118.33144,35.41856],[-118.33121,35.4187],[-118.33111,35.41882],[-118.33114,35.41901],[-118.33122,35.41931],[-118.33118,35.41954],[-118.33113,35.41981],[-118.33107,35.41987],[-118.33074,35.41999],[-118.33063,35.42019],[-118.33044,35.42045],[-118.3304,35.42064],[-118.33034,35.42072],[-118.33022,35.42073],[-118.32978,35.42069],[-118.32953,35.42071],[-118.32934,35.42078],[-118.32892,35.42085],[-118.32879,35.42086],[-118.32839,35.42081],[-118.32822,35.42076],[-118.32811,35.42071],[-118.32804,35.4206],[-118.32797,35.4203],[-118.32798,35.42014],[-118.328,35.42005],[-118.32803,35.41995],[-118.32804,35.41975],[-118.3281,35.41959],[-118.32806,35.41954],[-118.32812,35.41934],[-118.32807,35.41925],[-118.32793,35.41908],[-118.32764,35.41889],[-118.3275,35.41871],[-118.32741,35.41853],[-118.32718,35.41838],[-118.32705,35.41824],[-118.32684,35.4182],[-118.32664,35.41813],[-118.3265,35.41815]]}},{"type":"Feature","properties":{"name":"FR 29S03","road_class":"track","surface":"dirt","tracktype":"grade3","source":"OpenStreetMap","source_detail":"osm way 1275926368","source_tile":"175/404"},"geometry":{"type":"LineString","coordinates":[[-118.3315,35.40654],[-118.33169,35.40668],[-118.33174,35.40678],[-118.33176,35.40689],[-118.33177,35.40733],[-118.33179,35.40737],[-118.33188,35.40747],[-118.33191,35.40749],[-118.33199,35.40752],[-118.33208,35.40757],[-118.33223,35.40758],[-118.33236,35.4075],[-118.33245,35.40749],[-118.33279,35.40749],[-118.33287,35.40752],[-118.33292,35.40755],[-118.33295,35.40758],[-118.33316,35.40797],[-118.33321,35.408],[-118.3333,35.40802],[-118.3334,35.40801],[-118.33365,35.40795],[-118.33382,35.4079],[-118.33424,35.40799],[-118.3346,35.40792],[-118.33489,35.40787],[-118.33532,35.4078],[-118.33544,35.40781],[-118.33548,35.40782],[-118.33578,35.40797],[-118.33615,35.40821],[-118.33688,35.40866],[-118.33712,35.40885],[-118.33732,35.40902],[-118.3374,35.40917],[-118.33771,35.4096],[-118.3378,35.40987],[-118.33788,35.41002],[-118.33797,35.41008],[-118.33803,35.4101],[-118.33809,35.41013],[-118.33821,35.41014],[-118.3387,35.41024],[-118.33878,35.41025],[-118.339,35.41022],[-118.33908,35.41019],[-118.33914,35.41017],[-118.33922,35.41013],[-118.33934,35.41006]]}},{"type":"Feature","properties":{"name":"Mountain Meadows Road","road_class":"track","surface":"dirt","tracktype":"grade3","source":"OpenStreetMap","source_detail":"osm way 1275926369","source_tile":"175/404"},"geometry":{"type":"LineString","coordinates":[[-118.33508,35.4043],[-118.33532,35.40423],[-118.33564,35.40423],[-118.33626,35.40444],[-118.33653,35.40456],[-118.33647,35.40466],[-118.33612,35.40473],[-118.3356,35.40486],[-118.33551,35.40493],[-118.33522,35.40509],[-118.33479,35.40522],[-118.33446,35.40572],[-118.33404,35.40619],[-118.33391,35.4063],[-118.3343,35.40653],[-118.33435,35.40664],[-118.33436,35.40709],[-118.33455,35.40726],[-118.33471,35.40744],[-118.33478,35.40755],[-118.33485,35.40778],[-118.33489,35.40787]]}},{"type":"Feature","properties":{"name":"(unnamed public road)","road_class":"track","surface":"dirt","tracktype":"grade3","source":"OpenStreetMap","source_detail":"osm way 1276218527","source_tile":"175/404"},"geometry":{"type":"LineString","coordinates":[[-118.38152,35.3577],[-118.38145,35.35746],[-118.38105,35.35731],[-118.38063,35.35712],[-118.38032,35.35696],[-118.38023,35.35693],[-118.38011,35.35696],[-118.38002,35.35702],[-118.37992,35.35713],[-118.37925,35.35799],[-118.37904,35.35822],[-118.37899,35.35824],[-118.37893,35.35825],[-118.37868,35.35825],[-118.37858,35.35827],[-118.3785,35.35831],[-118.37841,35.3584],[-118.37833,35.35855],[-118.37825,35.35875],[-118.37799,35.35907]]}},{"type":"Feature","properties":{"name":"Twisty Trail (TR 41)","road_class":"track","surface":"dirt","tracktype":"grade3","source":"OpenStreetMap","source_detail":"osm way 1276263084","source_tile":"175/404"},"geometry":{"type":"LineString","coordinates":[[-118.35537,35.44958],[-118.35528,35.44949],[-118.35522,35.44935],[-118.35511,35.44923],[-118.35494,35.449],[-118.35488,35.4489],[-118.35494,35.44873],[-118.35495,35.44858],[-118.35483,35.44839],[-118.35482,35.4483],[-118.35487,35.44819],[-118.35508,35.44804],[-118.35528,35.44793],[-118.35544,35.44778],[-118.3556,35.44766],[-118.35568,35.44745],[-118.35567,35.44727],[-118.35579,35.44712],[-118.35586,35.44697],[-118.35586,35.44683],[-118.3558,35.44675],[-118.35572,35.4467]]}},{"type":"Feature","properties":{"name":"Twisty Trail (TR 41)","road_class":"track","surface":"dirt","tracktype":"grade3","source":"OpenStreetMap","source_detail":"osm way 1276263085","source_tile":"175/404"},"geometry":{"type":"LineString","coordinates":[[-118.3371,35.45235],[-118.33729,35.45228],[-118.33773,35.4522],[-118.33799,35.45217],[-118.33822,35.45213],[-118.33867,35.45187],[-118.33949,35.45138],[-118.33978,35.45132],[-118.33982,35.45128]]}},{"type":"Feature","properties":{"name":"Twisty Trail (TR 41)","road_class":"track","surface":"dirt","tracktype":"grade3","source":"OpenStreetMap","source_detail":"osm way 1276263086","source_tile":"175/404"},"geometry":{"type":"LineString","coordinates":[[-118.35572,35.4467],[-118.35556,35.44673],[-118.35536,35.44679],[-118.35513,35.44683],[-118.35475,35.44687],[-118.35445,35.44688],[-118.35427,35.44686],[-118.35391,35.44687],[-118.35369,35.44687],[-118.35354,35.44693],[-118.35343,35.44702],[-118.35332,35.44709],[-118.35222,35.44722]]}},{"type":"Feature","properties":{"name":"(unnamed public road)","road_class":"track","surface":"dirt","tracktype":"grade3","source":"OpenStreetMap","source_detail":"osm way 1276507244","source_tile":"175/404"},"geometry":{"type":"LineString","coordinates":[[-118.318,35.42531],[-118.31836,35.42528],[-118.31848,35.42525],[-118.31862,35.4252],[-118.31893,35.4252],[-118.31923,35.42509],[-118.31942,35.425],[-118.31962,35.42494],[-118.31976,35.42495],[-118.31985,35.42503],[-118.31988,35.42515],[-118.31987,35.42529]]}},{"type":"Feature","properties":{"name":"(unnamed public road)","road_class":"track","surface":"dirt","tracktype":"grade3","source":"OpenStreetMap","source_detail":"osm way 1276507245","source_tile":"175/404"},"geometry":{"type":"LineString","coordinates":[[-118.32296,35.43018],[-118.32295,35.43033],[-118.32275,35.43056],[-118.32269,35.4306]]}},{"type":"Feature","properties":{"name":"(unnamed public road)","road_class":"track","surface":"dirt","tracktype":"grade3","source":"OpenStreetMap","source_detail":"osm way 1276509975","source_tile":"175/404"},"geometry":{"type":"LineString","coordinates":[[-118.31208,35.38839],[-118.31196,35.38842],[-118.31188,35.38841],[-118.31163,35.38865],[-118.31148,35.38869],[-118.31089,35.38872],[-118.31078,35.38875],[-118.3107,35.38881],[-118.31059,35.38891],[-118.31047,35.38893],[-118.3104,35.38886],[-118.31027,35.38881],[-118.31013,35.38881],[-118.31004,35.38881],[-118.30998,35.38876],[-118.30987,35.38875]]}},{"type":"Feature","properties":{"name":"(unnamed public road)","road_class":"track","surface":"dirt","tracktype":"grade3","source":"OpenStreetMap","source_detail":"osm way 1276509976","source_tile":"175/404"},"geometry":{"type":"LineString","coordinates":[[-118.31132,35.39214],[-118.3115,35.39205],[-118.3118,35.39197],[-118.31198,35.39185],[-118.31212,35.39174],[-118.31218,35.39155],[-118.3122,35.39126],[-118.31217,35.39115],[-118.31209,35.39094],[-118.31202,35.39076],[-118.3119,35.39064],[-118.31184,35.39052],[-118.31186,35.3903],[-118.31194,35.39016],[-118.31203,35.39006],[-118.31203,35.38997],[-118.31198,35.38986],[-118.3118,35.38972],[-118.31171,35.38963],[-118.31162,35.38956],[-118.31153,35.38953],[-118.31125,35.38959],[-118.31115,35.38963],[-118.31106,35.38962],[-118.31104,35.38958],[-118.31109,35.38947],[-118.31129,35.38926],[-118.31146,35.38909],[-118.31171,35.3889],[-118.31187,35.38873],[-118.312,35.38853],[-118.31205,35.38842],[-118.31208,35.38839],[-118.31217,35.38839],[-118.31233,35.38849]]}},{"type":"Feature","properties":{"name":"(unnamed public road)","road_class":"track","surface":"dirt","tracktype":"grade3","source":"OpenStreetMap","source_detail":"osm way 1276592196","source_tile":"175/404"},"geometry":{"type":"LineString","coordinates":[[-118.31974,35.33782],[-118.32008,35.33815],[-118.32032,35.33836],[-118.32046,35.33845],[-118.32051,35.33868],[-118.32055,35.33901],[-118.32066,35.33939],[-118.32058,35.33974],[-118.3204,35.33994],[-118.32036,35.34007],[-118.32042,35.34011],[-118.32059,35.34014],[-118.32068,35.34022],[-118.3206,35.34036],[-118.32054,35.34049],[-118.3206,35.34068],[-118.32074,35.34082],[-118.32086,35.34088],[-118.32104,35.34097],[-118.32128,35.34099],[-118.32146,35.34112],[-118.3215,35.34124],[-118.32158,35.34163],[-118.32161,35.34175],[-118.32178,35.34214],[-118.322,35.34237],[-118.32226,35.3427],[-118.32247,35.34292],[-118.32278,35.34312],[-118.32297,35.34333],[-118.32318,35.3438],[-118.32323,35.34399],[-118.32315,35.34414],[-118.32291,35.34443],[-118.32278,35.34447],[-118.32271,35.34454],[-118.32263,35.34473],[-118.32263,35.34494],[-118.32285,35.34505],[-118.32294,35.34522]]}},{"type":"Feature","properties":{"name":"(unnamed public road)","road_class":"track","surface":"dirt","tracktype":"grade3","source":"OpenStreetMap","source_detail":"osm way 1276592197","source_tile":"175/404"},"geometry":{"type":"LineString","coordinates":[[-118.30742,35.33706],[-118.30725,35.33719],[-118.30726,35.33731],[-118.30736,35.33755],[-118.30738,35.33775],[-118.30735,35.33791],[-118.3072,35.33809],[-118.30713,35.33852],[-118.30717,35.3387],[-118.30723,35.33883],[-118.30729,35.33898],[-118.30736,35.33905],[-118.30758,35.33907],[-118.3079,35.33919],[-118.30807,35.33926],[-118.30821,35.33926],[-118.3084,35.33922],[-118.3087,35.33905]]}},{"type":"Feature","properties":{"name":"(unnamed public road)","road_class":"track","surface":"dirt","tracktype":"grade3","source":"OpenStreetMap","source_detail":"osm way 1276592198","source_tile":"175/404"},"geometry":{"type":"LineString","coordinates":[[-118.31293,35.33744],[-118.31257,35.33738],[-118.31209,35.33726],[-118.31193,35.33729],[-118.3117,35.33738],[-118.31152,35.33742],[-118.31138,35.3373],[-118.31115,35.33728],[-118.31053,35.33735],[-118.31039,35.33735],[-118.31027,35.33729],[-118.31012,35.33715],[-118.30989,35.33702],[-118.30962,35.33706],[-118.3094,35.33711],[-118.30922,35.33708],[-118.30893,35.33705],[-118.30863,35.33709],[-118.30834,35.33713],[-118.30797,35.33715],[-118.30759,35.33707],[-118.30742,35.33706]]}},{"type":"Feature","properties":{"name":"(unnamed public road)","road_class":"track","surface":"dirt","tracktype":"grade3","source":"OpenStreetMap","source_detail":"osm way 1276592199","source_tile":"175/404"},"geometry":{"type":"LineString","coordinates":[[-118.31911,35.35813],[-118.31899,35.35805],[-118.3189,35.35803],[-118.31883,35.35805],[-118.31881,35.35848],[-118.31881,35.35861],[-118.31902,35.35882],[-118.31921,35.35891],[-118.3193,35.35894],[-118.31938,35.35904],[-118.31959,35.3594],[-118.31979,35.35952],[-118.31989,35.35961],[-118.31999,35.35982],[-118.32014,35.36],[-118.32027,35.36024],[-118.32055,35.36049],[-118.32078,35.36081],[-118.321,35.36103],[-118.32107,35.36119],[-118.32119,35.36153],[-118.32117,35.36162],[-118.32109,35.36181],[-118.32092,35.36209],[-118.32079,35.36223],[-118.32075,35.36232],[-118.32079,35.3624],[-118.32099,35.36259],[-118.32102,35.36265],[-118.32099,35.36277],[-118.32079,35.363],[-118.32073,35.36307],[-118.32065,35.36313],[-118.32053,35.36312],[-118.32035,35.36309],[-118.31997,35.36312],[-118.31959,35.36321],[-118.31944,35.36332],[-118.31934,35.36344],[-118.31931,35.3636],[-118.31932,35.36373],[-118.31919,35.3639],[-118.31911,35.36398],[-118.31903,35.36399],[-118.31888,35.364],[-118.31877,35.36403],[-118.31868,35.36405],[-118.31855,35.36424],[-118.31846,35.36448],[-118.31834,35.36469],[-118.31834,35.36481],[-118.31825,35.36508],[-118.3182,35.36518],[-118.31822,35.36535],[-118.31821,35.36558],[-118.31817,35.36573],[-118.31801,35.36594],[-118.31794,35.36607],[-118.3178,35.36622],[-118.31778,35.3663],[-118.31777,35.36642],[-118.31777,35.36656],[-118.31772,35.36669],[-118.31771,35.3668],[-118.31765,35.36693],[-118.31746,35.3671],[-118.31731,35.36727],[-118.31717,35.36738],[-118.31711,35.36742],[-118.31706,35.36753],[-118.31704,35.36763],[-118.31705,35.36776],[-118.31701,35.36784],[-118.31685,35.36795],[-118.31661,35.36812],[-118.3165,35.36815],[-118.31639,35.36814],[-118.31621,35.3681],[-118.31608,35.36809],[-118.31598,35.3681],[-118.31589,35.36815],[-118.31573,35.36827],[-118.31562,35.36834],[-118.31509,35.36866],[-118.31507,35.36871],[-118.31515,35.3688],[-118.31524,35.36891],[-118.31521,35.36904],[-118.31512,35.36919],[-118.31491,35.36958]]}},{"type":"Feature","properties":{"name":"(unnamed public road)","road_class":"track","surface":"dirt","tracktype":"grade3","source":"OpenStreetMap","source_detail":"osm way 1276634387","source_tile":"175/404"},"geometry":{"type":"LineString","coordinates":[[-118.25686,35.36294],[-118.25669,35.36306],[-118.25622,35.3635],[-118.25609,35.36362],[-118.256,35.36372],[-118.25572,35.36397],[-118.2556,35.36409]]}},{"type":"Feature","properties":{"name":"SC123","road_class":"track","surface":"sand","tracktype":"grade5","source":"OpenStreetMap","source_detail":"osm way 1517303868","source_tile":"175/404"},"geometry":{"type":"LineString","coordinates":[[-118.20441,35.45287],[-118.20444,35.45292],[-118.20448,35.45299],[-118.2045,35.45304],[-118.20454,35.45314],[-118.20459,35.45321],[-118.20462,35.45323],[-118.20464,35.45324],[-118.20471,35.45326],[-118.2049,35.45329]]}}]}