{"type":"FeatureCollection","features":[{"type":"Feature","properties":{"name":"Upper Oak Flat Road","road_class":"track","source":"OpenStreetMap","source_detail":"osm way 10600157","source_tile":"167/397","surface_inferred":true},"geometry":{"type":"LineString","coordinates":[[-121.28346,37.37884],[-121.28353,37.37875],[-121.28368,37.37851],[-121.28386,37.37829],[-121.28422,37.37794],[-121.28438,37.3778],[-121.28455,37.37763],[-121.28461,37.37761],[-121.28502,37.37731],[-121.28526,37.37713],[-121.29697,37.36862],[-121.30216,37.36484],[-121.30348,37.36449],[-121.30515,37.36413]]}},{"type":"Feature","properties":{"name":"(unnamed public road)","road_class":"track","surface":"unpaved","source":"OpenStreetMap","source_detail":"osm way 10601044","source_tile":"167/397"},"geometry":{"type":"LineString","coordinates":[[-121.29285,37.32385],[-121.29276,37.32398],[-121.29265,37.32411],[-121.29263,37.32421],[-121.29264,37.32435],[-121.29266,37.32454],[-121.29272,37.32475],[-121.29277,37.32485],[-121.29282,37.32502],[-121.29288,37.32513],[-121.29293,37.32523],[-121.29301,37.32544],[-121.29309,37.3256],[-121.29314,37.32573],[-121.29321,37.32585],[-121.29326,37.32596],[-121.29347,37.32628],[-121.29353,37.32635],[-121.29361,37.32649],[-121.29371,37.32655],[-121.29403,37.32672],[-121.29416,37.32693],[-121.29413,37.32704],[-121.29374,37.32715],[-121.29364,37.32721],[-121.29352,37.32726],[-121.29338,37.32736],[-121.29334,37.32753],[-121.29343,37.32775],[-121.29351,37.32798],[-121.29355,37.3281],[-121.29363,37.32831],[-121.29369,37.32842],[-121.29376,37.3285],[-121.29388,37.3286],[-121.29399,37.32868],[-121.29411,37.32881],[-121.29417,37.32891],[-121.29418,37.32903],[-121.29405,37.32923],[-121.29404,37.32934],[-121.29405,37.32941],[-121.29414,37.32964],[-121.29405,37.32977],[-121.29393,37.32996],[-121.29379,37.33015],[-121.29372,37.33023],[-121.29361,37.33033],[-121.29346,37.33045],[-121.29319,37.33062],[-121.29278,37.33087],[-121.29255,37.33095],[-121.29234,37.331],[-121.29218,37.33102],[-121.29205,37.33107],[-121.2919,37.33112],[-121.29173,37.33118],[-121.2916,37.33121],[-121.29141,37.33125],[-121.29121,37.33124],[-121.29075,37.33121],[-121.29059,37.33122],[-121.29042,37.33123],[-121.29024,37.33126],[-121.28992,37.33131],[-121.28959,37.33138],[-121.28943,37.33141],[-121.28918,37.33148],[-121.28905,37.3315],[-121.28888,37.33152],[-121.28865,37.33152],[-121.28854,37.33148],[-121.28828,37.33138],[-121.28791,37.3313],[-121.28773,37.33124],[-121.28757,37.33122],[-121.28709,37.33108],[-121.28692,37.33105],[-121.28671,37.33103],[-121.28654,37.33105],[-121.28639,37.33109],[-121.28629,37.33115],[-121.28621,37.33125],[-121.28616,37.33133],[-121.28605,37.3314],[-121.28582,37.33152],[-121.28569,37.33156],[-121.28558,37.33163],[-121.28556,37.33164],[-121.28537,37.33163],[-121.28496,37.33144],[-121.28475,37.33135],[-121.28454,37.33129],[-121.2842,37.33121],[-121.28384,37.33118],[-121.28367,37.33126],[-121.28359,37.33134],[-121.28351,37.3315],[-121.28341,37.33162],[-121.28314,37.33199],[-121.28305,37.3321],[-121.28293,37.33231],[-121.2827,37.33258],[-121.28258,37.33272],[-121.28226,37.33295],[-121.28208,37.333],[-121.28179,37.3331],[-121.28168,37.33321],[-121.28157,37.33328],[-121.28147,37.33333],[-121.28127,37.33337],[-121.28047,37.33336],[-121.28025,37.3334],[-121.27991,37.33353],[-121.27976,37.33358],[-121.27966,37.33362],[-121.27953,37.33367],[-121.27934,37.33371],[-121.27924,37.33374],[-121.2788,37.33383],[-121.27863,37.33387],[-121.27842,37.33387],[-121.27821,37.33387],[-121.27782,37.33396],[-121.27763,37.33399],[-121.27726,37.33415],[-121.27693,37.3343],[-121.27678,37.33434],[-121.27666,37.33436],[-121.27639,37.33438],[-121.27625,37.3344],[-121.27613,37.33443],[-121.27569,37.33454],[-121.27545,37.3346],[-121.27525,37.33463],[-121.27512,37.33468],[-121.27489,37.33477],[-121.27465,37.33482],[-121.27445,37.33486],[-121.27415,37.33486],[-121.27404,37.33482],[-121.27358,37.33461],[-121.2735,37.33455],[-121.27331,37.3345],[-121.27312,37.33453],[-121.27276,37.33481],[-121.27262,37.3349],[-121.27245,37.335],[-121.27232,37.33504],[-121.27218,37.33507],[-121.27188,37.33501],[-121.27166,37.33499],[-121.27133,37.33495],[-121.27114,37.33489],[-121.27101,37.33484],[-121.27087,37.33479],[-121.27071,37.33476],[-121.27056,37.33477],[-121.27041,37.33479],[-121.27026,37.33489],[-121.27019,37.33498],[-121.27013,37.33514],[-121.27001,37.33533],[-121.26986,37.33547],[-121.26974,37.33559],[-121.26963,37.33569],[-121.26952,37.33575],[-121.26919,37.33584],[-121.26892,37.33591],[-121.26852,37.33597],[-121.26786,37.33609],[-121.26757,37.33612],[-121.26743,37.33613],[-121.26731,37.3361],[-121.26718,37.33604],[-121.267,37.33592],[-121.26695,37.33584],[-121.26686,37.3357],[-121.26667,37.33564],[-121.26646,37.33567],[-121.2663,37.3357],[-121.26603,37.33579],[-121.26583,37.33585],[-121.26533,37.33597],[-121.26475,37.3361],[-121.26456,37.33614],[-121.26438,37.33623],[-121.2639,37.33657],[-121.26364,37.33689],[-121.26355,37.33696],[-121.26351,37.33707],[-121.26348,37.33716],[-121.26353,37.33729],[-121.2636,37.33745],[-121.26371,37.33775],[-121.26383,37.33792],[-121.26396,37.33806],[-121.26408,37.3382],[-121.26421,37.33839],[-121.26434,37.3386],[-121.26451,37.33881],[-121.26495,37.33904],[-121.26516,37.33914],[-121.26529,37.33922],[-121.26537,37.33929],[-121.26544,37.33937],[-121.2655,37.33946],[-121.26555,37.33962],[-121.26556,37.33974],[-121.26551,37.33987],[-121.26543,37.33996],[-121.26536,37.34004],[-121.26479,37.34027],[-121.26395,37.34019],[-121.26371,37.34024],[-121.26356,37.34034],[-121.26384,37.34057],[-121.2641,37.34077],[-121.26448,37.34097],[-121.26472,37.34113]]}},{"type":"Feature","properties":{"name":"(unnamed public road)","road_class":"track","source":"OpenStreetMap","source_detail":"osm way 42396519","source_tile":"167/397","surface_inferred":true},"geometry":{"type":"LineString","coordinates":[[-121.2869,37.24447],[-121.28726,37.24463],[-121.28736,37.24483],[-121.28739,37.24513],[-121.2877,37.24552],[-121.28789,37.24568],[-121.28809,37.24574],[-121.28826,37.24584],[-121.28833,37.24601],[-121.28822,37.24631],[-121.28823,37.24651],[-121.28828,37.24713],[-121.28825,37.24736],[-121.28813,37.24752],[-121.28786,37.24793],[-121.28767,37.24796],[-121.28741,37.24797],[-121.28729,37.24807],[-121.28728,37.24824],[-121.28713,37.24848],[-121.2869,37.24873],[-121.28685,37.24907],[-121.28694,37.24922],[-121.28709,37.24964],[-121.28801,37.25006],[-121.28813,37.25024],[-121.28816,37.25059],[-121.28837,37.2508],[-121.28865,37.2511],[-121.28878,37.25141],[-121.28932,37.25177],[-121.28951,37.25233],[-121.28977,37.25293],[-121.2902,37.25303],[-121.2907,37.2528],[-121.29095,37.25278],[-121.29135,37.25283],[-121.29169,37.25294],[-121.29216,37.25292],[-121.29235,37.25298],[-121.29242,37.25343],[-121.29254,37.25361],[-121.29283,37.25378],[-121.29325,37.25378],[-121.29369,37.2536],[-121.29412,37.25363],[-121.29533,37.25374],[-121.29608,37.25407],[-121.29678,37.25416],[-121.29775,37.25452],[-121.29831,37.2549],[-121.29865,37.25532],[-121.29849,37.256],[-121.29872,37.25631],[-121.29935,37.25658],[-121.29957,37.25695],[-121.29992,37.2571],[-121.30015,37.25718],[-121.30033,37.25714],[-121.30057,37.25753],[-121.30083,37.25769],[-121.30093,37.25798],[-121.30083,37.25845],[-121.30028,37.25895],[-121.29962,37.25941],[-121.2991,37.25936],[-121.29864,37.25939],[-121.29833,37.25949],[-121.29838,37.25975],[-121.29874,37.26018],[-121.29901,37.26043],[-121.29943,37.26043],[-121.29977,37.26076],[-121.2999,37.2611],[-121.3003,37.2614],[-121.30095,37.26162],[-121.30144,37.26161],[-121.302,37.26175],[-121.30256,37.26199],[-121.30286,37.2621],[-121.30332,37.26218],[-121.30354,37.26199],[-121.30402,37.26185],[-121.30465,37.26189],[-121.30499,37.26205],[-121.30528,37.26225],[-121.30556,37.26233],[-121.30612,37.26237],[-121.30625,37.2625],[-121.30633,37.26272],[-121.30647,37.26286],[-121.30679,37.26318],[-121.30715,37.26331],[-121.30744,37.26346],[-121.30799,37.26342],[-121.30825,37.26348],[-121.30848,37.26374],[-121.3088,37.2639],[-121.30906,37.2642],[-121.30916,37.26466],[-121.3095,37.26549],[-121.30995,37.26603],[-121.31014,37.26631],[-121.31037,37.26649],[-121.31062,37.26677],[-121.31094,37.26722],[-121.31112,37.26737]]}},{"type":"Feature","properties":{"name":"(unnamed public road)","road_class":"track","source":"OpenStreetMap","source_detail":"osm way 1040593636","source_tile":"167/397","surface_inferred":true},"geometry":{"type":"LineString","coordinates":[[-121.2859,37.19737],[-121.28606,37.19747],[-121.28618,37.19762],[-121.28622,37.19767],[-121.28635,37.19793],[-121.28657,37.19824],[-121.28681,37.19852],[-121.28685,37.19857],[-121.28719,37.19883],[-121.28735,37.19897],[-121.2876,37.19921],[-121.2882,37.19971],[-121.28839,37.19988],[-121.28868,37.20005],[-121.28882,37.20019],[-121.28916,37.20042],[-121.2895,37.20062],[-121.28989,37.20089],[-121.2901,37.20103],[-121.29033,37.20128],[-121.29045,37.20146],[-121.29053,37.20182],[-121.29076,37.20216],[-121.2909,37.20246],[-121.29103,37.20298],[-121.29105,37.20339],[-121.29104,37.20369],[-121.29097,37.20394],[-121.29095,37.20407]]}},{"type":"Feature","properties":{"name":"(unnamed public road)","road_class":"track","source":"OpenStreetMap","source_detail":"osm way 1040593637","source_tile":"167/397","surface_inferred":true},"geometry":{"type":"LineString","coordinates":[[-121.28638,37.19768],[-121.28656,37.19791],[-121.28685,37.19831],[-121.28737,37.19882],[-121.28791,37.19905],[-121.28818,37.19919],[-121.28828,37.19933],[-121.2885,37.19972],[-121.28881,37.19992],[-121.28913,37.20011],[-121.28929,37.20026],[-121.28983,37.2005]]}},{"type":"Feature","properties":{"name":"(unnamed public road)","road_class":"track","source":"OpenStreetMap","source_detail":"osm way 1040593641","source_tile":"167/397","surface_inferred":true},"geometry":{"type":"LineString","coordinates":[[-121.29097,37.21004],[-121.2908,37.21018],[-121.29082,37.21033],[-121.29082,37.21047],[-121.29068,37.21069],[-121.29067,37.21088],[-121.29075,37.2111],[-121.29063,37.21136],[-121.29047,37.21149],[-121.29038,37.21178],[-121.29034,37.21199],[-121.29004,37.21229],[-121.28983,37.21255],[-121.28984,37.21304],[-121.28995,37.21341],[-121.2901,37.21366],[-121.29008,37.21405],[-121.2901,37.21425],[-121.29036,37.21461],[-121.29038,37.21474],[-121.29033,37.21495],[-121.29002,37.21527],[-121.28956,37.21548],[-121.28924,37.21566],[-121.289,37.21577],[-121.28861,37.21625]]}},{"type":"Feature","properties":{"name":"(unnamed public road)","road_class":"track","source":"OpenStreetMap","source_detail":"osm way 1040593644","source_tile":"167/397","surface_inferred":true},"geometry":{"type":"LineString","coordinates":[[-121.28593,37.21902],[-121.28633,37.21904],[-121.28668,37.21899],[-121.28697,37.21907],[-121.28715,37.21916],[-121.28729,37.21933],[-121.2876,37.21946],[-121.28779,37.21962],[-121.28802,37.21972],[-121.28831,37.2198],[-121.28855,37.21998],[-121.28875,37.22022],[-121.28893,37.22033],[-121.2892,37.22059],[-121.28949,37.22071],[-121.28969,37.22072]]}},{"type":"Feature","properties":{"name":"(unnamed public road)","road_class":"track","source":"OpenStreetMap","source_detail":"osm way 1040593645","source_tile":"167/397","surface_inferred":true},"geometry":{"type":"LineString","coordinates":[[-121.28827,37.21675],[-121.28839,37.21714],[-121.28866,37.21743],[-121.28894,37.21749],[-121.28938,37.21761],[-121.28958,37.2177]]}},{"type":"Feature","properties":{"name":"(unnamed public road)","road_class":"track","source":"OpenStreetMap","source_detail":"osm way 1040593652","source_tile":"167/397","surface_inferred":true},"geometry":{"type":"LineString","coordinates":[[-121.29095,37.20407],[-121.29068,37.20414],[-121.29044,37.20425],[-121.29021,37.20421],[-121.28991,37.20425],[-121.28959,37.20447],[-121.28934,37.20461],[-121.2889,37.20468],[-121.28855,37.20467],[-121.2882,37.20478],[-121.28775,37.20494],[-121.28749,37.20493],[-121.28674,37.20498],[-121.28653,37.20495],[-121.28625,37.20484],[-121.28582,37.20479],[-121.28532,37.20488],[-121.28519,37.20497],[-121.28504,37.20522],[-121.28492,37.2055],[-121.28473,37.20563],[-121.28448,37.20578],[-121.28429,37.20583],[-121.28372,37.2059],[-121.28357,37.20595],[-121.28354,37.20606],[-121.28365,37.20623],[-121.28377,37.20645],[-121.28393,37.20667],[-121.28408,37.20677],[-121.28418,37.20683],[-121.28413,37.20692],[-121.28404,37.20699],[-121.284,37.20706]]}},{"type":"Feature","properties":{"name":"(unnamed public road)","road_class":"track","source":"OpenStreetMap","source_detail":"osm way 1040649549","source_tile":"167/397","surface_inferred":true},"geometry":{"type":"LineString","coordinates":[[-121.29317,37.28621],[-121.29294,37.28603],[-121.29273,37.28585],[-121.29247,37.28582],[-121.29205,37.28587],[-121.2918,37.2859],[-121.29135,37.28571],[-121.29115,37.28554],[-121.291,37.28513],[-121.29089,37.28503],[-121.2907,37.285],[-121.29056,37.2851],[-121.2905,37.28531],[-121.29035,37.28572],[-121.29022,37.28604],[-121.29002,37.28616],[-121.28984,37.28615],[-121.28955,37.28605],[-121.28891,37.28581],[-121.28809,37.28546],[-121.28764,37.28515],[-121.28746,37.28484],[-121.28738,37.28462],[-121.28726,37.28457],[-121.28704,37.2847],[-121.28667,37.28507],[-121.28657,37.28516],[-121.28644,37.28512],[-121.28636,37.28489],[-121.28635,37.28467],[-121.28636,37.28443],[-121.28622,37.284],[-121.28604,37.28385],[-121.28584,37.28386],[-121.28565,37.28398],[-121.28521,37.28439],[-121.28488,37.28457],[-121.28449,37.28453],[-121.28392,37.28447]]}},{"type":"Feature","properties":{"name":"(unnamed public road)","road_class":"track","source":"OpenStreetMap","source_detail":"osm way 1040649553","source_tile":"167/397","surface_inferred":true},"geometry":{"type":"LineString","coordinates":[[-121.28392,37.28447],[-121.28399,37.28464],[-121.28434,37.28504],[-121.28452,37.28531],[-121.28515,37.28592],[-121.28527,37.28608],[-121.28549,37.28659],[-121.28579,37.28672],[-121.28618,37.28697],[-121.28687,37.28714],[-121.28774,37.28742],[-121.28832,37.28774],[-121.28931,37.28816],[-121.28956,37.28822],[-121.28971,37.2882],[-121.28997,37.28802],[-121.29022,37.28787],[-121.2905,37.28785],[-121.29118,37.28817],[-121.29219,37.28859],[-121.29256,37.2888],[-121.29274,37.28881],[-121.293,37.28877],[-121.29324,37.28886],[-121.29364,37.28915],[-121.29412,37.28928],[-121.2947,37.28938],[-121.295,37.28932],[-121.29557,37.28924],[-121.29579,37.28929],[-121.29601,37.28927],[-121.29635,37.28933],[-121.2967,37.28934]]}},{"type":"Feature","properties":{"name":"(unnamed public road)","road_class":"track","source":"OpenStreetMap","source_detail":"osm way 1040649557","source_tile":"167/397","surface_inferred":true},"geometry":{"type":"LineString","coordinates":[[-121.28333,37.28457],[-121.2835,37.28475],[-121.28354,37.28502],[-121.28352,37.28529],[-121.28367,37.28564],[-121.28383,37.28579],[-121.28391,37.28608],[-121.2841,37.28626],[-121.28409,37.28653],[-121.28412,37.28699],[-121.28408,37.28718],[-121.28395,37.2873],[-121.28395,37.28753],[-121.28397,37.28793],[-121.28398,37.2884],[-121.2841,37.2891],[-121.28414,37.28956],[-121.28423,37.28963],[-121.28457,37.28964],[-121.28494,37.28975],[-121.28588,37.28968],[-121.28672,37.28966],[-121.28727,37.28962],[-121.28775,37.28967],[-121.28797,37.28984],[-121.28816,37.28986],[-121.28862,37.28969],[-121.28904,37.28963],[-121.29003,37.28963],[-121.29118,37.28966],[-121.2927,37.28967],[-121.29385,37.2897],[-121.29421,37.28969],[-121.29434,37.28978],[-121.29444,37.28991],[-121.29477,37.2898],[-121.29503,37.28973],[-121.29525,37.28976],[-121.29541,37.28983],[-121.29577,37.28977],[-121.29616,37.28971],[-121.29634,37.28975],[-121.29644,37.28985]]}},{"type":"Feature","properties":{"name":"(unnamed public road)","road_class":"track","source":"OpenStreetMap","source_detail":"osm way 1040649558","source_tile":"167/397","surface_inferred":true},"geometry":{"type":"LineString","coordinates":[[-121.29644,37.28985],[-121.29638,37.29008],[-121.29627,37.29019],[-121.29603,37.29021],[-121.29567,37.29022],[-121.29528,37.29029],[-121.29503,37.29038],[-121.29453,37.29045],[-121.29407,37.29067],[-121.29373,37.29094],[-121.29364,37.29109],[-121.29355,37.29136],[-121.29337,37.29153],[-121.29339,37.2917],[-121.29339,37.29208],[-121.2935,37.29224],[-121.29354,37.2924],[-121.29346,37.29255],[-121.29322,37.2927],[-121.29275,37.29288],[-121.29239,37.29309],[-121.29212,37.29345],[-121.29206,37.29355],[-121.29206,37.29394],[-121.29221,37.29436],[-121.29226,37.29461],[-121.29188,37.29513],[-121.29153,37.29552],[-121.29122,37.2957],[-121.29091,37.29613],[-121.29075,37.29631],[-121.29063,37.29643],[-121.29038,37.29665],[-121.29016,37.29709],[-121.29008,37.29725],[-121.28998,37.29732],[-121.28976,37.29736],[-121.28957,37.29735],[-121.28945,37.29728],[-121.28943,37.29715],[-121.28938,37.29707],[-121.28919,37.297],[-121.28899,37.29708],[-121.28908,37.29735],[-121.28935,37.29773],[-121.2894,37.29789],[-121.2894,37.29806],[-121.28928,37.29852],[-121.28912,37.29883]]}},{"type":"Feature","properties":{"name":"(unnamed public road)","road_class":"track","source":"OpenStreetMap","source_detail":"osm way 1040652632","source_tile":"167/397","surface_inferred":true},"geometry":{"type":"LineString","coordinates":[[-121.28912,37.29883],[-121.28887,37.29897],[-121.28869,37.29911],[-121.28852,37.29932],[-121.28847,37.29953]]}},{"type":"Feature","properties":{"name":"(unnamed public road)","road_class":"track","source":"OpenStreetMap","source_detail":"osm way 1040652639","source_tile":"167/397","surface_inferred":true},"geometry":{"type":"LineString","coordinates":[[-121.28656,37.29685],[-121.28669,37.29701],[-121.28685,37.29732],[-121.28701,37.29751],[-121.28695,37.29766],[-121.28694,37.2978],[-121.2872,37.29798],[-121.28739,37.29812],[-121.28754,37.29816],[-121.28763,37.29834],[-121.28779,37.29843],[-121.28806,37.2985],[-121.28827,37.29864],[-121.28854,37.29859],[-121.28875,37.29857],[-121.28886,37.29868],[-121.28901,37.29872],[-121.28908,37.29877],[-121.28912,37.29883]]}},{"type":"Feature","properties":{"name":"(unnamed public road)","road_class":"track","source":"OpenStreetMap","source_detail":"osm way 1040722190","source_tile":"167/397","surface_inferred":true},"geometry":{"type":"LineString","coordinates":[[-121.2922,37.17574],[-121.2923,37.17594],[-121.29217,37.17656],[-121.29195,37.17683],[-121.29149,37.17729],[-121.29103,37.17778],[-121.29068,37.17798],[-121.29038,37.17827],[-121.29004,37.17865],[-121.28978,37.1791],[-121.28934,37.17941],[-121.28913,37.17985],[-121.28875,37.18043],[-121.2884,37.18105],[-121.28793,37.18179],[-121.28762,37.18222],[-121.28738,37.18263],[-121.28697,37.18311],[-121.28691,37.18335],[-121.28698,37.18365],[-121.28688,37.18378],[-121.28678,37.18406],[-121.28687,37.1842],[-121.28706,37.18429],[-121.28768,37.18435],[-121.28826,37.18443],[-121.28858,37.18453]]}},{"type":"Feature","properties":{"name":"(unnamed public road)","road_class":"track","source":"OpenStreetMap","source_detail":"osm way 1041223337","source_tile":"167/397","surface_inferred":true},"geometry":{"type":"LineString","coordinates":[[-121.29469,37.26396],[-121.29418,37.26369],[-121.29389,37.26362],[-121.2937,37.26351],[-121.29344,37.26337],[-121.29318,37.26333],[-121.29295,37.26353],[-121.29272,37.26372],[-121.29248,37.26393],[-121.29224,37.26402],[-121.29174,37.26405],[-121.29138,37.26421],[-121.29059,37.26463],[-121.29011,37.26485],[-121.28938,37.26503],[-121.28898,37.26505]]}},{"type":"Feature","properties":{"name":"(unnamed public road)","road_class":"track","source":"OpenStreetMap","source_detail":"osm way 1041290391","source_tile":"167/397","surface_inferred":true},"geometry":{"type":"LineString","coordinates":[[-121.29025,37.22971],[-121.28957,37.2299],[-121.2894,37.23004],[-121.28929,37.23026],[-121.28932,37.23044],[-121.28941,37.23058],[-121.28952,37.23064],[-121.28953,37.23072],[-121.28941,37.23083],[-121.28904,37.23103],[-121.28889,37.23103],[-121.28877,37.23095],[-121.28866,37.23094],[-121.2886,37.23102],[-121.28849,37.23121],[-121.28834,37.2313],[-121.28808,37.23132],[-121.28778,37.2313],[-121.2875,37.23142],[-121.28719,37.2316],[-121.28693,37.23179],[-121.28676,37.23183],[-121.28659,37.23177],[-121.28645,37.23165],[-121.28634,37.23161],[-121.28623,37.23168],[-121.28613,37.23185],[-121.2858,37.23204],[-121.28563,37.23214]]}},{"type":"Feature","properties":{"name":"(unnamed public road)","road_class":"track","source":"OpenStreetMap","source_detail":"osm way 1044072086","source_tile":"167/397","surface_inferred":true},"geometry":{"type":"LineString","coordinates":[[-121.28907,37.1614],[-121.28903,37.16133],[-121.28909,37.16127],[-121.28923,37.16115],[-121.28937,37.16112],[-121.28955,37.16117],[-121.28957,37.16111],[-121.2895,37.16102],[-121.28949,37.16096]]}},{"type":"Feature","properties":{"name":"(unnamed public road)","road_class":"track","source":"OpenStreetMap","source_detail":"osm way 1044072089","source_tile":"167/398","surface_inferred":true},"geometry":{"type":"LineString","coordinates":[[-121.29138,37.16037],[-121.29113,37.16014],[-121.29084,37.15982],[-121.29046,37.15947],[-121.29028,37.15923],[-121.29009,37.1591],[-121.29003,37.15901],[-121.28995,37.15887],[-121.28979,37.15877],[-121.28961,37.15868],[-121.28927,37.15855],[-121.28914,37.15846],[-121.28897,37.15826],[-121.28873,37.15795],[-121.28864,37.15775],[-121.28858,37.15758],[-121.28848,37.15744],[-121.28832,37.15731],[-121.28824,37.15726],[-121.28815,37.15727],[-121.2881,37.15733],[-121.28784,37.15762],[-121.28754,37.15796],[-121.28747,37.15801],[-121.2874,37.15813],[-121.28716,37.15859],[-121.2871,37.15867],[-121.28705,37.15875],[-121.28693,37.15887],[-121.28684,37.15889],[-121.28675,37.15887],[-121.28659,37.15878],[-121.2865,37.15874]]}},{"type":"Feature","properties":{"name":"(unnamed public road)","road_class":"track","source":"OpenStreetMap","source_detail":"osm way 1044072092","source_tile":"167/397","surface_inferred":true},"geometry":{"type":"LineString","coordinates":[[-121.28797,37.16653],[-121.28867,37.16662],[-121.28903,37.16682],[-121.28972,37.1675],[-121.29,37.16775],[-121.29034,37.16817],[-121.29075,37.16855],[-121.29119,37.16873],[-121.29164,37.1689],[-121.29206,37.16906],[-121.29217,37.16915],[-121.29229,37.16924],[-121.2924,37.1693],[-121.29259,37.16931],[-121.29274,37.16929],[-121.29314,37.16932],[-121.29333,37.16939],[-121.29359,37.16962],[-121.29411,37.16992],[-121.29445,37.17004],[-121.29457,37.17015],[-121.29464,37.17032]]}},{"type":"Feature","properties":{"name":"(unnamed public road)","road_class":"track","source":"OpenStreetMap","source_detail":"osm way 1037832735","source_tile":"167/397","surface_inferred":true},"geometry":{"type":"LineString","coordinates":[[-121.21611,37.44631],[-121.21605,37.44623],[-121.21612,37.44602],[-121.21627,37.44583],[-121.21631,37.44557],[-121.21624,37.44538],[-121.21589,37.44504],[-121.21569,37.44464],[-121.21568,37.44436],[-121.21557,37.44411],[-121.21529,37.44395],[-121.21482,37.44382],[-121.2146,37.44367],[-121.21448,37.44342],[-121.21445,37.44327],[-121.2144,37.44308],[-121.21427,37.44298],[-121.21398,37.44285],[-121.21357,37.4427],[-121.21331,37.44248],[-121.21327,37.44229],[-121.21344,37.44199],[-121.21362,37.44179],[-121.21366,37.44158],[-121.21355,37.44141],[-121.21333,37.44139],[-121.21313,37.44148],[-121.21282,37.4419],[-121.21246,37.44225],[-121.21198,37.44244],[-121.21154,37.44236],[-121.21151,37.44235],[-121.21117,37.44224],[-121.21028,37.4421],[-121.2098,37.44202],[-121.20944,37.44186],[-121.20902,37.44159],[-121.20891,37.44137],[-121.20892,37.44115],[-121.20918,37.44086],[-121.20927,37.44072],[-121.20931,37.44051],[-121.20914,37.44027],[-121.20874,37.43984],[-121.20815,37.43904],[-121.20789,37.43863],[-121.20776,37.43807],[-121.20767,37.43766],[-121.20751,37.43744],[-121.20723,37.43723],[-121.20708,37.43704],[-121.20699,37.43666],[-121.20691,37.43637],[-121.20671,37.43611],[-121.20664,37.43596],[-121.20661,37.43578],[-121.20661,37.43561],[-121.20642,37.43517],[-121.20626,37.43482],[-121.20616,37.43451],[-121.20582,37.43399],[-121.20543,37.43341],[-121.20521,37.43326],[-121.20472,37.4331],[-121.2042,37.43256],[-121.20392,37.43219],[-121.20371,37.4315],[-121.20375,37.43101],[-121.20356,37.43002],[-121.20332,37.42916],[-121.2034,37.42884],[-121.20376,37.42854],[-121.20408,37.42827],[-121.20412,37.42817],[-121.20407,37.42802],[-121.20388,37.42793],[-121.20371,37.42794],[-121.20345,37.42808],[-121.20315,37.42825],[-121.20293,37.42828],[-121.20267,37.4282],[-121.20203,37.42771],[-121.20187,37.42765],[-121.20155,37.42761],[-121.20093,37.42746],[-121.20048,37.42732],[-121.20022,37.42714],[-121.20013,37.42692],[-121.20021,37.42653]]}},{"type":"Feature","properties":{"name":"(unnamed public road)","road_class":"track","source":"OpenStreetMap","source_detail":"osm way 10434060","source_tile":"167/397","surface_inferred":true},"geometry":{"type":"LineString","coordinates":[[-121.11094,37.18169],[-121.11035,37.18055],[-121.10938,37.17906],[-121.10923,37.17878],[-121.10925,37.17844],[-121.10941,37.17786],[-121.10936,37.17759],[-121.10853,37.17521],[-121.1075,37.17255],[-121.10719,37.17202],[-121.10744,37.17087],[-121.10759,37.16991],[-121.10784,37.16796],[-121.10778,37.16722],[-121.10769,37.16633],[-121.10736,37.16551]]}},{"type":"Feature","properties":{"name":"(unnamed public road)","road_class":"track","source":"OpenStreetMap","source_detail":"osm way 10434061","source_tile":"167/397","surface_inferred":true},"geometry":{"type":"LineString","coordinates":[[-121.0946,37.16674],[-121.0952,37.16678],[-121.10149,37.16882],[-121.10282,37.16932],[-121.1043,37.16986],[-121.1063,37.17047],[-121.10719,37.17202]]}},{"type":"Feature","properties":{"name":"(unnamed public road)","road_class":"track","source":"OpenStreetMap","source_detail":"osm way 10434698","source_tile":"167/397","surface_inferred":true},"geometry":{"type":"LineString","coordinates":[[-120.96699,37.21681],[-120.96715,37.21998]]}},{"type":"Feature","properties":{"name":"(unnamed public road)","road_class":"track","source":"OpenStreetMap","source_detail":"osm way 10434846","source_tile":"167/397","surface_inferred":true},"geometry":{"type":"LineString","coordinates":[[-120.97196,37.33773],[-120.97427,37.33343],[-120.97686,37.32873],[-120.97974,37.32346],[-120.97997,37.32307],[-120.98027,37.32259],[-120.98071,37.32219],[-120.98225,37.32118],[-120.9831,37.32056],[-120.9847,37.3194],[-120.98571,37.31856],[-120.98623,37.31773],[-120.98749,37.31598],[-120.98839,37.31473],[-120.99139,37.31043],[-120.99482,37.30551],[-120.99496,37.30531],[-120.99602,37.30376],[-120.99654,37.303],[-120.99949,37.29881],[-121.00098,37.29659],[-121.00365,37.29286],[-121.0038,37.29267],[-121.00389,37.29259],[-121.00402,37.29258],[-121.00831,37.29271],[-121.01039,37.29271],[-121.01118,37.2927]]}},{"type":"Feature","properties":{"name":"(unnamed public road)","road_class":"track","source":"OpenStreetMap","source_detail":"osm way 10434912","source_tile":"167/397","surface_inferred":true},"geometry":{"type":"LineString","coordinates":[[-121.06675,37.18802],[-121.06681,37.18923],[-121.06684,37.19078]]}},{"type":"Feature","properties":{"name":"(unnamed public road)","road_class":"track","source":"OpenStreetMap","source_detail":"osm way 10434917","source_tile":"167/398","surface_inferred":true},"geometry":{"type":"LineString","coordinates":[[-121.06083,37.17806],[-121.06118,37.17783],[-121.0619,37.17787],[-121.06242,37.17775],[-121.06423,37.17686],[-121.06433,37.17672],[-121.06437,37.17652],[-121.0644,37.17621],[-121.06422,37.1756],[-121.06413,37.17525],[-121.06409,37.1749],[-121.06409,37.17205],[-121.0641,37.17063],[-121.0641,37.16976],[-121.06384,37.16992],[-121.06283,37.16945],[-121.06011,37.1678],[-121.05787,37.16336],[-121.05777,37.16251],[-121.0573,37.16042],[-121.05826,37.15936],[-121.05841,37.15929],[-121.05857,37.15924],[-121.05885,37.15906]]}},{"type":"Feature","properties":{"name":"(unnamed public road)","road_class":"track","source":"OpenStreetMap","source_detail":"osm way 10434957","source_tile":"167/397","surface_inferred":true},"geometry":{"type":"LineString","coordinates":[[-120.98212,37.21685],[-120.98222,37.21731],[-120.98311,37.21919],[-120.98337,37.22004],[-120.98312,37.22013],[-120.9829,37.22032]]}},{"type":"Feature","properties":{"name":"(unnamed public road)","road_class":"track","source":"OpenStreetMap","source_detail":"osm way 10436549","source_tile":"168/397","surface_inferred":true},"geometry":{"type":"LineString","coordinates":[[-120.94195,37.18548],[-120.94195,37.18554],[-120.94196,37.18565],[-120.94284,37.18833],[-120.9433,37.1896],[-120.94329,37.18965],[-120.94326,37.18969],[-120.94319,37.18972],[-120.9432,37.18976],[-120.94316,37.18981],[-120.94309,37.18988],[-120.94298,37.18991],[-120.94283,37.18995],[-120.9426,37.19001],[-120.94216,37.19012],[-120.94195,37.19018],[-120.94182,37.19022],[-120.94146,37.19032],[-120.94138,37.19035],[-120.94133,37.19037],[-120.94128,37.19041],[-120.94106,37.19058],[-120.94097,37.19064],[-120.94078,37.19075],[-120.94047,37.19088],[-120.93999,37.19105],[-120.93959,37.19117],[-120.93932,37.19123],[-120.938,37.19144],[-120.93786,37.19146],[-120.93759,37.1915],[-120.93736,37.19155],[-120.93722,37.19158],[-120.93702,37.19163],[-120.93683,37.19168],[-120.93628,37.19185],[-120.93592,37.19195],[-120.93558,37.19202],[-120.93548,37.19204],[-120.93531,37.19205],[-120.93511,37.19203],[-120.93496,37.19201],[-120.93486,37.19199],[-120.9347,37.19193],[-120.9345,37.19188],[-120.93434,37.19184],[-120.93346,37.1916],[-120.93296,37.19146],[-120.93279,37.19141],[-120.93262,37.19138],[-120.93253,37.19136],[-120.93243,37.19135],[-120.93237,37.19135],[-120.93218,37.19137],[-120.93211,37.19138],[-120.93185,37.19146],[-120.93146,37.19158],[-120.9313,37.19161],[-120.93087,37.19167],[-120.93023,37.19175],[-120.92957,37.19183],[-120.92937,37.19185],[-120.92847,37.19193],[-120.92799,37.19198],[-120.92758,37.19204],[-120.92686,37.19218],[-120.92665,37.19219],[-120.9263,37.1922],[-120.92585,37.19221],[-120.92521,37.19223],[-120.92455,37.19221],[-120.92325,37.19221],[-120.92304,37.19221],[-120.92282,37.19223],[-120.92262,37.19228],[-120.92253,37.19228],[-120.9224,37.19228],[-120.92227,37.19225],[-120.92192,37.19217],[-120.92168,37.19212],[-120.92154,37.19209],[-120.92108,37.19197],[-120.92066,37.19184],[-120.92055,37.1918],[-120.9204,37.19173],[-120.92036,37.19171],[-120.92014,37.19159],[-120.92005,37.19153],[-120.91995,37.19148],[-120.91981,37.19143],[-120.91838,37.19108],[-120.91736,37.19082],[-120.91683,37.19069],[-120.9167,37.19066],[-120.91639,37.19058],[-120.91634,37.19056],[-120.91631,37.19054],[-120.91625,37.19049],[-120.91616,37.19034],[-120.91599,37.19018],[-120.91591,37.19011],[-120.91586,37.19007],[-120.9158,37.19004],[-120.91564,37.18997],[-120.91544,37.18989],[-120.91532,37.18984],[-120.9151,37.18975],[-120.91482,37.18962],[-120.91443,37.18946],[-120.91428,37.18941],[-120.91414,37.18935],[-120.91383,37.18922],[-120.91343,37.18905],[-120.91333,37.18901],[-120.91302,37.18892],[-120.91252,37.18875],[-120.91228,37.18869],[-120.91178,37.18861],[-120.9117,37.18859],[-120.91155,37.18855],[-120.91137,37.18848],[-120.91116,37.18837],[-120.91106,37.18831]]}},{"type":"Feature","properties":{"name":"(unnamed public road)","road_class":"track","source":"OpenStreetMap","source_detail":"osm way 10437565","source_tile":"167/397","surface_inferred":true},"geometry":{"type":"LineString","coordinates":[[-121.16132,37.18753],[-121.16131,37.18748],[-121.16129,37.18738],[-121.16125,37.18732],[-121.1612,37.18725],[-121.16099,37.18702],[-121.16083,37.18683],[-121.1608,37.18677],[-121.16079,37.1867],[-121.16079,37.18647],[-121.16083,37.18628],[-121.16084,37.18617],[-121.16085,37.18612],[-121.16086,37.18603],[-121.16086,37.18592],[-121.16087,37.18587],[-121.16087,37.18581],[-121.16084,37.18574],[-121.16067,37.18541],[-121.16058,37.18517],[-121.16049,37.18492],[-121.1604,37.18473],[-121.16035,37.18464],[-121.1602,37.18432],[-121.16018,37.18419],[-121.16017,37.18407],[-121.16011,37.18386],[-121.16002,37.18363],[-121.15999,37.18348],[-121.15996,37.18318],[-121.15993,37.18294],[-121.15993,37.1828],[-121.15989,37.1827],[-121.15985,37.18258],[-121.15985,37.18245],[-121.15982,37.18229],[-121.1598,37.18213],[-121.15976,37.1819],[-121.15975,37.18182],[-121.15972,37.18172],[-121.15944,37.18098],[-121.15932,37.18063],[-121.15918,37.18017],[-121.15905,37.17987],[-121.15898,37.17976],[-121.1589,37.17963],[-121.15881,37.17943],[-121.15879,37.17934],[-121.1588,37.17904],[-121.15885,37.17884],[-121.15887,37.17868],[-121.15887,37.17855],[-121.15885,37.17849],[-121.1588,37.17833],[-121.15875,37.17815],[-121.15875,37.17805],[-121.15875,37.17787],[-121.15878,37.17763],[-121.15882,37.17749],[-121.15887,37.17736],[-121.1589,37.17719],[-121.15891,37.177],[-121.15891,37.17692],[-121.15885,37.17678],[-121.15878,37.17665],[-121.15875,37.17655],[-121.15872,37.17636],[-121.1587,37.17632],[-121.15869,37.17628],[-121.15865,37.17622],[-121.1586,37.17618],[-121.15846,37.17603],[-121.1584,37.17593],[-121.15834,37.17579],[-121.15831,37.17575],[-121.15798,37.17534],[-121.15796,37.17529],[-121.15794,37.17525],[-121.15793,37.17519],[-121.15793,37.17514],[-121.15794,37.17503],[-121.15794,37.17498],[-121.15791,37.17492],[-121.15782,37.17478],[-121.15758,37.17447],[-121.15747,37.17436],[-121.15729,37.17424],[-121.15725,37.1742],[-121.15721,37.17415],[-121.1572,37.1741],[-121.15721,37.17387],[-121.1572,37.17381],[-121.15717,37.17374],[-121.15713,37.17366],[-121.15699,37.17346],[-121.1569,37.17331],[-121.15683,37.17317],[-121.1568,37.17309],[-121.15679,37.17302],[-121.15679,37.17297],[-121.1568,37.17292],[-121.15686,37.17283],[-121.1569,37.17276],[-121.15693,37.1727],[-121.15695,37.17261],[-121.15707,37.17187],[-121.15709,37.17182],[-121.15713,37.17161],[-121.15686,37.17121],[-121.15676,37.17094],[-121.15674,37.17084]]}},{"type":"Feature","properties":{"name":"(unnamed public road)","road_class":"track","source":"OpenStreetMap","source_detail":"osm way 10437582","source_tile":"167/397","surface_inferred":true},"geometry":{"type":"LineString","coordinates":[[-120.96403,37.35056],[-120.96404,37.35074]]}},{"type":"Feature","properties":{"name":"(unnamed public road)","road_class":"track","source":"OpenStreetMap","source_detail":"osm way 10437980","source_tile":"168/397","surface_inferred":true},"geometry":{"type":"LineString","coordinates":[[-120.94357,37.15793],[-120.94234,37.15814],[-120.94154,37.15838],[-120.94102,37.1587],[-120.94008,37.1596],[-120.93948,37.16045],[-120.93939,37.16103],[-120.93948,37.16119],[-120.93945,37.16218],[-120.93879,37.16312],[-120.93765,37.16406],[-120.93596,37.16499],[-120.93473,37.16545],[-120.93325,37.1658],[-120.93288,37.16594],[-120.93245,37.1664],[-120.9323,37.16757],[-120.93193,37.16905],[-120.93153,37.16955],[-120.92942,37.17144],[-120.92879,37.17252],[-120.92873,37.17287]]}},{"type":"Feature","properties":{"name":"(unnamed public road)","road_class":"track","source":"OpenStreetMap","source_detail":"osm way 10438226","source_tile":"168/397","surface_inferred":true},"geometry":{"type":"LineString","coordinates":[[-120.9495,37.18325],[-120.94946,37.18314],[-120.94942,37.18308],[-120.94936,37.18304],[-120.94924,37.18299],[-120.94922,37.18295],[-120.94922,37.18288],[-120.94924,37.18277],[-120.94957,37.17572],[-120.94955,37.17553],[-120.94953,37.17546],[-120.94934,37.17542],[-120.94861,37.1754],[-120.94764,37.17537],[-120.94704,37.1754],[-120.94684,37.17565],[-120.9463,37.17608],[-120.94582,37.17627],[-120.94387,37.17631],[-120.94313,37.17651],[-120.94132,37.17742],[-120.94026,37.17779],[-120.93988,37.17785],[-120.93921,37.1779],[-120.93907,37.17789],[-120.93891,37.17788],[-120.93869,37.17783],[-120.9385,37.17774],[-120.93833,37.17763],[-120.93816,37.17748],[-120.93795,37.17728],[-120.93768,37.17698],[-120.93745,37.17671],[-120.93734,37.17657],[-120.93725,37.17645],[-120.93723,37.17637],[-120.93722,37.17632]]}},{"type":"Feature","properties":{"name":"(unnamed public road)","road_class":"track","source":"OpenStreetMap","source_detail":"osm way 10438425","source_tile":"167/397","surface_inferred":true},"geometry":{"type":"LineString","coordinates":[[-121.10744,37.17087],[-121.1063,37.17047]]}},{"type":"Feature","properties":{"name":"(unnamed public road)","road_class":"track","source":"OpenStreetMap","source_detail":"osm way 10438725","source_tile":"167/397","surface_inferred":true},"geometry":{"type":"LineString","coordinates":[[-120.94872,37.24182],[-120.94929,37.24156],[-120.94954,37.24151],[-120.95207,37.24122],[-120.95239,37.2412],[-120.95338,37.24108],[-120.95562,37.24081],[-120.95753,37.24056],[-120.95781,37.24053],[-120.958,37.24053]]}},{"type":"Feature","properties":{"name":"(unnamed public road)","road_class":"track","source":"OpenStreetMap","source_detail":"osm way 10439090","source_tile":"167/397","surface_inferred":true},"geometry":{"type":"LineString","coordinates":[[-120.96351,37.35064],[-120.96404,37.35074],[-120.96458,37.35084],[-120.96482,37.35089],[-120.96492,37.35092],[-120.96502,37.35096],[-120.96509,37.35102],[-120.96516,37.35114],[-120.96522,37.35127],[-120.96526,37.35137],[-120.9653,37.35143],[-120.96536,37.35147],[-120.96545,37.3515],[-120.96715,37.35181],[-120.96742,37.35187],[-120.96748,37.3519],[-120.9675,37.35194],[-120.96749,37.352],[-120.96744,37.35208],[-120.96725,37.35231],[-120.9672,37.35242],[-120.96716,37.35258],[-120.96705,37.35292],[-120.96704,37.35307],[-120.96704,37.35378],[-120.96703,37.3539],[-120.96699,37.35397],[-120.96692,37.35403],[-120.9667,37.35411],[-120.96649,37.3542],[-120.9664,37.35427],[-120.96632,37.35434],[-120.96618,37.35453],[-120.966,37.3548],[-120.96564,37.35542],[-120.96554,37.35563],[-120.96547,37.35578],[-120.96542,37.3559],[-120.96539,37.356],[-120.96539,37.35608],[-120.96538,37.35617],[-120.96541,37.35626],[-120.96555,37.35654],[-120.96559,37.35661],[-120.9657,37.35674],[-120.96592,37.35692],[-120.96621,37.35711],[-120.96654,37.35728],[-120.96663,37.35734],[-120.96668,37.35738],[-120.96673,37.35742],[-120.96677,37.35749],[-120.96688,37.35745],[-120.96711,37.35737],[-120.96765,37.35713],[-120.96797,37.35697],[-120.96818,37.35686],[-120.96831,37.35673],[-120.96838,37.35665],[-120.96843,37.35658],[-120.96848,37.35652],[-120.96855,37.35652],[-120.96861,37.35652],[-120.96883,37.35654],[-120.96959,37.35671],[-120.97039,37.35688],[-120.97117,37.35704],[-120.97184,37.35719],[-120.97262,37.35736],[-120.97417,37.35768],[-120.97448,37.35774],[-120.97454,37.35777],[-120.97459,37.35782],[-120.9746,37.35787],[-120.9746,37.35811],[-120.97458,37.35851],[-120.97455,37.35881],[-120.9745,37.359],[-120.9744,37.35923],[-120.97415,37.36002],[-120.97387,37.36084],[-120.97383,37.36096],[-120.9738,37.36102],[-120.97372,37.36112],[-120.97367,37.36117],[-120.97355,37.36126],[-120.97352,37.36129],[-120.97351,37.36134],[-120.9735,37.36139],[-120.97352,37.3615],[-120.97354,37.36178],[-120.97357,37.36194],[-120.97363,37.3621],[-120.97373,37.36225],[-120.97382,37.36237],[-120.9739,37.36245],[-120.974,37.36253],[-120.9741,37.36261],[-120.9747,37.36311],[-120.97477,37.36319],[-120.97492,37.36343],[-120.97495,37.3635],[-120.97495,37.36356],[-120.97493,37.36361],[-120.9749,37.36365],[-120.97474,37.36382],[-120.97437,37.36429],[-120.97429,37.36437],[-120.97425,37.36439],[-120.97417,37.36443],[-120.974,37.36447],[-120.97358,37.36461],[-120.97234,37.36497],[-120.97061,37.36547],[-120.96987,37.36569],[-120.96975,37.36573],[-120.9697,37.36574],[-120.96965,37.36574],[-120.96959,37.36574],[-120.96955,37.36573],[-120.9695,37.36571],[-120.96945,37.36567],[-120.96934,37.36553],[-120.9693,37.36548],[-120.96928,37.36541],[-120.96928,37.36529],[-120.96931,37.36507],[-120.96946,37.36434],[-120.96955,37.36402],[-120.96958,37.36386],[-120.96961,37.3637],[-120.96961,37.36355],[-120.96959,37.36337],[-120.96945,37.36296],[-120.9694,37.36279],[-120.96934,37.36266],[-120.96927,37.36252],[-120.96917,37.36231],[-120.96909,37.3622],[-120.96902,37.36215],[-120.96892,37.36212],[-120.96876,37.3621],[-120.96862,37.36206],[-120.96848,37.362],[-120.96834,37.36192],[-120.96822,37.36183],[-120.96815,37.36174],[-120.96805,37.36158],[-120.96798,37.36143],[-120.96794,37.36135],[-120.96787,37.36126],[-120.96776,37.36117],[-120.9675,37.361],[-120.96735,37.36093],[-120.96713,37.36085],[-120.967,37.36083],[-120.96689,37.36083],[-120.96679,37.36084],[-120.96674,37.36085],[-120.96668,37.36087],[-120.96662,37.36091],[-120.96637,37.36109],[-120.9663,37.36114],[-120.96623,37.36118],[-120.96616,37.3612],[-120.96608,37.36121],[-120.96598,37.3612],[-120.96586,37.36119],[-120.96563,37.36115],[-120.96552,37.36114],[-120.9654,37.36114],[-120.96529,37.36116],[-120.96519,37.3612],[-120.96499,37.36129],[-120.96494,37.36131],[-120.96487,37.36131],[-120.9641,37.36128],[-120.96384,37.36129],[-120.96334,37.36135],[-120.96327,37.36135],[-120.96318,37.36135],[-120.96301,37.36132],[-120.96281,37.36125],[-120.96273,37.36121],[-120.96252,37.3611],[-120.96217,37.36084],[-120.96203,37.36068],[-120.9618,37.36038],[-120.96164,37.36015],[-120.96158,37.36006],[-120.96152,37.3599],[-120.96151,37.35981],[-120.96152,37.35973],[-120.96157,37.35954],[-120.96159,37.35945],[-120.96159,37.35935],[-120.96153,37.35917],[-120.9615,37.3591],[-120.96146,37.35905],[-120.96142,37.359],[-120.96136,37.35895],[-120.96129,37.3589],[-120.9612,37.35886],[-120.96102,37.35881],[-120.96094,37.35879],[-120.96085,37.35879],[-120.96074,37.35879],[-120.96059,37.35878],[-120.96054,37.35877],[-120.96048,37.35875],[-120.96039,37.35868]]}},{"type":"Feature","properties":{"name":"(unnamed public road)","road_class":"track","source":"OpenStreetMap","source_detail":"osm way 10439777","source_tile":"167/397","surface_inferred":true},"geometry":{"type":"LineString","coordinates":[[-120.99448,37.30499],[-120.99333,37.30373]]}},{"type":"Feature","properties":{"name":"(unnamed public road)","road_class":"track","source":"OpenStreetMap","source_detail":"osm way 10439981","source_tile":"167/397","surface_inferred":true},"geometry":{"type":"LineString","coordinates":[[-120.94305,37.18423],[-120.94295,37.18429],[-120.94284,37.18431],[-120.94256,37.1843],[-120.94245,37.18427],[-120.94239,37.18423],[-120.94236,37.18416],[-120.94245,37.18342],[-120.94249,37.18333],[-120.94254,37.18327],[-120.94267,37.18324],[-120.94289,37.18326],[-120.943,37.18328],[-120.94307,37.18332],[-120.94309,37.18336],[-120.94308,37.18355],[-120.94308,37.18395],[-120.94307,37.18416],[-120.94305,37.18423],[-120.94309,37.18428],[-120.94311,37.18486],[-120.94312,37.18538],[-120.94311,37.18541],[-120.94302,37.18546],[-120.94288,37.18548],[-120.94277,37.18549],[-120.94258,37.18549],[-120.94204,37.18548],[-120.94195,37.18548],[-120.94192,37.18544],[-120.94188,37.18537],[-120.94185,37.18525],[-120.94172,37.18485],[-120.9416,37.18452],[-120.94143,37.18395],[-120.94144,37.18385],[-120.94138,37.1838],[-120.94125,37.18339],[-120.9412,37.18322],[-120.94121,37.18317],[-120.94123,37.18314],[-120.94129,37.1831],[-120.94132,37.18307],[-120.94134,37.18303]]}},{"type":"Feature","properties":{"name":"Pfitzer Road","road_class":"track","source":"OpenStreetMap","source_detail":"osm way 10443342","source_tile":"167/397","surface_inferred":true},"geometry":{"type":"LineString","coordinates":[[-120.96708,37.19493],[-120.96159,37.19492],[-120.96135,37.19494],[-120.96086,37.19494],[-120.95854,37.19492],[-120.95851,37.19494],[-120.95848,37.19496],[-120.95848,37.19498],[-120.95846,37.19508],[-120.95843,37.19542],[-120.95842,37.19545],[-120.9584,37.19546]]}},{"type":"Feature","properties":{"name":"Snyder Road","road_class":"unclassified","surface":"unpaved","source":"OpenStreetMap","source_detail":"osm way 10443367","source_tile":"167/397"},"geometry":{"type":"LineString","coordinates":[[-121.07628,37.20253],[-121.07311,37.20249],[-121.07045,37.20249],[-121.06886,37.20249],[-121.06879,37.20249]]}},{"type":"Feature","properties":{"name":"Ingomar Grade","road_class":"track","source":"OpenStreetMap","source_detail":"osm way 10445240","source_tile":"168/397","surface_inferred":true},"geometry":{"type":"LineString","coordinates":[[-120.90447,37.18231],[-120.9046,37.18217],[-120.90471,37.1821],[-120.9049,37.18207],[-120.90542,37.18207],[-120.90644,37.1821],[-120.90733,37.18213],[-120.90811,37.18214],[-120.90895,37.18215],[-120.90948,37.18217],[-120.91011,37.18219],[-120.91374,37.18229],[-120.91494,37.18232],[-120.91513,37.18233],[-120.91587,37.18236],[-120.9172,37.1824],[-120.91787,37.18241],[-120.91831,37.18243],[-120.92047,37.18248],[-120.92122,37.18249],[-120.92208,37.18252],[-120.92307,37.18254],[-120.92379,37.18256],[-120.92499,37.18259],[-120.92632,37.18263],[-120.92742,37.18266],[-120.92814,37.18268],[-120.92953,37.18272],[-120.93026,37.18273],[-120.93095,37.18275],[-120.93116,37.18274],[-120.9317,37.18277],[-120.9356,37.18287],[-120.9391,37.18298],[-120.94107,37.18303],[-120.94134,37.18303],[-120.94334,37.18306],[-120.94363,37.18307],[-120.94865,37.18323],[-120.9495,37.18325],[-120.95144,37.1833],[-120.95306,37.18334],[-120.956,37.18341],[-120.9628,37.1836],[-120.96486,37.18367],[-120.96503,37.18367],[-120.96512,37.18366],[-120.96532,37.18362],[-120.96544,37.18362],[-120.9656,37.18361],[-120.96572,37.1836],[-120.966,37.18357],[-120.96623,37.18352],[-120.96707,37.18336],[-120.9695,37.18293],[-120.96975,37.18288]]}},{"type":"Feature","properties":{"name":"Taglio Road","road_class":"track","source":"OpenStreetMap","source_detail":"osm way 10445296","source_tile":"167/397","surface_inferred":true},"geometry":{"type":"LineString","coordinates":[[-120.96699,37.21681],[-120.96732,37.21679],[-120.97092,37.21683],[-120.97271,37.21682],[-120.9745,37.21684],[-120.97573,37.21683],[-120.976,37.21683],[-120.97867,37.21684],[-120.97915,37.21685],[-120.98023,37.21685],[-120.98028,37.21685],[-120.98072,37.21684],[-120.98175,37.21685],[-120.98212,37.21685],[-120.9825,37.21684],[-120.98308,37.21687],[-120.98394,37.21687],[-120.98398,37.21687],[-120.98417,37.21687],[-120.9844,37.21688],[-120.98489,37.21689],[-120.98594,37.21691],[-120.9913,37.2169],[-120.99405,37.2169]]}},{"type":"Feature","properties":{"name":"Moffatt Road South","road_class":"track","source":"OpenStreetMap","source_detail":"osm way 10448544","source_tile":"167/397","surface_inferred":true},"geometry":{"type":"LineString","coordinates":[[-120.96696,37.20937],[-120.96719,37.21282],[-120.9672,37.2129],[-120.96721,37.21298],[-120.9672,37.21302],[-120.96716,37.21316],[-120.96715,37.21322],[-120.96713,37.21348],[-120.96708,37.21652],[-120.96708,37.21656]]}},{"type":"Feature","properties":{"name":"(unnamed public road)","road_class":"track","surface":"unpaved","source":"OpenStreetMap","source_detail":"osm way 10598706","source_tile":"167/397"},"geometry":{"type":"LineString","coordinates":[[-121.26472,37.34113],[-121.26485,37.34127],[-121.26493,37.34139],[-121.26509,37.34149],[-121.26535,37.34153],[-121.26559,37.34152],[-121.26579,37.3415],[-121.266,37.34149],[-121.26621,37.34152],[-121.26641,37.34161],[-121.26664,37.34178],[-121.26682,37.34193],[-121.26691,37.34202]]}},{"type":"Feature","properties":{"name":"L B Crow Road","road_class":"unclassified","surface":"unpaved","source":"OpenStreetMap","source_detail":"osm way 10603255","source_tile":"167/397"},"geometry":{"type":"LineString","coordinates":[[-121.02044,37.39152],[-121.01952,37.3924],[-121.02049,37.39303],[-121.02054,37.39309],[-121.02053,37.39316],[-121.01804,37.39555],[-121.01705,37.3965],[-121.01669,37.39685],[-121.01623,37.39729],[-121.01554,37.39796],[-121.01544,37.39799],[-121.01531,37.39796],[-121.01479,37.39761],[-121.01374,37.39861],[-121.00955,37.40265],[-121.00936,37.40276],[-121.0092,37.40282]]}},{"type":"Feature","properties":{"name":"Oak Flat Road","road_class":"track","source":"OpenStreetMap","source_detail":"osm way 178094385","source_tile":"167/397","surface_inferred":true},"geometry":{"type":"LineString","coordinates":[[-121.24053,37.4238],[-121.24055,37.42374],[-121.24072,37.42297],[-121.24081,37.42267],[-121.2409,37.42238],[-121.24095,37.42227],[-121.24101,37.42219],[-121.24124,37.42201],[-121.24132,37.4219],[-121.24137,37.4218],[-121.24141,37.42169],[-121.24142,37.42159],[-121.24141,37.42147],[-121.24131,37.42119],[-121.24128,37.42103],[-121.2415,37.42058],[-121.24158,37.42037],[-121.24163,37.42029],[-121.24172,37.42024],[-121.24186,37.4202],[-121.24212,37.42014],[-121.24237,37.42007],[-121.2425,37.42002],[-121.24264,37.41992],[-121.24279,37.4197],[-121.24302,37.41958],[-121.24315,37.41947],[-121.2432,37.41936],[-121.24322,37.41927],[-121.24322,37.41918],[-121.24327,37.41899],[-121.24334,37.41882],[-121.24342,37.41865],[-121.24349,37.41848],[-121.24355,37.41829],[-121.2436,37.41818],[-121.24368,37.41803],[-121.24381,37.41786],[-121.24396,37.41766],[-121.24406,37.41754],[-121.24412,37.41743],[-121.24421,37.41721],[-121.24425,37.41713],[-121.24428,37.41703],[-121.24433,37.41685],[-121.24435,37.41664],[-121.24432,37.41644],[-121.2443,37.4163],[-121.24431,37.41618],[-121.24436,37.41595],[-121.24462,37.41509],[-121.24469,37.41478],[-121.24473,37.41451],[-121.24475,37.41416],[-121.24481,37.41399],[-121.24502,37.41368],[-121.24519,37.4133],[-121.24526,37.41313],[-121.24532,37.41296],[-121.24546,37.41266],[-121.24572,37.41212],[-121.24579,37.41188],[-121.24604,37.41113],[-121.24608,37.41105],[-121.24617,37.41069],[-121.24641,37.41026],[-121.24661,37.40996],[-121.2468,37.40972],[-121.24694,37.40951],[-121.24708,37.40926],[-121.24716,37.40913],[-121.2473,37.40902],[-121.24763,37.40879]]}},{"type":"Feature","properties":{"name":"Taglio Road","road_class":"unclassified","surface":"unpaved","source":"OpenStreetMap","source_detail":"osm way 359821824","source_tile":"167/397"},"geometry":{"type":"LineString","coordinates":[[-121.06831,37.217],[-121.06756,37.21698],[-121.05841,37.21692],[-121.05614,37.2169],[-121.05457,37.21689],[-121.0534,37.21689],[-121.04926,37.21687],[-121.04811,37.21685],[-121.04541,37.21684],[-121.04263,37.21682],[-121.04149,37.2168]]}},{"type":"Feature","properties":{"name":"Taglio Road","road_class":"unclassified","surface":"unpaved","source":"OpenStreetMap","source_detail":"osm way 359821834","source_tile":"167/397"},"geometry":{"type":"LineString","coordinates":[[-121.0783,37.21704],[-121.07297,37.21702],[-121.07026,37.21702],[-121.06878,37.217]]}},{"type":"Feature","properties":{"name":"(unnamed public road)","road_class":"track","source":"OpenStreetMap","source_detail":"osm way 495458587","source_tile":"167/397","surface_inferred":true},"geometry":{"type":"LineString","coordinates":[[-121.01195,37.29284],[-121.02978,37.29284]]}},{"type":"Feature","properties":{"name":"(unnamed public road)","road_class":"track","source":"OpenStreetMap","source_detail":"osm way 504137576","source_tile":"167/397","surface_inferred":true},"geometry":{"type":"LineString","coordinates":[[-121.14796,37.42228],[-121.14804,37.42237],[-121.14875,37.42236],[-121.14899,37.42237],[-121.14919,37.42255],[-121.14948,37.42311],[-121.15004,37.42459],[-121.1504,37.42547],[-121.15093,37.4265],[-121.15086,37.42669],[-121.15059,37.42697],[-121.15049,37.42722],[-121.15053,37.42742],[-121.15155,37.4284],[-121.15161,37.42861],[-121.15127,37.42892],[-121.15077,37.42921],[-121.15059,37.4295],[-121.15045,37.42998],[-121.1505,37.43019],[-121.15107,37.43098],[-121.15075,37.43103],[-121.14906,37.4311],[-121.14901,37.43118],[-121.14882,37.4315],[-121.14822,37.4319],[-121.14661,37.43269],[-121.14587,37.43302],[-121.14487,37.43308],[-121.14461,37.43327],[-121.14455,37.43571],[-121.14435,37.43577],[-121.14373,37.43578]]}},{"type":"Feature","properties":{"name":"(unnamed public road)","road_class":"track","source":"OpenStreetMap","source_detail":"osm way 504138512","source_tile":"167/397","surface_inferred":true},"geometry":{"type":"LineString","coordinates":[[-121.10846,37.30131],[-121.10845,37.30153],[-121.10857,37.3022],[-121.10901,37.30321],[-121.10927,37.30377],[-121.10976,37.30438],[-121.11056,37.30525],[-121.11163,37.30604],[-121.1128,37.30691],[-121.11302,37.30707],[-121.11344,37.30721],[-121.114,37.30764],[-121.11445,37.30805],[-121.11506,37.30847],[-121.11556,37.30869],[-121.11591,37.30885],[-121.11654,37.30908],[-121.11736,37.30964],[-121.11761,37.31003],[-121.12015,37.3119]]}},{"type":"Feature","properties":{"name":"Shiells Road","road_class":"unclassified","surface":"unpaved","source":"OpenStreetMap","source_detail":"osm way 504138518","source_tile":"167/397"},"geometry":{"type":"LineString","coordinates":[[-121.1064,37.30432],[-121.10667,37.30421],[-121.10674,37.30366],[-121.10673,37.30267],[-121.10695,37.30195],[-121.10757,37.30154],[-121.10846,37.30131]]}},{"type":"Feature","properties":{"name":"(unnamed public road)","road_class":"track","surface":"dirt","source":"OpenStreetMap","source_detail":"osm way 504138967","source_tile":"167/397"},"geometry":{"type":"LineString","coordinates":[[-121.00388,37.27106],[-121.00378,37.27084],[-121.0035,37.2704],[-121.00208,37.26662],[-121.00188,37.26662]]}},{"type":"Feature","properties":{"name":"(unnamed public road)","road_class":"track","source":"OpenStreetMap","source_detail":"osm way 504138969","source_tile":"167/397","surface_inferred":true},"geometry":{"type":"LineString","coordinates":[[-121.00818,37.26757],[-121.01271,37.26756]]}},{"type":"Feature","properties":{"name":"(unnamed public road)","road_class":"track","source":"OpenStreetMap","source_detail":"osm way 504138970","source_tile":"167/397","surface_inferred":true},"geometry":{"type":"LineString","coordinates":[[-121.00821,37.26934],[-121.01274,37.26932]]}},{"type":"Feature","properties":{"name":"(unnamed public road)","road_class":"track","source":"OpenStreetMap","source_detail":"osm way 504138972","source_tile":"167/397","surface_inferred":true},"geometry":{"type":"LineString","coordinates":[[-121.00825,37.27103],[-121.00838,37.27114],[-121.01278,37.27111]]}},{"type":"Feature","properties":{"name":"(unnamed public road)","road_class":"track","source":"OpenStreetMap","source_detail":"osm way 504138973","source_tile":"167/397","surface_inferred":true},"geometry":{"type":"LineString","coordinates":[[-121.00369,37.26584],[-121.0081,37.2658],[-121.00815,37.26591],[-121.00818,37.26757],[-121.00821,37.26934],[-121.00825,37.27103]]}},{"type":"Feature","properties":{"name":"(unnamed public road)","road_class":"track","source":"OpenStreetMap","source_detail":"osm way 504138974","source_tile":"167/397","surface_inferred":true},"geometry":{"type":"LineString","coordinates":[[-121.00357,37.27106],[-121.00388,37.27106],[-121.00825,37.27103]]}},{"type":"Feature","properties":{"name":"(unnamed public road)","road_class":"track","source":"OpenStreetMap","source_detail":"osm way 504140036","source_tile":"167/397","surface_inferred":true},"geometry":{"type":"LineString","coordinates":[[-121.08052,37.20776],[-121.08054,37.20791],[-121.08061,37.20819],[-121.08071,37.20879],[-121.08078,37.20909],[-121.08098,37.20982],[-121.08093,37.20994],[-121.08115,37.21059],[-121.08196,37.21186],[-121.08295,37.21288]]}},{"type":"Feature","properties":{"name":"(unnamed public road)","road_class":"track","source":"OpenStreetMap","source_detail":"osm way 504140037","source_tile":"167/397","surface_inferred":true},"geometry":{"type":"LineString","coordinates":[[-121.07957,37.20261],[-121.07974,37.20259]]}},{"type":"Feature","properties":{"name":"(unnamed public road)","road_class":"track","source":"OpenStreetMap","source_detail":"osm way 504140038","source_tile":"167/397","surface_inferred":true},"geometry":{"type":"LineString","coordinates":[[-121.07745,37.19738],[-121.07725,37.19727],[-121.07686,37.19685],[-121.0767,37.19679],[-121.0766,37.19689],[-121.07719,37.19821],[-121.07746,37.19872],[-121.07748,37.19889],[-121.07798,37.20065],[-121.07843,37.20125],[-121.07884,37.20168],[-121.07925,37.20236],[-121.07957,37.20261],[-121.07952,37.20291],[-121.07974,37.20329],[-121.08004,37.20517],[-121.08013,37.20534],[-121.08012,37.20561],[-121.08044,37.20723],[-121.08041,37.20736],[-121.08039,37.20754],[-121.08052,37.20776],[-121.08064,37.20762]]}},{"type":"Feature","properties":{"name":"(unnamed public road)","road_class":"track","source":"OpenStreetMap","source_detail":"osm way 504183245","source_tile":"167/397","surface_inferred":true},"geometry":{"type":"LineString","coordinates":[[-121.05554,37.19758],[-121.05548,37.19722],[-121.05535,37.19627],[-121.05525,37.1955],[-121.05529,37.19515]]}},{"type":"Feature","properties":{"name":"(unnamed public road)","road_class":"track","source":"OpenStreetMap","source_detail":"osm way 504183250","source_tile":"167/397","surface_inferred":true},"geometry":{"type":"LineString","coordinates":[[-121.06886,37.20249],[-121.06855,37.20457],[-121.06853,37.20873],[-121.06853,37.21287]]}},{"type":"Feature","properties":{"name":"(unnamed public road)","road_class":"track","source":"OpenStreetMap","source_detail":"osm way 530952629","source_tile":"167/397","surface_inferred":true},"geometry":{"type":"LineString","coordinates":[[-121.06763,37.28946],[-121.07001,37.2895],[-121.07027,37.28951],[-121.07065,37.28953],[-121.07226,37.28953],[-121.07246,37.28953],[-121.07654,37.28957]]}},{"type":"Feature","properties":{"name":"(unnamed public road)","road_class":"track","source":"OpenStreetMap","source_detail":"osm way 601394053","source_tile":"168/397","surface_inferred":true},"geometry":{"type":"LineString","coordinates":[[-120.93764,37.176],[-120.93742,37.17609],[-120.93713,37.17617]]}},{"type":"Feature","properties":{"name":"(unnamed public road)","road_class":"track","source":"OpenStreetMap","source_detail":"osm way 601461528","source_tile":"167/397","surface_inferred":true},"geometry":{"type":"LineString","coordinates":[[-120.93849,37.25871],[-120.93867,37.25898],[-120.93895,37.2593],[-120.93923,37.25951],[-120.93952,37.25967],[-120.93997,37.25983],[-120.94017,37.25985],[-120.9404,37.25984],[-120.94094,37.25973],[-120.94129,37.25968],[-120.94157,37.25966],[-120.94173,37.2597],[-120.94225,37.2599],[-120.94241,37.25994],[-120.9426,37.25996],[-120.94313,37.25996],[-120.94328,37.25994]]}},{"type":"Feature","properties":{"name":"(unnamed public road)","road_class":"track","source":"OpenStreetMap","source_detail":"osm way 601461536","source_tile":"167/397","surface_inferred":true},"geometry":{"type":"LineString","coordinates":[[-120.9617,37.27939],[-120.96133,37.27946],[-120.96093,37.27955],[-120.96073,37.27958],[-120.96063,37.27958],[-120.96059,37.2796]]}},{"type":"Feature","properties":{"name":"(unnamed public road)","road_class":"track","source":"OpenStreetMap","source_detail":"osm way 601461537","source_tile":"167/397","surface_inferred":true},"geometry":{"type":"LineString","coordinates":[[-120.96009,37.2747],[-120.96023,37.2754],[-120.96023,37.27572],[-120.96033,37.27642],[-120.96038,37.27704],[-120.96043,37.27736],[-120.96046,37.27743],[-120.96061,37.27772],[-120.96068,37.27799],[-120.96073,37.27807],[-120.96083,37.27819],[-120.96094,37.27827],[-120.96112,37.27845],[-120.96126,37.27864],[-120.96139,37.27894],[-120.9615,37.27909],[-120.96159,37.27917],[-120.96166,37.27926],[-120.96168,37.27933],[-120.9617,37.27939],[-120.96183,37.27952],[-120.96202,37.27965],[-120.9621,37.27972],[-120.96219,37.27982]]}},{"type":"Feature","properties":{"name":"(unnamed public road)","road_class":"track","source":"OpenStreetMap","source_detail":"osm way 601461540","source_tile":"167/397","surface_inferred":true},"geometry":{"type":"LineString","coordinates":[[-120.96059,37.2796],[-120.9605,37.27949],[-120.96042,37.27942],[-120.96022,37.27933],[-120.95964,37.27902],[-120.95952,37.27892],[-120.95943,37.27882],[-120.9593,37.27857],[-120.95923,37.27845],[-120.95911,37.27833],[-120.9589,37.27815],[-120.95835,37.27778],[-120.9583,37.27772],[-120.95825,37.27763],[-120.95821,37.27684],[-120.95818,37.27479],[-120.9582,37.27474],[-120.95823,37.2747],[-120.95831,37.27467],[-120.96009,37.2747],[-120.96223,37.27467],[-120.96265,37.27467],[-120.96273,37.2747],[-120.9628,37.27474],[-120.96305,37.27517],[-120.96323,37.27538]]}},{"type":"Feature","properties":{"name":"(unnamed public road)","road_class":"track","source":"OpenStreetMap","source_detail":"osm way 601461541","source_tile":"167/397","surface_inferred":true},"geometry":{"type":"LineString","coordinates":[[-120.96393,37.27582],[-120.9636,37.27588],[-120.96354,37.27588],[-120.96349,37.27585],[-120.96323,37.27538]]}},{"type":"Feature","properties":{"name":"(unnamed public road)","road_class":"track","source":"OpenStreetMap","source_detail":"osm way 601461542","source_tile":"167/397","surface_inferred":true},"geometry":{"type":"LineString","coordinates":[[-120.96352,37.27522],[-120.96349,37.27532],[-120.96344,37.27535],[-120.96335,37.27537],[-120.96323,37.27538]]}},{"type":"Feature","properties":{"name":"(unnamed public road)","road_class":"track","source":"OpenStreetMap","source_detail":"osm way 601461547","source_tile":"167/397","surface_inferred":true},"geometry":{"type":"LineString","coordinates":[[-120.94334,37.18306],[-120.94328,37.18315],[-120.94313,37.18328],[-120.94307,37.18332]]}},{"type":"Feature","properties":{"name":"(unnamed public road)","road_class":"track","source":"OpenStreetMap","source_detail":"osm way 601461557","source_tile":"167/397","surface_inferred":true},"geometry":{"type":"LineString","coordinates":[[-120.94242,37.24417],[-120.94248,37.2443],[-120.94257,37.24443],[-120.9427,37.24456],[-120.94291,37.24476],[-120.94305,37.24495],[-120.94308,37.24503],[-120.94308,37.24509],[-120.94305,37.24515],[-120.94271,37.24548],[-120.94249,37.24565],[-120.94226,37.24576],[-120.94196,37.24585],[-120.94136,37.24601],[-120.94103,37.24613],[-120.94078,37.24625],[-120.94057,37.24638],[-120.94025,37.24662],[-120.93995,37.24689],[-120.93979,37.24707],[-120.93973,37.24717],[-120.93969,37.24726],[-120.93968,37.2474],[-120.93968,37.24752],[-120.93974,37.24767],[-120.93981,37.24783],[-120.93998,37.2481],[-120.94013,37.24837],[-120.9402,37.24853],[-120.94024,37.2487],[-120.94024,37.24878],[-120.94022,37.24887],[-120.94016,37.24906],[-120.9398,37.24977],[-120.93973,37.24989],[-120.93966,37.24996],[-120.93958,37.25001],[-120.9395,37.25004],[-120.9393,37.25011],[-120.93924,37.25015],[-120.93922,37.25022],[-120.93924,37.25029],[-120.93927,37.25034],[-120.93932,37.25038],[-120.93938,37.25041],[-120.93947,37.25043],[-120.93954,37.25046],[-120.93959,37.25049],[-120.93977,37.25072],[-120.94007,37.25106],[-120.9401,37.25115],[-120.94012,37.25123],[-120.94012,37.25171],[-120.94012,37.25264],[-120.94008,37.25271],[-120.94003,37.25273],[-120.93994,37.25275],[-120.93984,37.25274]]}},{"type":"Feature","properties":{"name":"(unnamed public road)","road_class":"track","source":"OpenStreetMap","source_detail":"osm way 601461575","source_tile":"167/397","surface_inferred":true},"geometry":{"type":"LineString","coordinates":[[-120.94439,37.24136],[-120.94437,37.24246],[-120.94433,37.24417],[-120.94426,37.24457],[-120.94399,37.24522],[-120.94382,37.24558],[-120.94376,37.24565],[-120.94367,37.24571]]}},{"type":"Feature","properties":{"name":"(unnamed public road)","road_class":"track","source":"OpenStreetMap","source_detail":"osm way 601461576","source_tile":"167/397","surface_inferred":true},"geometry":{"type":"LineString","coordinates":[[-120.94439,37.24136],[-120.94447,37.24149],[-120.94456,37.24155],[-120.94483,37.2417],[-120.94508,37.24179],[-120.94521,37.24185],[-120.94534,37.24194],[-120.9455,37.24201],[-120.94567,37.24202],[-120.94645,37.242],[-120.94872,37.24182]]}},{"type":"Feature","properties":{"name":"(unnamed public road)","road_class":"track","source":"OpenStreetMap","source_detail":"osm way 782907658","source_tile":"167/397","surface_inferred":true},"geometry":{"type":"LineString","coordinates":[[-120.94704,37.1754],[-120.94704,37.17534],[-120.94707,37.17529],[-120.94715,37.17525],[-120.94737,37.17518],[-120.94765,37.1752],[-120.94786,37.1752]]}},{"type":"Feature","properties":{"name":"Shiells Road","road_class":"track","source":"OpenStreetMap","source_detail":"osm way 872193680","source_tile":"167/397","surface_inferred":true},"geometry":{"type":"LineString","coordinates":[[-121.1064,37.30432],[-121.10976,37.30438]]}},{"type":"Feature","properties":{"name":"(unnamed public road)","road_class":"track","source":"OpenStreetMap","source_detail":"osm way 881892169","source_tile":"167/397","surface_inferred":true},"geometry":{"type":"LineString","coordinates":[[-120.98028,37.21685],[-120.98028,37.21682]]}},{"type":"Feature","properties":{"name":"(unnamed public road)","road_class":"track","source":"OpenStreetMap","source_detail":"osm way 881892170","source_tile":"167/397","surface_inferred":true},"geometry":{"type":"LineString","coordinates":[[-120.98028,37.21682],[-120.98027,37.21659]]}},{"type":"Feature","properties":{"name":"(unnamed public road)","road_class":"track","source":"OpenStreetMap","source_detail":"osm way 881892171","source_tile":"167/397","surface_inferred":true},"geometry":{"type":"LineString","coordinates":[[-120.98027,37.21659],[-120.98027,37.21647],[-120.98027,37.21633],[-120.98027,37.21625],[-120.98029,37.21622],[-120.98034,37.21621],[-120.98037,37.21622],[-120.98041,37.21624],[-120.98043,37.21626],[-120.98044,37.2163],[-120.98044,37.21634],[-120.98042,37.21637],[-120.98037,37.21642],[-120.98027,37.21647]]}},{"type":"Feature","properties":{"name":"(unnamed public road)","road_class":"track","source":"OpenStreetMap","source_detail":"osm way 881892172","source_tile":"167/397","surface_inferred":true},"geometry":{"type":"LineString","coordinates":[[-120.97867,37.21684],[-120.97867,37.21705]]}},{"type":"Feature","properties":{"name":"(unnamed public road)","road_class":"track","source":"OpenStreetMap","source_detail":"osm way 881892173","source_tile":"167/397","surface_inferred":true},"geometry":{"type":"LineString","coordinates":[[-120.97915,37.21685],[-120.97908,37.217]]}},{"type":"Feature","properties":{"name":"(unnamed public road)","road_class":"track","source":"OpenStreetMap","source_detail":"osm way 881894974","source_tile":"167/397","surface_inferred":true},"geometry":{"type":"LineString","coordinates":[[-120.97573,37.21683],[-120.97573,37.21655],[-120.97573,37.21642],[-120.97572,37.21635],[-120.97568,37.21629],[-120.97556,37.2162]]}},{"type":"Feature","properties":{"name":"(unnamed public road)","road_class":"track","source":"OpenStreetMap","source_detail":"osm way 894634678","source_tile":"167/397","surface_inferred":true},"geometry":{"type":"LineString","coordinates":[[-121.14901,37.43118],[-121.14905,37.43146],[-121.14906,37.43277],[-121.14902,37.43376],[-121.149,37.43392],[-121.14903,37.43426],[-121.14903,37.43663]]}},{"type":"Feature","properties":{"name":"(unnamed public road)","road_class":"track","source":"OpenStreetMap","source_detail":"osm way 894796908","source_tile":"167/397","surface_inferred":true},"geometry":{"type":"LineString","coordinates":[[-121.04011,37.282],[-121.04015,37.28181],[-121.04015,37.28018],[-121.04015,37.27831]]}},{"type":"Feature","properties":{"name":"(unnamed public road)","road_class":"track","source":"OpenStreetMap","source_detail":"osm way 894804506","source_tile":"167/397","surface_inferred":true},"geometry":{"type":"LineString","coordinates":[[-121.00452,37.38395],[-121.00471,37.384],[-121.005,37.38416],[-121.00573,37.3846],[-121.00636,37.385],[-121.00708,37.38545],[-121.00738,37.38562]]}},{"type":"Feature","properties":{"name":"(unnamed public road)","road_class":"track","source":"OpenStreetMap","source_detail":"osm way 894804812","source_tile":"167/397","surface_inferred":true},"geometry":{"type":"LineString","coordinates":[[-120.99333,37.30373],[-120.99321,37.30398],[-120.99308,37.30425],[-120.99305,37.30431],[-120.99306,37.30437],[-120.99316,37.30443],[-120.99338,37.3045],[-120.99356,37.30459],[-120.99356,37.30465],[-120.99355,37.3047],[-120.99348,37.30476],[-120.99329,37.3048]]}},{"type":"Feature","properties":{"name":"(unnamed public road)","road_class":"track","source":"OpenStreetMap","source_detail":"osm way 894841735","source_tile":"167/397","surface_inferred":true},"geometry":{"type":"LineString","coordinates":[[-121.07246,37.28953],[-121.07224,37.28945],[-121.07216,37.28938],[-121.07207,37.28925],[-121.07206,37.28916],[-121.07209,37.28858],[-121.07205,37.28852],[-121.07195,37.28846],[-121.0717,37.28845],[-121.0712,37.28853],[-121.07085,37.28875]]}},{"type":"Feature","properties":{"name":"(unnamed public road)","road_class":"track","source":"OpenStreetMap","source_detail":"osm way 894841736","source_tile":"167/397","surface_inferred":true},"geometry":{"type":"LineString","coordinates":[[-121.07001,37.2895],[-121.07042,37.28944],[-121.07066,37.28939],[-121.07116,37.28934],[-121.0718,37.2893],[-121.07189,37.28926],[-121.07199,37.28923],[-121.07206,37.28916]]}},{"type":"Feature","properties":{"name":"(unnamed public road)","road_class":"track","source":"OpenStreetMap","source_detail":"osm way 894841737","source_tile":"167/397","surface_inferred":true},"geometry":{"type":"LineString","coordinates":[[-121.07224,37.28945],[-121.0721,37.28938],[-121.07189,37.28926]]}},{"type":"Feature","properties":{"name":"(unnamed public road)","road_class":"track","source":"OpenStreetMap","source_detail":"osm way 894851449","source_tile":"167/397","surface_inferred":true},"geometry":{"type":"LineString","coordinates":[[-121.06746,37.337],[-121.06706,37.33698],[-121.06561,37.33698],[-121.064,37.33696],[-121.06247,37.33695],[-121.06161,37.33687],[-121.06157,37.33686],[-121.06118,37.33684],[-121.06077,37.33682]]}},{"type":"Feature","properties":{"name":"(unnamed public road)","road_class":"track","source":"OpenStreetMap","source_detail":"osm way 894888207","source_tile":"167/397","surface_inferred":true},"geometry":{"type":"LineString","coordinates":[[-121.07783,37.32945],[-121.07786,37.33207],[-121.07789,37.33288],[-121.07793,37.33344]]}},{"type":"Feature","properties":{"name":"(unnamed public road)","road_class":"track","source":"OpenStreetMap","source_detail":"osm way 1037827539","source_tile":"167/397","surface_inferred":true},"geometry":{"type":"LineString","coordinates":[[-121.19031,37.4388],[-121.18953,37.43839],[-121.18803,37.4376],[-121.18685,37.43701],[-121.1861,37.43648],[-121.18592,37.43634],[-121.18547,37.436],[-121.18509,37.43549],[-121.18441,37.43437],[-121.18365,37.43346],[-121.18297,37.43291],[-121.18268,37.43254],[-121.18265,37.43201],[-121.18302,37.43143],[-121.18389,37.43063],[-121.1843,37.43036],[-121.18469,37.43006],[-121.18525,37.42991],[-121.18572,37.4298],[-121.18615,37.42957],[-121.18639,37.42927],[-121.18671,37.42886],[-121.18681,37.42858],[-121.18686,37.42834],[-121.18701,37.42819],[-121.18758,37.42807],[-121.18809,37.42798]]}},{"type":"Feature","properties":{"name":"(unnamed public road)","road_class":"track","source":"OpenStreetMap","source_detail":"osm way 1037832743","source_tile":"167/397","surface_inferred":true},"geometry":{"type":"LineString","coordinates":[[-121.16639,37.41863],[-121.16663,37.41868],[-121.16816,37.4187],[-121.16999,37.41871],[-121.17197,37.41872],[-121.17499,37.41871],[-121.17625,37.41871],[-121.17745,37.41871],[-121.17825,37.41872],[-121.17833,37.41872],[-121.17995,37.41875],[-121.18066,37.41874],[-121.18078,37.41865],[-121.18096,37.41829],[-121.18122,37.4181],[-121.18161,37.4179],[-121.18195,37.4177],[-121.18237,37.41733],[-121.18241,37.41729],[-121.18253,37.41715],[-121.18269,37.41706],[-121.1828,37.41703]]}},{"type":"Feature","properties":{"name":"(unnamed public road)","road_class":"track","source":"OpenStreetMap","source_detail":"osm way 1037832744","source_tile":"167/397","surface_inferred":true},"geometry":{"type":"LineString","coordinates":[[-121.17825,37.41872],[-121.17814,37.41985],[-121.17799,37.42002],[-121.17692,37.42031]]}},{"type":"Feature","properties":{"name":"(unnamed public road)","road_class":"track","source":"OpenStreetMap","source_detail":"osm way 1037832745","source_tile":"167/397","surface_inferred":true},"geometry":{"type":"LineString","coordinates":[[-121.17814,37.41985],[-121.17885,37.42115]]}},{"type":"Feature","properties":{"name":"(unnamed public road)","road_class":"track","source":"OpenStreetMap","source_detail":"osm way 1037832746","source_tile":"167/397","surface_inferred":true},"geometry":{"type":"LineString","coordinates":[[-121.17885,37.42115],[-121.17909,37.42121],[-121.18062,37.42127],[-121.18204,37.42142],[-121.1824,37.4214],[-121.18286,37.42129],[-121.1833,37.42122],[-121.18419,37.42146],[-121.1845,37.42154],[-121.18471,37.42159],[-121.18508,37.42163],[-121.18546,37.4216],[-121.18585,37.42153],[-121.18658,37.42148],[-121.18721,37.42155],[-121.18784,37.42163],[-121.18821,37.42162]]}},{"type":"Feature","properties":{"name":"(unnamed public road)","road_class":"track","source":"OpenStreetMap","source_detail":"osm way 1037832747","source_tile":"167/397","surface_inferred":true},"geometry":{"type":"LineString","coordinates":[[-121.18241,37.41729],[-121.18314,37.41873],[-121.1839,37.42031],[-121.1845,37.42154]]}},{"type":"Feature","properties":{"name":"(unnamed public road)","road_class":"track","source":"OpenStreetMap","source_detail":"osm way 1040329071","source_tile":"167/397","surface_inferred":true},"geometry":{"type":"LineString","coordinates":[[-121.2357,37.16229],[-121.23589,37.16191],[-121.23604,37.16165],[-121.2363,37.16153],[-121.23654,37.16145],[-121.23663,37.16136],[-121.23669,37.16117],[-121.23689,37.16101],[-121.23719,37.16089],[-121.23732,37.16074],[-121.23748,37.16066],[-121.23775,37.16067],[-121.23818,37.16078],[-121.23845,37.16097],[-121.23874,37.16108],[-121.23911,37.16101],[-121.23943,37.16095],[-121.23976,37.16095],[-121.23999,37.16088]]}},{"type":"Feature","properties":{"name":"(unnamed public road)","road_class":"track","source":"OpenStreetMap","source_detail":"osm way 1040329072","source_tile":"167/397","surface_inferred":true},"geometry":{"type":"LineString","coordinates":[[-121.23999,37.16088],[-121.24016,37.16102],[-121.24029,37.16137],[-121.24031,37.16163],[-121.24024,37.16185],[-121.24045,37.16192],[-121.24056,37.16205],[-121.24055,37.16224],[-121.24041,37.16245],[-121.24038,37.16265],[-121.2403,37.16287],[-121.24001,37.16297]]}},{"type":"Feature","properties":{"name":"(unnamed public road)","road_class":"track","source":"OpenStreetMap","source_detail":"osm way 1040329073","source_tile":"167/398","surface_inferred":true},"geometry":{"type":"LineString","coordinates":[[-121.25372,37.16205],[-121.25341,37.16196],[-121.25293,37.16178],[-121.25276,37.16167],[-121.25262,37.16147],[-121.25228,37.16137],[-121.25164,37.16154],[-121.25126,37.1616],[-121.2506,37.16147],[-121.25019,37.16124],[-121.24999,37.16097],[-121.24961,37.16055],[-121.24937,37.16034],[-121.24929,37.16025],[-121.24918,37.16022],[-121.249,37.16026],[-121.24883,37.16024],[-121.24867,37.16019],[-121.24847,37.16006],[-121.24819,37.16],[-121.24787,37.15991],[-121.24771,37.15989],[-121.24759,37.15994],[-121.24754,37.16011],[-121.24757,37.16025],[-121.24747,37.16031],[-121.24716,37.16036],[-121.24705,37.16041],[-121.24696,37.1604],[-121.24685,37.1603],[-121.24656,37.16018],[-121.24635,37.16016],[-121.24613,37.16029],[-121.24589,37.16052],[-121.24576,37.16062],[-121.24547,37.16063],[-121.24533,37.16065],[-121.24524,37.16069],[-121.24517,37.16069],[-121.2451,37.16063],[-121.24503,37.16039],[-121.24493,37.16028],[-121.24488,37.16012],[-121.24448,37.15994],[-121.24427,37.1598],[-121.24384,37.15965],[-121.24373,37.15963],[-121.24349,37.15971],[-121.24307,37.15987],[-121.24288,37.15999],[-121.24274,37.1601],[-121.24267,37.16009],[-121.24238,37.15989],[-121.242,37.15981],[-121.24169,37.15974],[-121.24155,37.15974],[-121.24114,37.15974],[-121.24101,37.15978],[-121.24075,37.16013],[-121.24059,37.16034],[-121.24031,37.16041],[-121.23992,37.16036],[-121.23972,37.1604],[-121.23962,37.16051],[-121.23967,37.1606],[-121.23985,37.16067],[-121.23997,37.16074],[-121.23999,37.16088]]}},{"type":"Feature","properties":{"name":"(unnamed public road)","road_class":"track","source":"OpenStreetMap","source_detail":"osm way 1040329074","source_tile":"167/397","surface_inferred":true},"geometry":{"type":"LineString","coordinates":[[-121.2357,37.16229],[-121.23594,37.16254],[-121.23619,37.16278],[-121.2363,37.16299],[-121.23654,37.1632],[-121.2367,37.16359],[-121.23686,37.16387],[-121.23706,37.16408],[-121.23718,37.16424],[-121.23721,37.16436]]}},{"type":"Feature","properties":{"name":"(unnamed public road)","road_class":"track","source":"OpenStreetMap","source_detail":"osm way 1040329075","source_tile":"167/397","surface_inferred":true},"geometry":{"type":"LineString","coordinates":[[-121.23721,37.16436],[-121.23709,37.16446],[-121.2371,37.16457],[-121.23712,37.16475],[-121.23701,37.16487],[-121.23672,37.16504],[-121.23664,37.16518],[-121.23669,37.16544],[-121.23679,37.16554],[-121.23682,37.16572],[-121.23666,37.16591],[-121.23649,37.16606],[-121.23642,37.16619],[-121.23652,37.16655],[-121.23667,37.16683],[-121.23667,37.1673],[-121.23659,37.16756],[-121.2365,37.16773],[-121.2365,37.16792],[-121.23661,37.16803],[-121.23675,37.16833],[-121.23684,37.1687],[-121.23677,37.16884],[-121.23669,37.16902],[-121.23668,37.16947],[-121.23663,37.16987],[-121.23657,37.16996],[-121.23659,37.17013]]}},{"type":"Feature","properties":{"name":"(unnamed public road)","road_class":"track","surface":"unpaved","source":"OpenStreetMap","source_detail":"osm way 1040329076","source_tile":"167/397"},"geometry":{"type":"LineString","coordinates":[[-121.23659,37.17013],[-121.23666,37.17032],[-121.2365,37.17072],[-121.23642,37.17091],[-121.23648,37.17107],[-121.2366,37.17127],[-121.2366,37.17153],[-121.23647,37.17175],[-121.23647,37.17196],[-121.23649,37.17222],[-121.23639,37.17273],[-121.23645,37.17327],[-121.23643,37.17369],[-121.23647,37.17395],[-121.23663,37.17428],[-121.2368,37.17444],[-121.23699,37.17456],[-121.23712,37.17454]]}},{"type":"Feature","properties":{"name":"(unnamed public road)","road_class":"track","surface":"unpaved","source":"OpenStreetMap","source_detail":"osm way 1040329077","source_tile":"167/397"},"geometry":{"type":"LineString","coordinates":[[-121.23712,37.17454],[-121.23702,37.17463],[-121.23666,37.17464],[-121.23645,37.17449],[-121.23616,37.1743],[-121.23594,37.17399],[-121.23579,37.17369],[-121.23578,37.17321],[-121.23576,37.1729],[-121.23572,37.17251],[-121.23562,37.17229],[-121.23549,37.17222],[-121.23519,37.17221],[-121.23493,37.17216],[-121.23478,37.17199],[-121.2346,37.17168],[-121.23455,37.1714],[-121.23446,37.17113],[-121.23435,37.17102],[-121.23411,37.17101],[-121.2339,37.17111],[-121.23373,37.17118],[-121.23357,37.17115],[-121.23331,37.17097],[-121.2333,37.17091],[-121.23329,37.1708],[-121.23337,37.17069]]}},{"type":"Feature","properties":{"name":"(unnamed public road)","road_class":"track","surface":"unpaved","source":"OpenStreetMap","source_detail":"osm way 1040329080","source_tile":"167/397"},"geometry":{"type":"LineString","coordinates":[[-121.23337,37.17069],[-121.23358,37.17074],[-121.23382,37.17067],[-121.23437,37.1704],[-121.2349,37.17011],[-121.23549,37.16973],[-121.23572,37.16959],[-121.23587,37.16962],[-121.23595,37.16972],[-121.23602,37.16992],[-121.2362,37.17006],[-121.23639,37.17013],[-121.2365,37.17014],[-121.23659,37.17013]]}},{"type":"Feature","properties":{"name":"(unnamed public road)","road_class":"track","source":"OpenStreetMap","source_detail":"osm way 1040329091","source_tile":"167/397","surface_inferred":true},"geometry":{"type":"LineString","coordinates":[[-121.24755,37.17731],[-121.24761,37.17747],[-121.24764,37.17762],[-121.24755,37.17774]]}},{"type":"Feature","properties":{"name":"(unnamed public road)","road_class":"track","source":"OpenStreetMap","source_detail":"osm way 1040329097","source_tile":"167/397","surface_inferred":true},"geometry":{"type":"LineString","coordinates":[[-121.24922,37.18139],[-121.24946,37.1813],[-121.24952,37.18128]]}},{"type":"Feature","properties":{"name":"(unnamed public road)","road_class":"track","source":"OpenStreetMap","source_detail":"osm way 1040410805","source_tile":"167/397","surface_inferred":true},"geometry":{"type":"LineString","coordinates":[[-121.23199,37.17153],[-121.2316,37.17175],[-121.23134,37.17201],[-121.23128,37.17223],[-121.23129,37.17243],[-121.23139,37.17263],[-121.2313,37.17291],[-121.23116,37.17313],[-121.23099,37.17335],[-121.23107,37.17366],[-121.23119,37.17393],[-121.23131,37.17416],[-121.23116,37.17447],[-121.23096,37.17479]]}},{"type":"Feature","properties":{"name":"(unnamed public road)","road_class":"track","source":"OpenStreetMap","source_detail":"osm way 1040410806","source_tile":"167/397","surface_inferred":true},"geometry":{"type":"LineString","coordinates":[[-121.23293,37.17057],[-121.23287,37.17045],[-121.2327,37.17033],[-121.23243,37.17024],[-121.23234,37.17018],[-121.23224,37.1701],[-121.23194,37.17017],[-121.23169,37.17014],[-121.23143,37.17007],[-121.23135,37.16996],[-121.23129,37.16979],[-121.2311,37.16948],[-121.23097,37.16925],[-121.23082,37.16911],[-121.23075,37.16894],[-121.23062,37.16879],[-121.23042,37.16871],[-121.23033,37.16879],[-121.23025,37.16895],[-121.2301,37.169],[-121.22981,37.16895],[-121.22963,37.16885],[-121.22938,37.16858],[-121.22925,37.16832],[-121.22905,37.16819],[-121.22879,37.16812],[-121.22845,37.1678],[-121.22843,37.16769],[-121.22843,37.1675],[-121.22834,37.16734],[-121.22798,37.16713],[-121.22781,37.16703],[-121.22767,37.16707],[-121.2275,37.16737],[-121.22733,37.16751],[-121.22712,37.16746],[-121.22688,37.16728],[-121.22654,37.16722],[-121.22629,37.1671],[-121.22613,37.16705],[-121.22598,37.16713],[-121.22586,37.16727],[-121.22582,37.16751],[-121.22588,37.16768],[-121.22585,37.16786],[-121.22561,37.16794],[-121.22477,37.16795],[-121.22436,37.16804]]}},{"type":"Feature","properties":{"name":"(unnamed public road)","road_class":"track","source":"OpenStreetMap","source_detail":"osm way 1040410807","source_tile":"167/397","surface_inferred":true},"geometry":{"type":"LineString","coordinates":[[-121.22436,37.16804],[-121.2241,37.16803],[-121.22382,37.16793],[-121.22357,37.1678],[-121.2234,37.16768],[-121.22315,37.16774],[-121.22273,37.1678],[-121.22232,37.16771],[-121.22193,37.1677],[-121.22175,37.16757],[-121.22146,37.16744],[-121.2214,37.16725],[-121.22129,37.16695],[-121.22104,37.16674],[-121.22091,37.16651],[-121.22082,37.16629],[-121.2206,37.1662]]}},{"type":"Feature","properties":{"name":"(unnamed public road)","road_class":"track","source":"OpenStreetMap","source_detail":"osm way 1040410808","source_tile":"167/397","surface_inferred":true},"geometry":{"type":"LineString","coordinates":[[-121.2206,37.1662],[-121.22049,37.16604],[-121.22039,37.16595],[-121.22036,37.16572],[-121.22048,37.16556],[-121.22088,37.16521],[-121.22131,37.16477],[-121.22151,37.16464],[-121.2217,37.16459],[-121.22193,37.16468],[-121.22216,37.1647],[-121.22237,37.16464],[-121.22249,37.16451],[-121.22253,37.16422],[-121.22243,37.16401],[-121.22228,37.16391],[-121.22228,37.1638],[-121.22248,37.16367],[-121.2228,37.16359],[-121.22312,37.16363],[-121.2233,37.16369],[-121.22345,37.16365],[-121.22377,37.1636],[-121.22408,37.16343],[-121.22426,37.16332],[-121.22434,37.16323],[-121.22438,37.16307],[-121.22448,37.16295],[-121.22462,37.1629],[-121.22486,37.16288],[-121.22528,37.16276],[-121.2259,37.16265],[-121.22661,37.16255],[-121.22679,37.16259],[-121.22707,37.16273],[-121.22726,37.16276],[-121.22744,37.1627],[-121.22761,37.16255],[-121.22767,37.16228],[-121.22763,37.16205],[-121.22768,37.16185],[-121.22786,37.1616],[-121.22816,37.16151],[-121.22876,37.16146],[-121.22954,37.1615],[-121.22993,37.16162],[-121.2302,37.16174],[-121.23043,37.16176],[-121.23066,37.16169],[-121.23087,37.16171],[-121.23118,37.16183],[-121.23139,37.16187],[-121.23153,37.16187],[-121.23164,37.16195],[-121.23173,37.16205],[-121.23192,37.16212],[-121.23212,37.16209],[-121.23237,37.16201],[-121.23263,37.16203],[-121.23287,37.16212],[-121.23312,37.16205],[-121.23346,37.16202],[-121.23414,37.16202],[-121.2346,37.16198],[-121.23483,37.1619],[-121.23498,37.16192],[-121.23512,37.16216],[-121.23539,37.16227],[-121.2357,37.16229]]}},{"type":"Feature","properties":{"name":"(unnamed public road)","road_class":"track","source":"OpenStreetMap","source_detail":"osm way 1040410809","source_tile":"167/397","surface_inferred":true},"geometry":{"type":"LineString","coordinates":[[-121.2206,37.1662],[-121.22051,37.16663],[-121.22025,37.16714],[-121.22015,37.16737],[-121.22017,37.16787],[-121.22019,37.16843],[-121.22004,37.16881],[-121.21966,37.16893],[-121.21913,37.16919]]}},{"type":"Feature","properties":{"name":"(unnamed public road)","road_class":"track","source":"OpenStreetMap","source_detail":"osm way 1040410810","source_tile":"167/397","surface_inferred":true},"geometry":{"type":"LineString","coordinates":[[-121.21913,37.16919],[-121.21918,37.16944],[-121.2194,37.16969],[-121.21953,37.16985],[-121.21966,37.17005],[-121.22021,37.17018],[-121.22043,37.17026],[-121.22047,37.17041],[-121.2205,37.17076],[-121.22063,37.17094],[-121.22084,37.17114],[-121.22091,37.17136],[-121.22116,37.17167],[-121.22173,37.17209],[-121.22207,37.17227],[-121.22217,37.17247],[-121.22235,37.17273],[-121.2226,37.17293],[-121.22282,37.17294],[-121.22296,37.17299],[-121.22324,37.17337],[-121.2232,37.17352],[-121.22306,37.17388],[-121.2231,37.17408],[-121.22333,37.1742],[-121.22358,37.1743],[-121.22368,37.17437],[-121.22366,37.17482],[-121.22358,37.17535],[-121.22353,37.17555],[-121.22369,37.17587],[-121.22388,37.17597],[-121.22403,37.17603],[-121.22416,37.17602],[-121.22426,37.17609],[-121.22434,37.1763],[-121.22451,37.1765],[-121.22461,37.17665],[-121.2249,37.17674],[-121.22509,37.1768],[-121.22536,37.17704],[-121.22562,37.17741],[-121.22573,37.1776],[-121.22578,37.17788],[-121.22594,37.17832],[-121.22601,37.17855],[-121.22616,37.17869],[-121.22637,37.17888],[-121.22656,37.1792],[-121.22669,37.17942],[-121.22674,37.17971],[-121.22687,37.17994],[-121.22696,37.18034],[-121.22702,37.18076],[-121.22712,37.181],[-121.22727,37.18125],[-121.22737,37.1817],[-121.2275,37.18202],[-121.22754,37.18214],[-121.22748,37.18246],[-121.22753,37.18273],[-121.22761,37.18327],[-121.22767,37.18362],[-121.22771,37.1838]]}},{"type":"Feature","properties":{"name":"(unnamed public road)","road_class":"track","source":"OpenStreetMap","source_detail":"osm way 1040410811","source_tile":"167/397","surface_inferred":true},"geometry":{"type":"LineString","coordinates":[[-121.22771,37.1838],[-121.22777,37.1839],[-121.22783,37.18428],[-121.22791,37.18477],[-121.22798,37.1849],[-121.22826,37.1851],[-121.22843,37.18529],[-121.22866,37.18537],[-121.22877,37.1855],[-121.2288,37.18583],[-121.22888,37.18593],[-121.22908,37.18604],[-121.22915,37.18611],[-121.22917,37.18641],[-121.22931,37.18651],[-121.22946,37.18658],[-121.22962,37.18671],[-121.22984,37.18694],[-121.22998,37.18699],[-121.23011,37.18697],[-121.23026,37.18693],[-121.2306,37.18698],[-121.23085,37.18717],[-121.23097,37.18724],[-121.23125,37.18752],[-121.23142,37.18765],[-121.23163,37.18767],[-121.23224,37.18762],[-121.23266,37.18759],[-121.23293,37.18751],[-121.23313,37.18745],[-121.23332,37.18745],[-121.23345,37.18754],[-121.23349,37.1877],[-121.23371,37.1881],[-121.23374,37.18817]]}},{"type":"Feature","properties":{"name":"(unnamed public road)","road_class":"track","source":"OpenStreetMap","source_detail":"osm way 1040410812","source_tile":"167/397","surface_inferred":true},"geometry":{"type":"LineString","coordinates":[[-121.22771,37.1838],[-121.22758,37.18371],[-121.22724,37.18367],[-121.22704,37.18372],[-121.22683,37.18381],[-121.22671,37.18381],[-121.22664,37.18376],[-121.22667,37.18365],[-121.22679,37.18351],[-121.22692,37.18325],[-121.22693,37.18314],[-121.22688,37.18304],[-121.22654,37.18281],[-121.22648,37.18272],[-121.22635,37.18245],[-121.22615,37.18226],[-121.22602,37.18218],[-121.2259,37.18215],[-121.22583,37.18208],[-121.22585,37.182],[-121.22589,37.18187],[-121.22576,37.18155],[-121.22568,37.18134],[-121.22561,37.18111],[-121.22551,37.18099],[-121.22542,37.18077],[-121.22529,37.18044],[-121.22511,37.18004],[-121.2249,37.17976],[-121.22476,37.17951],[-121.22457,37.17929],[-121.22452,37.17918]]}},{"type":"Feature","properties":{"name":"(unnamed public road)","road_class":"track","source":"OpenStreetMap","source_detail":"osm way 1040410813","source_tile":"167/397","surface_inferred":true},"geometry":{"type":"LineString","coordinates":[[-121.22452,37.17918],[-121.22448,37.17934],[-121.22443,37.1796],[-121.2244,37.17969],[-121.22432,37.1798],[-121.22428,37.17996],[-121.22413,37.18014],[-121.2239,37.18027]]}},{"type":"Feature","properties":{"name":"(unnamed public road)","road_class":"track","source":"OpenStreetMap","source_detail":"osm way 1040410814","source_tile":"167/397","surface_inferred":true},"geometry":{"type":"LineString","coordinates":[[-121.22452,37.17918],[-121.22448,37.17902],[-121.2243,37.17874],[-121.22424,37.17862],[-121.22397,37.1783],[-121.22389,37.17819],[-121.22378,37.17799],[-121.22368,37.17786],[-121.2236,37.1777],[-121.22352,37.17751],[-121.22338,37.17731],[-121.22322,37.17714],[-121.22306,37.17684],[-121.22296,37.17662],[-121.22284,37.17648],[-121.22268,37.1763],[-121.22253,37.17606],[-121.22237,37.17583],[-121.22226,37.1756],[-121.22226,37.17545],[-121.22236,37.17525],[-121.22239,37.17515],[-121.22235,37.17507],[-121.22223,37.17502],[-121.22218,37.17494],[-121.22215,37.17484],[-121.22201,37.1746],[-121.22193,37.17439],[-121.22186,37.17431],[-121.22157,37.17429],[-121.2212,37.17427],[-121.22102,37.17423],[-121.22098,37.17417],[-121.22107,37.17406],[-121.22128,37.1739],[-121.22137,37.1738],[-121.22151,37.17355],[-121.22146,37.17337],[-121.22141,37.17322],[-121.22126,37.17298],[-121.22111,37.17274],[-121.22093,37.17252],[-121.22079,37.17235],[-121.22067,37.17213],[-121.22054,37.17197],[-121.22042,37.17184],[-121.22032,37.17162],[-121.22027,37.17146],[-121.22018,37.1714],[-121.21985,37.17139],[-121.2194,37.17138],[-121.21917,37.17146],[-121.21897,37.17147],[-121.2187,37.17139]]}},{"type":"Feature","properties":{"name":"(unnamed public road)","road_class":"track","source":"OpenStreetMap","source_detail":"osm way 1040410815","source_tile":"167/397","surface_inferred":true},"geometry":{"type":"LineString","coordinates":[[-121.2187,37.17139],[-121.21877,37.17119],[-121.21883,37.17067],[-121.21882,37.17031],[-121.21879,37.17015],[-121.21883,37.16999],[-121.21894,37.16977],[-121.21903,37.16962],[-121.21901,37.1695],[-121.21895,37.16928]]}},{"type":"Feature","properties":{"name":"(unnamed public road)","road_class":"track","source":"OpenStreetMap","source_detail":"osm way 1040410816","source_tile":"167/397","surface_inferred":true},"geometry":{"type":"LineString","coordinates":[[-121.21913,37.16919],[-121.21895,37.16928],[-121.2187,37.16939],[-121.21838,37.16949],[-121.21822,37.16948],[-121.21808,37.16946]]}},{"type":"Feature","properties":{"name":"(unnamed public road)","road_class":"track","source":"OpenStreetMap","source_detail":"osm way 1040410817","source_tile":"167/397","surface_inferred":true},"geometry":{"type":"LineString","coordinates":[[-121.21808,37.16946],[-121.21799,37.1697],[-121.21795,37.16998],[-121.21775,37.17038],[-121.21766,37.17051],[-121.21735,37.17074],[-121.2173,37.17088],[-121.21735,37.17104],[-121.21753,37.17129],[-121.21754,37.17139],[-121.21752,37.17159]]}},{"type":"Feature","properties":{"name":"(unnamed public road)","road_class":"track","source":"OpenStreetMap","source_detail":"osm way 1040410818","source_tile":"167/397","surface_inferred":true},"geometry":{"type":"LineString","coordinates":[[-121.2187,37.17139],[-121.21839,37.17155],[-121.21818,37.17158],[-121.21782,37.17153],[-121.21752,37.17159]]}},{"type":"Feature","properties":{"name":"(unnamed public road)","road_class":"track","source":"OpenStreetMap","source_detail":"osm way 1040410819","source_tile":"167/397","surface_inferred":true},"geometry":{"type":"LineString","coordinates":[[-121.21808,37.16946],[-121.21765,37.16941],[-121.21741,37.16935],[-121.21714,37.16933],[-121.21687,37.16941],[-121.21674,37.16941],[-121.21653,37.16938],[-121.21613,37.16941],[-121.21598,37.16951],[-121.21575,37.16967],[-121.21559,37.16972],[-121.21526,37.16972],[-121.21496,37.16972],[-121.21477,37.16985],[-121.21459,37.16995],[-121.21431,37.16995],[-121.21375,37.16977],[-121.21361,37.16976],[-121.21289,37.16986],[-121.21259,37.16992],[-121.21244,37.16998],[-121.21236,37.17005],[-121.21224,37.17005],[-121.21215,37.16995],[-121.21199,37.16979],[-121.21178,37.16968],[-121.21159,37.16964],[-121.21133,37.16964],[-121.2111,37.1696],[-121.21081,37.16948],[-121.21054,37.16945],[-121.21031,37.16946],[-121.21018,37.16955],[-121.2101,37.16958],[-121.21,37.16958],[-121.2098,37.16951],[-121.20954,37.16946],[-121.20944,37.1694],[-121.20926,37.16933],[-121.20907,37.16932],[-121.20894,37.16934],[-121.20882,37.16932],[-121.20856,37.16923],[-121.20834,37.16915],[-121.20792,37.16914],[-121.20754,37.16915],[-121.2072,37.16919],[-121.20685,37.16935],[-121.20661,37.16938],[-121.20614,37.16941],[-121.2054,37.1695],[-121.20519,37.16955],[-121.20492,37.1698],[-121.20439,37.17028],[-121.20429,37.17039],[-121.20418,37.17039],[-121.20404,37.17034],[-121.20388,37.17036],[-121.20363,37.17041],[-121.2034,37.17038],[-121.20316,37.1704]]}},{"type":"Feature","properties":{"name":"(unnamed public road)","road_class":"track","source":"OpenStreetMap","source_detail":"osm way 1040410820","source_tile":"167/397","surface_inferred":true},"geometry":{"type":"LineString","coordinates":[[-121.20316,37.1704],[-121.20293,37.1704],[-121.20259,37.17061],[-121.20236,37.17063],[-121.202,37.17066],[-121.20176,37.17072],[-121.2014,37.17064],[-121.20117,37.17058],[-121.20082,37.17051],[-121.20043,37.17056],[-121.20025,37.17062],[-121.2001,37.17078],[-121.19989,37.17094],[-121.19969,37.17095],[-121.1994,37.17086],[-121.19907,37.17078],[-121.1989,37.1707],[-121.19875,37.17072],[-121.19855,37.17072],[-121.19807,37.17056],[-121.19764,37.17048],[-121.19721,37.17032],[-121.19687,37.17021],[-121.19672,37.17013],[-121.19642,37.16992],[-121.19615,37.16967],[-121.19597,37.16945],[-121.19591,37.1693],[-121.19577,37.16925],[-121.19552,37.16912],[-121.19523,37.16903],[-121.19501,37.16901],[-121.19466,37.16907],[-121.1945,37.16907],[-121.19417,37.16901],[-121.19375,37.16898],[-121.19324,37.16889],[-121.19301,37.16881],[-121.19268,37.16857],[-121.19252,37.16849],[-121.1923,37.16842],[-121.192,37.16835],[-121.19177,37.16821]]}},{"type":"Feature","properties":{"name":"(unnamed public road)","road_class":"track","source":"OpenStreetMap","source_detail":"osm way 1040410822","source_tile":"167/397","surface_inferred":true},"geometry":{"type":"LineString","coordinates":[[-121.19177,37.16821],[-121.19148,37.16804],[-121.19128,37.16788],[-121.19093,37.16771],[-121.19043,37.16749],[-121.19,37.16737],[-121.18952,37.16726],[-121.18917,37.16716],[-121.18866,37.167],[-121.18804,37.16682],[-121.18779,37.16679],[-121.18768,37.16673],[-121.18745,37.16646],[-121.18683,37.16598],[-121.18657,37.1658],[-121.1863,37.1657],[-121.1861,37.16553],[-121.18599,37.16529],[-121.18584,37.16511],[-121.18566,37.16505]]}},{"type":"Feature","properties":{"name":"(unnamed public road)","road_class":"track","source":"OpenStreetMap","source_detail":"osm way 1040410823","source_tile":"167/397","surface_inferred":true},"geometry":{"type":"LineString","coordinates":[[-121.18566,37.16505],[-121.18556,37.16512],[-121.18552,37.16528],[-121.18568,37.16557],[-121.18581,37.16582],[-121.18611,37.16609],[-121.1862,37.16638],[-121.18645,37.16705],[-121.18662,37.16751],[-121.18664,37.16776],[-121.1867,37.16825],[-121.18678,37.1686],[-121.18679,37.16892],[-121.18691,37.16913],[-121.18706,37.16924],[-121.18714,37.16929],[-121.18706,37.16933],[-121.18619,37.16915],[-121.18595,37.16907],[-121.18558,37.16899],[-121.18525,37.16888],[-121.18498,37.16872],[-121.18486,37.16859],[-121.18481,37.16861],[-121.18487,37.16891],[-121.18497,37.16933],[-121.18499,37.16948],[-121.1849,37.16961],[-121.18448,37.16978],[-121.18414,37.17001],[-121.18377,37.1701],[-121.18327,37.17036],[-121.18293,37.17056],[-121.18246,37.17093],[-121.18158,37.17139],[-121.1817,37.17149],[-121.18182,37.17162],[-121.18201,37.17199],[-121.18222,37.17214],[-121.18255,37.1722],[-121.18295,37.1721],[-121.18316,37.17196],[-121.18332,37.1718],[-121.1834,37.1718],[-121.18345,37.17187],[-121.18344,37.17204],[-121.18338,37.17232],[-121.1833,37.17256]]}},{"type":"Feature","properties":{"name":"(unnamed public road)","road_class":"track","source":"OpenStreetMap","source_detail":"osm way 1040410824","source_tile":"167/398","surface_inferred":true},"geometry":{"type":"LineString","coordinates":[[-121.18566,37.16505],[-121.18543,37.16503],[-121.18532,37.16507],[-121.18519,37.16505],[-121.1845,37.16469],[-121.1843,37.1646],[-121.18383,37.16433],[-121.18322,37.16408],[-121.18262,37.1637],[-121.18225,37.16351],[-121.18184,37.16338],[-121.1815,37.16326],[-121.1809,37.16308],[-121.18062,37.16294],[-121.18042,37.16277],[-121.18029,37.1627],[-121.17997,37.16277],[-121.17968,37.16272],[-121.179,37.16227],[-121.17874,37.16211],[-121.1786,37.16195],[-121.1784,37.16189],[-121.17804,37.16188],[-121.17786,37.16182],[-121.17768,37.16165],[-121.17754,37.16138],[-121.17733,37.16129],[-121.17713,37.16114],[-121.17697,37.16111],[-121.17684,37.16121],[-121.1767,37.16152],[-121.1765,37.16183],[-121.17649,37.16227],[-121.17659,37.16291],[-121.17674,37.16324],[-121.17697,37.16367],[-121.17714,37.16403],[-121.17725,37.16421],[-121.17726,37.16434],[-121.17713,37.1644],[-121.17701,37.16436],[-121.177,37.16406],[-121.17687,37.16384],[-121.1766,37.1636],[-121.1762,37.16332],[-121.17564,37.16306],[-121.17531,37.1628],[-121.17512,37.16255],[-121.17495,37.16219],[-121.17476,37.16196],[-121.17468,37.16175],[-121.17467,37.16132],[-121.17471,37.1609],[-121.17448,37.16057],[-121.1743,37.16031],[-121.17419,37.16008],[-121.17406,37.15999],[-121.17388,37.16002],[-121.17373,37.16016],[-121.1735,37.1606]]}},{"type":"Feature","properties":{"name":"(unnamed public road)","road_class":"track","source":"OpenStreetMap","source_detail":"osm way 1040410825","source_tile":"167/398","surface_inferred":true},"geometry":{"type":"LineString","coordinates":[[-121.1735,37.1606],[-121.17319,37.16092],[-121.173,37.16106],[-121.17294,37.16099],[-121.17295,37.16073],[-121.17308,37.16046],[-121.17309,37.16011],[-121.17295,37.15974],[-121.17294,37.15952],[-121.17294,37.15931],[-121.17285,37.1592],[-121.17262,37.15917],[-121.17245,37.15927],[-121.17226,37.15989],[-121.1722,37.16002],[-121.17212,37.15996],[-121.17199,37.15977],[-121.17183,37.15967],[-121.17121,37.15962],[-121.17075,37.15958],[-121.17051,37.1595],[-121.17033,37.15943],[-121.17013,37.15952],[-121.16981,37.15965],[-121.16964,37.15972]]}},{"type":"Feature","properties":{"name":"(unnamed public road)","road_class":"track","source":"OpenStreetMap","source_detail":"osm way 1040410826","source_tile":"167/398","surface_inferred":true},"geometry":{"type":"LineString","coordinates":[[-121.16964,37.15972],[-121.16986,37.15974],[-121.17017,37.15969],[-121.17039,37.15974],[-121.171,37.16008],[-121.17116,37.16022],[-121.17133,37.16063]]}},{"type":"Feature","properties":{"name":"(unnamed public road)","road_class":"track","source":"OpenStreetMap","source_detail":"osm way 1040410828","source_tile":"167/398","surface_inferred":true},"geometry":{"type":"LineString","coordinates":[[-121.16651,37.15932],[-121.16646,37.15942],[-121.16656,37.15962],[-121.1667,37.16008],[-121.16684,37.16023],[-121.16723,37.16068],[-121.16745,37.16106],[-121.16744,37.16157],[-121.16703,37.16221],[-121.16692,37.16257],[-121.16689,37.16274],[-121.16669,37.1628],[-121.16633,37.16307],[-121.16617,37.16326],[-121.16581,37.16334],[-121.16551,37.16349],[-121.1654,37.16365],[-121.16546,37.16374],[-121.16568,37.16379],[-121.166,37.16382],[-121.16652,37.16407],[-121.16695,37.16444],[-121.16724,37.16475],[-121.16731,37.16506],[-121.16715,37.16551],[-121.16683,37.16579],[-121.16649,37.16583],[-121.16612,37.16598],[-121.16529,37.16677],[-121.16489,37.16714],[-121.16434,37.16739],[-121.16414,37.1674],[-121.16378,37.16736],[-121.16348,37.16746],[-121.16317,37.16748],[-121.1628,37.16768],[-121.16261,37.16787],[-121.16218,37.16862],[-121.16208,37.169],[-121.16201,37.16963],[-121.16208,37.17019],[-121.16203,37.17037],[-121.16177,37.1706]]}},{"type":"Feature","properties":{"name":"(unnamed public road)","road_class":"track","source":"OpenStreetMap","source_detail":"osm way 1040423522","source_tile":"167/398","surface_inferred":true},"geometry":{"type":"LineString","coordinates":[[-121.14994,37.15932],[-121.14989,37.15982],[-121.14984,37.16],[-121.14961,37.16031],[-121.14952,37.16046],[-121.14952,37.16064],[-121.14963,37.16083],[-121.14964,37.16104],[-121.14991,37.16137],[-121.15022,37.16177],[-121.15027,37.16207],[-121.15027,37.16231],[-121.15034,37.16241],[-121.1505,37.16245],[-121.1508,37.16246],[-121.15097,37.16252],[-121.15106,37.16268],[-121.15105,37.16298],[-121.15092,37.16317],[-121.15078,37.16328],[-121.15071,37.16347],[-121.15054,37.16378],[-121.15032,37.16396],[-121.1499,37.16422],[-121.14961,37.16432],[-121.14921,37.16446],[-121.14898,37.1647],[-121.14882,37.16495],[-121.14883,37.16522],[-121.149,37.16542],[-121.14937,37.16555],[-121.14977,37.16564],[-121.15008,37.16569],[-121.15021,37.16582],[-121.15021,37.16602],[-121.1501,37.16628],[-121.14974,37.16653],[-121.14949,37.16662],[-121.14871,37.1668],[-121.1484,37.16691],[-121.14831,37.16698],[-121.14822,37.16735],[-121.14814,37.16756],[-121.14801,37.16765],[-121.14717,37.16794],[-121.14708,37.16811],[-121.14697,37.16834],[-121.14688,37.16843],[-121.14676,37.16853]]}},{"type":"Feature","properties":{"name":"(unnamed public road)","road_class":"track","source":"OpenStreetMap","source_detail":"osm way 1040423523","source_tile":"167/397","surface_inferred":true},"geometry":{"type":"LineString","coordinates":[[-121.14688,37.16843],[-121.14736,37.16839],[-121.14773,37.16847],[-121.14812,37.16847],[-121.14847,37.16842],[-121.14867,37.16842],[-121.14939,37.16863],[-121.15004,37.16882],[-121.15027,37.16894],[-121.15055,37.16919],[-121.15077,37.16944],[-121.15097,37.16952],[-121.15118,37.16946],[-121.15161,37.16919],[-121.15186,37.16907],[-121.15215,37.16898],[-121.1525,37.16897],[-121.15309,37.16899],[-121.15354,37.1691],[-121.15381,37.16924],[-121.15411,37.16957],[-121.15443,37.1698],[-121.15491,37.16997],[-121.15526,37.17022],[-121.15548,37.17051]]}},{"type":"Feature","properties":{"name":"(unnamed public road)","road_class":"track","source":"OpenStreetMap","source_detail":"osm way 1040423524","source_tile":"167/398","surface_inferred":true},"geometry":{"type":"LineString","coordinates":[[-121.14688,37.16843],[-121.14639,37.16849],[-121.14556,37.16876],[-121.14535,37.1688],[-121.14477,37.16877],[-121.14417,37.16884],[-121.1437,37.16888],[-121.1429,37.16881],[-121.14235,37.16883],[-121.14152,37.16884],[-121.14116,37.16891],[-121.1407,37.16908],[-121.14047,37.16914],[-121.13979,37.16917],[-121.13856,37.16927],[-121.13777,37.16932],[-121.13755,37.16925],[-121.13728,37.16909],[-121.13711,37.16893],[-121.13705,37.16885],[-121.13697,37.16875],[-121.13625,37.16808],[-121.1359,37.16756],[-121.13563,37.16726],[-121.13536,37.16715],[-121.13438,37.16688],[-121.13396,37.16679],[-121.13377,37.16666],[-121.13369,37.16637],[-121.13387,37.16603],[-121.13449,37.16554],[-121.13536,37.16481],[-121.13581,37.16439],[-121.13602,37.16397],[-121.13645,37.16294],[-121.13673,37.16248],[-121.13674,37.16229],[-121.1366,37.16208],[-121.13602,37.1617],[-121.13575,37.16146],[-121.13522,37.16086],[-121.13468,37.16018],[-121.13411,37.15964],[-121.13339,37.15905],[-121.13277,37.15855],[-121.13209,37.15798],[-121.13167,37.15749]]}},{"type":"Feature","properties":{"name":"(unnamed public road)","road_class":"track","source":"OpenStreetMap","source_detail":"osm way 1040423526","source_tile":"167/398","surface_inferred":true},"geometry":{"type":"LineString","coordinates":[[-121.10051,37.16138],[-121.10095,37.16089],[-121.1014,37.16073],[-121.10144,37.16072],[-121.10163,37.16057],[-121.10184,37.16012],[-121.10219,37.15956],[-121.10227,37.15873],[-121.10225,37.15802],[-121.10238,37.15775],[-121.10239,37.15756],[-121.1023,37.15722],[-121.10242,37.15706],[-121.10313,37.15653],[-121.10333,37.15643],[-121.10396,37.15632],[-121.10535,37.15599],[-121.10598,37.15596],[-121.10645,37.15582],[-121.10686,37.1555],[-121.10722,37.15507],[-121.10738,37.1545],[-121.10742,37.15383],[-121.10737,37.1534],[-121.10717,37.15292],[-121.10692,37.15215],[-121.1066,37.15158],[-121.10647,37.15124],[-121.10624,37.15039]]}},{"type":"Feature","properties":{"name":"(unnamed public road)","road_class":"track","source":"OpenStreetMap","source_detail":"osm way 1040423527","source_tile":"167/398","surface_inferred":true},"geometry":{"type":"LineString","coordinates":[[-121.10717,37.15292],[-121.1074,37.15315],[-121.10799,37.15364],[-121.10835,37.15404],[-121.10899,37.15481],[-121.10929,37.15517],[-121.10973,37.15564],[-121.11021,37.15603],[-121.11073,37.15649],[-121.11121,37.15704],[-121.11163,37.1575],[-121.11185,37.15769],[-121.11199,37.158],[-121.11211,37.15832],[-121.11261,37.15915],[-121.11296,37.15983],[-121.11314,37.16035],[-121.11335,37.16084],[-121.11369,37.16137],[-121.11401,37.1619],[-121.11415,37.16211],[-121.11448,37.16229],[-121.11486,37.16239],[-121.1151,37.16244]]}},{"type":"Feature","properties":{"name":"(unnamed public road)","road_class":"track","source":"OpenStreetMap","source_detail":"osm way 1040423528","source_tile":"167/397","surface_inferred":true},"geometry":{"type":"LineString","coordinates":[[-121.1151,37.16244],[-121.11508,37.16278],[-121.1148,37.16331],[-121.11447,37.16395],[-121.11424,37.16422],[-121.1138,37.16437],[-121.11303,37.16463],[-121.1127,37.16485],[-121.11261,37.16497],[-121.11219,37.16517],[-121.1118,37.16546],[-121.11167,37.16556]]}},{"type":"Feature","properties":{"name":"(unnamed public road)","road_class":"track","source":"OpenStreetMap","source_detail":"osm way 1040423529","source_tile":"167/397","surface_inferred":true},"geometry":{"type":"LineString","coordinates":[[-121.11261,37.16497],[-121.11281,37.16506],[-121.11343,37.16524],[-121.11387,37.16539]]}},{"type":"Feature","properties":{"name":"(unnamed public road)","road_class":"track","source":"OpenStreetMap","source_detail":"osm way 1040423530","source_tile":"167/397","surface_inferred":true},"geometry":{"type":"LineString","coordinates":[[-121.1014,37.16073],[-121.10162,37.16078],[-121.10229,37.16101],[-121.10317,37.16138],[-121.10429,37.16205],[-121.10497,37.1625],[-121.1055,37.16282],[-121.10629,37.16346],[-121.10739,37.16415],[-121.10843,37.16478],[-121.10956,37.16555],[-121.10989,37.16567],[-121.11008,37.16569],[-121.11167,37.16556]]}},{"type":"Feature","properties":{"name":"(unnamed public road)","road_class":"track","source":"OpenStreetMap","source_detail":"osm way 1040423532","source_tile":"167/397","surface_inferred":true},"geometry":{"type":"LineString","coordinates":[[-121.11167,37.16556],[-121.11387,37.16539],[-121.11465,37.16533],[-121.11568,37.16512],[-121.11653,37.1652],[-121.11756,37.1652],[-121.11806,37.1652],[-121.11846,37.16522],[-121.11874,37.16534],[-121.12017,37.16609],[-121.12145,37.16681],[-121.1223,37.16724],[-121.12303,37.16745],[-121.12358,37.16742],[-121.12406,37.1673],[-121.12511,37.1673],[-121.12611,37.16737],[-121.12805,37.16743],[-121.1292,37.16745],[-121.12986,37.16747],[-121.13033,37.16762]]}},{"type":"Feature","properties":{"name":"(unnamed public road)","road_class":"track","source":"OpenStreetMap","source_detail":"osm way 1040423533","source_tile":"167/398","surface_inferred":true},"geometry":{"type":"LineString","coordinates":[[-121.11756,37.1652],[-121.11779,37.16509],[-121.11793,37.16496],[-121.11814,37.1645],[-121.11823,37.16418],[-121.11814,37.1637],[-121.11797,37.1629],[-121.11795,37.1624],[-121.11798,37.16225],[-121.11796,37.16197],[-121.11804,37.16178],[-121.11826,37.16148],[-121.11855,37.16129],[-121.11931,37.16081],[-121.1197,37.16056],[-121.12014,37.16013],[-121.12047,37.15986],[-121.12085,37.15937],[-121.12098,37.15922],[-121.12127,37.15898],[-121.12142,37.15876],[-121.12148,37.15845],[-121.12164,37.15811],[-121.12176,37.15776],[-121.12197,37.15758],[-121.12224,37.15745],[-121.12238,37.15726],[-121.12253,37.15705],[-121.12274,37.15689],[-121.12284,37.1567],[-121.12305,37.15628],[-121.12333,37.15588],[-121.12372,37.15559],[-121.124,37.15538],[-121.1244,37.15487],[-121.12475,37.15438],[-121.12502,37.15417],[-121.12543,37.15404],[-121.12586,37.15361],[-121.12628,37.15307],[-121.12671,37.15248]]}},{"type":"Feature","properties":{"name":"(unnamed public road)","road_class":"track","source":"OpenStreetMap","source_detail":"osm way 1040423534","source_tile":"167/397","surface_inferred":true},"geometry":{"type":"LineString","coordinates":[[-121.11793,37.16496],[-121.11798,37.16508],[-121.11806,37.1652]]}},{"type":"Feature","properties":{"name":"(unnamed public road)","road_class":"track","source":"OpenStreetMap","source_detail":"osm way 1040423535","source_tile":"167/397","surface_inferred":true},"geometry":{"type":"LineString","coordinates":[[-121.1151,37.16244],[-121.11591,37.16219],[-121.11661,37.16197],[-121.11718,37.16189],[-121.11739,37.16186],[-121.11774,37.16178]]}},{"type":"Feature","properties":{"name":"(unnamed public road)","road_class":"track","source":"OpenStreetMap","source_detail":"osm way 1040435242","source_tile":"167/398","surface_inferred":true},"geometry":{"type":"LineString","coordinates":[[-121.14982,37.15914],[-121.14969,37.15909],[-121.14951,37.15909],[-121.14896,37.15915],[-121.14875,37.15916],[-121.14859,37.15911],[-121.14828,37.1589],[-121.1479,37.1587],[-121.14769,37.15867],[-121.14741,37.15875],[-121.14733,37.15883],[-121.14721,37.15909],[-121.14707,37.1593],[-121.14699,37.1594],[-121.14688,37.15939],[-121.14678,37.1593],[-121.14645,37.15895],[-121.14621,37.15872],[-121.14607,37.15863],[-121.14597,37.15866],[-121.14596,37.15878],[-121.14599,37.15908],[-121.14595,37.1592],[-121.14574,37.1594],[-121.14552,37.15961],[-121.1453,37.16008],[-121.14527,37.16029],[-121.14516,37.16042],[-121.14503,37.16044],[-121.14463,37.16031],[-121.14451,37.16021],[-121.14413,37.15982],[-121.14362,37.15943],[-121.14322,37.15911]]}},{"type":"Feature","properties":{"name":"(unnamed public road)","road_class":"track","source":"OpenStreetMap","source_detail":"osm way 1040435243","source_tile":"167/398","surface_inferred":true},"geometry":{"type":"LineString","coordinates":[[-121.14322,37.15911],[-121.14297,37.15968],[-121.14255,37.16092],[-121.14225,37.1619],[-121.14225,37.16219],[-121.14233,37.1625],[-121.14229,37.16265],[-121.14215,37.16272],[-121.14145,37.16285],[-121.14126,37.16286],[-121.14103,37.16284],[-121.1408,37.16291],[-121.14075,37.16302],[-121.14063,37.16323],[-121.14057,37.16332],[-121.14042,37.16342],[-121.14021,37.16359],[-121.1401,37.16374],[-121.13986,37.16409],[-121.1397,37.16428],[-121.13953,37.16466],[-121.1395,37.16478],[-121.13948,37.16496],[-121.13937,37.1652],[-121.13914,37.16539],[-121.13883,37.16592],[-121.13845,37.16655],[-121.13824,37.16679],[-121.13817,37.16684],[-121.13801,37.16693],[-121.13785,37.1671],[-121.13762,37.16751],[-121.13741,37.16809],[-121.13715,37.16859],[-121.13705,37.16885],[-121.13698,37.16897],[-121.13686,37.16912],[-121.13682,37.16925]]}},{"type":"Feature","properties":{"name":"(unnamed public road)","road_class":"track","source":"OpenStreetMap","source_detail":"osm way 1040435244","source_tile":"167/397","surface_inferred":true},"geometry":{"type":"LineString","coordinates":[[-121.13691,37.16935],[-121.13682,37.16925],[-121.13675,37.16923],[-121.13639,37.16925],[-121.1355,37.16932],[-121.13509,37.16935],[-121.13485,37.16933],[-121.13469,37.16937],[-121.13447,37.16945],[-121.13422,37.16941],[-121.13369,37.16917],[-121.13322,37.16894],[-121.13244,37.16861],[-121.13199,37.16843],[-121.13155,37.16821],[-121.13077,37.16787],[-121.13033,37.16762]]}},{"type":"Feature","properties":{"name":"(unnamed public road)","road_class":"track","source":"OpenStreetMap","source_detail":"osm way 1040435258","source_tile":"167/397","surface_inferred":true},"geometry":{"type":"LineString","coordinates":[[-121.25372,37.16205],[-121.25372,37.16196],[-121.25377,37.16179],[-121.25373,37.1616],[-121.25377,37.16144],[-121.25372,37.16129],[-121.25363,37.16113],[-121.25345,37.16087],[-121.25338,37.16068],[-121.25316,37.16044]]}},{"type":"Feature","properties":{"name":"(unnamed public road)","road_class":"track","source":"OpenStreetMap","source_detail":"osm way 1040435259","source_tile":"167/397","surface_inferred":true},"geometry":{"type":"LineString","coordinates":[[-121.25372,37.16205],[-121.25382,37.16207],[-121.25392,37.16202],[-121.25427,37.16178],[-121.25452,37.16159],[-121.2547,37.16145],[-121.25487,37.16144],[-121.25504,37.16147],[-121.25549,37.162],[-121.2557,37.16224],[-121.25587,37.16267],[-121.256,37.16273],[-121.25623,37.16279],[-121.25644,37.16289],[-121.25658,37.16294]]}},{"type":"Feature","properties":{"name":"(unnamed public road)","road_class":"track","source":"OpenStreetMap","source_detail":"osm way 1040435260","source_tile":"167/397","surface_inferred":true},"geometry":{"type":"LineString","coordinates":[[-121.25372,37.16205],[-121.25366,37.16228],[-121.2538,37.16268],[-121.25402,37.16292],[-121.2543,37.16301],[-121.2544,37.16314],[-121.25469,37.16351],[-121.25492,37.16369],[-121.25504,37.1639],[-121.25517,37.16402],[-121.25538,37.16406],[-121.25547,37.16416],[-121.25546,37.1643],[-121.25559,37.16455],[-121.25576,37.16457],[-121.25588,37.16465],[-121.2561,37.16502],[-121.25627,37.16507],[-121.25646,37.16503],[-121.25662,37.16496],[-121.25679,37.16508],[-121.25695,37.16516],[-121.25714,37.16516],[-121.25731,37.16526],[-121.25747,37.16559],[-121.25764,37.16576],[-121.25803,37.16595],[-121.25818,37.16608],[-121.25824,37.16625],[-121.25846,37.16641],[-121.25872,37.16656],[-121.2588,37.16666],[-121.25897,37.16665],[-121.25917,37.16659],[-121.25954,37.16657],[-121.25963,37.16658]]}},{"type":"Feature","properties":{"name":"(unnamed public road)","road_class":"track","source":"OpenStreetMap","source_detail":"osm way 1040437557","source_tile":"167/397","surface_inferred":true},"geometry":{"type":"LineString","coordinates":[[-121.25389,37.1809],[-121.25371,37.18094],[-121.25349,37.18112],[-121.25339,37.18128],[-121.25338,37.1815],[-121.25339,37.18177],[-121.25337,37.18211],[-121.2527,37.1821],[-121.25215,37.18214],[-121.25171,37.18207],[-121.25135,37.18214],[-121.25102,37.18208],[-121.25031,37.18209],[-121.24965,37.18207],[-121.24893,37.18216],[-121.24855,37.18223],[-121.24851,37.18229],[-121.24858,37.18234],[-121.24878,37.18245],[-121.24898,37.18255],[-121.24925,37.18255],[-121.24954,37.18257],[-121.24986,37.18274],[-121.25019,37.18291],[-121.25077,37.18307],[-121.25118,37.18309],[-121.25146,37.18311],[-121.25174,37.18312],[-121.25211,37.18315],[-121.25231,37.18309],[-121.25262,37.18302],[-121.25292,37.18306],[-121.25323,37.18323],[-121.25338,37.18323],[-121.2535,37.18327],[-121.25395,37.18358],[-121.25407,37.18365],[-121.25424,37.1837],[-121.25439,37.18385],[-121.25451,37.18398],[-121.25476,37.18411],[-121.25504,37.1843],[-121.25548,37.1845],[-121.25575,37.18452],[-121.2562,37.18461],[-121.25633,37.18471],[-121.25651,37.18476],[-121.25669,37.18491],[-121.25693,37.18506],[-121.25726,37.18553],[-121.25736,37.18572],[-121.25741,37.18605],[-121.25745,37.18633],[-121.25762,37.1866],[-121.2581,37.18683],[-121.2585,37.1869],[-121.25889,37.18693],[-121.25912,37.18702],[-121.25961,37.18725],[-121.25998,37.18743],[-121.26005,37.18757],[-121.2602,37.18775],[-121.26041,37.18794],[-121.26046,37.18811],[-121.2604,37.18821],[-121.26021,37.18841],[-121.26019,37.18844]]}},{"type":"Feature","properties":{"name":"(unnamed public road)","road_class":"track","source":"OpenStreetMap","source_detail":"osm way 1040437558","source_tile":"167/397","surface_inferred":true},"geometry":{"type":"LineString","coordinates":[[-121.26019,37.18844],[-121.26007,37.18851],[-121.25982,37.18851],[-121.2595,37.18845],[-121.2592,37.18842],[-121.25885,37.18832],[-121.25864,37.18835],[-121.25836,37.1884],[-121.25801,37.1884],[-121.25765,37.18833],[-121.25729,37.18836],[-121.25702,37.18837],[-121.25688,37.1883],[-121.25661,37.18799],[-121.25637,37.18781],[-121.25608,37.18751],[-121.2558,37.1873],[-121.25557,37.18711],[-121.25542,37.18698],[-121.25525,37.18695],[-121.25507,37.18688],[-121.25475,37.18686],[-121.25433,37.18693],[-121.254,37.18684],[-121.25356,37.18682],[-121.25323,37.18684],[-121.25269,37.18698],[-121.25198,37.18708],[-121.2516,37.18717],[-121.25137,37.18727],[-121.25124,37.18725],[-121.25089,37.18718],[-121.25056,37.18718],[-121.24998,37.18705],[-121.24957,37.18694],[-121.24912,37.18675],[-121.24857,37.1866],[-121.24802,37.18636],[-121.24754,37.1861],[-121.24718,37.18587],[-121.24699,37.18581],[-121.24678,37.18576],[-121.24657,37.18567],[-121.2463,37.18564]]}},{"type":"Feature","properties":{"name":"(unnamed public road)","road_class":"track","source":"OpenStreetMap","source_detail":"osm way 1040437559","source_tile":"167/397","surface_inferred":true},"geometry":{"type":"LineString","coordinates":[[-121.26021,37.18841],[-121.26061,37.18837],[-121.26089,37.18824],[-121.2612,37.18808],[-121.26139,37.188],[-121.26154,37.188],[-121.2623,37.18835],[-121.26272,37.18853],[-121.26286,37.18865],[-121.26309,37.18885],[-121.26337,37.18895],[-121.26367,37.18899],[-121.26387,37.18909],[-121.26414,37.18921],[-121.26483,37.18942],[-121.26536,37.18962],[-121.26575,37.18972],[-121.26613,37.1899],[-121.26637,37.19002],[-121.26654,37.19014],[-121.26667,37.19023]]}},{"type":"Feature","properties":{"name":"(unnamed public road)","road_class":"track","source":"OpenStreetMap","source_detail":"osm way 1040437560","source_tile":"167/397","surface_inferred":true},"geometry":{"type":"LineString","coordinates":[[-121.26667,37.19023],[-121.26644,37.19022],[-121.26616,37.19026],[-121.26572,37.19026],[-121.26528,37.19035],[-121.26485,37.19034],[-121.26475,37.19038],[-121.2647,37.19052],[-121.26485,37.19071],[-121.26502,37.19089],[-121.26505,37.19103],[-121.26493,37.19124],[-121.26467,37.19143],[-121.26425,37.19167],[-121.26405,37.19187],[-121.26388,37.19187],[-121.26353,37.19177],[-121.26342,37.19161],[-121.26334,37.19142],[-121.26305,37.19133],[-121.26274,37.19127],[-121.26243,37.19134],[-121.26228,37.19139],[-121.26207,37.19142],[-121.26193,37.19159],[-121.2616,37.19177],[-121.26141,37.19185],[-121.2611,37.19186],[-121.26088,37.19182],[-121.26072,37.19171],[-121.26059,37.19169],[-121.26039,37.19175],[-121.26011,37.19189],[-121.25997,37.19187],[-121.25982,37.19163],[-121.25975,37.19146],[-121.25969,37.19127],[-121.2596,37.19121],[-121.25924,37.19127],[-121.25903,37.19124],[-121.2589,37.19119],[-121.25877,37.19107],[-121.25869,37.19108],[-121.25853,37.19122],[-121.2582,37.19133],[-121.25786,37.19151],[-121.25752,37.19161],[-121.25708,37.1917],[-121.25683,37.19171],[-121.25664,37.19165],[-121.25628,37.19147],[-121.256,37.1914],[-121.25583,37.19144],[-121.25571,37.19144],[-121.2554,37.19138],[-121.25492,37.19131],[-121.25451,37.19118],[-121.25424,37.19106]]}},{"type":"Feature","properties":{"name":"(unnamed public road)","road_class":"track","source":"OpenStreetMap","source_detail":"osm way 1040437561","source_tile":"167/397","surface_inferred":true},"geometry":{"type":"LineString","coordinates":[[-121.25424,37.19106],[-121.25409,37.19098],[-121.25398,37.19091],[-121.25375,37.1909],[-121.25344,37.19095],[-121.25326,37.19105],[-121.25293,37.19118],[-121.25265,37.19128],[-121.25248,37.19137],[-121.25217,37.19142],[-121.2519,37.19139],[-121.25169,37.19142],[-121.25139,37.1916],[-121.25107,37.19166],[-121.25073,37.19167]]}},{"type":"Feature","properties":{"name":"(unnamed public road)","road_class":"track","source":"OpenStreetMap","source_detail":"osm way 1040437562","source_tile":"167/397","surface_inferred":true},"geometry":{"type":"LineString","coordinates":[[-121.25073,37.19167],[-121.25045,37.19233],[-121.25046,37.19244],[-121.25074,37.19263],[-121.25103,37.1927],[-121.25118,37.19269],[-121.25136,37.19265],[-121.25146,37.19266],[-121.2515,37.19272],[-121.25141,37.19294],[-121.25143,37.19314],[-121.25137,37.1933],[-121.25141,37.19359],[-121.25148,37.19393],[-121.25163,37.19439],[-121.2518,37.19457],[-121.25202,37.19464],[-121.2522,37.1947],[-121.25236,37.19489],[-121.25268,37.19502],[-121.25293,37.19511],[-121.25301,37.19523],[-121.25306,37.1955],[-121.25296,37.19603],[-121.25302,37.19637],[-121.25308,37.19683],[-121.25312,37.19703],[-121.25333,37.19732],[-121.25338,37.19743],[-121.25322,37.19776],[-121.25317,37.19799],[-121.25295,37.19866]]}},{"type":"Feature","properties":{"name":"(unnamed public road)","road_class":"track","source":"OpenStreetMap","source_detail":"osm way 1040437563","source_tile":"167/397","surface_inferred":true},"geometry":{"type":"LineString","coordinates":[[-121.254,37.20207],[-121.25395,37.20195],[-121.25376,37.20184],[-121.25352,37.20187],[-121.25331,37.20182],[-121.2532,37.20173],[-121.25313,37.20147],[-121.25307,37.20135],[-121.25267,37.20093],[-121.25247,37.2008],[-121.25225,37.20076],[-121.25168,37.20075],[-121.25131,37.20064],[-121.25099,37.20048],[-121.25085,37.20034],[-121.25071,37.20028],[-121.25031,37.20019],[-121.25021,37.20013],[-121.25009,37.19991],[-121.24995,37.19964],[-121.24981,37.19956],[-121.24949,37.19958],[-121.24906,37.19964],[-121.24866,37.19952],[-121.24841,37.19949],[-121.24808,37.19952],[-121.24785,37.19951],[-121.24754,37.19943],[-121.2474,37.19939],[-121.24707,37.19931],[-121.24642,37.19913],[-121.2462,37.19902],[-121.24601,37.19884],[-121.24586,37.19866],[-121.24532,37.1984],[-121.24492,37.19829],[-121.2445,37.19817],[-121.24422,37.19795],[-121.24386,37.19778],[-121.24372,37.19762],[-121.24343,37.19743],[-121.2432,37.19725]]}},{"type":"Feature","properties":{"name":"(unnamed public road)","road_class":"track","source":"OpenStreetMap","source_detail":"osm way 1040437564","source_tile":"167/397","surface_inferred":true},"geometry":{"type":"LineString","coordinates":[[-121.2432,37.19725],[-121.24289,37.19692]]}},{"type":"Feature","properties":{"name":"(unnamed public road)","road_class":"track","source":"OpenStreetMap","source_detail":"osm way 1040437565","source_tile":"167/397","surface_inferred":true},"geometry":{"type":"LineString","coordinates":[[-121.254,37.20207],[-121.25405,37.20193],[-121.25439,37.20169],[-121.25466,37.20156],[-121.25481,37.20154],[-121.25526,37.20153],[-121.25548,37.20146],[-121.25575,37.20137],[-121.25613,37.20119],[-121.25649,37.20103],[-121.25681,37.20089],[-121.2573,37.20069],[-121.25748,37.20062],[-121.25764,37.20053],[-121.25767,37.20052],[-121.25786,37.20046],[-121.25816,37.20044],[-121.2586,37.20036],[-121.25896,37.20029],[-121.25913,37.20019],[-121.25923,37.20006],[-121.25935,37.19999],[-121.25947,37.20003],[-121.25941,37.2002],[-121.25931,37.20042],[-121.2593,37.20059],[-121.2593,37.20073],[-121.25941,37.20078],[-121.25972,37.20074],[-121.26004,37.20071],[-121.26025,37.2007],[-121.26054,37.20061],[-121.26101,37.20057],[-121.26156,37.20047],[-121.26194,37.20047],[-121.2622,37.20044],[-121.26239,37.20037],[-121.26264,37.20024],[-121.26285,37.20025],[-121.26318,37.20037],[-121.26338,37.20037],[-121.26373,37.20034],[-121.26405,37.20038],[-121.26421,37.20044],[-121.26438,37.20047],[-121.26464,37.20058],[-121.26482,37.20059],[-121.26505,37.20056],[-121.26541,37.20057],[-121.26562,37.20061],[-121.2658,37.20064],[-121.26637,37.20055],[-121.26664,37.20045],[-121.26722,37.20037],[-121.26762,37.20035],[-121.26797,37.2005],[-121.26813,37.20061],[-121.26821,37.20072],[-121.26835,37.2008],[-121.26847,37.20081],[-121.26866,37.20091]]}},{"type":"Feature","properties":{"name":"(unnamed public road)","road_class":"track","source":"OpenStreetMap","source_detail":"osm way 1040437566","source_tile":"167/397","surface_inferred":true},"geometry":{"type":"LineString","coordinates":[[-121.26847,37.20081],[-121.26865,37.20074],[-121.26892,37.20049]]}},{"type":"Feature","properties":{"name":"(unnamed public road)","road_class":"track","source":"OpenStreetMap","source_detail":"osm way 1040437567","source_tile":"167/397","surface_inferred":true},"geometry":{"type":"LineString","coordinates":[[-121.26865,37.20074],[-121.26866,37.20091],[-121.26879,37.20107],[-121.26901,37.20123],[-121.26922,37.20133]]}},{"type":"Feature","properties":{"name":"(unnamed public road)","road_class":"track","source":"OpenStreetMap","source_detail":"osm way 1040437568","source_tile":"167/397","surface_inferred":true},"geometry":{"type":"LineString","coordinates":[[-121.25764,37.20053],[-121.25752,37.2007],[-121.25742,37.20077],[-121.25731,37.20104],[-121.25708,37.20126],[-121.25711,37.20147],[-121.257,37.20164],[-121.25686,37.20173],[-121.2568,37.2018],[-121.25658,37.202],[-121.25629,37.20204],[-121.2561,37.20209],[-121.25607,37.20219],[-121.25618,37.20241],[-121.25624,37.20255],[-121.25624,37.2027],[-121.25634,37.20293],[-121.25659,37.20319],[-121.257,37.20332],[-121.25712,37.20333],[-121.2574,37.20326],[-121.25754,37.20314],[-121.25755,37.20301],[-121.25743,37.20282],[-121.25725,37.20268],[-121.25709,37.20267]]}},{"type":"Feature","properties":{"name":"(unnamed public road)","road_class":"track","source":"OpenStreetMap","source_detail":"osm way 1040437570","source_tile":"167/397","surface_inferred":true},"geometry":{"type":"LineString","coordinates":[[-121.26922,37.20133],[-121.26935,37.20142],[-121.26942,37.20151],[-121.26941,37.2016],[-121.26924,37.2018],[-121.26899,37.20186],[-121.2688,37.2019],[-121.26846,37.20194],[-121.26803,37.20198],[-121.26742,37.20197],[-121.26693,37.20195],[-121.26676,37.202],[-121.2666,37.20217],[-121.26657,37.20233],[-121.26656,37.20254],[-121.26635,37.2027],[-121.26595,37.20275],[-121.2654,37.2028],[-121.26528,37.20288],[-121.26527,37.20297],[-121.26531,37.20311],[-121.26523,37.20322],[-121.26498,37.20324],[-121.26465,37.20319],[-121.26436,37.20305],[-121.26407,37.20304],[-121.26381,37.203],[-121.26366,37.203],[-121.26359,37.20308],[-121.26358,37.20316],[-121.26347,37.20324],[-121.26339,37.20325],[-121.26328,37.20326]]}},{"type":"Feature","properties":{"name":"(unnamed public road)","road_class":"track","source":"OpenStreetMap","source_detail":"osm way 1040437571","source_tile":"167/397","surface_inferred":true},"geometry":{"type":"LineString","coordinates":[[-121.26383,37.20349],[-121.26362,37.20342],[-121.26346,37.20331],[-121.26339,37.20325]]}},{"type":"Feature","properties":{"name":"(unnamed public road)","road_class":"track","source":"OpenStreetMap","source_detail":"osm way 1040437572","source_tile":"167/397","surface_inferred":true},"geometry":{"type":"LineString","coordinates":[[-121.26328,37.20326],[-121.26302,37.20325],[-121.26285,37.20318],[-121.26268,37.20304],[-121.26254,37.20299],[-121.26241,37.20293],[-121.26223,37.20272],[-121.26215,37.20262],[-121.26215,37.20248],[-121.26206,37.20245],[-121.2619,37.20252],[-121.26175,37.20267],[-121.2616,37.2027],[-121.26138,37.20267],[-121.26117,37.2026],[-121.261,37.20258],[-121.26093,37.20263],[-121.26098,37.20277],[-121.2611,37.20294],[-121.26114,37.20304],[-121.26106,37.20313],[-121.26082,37.20313],[-121.26052,37.20312],[-121.26031,37.20316],[-121.26005,37.20312],[-121.25982,37.20301],[-121.2597,37.20305],[-121.2595,37.20312],[-121.25934,37.20308],[-121.25914,37.20294],[-121.25897,37.20267],[-121.25883,37.20262],[-121.25859,37.20261],[-121.2584,37.20251],[-121.25826,37.20242],[-121.25817,37.20243],[-121.25799,37.20254],[-121.25776,37.20255],[-121.25753,37.20252],[-121.25736,37.20257],[-121.25722,37.20263],[-121.25709,37.20267]]}},{"type":"Feature","properties":{"name":"(unnamed public road)","road_class":"track","source":"OpenStreetMap","source_detail":"osm way 1040437573","source_tile":"167/397","surface_inferred":true},"geometry":{"type":"LineString","coordinates":[[-121.254,37.20207],[-121.25415,37.20213],[-121.25425,37.2022],[-121.25432,37.20234],[-121.25436,37.20251],[-121.25439,37.20261]]}},{"type":"Feature","properties":{"name":"(unnamed public road)","road_class":"track","source":"OpenStreetMap","source_detail":"osm way 1040593624","source_tile":"167/397","surface_inferred":true},"geometry":{"type":"LineString","coordinates":[[-121.26523,37.20322],[-121.26516,37.20336],[-121.2652,37.20354],[-121.26528,37.20367],[-121.26546,37.20375],[-121.26567,37.20372],[-121.26588,37.20359],[-121.26613,37.20335],[-121.2663,37.20322],[-121.26662,37.2031],[-121.26676,37.20308],[-121.26697,37.20313],[-121.26717,37.20313],[-121.26738,37.20303],[-121.26753,37.20302],[-121.26773,37.20309],[-121.26815,37.20306],[-121.26829,37.2031],[-121.26837,37.20323],[-121.26846,37.20354],[-121.2686,37.20365],[-121.26875,37.20368],[-121.26907,37.2036],[-121.26921,37.20361],[-121.26941,37.2037],[-121.26949,37.20371],[-121.26972,37.20359],[-121.2699,37.20357],[-121.27025,37.20357],[-121.27079,37.20347],[-121.27088,37.20344],[-121.27118,37.20313],[-121.27123,37.20303],[-121.27113,37.20293],[-121.27075,37.20269],[-121.27046,37.2026],[-121.27041,37.20253],[-121.27032,37.20212],[-121.27031,37.20198],[-121.27046,37.20184],[-121.27046,37.20173],[-121.2703,37.20154],[-121.27016,37.20129],[-121.27017,37.20113],[-121.27028,37.20111],[-121.2707,37.20113],[-121.27101,37.20114],[-121.27135,37.20106],[-121.27145,37.20097],[-121.27143,37.20086],[-121.2713,37.20082],[-121.27123,37.20062],[-121.27116,37.20042],[-121.27098,37.20031],[-121.27071,37.20013],[-121.27056,37.19993],[-121.27038,37.19978],[-121.27034,37.19962],[-121.2705,37.19949],[-121.27089,37.19937],[-121.27098,37.19934],[-121.27167,37.19915],[-121.27214,37.19901]]}},{"type":"Feature","properties":{"name":"(unnamed public road)","road_class":"track","source":"OpenStreetMap","source_detail":"osm way 1040593626","source_tile":"167/397","surface_inferred":true},"geometry":{"type":"LineString","coordinates":[[-121.27089,37.19937],[-121.27113,37.19947],[-121.27141,37.19944],[-121.27172,37.19948],[-121.27187,37.19961],[-121.27192,37.19981],[-121.27187,37.19988]]}},{"type":"Feature","properties":{"name":"(unnamed public road)","road_class":"track","source":"OpenStreetMap","source_detail":"osm way 1040593627","source_tile":"167/397","surface_inferred":true},"geometry":{"type":"LineString","coordinates":[[-121.2705,37.19949],[-121.27041,37.19938]]}},{"type":"Feature","properties":{"name":"(unnamed public road)","road_class":"track","source":"OpenStreetMap","source_detail":"osm way 1040593628","source_tile":"167/397","surface_inferred":true},"geometry":{"type":"LineString","coordinates":[[-121.27041,37.19938],[-121.26958,37.1997],[-121.26946,37.19978],[-121.26916,37.20025],[-121.26892,37.20049]]}},{"type":"Feature","properties":{"name":"(unnamed public road)","road_class":"track","source":"OpenStreetMap","source_detail":"osm way 1040593629","source_tile":"167/397","surface_inferred":true},"geometry":{"type":"LineString","coordinates":[[-121.27041,37.19938],[-121.27058,37.19921],[-121.27074,37.19896],[-121.27087,37.19876],[-121.27103,37.19863],[-121.2711,37.19847],[-121.27124,37.1984],[-121.27161,37.19845],[-121.27224,37.19842],[-121.2728,37.19837],[-121.27299,37.19835],[-121.27313,37.19827],[-121.27315,37.19793],[-121.27327,37.19746],[-121.27337,37.1973],[-121.27357,37.19723],[-121.27359,37.19711],[-121.27348,37.19674],[-121.27348,37.1965],[-121.27366,37.19628],[-121.27377,37.1962]]}},{"type":"Feature","properties":{"name":"(unnamed public road)","road_class":"track","source":"OpenStreetMap","source_detail":"osm way 1040593630","source_tile":"167/397","surface_inferred":true},"geometry":{"type":"LineString","coordinates":[[-121.27377,37.1962],[-121.27399,37.19633],[-121.27407,37.19642],[-121.27426,37.19664],[-121.27444,37.1969],[-121.27467,37.19699],[-121.275,37.19693],[-121.27534,37.19692],[-121.27558,37.19684],[-121.27569,37.19666],[-121.27595,37.1966],[-121.27635,37.1966],[-121.27659,37.1966],[-121.27691,37.19647],[-121.27744,37.19628],[-121.27793,37.19619],[-121.27849,37.196],[-121.27877,37.19582],[-121.27909,37.19578],[-121.2793,37.19576],[-121.27968,37.1955],[-121.27997,37.19539],[-121.28029,37.19542],[-121.2805,37.19533],[-121.28079,37.19517],[-121.28112,37.19504],[-121.28136,37.19509],[-121.28169,37.19531],[-121.2821,37.19541],[-121.28212,37.19542],[-121.2828,37.19542],[-121.28329,37.19535],[-121.28352,37.19524],[-121.28368,37.19496],[-121.28381,37.19482],[-121.28399,37.19479],[-121.28425,37.19485],[-121.28441,37.19488]]}},{"type":"Feature","properties":{"name":"(unnamed public road)","road_class":"track","source":"OpenStreetMap","source_detail":"osm way 1040593631","source_tile":"167/397","surface_inferred":true},"geometry":{"type":"LineString","coordinates":[[-121.2821,37.19541],[-121.28229,37.19577],[-121.2826,37.19606],[-121.2829,37.19625],[-121.283,37.19627],[-121.28321,37.19631],[-121.28359,37.19636]]}},{"type":"Feature","properties":{"name":"(unnamed public road)","road_class":"track","source":"OpenStreetMap","source_detail":"osm way 1040593632","source_tile":"167/397","surface_inferred":true},"geometry":{"type":"LineString","coordinates":[[-121.283,37.19627],[-121.28316,37.19656],[-121.28326,37.19669],[-121.28326,37.19682],[-121.28321,37.19701],[-121.28329,37.19711],[-121.28367,37.19724]]}},{"type":"Feature","properties":{"name":"(unnamed public road)","road_class":"track","source":"OpenStreetMap","source_detail":"osm way 1040593633","source_tile":"167/397","surface_inferred":true},"geometry":{"type":"LineString","coordinates":[[-121.28441,37.19488],[-121.28458,37.19494],[-121.28473,37.19513],[-121.28475,37.19524],[-121.28484,37.19545],[-121.28477,37.19567],[-121.28457,37.19578],[-121.28454,37.1959],[-121.28469,37.19606],[-121.28469,37.19619],[-121.28467,37.19638],[-121.28474,37.19657],[-121.28514,37.19671],[-121.28545,37.19677],[-121.28564,37.19703],[-121.28586,37.19724],[-121.2859,37.19737]]}},{"type":"Feature","properties":{"name":"(unnamed public road)","road_class":"track","source":"OpenStreetMap","source_detail":"osm way 1040593634","source_tile":"167/397","surface_inferred":true},"geometry":{"type":"LineString","coordinates":[[-121.28638,37.19768],[-121.28622,37.19767],[-121.28612,37.19767],[-121.28578,37.19776],[-121.28544,37.19792],[-121.28515,37.19803],[-121.28437,37.19816],[-121.28367,37.19819],[-121.28323,37.19831],[-121.28293,37.19833],[-121.28271,37.19824]]}},{"type":"Feature","properties":{"name":"(unnamed public road)","road_class":"track","source":"OpenStreetMap","source_detail":"osm way 1040593635","source_tile":"167/397","surface_inferred":true},"geometry":{"type":"LineString","coordinates":[[-121.28544,37.19792],[-121.28534,37.1978],[-121.28537,37.19754],[-121.28527,37.19737],[-121.28497,37.1972],[-121.28436,37.19721],[-121.28367,37.19724]]}},{"type":"Feature","properties":{"name":"(unnamed public road)","road_class":"track","source":"OpenStreetMap","source_detail":"osm way 1040593642","source_tile":"167/397","surface_inferred":true},"geometry":{"type":"LineString","coordinates":[[-121.28861,37.21625],[-121.28827,37.21675]]}},{"type":"Feature","properties":{"name":"(unnamed public road)","road_class":"track","source":"OpenStreetMap","source_detail":"osm way 1040593643","source_tile":"167/397","surface_inferred":true},"geometry":{"type":"LineString","coordinates":[[-121.28827,37.21675],[-121.288,37.21684],[-121.28767,37.21693],[-121.28737,37.2172],[-121.28723,37.21726],[-121.28705,37.21742],[-121.28681,37.21788],[-121.28677,37.21836],[-121.28655,37.21871],[-121.28624,37.21892],[-121.28593,37.21902],[-121.28563,37.21926],[-121.28545,37.21954],[-121.28498,37.21991],[-121.28475,37.22017],[-121.28473,37.22038],[-121.28435,37.22082],[-121.28411,37.22143],[-121.2839,37.22169],[-121.2838,37.22226],[-121.28393,37.22245],[-121.28395,37.22286],[-121.28394,37.22326],[-121.28405,37.22341],[-121.28404,37.22351]]}},{"type":"Feature","properties":{"name":"(unnamed public road)","road_class":"track","source":"OpenStreetMap","source_detail":"osm way 1040593647","source_tile":"167/397","surface_inferred":true},"geometry":{"type":"LineString","coordinates":[[-121.28861,37.21625],[-121.28838,37.21621],[-121.2882,37.21615],[-121.28799,37.21609],[-121.28772,37.21616],[-121.28751,37.21612],[-121.28731,37.216],[-121.28703,37.21576],[-121.28682,37.21568],[-121.28665,37.21559],[-121.28652,37.21541],[-121.2864,37.21513],[-121.28619,37.21506],[-121.28574,37.21491],[-121.28555,37.21482]]}},{"type":"Feature","properties":{"name":"(unnamed public road)","road_class":"track","source":"OpenStreetMap","source_detail":"osm way 1040593648","source_tile":"167/397","surface_inferred":true},"geometry":{"type":"LineString","coordinates":[[-121.28555,37.21482],[-121.2854,37.21491],[-121.28527,37.21512],[-121.28514,37.21548],[-121.28496,37.21575],[-121.28484,37.21583],[-121.28465,37.21585],[-121.28442,37.21578],[-121.28428,37.21548],[-121.28415,37.21515],[-121.28399,37.2149],[-121.28385,37.2147],[-121.28352,37.21457],[-121.28274,37.21438],[-121.28224,37.21429],[-121.282,37.21423],[-121.28194,37.21414],[-121.28191,37.21403],[-121.28177,37.214],[-121.28156,37.21395],[-121.28134,37.21394],[-121.28127,37.21387],[-121.28154,37.21367],[-121.28177,37.21354],[-121.2819,37.21354],[-121.28214,37.21367],[-121.2823,37.21375],[-121.2825,37.21376],[-121.2826,37.21368]]}},{"type":"Feature","properties":{"name":"(unnamed public road)","road_class":"track","source":"OpenStreetMap","source_detail":"osm way 1040593649","source_tile":"167/397","surface_inferred":true},"geometry":{"type":"LineString","coordinates":[[-121.28555,37.21482],[-121.28545,37.21476],[-121.28525,37.21455],[-121.28501,37.21443],[-121.28485,37.21432],[-121.28447,37.21396],[-121.28427,37.21386],[-121.28396,37.21382],[-121.2836,37.21362],[-121.28329,37.21358],[-121.28301,37.21361],[-121.28275,37.21372],[-121.28266,37.21372],[-121.2826,37.21368]]}},{"type":"Feature","properties":{"name":"(unnamed public road)","road_class":"track","source":"OpenStreetMap","source_detail":"osm way 1040593650","source_tile":"167/397","surface_inferred":true},"geometry":{"type":"LineString","coordinates":[[-121.2826,37.21368],[-121.2826,37.2135],[-121.28274,37.21328],[-121.28292,37.21313],[-121.28312,37.21306]]}},{"type":"Feature","properties":{"name":"(unnamed public road)","road_class":"track","source":"OpenStreetMap","source_detail":"osm way 1040593651","source_tile":"167/397","surface_inferred":true},"geometry":{"type":"LineString","coordinates":[[-121.28201,37.21266],[-121.28158,37.21247],[-121.28127,37.21245],[-121.28107,37.2124],[-121.28098,37.21235],[-121.28087,37.2122],[-121.28069,37.21211],[-121.28064,37.21209]]}},{"type":"Feature","properties":{"name":"(unnamed public road)","road_class":"track","source":"OpenStreetMap","source_detail":"osm way 1040593657","source_tile":"167/397","surface_inferred":true},"geometry":{"type":"LineString","coordinates":[[-121.27436,37.21419],[-121.27446,37.21412],[-121.27445,37.21399],[-121.27454,37.21392]]}},{"type":"Feature","properties":{"name":"(unnamed public road)","road_class":"track","source":"OpenStreetMap","source_detail":"osm way 1040593658","source_tile":"167/397","surface_inferred":true},"geometry":{"type":"LineString","coordinates":[[-121.27483,37.21411],[-121.27474,37.21397],[-121.27467,37.21385],[-121.27467,37.21375]]}},{"type":"Feature","properties":{"name":"(unnamed public road)","road_class":"track","source":"OpenStreetMap","source_detail":"osm way 1040593666","source_tile":"167/397","surface_inferred":true},"geometry":{"type":"LineString","coordinates":[[-121.24977,37.22183],[-121.2495,37.22159],[-121.24927,37.22146],[-121.2486,37.22149],[-121.24797,37.22151],[-121.2474,37.22154],[-121.24706,37.22144],[-121.24669,37.22129],[-121.24651,37.2212]]}},{"type":"Feature","properties":{"name":"(unnamed public road)","road_class":"track","source":"OpenStreetMap","source_detail":"osm way 1040593675","source_tile":"167/397","surface_inferred":true},"geometry":{"type":"LineString","coordinates":[[-121.22753,37.21322],[-121.22728,37.21329],[-121.22705,37.21341],[-121.22702,37.21354],[-121.22711,37.21366],[-121.22737,37.21369],[-121.22746,37.21365],[-121.2275,37.2136],[-121.22752,37.21359],[-121.22754,37.21338]]}},{"type":"Feature","properties":{"name":"(unnamed public road)","road_class":"track","source":"OpenStreetMap","source_detail":"osm way 1040593676","source_tile":"167/397","surface_inferred":true},"geometry":{"type":"LineString","coordinates":[[-121.2275,37.2136],[-121.22756,37.21379],[-121.22763,37.21398],[-121.22766,37.21416],[-121.22762,37.21446],[-121.22775,37.21454],[-121.22798,37.21461],[-121.2281,37.21475],[-121.22819,37.21486],[-121.22835,37.21493],[-121.22851,37.21508]]}},{"type":"Feature","properties":{"name":"(unnamed public road)","road_class":"track","source":"OpenStreetMap","source_detail":"osm way 1040605542","source_tile":"167/397","surface_inferred":true},"geometry":{"type":"LineString","coordinates":[[-121.22878,37.21598],[-121.22897,37.21623],[-121.22945,37.21642],[-121.22979,37.21648],[-121.22997,37.21649],[-121.23028,37.2166],[-121.23047,37.21661]]}},{"type":"Feature","properties":{"name":"(unnamed public road)","road_class":"track","surface":"unpaved","source":"OpenStreetMap","source_detail":"osm way 1040605543","source_tile":"167/397"},"geometry":{"type":"LineString","coordinates":[[-121.24742,37.27223],[-121.24732,37.2719],[-121.24686,37.27159],[-121.24618,37.27123],[-121.24578,37.27098],[-121.24571,37.27084],[-121.24562,37.27061],[-121.24542,37.27046],[-121.24509,37.27036],[-121.24443,37.26987],[-121.24423,37.26979],[-121.24375,37.26919],[-121.24368,37.26899],[-121.24362,37.2684],[-121.24348,37.26808],[-121.24303,37.2676],[-121.24281,37.2674],[-121.24265,37.26715],[-121.24247,37.26706],[-121.24226,37.26701],[-121.24191,37.26674],[-121.24158,37.26627],[-121.24141,37.26617],[-121.24129,37.26598],[-121.24116,37.26594],[-121.24099,37.26578],[-121.24099,37.26557],[-121.24088,37.26537],[-121.24088,37.26524],[-121.241,37.2651],[-121.241,37.26497],[-121.24091,37.26482],[-121.24088,37.2645],[-121.2407,37.26429],[-121.24068,37.26375],[-121.24056,37.26338],[-121.2404,37.26311],[-121.24041,37.2629],[-121.24051,37.26265],[-121.2405,37.26252],[-121.24057,37.2624],[-121.24068,37.26204],[-121.24076,37.26179],[-121.24081,37.26159],[-121.24069,37.26143],[-121.24034,37.26111],[-121.24003,37.26065],[-121.23978,37.26044],[-121.23952,37.26003],[-121.23939,37.25983],[-121.23939,37.25971],[-121.23928,37.25962],[-121.23915,37.25954],[-121.23887,37.25948],[-121.23862,37.25924],[-121.23815,37.25879],[-121.23794,37.25842],[-121.23773,37.25807],[-121.23774,37.25773],[-121.23777,37.25734],[-121.23769,37.25721],[-121.23748,37.25702],[-121.23754,37.25671],[-121.23753,37.25649],[-121.2374,37.25634],[-121.23697,37.25603],[-121.23678,37.2558],[-121.23671,37.25555],[-121.23644,37.25542],[-121.23631,37.25534],[-121.2362,37.25523],[-121.23606,37.25518],[-121.23579,37.25501],[-121.23519,37.25466],[-121.23502,37.25456],[-121.23489,37.25438],[-121.23486,37.25405],[-121.23485,37.25366],[-121.2346,37.25341],[-121.2346,37.25329]]}},{"type":"Feature","properties":{"name":"(unnamed public road)","road_class":"track","surface":"unpaved","source":"OpenStreetMap","source_detail":"osm way 1040605544","source_tile":"167/397"},"geometry":{"type":"LineString","coordinates":[[-121.2346,37.25329],[-121.23465,37.25316],[-121.23462,37.25304],[-121.23456,37.25293],[-121.23471,37.25257],[-121.23483,37.25233],[-121.23503,37.25219],[-121.23568,37.25189],[-121.23602,37.25172],[-121.2361,37.25165],[-121.23613,37.25162],[-121.2368,37.25088],[-121.23704,37.2508],[-121.23726,37.25079],[-121.23763,37.25088]]}},{"type":"Feature","properties":{"name":"(unnamed public road)","road_class":"track","source":"OpenStreetMap","source_detail":"osm way 1040605545","source_tile":"167/397","surface_inferred":true},"geometry":{"type":"LineString","coordinates":[[-121.23047,37.21661],[-121.23064,37.21688],[-121.23084,37.21704],[-121.23116,37.21727],[-121.23128,37.21751],[-121.23123,37.21768],[-121.23105,37.21794],[-121.2308,37.218],[-121.23066,37.21812],[-121.23071,37.21834],[-121.23079,37.21851],[-121.23056,37.21886],[-121.23012,37.2194],[-121.23002,37.21964],[-121.2301,37.22028],[-121.23022,37.22064],[-121.23021,37.22097],[-121.22975,37.22143],[-121.22934,37.22174],[-121.22922,37.222],[-121.2291,37.22206],[-121.22884,37.22243],[-121.22871,37.22248],[-121.22856,37.22289],[-121.2285,37.22334],[-121.22807,37.22362],[-121.22752,37.22375],[-121.22748,37.22386],[-121.22699,37.22433],[-121.22687,37.2245],[-121.22682,37.22466],[-121.22636,37.22517],[-121.22612,37.2254],[-121.22587,37.22594],[-121.22604,37.22631],[-121.22623,37.22659],[-121.22624,37.22678],[-121.22613,37.22729],[-121.22625,37.22776],[-121.22634,37.22804],[-121.22649,37.22828],[-121.22654,37.22853]]}},{"type":"Feature","properties":{"name":"(unnamed public road)","road_class":"track","source":"OpenStreetMap","source_detail":"osm way 1040605546","source_tile":"167/397","surface_inferred":true},"geometry":{"type":"LineString","coordinates":[[-121.22654,37.22853],[-121.22674,37.22876],[-121.22707,37.22895],[-121.22748,37.22911],[-121.22764,37.22923],[-121.22771,37.22952],[-121.22775,37.23001],[-121.22796,37.23025],[-121.22822,37.23042],[-121.2285,37.23054],[-121.2286,37.23071],[-121.2286,37.2309],[-121.22859,37.23109],[-121.22875,37.23136],[-121.22893,37.23152],[-121.22905,37.23172],[-121.22939,37.23202],[-121.22962,37.23223],[-121.22989,37.23239],[-121.23,37.23259],[-121.23014,37.23279],[-121.23037,37.23338],[-121.23053,37.23349],[-121.23065,37.23366],[-121.23067,37.23397],[-121.23077,37.23438],[-121.23083,37.23459],[-121.23074,37.23504],[-121.23081,37.23556],[-121.23075,37.23584],[-121.23071,37.23622],[-121.23053,37.23638],[-121.23028,37.23658],[-121.23,37.23685],[-121.22981,37.23693],[-121.22965,37.23712]]}},{"type":"Feature","properties":{"name":"(unnamed public road)","road_class":"track","source":"OpenStreetMap","source_detail":"osm way 1040605547","source_tile":"167/397","surface_inferred":true},"geometry":{"type":"LineString","coordinates":[[-121.22965,37.23712],[-121.22931,37.23719],[-121.22848,37.23741],[-121.22817,37.2375],[-121.22758,37.23779],[-121.22724,37.23802],[-121.22688,37.23813],[-121.22662,37.23816],[-121.22581,37.23871],[-121.22548,37.239],[-121.22537,37.23924]]}},{"type":"Feature","properties":{"name":"(unnamed public road)","road_class":"track","source":"OpenStreetMap","source_detail":"osm way 1040605548","source_tile":"167/397","surface_inferred":true},"geometry":{"type":"LineString","coordinates":[[-121.19916,37.23372],[-121.19991,37.23355],[-121.20116,37.23314],[-121.2016,37.23301],[-121.20191,37.23303],[-121.20205,37.23298],[-121.20242,37.23266],[-121.20261,37.23246],[-121.20313,37.23219],[-121.20354,37.23215],[-121.20383,37.23232],[-121.20406,37.23244],[-121.20452,37.23254],[-121.20472,37.23264],[-121.20515,37.2327],[-121.20593,37.23296],[-121.2063,37.23301],[-121.2068,37.23305],[-121.20714,37.23303],[-121.20745,37.23314],[-121.20766,37.2334],[-121.208,37.23372],[-121.20895,37.23408],[-121.20987,37.23444],[-121.21007,37.23443],[-121.21071,37.23441],[-121.21082,37.23434],[-121.21081,37.23418],[-121.2106,37.23357],[-121.21048,37.23343],[-121.21054,37.23336],[-121.21078,37.23339],[-121.21121,37.23351],[-121.21137,37.23371],[-121.21168,37.23411],[-121.21234,37.23441],[-121.21292,37.2345],[-121.21331,37.23455],[-121.21369,37.23472],[-121.21425,37.23493],[-121.21448,37.23507],[-121.21457,37.23508],[-121.21477,37.23497],[-121.21494,37.23497]]}},{"type":"Feature","properties":{"name":"(unnamed public road)","road_class":"track","source":"OpenStreetMap","source_detail":"osm way 1040605549","source_tile":"167/397","surface_inferred":true},"geometry":{"type":"LineString","coordinates":[[-121.21494,37.23497],[-121.21506,37.23508],[-121.21519,37.23521],[-121.21547,37.23536],[-121.21581,37.23556],[-121.21606,37.23565],[-121.21654,37.23588],[-121.21694,37.23589],[-121.21736,37.23586],[-121.21764,37.2359],[-121.21772,37.23599],[-121.2176,37.23602],[-121.21719,37.23614],[-121.21712,37.23624],[-121.21719,37.23634],[-121.21768,37.23661],[-121.21788,37.23667],[-121.21817,37.23663],[-121.21847,37.23649],[-121.21862,37.23635],[-121.21887,37.23626],[-121.21942,37.23638],[-121.21953,37.23651],[-121.21963,37.2365],[-121.21976,37.23641],[-121.22011,37.23638],[-121.22037,37.23634],[-121.22054,37.23637],[-121.2207,37.23628],[-121.22089,37.23625],[-121.22103,37.23603],[-121.22103,37.23588],[-121.22093,37.23566],[-121.22099,37.23556],[-121.22127,37.23553],[-121.22178,37.23569],[-121.22247,37.2361],[-121.2226,37.23614]]}},{"type":"Feature","properties":{"name":"(unnamed public road)","road_class":"track","source":"OpenStreetMap","source_detail":"osm way 1040605550","source_tile":"167/397","surface_inferred":true},"geometry":{"type":"LineString","coordinates":[[-121.2226,37.23614],[-121.22288,37.2365],[-121.22287,37.23664],[-121.22275,37.23694],[-121.22276,37.2372],[-121.2227,37.23732],[-121.22258,37.23742],[-121.22255,37.23754],[-121.22262,37.23768],[-121.22287,37.23786],[-121.22349,37.23814]]}},{"type":"Feature","properties":{"name":"(unnamed public road)","road_class":"track","source":"OpenStreetMap","source_detail":"osm way 1040605551","source_tile":"167/397","surface_inferred":true},"geometry":{"type":"LineString","coordinates":[[-121.22349,37.23814],[-121.22537,37.23924]]}},{"type":"Feature","properties":{"name":"(unnamed public road)","road_class":"track","source":"OpenStreetMap","source_detail":"osm way 1040605552","source_tile":"167/397","surface_inferred":true},"geometry":{"type":"LineString","coordinates":[[-121.22537,37.23924],[-121.22539,37.23936],[-121.22532,37.23967],[-121.22535,37.23987],[-121.22563,37.24021],[-121.2258,37.24035],[-121.22593,37.24042],[-121.2261,37.24071],[-121.22628,37.24107],[-121.22643,37.24153],[-121.22703,37.24225],[-121.22718,37.24248],[-121.22726,37.24279],[-121.22734,37.24301],[-121.22762,37.24334],[-121.228,37.24389],[-121.22817,37.24385],[-121.22858,37.24385],[-121.22893,37.24412],[-121.22923,37.24432],[-121.22957,37.24466],[-121.22983,37.245],[-121.23013,37.24551],[-121.23049,37.24583],[-121.23108,37.24626],[-121.23151,37.24644],[-121.23214,37.24659],[-121.23228,37.2467],[-121.23258,37.24701],[-121.23279,37.24741],[-121.23283,37.24783],[-121.2329,37.24799],[-121.23316,37.24821],[-121.2334,37.24839],[-121.23377,37.24842],[-121.23411,37.24846],[-121.23441,37.24864],[-121.23488,37.24898],[-121.23501,37.24908],[-121.23576,37.2493],[-121.23596,37.24948],[-121.23603,37.24973],[-121.2359,37.2501],[-121.23592,37.25034],[-121.23607,37.25046],[-121.23635,37.25056],[-121.23642,37.25072],[-121.23626,37.25134],[-121.23612,37.25153],[-121.236,37.25163]]}},{"type":"Feature","properties":{"name":"(unnamed public road)","road_class":"track","source":"OpenStreetMap","source_detail":"osm way 1040605553","source_tile":"167/397","surface_inferred":true},"geometry":{"type":"LineString","coordinates":[[-121.236,37.25163],[-121.2354,37.25188],[-121.23449,37.25243],[-121.23395,37.25275],[-121.23383,37.25291],[-121.23368,37.2531],[-121.2331,37.25329],[-121.23264,37.25341],[-121.23183,37.25341],[-121.23113,37.25341],[-121.2304,37.25335],[-121.22965,37.25318],[-121.22872,37.25301],[-121.22804,37.25276],[-121.22767,37.2526],[-121.22737,37.25226],[-121.22723,37.25195],[-121.22714,37.2518],[-121.22728,37.25135],[-121.22716,37.25116],[-121.22696,37.25113],[-121.22608,37.25141],[-121.22594,37.2516],[-121.22574,37.25177],[-121.22531,37.25174],[-121.22508,37.25134],[-121.22502,37.25105],[-121.22504,37.25077],[-121.22493,37.25065],[-121.22476,37.25053],[-121.22457,37.25041],[-121.22413,37.2504],[-121.22353,37.25056],[-121.22313,37.25055],[-121.22261,37.25032]]}},{"type":"Feature","properties":{"name":"(unnamed public road)","road_class":"track","source":"OpenStreetMap","source_detail":"osm way 1040605554","source_tile":"167/397","surface_inferred":true},"geometry":{"type":"LineString","coordinates":[[-121.22261,37.25032],[-121.22195,37.24983],[-121.22169,37.24955],[-121.22131,37.24925],[-121.22096,37.24897],[-121.22086,37.24879],[-121.22077,37.24849],[-121.22041,37.24811],[-121.22001,37.24777],[-121.21966,37.24756],[-121.21949,37.24754],[-121.2194,37.24768],[-121.21942,37.2478],[-121.21922,37.24792],[-121.21849,37.24807]]}},{"type":"Feature","properties":{"name":"(unnamed public road)","road_class":"track","source":"OpenStreetMap","source_detail":"osm way 1040605559","source_tile":"167/397","surface_inferred":true},"geometry":{"type":"LineString","coordinates":[[-121.21849,37.24807],[-121.21837,37.248],[-121.21819,37.24781],[-121.21795,37.24766],[-121.21788,37.24752],[-121.21774,37.24738],[-121.21716,37.24738],[-121.21677,37.24725],[-121.21635,37.24723],[-121.21627,37.24715],[-121.21614,37.24694],[-121.2154,37.24642],[-121.21505,37.24622],[-121.21472,37.24618],[-121.21454,37.24608],[-121.21435,37.24593],[-121.21398,37.24565],[-121.21371,37.24556],[-121.21359,37.24548],[-121.2135,37.24538],[-121.21336,37.2453],[-121.2132,37.24509],[-121.21291,37.24497],[-121.21247,37.24443],[-121.21214,37.244],[-121.21201,37.24392],[-121.21177,37.24393],[-121.21137,37.244],[-121.21121,37.24408],[-121.21112,37.24416],[-121.21085,37.24418],[-121.21035,37.2443],[-121.21003,37.24439]]}},{"type":"Feature","properties":{"name":"(unnamed public road)","road_class":"track","source":"OpenStreetMap","source_detail":"osm way 1040605560","source_tile":"167/397","surface_inferred":true},"geometry":{"type":"LineString","coordinates":[[-121.20707,37.24526],[-121.2074,37.24514],[-121.20795,37.24506],[-121.2083,37.24502],[-121.20851,37.24488],[-121.20868,37.24484],[-121.20894,37.24473],[-121.20925,37.24461],[-121.20961,37.24454],[-121.21003,37.24439]]}},{"type":"Feature","properties":{"name":"(unnamed public road)","road_class":"track","source":"OpenStreetMap","source_detail":"osm way 1040605561","source_tile":"167/397","surface_inferred":true},"geometry":{"type":"LineString","coordinates":[[-121.20707,37.24526],[-121.2067,37.24522],[-121.20608,37.24535],[-121.20582,37.24534],[-121.20555,37.24527],[-121.20526,37.24514],[-121.20476,37.24501],[-121.20424,37.24505],[-121.20383,37.245],[-121.20339,37.24475],[-121.20307,37.24469],[-121.2026,37.24467],[-121.20194,37.24477],[-121.20107,37.24495],[-121.20059,37.24508],[-121.19985,37.24541],[-121.1995,37.24552],[-121.19911,37.24554],[-121.19874,37.24551]]}},{"type":"Feature","properties":{"name":"(unnamed public road)","road_class":"track","source":"OpenStreetMap","source_detail":"osm way 1040605562","source_tile":"167/397","surface_inferred":true},"geometry":{"type":"LineString","coordinates":[[-121.23763,37.25088],[-121.23786,37.25086],[-121.23818,37.25053],[-121.23842,37.25032],[-121.23868,37.2502],[-121.23893,37.25015],[-121.2394,37.24995],[-121.23977,37.24991],[-121.24013,37.24996],[-121.24053,37.25021],[-121.24065,37.25033],[-121.24081,37.25032],[-121.24111,37.25045],[-121.24151,37.25055],[-121.242,37.25045],[-121.24251,37.25034],[-121.24279,37.25031],[-121.24314,37.2503],[-121.24382,37.25027],[-121.24424,37.25029],[-121.24439,37.25049],[-121.2446,37.25056],[-121.24483,37.25078],[-121.24503,37.25087],[-121.24578,37.25083],[-121.24646,37.25075],[-121.24686,37.25088],[-121.24727,37.25112],[-121.24749,37.25132],[-121.24763,37.25143],[-121.24798,37.25137],[-121.24833,37.25132],[-121.24859,37.25123]]}},{"type":"Feature","properties":{"name":"(unnamed public road)","road_class":"track","source":"OpenStreetMap","source_detail":"osm way 1040605563","source_tile":"167/397","surface_inferred":true},"geometry":{"type":"LineString","coordinates":[[-121.24859,37.25123],[-121.2483,37.25121],[-121.2479,37.25112],[-121.24766,37.25093],[-121.24752,37.25075],[-121.24688,37.2504],[-121.24673,37.25024],[-121.24612,37.2501],[-121.24601,37.25006],[-121.24602,37.24985],[-121.24653,37.24924],[-121.24723,37.249],[-121.24766,37.24856],[-121.24794,37.24839],[-121.24878,37.24815],[-121.24957,37.24785],[-121.24972,37.2477],[-121.24991,37.24722],[-121.25016,37.24664],[-121.25022,37.24641],[-121.25027,37.24622],[-121.25063,37.24598],[-121.25114,37.24554],[-121.25122,37.24545],[-121.25157,37.24521],[-121.25166,37.2451],[-121.2519,37.24446],[-121.25184,37.24425],[-121.25162,37.24406],[-121.2513,37.24397],[-121.25093,37.24389],[-121.2505,37.24364],[-121.25028,37.2435],[-121.25012,37.24339],[-121.24996,37.24339]]}},{"type":"Feature","properties":{"name":"(unnamed public road)","road_class":"track","source":"OpenStreetMap","source_detail":"osm way 1040605564","source_tile":"167/397","surface_inferred":true},"geometry":{"type":"LineString","coordinates":[[-121.24996,37.24339],[-121.24987,37.24325],[-121.24985,37.24313],[-121.24987,37.24298],[-121.2498,37.24285],[-121.2495,37.24273],[-121.24951,37.24253],[-121.24946,37.24245],[-121.24948,37.24226],[-121.24934,37.24202],[-121.24923,37.24168],[-121.24907,37.24169],[-121.2488,37.2418],[-121.24856,37.24195],[-121.2484,37.24192],[-121.24822,37.24172],[-121.24808,37.2416],[-121.24761,37.24131],[-121.24751,37.24122],[-121.24745,37.24106],[-121.24726,37.24105],[-121.24691,37.24096],[-121.24632,37.24088],[-121.24612,37.24077],[-121.24593,37.24079],[-121.2457,37.24088],[-121.24562,37.2407],[-121.2457,37.2405],[-121.24569,37.24023],[-121.24561,37.23999],[-121.24517,37.23981],[-121.24499,37.2398],[-121.24473,37.23983],[-121.24464,37.23979],[-121.24477,37.23955],[-121.24477,37.23936],[-121.24474,37.23913],[-121.24477,37.23903],[-121.24467,37.23864],[-121.24435,37.2382],[-121.24403,37.23801],[-121.24381,37.23768]]}},{"type":"Feature","properties":{"name":"(unnamed public road)","road_class":"track","source":"OpenStreetMap","source_detail":"osm way 1040605565","source_tile":"167/397","surface_inferred":true},"geometry":{"type":"LineString","coordinates":[[-121.24859,37.25123],[-121.24894,37.2511],[-121.24916,37.25097],[-121.24938,37.25082],[-121.2496,37.25083],[-121.24982,37.25079],[-121.25006,37.25062],[-121.25037,37.25044],[-121.25082,37.25024],[-121.25101,37.25017],[-121.25139,37.25014],[-121.25219,37.24995],[-121.25245,37.24985],[-121.25298,37.2498],[-121.2534,37.24977],[-121.25411,37.24989],[-121.25455,37.24981],[-121.25495,37.24957],[-121.25534,37.24922],[-121.25594,37.24919],[-121.25629,37.2492],[-121.25666,37.24936],[-121.25709,37.24942],[-121.25743,37.24954],[-121.25778,37.24975],[-121.25805,37.24996]]}},{"type":"Feature","properties":{"name":"(unnamed public road)","road_class":"track","source":"OpenStreetMap","source_detail":"osm way 1040605566","source_tile":"167/397","surface_inferred":true},"geometry":{"type":"LineString","coordinates":[[-121.25805,37.24996],[-121.25811,37.24968],[-121.25825,37.24923],[-121.25842,37.24896],[-121.25899,37.24845],[-121.25969,37.24791],[-121.25976,37.24781],[-121.2598,37.2471],[-121.25981,37.24671],[-121.2597,37.24624],[-121.25962,37.24589],[-121.25958,37.24542],[-121.25975,37.24512],[-121.25991,37.24476],[-121.26004,37.2443],[-121.26007,37.24393],[-121.25988,37.2435],[-121.2597,37.24312],[-121.25946,37.24292],[-121.25886,37.24266]]}},{"type":"Feature","properties":{"name":"(unnamed public road)","road_class":"track","source":"OpenStreetMap","source_detail":"osm way 1040605567","source_tile":"167/397","surface_inferred":true},"geometry":{"type":"LineString","coordinates":[[-121.2597,37.24312],[-121.25985,37.24302],[-121.25994,37.24293]]}},{"type":"Feature","properties":{"name":"(unnamed public road)","road_class":"track","source":"OpenStreetMap","source_detail":"osm way 1040605568","source_tile":"167/397","surface_inferred":true},"geometry":{"type":"LineString","coordinates":[[-121.25886,37.24266],[-121.2587,37.24252],[-121.25846,37.24228],[-121.25821,37.24212],[-121.25797,37.24188],[-121.25781,37.2416],[-121.25763,37.24155],[-121.25748,37.24147],[-121.25724,37.24125],[-121.257,37.241],[-121.2568,37.24073],[-121.25665,37.2406],[-121.25637,37.24049],[-121.25612,37.24029],[-121.25592,37.23991],[-121.25572,37.23961],[-121.25553,37.23952],[-121.25527,37.23942],[-121.25515,37.23922],[-121.25495,37.23877],[-121.25491,37.23858],[-121.25497,37.23832],[-121.25513,37.23788],[-121.25512,37.23767],[-121.25495,37.23748],[-121.25454,37.23716],[-121.25438,37.23695],[-121.25424,37.23664],[-121.25392,37.23628],[-121.2537,37.236],[-121.25354,37.23595],[-121.25302,37.23598],[-121.25286,37.23597],[-121.2526,37.23582],[-121.25219,37.23553],[-121.25165,37.23536],[-121.25124,37.23513],[-121.25059,37.23471],[-121.25035,37.23442],[-121.25023,37.23414],[-121.25011,37.23387],[-121.24947,37.23333],[-121.24921,37.23326],[-121.24845,37.23324],[-121.24822,37.2331],[-121.24782,37.23254],[-121.24765,37.23236],[-121.24731,37.2321],[-121.247,37.23171],[-121.24677,37.23129],[-121.24661,37.23089],[-121.24638,37.23044]]}},{"type":"Feature","properties":{"name":"(unnamed public road)","road_class":"track","source":"OpenStreetMap","source_detail":"osm way 1040605569","source_tile":"167/397","surface_inferred":true},"geometry":{"type":"LineString","coordinates":[[-121.27848,37.25762],[-121.27807,37.25757],[-121.2778,37.25726],[-121.27768,37.25708],[-121.27741,37.25703],[-121.27722,37.25701],[-121.27701,37.25697],[-121.27682,37.25695],[-121.27665,37.25713],[-121.2764,37.25748],[-121.27611,37.25766],[-121.27562,37.25785],[-121.27544,37.25801],[-121.27493,37.25815],[-121.27442,37.25824],[-121.27397,37.25823],[-121.27371,37.25817],[-121.27336,37.25819],[-121.27316,37.25805],[-121.27295,37.25777],[-121.27267,37.25763],[-121.27237,37.25742],[-121.27205,37.25695],[-121.27147,37.25665],[-121.27102,37.25647],[-121.27065,37.25631],[-121.27037,37.25622],[-121.26998,37.25598],[-121.26976,37.25585],[-121.2696,37.25551],[-121.26949,37.2552],[-121.26913,37.25501],[-121.26867,37.25478],[-121.26836,37.25463],[-121.26796,37.2548],[-121.26746,37.25484],[-121.26709,37.25495],[-121.26677,37.25491],[-121.26653,37.25479],[-121.26631,37.25446],[-121.26609,37.25375],[-121.26593,37.25346],[-121.26566,37.25343],[-121.2653,37.25331],[-121.26489,37.25328],[-121.26467,37.25316],[-121.26443,37.25268],[-121.26429,37.25222],[-121.26408,37.25196],[-121.26383,37.2519]]}},{"type":"Feature","properties":{"name":"(unnamed public road)","road_class":"track","source":"OpenStreetMap","source_detail":"osm way 1040605570","source_tile":"167/397","surface_inferred":true},"geometry":{"type":"LineString","coordinates":[[-121.26383,37.2519],[-121.26354,37.25195],[-121.26305,37.2522],[-121.26273,37.25251],[-121.26214,37.25267],[-121.26172,37.25281],[-121.2611,37.25277],[-121.26044,37.25245],[-121.2599,37.25221],[-121.25949,37.25169],[-121.25948,37.25142],[-121.25936,37.2512],[-121.25927,37.25083],[-121.25901,37.25065],[-121.25861,37.2505],[-121.25834,37.25039],[-121.25815,37.25019],[-121.25805,37.24996]]}},{"type":"Feature","properties":{"name":"(unnamed public road)","road_class":"track","source":"OpenStreetMap","source_detail":"osm way 1040649518","source_tile":"167/397","surface_inferred":true},"geometry":{"type":"LineString","coordinates":[[-121.2361,37.25165],[-121.23648,37.25159],[-121.2368,37.25154],[-121.23691,37.25145],[-121.23708,37.2514],[-121.23728,37.25147],[-121.2375,37.25165],[-121.23769,37.2518],[-121.23807,37.25195],[-121.2385,37.25219],[-121.23862,37.25225],[-121.23879,37.25254],[-121.23906,37.25281],[-121.23949,37.25324],[-121.23954,37.25335],[-121.23963,37.25351],[-121.2398,37.25363],[-121.24027,37.25384],[-121.24043,37.25395],[-121.2406,37.25405],[-121.24081,37.2541],[-121.24107,37.2542],[-121.24125,37.25433],[-121.24142,37.2545],[-121.24192,37.25482],[-121.24213,37.25504],[-121.24222,37.25528],[-121.24237,37.25542],[-121.24297,37.25564],[-121.24333,37.2557],[-121.24349,37.25575],[-121.2435,37.25587],[-121.24335,37.25613],[-121.2433,37.25635],[-121.24338,37.25662],[-121.24357,37.2569],[-121.24383,37.25698],[-121.24422,37.25707],[-121.2444,37.25714],[-121.24447,37.25728],[-121.24443,37.25754],[-121.24451,37.2578],[-121.24471,37.25807],[-121.24499,37.25827],[-121.24536,37.25836],[-121.24556,37.2584],[-121.24582,37.25855],[-121.24621,37.25872],[-121.24659,37.25867],[-121.24701,37.25879],[-121.24752,37.25887],[-121.2479,37.2589],[-121.24809,37.25889],[-121.24838,37.2591],[-121.24875,37.25908],[-121.24889,37.2591],[-121.24913,37.2593],[-121.24936,37.25939],[-121.24963,37.25944],[-121.25023,37.25935]]}},{"type":"Feature","properties":{"name":"(unnamed public road)","road_class":"track","source":"OpenStreetMap","source_detail":"osm way 1040649519","source_tile":"167/397","surface_inferred":true},"geometry":{"type":"LineString","coordinates":[[-121.25023,37.25935],[-121.25016,37.25943],[-121.25018,37.25956],[-121.25018,37.25972],[-121.2503,37.25994],[-121.25058,37.26008],[-121.25094,37.26013],[-121.25133,37.26013],[-121.25173,37.2602],[-121.25198,37.26021],[-121.25235,37.26014]]}},{"type":"Feature","properties":{"name":"(unnamed public road)","road_class":"track","source":"OpenStreetMap","source_detail":"osm way 1040649526","source_tile":"167/397","surface_inferred":true},"geometry":{"type":"LineString","coordinates":[[-121.28041,37.26361],[-121.28053,37.26359],[-121.28074,37.26349],[-121.28135,37.26337],[-121.2815,37.26326],[-121.28213,37.2631],[-121.28223,37.26311],[-121.28235,37.26326],[-121.28254,37.26358],[-121.28272,37.26362],[-121.28317,37.26361],[-121.28371,37.26354],[-121.28416,37.26343],[-121.28445,37.26342],[-121.28477,37.26319],[-121.28535,37.26272],[-121.28585,37.26221],[-121.28615,37.26184],[-121.2863,37.26168],[-121.28627,37.26152],[-121.28624,37.26131],[-121.2863,37.26116],[-121.2864,37.26114],[-121.28649,37.26123],[-121.28649,37.26135],[-121.28656,37.26136],[-121.28667,37.26108],[-121.2864,37.26114]]}},{"type":"Feature","properties":{"name":"(unnamed public road)","road_class":"track","source":"OpenStreetMap","source_detail":"osm way 1040649528","source_tile":"167/397","surface_inferred":true},"geometry":{"type":"LineString","coordinates":[[-121.27912,37.2678],[-121.27915,37.26795],[-121.27909,37.26805]]}},{"type":"Feature","properties":{"name":"(unnamed public road)","road_class":"track","source":"OpenStreetMap","source_detail":"osm way 1040649550","source_tile":"167/397","surface_inferred":true},"geometry":{"type":"LineString","coordinates":[[-121.28392,37.28447],[-121.284,37.28433],[-121.28413,37.28426],[-121.28413,37.28413],[-121.28399,37.28391],[-121.28388,37.2838],[-121.28386,37.28365],[-121.2839,37.28346],[-121.28408,37.28322],[-121.28412,37.28274],[-121.28406,37.28248],[-121.28395,37.28226],[-121.28392,37.2821],[-121.28406,37.28202],[-121.28424,37.28206],[-121.28461,37.28226],[-121.28482,37.28231],[-121.2849,37.28227],[-121.28488,37.28216],[-121.28453,37.28189],[-121.28442,37.2818],[-121.28442,37.28167],[-121.28459,37.2815],[-121.28509,37.28123],[-121.28539,37.28107],[-121.28574,37.28076],[-121.2857,37.28061],[-121.28518,37.28055],[-121.28489,37.28042],[-121.28456,37.2801],[-121.28438,37.27982],[-121.28438,37.27974],[-121.28441,37.27962],[-121.28436,37.27949],[-121.28405,37.27934],[-121.28366,37.27924],[-121.28346,37.27927],[-121.28325,37.2794],[-121.28305,37.27945],[-121.28291,37.27939],[-121.28287,37.27929],[-121.28283,37.27882],[-121.28277,37.27824],[-121.28273,37.27791],[-121.28262,37.27769],[-121.28262,37.27755],[-121.28274,37.27748],[-121.28298,37.27753],[-121.28318,37.2775],[-121.28329,37.27742],[-121.2836,37.27696],[-121.28373,37.27681],[-121.28416,37.27663],[-121.28424,37.2766],[-121.28428,37.27648],[-121.28435,37.2763],[-121.28449,37.2761],[-121.2846,37.27595]]}},{"type":"Feature","properties":{"name":"(unnamed public road)","road_class":"track","source":"OpenStreetMap","source_detail":"osm way 1040649551","source_tile":"167/397","surface_inferred":true},"geometry":{"type":"LineString","coordinates":[[-121.2846,37.27595],[-121.2843,37.27577],[-121.28412,37.27565],[-121.2841,37.27554],[-121.28417,37.27544],[-121.28415,37.27536],[-121.28395,37.27531],[-121.28388,37.27525],[-121.28393,37.27515],[-121.28412,37.27507],[-121.28414,37.27498],[-121.28405,37.2749],[-121.28376,37.27493],[-121.28358,37.27492],[-121.28313,37.27477],[-121.28298,37.27456],[-121.28277,37.2744],[-121.2826,37.27431],[-121.28249,37.27418],[-121.28228,37.27399],[-121.28225,37.27378],[-121.28221,37.27365],[-121.28205,37.27347],[-121.28183,37.27339],[-121.28163,37.27334],[-121.2814,37.27321],[-121.28122,37.27305],[-121.28109,37.27286],[-121.28112,37.27244],[-121.28114,37.27211]]}},{"type":"Feature","properties":{"name":"(unnamed public road)","road_class":"track","source":"OpenStreetMap","source_detail":"osm way 1040649552","source_tile":"167/397","surface_inferred":true},"geometry":{"type":"LineString","coordinates":[[-121.28114,37.27211],[-121.28075,37.27154],[-121.28065,37.27135],[-121.28073,37.27118]]}},{"type":"Feature","properties":{"name":"(unnamed public road)","road_class":"track","source":"OpenStreetMap","source_detail":"osm way 1040649556","source_tile":"167/397","surface_inferred":true},"geometry":{"type":"LineString","coordinates":[[-121.28392,37.28447],[-121.28333,37.28457]]}},{"type":"Feature","properties":{"name":"(unnamed public road)","road_class":"track","source":"OpenStreetMap","source_detail":"osm way 1040652642","source_tile":"167/397","surface_inferred":true},"geometry":{"type":"LineString","coordinates":[[-121.28333,37.28457],[-121.28293,37.28458],[-121.28247,37.28447],[-121.28235,37.28432],[-121.28205,37.28399],[-121.28173,37.28373],[-121.28151,37.28347],[-121.28119,37.28329],[-121.28065,37.28312],[-121.27976,37.28297],[-121.27913,37.28291],[-121.27861,37.28298],[-121.27825,37.28301],[-121.27772,37.28299],[-121.27741,37.2829],[-121.27699,37.28283],[-121.27645,37.28289],[-121.27616,37.28291],[-121.27593,37.28283],[-121.2755,37.2828],[-121.27511,37.28277]]}},{"type":"Feature","properties":{"name":"(unnamed public road)","road_class":"track","source":"OpenStreetMap","source_detail":"osm way 1040652653","source_tile":"167/397","surface_inferred":true},"geometry":{"type":"LineString","coordinates":[[-121.24292,37.18533],[-121.24321,37.18546],[-121.2434,37.18547],[-121.24365,37.18569],[-121.244,37.18589],[-121.24428,37.18615],[-121.24446,37.18614],[-121.24467,37.18613],[-121.24507,37.18627],[-121.24524,37.18638],[-121.24561,37.18639],[-121.24579,37.18649],[-121.24611,37.18693],[-121.24639,37.18729],[-121.24668,37.18768],[-121.24679,37.18783],[-121.24692,37.18813],[-121.24718,37.18849],[-121.24734,37.1888],[-121.2477,37.18932],[-121.24798,37.18936],[-121.2481,37.18912],[-121.24823,37.18893],[-121.24841,37.18884],[-121.24857,37.18888],[-121.2486,37.189],[-121.24849,37.18916],[-121.2485,37.18933],[-121.24862,37.18966],[-121.24874,37.19005],[-121.24895,37.19021],[-121.24929,37.19033],[-121.24956,37.19038],[-121.2498,37.19027],[-121.25017,37.19023],[-121.25037,37.19012],[-121.25056,37.19018],[-121.2506,37.19029],[-121.25063,37.19037],[-121.25066,37.19051],[-121.25054,37.19084],[-121.25058,37.19106],[-121.25048,37.19131],[-121.25057,37.19156],[-121.25073,37.19167]]}},{"type":"Feature","properties":{"name":"(unnamed public road)","road_class":"track","source":"OpenStreetMap","source_detail":"osm way 1040652654","source_tile":"167/397","surface_inferred":true},"geometry":{"type":"LineString","coordinates":[[-121.25011,37.19138],[-121.2502,37.19108],[-121.25047,37.19054],[-121.2506,37.19029]]}},{"type":"Feature","properties":{"name":"(unnamed public road)","road_class":"track","source":"OpenStreetMap","source_detail":"osm way 1040652655","source_tile":"167/397","surface_inferred":true},"geometry":{"type":"LineString","coordinates":[[-121.26154,37.188],[-121.26141,37.18782],[-121.26115,37.18778],[-121.26082,37.18765],[-121.26073,37.18763]]}},{"type":"Feature","properties":{"name":"(unnamed public road)","road_class":"track","source":"OpenStreetMap","source_detail":"osm way 1040652656","source_tile":"167/397","surface_inferred":true},"geometry":{"type":"LineString","coordinates":[[-121.26667,37.19023],[-121.26693,37.1903],[-121.26723,37.19047],[-121.26735,37.19065],[-121.26752,37.19079],[-121.26782,37.1909],[-121.26796,37.19098],[-121.26812,37.19114],[-121.26859,37.19128],[-121.26899,37.19143]]}},{"type":"Feature","properties":{"name":"(unnamed public road)","road_class":"track","source":"OpenStreetMap","source_detail":"osm way 1040652657","source_tile":"167/397","surface_inferred":true},"geometry":{"type":"LineString","coordinates":[[-121.26899,37.19143],[-121.26919,37.19169],[-121.26927,37.19187],[-121.26934,37.19209],[-121.26971,37.19229],[-121.26984,37.19245],[-121.26989,37.19264],[-121.27005,37.19275],[-121.27094,37.19318],[-121.27166,37.19374],[-121.27198,37.19404],[-121.27204,37.19422],[-121.27202,37.19443],[-121.2722,37.19478],[-121.27241,37.19504],[-121.27243,37.19525],[-121.27255,37.19547],[-121.2729,37.19571],[-121.27332,37.19601],[-121.27377,37.1962]]}},{"type":"Feature","properties":{"name":"(unnamed public road)","road_class":"track","source":"OpenStreetMap","source_detail":"osm way 1040652658","source_tile":"167/397","surface_inferred":true},"geometry":{"type":"LineString","coordinates":[[-121.26899,37.19143],[-121.26921,37.1911],[-121.26947,37.19088],[-121.26955,37.19074],[-121.2695,37.19013],[-121.26949,37.18992],[-121.26962,37.18976],[-121.26964,37.18964],[-121.26957,37.18935],[-121.26961,37.18912],[-121.26963,37.18889],[-121.26961,37.18808],[-121.26962,37.1877],[-121.26957,37.18758],[-121.26935,37.18751],[-121.26921,37.18729],[-121.26917,37.18713],[-121.26933,37.18694]]}},{"type":"Feature","properties":{"name":"(unnamed public road)","road_class":"track","source":"OpenStreetMap","source_detail":"osm way 1040683657","source_tile":"167/397","surface_inferred":true},"geometry":{"type":"LineString","coordinates":[[-121.22757,37.19163],[-121.22736,37.19154],[-121.22708,37.19152],[-121.22689,37.19148],[-121.22682,37.19153],[-121.22688,37.19186],[-121.22678,37.19203],[-121.22659,37.19236],[-121.22667,37.1925],[-121.22679,37.19273],[-121.22693,37.19284],[-121.22708,37.19293],[-121.22711,37.19304],[-121.22704,37.19316],[-121.22659,37.19331],[-121.22642,37.19337],[-121.22618,37.1936],[-121.22617,37.19374],[-121.22649,37.19416],[-121.22681,37.19425],[-121.22703,37.19446],[-121.22718,37.19464],[-121.22723,37.19473],[-121.22745,37.19481],[-121.22753,37.1949],[-121.22766,37.19518],[-121.22779,37.19537],[-121.22782,37.19561],[-121.22806,37.19591],[-121.22824,37.19603],[-121.22827,37.1962],[-121.22821,37.19644]]}},{"type":"Feature","properties":{"name":"(unnamed public road)","road_class":"track","source":"OpenStreetMap","source_detail":"osm way 1040683658","source_tile":"167/397","surface_inferred":true},"geometry":{"type":"LineString","coordinates":[[-121.22821,37.19644],[-121.22815,37.19691],[-121.22812,37.1972],[-121.22802,37.19752],[-121.22783,37.19784],[-121.22763,37.198],[-121.22729,37.19818],[-121.22675,37.19847],[-121.22653,37.19853]]}},{"type":"Feature","properties":{"name":"(unnamed public road)","road_class":"track","source":"OpenStreetMap","source_detail":"osm way 1040683659","source_tile":"167/397","surface_inferred":true},"geometry":{"type":"LineString","coordinates":[[-121.22653,37.19853],[-121.22653,37.1983],[-121.22638,37.19806],[-121.22608,37.19779],[-121.22592,37.19758],[-121.22591,37.19747],[-121.22601,37.19736],[-121.22629,37.19706],[-121.22634,37.19696],[-121.22636,37.19682],[-121.22628,37.19666]]}},{"type":"Feature","properties":{"name":"(unnamed public road)","road_class":"track","source":"OpenStreetMap","source_detail":"osm way 1040683660","source_tile":"167/397","surface_inferred":true},"geometry":{"type":"LineString","coordinates":[[-121.22556,37.19597],[-121.22591,37.19615],[-121.22609,37.19629],[-121.2262,37.19649],[-121.22628,37.19666],[-121.22652,37.19678],[-121.22679,37.19686],[-121.22694,37.19684],[-121.2271,37.19664],[-121.22732,37.19651],[-121.22773,37.19645],[-121.22821,37.19644]]}},{"type":"Feature","properties":{"name":"(unnamed public road)","road_class":"track","source":"OpenStreetMap","source_detail":"osm way 1040683661","source_tile":"167/397","surface_inferred":true},"geometry":{"type":"LineString","coordinates":[[-121.22556,37.19597],[-121.22537,37.19603],[-121.22514,37.19612],[-121.22495,37.19611],[-121.22467,37.19604],[-121.22449,37.19607],[-121.22414,37.19622],[-121.22389,37.19617],[-121.22381,37.1961],[-121.22367,37.19598],[-121.22331,37.19583],[-121.22296,37.1957],[-121.22292,37.19568],[-121.22286,37.19567],[-121.22263,37.19559],[-121.22221,37.19544],[-121.22217,37.19543],[-121.22154,37.19531],[-121.22148,37.19529],[-121.22129,37.19525],[-121.22076,37.19484],[-121.22032,37.19426],[-121.22017,37.19414],[-121.22004,37.19404],[-121.2199,37.19393],[-121.21959,37.1938],[-121.21932,37.19376],[-121.21876,37.19386],[-121.21827,37.19372],[-121.21778,37.19337],[-121.21757,37.19307],[-121.21743,37.19263],[-121.21692,37.19219],[-121.2164,37.19194],[-121.21605,37.19175],[-121.21556,37.19131],[-121.21518,37.19106],[-121.21496,37.19094],[-121.21464,37.19063],[-121.21395,37.19032],[-121.21338,37.19004],[-121.21276,37.18973],[-121.21237,37.18949],[-121.21219,37.18935],[-121.2121,37.18926],[-121.21189,37.18922]]}},{"type":"Feature","properties":{"name":"(unnamed public road)","road_class":"track","source":"OpenStreetMap","source_detail":"osm way 1040683662","source_tile":"167/397","surface_inferred":true},"geometry":{"type":"LineString","coordinates":[[-121.21189,37.18922],[-121.21157,37.18931],[-121.21115,37.18939],[-121.21106,37.18949]]}},{"type":"Feature","properties":{"name":"(unnamed public road)","road_class":"track","source":"OpenStreetMap","source_detail":"osm way 1040683663","source_tile":"167/397","surface_inferred":true},"geometry":{"type":"LineString","coordinates":[[-121.21106,37.18949],[-121.21061,37.1891],[-121.21052,37.18887]]}},{"type":"Feature","properties":{"name":"(unnamed public road)","road_class":"track","source":"OpenStreetMap","source_detail":"osm way 1040683664","source_tile":"167/397","surface_inferred":true},"geometry":{"type":"LineString","coordinates":[[-121.21106,37.18949],[-121.21098,37.18993],[-121.21106,37.19019],[-121.21108,37.19052],[-121.21094,37.19092],[-121.2106,37.19139],[-121.20989,37.19213],[-121.20929,37.19254],[-121.20863,37.19246],[-121.20803,37.19237],[-121.20761,37.19233],[-121.20652,37.19198],[-121.20605,37.19174],[-121.20568,37.19157],[-121.20504,37.1914],[-121.20433,37.19116],[-121.20347,37.19084],[-121.20292,37.19059],[-121.20259,37.19055],[-121.20225,37.19048],[-121.202,37.19037],[-121.20165,37.19026],[-121.20119,37.19004],[-121.20094,37.18997],[-121.20031,37.18994],[-121.2001,37.19006],[-121.19979,37.19027],[-121.19954,37.19033],[-121.19923,37.19049],[-121.19878,37.19058],[-121.19864,37.19076],[-121.19833,37.19103],[-121.19773,37.19137],[-121.19764,37.19142]]}},{"type":"Feature","properties":{"name":"(unnamed public road)","road_class":"track","source":"OpenStreetMap","source_detail":"osm way 1040683665","source_tile":"167/397","surface_inferred":true},"geometry":{"type":"LineString","coordinates":[[-121.19764,37.19142],[-121.19782,37.19155],[-121.19851,37.1917],[-121.199,37.19179],[-121.19974,37.19174]]}},{"type":"Feature","properties":{"name":"(unnamed public road)","road_class":"track","source":"OpenStreetMap","source_detail":"osm way 1040683666","source_tile":"167/397","surface_inferred":true},"geometry":{"type":"LineString","coordinates":[[-121.19764,37.19142],[-121.19695,37.19174],[-121.19621,37.19179],[-121.1957,37.19185],[-121.19537,37.19192],[-121.19489,37.19191],[-121.19433,37.19206],[-121.19409,37.1921],[-121.19384,37.19204],[-121.19355,37.19192],[-121.19318,37.1918],[-121.19285,37.19161],[-121.19274,37.19144],[-121.19264,37.1912],[-121.1926,37.19091],[-121.19256,37.19077]]}},{"type":"Feature","properties":{"name":"(unnamed public road)","road_class":"track","source":"OpenStreetMap","source_detail":"osm way 1040683667","source_tile":"167/397","surface_inferred":true},"geometry":{"type":"LineString","coordinates":[[-121.19256,37.19077],[-121.19243,37.19086],[-121.19198,37.19126],[-121.19198,37.19133],[-121.19219,37.19147],[-121.19241,37.19174],[-121.19267,37.19189],[-121.19301,37.19213],[-121.19329,37.1924],[-121.19358,37.19275],[-121.19358,37.19291],[-121.1935,37.19313],[-121.19378,37.19361]]}},{"type":"Feature","properties":{"name":"(unnamed public road)","road_class":"track","source":"OpenStreetMap","source_detail":"osm way 1040683668","source_tile":"167/397","surface_inferred":true},"geometry":{"type":"LineString","coordinates":[[-121.21876,37.19386],[-121.21857,37.19397],[-121.21831,37.19399],[-121.21799,37.19411],[-121.21772,37.19409],[-121.21755,37.19407]]}},{"type":"Feature","properties":{"name":"(unnamed public road)","road_class":"track","source":"OpenStreetMap","source_detail":"osm way 1040683669","source_tile":"167/397","surface_inferred":true},"geometry":{"type":"LineString","coordinates":[[-121.21755,37.19407],[-121.21724,37.19422],[-121.21686,37.19437],[-121.21645,37.19435],[-121.21629,37.19447],[-121.21599,37.19469]]}},{"type":"Feature","properties":{"name":"(unnamed public road)","road_class":"track","source":"OpenStreetMap","source_detail":"osm way 1040683670","source_tile":"167/397","surface_inferred":true},"geometry":{"type":"LineString","coordinates":[[-121.21755,37.19407],[-121.21786,37.19424],[-121.2181,37.19449],[-121.21814,37.1946],[-121.21808,37.19462],[-121.21783,37.19452],[-121.21788,37.19472],[-121.21789,37.19487],[-121.21807,37.19498],[-121.21833,37.19498]]}},{"type":"Feature","properties":{"name":"(unnamed public road)","road_class":"track","source":"OpenStreetMap","source_detail":"osm way 1040683671","source_tile":"167/397","surface_inferred":true},"geometry":{"type":"LineString","coordinates":[[-121.21833,37.19498],[-121.21851,37.19499],[-121.21862,37.19508],[-121.21862,37.19554],[-121.21858,37.19592],[-121.21867,37.19605],[-121.21903,37.19636],[-121.21912,37.19645],[-121.21906,37.19665],[-121.21914,37.19676],[-121.21914,37.19751],[-121.21903,37.19783],[-121.21872,37.19806],[-121.21821,37.19839],[-121.21787,37.19853],[-121.21751,37.19863],[-121.21746,37.19876],[-121.21755,37.19902],[-121.21771,37.19926],[-121.21776,37.19941],[-121.21775,37.19955],[-121.21767,37.19954],[-121.21742,37.19937],[-121.21717,37.19922],[-121.21691,37.19915],[-121.21653,37.19911],[-121.21631,37.19918],[-121.21601,37.19933],[-121.2158,37.19938],[-121.21566,37.19942],[-121.21562,37.19954],[-121.21572,37.19964],[-121.2161,37.1997],[-121.21634,37.19966],[-121.21662,37.19965],[-121.21693,37.19976]]}},{"type":"Feature","properties":{"name":"(unnamed public road)","road_class":"track","source":"OpenStreetMap","source_detail":"osm way 1040683672","source_tile":"167/397","surface_inferred":true},"geometry":{"type":"LineString","coordinates":[[-121.21755,37.19407],[-121.21732,37.19373],[-121.21699,37.19335],[-121.21662,37.19301]]}},{"type":"Feature","properties":{"name":"(unnamed public road)","road_class":"track","source":"OpenStreetMap","source_detail":"osm way 1040683673","source_tile":"167/397","surface_inferred":true},"geometry":{"type":"LineString","coordinates":[[-121.22004,37.19404],[-121.22037,37.19415],[-121.22063,37.19416],[-121.22079,37.19411],[-121.22095,37.19415],[-121.22105,37.19429],[-121.22122,37.19465],[-121.22137,37.19495],[-121.22148,37.19529]]}},{"type":"Feature","properties":{"name":"(unnamed public road)","road_class":"track","source":"OpenStreetMap","source_detail":"osm way 1040683674","source_tile":"167/397","surface_inferred":true},"geometry":{"type":"LineString","coordinates":[[-121.22221,37.19544],[-121.2225,37.19525],[-121.22276,37.19515],[-121.2229,37.19514],[-121.22293,37.19513],[-121.22303,37.1952],[-121.22307,37.19541],[-121.22309,37.19556],[-121.22296,37.1957]]}},{"type":"Feature","properties":{"name":"(unnamed public road)","road_class":"track","source":"OpenStreetMap","source_detail":"osm way 1040683675","source_tile":"167/397","surface_inferred":true},"geometry":{"type":"LineString","coordinates":[[-121.2229,37.19514],[-121.22269,37.19492]]}},{"type":"Feature","properties":{"name":"(unnamed public road)","road_class":"track","source":"OpenStreetMap","source_detail":"osm way 1040683676","source_tile":"167/397","surface_inferred":true},"geometry":{"type":"LineString","coordinates":[[-121.22263,37.19559],[-121.22281,37.19588]]}},{"type":"Feature","properties":{"name":"(unnamed public road)","road_class":"track","source":"OpenStreetMap","source_detail":"osm way 1040683677","source_tile":"167/397","surface_inferred":true},"geometry":{"type":"LineString","coordinates":[[-121.22286,37.19567],[-121.22281,37.19588],[-121.22281,37.19596],[-121.22289,37.19616],[-121.22291,37.19651],[-121.22293,37.19674],[-121.22284,37.19695],[-121.2227,37.19722],[-121.22276,37.19744],[-121.22282,37.19755]]}},{"type":"Feature","properties":{"name":"(unnamed public road)","road_class":"track","source":"OpenStreetMap","source_detail":"osm way 1040683678","source_tile":"167/397","surface_inferred":true},"geometry":{"type":"LineString","coordinates":[[-121.22381,37.1961],[-121.22363,37.19644],[-121.22353,37.19664],[-121.22343,37.19687],[-121.2233,37.19697]]}},{"type":"Feature","properties":{"name":"(unnamed public road)","road_class":"track","source":"OpenStreetMap","source_detail":"osm way 1040683679","source_tile":"167/397","surface_inferred":true},"geometry":{"type":"LineString","coordinates":[[-121.22821,37.19644],[-121.22865,37.19644],[-121.22897,37.19652],[-121.22955,37.19688],[-121.22975,37.19695],[-121.23001,37.19716],[-121.23006,37.1972]]}},{"type":"Feature","properties":{"name":"(unnamed public road)","road_class":"track","source":"OpenStreetMap","source_detail":"osm way 1040683680","source_tile":"167/397","surface_inferred":true},"geometry":{"type":"LineString","coordinates":[[-121.23006,37.1972],[-121.23003,37.19796],[-121.23016,37.19812],[-121.23036,37.19818],[-121.23045,37.19827],[-121.23041,37.19862],[-121.23041,37.19885],[-121.23065,37.19915],[-121.23085,37.19921],[-121.23107,37.1992],[-121.23137,37.19905],[-121.2316,37.19902],[-121.23179,37.19942],[-121.23207,37.19957],[-121.23231,37.19972],[-121.23254,37.19987],[-121.23272,37.19986],[-121.233,37.19973],[-121.23323,37.19979],[-121.23347,37.19979],[-121.23373,37.19966],[-121.23389,37.19967],[-121.23406,37.19983],[-121.23428,37.19985],[-121.23455,37.19985],[-121.23482,37.20001],[-121.23501,37.20012],[-121.23521,37.20007],[-121.23537,37.19997],[-121.23552,37.19999],[-121.2357,37.20016],[-121.23605,37.20029],[-121.23638,37.20023],[-121.23701,37.20008],[-121.2375,37.19992],[-121.23788,37.19983]]}},{"type":"Feature","properties":{"name":"(unnamed public road)","road_class":"track","source":"OpenStreetMap","source_detail":"osm way 1040683681","source_tile":"167/397","surface_inferred":true},"geometry":{"type":"LineString","coordinates":[[-121.23003,37.19796],[-121.23003,37.19879],[-121.23003,37.19941],[-121.23004,37.19984]]}},{"type":"Feature","properties":{"name":"(unnamed public road)","road_class":"track","source":"OpenStreetMap","source_detail":"osm way 1040683682","source_tile":"167/397","surface_inferred":true},"geometry":{"type":"LineString","coordinates":[[-121.23006,37.1972],[-121.23023,37.19721],[-121.23064,37.19741],[-121.23084,37.19745],[-121.23104,37.19743],[-121.23127,37.19735],[-121.23146,37.19735],[-121.23191,37.19734],[-121.23231,37.19716]]}},{"type":"Feature","properties":{"name":"(unnamed public road)","road_class":"track","source":"OpenStreetMap","source_detail":"osm way 1040683683","source_tile":"167/397","surface_inferred":true},"geometry":{"type":"LineString","coordinates":[[-121.23231,37.19716],[-121.23257,37.19723],[-121.23295,37.19739],[-121.23313,37.19753],[-121.23341,37.19761],[-121.23375,37.1977],[-121.23398,37.19788],[-121.23444,37.19808],[-121.23467,37.19821],[-121.23502,37.19843],[-121.2352,37.19855],[-121.23546,37.19856],[-121.23578,37.19866],[-121.23605,37.19886],[-121.23636,37.19893],[-121.23656,37.19899],[-121.23666,37.19914],[-121.23686,37.19938],[-121.23716,37.19949],[-121.23744,37.19961],[-121.23775,37.19968],[-121.23788,37.19983]]}},{"type":"Feature","properties":{"name":"(unnamed public road)","road_class":"track","source":"OpenStreetMap","source_detail":"osm way 1040683684","source_tile":"167/397","surface_inferred":true},"geometry":{"type":"LineString","coordinates":[[-121.23744,37.19961],[-121.23751,37.19939]]}},{"type":"Feature","properties":{"name":"(unnamed public road)","road_class":"track","source":"OpenStreetMap","source_detail":"osm way 1040683685","source_tile":"167/397","surface_inferred":true},"geometry":{"type":"LineString","coordinates":[[-121.23788,37.19983],[-121.23802,37.19988],[-121.23815,37.20008],[-121.23804,37.20022],[-121.23799,37.20037],[-121.23784,37.20067],[-121.23763,37.20094],[-121.23752,37.20135],[-121.23733,37.20168],[-121.23713,37.20201],[-121.23699,37.20234],[-121.2369,37.20273],[-121.2368,37.20291],[-121.23649,37.20313],[-121.23627,37.20335],[-121.23608,37.20371],[-121.23608,37.20379]]}},{"type":"Feature","properties":{"name":"(unnamed public road)","road_class":"track","source":"OpenStreetMap","source_detail":"osm way 1040683686","source_tile":"167/397","surface_inferred":true},"geometry":{"type":"LineString","coordinates":[[-121.23802,37.19988],[-121.23843,37.20003],[-121.23865,37.20003],[-121.23908,37.19982],[-121.23944,37.1996],[-121.23953,37.19934],[-121.2397,37.19925],[-121.23989,37.19918],[-121.23998,37.19897],[-121.24012,37.19889],[-121.24037,37.19883],[-121.24056,37.19873],[-121.24084,37.19872],[-121.24102,37.1987],[-121.24112,37.19861],[-121.24116,37.19844],[-121.24113,37.19815],[-121.24116,37.19804],[-121.24126,37.19792],[-121.24135,37.19767],[-121.24146,37.19753],[-121.24177,37.19728],[-121.24183,37.19709],[-121.24189,37.19696]]}},{"type":"Feature","properties":{"name":"(unnamed public road)","road_class":"track","source":"OpenStreetMap","source_detail":"osm way 1040683687","source_tile":"167/397","surface_inferred":true},"geometry":{"type":"LineString","coordinates":[[-121.24189,37.19696],[-121.24229,37.19701],[-121.24256,37.19703],[-121.24278,37.19698],[-121.24289,37.19692]]}},{"type":"Feature","properties":{"name":"(unnamed public road)","road_class":"track","source":"OpenStreetMap","source_detail":"osm way 1040683688","source_tile":"167/397","surface_inferred":true},"geometry":{"type":"LineString","coordinates":[[-121.23776,37.1991],[-121.23792,37.19893],[-121.23817,37.19883],[-121.23827,37.19877],[-121.23848,37.19869],[-121.23867,37.19844],[-121.23869,37.19822],[-121.23882,37.19795],[-121.23909,37.19777],[-121.23929,37.19764],[-121.23945,37.19734],[-121.23963,37.19709],[-121.23992,37.19689],[-121.24017,37.19672],[-121.24055,37.19674],[-121.24105,37.19675],[-121.24154,37.19681],[-121.24177,37.19686],[-121.24189,37.19696]]}},{"type":"Feature","properties":{"name":"(unnamed public road)","road_class":"track","source":"OpenStreetMap","source_detail":"osm way 1040683689","source_tile":"167/397","surface_inferred":true},"geometry":{"type":"LineString","coordinates":[[-121.24289,37.19692],[-121.24286,37.1967],[-121.24298,37.19636],[-121.2431,37.19608],[-121.24306,37.19591],[-121.24302,37.19575],[-121.24309,37.19563],[-121.24321,37.19553],[-121.24342,37.19525],[-121.24347,37.1951],[-121.24342,37.19487],[-121.24332,37.19464],[-121.24332,37.1945],[-121.24336,37.19402],[-121.2434,37.19384],[-121.24332,37.19347],[-121.24321,37.1932],[-121.24308,37.19302],[-121.24294,37.19259],[-121.24283,37.19246],[-121.24265,37.19208],[-121.2424,37.19161],[-121.24223,37.19119],[-121.2422,37.19104],[-121.24225,37.19086],[-121.24221,37.19071],[-121.2419,37.19035],[-121.24138,37.19012],[-121.24092,37.1901],[-121.24068,37.19003],[-121.24048,37.18985],[-121.24022,37.18955],[-121.23993,37.18951],[-121.2398,37.18946],[-121.23976,37.18932],[-121.23982,37.1891],[-121.23971,37.18892],[-121.23963,37.18876],[-121.23972,37.18857],[-121.23976,37.18844],[-121.2396,37.18825],[-121.2395,37.18806],[-121.2396,37.18777],[-121.23971,37.18739],[-121.2398,37.1872],[-121.23995,37.18708]]}},{"type":"Feature","properties":{"name":"(unnamed public road)","road_class":"track","source":"OpenStreetMap","source_detail":"osm way 1040683690","source_tile":"167/397","surface_inferred":true},"geometry":{"type":"LineString","coordinates":[[-121.23995,37.18708],[-121.24,37.18697],[-121.23993,37.18668],[-121.24004,37.18632],[-121.24002,37.18612],[-121.23998,37.18594],[-121.23995,37.18573],[-121.23994,37.18567],[-121.23983,37.18541],[-121.23955,37.18518],[-121.23927,37.1849],[-121.23899,37.18476],[-121.23888,37.18474]]}},{"type":"Feature","properties":{"name":"(unnamed public road)","road_class":"track","source":"OpenStreetMap","source_detail":"osm way 1040683691","source_tile":"167/397","surface_inferred":true},"geometry":{"type":"LineString","coordinates":[[-121.23995,37.18573],[-121.24013,37.1854],[-121.24009,37.18517],[-121.24025,37.18488],[-121.24049,37.18456],[-121.24068,37.18447]]}},{"type":"Feature","properties":{"name":"(unnamed public road)","road_class":"track","source":"OpenStreetMap","source_detail":"osm way 1040683692","source_tile":"167/397","surface_inferred":true},"geometry":{"type":"LineString","coordinates":[[-121.23689,37.18577],[-121.2369,37.18596],[-121.23679,37.18654],[-121.23664,37.18666],[-121.23627,37.18669],[-121.23587,37.18667]]}},{"type":"Feature","properties":{"name":"(unnamed public road)","road_class":"track","source":"OpenStreetMap","source_detail":"osm way 1040683693","source_tile":"167/397","surface_inferred":true},"geometry":{"type":"LineString","coordinates":[[-121.2432,37.19725],[-121.24326,37.19783],[-121.24336,37.19809],[-121.24327,37.19823],[-121.24322,37.19842],[-121.24313,37.19851],[-121.24281,37.19854],[-121.2426,37.19869],[-121.24265,37.19889],[-121.24282,37.19931],[-121.24291,37.19961],[-121.24277,37.19982],[-121.24271,37.19994],[-121.24266,37.20013],[-121.24248,37.20033],[-121.24235,37.20055],[-121.24194,37.20072],[-121.24179,37.20091],[-121.24162,37.20116],[-121.24147,37.2013],[-121.2414,37.20163],[-121.24133,37.20184],[-121.24115,37.20197],[-121.24103,37.20222],[-121.24104,37.20248],[-121.24114,37.20252],[-121.2412,37.20251],[-121.24129,37.2025]]}},{"type":"Feature","properties":{"name":"(unnamed public road)","road_class":"track","source":"OpenStreetMap","source_detail":"osm way 1040683694","source_tile":"167/397","surface_inferred":true},"geometry":{"type":"LineString","coordinates":[[-121.24129,37.2025],[-121.24166,37.20245],[-121.24189,37.20199],[-121.24208,37.20164],[-121.24217,37.20158],[-121.24226,37.20146],[-121.24239,37.20141],[-121.24261,37.20148],[-121.24283,37.20148],[-121.24313,37.20135],[-121.24343,37.20117],[-121.24375,37.2012],[-121.24405,37.20118],[-121.24412,37.20125],[-121.24403,37.20141],[-121.24379,37.20156],[-121.24375,37.20185],[-121.24384,37.2021],[-121.24411,37.2022],[-121.24445,37.20214],[-121.24489,37.20208]]}},{"type":"Feature","properties":{"name":"(unnamed public road)","road_class":"track","source":"OpenStreetMap","source_detail":"osm way 1040683696","source_tile":"167/397","surface_inferred":true},"geometry":{"type":"LineString","coordinates":[[-121.24489,37.20208],[-121.24505,37.20205],[-121.24516,37.20202],[-121.24533,37.2021],[-121.2455,37.20243],[-121.24609,37.20281],[-121.2464,37.20287],[-121.24683,37.20289],[-121.24705,37.20282],[-121.24718,37.2027],[-121.2473,37.2027],[-121.2474,37.20282],[-121.24754,37.20308],[-121.24777,37.20321],[-121.24786,37.20322],[-121.24794,37.20322],[-121.24813,37.20314],[-121.24824,37.20294],[-121.24829,37.20277],[-121.24848,37.2025],[-121.24866,37.20222],[-121.24885,37.20201],[-121.24897,37.20194],[-121.24911,37.20206],[-121.24932,37.20224],[-121.24955,37.20224],[-121.24979,37.20207],[-121.25003,37.20191],[-121.25038,37.20185],[-121.25061,37.20184],[-121.25089,37.20193],[-121.25121,37.20188],[-121.25157,37.20168],[-121.25176,37.20156],[-121.25185,37.20146],[-121.2521,37.20144],[-121.25225,37.20151],[-121.25231,37.20163],[-121.2523,37.20177],[-121.25245,37.2019],[-121.25245,37.20202]]}},{"type":"Feature","properties":{"name":"(unnamed public road)","road_class":"track","source":"OpenStreetMap","source_detail":"osm way 1040683697","source_tile":"167/397","surface_inferred":true},"geometry":{"type":"LineString","coordinates":[[-121.25245,37.20202],[-121.2522,37.20232],[-121.25228,37.20281],[-121.25243,37.20313],[-121.25267,37.20311],[-121.25287,37.20314],[-121.25307,37.20315],[-121.25327,37.20322],[-121.25342,37.2032],[-121.25376,37.20301],[-121.25396,37.20295],[-121.25414,37.20301],[-121.25428,37.20317],[-121.2543,37.2033],[-121.2543,37.20345],[-121.25453,37.20361],[-121.25474,37.20369]]}},{"type":"Feature","properties":{"name":"(unnamed public road)","road_class":"track","source":"OpenStreetMap","source_detail":"osm way 1040683698","source_tile":"167/397","surface_inferred":true},"geometry":{"type":"LineString","coordinates":[[-121.25474,37.20369],[-121.25447,37.2033],[-121.25447,37.20306],[-121.25454,37.2028],[-121.25446,37.20267],[-121.25439,37.20261]]}},{"type":"Feature","properties":{"name":"(unnamed public road)","road_class":"track","source":"OpenStreetMap","source_detail":"osm way 1040683699","source_tile":"167/397","surface_inferred":true},"geometry":{"type":"LineString","coordinates":[[-121.2474,37.19939],[-121.24772,37.1996],[-121.24784,37.19985],[-121.24777,37.20017],[-121.24782,37.2004],[-121.2478,37.20087],[-121.24788,37.20107],[-121.24789,37.20141],[-121.24784,37.20172],[-121.24788,37.2021],[-121.2478,37.20246],[-121.24782,37.203],[-121.24786,37.20322]]}},{"type":"Feature","properties":{"name":"(unnamed public road)","road_class":"track","source":"OpenStreetMap","source_detail":"osm way 1040683700","source_tile":"167/397","surface_inferred":true},"geometry":{"type":"LineString","coordinates":[[-121.2412,37.20251],[-121.24121,37.20272],[-121.24133,37.20285],[-121.24149,37.20298],[-121.24152,37.20309],[-121.24144,37.20319],[-121.24131,37.20321],[-121.24124,37.20322],[-121.24116,37.20331],[-121.241,37.20361],[-121.24082,37.2038],[-121.24073,37.2041],[-121.24069,37.20421],[-121.24067,37.20429],[-121.24046,37.20446],[-121.23993,37.20478],[-121.23949,37.20515],[-121.23932,37.20528],[-121.23913,37.20535],[-121.23886,37.2056],[-121.23855,37.20562],[-121.23772,37.20562],[-121.23729,37.20564],[-121.23723,37.20564]]}},{"type":"Feature","properties":{"name":"(unnamed public road)","road_class":"track","source":"OpenStreetMap","source_detail":"osm way 1040683701","source_tile":"167/397","surface_inferred":true},"geometry":{"type":"LineString","coordinates":[[-121.23608,37.20379],[-121.23627,37.2037],[-121.23641,37.20361],[-121.23662,37.20359],[-121.23684,37.20359],[-121.23717,37.20343],[-121.23741,37.20334],[-121.23753,37.20342],[-121.23777,37.20363],[-121.23799,37.20366],[-121.23827,37.20364],[-121.23863,37.20353],[-121.23893,37.20336],[-121.23913,37.20335],[-121.23934,37.20342],[-121.23966,37.20364],[-121.23987,37.20368],[-121.24011,37.20365],[-121.24038,37.20347],[-121.24069,37.20334],[-121.24092,37.20335],[-121.24109,37.20333],[-121.24116,37.20331]]}},{"type":"Feature","properties":{"name":"(unnamed public road)","road_class":"track","source":"OpenStreetMap","source_detail":"osm way 1040683702","source_tile":"167/397","surface_inferred":true},"geometry":{"type":"LineString","coordinates":[[-121.24121,37.20272],[-121.24124,37.20302],[-121.24131,37.20321]]}},{"type":"Feature","properties":{"name":"(unnamed public road)","road_class":"track","source":"OpenStreetMap","source_detail":"osm way 1040683703","source_tile":"167/397","surface_inferred":true},"geometry":{"type":"LineString","coordinates":[[-121.23723,37.20564],[-121.23702,37.20562],[-121.23678,37.20554],[-121.23643,37.20538],[-121.23614,37.2053],[-121.23595,37.20531],[-121.23583,37.20541],[-121.23578,37.20549],[-121.23569,37.20564],[-121.2356,37.2058],[-121.23555,37.2061],[-121.23544,37.20674],[-121.23544,37.20705],[-121.23551,37.20732],[-121.23548,37.20748],[-121.23538,37.20765],[-121.23538,37.20797],[-121.23536,37.20811],[-121.23514,37.20823],[-121.23502,37.20829],[-121.23506,37.20834],[-121.23521,37.20836],[-121.23545,37.20829],[-121.23555,37.20816],[-121.23561,37.20808],[-121.23571,37.2081],[-121.23597,37.20837],[-121.23652,37.20851],[-121.23685,37.20882],[-121.23712,37.20922],[-121.23717,37.20934],[-121.23712,37.20943],[-121.23695,37.20944],[-121.23677,37.20938],[-121.23665,37.20925],[-121.23646,37.20907],[-121.2363,37.20903],[-121.23611,37.20919],[-121.23589,37.20941]]}},{"type":"Feature","properties":{"name":"(unnamed public road)","road_class":"track","source":"OpenStreetMap","source_detail":"osm way 1040683704","source_tile":"167/397","surface_inferred":true},"geometry":{"type":"LineString","coordinates":[[-121.23506,37.20834],[-121.23487,37.20834],[-121.23473,37.20828],[-121.2344,37.20831]]}},{"type":"Feature","properties":{"name":"(unnamed public road)","road_class":"track","source":"OpenStreetMap","source_detail":"osm way 1040683705","source_tile":"167/397","surface_inferred":true},"geometry":{"type":"LineString","coordinates":[[-121.2344,37.20831],[-121.23424,37.20785],[-121.23423,37.20781],[-121.23414,37.20751],[-121.23404,37.20688],[-121.23399,37.20646],[-121.23395,37.20599],[-121.23394,37.2057],[-121.23414,37.20515],[-121.2342,37.20498],[-121.23423,37.20487]]}},{"type":"Feature","properties":{"name":"(unnamed public road)","road_class":"track","source":"OpenStreetMap","source_detail":"osm way 1040683706","source_tile":"167/397","surface_inferred":true},"geometry":{"type":"LineString","coordinates":[[-121.2342,37.20498],[-121.23463,37.20498],[-121.23544,37.20509],[-121.23559,37.20515],[-121.23575,37.20521],[-121.23595,37.20531]]}},{"type":"Feature","properties":{"name":"(unnamed public road)","road_class":"track","source":"OpenStreetMap","source_detail":"osm way 1040683707","source_tile":"167/397","surface_inferred":true},"geometry":{"type":"LineString","coordinates":[[-121.23414,37.20515],[-121.23463,37.20524],[-121.23489,37.20531],[-121.23542,37.20537],[-121.23555,37.20541],[-121.23578,37.20549]]}},{"type":"Feature","properties":{"name":"(unnamed public road)","road_class":"track","source":"OpenStreetMap","source_detail":"osm way 1040683708","source_tile":"167/397","surface_inferred":true},"geometry":{"type":"LineString","coordinates":[[-121.23559,37.20515],[-121.23555,37.20541],[-121.23543,37.20564],[-121.23528,37.20589],[-121.23524,37.20627],[-121.23517,37.20671],[-121.23501,37.20707],[-121.23497,37.20747],[-121.235,37.20765],[-121.23489,37.20772],[-121.23467,37.20778],[-121.23455,37.20777],[-121.23436,37.20784],[-121.23424,37.20785]]}},{"type":"Feature","properties":{"name":"(unnamed public road)","road_class":"track","source":"OpenStreetMap","source_detail":"osm way 1040683709","source_tile":"167/397","surface_inferred":true},"geometry":{"type":"LineString","coordinates":[[-121.23657,37.20462],[-121.23712,37.20449],[-121.23722,37.20455],[-121.23736,37.20457],[-121.23781,37.20442],[-121.238,37.20442],[-121.23822,37.20431],[-121.23841,37.20428],[-121.23866,37.20434],[-121.23888,37.20445],[-121.23916,37.20438],[-121.23927,37.2043]]}},{"type":"Feature","properties":{"name":"(unnamed public road)","road_class":"track","source":"OpenStreetMap","source_detail":"osm way 1040683710","source_tile":"167/397","surface_inferred":true},"geometry":{"type":"LineString","coordinates":[[-121.23927,37.2043],[-121.23948,37.20422],[-121.2396,37.20412],[-121.23976,37.20382],[-121.23987,37.20368]]}},{"type":"Feature","properties":{"name":"(unnamed public road)","road_class":"track","source":"OpenStreetMap","source_detail":"osm way 1040686389","source_tile":"167/397","surface_inferred":true},"geometry":{"type":"LineString","coordinates":[[-121.24069,37.20421],[-121.24109,37.20407],[-121.24148,37.20405],[-121.24169,37.20411],[-121.24203,37.20421],[-121.24228,37.20421],[-121.24249,37.20407],[-121.24264,37.20395],[-121.24287,37.20391],[-121.24302,37.20402],[-121.24323,37.20421],[-121.24341,37.20415],[-121.24367,37.20409],[-121.24382,37.20411],[-121.24389,37.20423],[-121.24404,37.20431],[-121.24427,37.2042],[-121.24439,37.20413],[-121.24456,37.2042],[-121.2448,37.20422],[-121.24509,37.20409],[-121.2454,37.20407],[-121.24599,37.20406],[-121.24619,37.20404],[-121.24642,37.20396],[-121.24662,37.20404],[-121.24678,37.2043],[-121.24682,37.20438],[-121.24685,37.20444],[-121.24684,37.20457],[-121.24689,37.20462]]}},{"type":"Feature","properties":{"name":"(unnamed public road)","road_class":"track","source":"OpenStreetMap","source_detail":"osm way 1040686390","source_tile":"167/397","surface_inferred":true},"geometry":{"type":"LineString","coordinates":[[-121.24682,37.20438],[-121.24648,37.20438],[-121.24612,37.2043],[-121.24554,37.20442],[-121.24515,37.20449],[-121.24494,37.20462],[-121.24452,37.20473],[-121.2444,37.20481],[-121.24434,37.20488],[-121.24427,37.20491],[-121.24418,37.20486],[-121.24407,37.20468],[-121.2439,37.20458],[-121.24375,37.20455],[-121.24355,37.20455]]}},{"type":"Feature","properties":{"name":"(unnamed public road)","road_class":"track","source":"OpenStreetMap","source_detail":"osm way 1040686391","source_tile":"167/397","surface_inferred":true},"geometry":{"type":"LineString","coordinates":[[-121.24355,37.20455],[-121.24345,37.20466],[-121.24333,37.20482],[-121.24316,37.20493],[-121.24283,37.20502],[-121.2427,37.20503],[-121.24256,37.20497],[-121.24245,37.20483],[-121.24231,37.20478],[-121.24195,37.20498],[-121.2418,37.20523],[-121.2417,37.2053],[-121.2416,37.20533],[-121.24139,37.20557],[-121.24132,37.20571],[-121.24119,37.20577],[-121.24105,37.20584],[-121.24089,37.20605],[-121.24083,37.2061]]}},{"type":"Feature","properties":{"name":"(unnamed public road)","road_class":"track","source":"OpenStreetMap","source_detail":"osm way 1040686392","source_tile":"167/397","surface_inferred":true},"geometry":{"type":"LineString","coordinates":[[-121.24083,37.2061],[-121.24103,37.20605],[-121.2413,37.20615],[-121.24138,37.20627],[-121.24139,37.20643],[-121.24146,37.20662]]}},{"type":"Feature","properties":{"name":"(unnamed public road)","road_class":"track","source":"OpenStreetMap","source_detail":"osm way 1040686393","source_tile":"167/397","surface_inferred":true},"geometry":{"type":"LineString","coordinates":[[-121.24146,37.20662],[-121.2416,37.20701],[-121.24163,37.20715],[-121.24161,37.20745],[-121.2414,37.20759],[-121.24121,37.20781],[-121.24114,37.20797],[-121.24115,37.20817],[-121.24134,37.20832],[-121.2415,37.20838],[-121.24166,37.20836],[-121.24193,37.2084],[-121.24209,37.20825],[-121.24222,37.20818],[-121.24238,37.20781],[-121.24242,37.2076],[-121.24254,37.20755],[-121.24264,37.2076],[-121.24281,37.2077],[-121.24292,37.2078],[-121.24288,37.20794],[-121.24297,37.20813]]}},{"type":"Feature","properties":{"name":"(unnamed public road)","road_class":"track","source":"OpenStreetMap","source_detail":"osm way 1040686394","source_tile":"167/397","surface_inferred":true},"geometry":{"type":"LineString","coordinates":[[-121.24146,37.20662],[-121.24132,37.2066],[-121.24107,37.20653],[-121.24097,37.20661],[-121.24089,37.20693],[-121.24082,37.20703],[-121.24069,37.20733],[-121.24046,37.2076],[-121.24029,37.20771],[-121.24024,37.20787],[-121.24023,37.20798],[-121.24003,37.2081],[-121.23997,37.20827],[-121.2399,37.20851],[-121.23955,37.20867],[-121.23924,37.20873],[-121.2391,37.20872],[-121.23892,37.20871],[-121.23884,37.20864],[-121.2389,37.20848],[-121.23893,37.20834],[-121.23883,37.20831],[-121.23866,37.20841],[-121.23849,37.20854],[-121.23826,37.20853],[-121.23804,37.20871],[-121.23768,37.20913],[-121.23745,37.20929],[-121.23741,37.2093],[-121.23717,37.20934]]}},{"type":"Feature","properties":{"name":"(unnamed public road)","road_class":"track","source":"OpenStreetMap","source_detail":"osm way 1040686395","source_tile":"167/397","surface_inferred":true},"geometry":{"type":"LineString","coordinates":[[-121.24083,37.2061],[-121.24072,37.20614],[-121.24056,37.20613],[-121.24047,37.20603],[-121.24036,37.20593],[-121.24021,37.20592],[-121.24007,37.20597],[-121.23972,37.20613],[-121.23963,37.20613],[-121.2393,37.20628],[-121.23894,37.20635],[-121.23882,37.20635],[-121.2386,37.20628],[-121.23825,37.2063],[-121.23804,37.20631],[-121.2379,37.20623],[-121.23764,37.20593],[-121.23744,37.20576],[-121.23731,37.20569],[-121.23729,37.20564]]}},{"type":"Feature","properties":{"name":"(unnamed public road)","road_class":"track","source":"OpenStreetMap","source_detail":"osm way 1040686396","source_tile":"167/397","surface_inferred":true},"geometry":{"type":"LineString","coordinates":[[-121.24297,37.20813],[-121.24311,37.20819],[-121.24336,37.20821],[-121.24345,37.20826],[-121.24341,37.20838],[-121.24346,37.2085],[-121.24367,37.20867],[-121.24389,37.20873],[-121.24404,37.20872]]}},{"type":"Feature","properties":{"name":"(unnamed public road)","road_class":"track","source":"OpenStreetMap","source_detail":"osm way 1040686397","source_tile":"167/397","surface_inferred":true},"geometry":{"type":"LineString","coordinates":[[-121.24404,37.20872],[-121.2442,37.20854],[-121.24456,37.20831],[-121.24478,37.20827],[-121.24498,37.20846],[-121.24517,37.20872],[-121.24525,37.20897],[-121.24523,37.20916],[-121.24513,37.20945],[-121.24514,37.20956],[-121.24528,37.20962]]}},{"type":"Feature","properties":{"name":"(unnamed public road)","road_class":"track","source":"OpenStreetMap","source_detail":"osm way 1040686398","source_tile":"167/397","surface_inferred":true},"geometry":{"type":"LineString","coordinates":[[-121.24404,37.20872],[-121.24392,37.2089],[-121.24379,37.20893],[-121.24357,37.20893],[-121.24332,37.20906],[-121.24313,37.20909],[-121.24297,37.20915],[-121.24261,37.20932],[-121.24234,37.20932],[-121.24191,37.20921],[-121.24183,37.20923],[-121.24174,37.20941],[-121.24163,37.20946],[-121.24147,37.20949],[-121.24141,37.20963],[-121.24139,37.21],[-121.24133,37.21035],[-121.24128,37.21055],[-121.2413,37.21074]]}},{"type":"Feature","properties":{"name":"(unnamed public road)","road_class":"track","source":"OpenStreetMap","source_detail":"osm way 1040686399","source_tile":"167/397","surface_inferred":true},"geometry":{"type":"LineString","coordinates":[[-121.23338,37.21202],[-121.23374,37.21208],[-121.23411,37.212],[-121.23433,37.21182],[-121.23484,37.21176],[-121.23539,37.21159],[-121.23567,37.21155],[-121.23595,37.2116]]}},{"type":"Feature","properties":{"name":"(unnamed public road)","road_class":"track","source":"OpenStreetMap","source_detail":"osm way 1040686400","source_tile":"167/397","surface_inferred":true},"geometry":{"type":"LineString","coordinates":[[-121.23741,37.2093],[-121.23788,37.20942],[-121.23828,37.20964],[-121.23878,37.20986],[-121.2391,37.20995],[-121.23924,37.21004],[-121.23946,37.21026],[-121.23968,37.21043],[-121.23993,37.21047],[-121.24044,37.21056],[-121.24078,37.21062],[-121.24112,37.21068],[-121.2413,37.21074],[-121.24149,37.2108],[-121.24171,37.21092],[-121.24189,37.21104],[-121.24209,37.21107],[-121.24224,37.21121],[-121.24242,37.21131],[-121.24263,37.21135],[-121.24275,37.21144],[-121.24276,37.21158],[-121.24278,37.21173],[-121.2429,37.21181],[-121.24309,37.21196],[-121.24347,37.21216],[-121.24399,37.2124],[-121.24429,37.21263],[-121.24439,37.21282],[-121.24442,37.21291],[-121.2445,37.21301],[-121.24458,37.21311],[-121.24499,37.21324],[-121.24514,37.21332]]}},{"type":"Feature","properties":{"name":"(unnamed public road)","road_class":"track","source":"OpenStreetMap","source_detail":"osm way 1040686401","source_tile":"167/397","surface_inferred":true},"geometry":{"type":"LineString","coordinates":[[-121.24494,37.21235],[-121.24466,37.21256],[-121.2445,37.21267],[-121.24455,37.21291],[-121.2445,37.21301]]}},{"type":"Feature","properties":{"name":"(unnamed public road)","road_class":"track","source":"OpenStreetMap","source_detail":"osm way 1040686402","source_tile":"167/397","surface_inferred":true},"geometry":{"type":"LineString","coordinates":[[-121.24514,37.21332],[-121.24543,37.21337],[-121.2455,37.21323],[-121.24549,37.21298],[-121.24557,37.21272],[-121.24584,37.21257],[-121.24602,37.21255],[-121.24661,37.2127],[-121.24688,37.21276],[-121.24711,37.21276],[-121.24718,37.2127],[-121.24717,37.21267],[-121.24692,37.21254],[-121.24671,37.21228],[-121.24659,37.21209],[-121.24661,37.21196],[-121.24671,37.21186],[-121.24683,37.21186],[-121.24699,37.21188],[-121.24713,37.21178],[-121.24727,37.21173],[-121.24735,37.21156],[-121.24769,37.21143]]}},{"type":"Feature","properties":{"name":"(unnamed public road)","road_class":"track","source":"OpenStreetMap","source_detail":"osm way 1040686403","source_tile":"167/397","surface_inferred":true},"geometry":{"type":"LineString","coordinates":[[-121.24514,37.21332],[-121.24542,37.21352],[-121.24582,37.21391],[-121.2461,37.21424],[-121.24623,37.2145]]}},{"type":"Feature","properties":{"name":"(unnamed public road)","road_class":"track","source":"OpenStreetMap","source_detail":"osm way 1040686404","source_tile":"167/397","surface_inferred":true},"geometry":{"type":"LineString","coordinates":[[-121.24623,37.2145],[-121.2466,37.21454],[-121.24714,37.21446],[-121.24758,37.21438],[-121.24776,37.21423],[-121.24788,37.21413],[-121.24813,37.21406],[-121.24839,37.21367],[-121.24862,37.21353],[-121.24889,37.21352],[-121.24915,37.21363],[-121.24953,37.21354],[-121.24992,37.21343],[-121.2501,37.21333],[-121.25028,37.21318],[-121.25049,37.21264],[-121.25056,37.21248],[-121.2507,37.21235],[-121.25094,37.21234],[-121.2513,37.21247],[-121.2515,37.21249],[-121.25196,37.21234]]}},{"type":"Feature","properties":{"name":"(unnamed public road)","road_class":"track","source":"OpenStreetMap","source_detail":"osm way 1040686405","source_tile":"167/397","surface_inferred":true},"geometry":{"type":"LineString","coordinates":[[-121.25196,37.21234],[-121.2524,37.21201],[-121.25243,37.21187],[-121.25228,37.21158],[-121.25248,37.21127],[-121.25248,37.21097],[-121.25255,37.21058],[-121.25296,37.21008],[-121.2532,37.20962],[-121.25362,37.20901],[-121.25363,37.20871],[-121.25358,37.20829],[-121.25378,37.20804],[-121.25423,37.20777],[-121.25438,37.20763],[-121.25435,37.20746],[-121.25435,37.20725],[-121.25446,37.20697],[-121.2549,37.20656],[-121.25504,37.20642],[-121.25501,37.20631]]}},{"type":"Feature","properties":{"name":"(unnamed public road)","road_class":"track","source":"OpenStreetMap","source_detail":"osm way 1040686406","source_tile":"167/397","surface_inferred":true},"geometry":{"type":"LineString","coordinates":[[-121.25501,37.20631],[-121.25482,37.20617],[-121.25461,37.20615],[-121.25452,37.20609],[-121.25446,37.20598],[-121.25425,37.20588],[-121.25384,37.20588],[-121.25356,37.20579]]}},{"type":"Feature","properties":{"name":"(unnamed public road)","road_class":"track","source":"OpenStreetMap","source_detail":"osm way 1040686407","source_tile":"167/397","surface_inferred":true},"geometry":{"type":"LineString","coordinates":[[-121.25356,37.20579],[-121.25292,37.20578],[-121.25284,37.20582],[-121.25272,37.20596],[-121.25263,37.206],[-121.25257,37.20625],[-121.25271,37.20644],[-121.25287,37.20649],[-121.25298,37.2066],[-121.25315,37.20678]]}},{"type":"Feature","properties":{"name":"(unnamed public road)","road_class":"track","source":"OpenStreetMap","source_detail":"osm way 1040686408","source_tile":"167/397","surface_inferred":true},"geometry":{"type":"LineString","coordinates":[[-121.25504,37.20642],[-121.25509,37.20626],[-121.25503,37.20592],[-121.25502,37.20551],[-121.25471,37.20518],[-121.25465,37.20505],[-121.25468,37.20498]]}},{"type":"Feature","properties":{"name":"(unnamed public road)","road_class":"track","source":"OpenStreetMap","source_detail":"osm way 1040686409","source_tile":"167/397","surface_inferred":true},"geometry":{"type":"LineString","coordinates":[[-121.25632,37.20882],[-121.25588,37.20875],[-121.25555,37.2087],[-121.25525,37.20856],[-121.25497,37.2084],[-121.25457,37.20838],[-121.25431,37.20845],[-121.25404,37.20845],[-121.25385,37.20858],[-121.25375,37.2089],[-121.25364,37.20908],[-121.25347,37.20942],[-121.25316,37.20994],[-121.25294,37.21028],[-121.25283,37.21051],[-121.25275,37.21074],[-121.25259,37.21087],[-121.25257,37.21129],[-121.25266,37.21164],[-121.25256,37.2119],[-121.25251,37.21212],[-121.25239,37.21231],[-121.25224,37.21236],[-121.25196,37.21234]]}},{"type":"Feature","properties":{"name":"(unnamed public road)","road_class":"track","source":"OpenStreetMap","source_detail":"osm way 1040686410","source_tile":"167/397","surface_inferred":true},"geometry":{"type":"LineString","coordinates":[[-121.25632,37.20882],[-121.25625,37.2086],[-121.25625,37.20841],[-121.25643,37.20817],[-121.25645,37.20797],[-121.25629,37.20775],[-121.25608,37.20768],[-121.25596,37.20767],[-121.25595,37.20754],[-121.25611,37.20718],[-121.25613,37.20663],[-121.25621,37.20616],[-121.2564,37.20585],[-121.25654,37.20577]]}},{"type":"Feature","properties":{"name":"(unnamed public road)","road_class":"track","source":"OpenStreetMap","source_detail":"osm way 1040686416","source_tile":"167/397","surface_inferred":true},"geometry":{"type":"LineString","coordinates":[[-121.24644,37.22255],[-121.24702,37.2224],[-121.24792,37.22246],[-121.24813,37.2226],[-121.24832,37.22273],[-121.24863,37.22276],[-121.24892,37.22293],[-121.24933,37.22303],[-121.24933,37.2232],[-121.24944,37.22346],[-121.24973,37.22355],[-121.25007,37.22348],[-121.25031,37.22358],[-121.25034,37.22386],[-121.2504,37.22423],[-121.25065,37.22452],[-121.25071,37.22473],[-121.25084,37.22501],[-121.25115,37.22521],[-121.25163,37.22563],[-121.25215,37.22629],[-121.25264,37.22675],[-121.25302,37.22693],[-121.25365,37.22728],[-121.25414,37.22748],[-121.25498,37.22763],[-121.25526,37.22765],[-121.25566,37.22774],[-121.25592,37.22784],[-121.25627,37.22789],[-121.25659,37.22783],[-121.257,37.22773],[-121.25723,37.2277],[-121.25755,37.22772],[-121.25775,37.22769],[-121.25802,37.22755]]}},{"type":"Feature","properties":{"name":"(unnamed public road)","road_class":"track","source":"OpenStreetMap","source_detail":"osm way 1040686417","source_tile":"167/397","surface_inferred":true},"geometry":{"type":"LineString","coordinates":[[-121.25802,37.22755],[-121.25825,37.2275],[-121.25856,37.22755],[-121.25877,37.22783],[-121.2592,37.2279],[-121.25954,37.22792],[-121.25996,37.22784],[-121.26054,37.22788]]}},{"type":"Feature","properties":{"name":"(unnamed public road)","road_class":"track","source":"OpenStreetMap","source_detail":"osm way 1040686418","source_tile":"167/397","surface_inferred":true},"geometry":{"type":"LineString","coordinates":[[-121.26054,37.22788],[-121.26081,37.22777],[-121.26112,37.22772],[-121.2615,37.22754],[-121.26192,37.22744],[-121.26208,37.22724],[-121.26246,37.22707],[-121.26258,37.22686],[-121.263,37.22658],[-121.26326,37.22635],[-121.26339,37.22609],[-121.26358,37.22589],[-121.26366,37.22555],[-121.2636,37.2253],[-121.26314,37.22482],[-121.26275,37.22471],[-121.26244,37.22455],[-121.2622,37.22436],[-121.2618,37.22421],[-121.26134,37.22407],[-121.26122,37.22399],[-121.26101,37.22373],[-121.26065,37.22336],[-121.26038,37.22309],[-121.26019,37.22279]]}},{"type":"Feature","properties":{"name":"(unnamed public road)","road_class":"track","source":"OpenStreetMap","source_detail":"osm way 1040686419","source_tile":"167/397","surface_inferred":true},"geometry":{"type":"LineString","coordinates":[[-121.26019,37.22279],[-121.25946,37.22191],[-121.2587,37.22132],[-121.25837,37.22105],[-121.25817,37.22089],[-121.25806,37.22077],[-121.25789,37.22063],[-121.25762,37.2205]]}},{"type":"Feature","properties":{"name":"(unnamed public road)","road_class":"track","source":"OpenStreetMap","source_detail":"osm way 1040686420","source_tile":"167/397","surface_inferred":true},"geometry":{"type":"LineString","coordinates":[[-121.26054,37.22788],[-121.26065,37.22801],[-121.26071,37.22827],[-121.26069,37.22855],[-121.26089,37.22885],[-121.26111,37.22912],[-121.26133,37.22923]]}},{"type":"Feature","properties":{"name":"(unnamed public road)","road_class":"track","source":"OpenStreetMap","source_detail":"osm way 1040686421","source_tile":"167/397","surface_inferred":true},"geometry":{"type":"LineString","coordinates":[[-121.26587,37.21599],[-121.26592,37.21584],[-121.26579,37.21554],[-121.26587,37.21533],[-121.26605,37.21525],[-121.26656,37.21518],[-121.26687,37.21501],[-121.26708,37.21498],[-121.26733,37.21504],[-121.26772,37.2151],[-121.2679,37.21506],[-121.26798,37.21486],[-121.26803,37.21435],[-121.26806,37.21423]]}},{"type":"Feature","properties":{"name":"(unnamed public road)","road_class":"track","source":"OpenStreetMap","source_detail":"osm way 1040718655","source_tile":"167/397","surface_inferred":true},"geometry":{"type":"LineString","coordinates":[[-121.28638,37.19768],[-121.2864,37.19743],[-121.28622,37.19708],[-121.28595,37.19673],[-121.28568,37.19645],[-121.28543,37.19636],[-121.28521,37.19623],[-121.28516,37.19607],[-121.28522,37.19591],[-121.28524,37.19569],[-121.28525,37.19527],[-121.28535,37.19504],[-121.28553,37.19478],[-121.28557,37.19456],[-121.28544,37.19402],[-121.28529,37.1932],[-121.28518,37.1928],[-121.28522,37.19197],[-121.2853,37.19185],[-121.28558,37.19171],[-121.28578,37.19134],[-121.28582,37.19112],[-121.28576,37.19079],[-121.28565,37.1906],[-121.28573,37.19031]]}},{"type":"Feature","properties":{"name":"(unnamed public road)","road_class":"track","source":"OpenStreetMap","source_detail":"osm way 1040718656","source_tile":"167/397","surface_inferred":true},"geometry":{"type":"LineString","coordinates":[[-121.28565,37.1906],[-121.28559,37.19072],[-121.28566,37.19078],[-121.28572,37.19079],[-121.28576,37.19079]]}},{"type":"Feature","properties":{"name":"(unnamed public road)","road_class":"track","source":"OpenStreetMap","source_detail":"osm way 1040718657","source_tile":"167/397","surface_inferred":true},"geometry":{"type":"LineString","coordinates":[[-121.27008,37.18666],[-121.26999,37.18677],[-121.27021,37.187],[-121.27038,37.18716],[-121.27047,37.18744],[-121.27039,37.18775],[-121.2705,37.18808],[-121.27066,37.18848],[-121.27086,37.18874],[-121.27111,37.18884],[-121.27151,37.18896],[-121.27215,37.18911],[-121.27312,37.18937],[-121.27357,37.18951],[-121.27393,37.18944],[-121.27433,37.18947],[-121.27461,37.18959],[-121.27469,37.1897],[-121.27461,37.18985],[-121.27435,37.18995],[-121.27443,37.19012],[-121.2747,37.19039],[-121.27486,37.19056],[-121.27476,37.19067],[-121.27452,37.19072],[-121.27434,37.19084],[-121.27427,37.19102],[-121.27421,37.19121],[-121.274,37.19121],[-121.2738,37.1913],[-121.2736,37.19129],[-121.27345,37.19133],[-121.27344,37.1915],[-121.27353,37.19166],[-121.27373,37.19181],[-121.27377,37.19193],[-121.27388,37.19219],[-121.2741,37.19244],[-121.27437,37.19254],[-121.27458,37.19253],[-121.27475,37.19244],[-121.27489,37.19247],[-121.27491,37.19259],[-121.27471,37.19268],[-121.27429,37.19289],[-121.27425,37.19299],[-121.27424,37.1931],[-121.27416,37.19314],[-121.27417,37.19328],[-121.27428,37.19348],[-121.27464,37.1938],[-121.27471,37.19399],[-121.27469,37.19416],[-121.27468,37.19432],[-121.27478,37.19449],[-121.27482,37.19465],[-121.27482,37.19484],[-121.27477,37.19527],[-121.2748,37.19568],[-121.27477,37.19588],[-121.27481,37.19611],[-121.27472,37.19634],[-121.2747,37.19651],[-121.27452,37.19656],[-121.27431,37.19646],[-121.27407,37.19642]]}},{"type":"Feature","properties":{"name":"(unnamed public road)","road_class":"track","source":"OpenStreetMap","source_detail":"osm way 1040718658","source_tile":"167/397","surface_inferred":true},"geometry":{"type":"LineString","coordinates":[[-121.27097,37.18685],[-121.27116,37.18701],[-121.27141,37.18718],[-121.27163,37.18721],[-121.27189,37.18709],[-121.27213,37.18704],[-121.2727,37.18694],[-121.27314,37.1868],[-121.2732,37.18674],[-121.27331,37.18663],[-121.27341,37.18647],[-121.27347,37.18617],[-121.2736,37.18609],[-121.27381,37.18606],[-121.27421,37.18591],[-121.27436,37.18584]]}},{"type":"Feature","properties":{"name":"(unnamed public road)","road_class":"track","source":"OpenStreetMap","source_detail":"osm way 1040718659","source_tile":"167/397","surface_inferred":true},"geometry":{"type":"LineString","coordinates":[[-121.27381,37.18606],[-121.27406,37.18634],[-121.27433,37.18646],[-121.27486,37.18671],[-121.27515,37.18685],[-121.27547,37.18688],[-121.27561,37.18682]]}},{"type":"Feature","properties":{"name":"(unnamed public road)","road_class":"track","source":"OpenStreetMap","source_detail":"osm way 1040718660","source_tile":"167/397","surface_inferred":true},"geometry":{"type":"LineString","coordinates":[[-121.27561,37.18682],[-121.27584,37.18696],[-121.27589,37.18711],[-121.27587,37.18728],[-121.27598,37.18745],[-121.276,37.18765],[-121.27591,37.18797],[-121.27577,37.18818],[-121.27561,37.18831]]}},{"type":"Feature","properties":{"name":"(unnamed public road)","road_class":"track","source":"OpenStreetMap","source_detail":"osm way 1040718661","source_tile":"167/397","surface_inferred":true},"geometry":{"type":"LineString","coordinates":[[-121.27521,37.18827],[-121.27535,37.18822],[-121.27561,37.18831],[-121.27582,37.18839]]}},{"type":"Feature","properties":{"name":"(unnamed public road)","road_class":"track","source":"OpenStreetMap","source_detail":"osm way 1040718662","source_tile":"167/397","surface_inferred":true},"geometry":{"type":"LineString","coordinates":[[-121.27582,37.18839],[-121.27553,37.18851],[-121.27501,37.18877],[-121.27471,37.1888],[-121.2744,37.18888],[-121.27414,37.18886],[-121.27389,37.18875],[-121.27327,37.18872],[-121.27298,37.18862],[-121.27277,37.18859],[-121.27267,37.18858],[-121.27266,37.18852],[-121.27293,37.18838],[-121.2733,37.18817],[-121.27349,37.1881],[-121.27367,37.18811],[-121.27375,37.18795],[-121.27366,37.18775],[-121.27344,37.18749],[-121.27336,37.18712],[-121.27328,37.18694],[-121.2732,37.18674]]}},{"type":"Feature","properties":{"name":"(unnamed public road)","road_class":"track","source":"OpenStreetMap","source_detail":"osm way 1040718663","source_tile":"167/397","surface_inferred":true},"geometry":{"type":"LineString","coordinates":[[-121.27582,37.18839],[-121.27615,37.18834],[-121.27674,37.18805],[-121.27718,37.18778],[-121.27726,37.18755],[-121.27726,37.1872],[-121.27745,37.18689],[-121.27767,37.18672],[-121.27787,37.18668],[-121.27795,37.18659],[-121.27821,37.1862],[-121.27845,37.18605],[-121.2799,37.18589],[-121.28074,37.18575],[-121.28112,37.18582],[-121.28137,37.1858],[-121.28174,37.18577],[-121.28214,37.18587],[-121.28249,37.18594],[-121.28275,37.18593],[-121.28327,37.18579],[-121.28357,37.18572],[-121.28411,37.1856]]}},{"type":"Feature","properties":{"name":"(unnamed public road)","road_class":"track","source":"OpenStreetMap","source_detail":"osm way 1040722186","source_tile":"167/397","surface_inferred":true},"geometry":{"type":"LineString","coordinates":[[-121.28411,37.1856],[-121.28441,37.18564],[-121.28466,37.18553],[-121.28524,37.18548],[-121.2855,37.18552],[-121.28573,37.18564]]}},{"type":"Feature","properties":{"name":"(unnamed public road)","road_class":"track","source":"OpenStreetMap","source_detail":"osm way 1040722189","source_tile":"167/397","surface_inferred":true},"geometry":{"type":"LineString","coordinates":[[-121.28573,37.18564],[-121.28597,37.18535],[-121.28608,37.18494],[-121.28617,37.18453],[-121.28616,37.184],[-121.28602,37.18344],[-121.28567,37.18294],[-121.28546,37.18268],[-121.28541,37.18244],[-121.28539,37.18235],[-121.2853,37.18221],[-121.28483,37.18203],[-121.28439,37.18197],[-121.28417,37.1819],[-121.28403,37.18189],[-121.28375,37.18182]]}},{"type":"Feature","properties":{"name":"(unnamed public road)","road_class":"track","source":"OpenStreetMap","source_detail":"osm way 1041290392","source_tile":"167/397","surface_inferred":true},"geometry":{"type":"LineString","coordinates":[[-121.28563,37.23214],[-121.28555,37.23202],[-121.28554,37.23183],[-121.28563,37.23159],[-121.28583,37.23143],[-121.2859,37.23129],[-121.28589,37.23103],[-121.28596,37.23072],[-121.28589,37.2303],[-121.28589,37.23014],[-121.28598,37.22988],[-121.28598,37.22966],[-121.28586,37.22947],[-121.28553,37.22911],[-121.28542,37.22895],[-121.28538,37.22871],[-121.28543,37.2284],[-121.28542,37.22823],[-121.28534,37.22796],[-121.2853,37.22776],[-121.28534,37.22754],[-121.28538,37.22735],[-121.28533,37.22719],[-121.28519,37.22712],[-121.28508,37.22692],[-121.28495,37.22679],[-121.28492,37.22664],[-121.28496,37.22643],[-121.28503,37.22633],[-121.28502,37.22614],[-121.28484,37.22578],[-121.28461,37.22552],[-121.28451,37.22533],[-121.28454,37.22519],[-121.28467,37.22502],[-121.28467,37.22485],[-121.28451,37.22454],[-121.28418,37.22403],[-121.28408,37.22386],[-121.28406,37.22376],[-121.28404,37.22351]]}},{"type":"Feature","properties":{"name":"(unnamed public road)","road_class":"track","source":"OpenStreetMap","source_detail":"osm way 1041290393","source_tile":"167/397","surface_inferred":true},"geometry":{"type":"LineString","coordinates":[[-121.28404,37.22351],[-121.28393,37.22348],[-121.28362,37.22326],[-121.2835,37.22317],[-121.28342,37.223],[-121.28327,37.22279],[-121.2831,37.22272],[-121.28298,37.22263],[-121.28282,37.22245],[-121.28266,37.22239],[-121.28245,37.22235],[-121.28226,37.22223],[-121.28191,37.22219],[-121.28174,37.22227],[-121.28172,37.22241],[-121.28173,37.22266],[-121.28167,37.22274],[-121.2811,37.2227],[-121.28089,37.22267],[-121.28057,37.2226],[-121.28031,37.22264],[-121.28003,37.22271],[-121.27962,37.22291],[-121.2793,37.22305],[-121.27892,37.22331],[-121.27874,37.22335],[-121.27845,37.22336],[-121.27824,37.22343],[-121.27801,37.22346],[-121.27785,37.22364],[-121.27765,37.2238],[-121.27729,37.22403],[-121.27692,37.22406],[-121.27673,37.22413],[-121.27646,37.22422],[-121.27619,37.22421],[-121.27602,37.22412],[-121.27593,37.22408]]}},{"type":"Feature","properties":{"name":"(unnamed public road)","road_class":"track","source":"OpenStreetMap","source_detail":"osm way 1041290394","source_tile":"167/397","surface_inferred":true},"geometry":{"type":"LineString","coordinates":[[-121.27593,37.22408],[-121.27568,37.22422],[-121.27544,37.22426],[-121.27495,37.22428],[-121.27456,37.22438],[-121.27422,37.22441],[-121.27383,37.22434],[-121.27367,37.2243]]}},{"type":"Feature","properties":{"name":"(unnamed public road)","road_class":"track","source":"OpenStreetMap","source_detail":"osm way 1041290395","source_tile":"167/397","surface_inferred":true},"geometry":{"type":"LineString","coordinates":[[-121.27593,37.22408],[-121.2757,37.22401],[-121.27547,37.22395],[-121.27538,37.22387],[-121.2754,37.22377],[-121.27563,37.22369],[-121.27593,37.22367],[-121.2761,37.22359],[-121.27619,37.22345],[-121.27618,37.22328],[-121.27606,37.22294],[-121.27602,37.22273],[-121.27605,37.22252],[-121.27599,37.22241],[-121.27587,37.2223],[-121.27574,37.22221],[-121.27572,37.22207],[-121.27574,37.22197],[-121.27581,37.2219],[-121.27599,37.22193],[-121.27617,37.22194],[-121.27631,37.22181],[-121.27645,37.22162],[-121.27643,37.22144],[-121.27645,37.22124],[-121.27658,37.22109],[-121.2768,37.2209],[-121.27691,37.22073],[-121.27709,37.2206],[-121.27727,37.22058],[-121.2779,37.22062],[-121.27816,37.22061],[-121.27848,37.22058],[-121.27876,37.2206],[-121.27907,37.22058],[-121.27929,37.22051],[-121.27939,37.22046],[-121.27942,37.22034],[-121.27938,37.22023]]}},{"type":"Feature","properties":{"name":"(unnamed public road)","road_class":"track","source":"OpenStreetMap","source_detail":"osm way 1041290396","source_tile":"167/397","surface_inferred":true},"geometry":{"type":"LineString","coordinates":[[-121.27938,37.22023],[-121.27936,37.22013],[-121.27924,37.22005],[-121.27907,37.22003],[-121.27883,37.22008],[-121.2787,37.22007],[-121.27845,37.22],[-121.27826,37.22002],[-121.27812,37.21998],[-121.27796,37.21986],[-121.2778,37.21978],[-121.27769,37.21974],[-121.27763,37.21962],[-121.27759,37.2195],[-121.27728,37.21922],[-121.27711,37.21908],[-121.27691,37.21903],[-121.27672,37.21901],[-121.27653,37.21893],[-121.27635,37.21883],[-121.27612,37.21876],[-121.27591,37.21865],[-121.27553,37.21854],[-121.27517,37.21842],[-121.27504,37.21832],[-121.27494,37.21824],[-121.27459,37.21815]]}},{"type":"Feature","properties":{"name":"(unnamed public road)","road_class":"track","source":"OpenStreetMap","source_detail":"osm way 1041290397","source_tile":"167/397","surface_inferred":true},"geometry":{"type":"LineString","coordinates":[[-121.27459,37.21815],[-121.27444,37.21808],[-121.27413,37.21794],[-121.27388,37.21794],[-121.27329,37.21804],[-121.27306,37.21807],[-121.27249,37.21804],[-121.27181,37.21805],[-121.2712,37.21811],[-121.27051,37.21821],[-121.26996,37.21819],[-121.26941,37.21816],[-121.26874,37.21806],[-121.26831,37.21799],[-121.26814,37.21791],[-121.26801,37.21779],[-121.26785,37.21772],[-121.26769,37.21777],[-121.26751,37.21784],[-121.26716,37.21771],[-121.26688,37.21774],[-121.26665,37.21777],[-121.26647,37.21767],[-121.26645,37.21757],[-121.26625,37.21714],[-121.26608,37.21712],[-121.26593,37.21714],[-121.26583,37.21709],[-121.26583,37.217],[-121.26595,37.21684],[-121.26605,37.21653],[-121.26602,37.21636],[-121.26584,37.21617],[-121.2658,37.21608],[-121.26587,37.21599]]}},{"type":"Feature","properties":{"name":"(unnamed public road)","road_class":"track","source":"OpenStreetMap","source_detail":"osm way 1041290398","source_tile":"167/397","surface_inferred":true},"geometry":{"type":"LineString","coordinates":[[-121.27444,37.21808],[-121.27418,37.2184],[-121.27404,37.21858],[-121.27405,37.21879],[-121.27402,37.21901],[-121.27385,37.2191],[-121.27368,37.21907],[-121.27351,37.21914],[-121.27342,37.21941],[-121.27341,37.21958],[-121.27334,37.21967],[-121.27298,37.21996],[-121.27258,37.22004],[-121.27227,37.22002],[-121.272,37.21991],[-121.27186,37.21988],[-121.2718,37.21993],[-121.27188,37.22012],[-121.27193,37.22025],[-121.27188,37.22032],[-121.27173,37.22035],[-121.27158,37.22037],[-121.27133,37.22044],[-121.27122,37.2205],[-121.27106,37.22052],[-121.27071,37.22042],[-121.27034,37.2203],[-121.27005,37.22026],[-121.26986,37.22027],[-121.26967,37.22033],[-121.26939,37.22031],[-121.26895,37.22036],[-121.26862,37.22037],[-121.26816,37.22048],[-121.2677,37.22056]]}},{"type":"Feature","properties":{"name":"(unnamed public road)","road_class":"track","source":"OpenStreetMap","source_detail":"osm way 1041290399","source_tile":"167/397","surface_inferred":true},"geometry":{"type":"LineString","coordinates":[[-121.2677,37.22056],[-121.26777,37.22066],[-121.26804,37.22078],[-121.26831,37.22087],[-121.26849,37.22092],[-121.26866,37.22096],[-121.26889,37.22101],[-121.26911,37.22102],[-121.26936,37.22106],[-121.26967,37.22103],[-121.26984,37.22104],[-121.26992,37.22112],[-121.26996,37.22124],[-121.26993,37.2214],[-121.26989,37.22156],[-121.26988,37.22163]]}},{"type":"Feature","properties":{"name":"(unnamed public road)","road_class":"track","source":"OpenStreetMap","source_detail":"osm way 1041290400","source_tile":"167/397","surface_inferred":true},"geometry":{"type":"LineString","coordinates":[[-121.26988,37.22163],[-121.27037,37.22165],[-121.27071,37.22167],[-121.27085,37.22174],[-121.27093,37.22192],[-121.27104,37.22204],[-121.27118,37.22211],[-121.27135,37.22218],[-121.27145,37.22225],[-121.27153,37.22234],[-121.2718,37.22256],[-121.2722,37.22261],[-121.27271,37.22266],[-121.2728,37.22273],[-121.27279,37.22285],[-121.27268,37.22297],[-121.27254,37.22299],[-121.27233,37.22299],[-121.27222,37.22304],[-121.27224,37.22314],[-121.27236,37.22326],[-121.27253,37.22338]]}},{"type":"Feature","properties":{"name":"(unnamed public road)","road_class":"track","source":"OpenStreetMap","source_detail":"osm way 1041290401","source_tile":"167/397","surface_inferred":true},"geometry":{"type":"LineString","coordinates":[[-121.27253,37.22338],[-121.27283,37.22353],[-121.27324,37.22365],[-121.27344,37.22373],[-121.27359,37.22391],[-121.27368,37.22416],[-121.27367,37.2243]]}},{"type":"Feature","properties":{"name":"(unnamed public road)","road_class":"track","source":"OpenStreetMap","source_detail":"osm way 1041290402","source_tile":"167/397","surface_inferred":true},"geometry":{"type":"LineString","coordinates":[[-121.27367,37.2243],[-121.27349,37.22443],[-121.27337,37.22463],[-121.27331,37.2248],[-121.27305,37.22494],[-121.27259,37.22525],[-121.27225,37.22549],[-121.27206,37.22561],[-121.27178,37.22566],[-121.27133,37.22598],[-121.27102,37.22609],[-121.27066,37.22612],[-121.27042,37.2261],[-121.27012,37.2262],[-121.26964,37.22633],[-121.26919,37.22653],[-121.26868,37.22669],[-121.26838,37.22686],[-121.26817,37.22707],[-121.26804,37.22732],[-121.26772,37.22753],[-121.26722,37.2278],[-121.26677,37.22795],[-121.26634,37.22812],[-121.26591,37.22835],[-121.26576,37.22848],[-121.26559,37.22863],[-121.2654,37.22873],[-121.2652,37.22874]]}},{"type":"Feature","properties":{"name":"(unnamed public road)","road_class":"track","source":"OpenStreetMap","source_detail":"osm way 1041290403","source_tile":"167/397","surface_inferred":true},"geometry":{"type":"LineString","coordinates":[[-121.2652,37.22874],[-121.26469,37.22876],[-121.26448,37.22874],[-121.26439,37.22876],[-121.2642,37.22885],[-121.264,37.22885],[-121.26387,37.22891],[-121.26368,37.22902],[-121.26351,37.22905],[-121.26331,37.2291],[-121.26321,37.22912],[-121.26302,37.2292],[-121.26286,37.2292],[-121.26265,37.22921]]}},{"type":"Feature","properties":{"name":"(unnamed public road)","road_class":"track","source":"OpenStreetMap","source_detail":"osm way 1041290404","source_tile":"167/397","surface_inferred":true},"geometry":{"type":"LineString","coordinates":[[-121.26265,37.22921],[-121.26224,37.22929],[-121.26196,37.22936],[-121.26174,37.2293],[-121.26151,37.22931],[-121.26133,37.22923]]}},{"type":"Feature","properties":{"name":"(unnamed public road)","road_class":"track","source":"OpenStreetMap","source_detail":"osm way 1044060814","source_tile":"167/397","surface_inferred":true},"geometry":{"type":"LineString","coordinates":[[-121.26159,37.1666],[-121.26177,37.16681],[-121.26192,37.16685],[-121.26216,37.16682],[-121.26267,37.1668],[-121.26314,37.16678],[-121.26334,37.16681],[-121.26358,37.16683],[-121.26376,37.16691],[-121.26383,37.16704],[-121.26382,37.16716],[-121.26388,37.16725],[-121.26401,37.16727],[-121.26418,37.16728],[-121.26438,37.16735],[-121.26452,37.16753],[-121.26439,37.16777],[-121.26423,37.16788],[-121.26414,37.16804],[-121.26415,37.1682],[-121.26423,37.16833],[-121.2644,37.16849],[-121.26461,37.16857],[-121.26482,37.16861],[-121.26521,37.16859],[-121.26543,37.16853],[-121.26577,37.16835],[-121.26592,37.16823],[-121.26602,37.16806],[-121.26609,37.168],[-121.2662,37.16799],[-121.26628,37.16805],[-121.26649,37.16835],[-121.26675,37.16854],[-121.26681,37.16866],[-121.26691,37.1691],[-121.2671,37.16931],[-121.26754,37.16953],[-121.26765,37.16963],[-121.26759,37.17019],[-121.26744,37.17035],[-121.26728,37.17037],[-121.26714,37.17038],[-121.26709,37.17046],[-121.26682,37.17058],[-121.26664,37.17083],[-121.26612,37.17123],[-121.26569,37.17137],[-121.26543,37.17144],[-121.26524,37.17158],[-121.26499,37.17181],[-121.26477,37.1719],[-121.26449,37.17195],[-121.2641,37.17195],[-121.26377,37.17206],[-121.26337,37.17216]]}},{"type":"Feature","properties":{"name":"(unnamed public road)","road_class":"track","source":"OpenStreetMap","source_detail":"osm way 1044060815","source_tile":"167/397","surface_inferred":true},"geometry":{"type":"LineString","coordinates":[[-121.26337,37.17216],[-121.26291,37.1721],[-121.26268,37.17213],[-121.26256,37.17213],[-121.26223,37.1722],[-121.26201,37.17218],[-121.26179,37.17213],[-121.26161,37.17209],[-121.26146,37.17212],[-121.2612,37.17211],[-121.26099,37.17205],[-121.2606,37.17178],[-121.26039,37.17169],[-121.26002,37.17159],[-121.25939,37.1715],[-121.259,37.17155],[-121.25865,37.17167],[-121.25835,37.17165],[-121.25799,37.17167],[-121.25785,37.1717]]}},{"type":"Feature","properties":{"name":"(unnamed public road)","road_class":"track","source":"OpenStreetMap","source_detail":"osm way 1044060816","source_tile":"167/397","surface_inferred":true},"geometry":{"type":"LineString","coordinates":[[-121.26179,37.17213],[-121.2616,37.17224],[-121.26138,37.17239],[-121.26119,37.17247],[-121.26114,37.17253],[-121.2611,37.17272],[-121.26095,37.17285],[-121.26058,37.17308],[-121.26033,37.17319],[-121.26018,37.17333],[-121.26015,37.17352],[-121.26025,37.17373],[-121.26033,37.1739],[-121.26034,37.17411],[-121.26033,37.17425],[-121.26042,37.17444],[-121.26039,37.17477],[-121.26052,37.175],[-121.26055,37.17543],[-121.2606,37.17565],[-121.26051,37.17578],[-121.26011,37.17623],[-121.25991,37.17659],[-121.25972,37.17671],[-121.25949,37.17671],[-121.25923,37.17662],[-121.25912,37.17651],[-121.25899,37.17648],[-121.25887,37.17655],[-121.2584,37.17693],[-121.25826,37.17704],[-121.25798,37.17711]]}},{"type":"Feature","properties":{"name":"(unnamed public road)","road_class":"track","source":"OpenStreetMap","source_detail":"osm way 1044060817","source_tile":"167/397","surface_inferred":true},"geometry":{"type":"LineString","coordinates":[[-121.25435,37.18015],[-121.25445,37.17995],[-121.25457,37.1799],[-121.25467,37.18002],[-121.25477,37.18007],[-121.25489,37.18006],[-121.25502,37.17993],[-121.25511,37.17967],[-121.25525,37.17953],[-121.25527,37.17938],[-121.2552,37.17924],[-121.25505,37.179],[-121.25507,37.17872],[-121.25507,37.17835],[-121.25499,37.17808],[-121.25479,37.1775],[-121.2547,37.1772],[-121.25473,37.17695],[-121.25487,37.17658],[-121.25485,37.17639],[-121.25452,37.17606],[-121.25427,37.17593],[-121.25373,37.1758],[-121.25357,37.17568],[-121.25357,37.1755],[-121.25359,37.17526],[-121.2534,37.1751],[-121.25339,37.17494],[-121.25352,37.1747],[-121.25355,37.17447],[-121.25347,37.17395],[-121.25325,37.1737],[-121.25323,37.17367],[-121.25303,37.17333],[-121.25289,37.17325],[-121.25269,37.17327],[-121.25255,37.17315],[-121.25241,37.17285],[-121.25211,37.17268],[-121.25196,37.17269],[-121.25182,37.17276],[-121.25173,37.17291],[-121.25163,37.17307],[-121.25148,37.17323],[-121.25142,37.17343],[-121.25145,37.17359],[-121.25134,37.17367],[-121.2512,37.17367],[-121.25106,37.17357],[-121.25089,37.17324],[-121.25072,37.17313],[-121.25053,37.1731],[-121.25033,37.17321],[-121.24989,37.17327],[-121.24951,37.17324],[-121.24933,37.17327],[-121.24913,37.1734]]}},{"type":"Feature","properties":{"name":"(unnamed public road)","road_class":"track","source":"OpenStreetMap","source_detail":"osm way 1044060818","source_tile":"167/397","surface_inferred":true},"geometry":{"type":"LineString","coordinates":[[-121.2484,37.17292],[-121.24816,37.17297],[-121.24796,37.17295],[-121.24793,37.17293],[-121.24787,37.17288],[-121.24792,37.17277],[-121.24816,37.17266],[-121.24828,37.17262]]}},{"type":"Feature","properties":{"name":"(unnamed public road)","road_class":"track","source":"OpenStreetMap","source_detail":"osm way 1044060819","source_tile":"167/397","surface_inferred":true},"geometry":{"type":"LineString","coordinates":[[-121.24793,37.17293],[-121.24765,37.17302],[-121.24733,37.17317],[-121.24725,37.17329],[-121.24719,37.17347],[-121.24717,37.17372],[-121.24703,37.174],[-121.24675,37.17435],[-121.24649,37.17461],[-121.24629,37.1747],[-121.24592,37.17463],[-121.24577,37.17465],[-121.24553,37.17458],[-121.24541,37.17454],[-121.2452,37.17457],[-121.24495,37.17463],[-121.24464,37.1746]]}},{"type":"Feature","properties":{"name":"(unnamed public road)","road_class":"track","source":"OpenStreetMap","source_detail":"osm way 1044060820","source_tile":"167/397","surface_inferred":true},"geometry":{"type":"LineString","coordinates":[[-121.25323,37.17367],[-121.25329,37.1732],[-121.25331,37.1729],[-121.25342,37.1727],[-121.25368,37.17242],[-121.25388,37.17218],[-121.25399,37.17181],[-121.2542,37.17147],[-121.25416,37.17111],[-121.25414,37.17087],[-121.25423,37.17066],[-121.2542,37.17013],[-121.25426,37.16997],[-121.25436,37.16975],[-121.2544,37.16892],[-121.25437,37.16861],[-121.25427,37.1684]]}},{"type":"Feature","properties":{"name":"(unnamed public road)","road_class":"track","source":"OpenStreetMap","source_detail":"osm way 1044060821","source_tile":"167/397","surface_inferred":true},"geometry":{"type":"LineString","coordinates":[[-121.25303,37.17333],[-121.25287,37.17298],[-121.25285,37.17255],[-121.25296,37.17232],[-121.2531,37.17183],[-121.25311,37.17167],[-121.25303,37.17135],[-121.2529,37.17105],[-121.25279,37.17098],[-121.25262,37.17096],[-121.25246,37.17086],[-121.25242,37.1707],[-121.25241,37.17017],[-121.2524,37.16989],[-121.25225,37.16974],[-121.25208,37.16972],[-121.25198,37.16962],[-121.25183,37.16923],[-121.25168,37.16902],[-121.25167,37.16883],[-121.25182,37.16867],[-121.25178,37.16857],[-121.25123,37.16855],[-121.25094,37.1683],[-121.25072,37.16821],[-121.2506,37.16811],[-121.25056,37.168],[-121.25045,37.16794],[-121.25024,37.168],[-121.25005,37.16796],[-121.24949,37.16777],[-121.24928,37.1676],[-121.24903,37.16723],[-121.24872,37.16708],[-121.24849,37.16687],[-121.24835,37.16678]]}},{"type":"Feature","properties":{"name":"(unnamed public road)","road_class":"track","source":"OpenStreetMap","source_detail":"osm way 1044060823","source_tile":"167/397","surface_inferred":true},"geometry":{"type":"LineString","coordinates":[[-121.24805,37.16701],[-121.24813,37.16715],[-121.24813,37.16726],[-121.24807,37.16742],[-121.24812,37.16752],[-121.24823,37.16763],[-121.24826,37.16775],[-121.24824,37.16803],[-121.24822,37.16812],[-121.24828,37.16813],[-121.24841,37.16813],[-121.24865,37.1683],[-121.24868,37.16837],[-121.24863,37.16857],[-121.24864,37.16867],[-121.24867,37.16876],[-121.24863,37.16892],[-121.24864,37.16912],[-121.24853,37.16941],[-121.24845,37.16951],[-121.24835,37.16948],[-121.24832,37.1694],[-121.24824,37.16921],[-121.24798,37.16906],[-121.24777,37.16891],[-121.24751,37.16884],[-121.24722,37.16873],[-121.24688,37.16862],[-121.24672,37.16849],[-121.24665,37.16843],[-121.24654,37.16833],[-121.24638,37.16811],[-121.24627,37.16806],[-121.24605,37.16805],[-121.24588,37.16794],[-121.24555,37.16765],[-121.24534,37.1676],[-121.24498,37.16756],[-121.24457,37.16744],[-121.24422,37.16707],[-121.24395,37.1668],[-121.24382,37.16658],[-121.2437,37.16633],[-121.24351,37.1662],[-121.24328,37.16618],[-121.24289,37.16597],[-121.24238,37.16566],[-121.24223,37.16562],[-121.24202,37.16567],[-121.2419,37.16562],[-121.24171,37.16544],[-121.24152,37.16537],[-121.24123,37.16536],[-121.24093,37.16535],[-121.24069,37.16528],[-121.24035,37.16519],[-121.23943,37.1649],[-121.23888,37.16447],[-121.23843,37.16445],[-121.23758,37.16443],[-121.23721,37.16436]]}},{"type":"Feature","properties":{"name":"(unnamed public road)","road_class":"track","source":"OpenStreetMap","source_detail":"osm way 1044060824","source_tile":"167/397","surface_inferred":true},"geometry":{"type":"LineString","coordinates":[[-121.24672,37.16849],[-121.24672,37.16892],[-121.24667,37.16929],[-121.24659,37.16953],[-121.24657,37.16994],[-121.2467,37.17031],[-121.24671,37.1704],[-121.24665,37.17055],[-121.24647,37.17065],[-121.24634,37.17093],[-121.24624,37.17108],[-121.24612,37.17118],[-121.24608,37.17133],[-121.24605,37.17162],[-121.2461,37.17179],[-121.24606,37.17211],[-121.24588,37.17226],[-121.24592,37.17243],[-121.24594,37.17256],[-121.24588,37.17275],[-121.24578,37.17301],[-121.24563,37.17323],[-121.24553,37.17356],[-121.24551,37.17394],[-121.24541,37.17431],[-121.24541,37.17454]]}},{"type":"Feature","properties":{"name":"(unnamed public road)","road_class":"track","source":"OpenStreetMap","source_detail":"osm way 1044072059","source_tile":"167/397","surface_inferred":true},"geometry":{"type":"LineString","coordinates":[[-121.24922,37.17808],[-121.24968,37.17796],[-121.25001,37.17786],[-121.25017,37.17777],[-121.25029,37.17747],[-121.25038,37.17712],[-121.25053,37.17693],[-121.25063,37.17673],[-121.25076,37.17666],[-121.2508,37.17666],[-121.25103,37.17665],[-121.2513,37.17657],[-121.25145,37.17641],[-121.25142,37.17616],[-121.25148,37.17601],[-121.25151,37.176],[-121.25163,37.17594],[-121.25226,37.17573],[-121.25253,37.1757],[-121.2529,37.17562],[-121.25297,37.1755],[-121.25359,37.17526]]}},{"type":"Feature","properties":{"name":"(unnamed public road)","road_class":"track","source":"OpenStreetMap","source_detail":"osm way 1044072062","source_tile":"167/397","surface_inferred":true},"geometry":{"type":"LineString","coordinates":[[-121.24833,37.17763],[-121.24835,37.17743],[-121.24825,37.17725],[-121.24795,37.17715],[-121.24763,37.17697],[-121.2474,37.17687],[-121.24717,37.17689],[-121.24701,37.17684],[-121.2467,37.17655]]}},{"type":"Feature","properties":{"name":"(unnamed public road)","road_class":"track","source":"OpenStreetMap","source_detail":"osm way 1044072063","source_tile":"167/397","surface_inferred":true},"geometry":{"type":"LineString","coordinates":[[-121.24099,37.1708],[-121.24107,37.17091],[-121.24132,37.17129],[-121.24149,37.17137],[-121.24207,37.17151],[-121.24222,37.17151],[-121.24237,37.17156],[-121.24297,37.17197],[-121.24306,37.17212],[-121.24317,37.17244],[-121.24332,37.17293],[-121.24344,37.17313],[-121.24371,37.17333],[-121.24381,37.17345],[-121.24387,37.17354],[-121.24388,37.1737],[-121.24378,37.17381],[-121.24364,37.17381],[-121.24317,37.17373],[-121.24301,37.17377],[-121.24274,37.17386],[-121.2424,37.1739],[-121.24221,37.17379],[-121.24201,37.17373],[-121.24191,37.17375],[-121.24144,37.17393],[-121.2412,37.17396],[-121.24096,37.17392],[-121.2403,37.17375],[-121.24014,37.17371]]}},{"type":"Feature","properties":{"name":"(unnamed public road)","road_class":"track","source":"OpenStreetMap","source_detail":"osm way 1044072064","source_tile":"167/397","surface_inferred":true},"geometry":{"type":"LineString","coordinates":[[-121.24014,37.17371],[-121.23991,37.1737],[-121.23964,37.17372],[-121.23948,37.17366],[-121.23938,37.17347],[-121.23925,37.17331],[-121.23898,37.1731],[-121.23892,37.17303],[-121.23892,37.17296],[-121.23897,37.17291],[-121.23914,37.1729],[-121.2393,37.17285],[-121.23944,37.17273],[-121.23948,37.17264],[-121.23946,37.17257],[-121.23931,37.17243],[-121.23916,37.17231],[-121.23912,37.17218],[-121.23919,37.17199],[-121.23926,37.17189],[-121.23937,37.17182],[-121.23969,37.17176],[-121.23979,37.17172],[-121.23987,37.17164],[-121.2399,37.17151],[-121.23984,37.17138],[-121.23976,37.17131],[-121.23965,37.17127],[-121.23959,37.17109],[-121.23967,37.17084],[-121.23976,37.17065],[-121.23984,37.1706],[-121.24011,37.17063],[-121.2406,37.17075],[-121.24099,37.1708]]}},{"type":"Feature","properties":{"name":"(unnamed public road)","road_class":"track","source":"OpenStreetMap","source_detail":"osm way 1044072065","source_tile":"167/397","surface_inferred":true},"geometry":{"type":"LineString","coordinates":[[-121.24344,37.17452],[-121.24331,37.17463],[-121.24313,37.17463],[-121.24258,37.17463],[-121.24213,37.17469],[-121.2421,37.17469],[-121.24161,37.17475],[-121.24099,37.17485],[-121.24048,37.17483],[-121.23996,37.17481],[-121.23966,37.17474],[-121.23951,37.1747],[-121.23951,37.17465],[-121.23958,37.17465],[-121.23962,37.17467],[-121.23966,37.17474]]}},{"type":"Feature","properties":{"name":"(unnamed public road)","road_class":"track","source":"OpenStreetMap","source_detail":"osm way 1044072066","source_tile":"167/397","surface_inferred":true},"geometry":{"type":"LineString","coordinates":[[-121.24464,37.1746],[-121.24434,37.17465]]}},{"type":"Feature","properties":{"name":"(unnamed public road)","road_class":"track","source":"OpenStreetMap","source_detail":"osm way 1044072067","source_tile":"167/397","surface_inferred":true},"geometry":{"type":"LineString","coordinates":[[-121.24221,37.17379],[-121.24204,37.17409],[-121.24195,37.17432],[-121.2418,37.1745],[-121.24161,37.17475]]}},{"type":"Feature","properties":{"name":"(unnamed public road)","road_class":"track","source":"OpenStreetMap","source_detail":"osm way 1044072068","source_tile":"167/397","surface_inferred":true},"geometry":{"type":"LineString","coordinates":[[-121.24213,37.17469],[-121.24197,37.17482],[-121.24124,37.17495],[-121.24062,37.17497],[-121.24032,37.17503],[-121.24,37.17517],[-121.23973,37.17521],[-121.2395,37.17521]]}},{"type":"Feature","properties":{"name":"(unnamed public road)","road_class":"track","source":"OpenStreetMap","source_detail":"osm way 1044072069","source_tile":"167/397","surface_inferred":true},"geometry":{"type":"LineString","coordinates":[[-121.23723,37.17513],[-121.23744,37.17512],[-121.23759,37.17507],[-121.23776,37.17505],[-121.23801,37.17509],[-121.23839,37.17519],[-121.23856,37.17519],[-121.23873,37.17521],[-121.23881,37.17521],[-121.23892,37.17517],[-121.23906,37.17514],[-121.2392,37.17508],[-121.23934,37.17509],[-121.23945,37.17515],[-121.2395,37.17521],[-121.23963,37.17532],[-121.23992,37.17553],[-121.24016,37.17567],[-121.24032,37.17576],[-121.24039,37.1759],[-121.24054,37.17603],[-121.24085,37.17615],[-121.24112,37.17628],[-121.24124,37.1764],[-121.24143,37.17652],[-121.24152,37.17664],[-121.24157,37.17676],[-121.24165,37.1768]]}},{"type":"Feature","properties":{"name":"(unnamed public road)","road_class":"track","source":"OpenStreetMap","source_detail":"osm way 1044072072","source_tile":"167/397","surface_inferred":true},"geometry":{"type":"LineString","coordinates":[[-121.2378,37.18192],[-121.2378,37.18165],[-121.23778,37.18154],[-121.23774,37.18122],[-121.23754,37.18081],[-121.23751,37.1805],[-121.23721,37.18012],[-121.23707,37.17988],[-121.23689,37.17944],[-121.23689,37.17921],[-121.23703,37.17894],[-121.23718,37.17866],[-121.23724,37.17837],[-121.23728,37.17826],[-121.23732,37.17817],[-121.23733,37.17801],[-121.23719,37.17786],[-121.23713,37.17771],[-121.23718,37.17748],[-121.23729,37.17734],[-121.23732,37.17726],[-121.2373,37.17708],[-121.2374,37.17689],[-121.23741,37.17678],[-121.23736,37.17667],[-121.23725,37.17647],[-121.23717,37.17619],[-121.23705,37.17588],[-121.237,37.17553],[-121.23706,37.17535],[-121.23723,37.17513],[-121.23722,37.17499],[-121.23719,37.17474],[-121.23716,37.17466],[-121.23712,37.17454]]}},{"type":"Feature","properties":{"name":"(unnamed public road)","road_class":"track","source":"OpenStreetMap","source_detail":"osm way 1044072073","source_tile":"167/397","surface_inferred":true},"geometry":{"type":"LineString","coordinates":[[-121.23716,37.17466],[-121.23768,37.17464],[-121.23849,37.17466]]}},{"type":"Feature","properties":{"name":"(unnamed public road)","road_class":"track","source":"OpenStreetMap","source_detail":"osm way 1044072074","source_tile":"167/397","surface_inferred":true},"geometry":{"type":"LineString","coordinates":[[-121.23712,37.17454],[-121.23728,37.17415],[-121.23746,37.17409],[-121.23753,37.17403],[-121.23762,37.17393],[-121.23811,37.17369],[-121.2383,37.17365],[-121.23875,37.17377],[-121.23896,37.17385],[-121.23911,37.17386],[-121.23924,37.17383],[-121.2394,37.17379],[-121.23963,37.17381],[-121.23981,37.17381],[-121.24014,37.17371]]}},{"type":"Feature","properties":{"name":"(unnamed public road)","road_class":"track","surface":"unpaved","source":"OpenStreetMap","source_detail":"osm way 1044072075","source_tile":"167/397"},"geometry":{"type":"LineString","coordinates":[[-121.2339,37.17864],[-121.23414,37.17903],[-121.23439,37.17927],[-121.23477,37.17946],[-121.23484,37.17956],[-121.23477,37.17968],[-121.23462,37.17986],[-121.23464,37.17997],[-121.23484,37.18026],[-121.23481,37.1805],[-121.2349,37.18082],[-121.23491,37.18117]]}},{"type":"Feature","properties":{"name":"(unnamed public road)","road_class":"track","source":"OpenStreetMap","source_detail":"osm way 1044072076","source_tile":"167/397","surface_inferred":true},"geometry":{"type":"LineString","coordinates":[[-121.23689,37.17921],[-121.23649,37.17918],[-121.23639,37.17923],[-121.23634,37.17928],[-121.23634,37.17933]]}},{"type":"Feature","properties":{"name":"(unnamed public road)","road_class":"track","source":"OpenStreetMap","source_detail":"osm way 1044072077","source_tile":"167/397","surface_inferred":true},"geometry":{"type":"LineString","coordinates":[[-121.23728,37.17826],[-121.23764,37.17828],[-121.23782,37.17832],[-121.23799,37.17833],[-121.23817,37.17841],[-121.23831,37.17851],[-121.23858,37.17864],[-121.23887,37.1788],[-121.23934,37.17902],[-121.23953,37.17911]]}},{"type":"Feature","properties":{"name":"(unnamed public road)","road_class":"track","source":"OpenStreetMap","source_detail":"osm way 1044072078","source_tile":"167/397","surface_inferred":true},"geometry":{"type":"LineString","coordinates":[[-121.23945,37.17851],[-121.23945,37.17874],[-121.23953,37.17911],[-121.2396,37.17916],[-121.23985,37.1792],[-121.24022,37.17929],[-121.24073,37.17942],[-121.24098,37.17963],[-121.2413,37.17981],[-121.24157,37.18002],[-121.24192,37.1802],[-121.24205,37.18033],[-121.24215,37.1807],[-121.2423,37.18085],[-121.24255,37.18104],[-121.2428,37.18116],[-121.24311,37.1812],[-121.24369,37.1813],[-121.24399,37.18153],[-121.24403,37.18177],[-121.24385,37.18205],[-121.24384,37.1824],[-121.24383,37.18263],[-121.24359,37.18291],[-121.24353,37.18308],[-121.24373,37.18356]]}},{"type":"Feature","properties":{"name":"(unnamed public road)","road_class":"track","source":"OpenStreetMap","source_detail":"osm way 1044072090","source_tile":"167/398","surface_inferred":true},"geometry":{"type":"LineString","coordinates":[[-121.2865,37.15874],[-121.28637,37.15874],[-121.28623,37.15879],[-121.28602,37.15893],[-121.28579,37.15904],[-121.28544,37.15915],[-121.2852,37.15929],[-121.28501,37.15936],[-121.28484,37.15946],[-121.28476,37.15966],[-121.28482,37.15981],[-121.28494,37.16002],[-121.28514,37.16026],[-121.28529,37.16045],[-121.28649,37.16311],[-121.28669,37.16349],[-121.28667,37.16364],[-121.2866,37.16392],[-121.28665,37.16413],[-121.28674,37.16435],[-121.28679,37.16454],[-121.28706,37.16477],[-121.28721,37.16497],[-121.28741,37.16533],[-121.28759,37.16576],[-121.28783,37.16617],[-121.28794,37.1664],[-121.28797,37.16653]]}},{"type":"Feature","properties":{"name":"(unnamed public road)","road_class":"track","source":"OpenStreetMap","source_detail":"osm way 1044072091","source_tile":"167/397","surface_inferred":true},"geometry":{"type":"LineString","coordinates":[[-121.28797,37.16653],[-121.28774,37.16652],[-121.28729,37.16656],[-121.28657,37.16663],[-121.28629,37.16661]]}},{"type":"Feature","properties":{"name":"(unnamed public road)","road_class":"track","source":"OpenStreetMap","source_detail":"osm way 1057759220","source_tile":"167/397","surface_inferred":true},"geometry":{"type":"LineString","coordinates":[[-121.2226,37.23614],[-121.22259,37.23579],[-121.2226,37.23561],[-121.22253,37.2353],[-121.22256,37.2352],[-121.22263,37.23515],[-121.22267,37.23508],[-121.22267,37.23483],[-121.22277,37.23453],[-121.22295,37.23427],[-121.22315,37.23412],[-121.22316,37.23406],[-121.22313,37.23396],[-121.22299,37.23373],[-121.22295,37.23354],[-121.22292,37.23338],[-121.22278,37.23316],[-121.22263,37.2331],[-121.22259,37.23305],[-121.22255,37.23295],[-121.22241,37.23285],[-121.22236,37.23277],[-121.22224,37.23254],[-121.22207,37.23236],[-121.22189,37.23193],[-121.2218,37.23168],[-121.22157,37.23155],[-121.22119,37.23136],[-121.22111,37.23126],[-121.22105,37.23107],[-121.22082,37.23081],[-121.22072,37.23073],[-121.22058,37.23052],[-121.22052,37.23034],[-121.22047,37.23008],[-121.2204,37.22995],[-121.2202,37.22987],[-121.21998,37.22982],[-121.21982,37.22966],[-121.21972,37.22952],[-121.21973,37.22938]]}},{"type":"Feature","properties":{"name":"(unnamed public road)","road_class":"track","surface":"gravel","tracktype":"grade2","source":"OpenStreetMap","source_detail":"osm way 1363176298","source_tile":"167/397"},"geometry":{"type":"LineString","coordinates":[[-120.99499,37.43155],[-120.99491,37.43155]]}},{"type":"Feature","properties":{"name":"(unnamed public road)","road_class":"track","surface":"grass","tracktype":"grade5","access":"customers","source":"OpenStreetMap","source_detail":"osm way 1363398953","source_tile":"167/397"},"geometry":{"type":"LineString","coordinates":[[-121.01516,37.42806],[-121.0151,37.42819],[-121.01501,37.42833],[-121.01496,37.4284],[-121.0149,37.4285],[-121.01486,37.42859],[-121.01484,37.42864],[-121.01482,37.42871],[-121.01477,37.42891],[-121.01474,37.42903],[-121.01472,37.4292],[-121.01471,37.42932],[-121.0146,37.42945],[-121.01461,37.42955],[-121.01469,37.42967],[-121.01479,37.4298],[-121.01481,37.42985],[-121.01473,37.42995],[-121.01461,37.42998],[-121.01451,37.43001],[-121.01444,37.43012],[-121.01437,37.43023],[-121.01431,37.43034],[-121.01428,37.43046],[-121.01411,37.43064],[-121.01393,37.43084],[-121.01385,37.43093]]}},{"type":"Feature","properties":{"name":"(unnamed public road)","road_class":"track","surface":"grass","tracktype":"grade5","access":"customers","source":"OpenStreetMap","source_detail":"osm way 1363398954","source_tile":"167/397"},"geometry":{"type":"LineString","coordinates":[[-121.01479,37.4298],[-121.01489,37.42964],[-121.01493,37.42948],[-121.01501,37.42936],[-121.01506,37.42922],[-121.01509,37.42912],[-121.01508,37.429],[-121.01502,37.42887],[-121.01489,37.42873],[-121.01484,37.42864]]}},{"type":"Feature","properties":{"name":"(unnamed public road)","road_class":"track","source":"OpenStreetMap","source_detail":"osm way 1453360228","source_tile":"167/397","surface_inferred":true},"geometry":{"type":"LineString","coordinates":[[-121.11289,37.31456],[-121.11289,37.31432],[-121.11288,37.3143],[-121.11248,37.31419],[-121.11223,37.31413],[-121.1121,37.31411],[-121.11197,37.3141],[-121.11177,37.3141],[-121.11164,37.31409],[-121.11146,37.31405],[-121.1113,37.31397],[-121.11108,37.31384],[-121.11086,37.31374],[-121.11075,37.31372],[-121.11063,37.3137],[-121.11049,37.31369],[-121.11029,37.31371],[-121.10995,37.31374],[-121.10931,37.3138],[-121.10914,37.31384],[-121.10901,37.3139],[-121.10892,37.31397],[-121.10886,37.31407],[-121.10885,37.31416],[-121.10887,37.31427],[-121.1089,37.31438],[-121.10912,37.31484],[-121.10945,37.31557],[-121.10954,37.3157],[-121.10967,37.31585],[-121.11003,37.31623],[-121.11012,37.31642],[-121.11016,37.31664],[-121.11017,37.31682],[-121.11014,37.31722],[-121.11013,37.31747],[-121.11015,37.31765],[-121.11022,37.31784],[-121.1104,37.31828],[-121.11043,37.31841],[-121.11044,37.31858],[-121.11037,37.31888]]}}]}