{"type":"FeatureCollection","features":[{"type":"Feature","properties":{"name":"5679","source":"Bureau of Land Management","source_detail":"BLM GTLF OBJECTID 153803","source_id":"{BAF42A15-AE96-4461-9F0E-C9ED2747D385}","road_class":"transportation_system_-_primitive_road","surface":"natural","vehicle_class":"4wd_low","allowed_mode":"all_moto_veh","access_restriction":"unknown","seasonal_restriction":"not_listed","route_plan_id":"5679","gis_miles":0.21023051},"geometry":{"type":"LineString","coordinates":[[-119.5329,35.24233],[-119.53292,35.24233],[-119.53294,35.24234],[-119.53298,35.24234],[-119.53303,35.24235],[-119.53308,35.24235],[-119.53315,35.24235],[-119.53321,35.24235],[-119.53326,35.24234],[-119.53332,35.24233],[-119.53338,35.24232],[-119.53343,35.24231],[-119.53348,35.24231],[-119.53355,35.24231],[-119.53361,35.24232],[-119.53368,35.24232],[-119.53375,35.24233],[-119.53382,35.24235],[-119.5339,35.24237],[-119.53398,35.24239],[-119.53406,35.24241],[-119.53414,35.24241],[-119.5342,35.24242],[-119.53427,35.24242],[-119.53432,35.24242],[-119.53437,35.24242],[-119.53442,35.24242],[-119.53447,35.24242],[-119.53453,35.24242],[-119.5346,35.24242],[-119.53467,35.24241],[-119.53474,35.24241],[-119.53482,35.2424],[-119.53489,35.2424],[-119.53497,35.24239],[-119.53505,35.24238],[-119.53513,35.24237],[-119.53523,35.24235],[-119.53531,35.24234],[-119.53538,35.24232],[-119.53542,35.24231],[-119.53546,35.2423],[-119.53551,35.24229],[-119.53557,35.24228],[-119.53563,35.24226],[-119.53568,35.24224],[-119.53573,35.24223],[-119.53578,35.24221],[-119.53583,35.2422],[-119.53588,35.24218],[-119.53592,35.24217],[-119.53596,35.24215],[-119.53599,35.24213],[-119.53603,35.24211],[-119.53606,35.24209],[-119.53609,35.24207],[-119.53613,35.24204],[-119.53617,35.24202],[-119.53623,35.242],[-119.53628,35.24198],[-119.53634,35.24196],[-119.5364,35.24195],[-119.53645,35.24193],[-119.53648,35.24193]]}},{"type":"Feature","properties":{"name":"6010","source":"Bureau of Land Management","source_detail":"BLM GTLF OBJECTID 153811","source_id":"{199DDF72-3EFA-407E-A7DB-E5940D040096}","road_class":"transportation_system_-_primitive_road","surface":"natural_improved","vehicle_class":"4wd_low","allowed_mode":"all_moto_veh","access_restriction":"unknown","seasonal_restriction":"not_listed","route_plan_id":"6010","gis_miles":0.05269268},"geometry":{"type":"LineString","coordinates":[[-119.5349,35.21048],[-119.5349,35.21051],[-119.5349,35.21054],[-119.53491,35.21058],[-119.53491,35.21062],[-119.53491,35.21067],[-119.53492,35.21072],[-119.53492,35.21077],[-119.53493,35.21081],[-119.53494,35.21085],[-119.53495,35.21089],[-119.53496,35.21094],[-119.53499,35.21099],[-119.53502,35.21103],[-119.53506,35.21107],[-119.5351,35.2111],[-119.53515,35.21113],[-119.53519,35.21116]]}},{"type":"Feature","properties":{"name":"4073","source":"Bureau of Land Management","source_detail":"BLM GTLF OBJECTID 153815","source_id":"{38CC429D-BF78-45BE-AAE5-A5F7A7D7B51E}","road_class":"transportation_system_-_primitive_road","surface":"natural_improved","vehicle_class":"2wd_low","allowed_mode":"all_moto_veh","access_restriction":"not_listed","seasonal_restriction":"not_listed","route_plan_id":"4073","gis_miles":0.38598316},"geometry":{"type":"LineString","coordinates":[[-119.61244,35.21064],[-119.61231,35.2108],[-119.61212,35.21096],[-119.61203,35.21104],[-119.61197,35.21109],[-119.61182,35.21105],[-119.61173,35.21103],[-119.61157,35.21106],[-119.61131,35.21122],[-119.611,35.21144],[-119.61071,35.21167],[-119.61059,35.21177],[-119.61055,35.21191],[-119.61056,35.21216],[-119.61061,35.21234],[-119.61073,35.21249],[-119.61091,35.21257],[-119.61097,35.21259],[-119.61112,35.2127],[-119.61121,35.21282],[-119.61135,35.21296],[-119.61147,35.21305],[-119.61171,35.21314],[-119.61185,35.21314],[-119.61189,35.21323],[-119.61187,35.21333],[-119.61176,35.21341],[-119.61144,35.21354],[-119.61127,35.21351],[-119.61107,35.21343],[-119.61091,35.21335],[-119.61079,35.21323],[-119.61074,35.21315],[-119.6107,35.21299],[-119.61061,35.21285]]}},{"type":"Feature","properties":{"name":"4259","source":"Bureau of Land Management","source_detail":"BLM GTLF OBJECTID 153817","source_id":"{B0DC2C98-611E-4D3E-A9BE-3278331E0953}","road_class":"transportation_system_-_primitive_road","surface":"natural_improved","vehicle_class":"2wd_low","allowed_mode":"all_moto_veh","access_restriction":"not_listed","seasonal_restriction":"not_listed","route_plan_id":"4259","gis_miles":0.00995272},"geometry":{"type":"LineString","coordinates":[[-119.61286,35.21504],[-119.61269,35.21501]]}},{"type":"Feature","properties":{"name":"5377","source":"Bureau of Land Management","source_detail":"BLM GTLF OBJECTID 153861","source_id":"{E66CE10C-A7B9-4FC3-A85D-8D71B972E32C}","road_class":"transportation_system_-_primitive_road","surface":"natural_improved","vehicle_class":"4wd_low","allowed_mode":"all_moto_veh","access_restriction":"unknown","seasonal_restriction":"not_listed","route_plan_id":"5377","gis_miles":0.17755744},"geometry":{"type":"LineString","coordinates":[[-119.56569,35.20073],[-119.5657,35.20072],[-119.56573,35.2007],[-119.56576,35.20067],[-119.5658,35.20065],[-119.56583,35.20063],[-119.56591,35.20057],[-119.56595,35.20054],[-119.566,35.20051],[-119.56604,35.20048],[-119.56608,35.20045],[-119.56613,35.20042],[-119.56617,35.20039],[-119.56622,35.20036],[-119.56627,35.20033],[-119.56632,35.2003],[-119.56638,35.20027],[-119.56643,35.20023],[-119.56648,35.2002],[-119.56654,35.20017],[-119.56659,35.20014],[-119.56662,35.20013],[-119.56664,35.20012],[-119.56668,35.2001],[-119.56672,35.20009],[-119.56675,35.20008],[-119.56679,35.20008],[-119.56682,35.20007],[-119.56686,35.20007],[-119.5669,35.20007],[-119.56695,35.20007],[-119.56701,35.20007],[-119.56707,35.20007],[-119.56713,35.20007],[-119.56719,35.20007],[-119.56726,35.20008],[-119.56733,35.20008],[-119.5674,35.20009],[-119.56746,35.20009],[-119.56753,35.2001],[-119.5676,35.2001],[-119.56766,35.20011],[-119.56773,35.20012],[-119.56779,35.20012],[-119.56784,35.20013],[-119.56789,35.20013],[-119.56793,35.20013],[-119.56796,35.20013],[-119.56799,35.20013],[-119.56802,35.20013],[-119.56805,35.20013],[-119.56808,35.20013],[-119.56812,35.20013],[-119.56815,35.20012],[-119.56817,35.20012],[-119.56822,35.20012],[-119.56828,35.20012],[-119.56834,35.20013],[-119.56839,35.20013],[-119.56842,35.20014],[-119.56844,35.20014],[-119.56848,35.20015],[-119.56851,35.20016],[-119.56854,35.20017],[-119.56855,35.20016]]}},{"type":"Feature","properties":{"name":"5262","source":"Bureau of Land Management","source_detail":"BLM GTLF OBJECTID 153862","source_id":"{2A4FDDD1-76B2-44AD-802E-EA350E2BFB11}","road_class":"transportation_system_-_primitive_road","surface":"natural_improved","vehicle_class":"2wd_low","allowed_mode":"all_moto_veh","access_restriction":"not_listed","seasonal_restriction":"not_listed","route_plan_id":"5262","gis_miles":0.25505651},"geometry":{"type":"LineString","coordinates":[[-119.61252,35.24532],[-119.61252,35.24531],[-119.61251,35.24527],[-119.6125,35.24523],[-119.61249,35.24517],[-119.61248,35.24512],[-119.61248,35.24506],[-119.61246,35.245],[-119.61245,35.24494],[-119.61243,35.24489],[-119.6124,35.24483],[-119.61238,35.24477],[-119.61235,35.24471],[-119.61233,35.24465],[-119.61231,35.24458],[-119.61229,35.24452],[-119.61227,35.24445],[-119.61225,35.24439],[-119.61224,35.24433],[-119.61224,35.24428],[-119.61226,35.24422],[-119.6123,35.24418],[-119.61234,35.24415],[-119.6124,35.24414],[-119.61245,35.24414],[-119.61251,35.24416],[-119.61256,35.24418],[-119.61262,35.24422],[-119.61268,35.24425],[-119.61274,35.24429],[-119.6128,35.24433],[-119.61286,35.24437],[-119.61292,35.24441],[-119.61298,35.24445],[-119.61304,35.2445],[-119.6131,35.24455],[-119.61315,35.24459],[-119.61321,35.24464],[-119.61327,35.24469],[-119.61333,35.24474],[-119.61339,35.24478],[-119.61346,35.24481],[-119.61353,35.24484],[-119.61361,35.24486],[-119.61369,35.24489],[-119.61376,35.24491],[-119.61383,35.24494],[-119.6139,35.24497],[-119.61398,35.24501],[-119.61405,35.24503],[-119.61413,35.24505],[-119.61421,35.24504],[-119.61429,35.24503],[-119.61437,35.24502],[-119.61444,35.24501],[-119.61452,35.245],[-119.6146,35.245],[-119.61468,35.24501],[-119.61475,35.24502],[-119.61482,35.24504],[-119.61494,35.24514]]}},{"type":"Feature","properties":{"name":"6013","source":"Bureau of Land Management","source_detail":"BLM GTLF OBJECTID 153884","source_id":"{E897C9DA-AEF5-4314-AE07-2AD2C4938A5B}","road_class":"transportation_system_-_primitive_road","surface":"natural_improved","vehicle_class":"4wd_low","allowed_mode":"all_moto_veh","access_restriction":"unknown","seasonal_restriction":"not_listed","route_plan_id":"6013","gis_miles":0.14654862},"geometry":{"type":"LineString","coordinates":[[-119.53628,35.21331],[-119.53627,35.21334],[-119.53625,35.21339],[-119.53624,35.21345],[-119.53623,35.21351],[-119.53621,35.21358],[-119.53619,35.21364],[-119.53616,35.21371],[-119.53613,35.21376],[-119.53611,35.2138],[-119.5361,35.21383],[-119.53609,35.21384],[-119.53609,35.21384],[-119.53608,35.21386],[-119.53607,35.21388],[-119.53605,35.21392],[-119.53603,35.21396],[-119.536,35.21401],[-119.53597,35.21406],[-119.53594,35.21412],[-119.53591,35.21418],[-119.53589,35.21424],[-119.53587,35.2143],[-119.53585,35.21436],[-119.53584,35.21443],[-119.53584,35.21449],[-119.53584,35.21456],[-119.53582,35.21463],[-119.5358,35.2147],[-119.53576,35.21477],[-119.53571,35.21483],[-119.53565,35.21489],[-119.5356,35.21493],[-119.53555,35.21498],[-119.5355,35.21502],[-119.53546,35.21507],[-119.53542,35.2151],[-119.53539,35.21513],[-119.53537,35.21515],[-119.53535,35.21517],[-119.53533,35.21519],[-119.53532,35.21521],[-119.53531,35.21522]]}},{"type":"Feature","properties":{"name":"4228","source":"Bureau of Land Management","source_detail":"BLM GTLF OBJECTID 153909","source_id":"{C1F3C659-E5CA-4557-A7C7-B38C1B2CE3F3}","road_class":"transportation_system_-_primitive_road","surface":"natural_improved","vehicle_class":"2wd_low","allowed_mode":"all_moto_veh","access_restriction":"not_listed","seasonal_restriction":"not_listed","route_plan_id":"4228","gis_miles":0.05668609},"geometry":{"type":"LineString","coordinates":[[-119.61041,35.21573],[-119.61026,35.21565],[-119.61021,35.21554],[-119.61023,35.21533],[-119.61024,35.21519],[-119.61029,35.21512],[-119.61044,35.21512]]}},{"type":"Feature","properties":{"name":"4181","source":"Bureau of Land Management","source_detail":"BLM GTLF OBJECTID 153922","source_id":"{700AAC36-5E05-4AF6-A93B-C87A152E20E7}","road_class":"transportation_system_-_primitive_road","surface":"natural","vehicle_class":"4wd_low","allowed_mode":"all_moto_veh","access_restriction":"unknown","seasonal_restriction":"not_listed","route_plan_id":"4181","gis_miles":0.37517586},"geometry":{"type":"LineString","coordinates":[[-119.57788,35.21128],[-119.57789,35.21139],[-119.57789,35.2117],[-119.5779,35.21207],[-119.5779,35.21216],[-119.5779,35.21275],[-119.57791,35.21317],[-119.5779,35.21336],[-119.5779,35.21343],[-119.57793,35.21365],[-119.57792,35.21369],[-119.57791,35.21405],[-119.57792,35.21471],[-119.57791,35.21523],[-119.57789,35.2156],[-119.57787,35.21572],[-119.57769,35.21605],[-119.57759,35.21621],[-119.5775,35.21641],[-119.57743,35.21653],[-119.57731,35.21658]]}},{"type":"Feature","properties":{"name":"5720","source":"Bureau of Land Management","source_detail":"BLM GTLF OBJECTID 153941","source_id":"{5929AA98-36C0-4D7E-BE86-29C90596D696}","road_class":"transportation_system_-_primitive_road","surface":"natural_improved","vehicle_class":"4wd_low","allowed_mode":"all_moto_veh","access_restriction":"unknown","seasonal_restriction":"not_listed","route_plan_id":"5720","gis_miles":0.35886613},"geometry":{"type":"LineString","coordinates":[[-119.52995,35.21644],[-119.52998,35.21643],[-119.53004,35.21641],[-119.53011,35.21641],[-119.53018,35.21641],[-119.53025,35.21641],[-119.53033,35.21641],[-119.5304,35.21641],[-119.53048,35.21641],[-119.53056,35.21642],[-119.53064,35.21642],[-119.53073,35.21643],[-119.53081,35.21644],[-119.5309,35.21644],[-119.53099,35.21644],[-119.53108,35.21645],[-119.53118,35.21645],[-119.53127,35.21645],[-119.53137,35.21645],[-119.53146,35.21645],[-119.53147,35.21645],[-119.53158,35.21646],[-119.53169,35.21646],[-119.53178,35.21647],[-119.53187,35.21647],[-119.53196,35.21648],[-119.53205,35.21649],[-119.53215,35.21649],[-119.53224,35.2165],[-119.53234,35.2165],[-119.53245,35.21651],[-119.53255,35.21651],[-119.53266,35.21652],[-119.53276,35.21652],[-119.53285,35.21653],[-119.53294,35.21653],[-119.53303,35.21654],[-119.53313,35.21654],[-119.53322,35.21655],[-119.53333,35.21655],[-119.53344,35.21656],[-119.53354,35.21657],[-119.53364,35.21657],[-119.53375,35.21658],[-119.53386,35.21658],[-119.53397,35.21659],[-119.53409,35.21659],[-119.53419,35.21659],[-119.53428,35.2166],[-119.53438,35.2166],[-119.53447,35.21661],[-119.53457,35.21662],[-119.53466,35.21662],[-119.53476,35.21663],[-119.53485,35.21664],[-119.53495,35.21664],[-119.53504,35.21665],[-119.53513,35.21665],[-119.53522,35.21665],[-119.53533,35.21666],[-119.53544,35.21666],[-119.53554,35.21666],[-119.53565,35.21667],[-119.53575,35.21667],[-119.53585,35.21667],[-119.53596,35.21667],[-119.53606,35.21668],[-119.53615,35.21669],[-119.5362,35.2167],[-119.53624,35.2167],[-119.53627,35.21671]]}},{"type":"Feature","properties":{"name":"5318","source":"Bureau of Land Management","source_detail":"BLM GTLF OBJECTID 153946","source_id":"{78CC8D63-8448-4DB3-80E5-8B1A63A8287A}","road_class":"transportation_system_-_primitive_road","surface":"natural_improved","vehicle_class":"2wd_low","allowed_mode":"all_moto_veh","access_restriction":"not_listed","seasonal_restriction":"not_listed","route_plan_id":"5318","gis_miles":0.06096733},"geometry":{"type":"LineString","coordinates":[[-119.60799,35.23867],[-119.60797,35.23866],[-119.60793,35.23864],[-119.60789,35.23861],[-119.60783,35.2386],[-119.60778,35.2386],[-119.60772,35.2386],[-119.60766,35.23859],[-119.60761,35.23859],[-119.60756,35.23857],[-119.60751,35.23855],[-119.60746,35.23853],[-119.60742,35.2385],[-119.60739,35.23847],[-119.60736,35.23844],[-119.60732,35.2384],[-119.60729,35.23838],[-119.60726,35.23835],[-119.60723,35.23833],[-119.6072,35.23831],[-119.60717,35.23829],[-119.60714,35.23826],[-119.60711,35.23824],[-119.6071,35.23824]]}},{"type":"Feature","properties":{"name":"5920","source":"Bureau of Land Management","source_detail":"BLM GTLF OBJECTID 153950","source_id":"{A47C2802-806D-4840-A844-3E8C4AB2D743}","road_class":"transportation_system_-_primitive_road","surface":"natural_improved","vehicle_class":"4wd_low","allowed_mode":"all_moto_veh","access_restriction":"unknown","seasonal_restriction":"not_listed","route_plan_id":"5920","gis_miles":0.03761904},"geometry":{"type":"LineString","coordinates":[[-119.55406,35.21019],[-119.55406,35.21021],[-119.55407,35.21025],[-119.55408,35.21029],[-119.55408,35.21033],[-119.55408,35.21037],[-119.55408,35.21041],[-119.55409,35.21044],[-119.55409,35.21048],[-119.55409,35.2105],[-119.55409,35.21053],[-119.55409,35.21056],[-119.55409,35.2106],[-119.55409,35.21063],[-119.55409,35.21066],[-119.55408,35.21069],[-119.55406,35.21072],[-119.55406,35.21073]]}},{"type":"Feature","properties":{"name":"5701","source":"Bureau of Land Management","source_detail":"BLM GTLF OBJECTID 153967","source_id":"{ABCE9F4D-F0E1-4139-B208-C51A59E02679}","road_class":"transportation_system_-_primitive_road","surface":"natural_improved","vehicle_class":"2wd_low","allowed_mode":"all_moto_veh","access_restriction":"not_listed","seasonal_restriction":"not_listed","route_plan_id":"5701","gis_miles":0.20106942},"geometry":{"type":"LineString","coordinates":[[-119.53251,35.21801],[-119.5325,35.21801],[-119.53249,35.21803],[-119.5325,35.21805],[-119.53252,35.21808],[-119.53254,35.21812],[-119.53255,35.21817],[-119.53256,35.21823],[-119.53256,35.21829],[-119.53256,35.21836],[-119.53257,35.21843],[-119.53259,35.21851],[-119.5326,35.21859],[-119.53261,35.21868],[-119.53263,35.21877],[-119.53264,35.21886],[-119.53266,35.21896],[-119.53268,35.21905],[-119.53269,35.21915],[-119.53269,35.21925],[-119.5327,35.21935],[-119.53271,35.21944],[-119.53271,35.21953],[-119.53272,35.21962],[-119.53273,35.21971],[-119.53273,35.21979],[-119.53273,35.21987],[-119.53271,35.21994],[-119.53267,35.21999],[-119.53261,35.22004],[-119.53255,35.22007],[-119.53247,35.22008],[-119.53239,35.2201],[-119.53229,35.22011],[-119.53219,35.22012],[-119.53209,35.22013],[-119.53199,35.22014],[-119.5319,35.22015],[-119.53182,35.22016],[-119.53175,35.22016],[-119.53169,35.22016],[-119.53166,35.22015],[-119.53164,35.22014],[-119.53164,35.22013],[-119.53164,35.22013]]}},{"type":"Feature","properties":{"name":"5300","source":"Bureau of Land Management","source_detail":"BLM GTLF OBJECTID 153969","source_id":"{13CA19AC-AF86-4BDF-B2EA-B798C5BA4645}","road_class":"transportation_system_-_primitive_road","surface":"natural","vehicle_class":"2wd_low","allowed_mode":"all_moto_veh","access_restriction":"not_listed","seasonal_restriction":"not_listed","route_plan_id":"5300","gis_miles":0.07775191},"geometry":{"type":"LineString","coordinates":[[-119.59985,35.25045],[-119.59983,35.25045],[-119.5998,35.25045],[-119.59977,35.25044],[-119.59974,35.25041],[-119.59971,35.25038],[-119.59967,35.25034],[-119.59964,35.2503],[-119.59961,35.25026],[-119.59958,35.25022],[-119.59956,35.25017],[-119.59953,35.25013],[-119.5995,35.25008],[-119.59947,35.25003],[-119.59945,35.24998],[-119.59943,35.24994],[-119.59942,35.24989],[-119.59941,35.24985],[-119.59941,35.2498],[-119.59941,35.24975],[-119.59942,35.2497],[-119.59944,35.24966],[-119.59946,35.24962],[-119.59948,35.24958],[-119.5995,35.24954],[-119.59952,35.24951],[-119.59953,35.24947]]}},{"type":"Feature","properties":{"name":"4044","source":"Bureau of Land Management","source_detail":"BLM GTLF OBJECTID 153979","source_id":"{33BA07BA-3904-461C-96C0-7CD6167EFF6E}","road_class":"transportation_system_-_primitive_road","surface":"natural_improved","vehicle_class":"2wd_low","allowed_mode":"all_moto_veh","access_restriction":"not_listed","seasonal_restriction":"not_listed","route_plan_id":"4044","gis_miles":0.1338247},"geometry":{"type":"LineString","coordinates":[[-119.59317,35.20488],[-119.59326,35.20497],[-119.59336,35.20506],[-119.5935,35.20516],[-119.5937,35.20527],[-119.59386,35.20536],[-119.594,35.20543],[-119.59413,35.20548],[-119.59424,35.20553],[-119.59435,35.20565],[-119.59442,35.20572],[-119.59454,35.20575],[-119.59487,35.20575],[-119.59514,35.20575]]}},{"type":"Feature","properties":{"name":"4178","source":"Bureau of Land Management","source_detail":"BLM GTLF OBJECTID 153996","source_id":"{FD64B51B-1CD2-49FB-A5B5-F880DD99F36B}","road_class":"transportation_system_-_primitive_road","surface":"natural","vehicle_class":"4wd_low","allowed_mode":"all_moto_veh","access_restriction":"unknown","seasonal_restriction":"not_listed","route_plan_id":"4178","gis_miles":0.23670822},"geometry":{"type":"LineString","coordinates":[[-119.57976,35.2166],[-119.57977,35.21642],[-119.5798,35.21623],[-119.57977,35.21604],[-119.57975,35.21594],[-119.5796,35.21576],[-119.57951,35.21563],[-119.57946,35.21548],[-119.57945,35.21544],[-119.57942,35.21534],[-119.57932,35.21514],[-119.57907,35.21483],[-119.57895,35.21467],[-119.57892,35.21463],[-119.57865,35.21435],[-119.57837,35.21404],[-119.57828,35.21396],[-119.57797,35.21372],[-119.57793,35.21365]]}},{"type":"Feature","properties":{"name":"5380","source":"Bureau of Land Management","source_detail":"BLM GTLF OBJECTID 154000","source_id":"{B912E3D5-2DCF-481C-A855-E06C51D42573}","road_class":"transportation_system_-_primitive_road","surface":"natural_improved","vehicle_class":"4wd_low","allowed_mode":"all_moto_veh","access_restriction":"unknown","seasonal_restriction":"not_listed","route_plan_id":"5380","gis_miles":0.08463819},"geometry":{"type":"LineString","coordinates":[[-119.56293,35.19866],[-119.56293,35.19866],[-119.56293,35.19868],[-119.56293,35.19869],[-119.56292,35.19871],[-119.56292,35.19873],[-119.56291,35.19876],[-119.56291,35.19879],[-119.56291,35.19883],[-119.56291,35.19887],[-119.56292,35.19891],[-119.56293,35.19895],[-119.56293,35.19899],[-119.56294,35.19903],[-119.56295,35.19906],[-119.56295,35.1991],[-119.56296,35.19913],[-119.56296,35.19917],[-119.56297,35.19921],[-119.56297,35.19925],[-119.56298,35.19929],[-119.56298,35.19933],[-119.56299,35.19937],[-119.56299,35.19941],[-119.56299,35.19944],[-119.563,35.19948],[-119.563,35.19952],[-119.563,35.19955],[-119.563,35.19959],[-119.56299,35.19962],[-119.56298,35.19966],[-119.56297,35.1997],[-119.56295,35.19973],[-119.56293,35.19975],[-119.5629,35.19978],[-119.56287,35.19979],[-119.56284,35.19981],[-119.56282,35.19981]]}},{"type":"Feature","properties":{"name":"4214","source":"Bureau of Land Management","source_detail":"BLM GTLF OBJECTID 154012","source_id":"{E2934F13-1921-414E-97FD-38F89277F678}","road_class":"transportation_system_-_primitive_road","surface":"natural_improved","vehicle_class":"2wd_low","allowed_mode":"all_moto_veh","access_restriction":"not_listed","seasonal_restriction":"not_listed","route_plan_id":"4214","gis_miles":0.23938008},"geometry":{"type":"LineString","coordinates":[[-119.60895,35.21647],[-119.60894,35.21633],[-119.60885,35.21621],[-119.60872,35.21613],[-119.60868,35.21602],[-119.60872,35.21591],[-119.60871,35.21585],[-119.60872,35.21569],[-119.60877,35.2155],[-119.60875,35.21536],[-119.60869,35.21521],[-119.60865,35.21505],[-119.60864,35.21491],[-119.60865,35.2148],[-119.6086,35.21462],[-119.60846,35.21444],[-119.60831,35.21427],[-119.60828,35.21422],[-119.60815,35.21417],[-119.60789,35.21421],[-119.60765,35.21424],[-119.60753,35.21425],[-119.60719,35.21425],[-119.60704,35.21425]]}},{"type":"Feature","properties":{"name":"16049: TEMBLOR RIDGE","source":"Bureau of Land Management","source_detail":"BLM GTLF OBJECTID 154015","source_id":"{17AFE6D0-E2B4-44D6-BDE2-65663EF977F3}","road_class":"transportation_system_-_primitive_road","surface":"natural_improved","vehicle_class":"4wd_low","allowed_mode":"unk","access_restriction":"unknown","seasonal_restriction":"not_listed","route_plan_id":"T0302","gis_miles":2.25532643},"geometry":{"type":"LineString","coordinates":[[-119.57804,35.15826],[-119.57804,35.15826],[-119.57804,35.15837],[-119.57804,35.1585],[-119.57804,35.15864],[-119.57808,35.15879],[-119.57814,35.15896],[-119.57819,35.15909],[-119.57824,35.15918],[-119.57828,35.15926],[-119.57835,35.15936],[-119.57841,35.15948],[-119.57848,35.15961],[-119.57854,35.15973],[-119.5786,35.15984],[-119.57866,35.15996],[-119.57874,35.16007],[-119.57883,35.16019],[-119.5789,35.16029],[-119.57898,35.16039],[-119.57905,35.16047],[-119.57911,35.16054],[-119.57918,35.1606],[-119.57925,35.16065],[-119.5793,35.16069],[-119.57936,35.16074],[-119.57942,35.16079],[-119.57947,35.16084],[-119.57951,35.16087],[-119.57955,35.16091],[-119.5796,35.16094],[-119.57963,35.16097],[-119.57968,35.161],[-119.5797,35.16101],[-119.57975,35.16104],[-119.57982,35.16107],[-119.5799,35.16109],[-119.57998,35.1611],[-119.58007,35.16112],[-119.58017,35.16113],[-119.58028,35.16115],[-119.58038,35.16116],[-119.58048,35.16116],[-119.58058,35.16118],[-119.5807,35.1612],[-119.5808,35.16121],[-119.58092,35.16122],[-119.58105,35.16124],[-119.58117,35.16126],[-119.58129,35.16128],[-119.58144,35.16131],[-119.58158,35.16133],[-119.58172,35.16136],[-119.58186,35.16139],[-119.58202,35.16142],[-119.58217,35.16145],[-119.58233,35.16148],[-119.5825,35.1615],[-119.58267,35.16153],[-119.58285,35.16156],[-119.58303,35.16159],[-119.5832,35.16161],[-119.58336,35.16163],[-119.58351,35.16165],[-119.58366,35.16166],[-119.5838,35.16168],[-119.58394,35.1617],[-119.58406,35.16172],[-119.58419,35.16173],[-119.58434,35.16175],[-119.58447,35.16177],[-119.58459,35.16179],[-119.58471,35.1618],[-119.58482,35.16182],[-119.58493,35.16183],[-119.58504,35.16184],[-119.58515,35.16186],[-119.58525,35.16187],[-119.58535,35.16188],[-119.58547,35.1619],[-119.58559,35.16193],[-119.58573,35.16199],[-119.58584,35.16206],[-119.58595,35.16215],[-119.58605,35.16223],[-119.58616,35.16232],[-119.58626,35.16241],[-119.58637,35.1625],[-119.58647,35.16259],[-119.58656,35.16267],[-119.58666,35.16277],[-119.58677,35.1629],[-119.58687,35.16305],[-119.58695,35.16318],[-119.58701,35.1633],[-119.58705,35.16343],[-119.58711,35.16362],[-119.5872,35.16384],[-119.58729,35.16404],[-119.58736,35.16419],[-119.58742,35.16433],[-119.5875,35.16446],[-119.58757,35.16459],[-119.58762,35.16471],[-119.58765,35.16481],[-119.58765,35.16492],[-119.58765,35.16503],[-119.58764,35.16517],[-119.58764,35.16533],[-119.58768,35.16548],[-119.58775,35.16562],[-119.58784,35.16576],[-119.58797,35.16589],[-119.58809,35.166],[-119.58819,35.1661],[-119.58829,35.16621],[-119.58837,35.16632],[-119.58844,35.16646],[-119.5885,35.1666],[-119.58856,35.16677],[-119.58861,35.16692],[-119.58866,35.16706],[-119.58872,35.1672],[-119.58879,35.16734],[-119.58885,35.16746],[-119.58893,35.16756],[-119.58905,35.16765],[-119.58922,35.16772],[-119.58948,35.16775],[-119.58973,35.16775],[-119.5899,35.16774],[-119.59004,35.16775],[-119.59022,35.16777],[-119.59038,35.16779],[-119.5905,35.16784],[-119.5906,35.16789],[-119.5907,35.16794],[-119.59079,35.168],[-119.59089,35.16807],[-119.59101,35.16815],[-119.59115,35.16824],[-119.5913,35.16831],[-119.59143,35.16836],[-119.59154,35.1684],[-119.5916,35.16842],[-119.59166,35.16844],[-119.59175,35.16849],[-119.5918,35.16853],[-119.59183,35.16856],[-119.59184,35.16859],[-119.59186,35.16865],[-119.59185,35.1687],[-119.59184,35.16876],[-119.59183,35.16883],[-119.59182,35.16895],[-119.59181,35.16908],[-119.59178,35.16922],[-119.59173,35.16936],[-119.59167,35.1695],[-119.59161,35.16964],[-119.59155,35.16978],[-119.59147,35.16992],[-119.59139,35.17007],[-119.59131,35.17019],[-119.59124,35.1703],[-119.59118,35.1704],[-119.5911,35.1705],[-119.591,35.17059],[-119.59093,35.17065],[-119.59087,35.17071],[-119.5908,35.17078],[-119.59071,35.17086],[-119.59064,35.17092],[-119.59056,35.17098],[-119.59052,35.17101],[-119.59049,35.17103],[-119.59045,35.17106],[-119.59041,35.1711],[-119.59037,35.17113],[-119.59034,35.17116],[-119.59032,35.17119],[-119.59029,35.17122],[-119.59027,35.17125],[-119.59024,35.17129],[-119.59023,35.17132],[-119.59022,35.17136],[-119.5902,35.17139],[-119.59019,35.17143],[-119.59019,35.17145],[-119.59018,35.17149],[-119.59017,35.17152],[-119.59015,35.17156],[-119.59014,35.17161],[-119.59013,35.17168],[-119.59012,35.17174],[-119.5901,35.17181],[-119.59009,35.17188],[-119.59007,35.17195],[-119.59005,35.17203],[-119.59004,35.17209],[-119.59003,35.17214],[-119.59003,35.17216],[-119.59003,35.17217],[-119.59003,35.17217],[-119.59002,35.17218],[-119.58999,35.17222],[-119.58996,35.17224],[-119.58993,35.17225],[-119.5899,35.17226],[-119.58986,35.17227],[-119.58982,35.17229],[-119.58978,35.1723],[-119.58974,35.17232],[-119.5897,35.17233],[-119.58964,35.17235],[-119.58957,35.17239],[-119.5895,35.17244],[-119.58944,35.17248],[-119.58939,35.17252],[-119.58936,35.17258],[-119.58934,35.17262],[-119.58931,35.17269],[-119.58931,35.17275],[-119.5893,35.17281],[-119.58931,35.17286],[-119.58932,35.17291],[-119.58933,35.17295],[-119.58935,35.17299],[-119.58938,35.17304],[-119.58941,35.17309],[-119.58944,35.17313],[-119.58947,35.17318],[-119.5895,35.17322],[-119.58952,35.17326],[-119.58952,35.17327],[-119.58953,35.17328],[-119.58955,35.1733],[-119.58956,35.17333],[-119.58959,35.17337],[-119.58961,35.17341],[-119.58964,35.17345],[-119.58965,35.1735],[-119.58966,35.17354],[-119.58965,35.17359],[-119.58964,35.17365],[-119.58961,35.17371],[-119.58958,35.17377],[-119.58952,35.17386],[-119.58942,35.17394],[-119.5893,35.17401],[-119.58922,35.17405],[-119.58916,35.17409],[-119.58906,35.17416],[-119.58896,35.17429],[-119.5889,35.17446],[-119.58884,35.17464],[-119.58874,35.1748],[-119.58861,35.17494],[-119.5885,35.1751],[-119.58848,35.17529],[-119.58845,35.17548],[-119.58835,35.17564],[-119.58826,35.17577],[-119.5882,35.17588],[-119.58815,35.17598],[-119.58811,35.17608],[-119.58806,35.17619],[-119.588,35.17628],[-119.58797,35.17633],[-119.58794,35.17636],[-119.58789,35.17642],[-119.58779,35.17647],[-119.58771,35.17648],[-119.5876,35.17649],[-119.58744,35.17649],[-119.58732,35.17649],[-119.58722,35.17648],[-119.5871,35.17646],[-119.58698,35.17644],[-119.58684,35.1764],[-119.5867,35.17637],[-119.58656,35.17635],[-119.58637,35.17634],[-119.58615,35.17635],[-119.58594,35.17638],[-119.58578,35.17639],[-119.58562,35.17638],[-119.58546,35.17637],[-119.58527,35.17635],[-119.58506,35.17633],[-119.58487,35.17632],[-119.58468,35.17632],[-119.58449,35.17631],[-119.58429,35.1763],[-119.5841,35.1763],[-119.58391,35.17629],[-119.58371,35.17627],[-119.58352,35.17625],[-119.58333,35.17625],[-119.58315,35.17628],[-119.58297,35.17631],[-119.58277,35.17634],[-119.58255,35.17636],[-119.58233,35.17637],[-119.58212,35.17638],[-119.58191,35.1764],[-119.58172,35.17646],[-119.58157,35.17655],[-119.58147,35.17664],[-119.58142,35.17671],[-119.5814,35.17673],[-119.58134,35.17684],[-119.5813,35.17693],[-119.58129,35.17698],[-119.58127,35.17704],[-119.58126,35.1771],[-119.58127,35.17717],[-119.58128,35.17722],[-119.58132,35.17729],[-119.58135,35.17736],[-119.58138,35.17744],[-119.58141,35.17751],[-119.58142,35.17757],[-119.58143,35.17759]]}},{"type":"Feature","properties":{"name":"5717","source":"Bureau of Land Management","source_detail":"BLM GTLF OBJECTID 154025","source_id":"{690F4DAA-6C2B-4C41-AECE-3F09DD9F7F38}","road_class":"transportation_system_-_primitive_road","surface":"natural_improved","vehicle_class":"4wd_low","allowed_mode":"all_moto_veh","access_restriction":"unknown","seasonal_restriction":"not_listed","route_plan_id":"5717","gis_miles":0.0811262},"geometry":{"type":"LineString","coordinates":[[-119.53146,35.21645],[-119.53142,35.21648],[-119.53139,35.2165],[-119.53135,35.21652],[-119.5313,35.21654],[-119.53124,35.21656],[-119.53117,35.21658],[-119.53109,35.21661],[-119.53102,35.21663],[-119.53094,35.21665],[-119.53087,35.21666],[-119.5308,35.21667],[-119.53073,35.21667],[-119.53066,35.21667],[-119.53058,35.21667],[-119.5305,35.21667],[-119.53043,35.21668],[-119.53036,35.21668],[-119.53029,35.21669],[-119.53023,35.21669],[-119.53019,35.2167],[-119.53014,35.2167],[-119.5301,35.2167],[-119.53008,35.21669]]}},{"type":"Feature","properties":{"name":"4072","source":"Bureau of Land Management","source_detail":"BLM GTLF OBJECTID 154030","source_id":"{3FF9A187-81FF-41B8-8A56-33ABCD61BDC5}","road_class":"transportation_system_-_primitive_road","surface":"natural_improved","vehicle_class":"2wd_low","allowed_mode":"all_moto_veh","access_restriction":"not_listed","seasonal_restriction":"not_listed","route_plan_id":"4072","gis_miles":0.10609375},"geometry":{"type":"LineString","coordinates":[[-119.61245,35.21194],[-119.61245,35.21185],[-119.6122,35.21164],[-119.61202,35.21147],[-119.61199,35.2114],[-119.61212,35.21122],[-119.6124,35.21088],[-119.61251,35.21075],[-119.61254,35.21068]]}},{"type":"Feature","properties":{"name":"4082","source":"Bureau of Land Management","source_detail":"BLM GTLF OBJECTID 154043","source_id":"{57A17AA6-34C8-4BA7-B4C1-70385E87483E}","road_class":"transportation_system_-_primitive_road","surface":"natural_improved","vehicle_class":"2wd_low","allowed_mode":"all_moto_veh","access_restriction":"not_listed","seasonal_restriction":"not_listed","route_plan_id":"4082","gis_miles":0.07971583},"geometry":{"type":"LineString","coordinates":[[-119.60829,35.21261],[-119.60812,35.21273],[-119.60796,35.21282],[-119.60782,35.21289],[-119.60774,35.21292],[-119.60761,35.21293],[-119.60738,35.21293],[-119.607,35.21294]]}},{"type":"Feature","properties":{"name":"6064","source":"Bureau of Land Management","source_detail":"BLM GTLF OBJECTID 154060","source_id":"{890C215F-2A99-4357-87B3-257C91F7EC8B}","road_class":"transportation_system_-_primitive_road","surface":"natural_improved","vehicle_class":"4wd_low","allowed_mode":"all_moto_veh","access_restriction":"unknown","seasonal_restriction":"not_listed","route_plan_id":"6064","gis_miles":0.0749984},"geometry":{"type":"LineString","coordinates":[[-119.55982,35.22374],[-119.55982,35.22374],[-119.55979,35.22371],[-119.55975,35.22367],[-119.55972,35.22362],[-119.55968,35.22358],[-119.55963,35.22355],[-119.5596,35.22351],[-119.55956,35.22348],[-119.55953,35.22345],[-119.55951,35.22344],[-119.5595,35.22343],[-119.55947,35.2234],[-119.55943,35.22338],[-119.5594,35.22335],[-119.55936,35.22332],[-119.55932,35.22329],[-119.55928,35.22326],[-119.55924,35.22322],[-119.5592,35.22319],[-119.55915,35.22316],[-119.55911,35.22313],[-119.55907,35.2231],[-119.55902,35.22307],[-119.55899,35.22304],[-119.55896,35.22302],[-119.55893,35.223],[-119.55891,35.22299],[-119.55888,35.22298]]}},{"type":"Feature","properties":{"name":"5310","source":"Bureau of Land Management","source_detail":"BLM GTLF OBJECTID 154070","source_id":"{FB265734-11C5-4A75-AB22-5BD827C92748}","road_class":"transportation_system_-_primitive_road","surface":"natural_improved","vehicle_class":"2wd_low","allowed_mode":"all_moto_veh","access_restriction":"not_listed","seasonal_restriction":"not_listed","route_plan_id":"5310","gis_miles":0.36317409},"geometry":{"type":"LineString","coordinates":[[-119.60995,35.24384],[-119.60993,35.24383],[-119.60989,35.24383],[-119.60984,35.24382],[-119.6098,35.24381],[-119.60975,35.2438],[-119.60971,35.24378],[-119.60966,35.24376],[-119.60961,35.24375],[-119.60957,35.24373],[-119.60952,35.24372],[-119.60946,35.24372],[-119.60941,35.24371],[-119.60936,35.24371],[-119.6093,35.2437],[-119.60925,35.24369],[-119.60919,35.24369],[-119.60914,35.24368],[-119.60909,35.24367],[-119.60903,35.24366],[-119.60895,35.24365],[-119.60888,35.24364],[-119.6088,35.24363],[-119.60872,35.24361],[-119.60864,35.24358],[-119.60857,35.24355],[-119.6085,35.24351],[-119.60843,35.24348],[-119.60836,35.24345],[-119.60828,35.24342],[-119.6082,35.2434],[-119.60811,35.24338],[-119.60801,35.24337],[-119.60791,35.24336],[-119.60781,35.24335],[-119.60772,35.24334],[-119.60762,35.24334],[-119.60753,35.24334],[-119.60751,35.24334],[-119.60744,35.24335],[-119.60734,35.24335],[-119.60725,35.24336],[-119.60716,35.24336],[-119.60707,35.24335],[-119.60698,35.24334],[-119.60689,35.24332],[-119.6068,35.2433],[-119.60672,35.24327],[-119.60663,35.24326],[-119.60654,35.24325],[-119.60645,35.24325],[-119.60635,35.24326],[-119.60626,35.24326],[-119.60617,35.24327],[-119.60608,35.24327],[-119.606,35.24327],[-119.60593,35.24325],[-119.60587,35.24322],[-119.60581,35.24319],[-119.60574,35.24317],[-119.60566,35.24314],[-119.60558,35.24311],[-119.6055,35.24308],[-119.60541,35.24306],[-119.60532,35.24303],[-119.60523,35.243],[-119.60515,35.24297],[-119.60506,35.24293],[-119.60498,35.2429],[-119.60489,35.24286],[-119.6048,35.24283],[-119.6047,35.24281],[-119.6046,35.24279],[-119.6045,35.24277],[-119.60441,35.24275],[-119.60433,35.24273],[-119.60424,35.24272],[-119.60416,35.24271],[-119.60408,35.2427],[-119.60401,35.24269],[-119.60395,35.24268],[-119.60378,35.24266]]}},{"type":"Feature","properties":{"name":"1468","source":"Bureau of Land Management","source_detail":"BLM GTLF OBJECTID 154071","source_id":"{90C47722-B46A-419C-A0EE-0E249A3A53F6}","road_class":"transportation_system_-_primitive_road","surface":"natural_improved","vehicle_class":"4wd_low","allowed_mode":"all_moto_veh","access_restriction":"unknown","seasonal_restriction":"not_listed","route_plan_id":"1468","gis_miles":0.74960927},"geometry":{"type":"LineString","coordinates":[[-119.6116,35.42702],[-119.61231,35.42705],[-119.61318,35.42705],[-119.61416,35.42707],[-119.61504,35.42707],[-119.61548,35.42707],[-119.61576,35.42706],[-119.61612,35.42701],[-119.61649,35.42699],[-119.6168,35.42695],[-119.61688,35.42695],[-119.61726,35.42695],[-119.61772,35.42696],[-119.61776,35.42696],[-119.61869,35.42696],[-119.6198,35.42697],[-119.62104,35.42697],[-119.62454,35.42695],[-119.62464,35.42693],[-119.62478,35.42692],[-119.62486,35.4269],[-119.62487,35.42689]]}},{"type":"Feature","properties":{"name":"6068","source":"Bureau of Land Management","source_detail":"BLM GTLF OBJECTID 154073","source_id":"{58DADCF6-3C50-4FC0-9D68-9728741D170E}","road_class":"transportation_system_-_primitive_road","surface":"natural_improved","vehicle_class":"4wd_low","allowed_mode":"all_moto_veh","access_restriction":"unknown","seasonal_restriction":"not_listed","route_plan_id":"6068","gis_miles":0.63232152},"geometry":{"type":"LineString","coordinates":[[-119.56502,35.22169],[-119.56501,35.22168],[-119.56498,35.22167],[-119.56496,35.22165],[-119.56493,35.22164],[-119.56491,35.22163],[-119.56488,35.22162],[-119.56485,35.2216],[-119.56482,35.22158],[-119.56478,35.22156],[-119.56473,35.22155],[-119.56469,35.22153],[-119.56463,35.22151],[-119.56458,35.22149],[-119.56453,35.22147],[-119.56447,35.22145],[-119.56442,35.22144],[-119.56437,35.22142],[-119.56432,35.2214],[-119.56427,35.22138],[-119.56423,35.22137],[-119.56418,35.22135],[-119.56413,35.22134],[-119.56409,35.22132],[-119.56404,35.22131],[-119.56398,35.22129],[-119.56394,35.22127],[-119.56389,35.22125],[-119.56385,35.22123],[-119.56381,35.22121],[-119.56378,35.2212],[-119.56374,35.22118],[-119.5637,35.22117],[-119.56367,35.22116],[-119.56367,35.22116],[-119.56363,35.22115],[-119.56359,35.22114],[-119.56356,35.22113],[-119.56352,35.22112],[-119.56347,35.22111],[-119.56343,35.22109],[-119.56338,35.22108],[-119.56333,35.22106],[-119.56328,35.22104],[-119.56323,35.22101],[-119.56318,35.22099],[-119.56314,35.22097],[-119.5631,35.22095],[-119.56306,35.22093],[-119.56303,35.22092],[-119.563,35.2209],[-119.56297,35.22089],[-119.56295,35.22087],[-119.56292,35.22086],[-119.56288,35.22084],[-119.56284,35.22081],[-119.5628,35.22079],[-119.56276,35.22076],[-119.56271,35.22074],[-119.56267,35.22071],[-119.56262,35.22069],[-119.56258,35.22066],[-119.56253,35.22064],[-119.56249,35.22062],[-119.56245,35.22059],[-119.5624,35.22058],[-119.56236,35.22056],[-119.56231,35.22054],[-119.56227,35.22053],[-119.56222,35.22051],[-119.56218,35.2205],[-119.56214,35.22049],[-119.5621,35.22047],[-119.56206,35.22047],[-119.56202,35.22046],[-119.56198,35.22046],[-119.56194,35.22046],[-119.56189,35.22046],[-119.56186,35.22047],[-119.56183,35.22048],[-119.56179,35.22049],[-119.56176,35.2205],[-119.56172,35.2205],[-119.56168,35.22051],[-119.56164,35.22051],[-119.5616,35.22051],[-119.56154,35.22052],[-119.56149,35.22051],[-119.56144,35.22051],[-119.56139,35.2205],[-119.56134,35.22049],[-119.56129,35.22047],[-119.56124,35.22046],[-119.56119,35.22044],[-119.56114,35.22043],[-119.56109,35.22041],[-119.56104,35.2204],[-119.561,35.22038],[-119.56095,35.22037],[-119.56091,35.22035],[-119.56086,35.22034],[-119.56081,35.22032],[-119.56076,35.22031],[-119.56072,35.22029],[-119.56067,35.22028],[-119.56063,35.22027],[-119.56059,35.22026],[-119.56056,35.22024],[-119.56052,35.22023],[-119.56049,35.22022],[-119.56046,35.22021],[-119.56043,35.2202],[-119.5604,35.22019],[-119.56037,35.22018],[-119.56034,35.22016],[-119.56031,35.22015],[-119.56028,35.22014],[-119.56026,35.22013],[-119.56025,35.22013],[-119.56022,35.22012],[-119.56019,35.22011],[-119.56016,35.22009],[-119.56013,35.22008],[-119.56009,35.22007],[-119.56006,35.22005],[-119.56002,35.22004],[-119.55999,35.22002],[-119.55995,35.22001],[-119.55991,35.22],[-119.55987,35.21998],[-119.55982,35.21997],[-119.55978,35.21995],[-119.55973,35.21994],[-119.55969,35.21992],[-119.55965,35.2199],[-119.55961,35.21989],[-119.55956,35.21988],[-119.55952,35.21987],[-119.55948,35.21986],[-119.55944,35.21985],[-119.5594,35.21983],[-119.55935,35.21982],[-119.55931,35.21981],[-119.55927,35.2198],[-119.55923,35.21978],[-119.5592,35.21977],[-119.55916,35.21976],[-119.55912,35.21974],[-119.55908,35.21973],[-119.55904,35.21972],[-119.55899,35.2197],[-119.55894,35.21968],[-119.55889,35.21967],[-119.55884,35.21965],[-119.55879,35.21964],[-119.55873,35.21962],[-119.55869,35.2196],[-119.55864,35.21958],[-119.5586,35.21957],[-119.55856,35.21956],[-119.55851,35.21954],[-119.55846,35.21953],[-119.55841,35.21951],[-119.55836,35.21949],[-119.55832,35.21948],[-119.55828,35.21946],[-119.55823,35.21944],[-119.55819,35.21943],[-119.55814,35.21942],[-119.55809,35.2194],[-119.55804,35.21939],[-119.55798,35.21937],[-119.55793,35.21935],[-119.55788,35.21934],[-119.55782,35.21932],[-119.55777,35.2193],[-119.55772,35.21929],[-119.55768,35.21927],[-119.55764,35.21926],[-119.5576,35.21925],[-119.55756,35.21923],[-119.55752,35.21921],[-119.55748,35.21919],[-119.55744,35.21918],[-119.55739,35.21916],[-119.55735,35.21915],[-119.5573,35.21913],[-119.55725,35.21912],[-119.5572,35.2191],[-119.55715,35.21909],[-119.55711,35.21908],[-119.55706,35.21907],[-119.55702,35.21906],[-119.55698,35.21905],[-119.55695,35.21903],[-119.55692,35.21902],[-119.55689,35.219],[-119.55686,35.21899],[-119.55684,35.21898],[-119.55681,35.21897],[-119.55678,35.21895],[-119.55676,35.21894],[-119.55676,35.21894],[-119.55675,35.21894],[-119.55673,35.21894],[-119.55671,35.21893],[-119.55668,35.21892],[-119.55665,35.21891],[-119.55662,35.2189],[-119.55659,35.21889],[-119.55656,35.21888],[-119.55653,35.21887],[-119.5565,35.21886],[-119.55647,35.21885],[-119.55644,35.21885],[-119.55642,35.21884],[-119.55639,35.21883],[-119.55636,35.21882],[-119.55633,35.21881],[-119.5563,35.2188],[-119.55628,35.21879],[-119.55625,35.21878],[-119.55622,35.21877],[-119.5562,35.21876],[-119.55617,35.21875],[-119.55614,35.21874],[-119.55611,35.21873],[-119.55608,35.21872],[-119.55605,35.21871],[-119.55601,35.21869],[-119.55597,35.21868],[-119.55593,35.21867],[-119.5559,35.21866],[-119.55586,35.21864],[-119.55582,35.21863],[-119.55578,35.21862],[-119.55574,35.21861],[-119.5557,35.21859],[-119.55565,35.21858],[-119.55561,35.21857],[-119.55556,35.21855],[-119.55552,35.21854],[-119.55547,35.21853],[-119.55542,35.21852],[-119.55537,35.2185],[-119.55532,35.21849],[-119.55527,35.21847],[-119.55523,35.21846],[-119.55519,35.21845],[-119.55515,35.21843],[-119.55511,35.21842],[-119.55506,35.2184],[-119.55502,35.21839],[-119.55498,35.21837],[-119.55494,35.21835],[-119.5549,35.21834],[-119.55486,35.21834],[-119.55483,35.21833],[-119.55479,35.21833],[-119.55476,35.21832],[-119.55474,35.21832]]}},{"type":"Feature","properties":{"name":"54","source":"Bureau of Land Management","source_detail":"BLM GTLF OBJECTID 154076","source_id":"{56C5B858-C6E6-4B56-9016-66D9BC9A4786}","road_class":"transportation_system_-_primitive_road","surface":"natural","vehicle_class":"4wd_low","allowed_mode":"all_moto_veh","access_restriction":"unknown","seasonal_restriction":"not_listed","route_plan_id":"54","gis_miles":0.05668709},"geometry":{"type":"LineString","coordinates":[[-119.60567,35.29999],[-119.60493,35.29968],[-119.60478,35.29961]]}},{"type":"Feature","properties":{"name":"5384","source":"Bureau of Land Management","source_detail":"BLM GTLF OBJECTID 154082","source_id":"{9535570C-7C76-42CC-8B5B-401A790FB16C}","road_class":"transportation_system_-_primitive_road","surface":"natural_improved","vehicle_class":"4wd_low","allowed_mode":"all_moto_veh","access_restriction":"unknown","seasonal_restriction":"not_listed","route_plan_id":"5384","gis_miles":0.11266208},"geometry":{"type":"LineString","coordinates":[[-119.56996,35.19478],[-119.56996,35.19479],[-119.56996,35.19481],[-119.56996,35.19482],[-119.56996,35.19484],[-119.56996,35.19485],[-119.56996,35.19487],[-119.56996,35.19487],[-119.56996,35.19488],[-119.56996,35.19488],[-119.56996,35.19488],[-119.56996,35.19488],[-119.56996,35.1949],[-119.56997,35.19492],[-119.56998,35.19494],[-119.57,35.19497],[-119.57002,35.19499],[-119.57005,35.19501],[-119.57009,35.19503],[-119.57012,35.19505],[-119.57014,35.19507],[-119.57017,35.19508],[-119.57019,35.1951],[-119.57022,35.19511],[-119.57024,35.19513],[-119.57027,35.19515],[-119.57029,35.19515],[-119.5703,35.19516],[-119.57033,35.19517],[-119.57035,35.19518],[-119.57038,35.19519],[-119.5704,35.19519],[-119.57043,35.1952],[-119.57047,35.1952],[-119.5705,35.1952],[-119.57054,35.1952],[-119.57058,35.19519],[-119.57063,35.19519],[-119.57068,35.19518],[-119.57073,35.19518],[-119.57078,35.19517],[-119.57083,35.19516],[-119.57088,35.19516],[-119.57093,35.19515],[-119.57097,35.19514],[-119.571,35.19514],[-119.57101,35.19513],[-119.57104,35.19513],[-119.57106,35.19513],[-119.57107,35.19512],[-119.57108,35.19512],[-119.5711,35.19512],[-119.57112,35.19512],[-119.57113,35.19511],[-119.57113,35.19511],[-119.57115,35.19511],[-119.57118,35.19511],[-119.57121,35.19512],[-119.57125,35.19512],[-119.57126,35.19512],[-119.57129,35.19513],[-119.57133,35.19513],[-119.57137,35.19514],[-119.57141,35.19515],[-119.57144,35.19515],[-119.57164,35.19515]]}},{"type":"Feature","properties":{"name":"5719","source":"Bureau of Land Management","source_detail":"BLM GTLF OBJECTID 154101","source_id":"{D41EB7E9-752F-4D35-851B-71CC8174DFC3}","road_class":"transportation_system_-_primitive_road","surface":"natural_improved","vehicle_class":"4wd_low","allowed_mode":"all_moto_veh","access_restriction":"unknown","seasonal_restriction":"not_listed","route_plan_id":"5719","gis_miles":0.13747997},"geometry":{"type":"LineString","coordinates":[[-119.53366,35.21562],[-119.53362,35.21564],[-119.53358,35.21566],[-119.53353,35.21569],[-119.53347,35.21572],[-119.53341,35.21575],[-119.53334,35.21578],[-119.53325,35.21581],[-119.53316,35.21584],[-119.53306,35.21587],[-119.53296,35.2159],[-119.53285,35.21593],[-119.53275,35.21597],[-119.53265,35.21601],[-119.53255,35.21604],[-119.53245,35.21608],[-119.53235,35.21611],[-119.53227,35.21615],[-119.53219,35.21619],[-119.53211,35.21622],[-119.53204,35.21625],[-119.53198,35.21628],[-119.53192,35.21631],[-119.53187,35.21633],[-119.53181,35.21634],[-119.53174,35.21635],[-119.53168,35.21637],[-119.53161,35.21639],[-119.53156,35.21641],[-119.5315,35.21643],[-119.53146,35.21645],[-119.53146,35.21645]]}},{"type":"Feature","properties":{"name":"4062","source":"Bureau of Land Management","source_detail":"BLM GTLF OBJECTID 154127","source_id":"{4FA2E771-948E-47C0-879A-33942A0FF64F}","road_class":"transportation_system_-_primitive_road","surface":"natural_improved","vehicle_class":"2wd_low","allowed_mode":"all_moto_veh","access_restriction":"not_listed","seasonal_restriction":"not_listed","route_plan_id":"4062","gis_miles":0.07595157},"geometry":{"type":"LineString","coordinates":[[-119.6112,35.20989],[-119.61114,35.20975],[-119.61109,35.20968],[-119.61084,35.20959],[-119.61056,35.20952],[-119.61042,35.20956],[-119.61029,35.2097],[-119.61024,35.20981]]}},{"type":"Feature","properties":{"name":"5684","source":"Bureau of Land Management","source_detail":"BLM GTLF OBJECTID 154148","source_id":"{9F28CA57-89BF-4988-A9DC-7D477A49A90C}","road_class":"transportation_system_-_primitive_road","surface":"natural_improved","vehicle_class":"2wd_low","allowed_mode":"all_moto_veh","access_restriction":"not_listed","seasonal_restriction":"not_listed","route_plan_id":"5684","gis_miles":0.14883748},"geometry":{"type":"LineString","coordinates":[[-119.55896,35.23827],[-119.55896,35.23827],[-119.55891,35.23831],[-119.55886,35.23834],[-119.5588,35.23838],[-119.55874,35.2384],[-119.55868,35.23843],[-119.55862,35.23847],[-119.55856,35.2385],[-119.5585,35.23853],[-119.55845,35.23856],[-119.55839,35.2386],[-119.55834,35.23863],[-119.55828,35.23865],[-119.55822,35.23868],[-119.55817,35.23871],[-119.5581,35.23874],[-119.55803,35.23876],[-119.55796,35.23879],[-119.5579,35.23881],[-119.55783,35.23884],[-119.55776,35.23885],[-119.5577,35.23887],[-119.55764,35.23888],[-119.55758,35.23891],[-119.55751,35.23893],[-119.55745,35.23895],[-119.5574,35.23897],[-119.55735,35.23899],[-119.5573,35.23901],[-119.55724,35.23903],[-119.55718,35.23905],[-119.55712,35.23907],[-119.55707,35.2391],[-119.55702,35.23914],[-119.55698,35.23918],[-119.55694,35.23922],[-119.5569,35.23927],[-119.55686,35.23931],[-119.55682,35.23935],[-119.55679,35.23937],[-119.55677,35.23939]]}},{"type":"Feature","properties":{"name":"5700","source":"Bureau of Land Management","source_detail":"BLM GTLF OBJECTID 154157","source_id":"{42C6630C-FC8D-499F-B245-DF85F3DBBE6D}","road_class":"transportation_system_-_primitive_road","surface":"natural_improved","vehicle_class":"2wd_low","allowed_mode":"all_moto_veh","access_restriction":"not_listed","seasonal_restriction":"not_listed","route_plan_id":"5700","gis_miles":0.24095903},"geometry":{"type":"LineString","coordinates":[[-119.53627,35.22081],[-119.53624,35.22077],[-119.53619,35.22073],[-119.53614,35.22068],[-119.5361,35.22063],[-119.53606,35.22058],[-119.53601,35.22053],[-119.53596,35.22048],[-119.53591,35.22043],[-119.53587,35.22038],[-119.53582,35.22033],[-119.53578,35.22028],[-119.53574,35.22023],[-119.5357,35.22018],[-119.53566,35.22013],[-119.53561,35.22008],[-119.53556,35.22003],[-119.53552,35.21998],[-119.53548,35.21993],[-119.53545,35.21988],[-119.53542,35.21983],[-119.53538,35.21978],[-119.53534,35.21973],[-119.5353,35.21968],[-119.53524,35.21962],[-119.53519,35.21956],[-119.53513,35.2195],[-119.53507,35.21944],[-119.53502,35.21938],[-119.53497,35.21933],[-119.53493,35.21928],[-119.53488,35.21923],[-119.53483,35.21918],[-119.53479,35.21914],[-119.53474,35.2191],[-119.5347,35.21907],[-119.53466,35.21903],[-119.53461,35.219],[-119.53457,35.21895],[-119.53452,35.2189],[-119.53448,35.21885],[-119.53443,35.21879],[-119.53438,35.21873],[-119.53433,35.21867],[-119.53427,35.21861],[-119.53421,35.21855],[-119.53415,35.21849],[-119.5341,35.21843],[-119.53405,35.21837],[-119.53401,35.21832],[-119.53397,35.21827],[-119.53394,35.21822],[-119.53391,35.21818],[-119.53389,35.21813],[-119.53387,35.21808],[-119.53386,35.21804],[-119.53383,35.21797]]}},{"type":"Feature","properties":{"name":"Tom Nelson Way","source":"Bureau of Land Management","source_detail":"BLM GTLF OBJECTID 154191","source_id":"{F8E05354-78F6-457E-8341-AFFF333E7D83}","road_class":"transportation_system_-_primitive_road","surface":"natural_improved","vehicle_class":"2wd_low","allowed_mode":"all_moto_veh","access_restriction":"not_listed","seasonal_restriction":"not_listed","route_plan_id":"5391","gis_miles":0.19004043},"geometry":{"type":"LineString","coordinates":[[-119.56832,35.19876],[-119.56836,35.19877],[-119.5684,35.19876],[-119.56842,35.19876],[-119.56843,35.19876],[-119.56846,35.19876],[-119.56849,35.19876],[-119.56854,35.19876],[-119.56858,35.19876],[-119.56862,35.19876],[-119.56867,35.19876],[-119.56872,35.19876],[-119.56878,35.19876],[-119.56884,35.19876],[-119.5689,35.19876],[-119.56896,35.19876],[-119.56902,35.19876],[-119.56909,35.19876],[-119.56916,35.19877],[-119.56922,35.19877],[-119.56928,35.19878],[-119.56935,35.19878],[-119.56941,35.19878],[-119.56946,35.19879],[-119.56952,35.19879],[-119.56957,35.1988],[-119.56962,35.19881],[-119.56967,35.19882],[-119.56972,35.19882],[-119.56975,35.19883],[-119.56977,35.19883],[-119.56977,35.19883],[-119.56978,35.19883],[-119.5698,35.19883],[-119.56982,35.19883],[-119.56984,35.19884],[-119.56989,35.19884],[-119.56994,35.19884],[-119.56995,35.19884],[-119.57001,35.19884],[-119.57007,35.19885],[-119.57013,35.19885],[-119.5702,35.19885],[-119.57027,35.19886],[-119.57033,35.19886],[-119.5704,35.19887],[-119.57047,35.19887],[-119.57053,35.19887],[-119.57058,35.19887],[-119.57064,35.19887],[-119.5707,35.19888],[-119.57076,35.19888],[-119.57082,35.19888],[-119.57088,35.19888],[-119.57095,35.19888],[-119.57101,35.19888],[-119.57107,35.19889],[-119.57113,35.19889],[-119.57119,35.19889],[-119.57124,35.19889],[-119.57129,35.1989],[-119.57133,35.1989],[-119.57138,35.1989],[-119.57143,35.1989],[-119.57149,35.19891],[-119.57155,35.19891],[-119.57161,35.19892],[-119.57166,35.19892],[-119.57167,35.19892]]}},{"type":"Feature","properties":{"name":"55","source":"Bureau of Land Management","source_detail":"BLM GTLF OBJECTID 154210","source_id":"{F4E0866A-EDDF-49C6-8653-FB1C7BDE8A73}","road_class":"transportation_system_-_primitive_road","surface":"natural","vehicle_class":"4wd_low","allowed_mode":"all_moto_veh","access_restriction":"unknown","seasonal_restriction":"not_listed","route_plan_id":"55","gis_miles":0.2520778},"geometry":{"type":"LineString","coordinates":[[-119.60576,35.30709],[-119.60576,35.3071],[-119.60575,35.30762],[-119.60574,35.30896],[-119.60573,35.30956],[-119.60575,35.31029],[-119.60575,35.31075]]}},{"type":"Feature","properties":{"name":"5319","source":"Bureau of Land Management","source_detail":"BLM GTLF OBJECTID 154211","source_id":"{B98139A4-5709-466D-956C-EF825A842A2D}","road_class":"transportation_system_-_primitive_road","surface":"natural_improved","vehicle_class":"2wd_low","allowed_mode":"all_moto_veh","access_restriction":"not_listed","seasonal_restriction":"not_listed","route_plan_id":"5319","gis_miles":0.20281228},"geometry":{"type":"LineString","coordinates":[[-119.60876,35.23851],[-119.60877,35.23851],[-119.60882,35.2385],[-119.60888,35.23848],[-119.60894,35.23847],[-119.60899,35.23845],[-119.60904,35.23844],[-119.60909,35.23843],[-119.60914,35.23842],[-119.6092,35.23841],[-119.60926,35.2384],[-119.60932,35.23839],[-119.60938,35.23839],[-119.60944,35.23838],[-119.6095,35.23838],[-119.60955,35.23838],[-119.60961,35.23839],[-119.60967,35.23839],[-119.60972,35.2384],[-119.60978,35.23842],[-119.60983,35.23843],[-119.60989,35.23845],[-119.60995,35.23846],[-119.61002,35.23848],[-119.61008,35.23849],[-119.61013,35.23849],[-119.61019,35.2385],[-119.61025,35.2385],[-119.61031,35.2385],[-119.61038,35.2385],[-119.61046,35.2385],[-119.61055,35.23849],[-119.61065,35.23848],[-119.61074,35.23847],[-119.61083,35.23847],[-119.61093,35.23847],[-119.61103,35.23847],[-119.61113,35.23847],[-119.61122,35.23846],[-119.61132,35.23845],[-119.61141,35.23843],[-119.6115,35.23843],[-119.61159,35.23842],[-119.61166,35.23843],[-119.61171,35.23843],[-119.61176,35.23844],[-119.61181,35.23844],[-119.61185,35.23846],[-119.61189,35.23848],[-119.61193,35.2385],[-119.61197,35.23853],[-119.612,35.23855],[-119.61204,35.23857],[-119.61207,35.23859],[-119.61209,35.23861],[-119.61211,35.23862],[-119.61212,35.23863],[-119.61214,35.23865],[-119.61216,35.23866],[-119.61217,35.23867],[-119.61219,35.23868],[-119.6122,35.23869]]}},{"type":"Feature","properties":{"name":"5808","source":"Bureau of Land Management","source_detail":"BLM GTLF OBJECTID 154223","source_id":"{5CDAD4C3-1B99-4E64-94DF-92119BA5B814}","road_class":"transportation_system_-_primitive_road","surface":"natural_improved","vehicle_class":"2wd_low","allowed_mode":"all_moto_veh","access_restriction":"not_listed","seasonal_restriction":"not_listed","route_plan_id":"5808","gis_miles":0.07508901},"geometry":{"type":"LineString","coordinates":[[-119.5442,35.26155],[-119.54419,35.26153],[-119.54418,35.26152],[-119.54417,35.26151],[-119.54415,35.26149],[-119.54413,35.26147],[-119.54412,35.26145],[-119.54412,35.26143],[-119.54413,35.2614],[-119.54414,35.26138],[-119.54416,35.26136],[-119.54418,35.26135],[-119.54419,35.26133],[-119.54421,35.26129],[-119.54422,35.26127],[-119.54424,35.26124],[-119.54427,35.26122],[-119.54429,35.26119],[-119.54432,35.26117],[-119.54435,35.26115],[-119.54438,35.26113],[-119.54441,35.26111],[-119.54444,35.26109],[-119.54448,35.26107],[-119.54453,35.26105],[-119.54458,35.26104],[-119.54463,35.26102],[-119.54468,35.26102],[-119.54472,35.26101],[-119.54477,35.261],[-119.54482,35.261],[-119.54487,35.26099],[-119.54491,35.26099],[-119.54496,35.26099],[-119.54499,35.26099],[-119.54502,35.261],[-119.54504,35.261]]}},{"type":"Feature","properties":{"name":"4185","source":"Bureau of Land Management","source_detail":"BLM GTLF OBJECTID 154230","source_id":"{EFDEFE0F-A364-4F2E-BD8B-8B27E85C7BE7}","road_class":"transportation_system_-_primitive_road","surface":"natural","vehicle_class":"4wd_low","allowed_mode":"all_moto_veh","access_restriction":"unknown","seasonal_restriction":"not_listed","route_plan_id":"4185","gis_miles":0.23184352},"geometry":{"type":"LineString","coordinates":[[-119.57673,35.21094],[-119.57688,35.21082],[-119.57727,35.21065],[-119.57771,35.21051],[-119.57809,35.2104],[-119.57818,35.21038],[-119.57847,35.21031],[-119.57856,35.21029],[-119.57912,35.20999],[-119.57952,35.20979],[-119.5796,35.20975],[-119.57998,35.20956],[-119.58035,35.20942]]}},{"type":"Feature","properties":{"name":"6012","source":"Bureau of Land Management","source_detail":"BLM GTLF OBJECTID 154244","source_id":"{D611AD32-7AFD-4591-856E-775D8566A817}","road_class":"transportation_system_-_primitive_road","surface":"natural_improved","vehicle_class":"4wd_low","allowed_mode":"all_moto_veh","access_restriction":"unknown","seasonal_restriction":"not_listed","route_plan_id":"6012","gis_miles":0.00175689},"geometry":{"type":"LineString","coordinates":[[-119.53628,35.20981],[-119.53625,35.20982]]}},{"type":"Feature","properties":{"name":"5457","source":"Bureau of Land Management","source_detail":"BLM GTLF OBJECTID 154247","source_id":"{A3876FB7-E7BD-4C59-835B-F56ABFC64907}","road_class":"transportation_system_-_primitive_road","surface":"natural_improved","vehicle_class":"4wd_low","allowed_mode":"all_moto_veh","access_restriction":"unknown","seasonal_restriction":"not_listed","route_plan_id":"5457","gis_miles":0.03747007},"geometry":{"type":"LineString","coordinates":[[-119.59355,35.20201],[-119.59357,35.20203],[-119.59359,35.20204],[-119.59361,35.20206],[-119.59363,35.20207],[-119.59365,35.20208],[-119.59367,35.2021],[-119.59369,35.20212],[-119.59372,35.20213],[-119.59374,35.20215],[-119.59376,35.20217],[-119.59377,35.20218],[-119.59379,35.20219],[-119.59379,35.20219],[-119.5938,35.2022],[-119.59381,35.20222],[-119.59383,35.20224],[-119.59385,35.20226],[-119.59387,35.20229],[-119.59389,35.20231],[-119.59391,35.20233],[-119.59393,35.20235],[-119.59401,35.2024]]}},{"type":"Feature","properties":{"name":"5698","source":"Bureau of Land Management","source_detail":"BLM GTLF OBJECTID 154251","source_id":"{A75BB9E5-CD9A-4DAF-AFA5-ECCEB07F412B}","road_class":"transportation_system_-_primitive_road","surface":"natural_improved","vehicle_class":"2wd_low","allowed_mode":"all_moto_veh","access_restriction":"not_listed","seasonal_restriction":"not_listed","route_plan_id":"5698","gis_miles":0.00672091},"geometry":{"type":"LineString","coordinates":[[-119.53458,35.22378],[-119.5346,35.22377],[-119.53461,35.22377],[-119.53463,35.22376],[-119.53465,35.22376],[-119.53467,35.22377],[-119.53469,35.22378]]}},{"type":"Feature","properties":{"name":"253","source":"Bureau of Land Management","source_detail":"BLM GTLF OBJECTID 154264","source_id":"{E6A6F532-843B-4A49-BB03-778EF4D726AE}","road_class":"transportation_system_-_primitive_road","surface":"natural","vehicle_class":"4wd_high_clearance_specialized","allowed_mode":"tech_veh_shared","access_restriction":"unknown","seasonal_restriction":"not_listed","route_plan_id":"253","gis_miles":0.08477168},"geometry":{"type":"LineString","coordinates":[[-119.64185,35.36144],[-119.64208,35.36188],[-119.64247,35.36256]]}},{"type":"Feature","properties":{"name":"5329","source":"Bureau of Land Management","source_detail":"BLM GTLF OBJECTID 154272","source_id":"{6861C624-1E8C-47E3-B88F-4679734EB653}","road_class":"transportation_system_-_primitive_road","surface":"natural_improved","vehicle_class":"2wd_low","allowed_mode":"unk","access_restriction":"unknown","seasonal_restriction":"not_listed","route_plan_id":"5329","gis_miles":0.05275931},"geometry":{"type":"LineString","coordinates":[[-119.58142,35.17671],[-119.5814,35.17669],[-119.58138,35.17667],[-119.58135,35.17665],[-119.58131,35.17664],[-119.58126,35.17665],[-119.5812,35.17666],[-119.58115,35.17667],[-119.58109,35.17668],[-119.58102,35.17669],[-119.58096,35.1767],[-119.5809,35.17672],[-119.58084,35.17672],[-119.58078,35.17673],[-119.58072,35.17673],[-119.58067,35.17673],[-119.58061,35.17672],[-119.58055,35.17672],[-119.58053,35.17672],[-119.58053,35.17672]]}},{"type":"Feature","properties":{"name":"5694","source":"Bureau of Land Management","source_detail":"BLM GTLF OBJECTID 154274","source_id":"{B5BBCEF9-AD99-4EA4-94AE-BA469E8EB31E}","road_class":"transportation_system_-_primitive_road","surface":"natural_improved","vehicle_class":"2wd_low","allowed_mode":"all_moto_veh","access_restriction":"not_listed","seasonal_restriction":"not_listed","route_plan_id":"5694","gis_miles":0.28924854},"geometry":{"type":"LineString","coordinates":[[-119.53488,35.23827],[-119.53487,35.23834],[-119.53487,35.23843],[-119.53489,35.23851],[-119.53493,35.2386],[-119.53498,35.23868],[-119.53504,35.23876],[-119.53511,35.23884],[-119.53519,35.23891],[-119.53527,35.23898],[-119.53535,35.23904],[-119.53542,35.2391],[-119.53548,35.23916],[-119.53552,35.23922],[-119.53553,35.2393],[-119.53553,35.23937],[-119.53552,35.23945],[-119.53551,35.23952],[-119.5355,35.2396],[-119.53547,35.23968],[-119.53543,35.23975],[-119.53537,35.23983],[-119.5353,35.23989],[-119.53521,35.23994],[-119.53511,35.23999],[-119.53501,35.24003],[-119.53492,35.24009],[-119.53483,35.24015],[-119.53474,35.24021],[-119.53464,35.24026],[-119.53454,35.24031],[-119.53444,35.24036],[-119.53434,35.24041],[-119.53425,35.24047],[-119.53416,35.24052],[-119.53408,35.24058],[-119.534,35.24065],[-119.53392,35.24072],[-119.53385,35.24079],[-119.53379,35.24085],[-119.53372,35.24091],[-119.53366,35.24097],[-119.53359,35.24103],[-119.53353,35.24108],[-119.53345,35.24113],[-119.53336,35.24116],[-119.53327,35.24118],[-119.5332,35.2412],[-119.53315,35.24123],[-119.53312,35.24126],[-119.53311,35.24129],[-119.5331,35.24131],[-119.5331,35.24132]]}},{"type":"Feature","properties":{"name":"5302","source":"Bureau of Land Management","source_detail":"BLM GTLF OBJECTID 154287","source_id":"{D86D22CC-AE21-45A2-BFC3-3F6E975AF39B}","road_class":"transportation_system_-_primitive_road","surface":"natural_improved","vehicle_class":"4wd_low","allowed_mode":"all_moto_veh","access_restriction":"unknown","seasonal_restriction":"not_listed","route_plan_id":"5302","gis_miles":0.1333403},"geometry":{"type":"LineString","coordinates":[[-119.60449,35.25167],[-119.60453,35.25166],[-119.60456,35.25163],[-119.60459,35.25159],[-119.6046,35.25155],[-119.60462,35.25151],[-119.60463,35.25147],[-119.60463,35.25143],[-119.60464,35.25138],[-119.60464,35.25134],[-119.60465,35.2513],[-119.60466,35.25125],[-119.60466,35.25121],[-119.60467,35.25116],[-119.60468,35.25112],[-119.6047,35.25108],[-119.60472,35.25104],[-119.60474,35.251],[-119.60477,35.25096],[-119.60479,35.25092],[-119.60482,35.25089],[-119.60485,35.25086],[-119.60488,35.25082],[-119.60492,35.25079],[-119.60495,35.25075],[-119.60499,35.25071],[-119.60502,35.25066],[-119.60505,35.25062],[-119.60506,35.25058],[-119.60508,35.25053],[-119.60511,35.25049],[-119.60514,35.25045],[-119.60518,35.25041],[-119.60522,35.25038],[-119.60527,35.25033],[-119.60531,35.25029],[-119.60534,35.25024],[-119.60537,35.25019],[-119.60538,35.25014],[-119.60539,35.25009],[-119.60539,35.25005],[-119.60538,35.25001],[-119.60537,35.24997],[-119.60536,35.24995]]}},{"type":"Feature","properties":{"name":"6071","source":"Bureau of Land Management","source_detail":"BLM GTLF OBJECTID 154295","source_id":"{DC873474-54F0-4D10-9BAA-51926BE717E0}","road_class":"transportation_system_-_primitive_road","surface":"natural_improved","vehicle_class":"4wd_low","allowed_mode":"all_moto_veh","access_restriction":"unknown","seasonal_restriction":"not_listed","route_plan_id":"6071","gis_miles":0.5038452},"geometry":{"type":"LineString","coordinates":[[-119.56008,35.22111],[-119.5601,35.22111],[-119.56019,35.22111],[-119.56028,35.2211],[-119.56036,35.22108],[-119.56045,35.22106],[-119.56053,35.22104],[-119.56062,35.22101],[-119.56071,35.221],[-119.5608,35.22099],[-119.56089,35.22099],[-119.56098,35.22099],[-119.56107,35.221],[-119.56115,35.22101],[-119.56122,35.22101],[-119.56128,35.22101],[-119.56161,35.22107],[-119.56182,35.2211],[-119.5619,35.22111],[-119.56199,35.22112],[-119.56207,35.22113],[-119.56215,35.22113],[-119.56224,35.22114],[-119.56226,35.22114],[-119.56232,35.22114],[-119.56262,35.22116],[-119.56269,35.22117],[-119.56269,35.22117],[-119.56276,35.22118],[-119.56282,35.22118],[-119.56288,35.22118],[-119.56294,35.22118],[-119.563,35.22118],[-119.56305,35.22118],[-119.56306,35.22118],[-119.56312,35.22118],[-119.56318,35.22118],[-119.56325,35.22118],[-119.56332,35.22117],[-119.56339,35.22117],[-119.56346,35.22117],[-119.56352,35.22117],[-119.56359,35.22116],[-119.56362,35.22116],[-119.56365,35.22116],[-119.56367,35.22116],[-119.56371,35.22116],[-119.56376,35.22115],[-119.56381,35.22115],[-119.56387,35.22114],[-119.56392,35.22114],[-119.56397,35.22113],[-119.56403,35.22113],[-119.56408,35.22112],[-119.56413,35.22111],[-119.56418,35.2211],[-119.56424,35.22109],[-119.56429,35.22108],[-119.56435,35.22108],[-119.56441,35.22107],[-119.56448,35.22107],[-119.56454,35.22106],[-119.56459,35.22107],[-119.56464,35.22107],[-119.56469,35.22107],[-119.56474,35.22107],[-119.56479,35.22107],[-119.56484,35.22108],[-119.56489,35.22108],[-119.56494,35.22109],[-119.565,35.2211],[-119.56506,35.2211],[-119.5651,35.2211],[-119.56512,35.2211],[-119.56518,35.22111],[-119.56524,35.2211],[-119.5653,35.2211],[-119.56536,35.22109],[-119.56542,35.22109],[-119.56548,35.22109],[-119.56553,35.22109],[-119.56559,35.2211],[-119.56561,35.2211],[-119.56564,35.2211],[-119.5657,35.2211],[-119.5657,35.2211],[-119.56576,35.22111],[-119.56582,35.22113],[-119.56589,35.22116],[-119.56595,35.22119],[-119.56602,35.22122],[-119.5661,35.22124],[-119.56617,35.22126],[-119.56625,35.22127],[-119.56633,35.22128],[-119.56641,35.22129],[-119.56648,35.22129],[-119.56656,35.2213],[-119.56663,35.2213],[-119.56665,35.2213],[-119.5667,35.2213],[-119.56677,35.22129],[-119.56684,35.22128],[-119.56684,35.22128],[-119.56684,35.22128],[-119.5669,35.22126],[-119.56696,35.22124],[-119.56701,35.22122],[-119.56706,35.2212],[-119.5671,35.22118],[-119.56713,35.22116],[-119.56716,35.22114],[-119.56719,35.22112],[-119.56723,35.2211],[-119.56728,35.22108],[-119.56733,35.22105],[-119.56738,35.22102],[-119.56744,35.22099],[-119.56749,35.22095],[-119.56755,35.22092],[-119.5676,35.22088],[-119.56765,35.22085],[-119.56771,35.22081],[-119.56776,35.22078],[-119.56782,35.22075],[-119.56787,35.22072],[-119.56793,35.2207],[-119.56799,35.22067],[-119.56804,35.22064],[-119.5681,35.2206],[-119.56815,35.22057],[-119.56821,35.22054],[-119.56826,35.22051],[-119.56829,35.2205],[-119.56831,35.22049],[-119.56835,35.22047],[-119.56839,35.22046],[-119.56841,35.22045],[-119.56843,35.22045],[-119.56845,35.22044],[-119.56846,35.22044],[-119.56847,35.22043],[-119.56849,35.22043],[-119.56852,35.22042],[-119.56855,35.2204],[-119.56856,35.22039]]}},{"type":"Feature","properties":{"name":"5254","source":"Bureau of Land Management","source_detail":"BLM GTLF OBJECTID 154301","source_id":"{5070C499-8B43-4385-982D-ACF84C469DC2}","road_class":"transportation_system_-_primitive_road","surface":"natural_improved","vehicle_class":"4wd_low","allowed_mode":"unk","access_restriction":"unknown","seasonal_restriction":"not_listed","route_plan_id":"T3","gis_miles":0.220901},"geometry":{"type":"LineString","coordinates":[[-119.61966,35.20533],[-119.61964,35.20533],[-119.6196,35.20534],[-119.61958,35.20534],[-119.61954,35.20535],[-119.6195,35.20537],[-119.61944,35.20539],[-119.61938,35.20542],[-119.61931,35.20544],[-119.61923,35.20547],[-119.61916,35.20549],[-119.61908,35.2055],[-119.619,35.2055],[-119.61893,35.20551],[-119.61886,35.20551],[-119.6188,35.20551],[-119.61872,35.20552],[-119.61865,35.20553],[-119.61858,35.20554],[-119.61851,35.20555],[-119.61844,35.20557],[-119.61837,35.20559],[-119.61829,35.20561],[-119.61822,35.20563],[-119.61814,35.20565],[-119.61807,35.20566],[-119.618,35.20567],[-119.61793,35.20568],[-119.61786,35.20568],[-119.61779,35.20568],[-119.61772,35.20568],[-119.61765,35.20568],[-119.61758,35.20567],[-119.61751,35.20567],[-119.61745,35.20566],[-119.61739,35.20566],[-119.61733,35.20566],[-119.61727,35.20566],[-119.61721,35.20566],[-119.61714,35.20566],[-119.61708,35.20566],[-119.61701,35.20566],[-119.61694,35.20566],[-119.61688,35.20565],[-119.61682,35.20563],[-119.61677,35.2056],[-119.61672,35.20557],[-119.61668,35.20553],[-119.61663,35.20549],[-119.61659,35.20546],[-119.61654,35.20542],[-119.61649,35.2054],[-119.61644,35.20539],[-119.61638,35.20538],[-119.61632,35.20539],[-119.61626,35.2054],[-119.61621,35.20542],[-119.61615,35.20545],[-119.61608,35.20547],[-119.61602,35.20549],[-119.61596,35.20551],[-119.61594,35.20551],[-119.61594,35.20552]]}},{"type":"Feature","properties":{"name":"16057: DERBY ACRES  USGS WEST ELK HILLS","source":"Bureau of Land Management","source_detail":"BLM GTLF OBJECTID 154318","source_id":"{A7BF641B-6C33-4D9C-BD2C-DFCC13A58495}","road_class":"transportation_system_-_road","surface":"natural_improved","vehicle_class":"2wd_low","allowed_mode":"unk","access_restriction":"unknown","seasonal_restriction":"not_listed","route_plan_id":"5222","gis_miles":1.52838815},"geometry":{"type":"LineString","coordinates":[[-119.61233,35.24634],[-119.61239,35.24629],[-119.6125,35.24621],[-119.61264,35.24613],[-119.61278,35.24609],[-119.61289,35.24607],[-119.61296,35.24605],[-119.61303,35.24604],[-119.61312,35.24602],[-119.61322,35.24601],[-119.61332,35.246],[-119.61341,35.24597],[-119.61349,35.24595],[-119.61358,35.24591],[-119.61364,35.24589],[-119.61372,35.24585],[-119.61383,35.24581],[-119.61399,35.24576],[-119.61416,35.24571],[-119.61432,35.24564],[-119.61443,35.24556],[-119.61452,35.2455],[-119.61461,35.2454],[-119.61473,35.24528],[-119.61488,35.24518],[-119.61503,35.24513],[-119.6152,35.24513],[-119.6154,35.24514],[-119.61561,35.24515],[-119.61578,35.24521],[-119.61588,35.24526],[-119.61591,35.24527],[-119.61598,35.24529],[-119.61601,35.2453],[-119.61603,35.24531],[-119.6161,35.24534],[-119.61623,35.24537],[-119.61635,35.24541],[-119.61648,35.24544],[-119.61661,35.24547],[-119.61671,35.2455],[-119.61681,35.24554],[-119.617,35.24543],[-119.6171,35.24549],[-119.61721,35.24556],[-119.6173,35.24563],[-119.61742,35.24571],[-119.61757,35.24579],[-119.61781,35.2459],[-119.61799,35.24598],[-119.61816,35.24607],[-119.6183,35.24614],[-119.6184,35.24621],[-119.61851,35.24627],[-119.61864,35.24633],[-119.61876,35.24639],[-119.6189,35.24647],[-119.61902,35.24657],[-119.61912,35.24666],[-119.61921,35.24673],[-119.61928,35.2468],[-119.61936,35.24687],[-119.61946,35.24697],[-119.61953,35.24708],[-119.61957,35.24721],[-119.6196,35.24734],[-119.61964,35.24745],[-119.61969,35.24756],[-119.61975,35.24764],[-119.61981,35.24769],[-119.61988,35.24772],[-119.61997,35.24777],[-119.62005,35.24783],[-119.62012,35.24792],[-119.62018,35.24801],[-119.62026,35.2481],[-119.62035,35.2482],[-119.62044,35.2483],[-119.62056,35.24841],[-119.62067,35.24851],[-119.62078,35.24858],[-119.62087,35.24864],[-119.62098,35.24871],[-119.62107,35.24877],[-119.62115,35.24887],[-119.62122,35.24899],[-119.62128,35.24914],[-119.62132,35.24926],[-119.62135,35.24934],[-119.62136,35.24939],[-119.62138,35.24942],[-119.62141,35.24947],[-119.62144,35.24952],[-119.62148,35.24956],[-119.62152,35.24959],[-119.62154,35.2496],[-119.62157,35.24961],[-119.62161,35.24962],[-119.6217,35.24959],[-119.62179,35.24955],[-119.62189,35.24951],[-119.62201,35.24948],[-119.62216,35.24946],[-119.62232,35.24948],[-119.62252,35.24954],[-119.62267,35.24961],[-119.6228,35.24967],[-119.62294,35.24974],[-119.62309,35.24983],[-119.62326,35.24991],[-119.62343,35.24999],[-119.62353,35.25004],[-119.62359,35.25007],[-119.62371,35.25014],[-119.62379,35.25021],[-119.62386,35.25029],[-119.62395,35.25037],[-119.62404,35.25048],[-119.62412,35.25061],[-119.62417,35.25074],[-119.6242,35.25087],[-119.62422,35.251],[-119.62421,35.25115],[-119.62416,35.25129],[-119.62405,35.25141],[-119.62394,35.25151],[-119.62386,35.25159],[-119.62378,35.25166],[-119.62369,35.25172],[-119.62357,35.25181],[-119.62349,35.25194],[-119.62348,35.25208],[-119.62359,35.2522],[-119.62369,35.25229],[-119.6238,35.25237],[-119.62393,35.25242],[-119.62408,35.25246],[-119.62421,35.25249],[-119.62434,35.25255],[-119.62445,35.25261],[-119.62453,35.25268],[-119.62461,35.25273],[-119.62469,35.25278],[-119.62475,35.25286],[-119.62481,35.25295],[-119.62485,35.25306],[-119.6249,35.25321],[-119.62496,35.25333],[-119.62501,35.25341],[-119.62502,35.25343],[-119.62505,35.25349],[-119.62511,35.25358],[-119.62522,35.25363],[-119.62537,35.25364],[-119.62552,35.2536],[-119.62564,35.25356],[-119.62575,35.25352],[-119.62584,35.25349],[-119.62592,35.25348],[-119.62602,35.25348],[-119.62612,35.25351],[-119.62619,35.25355],[-119.62624,35.25358],[-119.62631,35.25363],[-119.62639,35.25369],[-119.62647,35.25375],[-119.62654,35.25382],[-119.62661,35.25389],[-119.62666,35.25394],[-119.6267,35.254],[-119.62673,35.25406],[-119.62676,35.25413],[-119.62677,35.25421],[-119.62677,35.2543],[-119.62675,35.25441],[-119.62673,35.25454],[-119.6267,35.25468],[-119.62668,35.25482],[-119.62667,35.25494],[-119.62669,35.25506],[-119.62672,35.25515],[-119.62673,35.25518],[-119.62677,35.25528],[-119.62685,35.25542],[-119.62694,35.25559],[-119.62705,35.25577],[-119.62719,35.25591],[-119.62734,35.25605],[-119.62749,35.25618],[-119.6276,35.25627],[-119.62767,35.25634],[-119.62775,35.25641],[-119.62781,35.25649],[-119.62785,35.25656],[-119.62788,35.25662],[-119.62793,35.25672],[-119.62798,35.2568],[-119.62802,35.25689],[-119.62809,35.25701],[-119.6282,35.25716],[-119.62834,35.25728],[-119.62847,35.25734],[-119.62859,35.2574],[-119.6287,35.25743],[-119.62878,35.25746]]}},{"type":"Feature","properties":{"name":"4183","source":"Bureau of Land Management","source_detail":"BLM GTLF OBJECTID 154326","source_id":"{1DE7540B-3E8A-479C-A431-FA7AC9B3868E}","road_class":"transportation_system_-_primitive_road","surface":"natural","vehicle_class":"4wd_low","allowed_mode":"all_moto_veh","access_restriction":"unknown","seasonal_restriction":"not_listed","route_plan_id":"4183","gis_miles":0.59075535},"geometry":{"type":"LineString","coordinates":[[-119.5806,35.20956],[-119.58043,35.20956],[-119.58043,35.20976],[-119.58044,35.21002],[-119.58037,35.21029],[-119.58032,35.21057],[-119.58028,35.21066],[-119.5802,35.21087],[-119.58011,35.21113],[-119.58009,35.21121],[-119.58005,35.21144],[-119.58,35.21176],[-119.58,35.2118],[-119.58003,35.21222],[-119.58004,35.21259],[-119.58003,35.21292],[-119.58006,35.21346],[-119.58001,35.21381],[-119.58001,35.21411],[-119.58006,35.21428],[-119.58015,35.21445],[-119.58025,35.21464],[-119.58026,35.2147],[-119.58023,35.21486],[-119.58014,35.21499],[-119.57998,35.21509],[-119.57976,35.2152],[-119.57953,35.2153],[-119.57945,35.21544],[-119.57931,35.21564],[-119.57903,35.21576],[-119.57901,35.21577],[-119.57873,35.21588],[-119.57851,35.21598],[-119.5783,35.21616],[-119.57801,35.21633],[-119.57785,35.21644],[-119.57759,35.21653],[-119.57731,35.21658]]}},{"type":"Feature","properties":{"name":"5683","source":"Bureau of Land Management","source_detail":"BLM GTLF OBJECTID 154336","source_id":"{6C691A3B-529A-492B-B1BD-E809E9AEB06C}","road_class":"transportation_system_-_primitive_road","surface":"natural_improved","vehicle_class":"4wd_low","allowed_mode":"all_moto_veh","access_restriction":"unknown","seasonal_restriction":"not_listed","route_plan_id":"5683","gis_miles":0.54075812},"geometry":{"type":"LineString","coordinates":[[-119.55426,35.24311],[-119.55429,35.2431],[-119.5544,35.24307],[-119.55451,35.24304],[-119.55462,35.243],[-119.55473,35.24297],[-119.55484,35.24294],[-119.55495,35.2429],[-119.55506,35.24287],[-119.55517,35.24283],[-119.55529,35.2428],[-119.5554,35.24276],[-119.55551,35.24273],[-119.55562,35.2427],[-119.5557,35.24267],[-119.55577,35.24265],[-119.55581,35.24263],[-119.55582,35.24263],[-119.55583,35.24263],[-119.55583,35.24263],[-119.55586,35.24261],[-119.55591,35.2426],[-119.55596,35.24259],[-119.55602,35.24257],[-119.55609,35.24255],[-119.55617,35.24252],[-119.55626,35.2425],[-119.55635,35.24247],[-119.55644,35.24245],[-119.55653,35.24242],[-119.55664,35.24238],[-119.55674,35.24235],[-119.55685,35.24231],[-119.5569,35.2423],[-119.55696,35.24228],[-119.55708,35.24224],[-119.55719,35.2422],[-119.55731,35.24216],[-119.55742,35.24212],[-119.55754,35.24208],[-119.55767,35.24204],[-119.55779,35.242],[-119.55791,35.24196],[-119.55804,35.24193],[-119.55816,35.24189],[-119.55829,35.24185],[-119.55841,35.24181],[-119.55854,35.24176],[-119.55867,35.24172],[-119.5588,35.24168],[-119.55893,35.24164],[-119.55906,35.2416],[-119.55919,35.24156],[-119.55932,35.24153],[-119.55945,35.24149],[-119.55957,35.24146],[-119.5597,35.24142],[-119.55982,35.24138],[-119.55993,35.24134],[-119.56001,35.24132],[-119.56006,35.2413],[-119.56009,35.24129],[-119.56011,35.24129],[-119.56012,35.24129],[-119.56015,35.24128],[-119.5602,35.24126],[-119.56025,35.24124],[-119.56031,35.24121],[-119.56037,35.24119],[-119.56044,35.24116],[-119.56052,35.24112],[-119.56059,35.24109],[-119.56067,35.24105],[-119.56075,35.24101],[-119.56083,35.24098],[-119.56091,35.24094],[-119.56099,35.2409],[-119.56108,35.24086],[-119.56116,35.24082],[-119.56125,35.24077],[-119.56134,35.24073],[-119.56144,35.24068],[-119.56154,35.24063],[-119.56164,35.24058],[-119.56174,35.24054],[-119.56184,35.2405],[-119.56193,35.24045],[-119.56203,35.24041],[-119.56213,35.24037],[-119.56223,35.24033],[-119.56234,35.24029],[-119.56245,35.24025],[-119.56255,35.24021],[-119.56266,35.24018],[-119.56276,35.24014],[-119.56287,35.24011],[-119.56297,35.24007],[-119.56305,35.24005]]}},{"type":"Feature","properties":{"name":"6061","source":"Bureau of Land Management","source_detail":"BLM GTLF OBJECTID 154338","source_id":"{9FA71313-AB92-448B-87F7-3750A1991F97}","road_class":"transportation_system_-_primitive_road","surface":"natural_improved","vehicle_class":"4wd_low","allowed_mode":"all_moto_veh","access_restriction":"unknown","seasonal_restriction":"not_listed","route_plan_id":"6061","gis_miles":0.06586107},"geometry":{"type":"LineString","coordinates":[[-119.55798,35.22374],[-119.55795,35.22374],[-119.55791,35.22373],[-119.55787,35.22372],[-119.55782,35.22372],[-119.55778,35.22371],[-119.55773,35.22371],[-119.55768,35.2237],[-119.55763,35.22369],[-119.55757,35.22369],[-119.55752,35.22368],[-119.55746,35.22368],[-119.55741,35.22368],[-119.55735,35.22368],[-119.55729,35.22368],[-119.55723,35.22368],[-119.55717,35.22369],[-119.55712,35.2237],[-119.55706,35.22371],[-119.55701,35.22372],[-119.55695,35.22372],[-119.55689,35.22373],[-119.55684,35.22373],[-119.55682,35.22373]]}},{"type":"Feature","properties":{"name":"4189","source":"Bureau of Land Management","source_detail":"BLM GTLF OBJECTID 154342","source_id":"{9EF2B6DE-AB12-48C4-BCEC-7DBF7D1D1D49}","road_class":"transportation_system_-_primitive_road","surface":"natural","vehicle_class":"4wd_low","allowed_mode":"all_moto_veh","access_restriction":"unknown","seasonal_restriction":"not_listed","route_plan_id":"4189","gis_miles":0.24055494},"geometry":{"type":"LineString","coordinates":[[-119.57893,35.21119],[-119.57899,35.21172],[-119.57899,35.21202],[-119.57898,35.21232],[-119.57902,35.21306],[-119.57897,35.21355],[-119.57899,35.21409],[-119.57897,35.21456],[-119.57895,35.21467]]}},{"type":"Feature","properties":{"name":"4065","source":"Bureau of Land Management","source_detail":"BLM GTLF OBJECTID 154357","source_id":"{B725B973-745A-478A-9039-F0C557247453}","road_class":"transportation_system_-_primitive_road","surface":"natural_improved","vehicle_class":"2wd_low","allowed_mode":"all_moto_veh","access_restriction":"not_listed","seasonal_restriction":"not_listed","route_plan_id":"4065","gis_miles":0.23864865},"geometry":{"type":"LineString","coordinates":[[-119.60693,35.21058],[-119.60713,35.21059],[-119.60732,35.2106],[-119.60752,35.21061],[-119.60779,35.21064],[-119.60794,35.21065],[-119.60808,35.2107],[-119.60821,35.21078],[-119.60842,35.21095],[-119.60854,35.21115],[-119.60864,35.2114],[-119.60871,35.21176],[-119.60876,35.212],[-119.60877,35.21205],[-119.60879,35.21219],[-119.60885,35.21237],[-119.60889,35.21261],[-119.60893,35.21289],[-119.60902,35.213]]}},{"type":"Feature","properties":{"name":"4012","source":"Bureau of Land Management","source_detail":"BLM GTLF OBJECTID 154362","source_id":"{0D3B3F2A-9A4F-4A3C-B176-7FB444A43AC7}","road_class":"transportation_system_-_primitive_road","surface":"natural_improved","vehicle_class":"4wd_low","allowed_mode":"all_moto_veh","access_restriction":"unknown","seasonal_restriction":"not_listed","route_plan_id":"4012","gis_miles":0.44811345},"geometry":{"type":"LineString","coordinates":[[-119.59814,35.20925],[-119.59833,35.20926],[-119.59855,35.20927],[-119.59873,35.20923],[-119.59896,35.20917],[-119.59912,35.20912],[-119.59945,35.20908],[-119.5997,35.20902],[-119.59996,35.20892],[-119.60021,35.20882],[-119.6004,35.20878],[-119.60077,35.20877],[-119.60109,35.20878],[-119.60139,35.20876],[-119.6016,35.20874],[-119.60178,35.20871],[-119.60197,35.20868],[-119.60225,35.20864],[-119.60259,35.20863],[-119.60286,35.20871],[-119.60304,35.20875],[-119.60311,35.20876],[-119.60323,35.20877],[-119.60343,35.20881],[-119.60363,35.20889],[-119.60387,35.20896],[-119.60401,35.20902],[-119.60421,35.20904],[-119.60455,35.20904],[-119.60488,35.20906],[-119.6051,35.20907],[-119.60538,35.20911],[-119.60562,35.20915],[-119.60584,35.2092]]}},{"type":"Feature","properties":{"name":"5292","source":"Bureau of Land Management","source_detail":"BLM GTLF OBJECTID 154376","source_id":"{53AAB35A-F449-4C7D-8F19-12D6E4AD8533}","road_class":"transportation_system_-_primitive_road","surface":"natural_improved","vehicle_class":"4wd_low","allowed_mode":"all_moto_veh","access_restriction":"unknown","seasonal_restriction":"not_listed","route_plan_id":"5292","gis_miles":0.25868454},"geometry":{"type":"LineString","coordinates":[[-119.60378,35.24266],[-119.60378,35.24266],[-119.6038,35.24266],[-119.60382,35.24264],[-119.60384,35.24263],[-119.60385,35.24263],[-119.60386,35.24262],[-119.60388,35.24261],[-119.6039,35.24259],[-119.60392,35.24257],[-119.60395,35.24254],[-119.60399,35.24252],[-119.60402,35.24249],[-119.60406,35.24247],[-119.6041,35.24244],[-119.60414,35.24241],[-119.60418,35.24237],[-119.60422,35.24234],[-119.60426,35.2423],[-119.60429,35.24226],[-119.60432,35.24222],[-119.60435,35.24218],[-119.60437,35.24214],[-119.60439,35.2421],[-119.60442,35.24206],[-119.60444,35.24202],[-119.60447,35.24198],[-119.6045,35.24194],[-119.60453,35.2419],[-119.60457,35.24187],[-119.60462,35.24184],[-119.60465,35.24179],[-119.60468,35.24175],[-119.60472,35.24171],[-119.60476,35.24166],[-119.60479,35.24163],[-119.60483,35.24159],[-119.60486,35.24155],[-119.60488,35.24151],[-119.6049,35.24148],[-119.60491,35.24147],[-119.60491,35.24146],[-119.60492,35.24145],[-119.60493,35.24143],[-119.60495,35.24141],[-119.60496,35.2414],[-119.60497,35.24138],[-119.60499,35.24136],[-119.60499,35.24136],[-119.605,35.24134],[-119.60503,35.2413],[-119.60505,35.24127],[-119.60508,35.24124],[-119.60511,35.2412],[-119.60514,35.24116],[-119.60517,35.24112],[-119.60521,35.24108],[-119.60524,35.24104],[-119.60527,35.24099],[-119.6053,35.24095],[-119.60532,35.24091],[-119.60535,35.24087],[-119.60537,35.24083],[-119.6054,35.2408],[-119.60542,35.24076],[-119.60545,35.24072],[-119.60547,35.24068],[-119.6055,35.24064],[-119.60552,35.24059],[-119.60555,35.24054],[-119.60557,35.24049],[-119.60559,35.24045],[-119.60561,35.24042],[-119.60563,35.24039],[-119.60564,35.24036],[-119.60566,35.24033],[-119.60568,35.24029],[-119.6057,35.24026],[-119.60572,35.24022],[-119.60574,35.24018],[-119.60577,35.24014],[-119.6058,35.2401],[-119.60583,35.24007],[-119.60586,35.24004],[-119.6059,35.24002],[-119.60592,35.23999],[-119.60594,35.23996],[-119.60596,35.23993],[-119.60598,35.2399],[-119.60599,35.23988],[-119.60601,35.23986],[-119.60603,35.23984],[-119.60604,35.23983],[-119.60607,35.2398],[-119.60611,35.23977],[-119.60614,35.23974],[-119.60617,35.23971],[-119.6062,35.23969],[-119.60622,35.23967],[-119.60625,35.23965],[-119.60627,35.23962],[-119.60628,35.2396],[-119.6063,35.23958]]}},{"type":"Feature","properties":{"name":"4026","source":"Bureau of Land Management","source_detail":"BLM GTLF OBJECTID 154380","source_id":"{FB022EFF-A9F7-4E73-9692-964F5D15E512}","road_class":"transportation_system_-_primitive_road","surface":"natural_improved","vehicle_class":"4wd_low","allowed_mode":"all_moto_veh","access_restriction":"unknown","seasonal_restriction":"not_listed","route_plan_id":"4026","gis_miles":0.03116554},"geometry":{"type":"LineString","coordinates":[[-119.60587,35.20635],[-119.6061,35.20643],[-119.60622,35.20652],[-119.60627,35.20662]]}},{"type":"Feature","properties":{"name":"4165","source":"Bureau of Land Management","source_detail":"BLM GTLF OBJECTID 154382","source_id":"{EA0AC9D9-4ECB-414E-8BD5-59A7FB0F7F88}","road_class":"transportation_system_-_primitive_road","surface":"natural_improved","vehicle_class":"4wd_low","allowed_mode":"all_moto_veh","access_restriction":"unknown","seasonal_restriction":"not_listed","route_plan_id":"4165","gis_miles":0.05863001},"geometry":{"type":"LineString","coordinates":[[-119.57003,35.21886],[-119.57004,35.21871],[-119.57008,35.21861],[-119.57012,35.21849],[-119.5702,35.21842],[-119.57032,35.21827],[-119.5704,35.21819],[-119.57046,35.21812]]}},{"type":"Feature","properties":{"name":"4184","source":"Bureau of Land Management","source_detail":"BLM GTLF OBJECTID 154429","source_id":"{46B1B578-6C66-40C4-AC2F-BA0D53BA126E}","road_class":"transportation_system_-_primitive_road","surface":"natural","vehicle_class":"4wd_low","allowed_mode":"all_moto_veh","access_restriction":"unknown","seasonal_restriction":"not_listed","route_plan_id":"4184","gis_miles":0.0361864},"geometry":{"type":"LineString","coordinates":[[-119.58062,35.21282],[-119.58035,35.21268],[-119.58016,35.21261],[-119.58004,35.21259]]}},{"type":"Feature","properties":{"name":"4189","source":"Bureau of Land Management","source_detail":"BLM GTLF OBJECTID 154436","source_id":"{F4287DFB-0A4F-40DE-9976-CACA2C4263F7}","road_class":"transportation_system_-_primitive_road","surface":"natural","vehicle_class":"4wd_low","allowed_mode":"all_moto_veh","access_restriction":"unknown","seasonal_restriction":"not_listed","route_plan_id":"4189","gis_miles":0.07605504},"geometry":{"type":"LineString","coordinates":[[-119.57895,35.21467],[-119.57901,35.21577]]}},{"type":"Feature","properties":{"name":"6056","source":"Bureau of Land Management","source_detail":"BLM GTLF OBJECTID 154452","source_id":"{8C39F6B8-CC03-43C0-900F-DDC03BB87E15}","road_class":"transportation_system_-_primitive_road","surface":"natural_improved","vehicle_class":"4wd_low","allowed_mode":"all_moto_veh","access_restriction":"unknown","seasonal_restriction":"not_listed","route_plan_id":"6056","gis_miles":0.12810025},"geometry":{"type":"LineString","coordinates":[[-119.55597,35.22108],[-119.55594,35.22108],[-119.55591,35.22109],[-119.55588,35.22109],[-119.55584,35.2211],[-119.5558,35.22111],[-119.55577,35.22112],[-119.55573,35.22112],[-119.5557,35.22113],[-119.55567,35.22113],[-119.55564,35.22113],[-119.55561,35.22113],[-119.55558,35.22113],[-119.55554,35.22113],[-119.55551,35.22114],[-119.55548,35.22114],[-119.55545,35.22115],[-119.55542,35.22116],[-119.55538,35.22117],[-119.55534,35.22119],[-119.5553,35.22121],[-119.55527,35.22123],[-119.55523,35.22125],[-119.55519,35.22126],[-119.55515,35.22128],[-119.5551,35.2213],[-119.55506,35.22133],[-119.55502,35.22135],[-119.55499,35.22137],[-119.55495,35.2214],[-119.55492,35.22142],[-119.55489,35.22144],[-119.55487,35.22146],[-119.55484,35.22148],[-119.55481,35.22149],[-119.55479,35.22151],[-119.55475,35.22152],[-119.55472,35.22153],[-119.55468,35.22155],[-119.55463,35.22156],[-119.55459,35.22157],[-119.55454,35.22158],[-119.5545,35.22159],[-119.55445,35.22159],[-119.55441,35.2216],[-119.55437,35.2216],[-119.55433,35.22159],[-119.5543,35.22159],[-119.55428,35.22157],[-119.55426,35.22156],[-119.55424,35.22153],[-119.55423,35.22151],[-119.55423,35.22148],[-119.55422,35.22146],[-119.55423,35.22143],[-119.55423,35.22141],[-119.55423,35.22138],[-119.55423,35.22134],[-119.55423,35.22131],[-119.55421,35.22129],[-119.55419,35.22127],[-119.55418,35.22127]]}},{"type":"Feature","properties":{"name":"5309","source":"Bureau of Land Management","source_detail":"BLM GTLF OBJECTID 154476","source_id":"{41D20243-C8CF-422D-8B2A-05C71C65BF73}","road_class":"transportation_system_-_primitive_road","surface":"natural_improved","vehicle_class":"4wd_low","allowed_mode":"all_moto_veh","access_restriction":"unknown","seasonal_restriction":"not_listed","route_plan_id":"5309","gis_miles":0.04040482},"geometry":{"type":"LineString","coordinates":[[-119.6107,35.24435],[-119.6107,35.24435],[-119.61069,35.24435],[-119.61069,35.24434],[-119.61068,35.24434],[-119.61066,35.24434],[-119.61064,35.24435],[-119.61062,35.24435],[-119.61059,35.24436],[-119.61057,35.24437],[-119.61056,35.24437],[-119.61056,35.24437],[-119.61051,35.24434],[-119.6105,35.24433],[-119.61049,35.24432],[-119.61049,35.2443],[-119.61048,35.24428],[-119.61046,35.24426],[-119.61044,35.24424],[-119.61042,35.24421],[-119.61039,35.24419],[-119.61037,35.24417],[-119.61034,35.24414],[-119.61032,35.24412],[-119.61032,35.24411],[-119.61031,35.2441],[-119.6103,35.24408],[-119.61029,35.24405],[-119.61028,35.24404],[-119.61027,35.24402],[-119.61025,35.244],[-119.61024,35.24399]]}},{"type":"Feature","properties":{"name":"4229","source":"Bureau of Land Management","source_detail":"BLM GTLF OBJECTID 154484","source_id":"{68137EB4-2E5E-4265-9EEF-D416AED3E9B7}","road_class":"transportation_system_-_primitive_road","surface":"natural_improved","vehicle_class":"2wd_low","allowed_mode":"all_moto_veh","access_restriction":"not_listed","seasonal_restriction":"not_listed","route_plan_id":"4229","gis_miles":0.07065741},"geometry":{"type":"LineString","coordinates":[[-119.60856,35.21658],[-119.60873,35.21653],[-119.60895,35.21647],[-119.60924,35.21633],[-119.60937,35.21626],[-119.60944,35.21623],[-119.60949,35.21611],[-119.60956,35.21604]]}},{"type":"Feature","properties":{"name":"5777","source":"Bureau of Land Management","source_detail":"BLM GTLF OBJECTID 154504","source_id":"{D78AF7A8-AC30-42DF-8D87-112EED5FF645}","road_class":"transportation_system_-_primitive_road","surface":"natural_improved","vehicle_class":"2wd_low","allowed_mode":"all_moto_veh","access_restriction":"not_listed","seasonal_restriction":"not_listed","route_plan_id":"5777","gis_miles":0.26225661},"geometry":{"type":"LineString","coordinates":[[-119.56532,35.24981],[-119.56533,35.24981],[-119.56534,35.24981],[-119.56537,35.24982],[-119.56541,35.24982],[-119.56546,35.24982],[-119.56552,35.24982],[-119.56558,35.24982],[-119.56564,35.24981],[-119.5657,35.24981],[-119.56576,35.24981],[-119.56583,35.24981],[-119.56589,35.24981],[-119.56595,35.2498],[-119.56601,35.2498],[-119.56608,35.2498],[-119.56614,35.2498],[-119.5662,35.2498],[-119.56627,35.24981],[-119.56633,35.24981],[-119.5664,35.24982],[-119.56646,35.24982],[-119.56652,35.24983],[-119.56658,35.24984],[-119.56664,35.24985],[-119.5667,35.24986],[-119.56675,35.24987],[-119.56681,35.24988],[-119.56687,35.24989],[-119.56693,35.24991],[-119.56699,35.24992],[-119.56705,35.24994],[-119.56711,35.24995],[-119.56717,35.24996],[-119.56723,35.24997],[-119.56729,35.24998],[-119.56735,35.24999],[-119.56742,35.25],[-119.56748,35.25],[-119.56755,35.25],[-119.56761,35.25],[-119.56768,35.25],[-119.56774,35.24999],[-119.5678,35.24999],[-119.56787,35.24999],[-119.56793,35.24998],[-119.56799,35.24998],[-119.56806,35.24998],[-119.56812,35.24998],[-119.56818,35.24998],[-119.56824,35.24998],[-119.56829,35.24997],[-119.56835,35.24996],[-119.5684,35.24993],[-119.56844,35.2499],[-119.56846,35.24985],[-119.56849,35.24981],[-119.56851,35.24976],[-119.56853,35.24972],[-119.56856,35.24968],[-119.56858,35.24964],[-119.56861,35.24961],[-119.56864,35.24958],[-119.56868,35.24955],[-119.56873,35.24952],[-119.56878,35.2495],[-119.56883,35.24948],[-119.56888,35.24946],[-119.56893,35.24945],[-119.56899,35.24943],[-119.56905,35.24942],[-119.56911,35.24941],[-119.56917,35.24939],[-119.56923,35.24937],[-119.56929,35.24936],[-119.56935,35.24934],[-119.56941,35.24932],[-119.56947,35.24931],[-119.56952,35.24929],[-119.56958,35.24928],[-119.56959,35.24927]]}},{"type":"Feature","properties":{"name":"6018","source":"Bureau of Land Management","source_detail":"BLM GTLF OBJECTID 154521","source_id":"{E6041242-9BAE-43C3-BEA7-A44B3B360EA3}","road_class":"transportation_system_-_primitive_road","surface":"natural_improved","vehicle_class":"4wd_low","allowed_mode":"all_moto_veh","access_restriction":"unknown","seasonal_restriction":"not_listed","route_plan_id":"6018","gis_miles":0.15910457},"geometry":{"type":"LineString","coordinates":[[-119.5349,35.21048],[-119.53489,35.21043],[-119.53487,35.2104],[-119.53485,35.21038],[-119.53483,35.21036],[-119.53482,35.21033],[-119.53481,35.2103],[-119.5348,35.21027],[-119.5348,35.21024],[-119.53481,35.21021],[-119.53481,35.21018],[-119.53481,35.21015],[-119.53481,35.21012],[-119.53482,35.21008],[-119.53481,35.21005],[-119.5348,35.21001],[-119.53478,35.20997],[-119.53474,35.20994],[-119.5347,35.2099],[-119.53464,35.20988],[-119.53459,35.20986],[-119.53454,35.20985],[-119.53451,35.20984],[-119.53448,35.20984],[-119.53445,35.20983],[-119.53443,35.20983],[-119.53441,35.20983],[-119.53437,35.20983],[-119.53432,35.20983],[-119.53427,35.20984],[-119.53422,35.20985],[-119.53417,35.20987],[-119.53412,35.20989],[-119.53407,35.2099],[-119.53401,35.20991],[-119.53397,35.20991],[-119.53393,35.20991],[-119.5339,35.20991],[-119.53388,35.20991],[-119.53388,35.20991],[-119.53386,35.20991],[-119.53385,35.2099],[-119.53384,35.20989],[-119.53384,35.20987],[-119.53384,35.20986],[-119.53384,35.20985],[-119.53384,35.20985],[-119.53384,35.20984],[-119.53384,35.20981],[-119.53385,35.20978],[-119.53386,35.20975],[-119.53387,35.20972],[-119.53389,35.20968],[-119.53391,35.20964],[-119.53392,35.2096],[-119.53393,35.20956],[-119.53393,35.20951],[-119.53393,35.20946],[-119.53392,35.20941],[-119.53391,35.20937],[-119.53389,35.20935],[-119.53387,35.20932],[-119.53385,35.2093],[-119.53385,35.20928],[-119.53385,35.20927],[-119.53385,35.20926],[-119.53386,35.20925],[-119.53393,35.20923],[-119.53395,35.20923],[-119.53398,35.20922],[-119.53402,35.20922],[-119.53408,35.2092],[-119.53414,35.20919],[-119.53419,35.20917]]}},{"type":"Feature","properties":{"name":"5962","source":"Bureau of Land Management","source_detail":"BLM GTLF OBJECTID 154556","source_id":"{6943BB6A-D20D-4FFA-AA6F-E6D4F14461AF}","road_class":"transportation_system_-_primitive_road","surface":"natural_improved","vehicle_class":"4wd_low","allowed_mode":"all_moto_veh","access_restriction":"unknown","seasonal_restriction":"not_listed","route_plan_id":"5962","gis_miles":0.11994494},"geometry":{"type":"LineString","coordinates":[[-119.53608,35.19013],[-119.53608,35.19015],[-119.53608,35.19017],[-119.53607,35.19019],[-119.53607,35.19021],[-119.53607,35.19023],[-119.53607,35.19025],[-119.53606,35.19027],[-119.53606,35.19028],[-119.53606,35.19029],[-119.53606,35.1903],[-119.53606,35.1903],[-119.53606,35.1903],[-119.53606,35.19031],[-119.53606,35.19033],[-119.53606,35.19035],[-119.53606,35.19037],[-119.53606,35.1904],[-119.53606,35.19043],[-119.53607,35.19046],[-119.53607,35.19049],[-119.53607,35.19051],[-119.53607,35.19054],[-119.53608,35.19056],[-119.53608,35.19059],[-119.53608,35.19062],[-119.53608,35.19064],[-119.53608,35.19067],[-119.53608,35.19071],[-119.53608,35.19074],[-119.53608,35.19077],[-119.53608,35.1908],[-119.53608,35.19083],[-119.53607,35.19087],[-119.53607,35.1909],[-119.53607,35.19093],[-119.53607,35.19097],[-119.53606,35.191],[-119.53606,35.19104],[-119.53606,35.19107],[-119.53606,35.19111],[-119.53605,35.19114],[-119.53605,35.19118],[-119.53606,35.19121],[-119.53606,35.19125],[-119.53607,35.19128],[-119.53608,35.19132],[-119.53609,35.19136],[-119.53609,35.1914],[-119.5361,35.19145],[-119.5361,35.19149],[-119.53611,35.19153],[-119.53611,35.19157],[-119.53612,35.1916],[-119.53612,35.19164],[-119.53612,35.19168],[-119.53612,35.19172],[-119.53612,35.19176],[-119.53612,35.1918],[-119.53612,35.19183],[-119.53612,35.19187]]}},{"type":"Feature","properties":{"name":"4024","source":"Bureau of Land Management","source_detail":"BLM GTLF OBJECTID 154598","source_id":"{81DFF430-D293-438E-A11A-226DF561CAF8}","road_class":"transportation_system_-_primitive_road","surface":"natural_improved","vehicle_class":"4wd_low","allowed_mode":"all_moto_veh","access_restriction":"unknown","seasonal_restriction":"not_listed","route_plan_id":"4024","gis_miles":0.16361661},"geometry":{"type":"LineString","coordinates":[[-119.59986,35.20533],[-119.60019,35.20529],[-119.60041,35.20527],[-119.60048,35.20527],[-119.60051,35.20534],[-119.60049,35.20545],[-119.60047,35.20554],[-119.6004,35.20559],[-119.60034,35.20569],[-119.60031,35.20583],[-119.60032,35.20595],[-119.60032,35.2061],[-119.60026,35.20628],[-119.60019,35.20643],[-119.60013,35.20657],[-119.60005,35.20672],[-119.59994,35.20687],[-119.59987,35.207]]}},{"type":"Feature","properties":{"name":"5376","source":"Bureau of Land Management","source_detail":"BLM GTLF OBJECTID 154603","source_id":"{07D670D6-279A-4298-A265-267D757B3C49}","road_class":"transportation_system_-_primitive_road","surface":"natural_improved","vehicle_class":"4wd_low","allowed_mode":"all_moto_veh","access_restriction":"unknown","seasonal_restriction":"not_listed","route_plan_id":"5376","gis_miles":0.08922014},"geometry":{"type":"LineString","coordinates":[[-119.56586,35.202],[-119.56586,35.2018],[-119.56586,35.20166],[-119.56585,35.20162],[-119.56585,35.20157],[-119.56585,35.20153],[-119.56585,35.20149],[-119.56584,35.20145],[-119.56584,35.20141],[-119.56584,35.20136],[-119.56584,35.20132],[-119.56583,35.20127],[-119.56583,35.20123],[-119.56583,35.20119],[-119.56582,35.20114],[-119.56581,35.2011],[-119.56581,35.20105],[-119.5658,35.20101],[-119.56579,35.20096],[-119.56577,35.20092],[-119.56576,35.20088],[-119.56574,35.20085],[-119.56573,35.20082],[-119.56572,35.20079],[-119.5657,35.20074],[-119.56569,35.20073]]}},{"type":"Feature","properties":{"name":"5423","source":"Bureau of Land Management","source_detail":"BLM GTLF OBJECTID 154628","source_id":"{81A51D60-1FA0-46C3-83D4-4B05F4E150A7}","road_class":"transportation_system_-_primitive_road","surface":"natural","vehicle_class":"4wd_low","allowed_mode":"all_moto_veh","access_restriction":"unknown","seasonal_restriction":"not_listed","route_plan_id":"5423","gis_miles":0.1316339},"geometry":{"type":"LineString","coordinates":[[-119.58024,35.18759],[-119.58026,35.1876],[-119.58029,35.18761],[-119.58031,35.18763],[-119.58034,35.18765],[-119.58035,35.18767],[-119.58037,35.1877],[-119.58037,35.18773],[-119.58037,35.18777],[-119.58037,35.1878],[-119.58037,35.18783],[-119.58037,35.18786],[-119.58037,35.1879],[-119.58036,35.18793],[-119.58036,35.18797],[-119.58036,35.18801],[-119.58036,35.18805],[-119.58036,35.18809],[-119.58037,35.18814],[-119.58037,35.18818],[-119.58037,35.18822],[-119.58037,35.18826],[-119.58037,35.1883],[-119.58037,35.18833],[-119.58038,35.18837],[-119.58038,35.18841],[-119.58038,35.18845],[-119.58037,35.1885],[-119.58037,35.18854],[-119.58036,35.18859],[-119.58033,35.18863],[-119.58031,35.18867],[-119.58028,35.18871],[-119.58025,35.18875],[-119.58022,35.18879],[-119.5802,35.18882],[-119.58017,35.18886],[-119.58015,35.18889],[-119.58012,35.18893],[-119.5801,35.18896],[-119.58008,35.18899],[-119.58006,35.18902],[-119.58004,35.18905],[-119.58002,35.18908],[-119.58001,35.18912],[-119.58001,35.18915],[-119.58001,35.18919],[-119.58001,35.18922],[-119.57999,35.18926],[-119.57997,35.18929],[-119.57997,35.18932],[-119.57997,35.18934],[-119.57997,35.18936],[-119.57998,35.18937],[-119.57998,35.18937]]}},{"type":"Feature","properties":{"name":"253","source":"Bureau of Land Management","source_detail":"BLM GTLF OBJECTID 154642","source_id":"{954B937A-A5EA-4F50-85FF-76588F37AEB2}","road_class":"transportation_system_-_primitive_road","surface":"natural","vehicle_class":"4wd_high_clearance_specialized","allowed_mode":"tech_veh_shared","access_restriction":"unknown","seasonal_restriction":"not_listed","route_plan_id":"253","gis_miles":0.52648827},"geometry":{"type":"LineString","coordinates":[[-119.63795,35.35451],[-119.63831,35.35507],[-119.6391,35.35656],[-119.6391,35.35656],[-119.63942,35.35712],[-119.63982,35.35781],[-119.63984,35.35786],[-119.64058,35.35916],[-119.64118,35.36021],[-119.64185,35.36144]]}},{"type":"Feature","properties":{"name":"16054: MIDWAY PEAK COMMUNICATION  USGS FELLOWS","source":"Bureau of Land Management","source_detail":"BLM GTLF OBJECTID 154643","source_id":"{4B09E568-E1DE-43E3-BF0E-550F734EC598}","road_class":"transportation_system_-_primitive_road","surface":"natural_improved","vehicle_class":"4wd_low","allowed_mode":"unk","access_restriction":"unknown","seasonal_restriction":"not_listed","route_plan_id":"T4300","gis_miles":0.31023685},"geometry":{"type":"LineString","coordinates":[[-119.58162,35.18389],[-119.5816,35.18387],[-119.58156,35.18382],[-119.58151,35.18378],[-119.58146,35.18373],[-119.5814,35.18367],[-119.58135,35.18361],[-119.58131,35.18353],[-119.58127,35.18346],[-119.58123,35.18339],[-119.58119,35.18331],[-119.58115,35.18324],[-119.58111,35.18316],[-119.58107,35.18309],[-119.58103,35.18302],[-119.58099,35.18294],[-119.58094,35.18287],[-119.5809,35.1828],[-119.58085,35.18273],[-119.58081,35.18267],[-119.58077,35.18261],[-119.58073,35.18255],[-119.5807,35.1825],[-119.58067,35.18245],[-119.58065,35.18241],[-119.58062,35.18236],[-119.58059,35.18232],[-119.58055,35.18228],[-119.5805,35.18223],[-119.58045,35.1822],[-119.5804,35.18216],[-119.58035,35.18211],[-119.58029,35.18206],[-119.58024,35.18201],[-119.58018,35.18195],[-119.58013,35.18189],[-119.5801,35.18183],[-119.58007,35.18176],[-119.58005,35.1817],[-119.58003,35.18163],[-119.58002,35.18156],[-119.58002,35.1815],[-119.58001,35.18143],[-119.58,35.18136],[-119.57999,35.18129],[-119.57997,35.18123],[-119.57995,35.18116],[-119.57993,35.18108],[-119.5799,35.18101],[-119.57988,35.18093],[-119.57986,35.18085],[-119.57985,35.18078],[-119.57985,35.1807],[-119.57984,35.18062],[-119.57984,35.18054],[-119.57983,35.18046],[-119.57983,35.18038],[-119.57982,35.1803],[-119.57982,35.18022],[-119.57981,35.18015],[-119.57981,35.18008],[-119.5798,35.18001],[-119.5798,35.17993],[-119.57979,35.17986],[-119.57978,35.17979],[-119.57978,35.17978],[-119.57978,35.17978]]}},{"type":"Feature","properties":{"name":"4170","source":"Bureau of Land Management","source_detail":"BLM GTLF OBJECTID 154654","source_id":"{65567FD0-E525-45A6-9500-F1E7CFE6E626}","road_class":"transportation_system_-_primitive_road","surface":"natural_improved","vehicle_class":"4wd_low","allowed_mode":"all_moto_veh","access_restriction":"unknown","seasonal_restriction":"not_listed","route_plan_id":"4170","gis_miles":0.32146502},"geometry":{"type":"LineString","coordinates":[[-119.56493,35.21667],[-119.56501,35.21663],[-119.56519,35.21661],[-119.56532,35.21661],[-119.56542,35.21664],[-119.56554,35.21672],[-119.56573,35.2169],[-119.56586,35.21701],[-119.56596,35.21711],[-119.56608,35.21719],[-119.56617,35.21723],[-119.56628,35.21726],[-119.5666,35.21729],[-119.56685,35.21728],[-119.56699,35.21727],[-119.56708,35.21726],[-119.56726,35.21727],[-119.56747,35.21732],[-119.56767,35.21749],[-119.56772,35.21758],[-119.56789,35.21768],[-119.56831,35.21787],[-119.56867,35.21805],[-119.56889,35.21818],[-119.56909,35.21827],[-119.56915,35.21831],[-119.56934,35.2184],[-119.56958,35.2185],[-119.56979,35.21857]]}},{"type":"Feature","properties":{"name":"4057","source":"Bureau of Land Management","source_detail":"BLM GTLF OBJECTID 154700","source_id":"{1FD7AEB9-DBA8-4A10-947F-2D44DAA2C851}","road_class":"transportation_system_-_primitive_road","surface":"natural_improved","vehicle_class":"2wd_low","allowed_mode":"all_moto_veh","access_restriction":"not_listed","seasonal_restriction":"not_listed","route_plan_id":"4057","gis_miles":0.09473664},"geometry":{"type":"LineString","coordinates":[[-119.59179,35.20568],[-119.59174,35.20551],[-119.59176,35.20533],[-119.5919,35.20518],[-119.59206,35.20508],[-119.59207,35.20495],[-119.59208,35.20488],[-119.59209,35.20484],[-119.59222,35.20473],[-119.59237,35.20465],[-119.59248,35.20458]]}},{"type":"Feature","properties":{"name":"4087","source":"Bureau of Land Management","source_detail":"BLM GTLF OBJECTID 154710","source_id":"{8193C609-E5D2-4FCE-8484-8870B36588A3}","road_class":"transportation_system_-_primitive_road","surface":"natural_improved","vehicle_class":"4wd_low","allowed_mode":"all_moto_veh","access_restriction":"unknown","seasonal_restriction":"not_listed","route_plan_id":"4087","gis_miles":0.10094823},"geometry":{"type":"LineString","coordinates":[[-119.53142,35.21426],[-119.53141,35.21426],[-119.53139,35.21428],[-119.53137,35.21429],[-119.53136,35.2143],[-119.53136,35.2143],[-119.5309,35.21464],[-119.53063,35.21485],[-119.53058,35.21489],[-119.53056,35.21496],[-119.53058,35.21513],[-119.53064,35.21541]]}},{"type":"Feature","properties":{"name":"5787","source":"Bureau of Land Management","source_detail":"BLM GTLF OBJECTID 154717","source_id":"{D6365FFD-EB09-4D43-988C-C9A522762B40}","road_class":"transportation_system_-_primitive_road","surface":"natural_improved","vehicle_class":"4wd_low","allowed_mode":"all_moto_veh","access_restriction":"unknown","seasonal_restriction":"not_listed","route_plan_id":"5787","gis_miles":0.06832169},"geometry":{"type":"LineString","coordinates":[[-119.56011,35.24129],[-119.56011,35.24129],[-119.56007,35.24132],[-119.56006,35.24136],[-119.56004,35.24139],[-119.56004,35.24142],[-119.56002,35.24145],[-119.56001,35.24147],[-119.56,35.2415],[-119.55999,35.24153],[-119.55997,35.24156],[-119.55995,35.2416],[-119.55994,35.24163],[-119.55992,35.24167],[-119.55991,35.24171],[-119.55989,35.24174],[-119.55988,35.24178],[-119.55987,35.24181],[-119.55986,35.24184],[-119.55986,35.24187],[-119.55986,35.24191],[-119.55986,35.24195],[-119.55986,35.24198],[-119.55986,35.24201],[-119.55985,35.24204],[-119.55982,35.24206],[-119.55979,35.24208],[-119.55978,35.2421],[-119.55977,35.24213],[-119.55976,35.24215],[-119.55976,35.24218],[-119.55975,35.2422],[-119.55975,35.24221],[-119.55975,35.24221],[-119.55975,35.24221]]}},{"type":"Feature","properties":{"name":"6051","source":"Bureau of Land Management","source_detail":"BLM GTLF OBJECTID 154721","source_id":"{00D780E1-C3D7-4538-AE78-F011A69BC64E}","road_class":"transportation_system_-_primitive_road","surface":"natural_improved","vehicle_class":"4wd_low","allowed_mode":"all_moto_veh","access_restriction":"unknown","seasonal_restriction":"not_listed","route_plan_id":"6051","gis_miles":0.21567476},"geometry":{"type":"LineString","coordinates":[[-119.61004,35.2662],[-119.61001,35.26619],[-119.60997,35.26619],[-119.60992,35.26619],[-119.60988,35.26619],[-119.60984,35.26619],[-119.60979,35.26619],[-119.60975,35.26619],[-119.6097,35.26619],[-119.60966,35.26619],[-119.60961,35.26619],[-119.60955,35.26619],[-119.6095,35.26619],[-119.60945,35.26619],[-119.60939,35.26619],[-119.60933,35.26619],[-119.60928,35.2662],[-119.60922,35.2662],[-119.60917,35.2662],[-119.60912,35.2662],[-119.60907,35.2662],[-119.60902,35.2662],[-119.60897,35.2662],[-119.60893,35.26621],[-119.60889,35.26621],[-119.60884,35.26621],[-119.6088,35.26622],[-119.60876,35.26622],[-119.60871,35.26622],[-119.60867,35.26623],[-119.60863,35.26623],[-119.60859,35.26623],[-119.60856,35.26622],[-119.60854,35.26622],[-119.60851,35.26621],[-119.60848,35.2662],[-119.60845,35.26619],[-119.60843,35.26619],[-119.60842,35.26618],[-119.6084,35.26618],[-119.60837,35.26618],[-119.60835,35.26618],[-119.60832,35.26618],[-119.60829,35.26619],[-119.60826,35.26619],[-119.60823,35.2662],[-119.6082,35.2662],[-119.60817,35.2662],[-119.60814,35.2662],[-119.60811,35.26621],[-119.60808,35.2662],[-119.60806,35.2662],[-119.60803,35.2662],[-119.608,35.2662],[-119.60797,35.2662],[-119.60794,35.2662],[-119.60791,35.2662],[-119.60787,35.26621],[-119.60784,35.26621],[-119.60781,35.26621],[-119.60777,35.26621],[-119.60773,35.26622],[-119.60769,35.26622],[-119.60765,35.26622],[-119.60762,35.26623],[-119.60758,35.26623],[-119.60754,35.26624],[-119.6075,35.26624],[-119.60746,35.26625],[-119.60741,35.26626],[-119.60737,35.26627],[-119.60733,35.26627],[-119.6073,35.26628],[-119.60726,35.26629],[-119.60723,35.26629],[-119.6072,35.26628],[-119.60718,35.26627],[-119.60715,35.26626],[-119.60713,35.26625],[-119.6071,35.26623],[-119.60708,35.26622],[-119.60705,35.26622],[-119.60702,35.26622],[-119.60699,35.26622],[-119.60696,35.26622],[-119.60694,35.26622],[-119.60691,35.26623],[-119.60688,35.26623],[-119.60686,35.26624],[-119.60684,35.26624],[-119.60682,35.26623],[-119.6068,35.26623],[-119.60678,35.26621],[-119.60676,35.2662],[-119.60674,35.26618],[-119.60672,35.26616],[-119.60671,35.26615],[-119.60669,35.26613],[-119.60667,35.26611],[-119.60665,35.26609],[-119.60663,35.26606],[-119.60661,35.26604],[-119.60659,35.266],[-119.60656,35.26597],[-119.60653,35.26593],[-119.6065,35.26588]]}},{"type":"Feature","properties":{"name":"4079","source":"Bureau of Land Management","source_detail":"BLM GTLF OBJECTID 154728","source_id":"{F41DC9F2-6B22-4978-88B7-7FB61CE4CA5E}","road_class":"transportation_system_-_primitive_road","surface":"natural_improved","vehicle_class":"2wd_low","allowed_mode":"all_moto_veh","access_restriction":"not_listed","seasonal_restriction":"not_listed","route_plan_id":"4079","gis_miles":0.02112782},"geometry":{"type":"LineString","coordinates":[[-119.6073,35.21146],[-119.60718,35.21151],[-119.60702,35.21157],[-119.60696,35.21159]]}},{"type":"Feature","properties":{"name":"5716","source":"Bureau of Land Management","source_detail":"BLM GTLF OBJECTID 154799","source_id":"{00F7BA3E-D70A-48F0-892F-873BB1E1435A}","road_class":"transportation_system_-_primitive_road","surface":"natural_improved","vehicle_class":"2wd_low","allowed_mode":"all_moto_veh","access_restriction":"not_listed","seasonal_restriction":"not_listed","route_plan_id":"5716","gis_miles":0.38290034},"geometry":{"type":"LineString","coordinates":[[-119.53628,35.21593],[-119.53625,35.21592],[-119.53616,35.21591],[-119.53608,35.21589],[-119.53599,35.21588],[-119.53591,35.21587],[-119.53582,35.21585],[-119.53572,35.21584],[-119.53563,35.21583],[-119.53532,35.2158],[-119.53519,35.21578],[-119.53509,35.21576],[-119.53504,35.21575],[-119.53498,35.21574],[-119.53492,35.21573],[-119.53486,35.21572],[-119.53471,35.21571],[-119.53463,35.2157],[-119.53454,35.21569],[-119.53444,35.21568],[-119.53434,35.21567],[-119.53386,35.21563],[-119.53366,35.21562],[-119.53364,35.21562],[-119.53356,35.21562],[-119.53302,35.2156],[-119.53294,35.2156],[-119.53286,35.2156],[-119.53278,35.21559],[-119.5327,35.21559],[-119.53261,35.21559],[-119.53253,35.21559],[-119.53245,35.21559],[-119.53236,35.21558],[-119.53227,35.21558],[-119.53218,35.21558],[-119.53209,35.21558],[-119.53177,35.21557],[-119.53168,35.21557],[-119.5316,35.21557],[-119.53152,35.21557],[-119.53144,35.21557],[-119.53113,35.21559],[-119.53106,35.2156],[-119.53098,35.21561],[-119.53091,35.21562],[-119.53084,35.21562],[-119.53078,35.21563],[-119.53072,35.21564],[-119.53068,35.21565],[-119.53066,35.21566],[-119.53027,35.21569],[-119.53001,35.21572],[-119.52981,35.21583],[-119.52965,35.21596]]}},{"type":"Feature","properties":{"name":"4027","source":"Bureau of Land Management","source_detail":"BLM GTLF OBJECTID 154812","source_id":"{02B4226A-B3D7-4A80-8BEE-9669C5C2EFB5}","road_class":"transportation_system_-_primitive_road","surface":"natural_improved","vehicle_class":"4wd_low","allowed_mode":"all_moto_veh","access_restriction":"unknown","seasonal_restriction":"not_listed","route_plan_id":"4027","gis_miles":0.19072758},"geometry":{"type":"LineString","coordinates":[[-119.60137,35.20585],[-119.6015,35.20586],[-119.60157,35.20588],[-119.60172,35.20593],[-119.6018,35.20595],[-119.60189,35.20595],[-119.60197,35.20594],[-119.60211,35.20589],[-119.60218,35.20585],[-119.60228,35.20581],[-119.60251,35.20576],[-119.60273,35.20571],[-119.60287,35.20569],[-119.60301,35.20568],[-119.60318,35.20564],[-119.60337,35.20561],[-119.60365,35.20562],[-119.60378,35.20565],[-119.60388,35.20565],[-119.604,35.20563],[-119.60411,35.20559],[-119.60419,35.20552],[-119.60434,35.20547],[-119.60458,35.20549]]}},{"type":"Feature","properties":{"name":"4235","source":"Bureau of Land Management","source_detail":"BLM GTLF OBJECTID 154844","source_id":"{B1104788-BB82-45F0-B7C0-39447550B1FB}","road_class":"transportation_system_-_primitive_road","surface":"natural_improved","vehicle_class":"2wd_low","allowed_mode":"all_moto_veh","access_restriction":"not_listed","seasonal_restriction":"not_listed","route_plan_id":"4235","gis_miles":0.04141787},"geometry":{"type":"LineString","coordinates":[[-119.61316,35.21676],[-119.61309,35.21668],[-119.61292,35.21664],[-119.61279,35.21663],[-119.6125,35.21673]]}},{"type":"Feature","properties":{"name":"6044","source":"Bureau of Land Management","source_detail":"BLM GTLF OBJECTID 154868","source_id":"{7CEA1DB1-850C-4715-A77F-E3EA9D30B3BA}","road_class":"transportation_system_-_primitive_road","surface":"natural_improved","vehicle_class":"4wd_low","allowed_mode":"all_moto_veh","access_restriction":"unknown","seasonal_restriction":"not_listed","route_plan_id":"6044","gis_miles":0.27333389},"geometry":{"type":"LineString","coordinates":[[-119.60576,35.26593],[-119.60574,35.26595],[-119.60571,35.26597],[-119.60568,35.26599],[-119.60564,35.266],[-119.60561,35.26601],[-119.60557,35.26602],[-119.60554,35.26603],[-119.6055,35.26603],[-119.60546,35.26604],[-119.60543,35.26604],[-119.60539,35.26605],[-119.60536,35.26606],[-119.60528,35.26609],[-119.60528,35.26609],[-119.60527,35.2661],[-119.60524,35.26611],[-119.60521,35.26613],[-119.60518,35.26615],[-119.60516,35.26618],[-119.60513,35.2662],[-119.6051,35.26623],[-119.60507,35.26625],[-119.60504,35.26627],[-119.60501,35.2663],[-119.60498,35.26632],[-119.60495,35.26634],[-119.60491,35.26636],[-119.60488,35.26638],[-119.60485,35.26639],[-119.60481,35.26639],[-119.60477,35.26639],[-119.60474,35.2664],[-119.6047,35.2664],[-119.60466,35.2664],[-119.60462,35.26641],[-119.60458,35.26641],[-119.60453,35.26641],[-119.60448,35.26641],[-119.60443,35.26642],[-119.60438,35.26642],[-119.60433,35.26643],[-119.60428,35.26643],[-119.60423,35.26643],[-119.60418,35.26644],[-119.60412,35.26644],[-119.60407,35.26644],[-119.60403,35.26645],[-119.60398,35.26645],[-119.60393,35.26645],[-119.60387,35.26646],[-119.60382,35.26646],[-119.60378,35.26646],[-119.60373,35.26647],[-119.60368,35.26647],[-119.60363,35.26647],[-119.60358,35.26647],[-119.60353,35.26647],[-119.60349,35.26648],[-119.60346,35.26648],[-119.60343,35.26648],[-119.6034,35.26648],[-119.60337,35.26648],[-119.60334,35.26649],[-119.60331,35.26649],[-119.60328,35.26649],[-119.60325,35.26649],[-119.60322,35.26649],[-119.60318,35.2665],[-119.60315,35.2665],[-119.60311,35.2665],[-119.60307,35.26651],[-119.60302,35.26652],[-119.60298,35.26652],[-119.60293,35.26652],[-119.60289,35.26653],[-119.60284,35.26653],[-119.6028,35.26653],[-119.60276,35.26653],[-119.60271,35.26653],[-119.60267,35.26654],[-119.60263,35.26654],[-119.60258,35.26654],[-119.60254,35.26654],[-119.6025,35.26655],[-119.60245,35.26655],[-119.6024,35.26656],[-119.60236,35.26656],[-119.60231,35.26657],[-119.60227,35.26657],[-119.60222,35.26657],[-119.60218,35.26658],[-119.60213,35.26658],[-119.60209,35.26658],[-119.60204,35.26658],[-119.60199,35.26658],[-119.60195,35.26659],[-119.6019,35.26659],[-119.60186,35.26659],[-119.60182,35.26659],[-119.60177,35.26659],[-119.60173,35.2666],[-119.60168,35.2666],[-119.60164,35.26661],[-119.60159,35.26661],[-119.60154,35.26662],[-119.60149,35.26662],[-119.60144,35.26662],[-119.60139,35.26662],[-119.60134,35.26661],[-119.6013,35.26661],[-119.60126,35.2666],[-119.60124,35.2666],[-119.60122,35.26661],[-119.6012,35.26661],[-119.60112,35.26662]]}},{"type":"Feature","properties":{"name":"16054: MIDWAY PEAK COMMUNICATION  USGS FELLOWS","source":"Bureau of Land Management","source_detail":"BLM GTLF OBJECTID 154876","source_id":"{8A2CF27C-FAE3-4964-BD4A-7CA9F44FCA1D}","road_class":"transportation_system_-_primitive_road","surface":"natural_improved","vehicle_class":"4wd_low","allowed_mode":"unk","access_restriction":"unknown","seasonal_restriction":"not_listed","route_plan_id":"T4300","gis_miles":3.60574106},"geometry":{"type":"LineString","coordinates":[[-119.58041,35.17873],[-119.58041,35.17873],[-119.58043,35.17872],[-119.58047,35.17872],[-119.58051,35.17871],[-119.58054,35.1787],[-119.58057,35.17869],[-119.58062,35.17868],[-119.58064,35.17867],[-119.58066,35.17866],[-119.58069,35.17866],[-119.58071,35.17865],[-119.58074,35.17864],[-119.58077,35.17863],[-119.58079,35.17863],[-119.58082,35.17863],[-119.58084,35.17862],[-119.58087,35.17862],[-119.58089,35.17861],[-119.58092,35.17861],[-119.58094,35.17861],[-119.58097,35.17861],[-119.581,35.1786],[-119.58102,35.1786],[-119.58105,35.17859],[-119.58107,35.17859],[-119.58109,35.17859],[-119.5811,35.17858],[-119.58112,35.17858],[-119.58113,35.17857],[-119.58115,35.17857],[-119.58116,35.17856],[-119.58117,35.17855],[-119.58118,35.17853],[-119.5812,35.17851],[-119.58121,35.17849],[-119.58123,35.17846],[-119.58126,35.17843],[-119.58128,35.1784],[-119.5813,35.17837],[-119.5813,35.17837],[-119.58132,35.17834],[-119.58134,35.17831],[-119.58135,35.17828],[-119.58137,35.17824],[-119.58139,35.17821],[-119.58141,35.17818],[-119.58143,35.17814],[-119.58144,35.17811],[-119.58146,35.17807],[-119.58148,35.17803],[-119.5815,35.17799],[-119.58151,35.17794],[-119.58153,35.1779],[-119.58154,35.17786],[-119.58154,35.17782],[-119.58154,35.17777],[-119.58153,35.17773],[-119.58151,35.17769],[-119.58149,35.17766],[-119.58147,35.17763],[-119.58146,35.17762],[-119.58145,35.1776],[-119.58144,35.1776],[-119.58144,35.17759],[-119.58144,35.17759],[-119.58145,35.17757],[-119.58146,35.17754],[-119.58147,35.17751],[-119.58148,35.17747],[-119.58149,35.17744],[-119.58151,35.1774],[-119.58153,35.17737],[-119.58156,35.17734],[-119.5816,35.17731],[-119.58164,35.17728],[-119.58168,35.17726],[-119.58173,35.17724],[-119.58178,35.17722],[-119.58184,35.17719],[-119.58189,35.17717],[-119.58195,35.17714],[-119.58201,35.17712],[-119.58207,35.17709],[-119.58213,35.17707],[-119.58219,35.17705],[-119.58226,35.17703],[-119.58232,35.17702],[-119.58239,35.177],[-119.58245,35.17699],[-119.58251,35.17698],[-119.58258,35.17698],[-119.58265,35.17698],[-119.58271,35.17698],[-119.58278,35.17699],[-119.58285,35.177],[-119.58292,35.17701],[-119.58299,35.17701],[-119.58306,35.17702],[-119.58313,35.17702],[-119.5832,35.17702],[-119.58326,35.17701],[-119.58333,35.177],[-119.58339,35.17699],[-119.58346,35.17698],[-119.58352,35.17697],[-119.58358,35.17696],[-119.58364,35.17695],[-119.5837,35.17694],[-119.58376,35.17693],[-119.58382,35.17692],[-119.58388,35.17692],[-119.58394,35.17691],[-119.58401,35.17691],[-119.58407,35.17691],[-119.58414,35.17692],[-119.58421,35.17693],[-119.58428,35.17694],[-119.58435,35.17695],[-119.58442,35.17696],[-119.5845,35.17697],[-119.58457,35.17698],[-119.58464,35.177],[-119.58471,35.17702],[-119.58477,35.17704],[-119.58484,35.17706],[-119.5849,35.17709],[-119.58492,35.17709],[-119.58496,35.17711],[-119.58502,35.17714],[-119.58508,35.17717],[-119.58514,35.17719],[-119.5852,35.17721],[-119.58525,35.17724],[-119.58531,35.17726],[-119.58537,35.17729],[-119.58544,35.17731],[-119.5855,35.17734],[-119.58556,35.17736],[-119.58562,35.17739],[-119.58568,35.17741],[-119.58574,35.17743],[-119.5858,35.17745],[-119.58586,35.17747],[-119.58593,35.17749],[-119.58599,35.1775],[-119.58606,35.1775],[-119.58612,35.1775],[-119.58618,35.1775],[-119.58623,35.1775],[-119.58628,35.17751],[-119.58633,35.17751],[-119.58638,35.17752],[-119.58644,35.17753],[-119.58651,35.17754],[-119.58657,35.17755],[-119.58662,35.17756],[-119.58667,35.17757],[-119.58671,35.17759],[-119.58675,35.1776],[-119.5868,35.17762],[-119.58684,35.17765],[-119.58689,35.17767],[-119.58694,35.1777],[-119.587,35.17773],[-119.58705,35.17776],[-119.58711,35.17779],[-119.58717,35.17782],[-119.58723,35.17784],[-119.58729,35.17785],[-119.58736,35.17785],[-119.58742,35.17784],[-119.58748,35.17783],[-119.58753,35.17781],[-119.58759,35.17778],[-119.58764,35.17775],[-119.58769,35.17772],[-119.58774,35.17769],[-119.5878,35.17765],[-119.58786,35.17762],[-119.58792,35.17758],[-119.58798,35.17754],[-119.58804,35.1775],[-119.5881,35.17747],[-119.58816,35.17743],[-119.58822,35.17739],[-119.58828,35.17736],[-119.58835,35.17733],[-119.58841,35.1773],[-119.58848,35.17727],[-119.58856,35.17725],[-119.58863,35.17724],[-119.5887,35.17722],[-119.58876,35.17719],[-119.58883,35.17716],[-119.58888,35.17713],[-119.58893,35.17709],[-119.58897,35.17705],[-119.58901,35.177],[-119.58905,35.17695],[-119.58909,35.17691],[-119.58913,35.17686],[-119.58917,35.17682],[-119.58922,35.17677],[-119.58927,35.17673],[-119.58931,35.17668],[-119.58936,35.17663],[-119.58941,35.17659],[-119.58946,35.17655],[-119.58952,35.17651],[-119.58957,35.17648],[-119.58963,35.17646],[-119.58969,35.17644],[-119.58975,35.17643],[-119.58982,35.17641],[-119.58988,35.1764],[-119.58995,35.17638],[-119.59002,35.17637],[-119.59008,35.17635],[-119.59015,35.17633],[-119.59021,35.17631],[-119.59028,35.17629],[-119.59034,35.17628],[-119.59041,35.17627],[-119.59048,35.17626],[-119.59055,35.17626],[-119.59062,35.17627],[-119.59069,35.17628],[-119.59069,35.17628],[-119.59076,35.17629],[-119.59083,35.17631],[-119.59091,35.17634],[-119.59098,35.17636],[-119.59106,35.17638],[-119.59113,35.1764],[-119.59121,35.17642],[-119.59128,35.17644],[-119.59136,35.17646],[-119.59142,35.17647],[-119.5915,35.17648],[-119.59157,35.17648],[-119.59164,35.17649],[-119.59171,35.1765],[-119.59178,35.1765],[-119.59183,35.17651],[-119.59188,35.17651],[-119.59192,35.17651],[-119.59197,35.17652],[-119.59202,35.17652],[-119.59208,35.17652],[-119.59214,35.17652],[-119.5922,35.17652],[-119.59225,35.17651],[-119.59231,35.1765],[-119.59235,35.1765],[-119.5924,35.17649],[-119.59245,35.17648],[-119.5925,35.17646],[-119.59254,35.17645],[-119.5926,35.17643],[-119.59265,35.17642],[-119.5927,35.1764],[-119.59276,35.17638],[-119.59282,35.17637],[-119.59289,35.17635],[-119.59296,35.17635],[-119.59302,35.17635],[-119.59308,35.17637],[-119.59312,35.17639],[-119.59316,35.17641],[-119.59319,35.17643],[-119.59322,35.17645],[-119.59324,35.17647],[-119.59325,35.17649],[-119.59325,35.1765],[-119.59325,35.1765],[-119.59326,35.1765],[-119.59326,35.1765],[-119.59327,35.17651],[-119.59329,35.17653],[-119.59332,35.17656],[-119.59335,35.17658],[-119.59339,35.17661],[-119.59343,35.17664],[-119.59346,35.17667],[-119.5935,35.17671],[-119.59353,35.17674],[-119.59357,35.17677],[-119.59361,35.17679],[-119.59366,35.17681],[-119.5937,35.17683],[-119.59375,35.17685],[-119.5938,35.17687],[-119.59385,35.17689],[-119.5939,35.1769],[-119.59395,35.17691],[-119.594,35.17692],[-119.59406,35.17691],[-119.59411,35.17691],[-119.59416,35.17691],[-119.59422,35.1769],[-119.59427,35.17689],[-119.59432,35.17689],[-119.59437,35.17688],[-119.59442,35.17687],[-119.59447,35.17685],[-119.59452,35.17684],[-119.59457,35.17684],[-119.59462,35.17683],[-119.59467,35.17684],[-119.59471,35.17685],[-119.59476,35.17687],[-119.5948,35.17689],[-119.59483,35.17692],[-119.59486,35.17696],[-119.59488,35.17701],[-119.5949,35.17705],[-119.59492,35.1771],[-119.59494,35.17715],[-119.59495,35.17719],[-119.59496,35.17724],[-119.59497,35.17728],[-119.59498,35.17731],[-119.59498,35.17734],[-119.59498,35.17737],[-119.59499,35.17741],[-119.59499,35.17744],[-119.595,35.17747],[-119.59501,35.1775],[-119.59504,35.17754],[-119.59507,35.17756],[-119.59512,35.17757],[-119.59516,35.17757],[-119.59521,35.17757],[-119.59525,35.17755],[-119.5953,35.17754],[-119.59534,35.17753],[-119.59538,35.17751],[-119.59542,35.1775],[-119.59546,35.17749],[-119.59551,35.17747],[-119.59555,35.17745],[-119.5956,35.17744],[-119.59564,35.17743],[-119.59568,35.17742],[-119.59572,35.17741],[-119.59577,35.1774],[-119.59582,35.17738],[-119.59586,35.17737],[-119.59591,35.17736],[-119.59595,35.17735],[-119.59599,35.17733],[-119.59602,35.17732],[-119.59604,35.17732],[-119.59606,35.17731],[-119.59609,35.17729],[-119.59612,35.17727],[-119.59615,35.17725],[-119.59616,35.17724],[-119.59621,35.17722],[-119.59625,35.1772],[-119.5963,35.17718],[-119.59635,35.17717],[-119.59641,35.17716],[-119.59646,35.17715],[-119.59651,35.17715],[-119.59656,35.17715],[-119.59662,35.17716],[-119.59668,35.17717],[-119.59675,35.17718],[-119.59682,35.17719],[-119.5969,35.1772],[-119.59698,35.17721],[-119.59706,35.17722],[-119.59713,35.17722],[-119.5972,35.1772],[-119.59726,35.17718],[-119.59731,35.17714],[-119.59735,35.1771],[-119.59736,35.17704],[-119.59736,35.17699],[-119.59736,35.17693],[-119.59737,35.17687],[-119.59737,35.17682],[-119.59739,35.17677],[-119.59742,35.17672],[-119.59746,35.17669],[-119.59751,35.17666],[-119.59757,35.17663],[-119.59762,35.1766],[-119.59768,35.17657],[-119.59775,35.17654],[-119.59781,35.1765],[-119.59788,35.17647],[-119.59794,35.17643],[-119.59801,35.17639],[-119.59803,35.17638],[-119.59807,35.17635],[-119.59813,35.17631],[-119.59819,35.17627],[-119.59825,35.17622],[-119.59831,35.17617],[-119.59836,35.17612],[-119.59841,35.17606],[-119.59846,35.17601],[-119.5985,35.17596],[-119.59853,35.17591],[-119.59856,35.17587],[-119.59859,35.17583],[-119.59862,35.17579],[-119.59865,35.17576],[-119.59869,35.17573],[-119.59873,35.17569],[-119.59877,35.17565],[-119.59882,35.1756],[-119.59887,35.17556],[-119.59892,35.17551],[-119.59898,35.17547],[-119.59904,35.17544],[-119.5991,35.17541],[-119.59916,35.17538],[-119.59923,35.17536],[-119.5993,35.17535],[-119.59937,35.17533],[-119.59944,35.17531],[-119.59951,35.1753],[-119.59958,35.17529],[-119.59965,35.17528],[-119.59972,35.17528],[-119.59979,35.17528],[-119.59986,35.17528],[-119.59993,35.17528],[-119.6,35.17528],[-119.60007,35.17527],[-119.60013,35.17525],[-119.60018,35.17522],[-119.60022,35.17519],[-119.60026,35.17516],[-119.60031,35.17512],[-119.60035,35.17508],[-119.60039,35.17504],[-119.60043,35.175],[-119.60047,35.17497],[-119.60052,35.17493],[-119.60056,35.17489],[-119.6006,35.17486],[-119.60065,35.17482],[-119.6007,35.17479],[-119.60076,35.17475],[-119.60082,35.17472],[-119.60088,35.17469],[-119.60094,35.17466],[-119.601,35.17465],[-119.60106,35.17463],[-119.60113,35.17462],[-119.60119,35.17461],[-119.60125,35.1746],[-119.60131,35.17459],[-119.60137,35.17457],[-119.60142,35.17454],[-119.60147,35.17451],[-119.6015,35.17447],[-119.60153,35.17443],[-119.60154,35.17439],[-119.60154,35.17437],[-119.60154,35.17437],[-119.60154,35.17437],[-119.60154,35.17437],[-119.60154,35.17436],[-119.60154,35.17436],[-119.60153,35.17434],[-119.60152,35.17432],[-119.60151,35.1743],[-119.60151,35.17426],[-119.6015,35.17422],[-119.60149,35.17418],[-119.60148,35.17413],[-119.60146,35.17409],[-119.60145,35.17405],[-119.60143,35.17401],[-119.60143,35.17397],[-119.60142,35.17394],[-119.60142,35.1739],[-119.60143,35.17387],[-119.60145,35.17384],[-119.60146,35.17381],[-119.60149,35.17377],[-119.60152,35.17374],[-119.60155,35.17371],[-119.60159,35.17367],[-119.60162,35.17364],[-119.60165,35.17361],[-119.60168,35.17358],[-119.6017,35.17354],[-119.60172,35.1735],[-119.60174,35.17345],[-119.60175,35.1734],[-119.60175,35.17334],[-119.60175,35.17329],[-119.60176,35.17325],[-119.60176,35.1732],[-119.60177,35.17315],[-119.60178,35.17309],[-119.6018,35.17304],[-119.60181,35.17298],[-119.60183,35.17294],[-119.60185,35.17289],[-119.60187,35.17285],[-119.60189,35.1728],[-119.60192,35.17276],[-119.60195,35.17272],[-119.60199,35.17269],[-119.60203,35.17265],[-119.60207,35.17262],[-119.60212,35.17258],[-119.60218,35.17255],[-119.60224,35.17252],[-119.6023,35.1725],[-119.60236,35.17248],[-119.60241,35.17247],[-119.60247,35.17246],[-119.60252,35.17245],[-119.60257,35.17245],[-119.6026,35.17245],[-119.60264,35.17245],[-119.60267,35.17245],[-119.60271,35.17245],[-119.60276,35.17246],[-119.60281,35.17246],[-119.60285,35.17247],[-119.6029,35.17248],[-119.60295,35.1725],[-119.603,35.17251],[-119.60306,35.17253],[-119.6031,35.17255],[-119.60315,35.17257],[-119.60319,35.1726],[-119.60323,35.17262],[-119.60328,35.17264],[-119.60332,35.17266],[-119.60337,35.17268],[-119.60342,35.17268],[-119.60347,35.17267],[-119.60351,35.17265],[-119.60355,35.17262],[-119.60357,35.17258],[-119.60359,35.17254],[-119.6036,35.17249],[-119.60361,35.17244],[-119.6036,35.17239],[-119.6036,35.17234],[-119.6036,35.17229],[-119.60359,35.17224],[-119.60358,35.17219],[-119.60357,35.17215],[-119.60356,35.1721],[-119.60355,35.17207],[-119.60353,35.17203],[-119.60352,35.172],[-119.6035,35.17196],[-119.60349,35.17191],[-119.60347,35.17187],[-119.60345,35.17182],[-119.60343,35.17178],[-119.6034,35.17174],[-119.60337,35.17169],[-119.60334,35.17165],[-119.6033,35.17162],[-119.60327,35.17158],[-119.60324,35.17154],[-119.60321,35.1715],[-119.60317,35.17147],[-119.60314,35.17143],[-119.60311,35.17139],[-119.60308,35.17136],[-119.60305,35.17132],[-119.60302,35.17128],[-119.60299,35.17124],[-119.60296,35.17119],[-119.60293,35.17115],[-119.60292,35.1711],[-119.60291,35.17106],[-119.6029,35.17102],[-119.6029,35.17098],[-119.6029,35.17094],[-119.60291,35.17091],[-119.60292,35.17087],[-119.60295,35.17084],[-119.60298,35.17082],[-119.60302,35.1708],[-119.60306,35.17079],[-119.60311,35.1708],[-119.60316,35.17082],[-119.6032,35.17085],[-119.60322,35.1709],[-119.60324,35.17095],[-119.60326,35.171],[-119.60328,35.17105],[-119.6033,35.17109],[-119.60333,35.17114],[-119.60336,35.17119],[-119.60339,35.17123],[-119.60342,35.17127],[-119.60346,35.1713],[-119.60349,35.17134],[-119.60353,35.17137],[-119.60357,35.17141],[-119.60362,35.17144],[-119.60366,35.17147],[-119.6037,35.17151],[-119.60374,35.17154],[-119.60378,35.17157],[-119.60382,35.1716],[-119.60386,35.17162],[-119.60389,35.17165],[-119.60391,35.17168],[-119.60394,35.17171],[-119.60397,35.17174],[-119.604,35.17177],[-119.60404,35.1718],[-119.60407,35.17183],[-119.60411,35.17187],[-119.60414,35.1719],[-119.60417,35.17193],[-119.6042,35.17196],[-119.60423,35.17199],[-119.60426,35.17202],[-119.60429,35.17205],[-119.60433,35.17209],[-119.60436,35.17212],[-119.6044,35.17215],[-119.60444,35.17218],[-119.60449,35.17221],[-119.60453,35.17223],[-119.60458,35.17226],[-119.60463,35.17228],[-119.60467,35.17231],[-119.60472,35.17233],[-119.60472,35.17234],[-119.60476,35.17236],[-119.60481,35.17239],[-119.60485,35.17241],[-119.6049,35.17244],[-119.60494,35.17246],[-119.60498,35.17248],[-119.60501,35.1725],[-119.60504,35.17253],[-119.60507,35.17255],[-119.60512,35.17258],[-119.60516,35.17261],[-119.60521,35.17264],[-119.60527,35.17266],[-119.60532,35.17269],[-119.60537,35.17271],[-119.60543,35.17273],[-119.60548,35.17275],[-119.60554,35.17277],[-119.6056,35.17278],[-119.60566,35.17279],[-119.60572,35.1728],[-119.60578,35.17281],[-119.60584,35.17281],[-119.6059,35.1728],[-119.60596,35.17279],[-119.60602,35.17278],[-119.60607,35.17277],[-119.60613,35.17275],[-119.60618,35.17273],[-119.60623,35.17271],[-119.60628,35.17269],[-119.60633,35.17266],[-119.60637,35.17263],[-119.60642,35.1726],[-119.60646,35.17257],[-119.6065,35.17254],[-119.60654,35.17251],[-119.60658,35.17248],[-119.60662,35.17246],[-119.60666,35.17243],[-119.60669,35.17241],[-119.60673,35.17239],[-119.60677,35.17238],[-119.60681,35.17237],[-119.60686,35.17235],[-119.60691,35.17234],[-119.60695,35.17233],[-119.607,35.17232],[-119.60705,35.17231],[-119.6071,35.1723],[-119.60714,35.17228],[-119.60719,35.17228],[-119.60723,35.17227],[-119.60728,35.17226],[-119.60732,35.17224],[-119.60737,35.17223],[-119.60742,35.17221],[-119.60747,35.17218],[-119.60751,35.17215],[-119.60755,35.17212],[-119.60759,35.17208],[-119.60762,35.17204],[-119.60764,35.172],[-119.60766,35.17196],[-119.60767,35.17192],[-119.60769,35.17188],[-119.60771,35.17184],[-119.60772,35.1718],[-119.60774,35.17176],[-119.60776,35.17172],[-119.60777,35.17168],[-119.60779,35.17164],[-119.6078,35.1716],[-119.60781,35.17157],[-119.60783,35.17153],[-119.60785,35.17149],[-119.60786,35.17146],[-119.60787,35.17143],[-119.60788,35.1714],[-119.60788,35.17138],[-119.60788,35.17137],[-119.60789,35.17136],[-119.60789,35.17136],[-119.60789,35.17133],[-119.60789,35.1713],[-119.60789,35.17127],[-119.60789,35.17123],[-119.60789,35.17119],[-119.60789,35.17114],[-119.60789,35.17109],[-119.60789,35.17104],[-119.60788,35.171],[-119.60788,35.17095],[-119.60787,35.1709],[-119.60787,35.17084],[-119.60786,35.17078],[-119.60784,35.17071],[-119.60783,35.17064],[-119.60783,35.17057],[-119.60782,35.1705],[-119.60782,35.17043],[-119.60782,35.17036],[-119.60782,35.17029],[-119.60781,35.17022],[-119.60781,35.17015],[-119.6078,35.17008],[-119.60779,35.17],[-119.60777,35.16993],[-119.60775,35.16986],[-119.60772,35.1698],[-119.60768,35.16974],[-119.60765,35.16968],[-119.60761,35.16962],[-119.60757,35.16956],[-119.60753,35.16949],[-119.60748,35.16943],[-119.60744,35.16938],[-119.60739,35.16932],[-119.60734,35.16927],[-119.6073,35.16922],[-119.60725,35.16918],[-119.6072,35.16913],[-119.60716,35.16907],[-119.60713,35.169],[-119.6071,35.16894],[-119.60707,35.16889],[-119.60704,35.16884],[-119.60702,35.1688],[-119.607,35.16876],[-119.60698,35.16871],[-119.60697,35.16866],[-119.60697,35.1686],[-119.60697,35.16854],[-119.60699,35.16849],[-119.60702,35.16844],[-119.60706,35.1684],[-119.6071,35.16837],[-119.60714,35.16834],[-119.60719,35.16832],[-119.60724,35.1683],[-119.60729,35.16828],[-119.60735,35.16826],[-119.6074,35.16825],[-119.60746,35.16823],[-119.60752,35.16823],[-119.60759,35.16823],[-119.60765,35.16823],[-119.60771,35.16823],[-119.60777,35.16824],[-119.60783,35.16824],[-119.60789,35.16824],[-119.60796,35.16825],[-119.60802,35.16826],[-119.60808,35.16827],[-119.60814,35.16827],[-119.60819,35.16828],[-119.60825,35.16828],[-119.60829,35.16827],[-119.60834,35.16826],[-119.60839,35.16826],[-119.60844,35.16825],[-119.60849,35.16824],[-119.60854,35.16823],[-119.6086,35.16822],[-119.60866,35.1682],[-119.60872,35.16819],[-119.60879,35.16819],[-119.60885,35.1682],[-119.60891,35.16821],[-119.60896,35.16824],[-119.60901,35.16828],[-119.60905,35.16833],[-119.60909,35.16838],[-119.60914,35.16844],[-119.60918,35.1685],[-119.60922,35.16855],[-119.60927,35.16861],[-119.60931,35.16866],[-119.60936,35.16871],[-119.60941,35.16876],[-119.60945,35.16881],[-119.6095,35.16886],[-119.60954,35.1689],[-119.60959,35.16895],[-119.60963,35.169],[-119.60967,35.16905],[-119.6097,35.1691],[-119.60974,35.16915],[-119.60977,35.1692],[-119.60981,35.16925],[-119.60984,35.1693],[-119.60987,35.16935],[-119.6099,35.1694],[-119.60993,35.16946],[-119.60996,35.16952],[-119.60999,35.16959],[-119.61002,35.16965],[-119.61006,35.1697],[-119.61009,35.16975],[-119.61012,35.1698],[-119.61016,35.16985],[-119.61019,35.16989],[-119.61022,35.16992],[-119.61024,35.16995],[-119.61024,35.16996],[-119.61027,35.17],[-119.61029,35.17004],[-119.61029,35.17004],[-119.61034,35.17009],[-119.6104,35.17012],[-119.61045,35.17014],[-119.6105,35.17015],[-119.61054,35.17016],[-119.61059,35.17017],[-119.61062,35.17017],[-119.61065,35.17017],[-119.6107,35.17018],[-119.61076,35.17019],[-119.61082,35.17019],[-119.61087,35.1702],[-119.61092,35.17021],[-119.61097,35.17021],[-119.61101,35.17022],[-119.61105,35.17022],[-119.61109,35.17023],[-119.61114,35.17023],[-119.61117,35.17024],[-119.61121,35.17024],[-119.61125,35.17025],[-119.61131,35.17025],[-119.61137,35.17025],[-119.61144,35.17026],[-119.61151,35.17026],[-119.61157,35.17025],[-119.61163,35.17025],[-119.6117,35.17024],[-119.61178,35.17022],[-119.61185,35.17021],[-119.61193,35.1702],[-119.61201,35.17019],[-119.61209,35.17017],[-119.61216,35.17016],[-119.61223,35.17015],[-119.6123,35.17014],[-119.61237,35.17013],[-119.61244,35.17012],[-119.61252,35.17012],[-119.61259,35.17011],[-119.61267,35.1701],[-119.61274,35.17009],[-119.61282,35.17008],[-119.61288,35.17007],[-119.61295,35.17005],[-119.61299,35.17003],[-119.613,35.17003],[-119.61303,35.17],[-119.61304,35.16999],[-119.61308,35.16994],[-119.6131,35.16992],[-119.61311,35.16989],[-119.61312,35.16985],[-119.61314,35.16981],[-119.61315,35.16977],[-119.61317,35.16973],[-119.61319,35.16968],[-119.6132,35.16964],[-119.61323,35.1696],[-119.61325,35.16957],[-119.61328,35.16953],[-119.61332,35.1695],[-119.61335,35.16947],[-119.61339,35.16944],[-119.61343,35.16941],[-119.61347,35.16938],[-119.61351,35.16934],[-119.61355,35.16931],[-119.61358,35.16928],[-119.61361,35.16924],[-119.61364,35.1692],[-119.61366,35.16916],[-119.61369,35.16912],[-119.61372,35.16908],[-119.61375,35.16904],[-119.61379,35.169],[-119.61382,35.16896],[-119.61385,35.16893],[-119.61388,35.16889],[-119.61392,35.16886],[-119.61395,35.16882],[-119.61398,35.16878],[-119.61401,35.16875],[-119.61405,35.16871],[-119.61408,35.16868],[-119.61411,35.16865],[-119.61414,35.16862],[-119.61417,35.1686],[-119.6142,35.16857],[-119.61424,35.16854],[-119.61428,35.1685],[-119.61433,35.16847],[-119.61437,35.16844],[-119.61441,35.16842],[-119.61445,35.16839],[-119.61449,35.16836],[-119.61452,35.16834],[-119.61456,35.16832],[-119.6146,35.16829],[-119.61464,35.16825],[-119.61468,35.1682],[-119.6147,35.16815],[-119.6147,35.16809],[-119.6147,35.16804],[-119.6147,35.16797],[-119.61469,35.16791],[-119.6147,35.16785],[-119.61473,35.1678],[-119.61476,35.16776],[-119.6148,35.16772],[-119.61485,35.16768],[-119.61491,35.16764],[-119.61496,35.16759],[-119.615,35.16753],[-119.61504,35.16746],[-119.61508,35.1674],[-119.61511,35.16733],[-119.61513,35.16727],[-119.61516,35.16721],[-119.61518,35.16717],[-119.61519,35.16713],[-119.6152,35.16711],[-119.61521,35.16708],[-119.61521,35.16706],[-119.61522,35.16703],[-119.61523,35.16699],[-119.61524,35.16695],[-119.61525,35.1669],[-119.61526,35.16685],[-119.61527,35.1668],[-119.61528,35.16674],[-119.61528,35.16669],[-119.61527,35.16664],[-119.61526,35.1666],[-119.61523,35.16655],[-119.6152,35.16651],[-119.61517,35.16647],[-119.61513,35.16643],[-119.61509,35.16639],[-119.61505,35.16636],[-119.61501,35.16632],[-119.61498,35.16629],[-119.61494,35.16626],[-119.6149,35.16622],[-119.61487,35.16619],[-119.61484,35.16615],[-119.61482,35.16611],[-119.6148,35.16607],[-119.6148,35.16603],[-119.61479,35.16598],[-119.6148,35.16594],[-119.61481,35.16589],[-119.61482,35.16584],[-119.61484,35.1658],[-119.61486,35.16576],[-119.61488,35.16572],[-119.6149,35.16568],[-119.61492,35.16564],[-119.61495,35.16561],[-119.61498,35.16557],[-119.615,35.16554],[-119.61503,35.1655],[-119.61505,35.16546],[-119.61508,35.16542],[-119.61511,35.16539],[-119.61514,35.16534],[-119.61516,35.1653],[-119.61519,35.16526],[-119.61521,35.16522],[-119.61524,35.16518],[-119.61526,35.16513],[-119.61528,35.16509],[-119.6153,35.16505],[-119.61531,35.16501],[-119.61533,35.16497],[-119.61534,35.16493],[-119.61536,35.16489],[-119.61537,35.16485],[-119.61539,35.1648],[-119.6154,35.16476],[-119.61542,35.16472],[-119.61543,35.16468],[-119.61545,35.16463],[-119.61547,35.16459],[-119.61548,35.16455],[-119.6155,35.1645],[-119.61551,35.16446],[-119.61553,35.16441],[-119.61555,35.16436],[-119.61557,35.16432],[-119.61559,35.16427],[-119.61561,35.16423],[-119.61563,35.16419],[-119.61565,35.16415],[-119.61567,35.16411],[-119.61567,35.16407],[-119.61567,35.16404],[-119.61564,35.16401],[-119.61561,35.16399],[-119.61557,35.16398],[-119.61553,35.16398],[-119.61547,35.16399],[-119.61542,35.16399],[-119.61536,35.16399],[-119.6153,35.16399],[-119.61524,35.16399],[-119.61519,35.164],[-119.61513,35.164],[-119.61507,35.164],[-119.61501,35.164],[-119.61496,35.16401],[-119.6149,35.16401],[-119.61484,35.164],[-119.61478,35.164],[-119.61473,35.164],[-119.61467,35.16399],[-119.61462,35.16397],[-119.61457,35.16395],[-119.61452,35.16393],[-119.61448,35.1639],[-119.61444,35.16387],[-119.6144,35.16384],[-119.61437,35.1638],[-119.61434,35.16376],[-119.61431,35.16372],[-119.61428,35.16369],[-119.61425,35.16365],[-119.61423,35.16361],[-119.6142,35.16357],[-119.61418,35.16353],[-119.61416,35.16349],[-119.61414,35.16345],[-119.61412,35.16341],[-119.6141,35.16337],[-119.61408,35.16333],[-119.61406,35.16328],[-119.61405,35.16324],[-119.61404,35.1632],[-119.61403,35.16315],[-119.61403,35.16311],[-119.61403,35.16307],[-119.61403,35.16302],[-119.61404,35.16298],[-119.61404,35.16294],[-119.61405,35.16289],[-119.61407,35.16285],[-119.61409,35.16281],[-119.61411,35.16277],[-119.61413,35.16273],[-119.61416,35.16269],[-119.61419,35.16265],[-119.61421,35.16261],[-119.61424,35.16257],[-119.61427,35.16253],[-119.61429,35.16249],[-119.6143,35.16244],[-119.61431,35.1624],[-119.61432,35.16235],[-119.61432,35.1623],[-119.61432,35.16226],[-119.61431,35.16222],[-119.6143,35.16218],[-119.61429,35.16214],[-119.61428,35.1621],[-119.61426,35.16206],[-119.61425,35.16201],[-119.61422,35.16197],[-119.6142,35.16193],[-119.61417,35.1619],[-119.61414,35.16186],[-119.61411,35.16183],[-119.61409,35.1618],[-119.61407,35.16178],[-119.61406,35.16177],[-119.61404,35.16174],[-119.61403,35.16171],[-119.61403,35.16167],[-119.61403,35.16166],[-119.61404,35.16165],[-119.61405,35.16163],[-119.61406,35.16162],[-119.61407,35.16161],[-119.61409,35.16159],[-119.61411,35.16158],[-119.61413,35.16157],[-119.61416,35.16157],[-119.61418,35.16156],[-119.61421,35.16155],[-119.61424,35.16154],[-119.61426,35.16154],[-119.61429,35.16153],[-119.61431,35.16152],[-119.61433,35.16152],[-119.61435,35.16151],[-119.61437,35.1615],[-119.61439,35.1615],[-119.61441,35.16149],[-119.61444,35.16148],[-119.61446,35.16147],[-119.61448,35.16146],[-119.61449,35.16145],[-119.6145,35.16144],[-119.61451,35.16143],[-119.61452,35.16142],[-119.61452,35.16141],[-119.61453,35.1614]]}},{"type":"Feature","properties":{"name":"5690","source":"Bureau of Land Management","source_detail":"BLM GTLF OBJECTID 154886","source_id":"{A940C445-EB3C-4FBE-98F3-AE1C76EC58AF}","road_class":"transportation_system_-_primitive_road","surface":"natural_improved","vehicle_class":"4wd_low","allowed_mode":"all_moto_veh","access_restriction":"unknown","seasonal_restriction":"not_listed","route_plan_id":"5690","gis_miles":0.16584188},"geometry":{"type":"LineString","coordinates":[[-119.55583,35.24263],[-119.55581,35.2426],[-119.55578,35.24257],[-119.55575,35.24254],[-119.55571,35.2425],[-119.55566,35.24245],[-119.55562,35.2424],[-119.55557,35.24235],[-119.55552,35.24229],[-119.55547,35.24223],[-119.5554,35.24216],[-119.55534,35.24209],[-119.55528,35.24202],[-119.55521,35.24195],[-119.55515,35.24188],[-119.55509,35.24181],[-119.55503,35.24175],[-119.55497,35.24168],[-119.55491,35.24162],[-119.55485,35.24156],[-119.5548,35.24149],[-119.55476,35.24143],[-119.55474,35.24136],[-119.55473,35.24129],[-119.55472,35.24121],[-119.55471,35.24113],[-119.5547,35.24106],[-119.55467,35.24099],[-119.55463,35.24092],[-119.55456,35.24087],[-119.5545,35.24081],[-119.55442,35.24074],[-119.55434,35.24068],[-119.55429,35.24064]]}},{"type":"Feature","properties":{"name":"4223","source":"Bureau of Land Management","source_detail":"BLM GTLF OBJECTID 154892","source_id":"{AB182B36-EFD0-4B32-B8F5-CFC6F968D0EA}","road_class":"transportation_system_-_primitive_road","surface":"natural_improved","vehicle_class":"2wd_low","allowed_mode":"all_moto_veh","access_restriction":"not_listed","seasonal_restriction":"not_listed","route_plan_id":"4223","gis_miles":0.1937716},"geometry":{"type":"LineString","coordinates":[[-119.61191,35.21607],[-119.61183,35.21594],[-119.61168,35.21577],[-119.61151,35.21567],[-119.61138,35.21556],[-119.61118,35.2155],[-119.61113,35.21549],[-119.61105,35.21548],[-119.61092,35.21542],[-119.61087,35.21534],[-119.61087,35.21515],[-119.61077,35.21504],[-119.61061,35.21496],[-119.61056,35.21493],[-119.61052,35.21483],[-119.6105,35.21448],[-119.61049,35.21431],[-119.61048,35.21413],[-119.61047,35.21397],[-119.61048,35.21391],[-119.61049,35.21384]]}},{"type":"Feature","properties":{"name":"5691","source":"Bureau of Land Management","source_detail":"BLM GTLF OBJECTID 154896","source_id":"{DD4BCDD0-9501-4D3D-B1F2-C4F71ECFDF9D}","road_class":"transportation_system_-_primitive_road","surface":"natural_improved","vehicle_class":"4wd_low","allowed_mode":"all_moto_veh","access_restriction":"unknown","seasonal_restriction":"not_listed","route_plan_id":"5691","gis_miles":0.34201685},"geometry":{"type":"LineString","coordinates":[[-119.55206,35.23823],[-119.552,35.23818],[-119.55193,35.23812],[-119.55187,35.23805],[-119.5518,35.23798],[-119.55173,35.23791],[-119.55166,35.23784],[-119.5516,35.23777],[-119.55153,35.23769],[-119.55146,35.23762],[-119.55139,35.23755],[-119.55132,35.23748],[-119.55126,35.23741],[-119.55119,35.23733],[-119.55113,35.23726],[-119.55106,35.23718],[-119.55099,35.2371],[-119.55091,35.23702],[-119.55084,35.23694],[-119.55076,35.23686],[-119.55068,35.23678],[-119.5506,35.23671],[-119.55053,35.23664],[-119.55047,35.23657],[-119.55041,35.2365],[-119.55038,35.23643],[-119.55036,35.23636],[-119.55035,35.23629],[-119.55034,35.23622],[-119.55032,35.23616],[-119.55029,35.23611],[-119.55025,35.23605],[-119.55019,35.236],[-119.55013,35.23594],[-119.55007,35.23588],[-119.55,35.23583],[-119.54994,35.23577],[-119.54989,35.2357],[-119.54985,35.23564],[-119.54981,35.23557],[-119.54976,35.2355],[-119.54969,35.23544],[-119.54961,35.23539],[-119.54952,35.23535],[-119.54943,35.2353],[-119.54936,35.23523],[-119.54929,35.23516],[-119.54923,35.23508],[-119.54917,35.23501],[-119.5491,35.23493],[-119.54903,35.23486],[-119.54897,35.23478],[-119.5489,35.2347],[-119.54883,35.23463],[-119.54876,35.23456],[-119.54869,35.23449],[-119.54863,35.23444],[-119.54858,35.23439],[-119.54855,35.23435],[-119.54852,35.23432],[-119.54851,35.23429]]}},{"type":"Feature","properties":{"name":"5776","source":"Bureau of Land Management","source_detail":"BLM GTLF OBJECTID 154902","source_id":"{370C1F7D-C8D5-43ED-A27E-4A18ABD43F11}","road_class":"transportation_system_-_primitive_road","surface":"natural_improved","vehicle_class":"4wd_low","allowed_mode":"all_moto_veh","access_restriction":"unknown","seasonal_restriction":"not_listed","route_plan_id":"5776","gis_miles":0.52828408},"geometry":{"type":"LineString","coordinates":[[-119.55785,35.25278],[-119.55786,35.25278],[-119.55786,35.25273],[-119.55786,35.25267],[-119.55786,35.25261],[-119.55785,35.25255],[-119.55783,35.2525],[-119.55782,35.25245],[-119.55781,35.2524],[-119.5578,35.25235],[-119.5578,35.2523],[-119.55781,35.25224],[-119.55782,35.25219],[-119.55784,35.25213],[-119.55786,35.25208],[-119.55789,35.25203],[-119.55792,35.25198],[-119.55796,35.25194],[-119.558,35.2519],[-119.55803,35.25186],[-119.55806,35.25182],[-119.55807,35.25178],[-119.55807,35.25173],[-119.55806,35.25168],[-119.55805,35.25163],[-119.55804,35.25157],[-119.55805,35.25152],[-119.55807,35.25147],[-119.5581,35.25142],[-119.55814,35.25138],[-119.5582,35.25135],[-119.55826,35.25131],[-119.55832,35.25128],[-119.55838,35.25125],[-119.55845,35.25122],[-119.55851,35.25119],[-119.55858,35.25116],[-119.55865,35.25114],[-119.55872,35.25113],[-119.5588,35.25111],[-119.55887,35.2511],[-119.55895,35.25109],[-119.55902,35.25108],[-119.5591,35.25107],[-119.55917,35.25107],[-119.55925,35.25106],[-119.55933,35.25105],[-119.5594,35.25104],[-119.55948,35.25103],[-119.55955,35.25102],[-119.55963,35.25101],[-119.5597,35.25099],[-119.55978,35.25099],[-119.55986,35.25099],[-119.55993,35.25099],[-119.56001,35.25099],[-119.56008,35.25099],[-119.56015,35.25099],[-119.56023,35.25098],[-119.5603,35.25097],[-119.56038,35.25096],[-119.56045,35.25095],[-119.56052,35.25093],[-119.5606,35.25092],[-119.56067,35.2509],[-119.56075,35.25088],[-119.56083,35.25087],[-119.56091,35.25085],[-119.56098,35.25083],[-119.56106,35.25082],[-119.56114,35.2508],[-119.56122,35.25079],[-119.5613,35.25077],[-119.56138,35.25077],[-119.56146,35.25076],[-119.56154,35.25074],[-119.56161,35.25073],[-119.56168,35.25072],[-119.56174,35.25071],[-119.56179,35.2507],[-119.56184,35.2507],[-119.5619,35.25071],[-119.56197,35.25072],[-119.56205,35.25072],[-119.56212,35.25073],[-119.56221,35.25073],[-119.56229,35.25072],[-119.56237,35.25071],[-119.56245,35.2507],[-119.56251,35.25068],[-119.56258,35.25067],[-119.56265,35.25065],[-119.56273,35.25063],[-119.5628,35.25061],[-119.56288,35.25059],[-119.56296,35.25058],[-119.56304,35.25056],[-119.56312,35.25055],[-119.56321,35.25053],[-119.56329,35.25051],[-119.56337,35.25049],[-119.56344,35.25047],[-119.56352,35.25045],[-119.56359,35.25042],[-119.56366,35.25039],[-119.56373,35.25035],[-119.5638,35.25032],[-119.56387,35.25028],[-119.56394,35.25026],[-119.56402,35.25024],[-119.56409,35.25021],[-119.56417,35.25019],[-119.56425,35.25017],[-119.56432,35.25014],[-119.5644,35.25012],[-119.56447,35.25009],[-119.56455,35.25007],[-119.56462,35.25004],[-119.5647,35.25001],[-119.56477,35.24998],[-119.56484,35.24995],[-119.56491,35.24992],[-119.56498,35.24989],[-119.56505,35.24986],[-119.56512,35.24984],[-119.56517,35.24982],[-119.56522,35.24982],[-119.56526,35.24981],[-119.56528,35.24981],[-119.5653,35.24981],[-119.56532,35.24981],[-119.56532,35.24981]]}},{"type":"Feature","properties":{"name":"4188","source":"Bureau of Land Management","source_detail":"BLM GTLF OBJECTID 154916","source_id":"{9A07C3B6-8BA8-4690-A19F-7C09C15CE016}","road_class":"transportation_system_-_primitive_road","surface":"natural","vehicle_class":"4wd_low","allowed_mode":"all_moto_veh","access_restriction":"unknown","seasonal_restriction":"not_listed","route_plan_id":"4188","gis_miles":0.18231086},"geometry":{"type":"LineString","coordinates":[[-119.57695,35.21156],[-119.57706,35.21157],[-119.57721,35.21153],[-119.57737,35.21147],[-119.57757,35.21139],[-119.5777,35.21133],[-119.57788,35.21128],[-119.57808,35.21124],[-119.57841,35.2112],[-119.57893,35.21119],[-119.57899,35.21119],[-119.57972,35.2112],[-119.57986,35.2112],[-119.58009,35.21121]]}},{"type":"Feature","properties":{"name":"4256","source":"Bureau of Land Management","source_detail":"BLM GTLF OBJECTID 154919","source_id":"{2711FE8A-45D2-4FB1-8B1C-DFC03E4DE513}","road_class":"transportation_system_-_primitive_road","surface":"natural_improved","vehicle_class":"2wd_low","allowed_mode":"all_moto_veh","access_restriction":"not_listed","seasonal_restriction":"not_listed","route_plan_id":"4256","gis_miles":0.21515621},"geometry":{"type":"LineString","coordinates":[[-119.61328,35.21574],[-119.61327,35.21559],[-119.61332,35.21544],[-119.61333,35.21536],[-119.61329,35.21528],[-119.6132,35.21519],[-119.61294,35.21506],[-119.6129,35.21505],[-119.61286,35.21504],[-119.61286,35.21486],[-119.61287,35.21476],[-119.6129,35.21466],[-119.61329,35.21468],[-119.61328,35.21443],[-119.61327,35.21426],[-119.61323,35.2142],[-119.61312,35.21408],[-119.61295,35.21395],[-119.61288,35.21382],[-119.61281,35.21369],[-119.61271,35.21348],[-119.61267,35.21338],[-119.61265,35.21332]]}},{"type":"Feature","properties":{"name":"5912","source":"Bureau of Land Management","source_detail":"BLM GTLF OBJECTID 154939","source_id":"{2F3A4B2A-959A-4A3B-A84B-E3923F214C60}","road_class":"transportation_system_-_primitive_road","surface":"natural_improved","vehicle_class":"4wd_low","allowed_mode":"all_moto_veh","access_restriction":"unknown","seasonal_restriction":"not_listed","route_plan_id":"5912","gis_miles":0.49850435},"geometry":{"type":"LineString","coordinates":[[-119.55544,35.21012],[-119.55543,35.21014],[-119.55542,35.21014],[-119.55541,35.21015],[-119.55539,35.21016],[-119.55536,35.21018],[-119.55533,35.21021],[-119.55529,35.21024],[-119.55526,35.21027],[-119.55523,35.2103],[-119.5552,35.21032],[-119.55516,35.21035],[-119.55512,35.21038],[-119.55508,35.21042],[-119.55504,35.21045],[-119.55499,35.21048],[-119.55495,35.21051],[-119.5549,35.21054],[-119.55486,35.21057],[-119.55482,35.2106],[-119.55478,35.21062],[-119.55474,35.21064],[-119.55471,35.21066],[-119.55467,35.21068],[-119.55464,35.2107],[-119.55461,35.21072],[-119.55459,35.21073],[-119.55458,35.21075],[-119.55456,35.21078],[-119.55455,35.2108],[-119.55455,35.21082],[-119.55454,35.21085],[-119.55454,35.21087],[-119.55454,35.2109],[-119.55453,35.21092],[-119.55453,35.21095],[-119.55452,35.21098],[-119.55452,35.21102],[-119.55451,35.21105],[-119.5545,35.21109],[-119.5545,35.21113],[-119.55449,35.21117],[-119.55448,35.21122],[-119.55448,35.21126],[-119.55447,35.21131],[-119.55447,35.21136],[-119.55447,35.21141],[-119.55446,35.21146],[-119.55446,35.21151],[-119.55446,35.21156],[-119.55447,35.21162],[-119.55449,35.21167],[-119.5545,35.21173],[-119.55452,35.21179],[-119.55452,35.21183],[-119.55452,35.21187],[-119.55451,35.2119],[-119.55451,35.21193],[-119.5545,35.21196],[-119.55449,35.212],[-119.55449,35.21203],[-119.55449,35.21206],[-119.5545,35.21209],[-119.5545,35.21213],[-119.55451,35.21216],[-119.55452,35.21219],[-119.55454,35.21222],[-119.55454,35.21223],[-119.55455,35.21224],[-119.55457,35.21227],[-119.55458,35.21228],[-119.5546,35.2123],[-119.55461,35.21233],[-119.55463,35.21235],[-119.55465,35.21238],[-119.55467,35.2124],[-119.55469,35.21243],[-119.55471,35.21246],[-119.55473,35.21248],[-119.55474,35.21251],[-119.55476,35.21254],[-119.55477,35.21257],[-119.55479,35.21259],[-119.5548,35.21262],[-119.55482,35.21264],[-119.55484,35.21266],[-119.55486,35.21268],[-119.55488,35.2127],[-119.55491,35.21271],[-119.55494,35.21272],[-119.55498,35.21273],[-119.55502,35.21274],[-119.55507,35.21274],[-119.55512,35.21275],[-119.55517,35.21275],[-119.55521,35.21275],[-119.55526,35.21274],[-119.55531,35.21273],[-119.55536,35.21272],[-119.5554,35.2127],[-119.55544,35.21268],[-119.55548,35.21266],[-119.55551,35.21264],[-119.55555,35.21262],[-119.55559,35.2126],[-119.55563,35.21257],[-119.55567,35.21255],[-119.5557,35.21253],[-119.55574,35.2125],[-119.55578,35.21248],[-119.55582,35.21245],[-119.55586,35.21242],[-119.55589,35.21239],[-119.55592,35.21236],[-119.55595,35.21233],[-119.55598,35.21229],[-119.55601,35.21225],[-119.55603,35.21222],[-119.55606,35.21218],[-119.55608,35.21215],[-119.5561,35.21211],[-119.55611,35.21207],[-119.55613,35.21203],[-119.55614,35.21198],[-119.55615,35.21194],[-119.55617,35.21189],[-119.55618,35.21185],[-119.55619,35.2118],[-119.5562,35.21176],[-119.55621,35.21171],[-119.55623,35.21167],[-119.55624,35.21163],[-119.55625,35.21159],[-119.55626,35.21156],[-119.55628,35.21153],[-119.55629,35.21151],[-119.5563,35.21149],[-119.55631,35.21148],[-119.55631,35.21148],[-119.55632,35.21147],[-119.55633,35.21146],[-119.55635,35.21145],[-119.55637,35.21144],[-119.55637,35.21144],[-119.55638,35.21144],[-119.55639,35.21143],[-119.55639,35.21143],[-119.55639,35.21143],[-119.55639,35.21143],[-119.55639,35.21143],[-119.55641,35.21142],[-119.55643,35.21141],[-119.55646,35.2114],[-119.55651,35.21138],[-119.55655,35.21136],[-119.55661,35.21134],[-119.55666,35.21132],[-119.55672,35.21129],[-119.55677,35.21126],[-119.55683,35.21123],[-119.55689,35.2112],[-119.55695,35.21117],[-119.557,35.21113],[-119.55706,35.2111],[-119.55711,35.21107],[-119.55717,35.21104],[-119.55721,35.21101],[-119.55726,35.21098],[-119.5573,35.21095],[-119.55735,35.21092],[-119.55739,35.2109],[-119.55743,35.21087],[-119.55747,35.21085],[-119.55751,35.21083],[-119.55754,35.21081],[-119.55757,35.21079],[-119.55761,35.21077],[-119.55765,35.21075],[-119.55769,35.21073],[-119.55773,35.2107],[-119.55778,35.21068],[-119.55782,35.21065],[-119.55787,35.21062],[-119.55792,35.21059],[-119.55797,35.21056],[-119.55803,35.21052],[-119.5581,35.21049],[-119.55816,35.21046],[-119.55822,35.21043],[-119.55828,35.2104],[-119.55834,35.21037],[-119.55839,35.21034],[-119.55843,35.21033],[-119.55846,35.21031],[-119.55849,35.2103],[-119.55851,35.21029],[-119.55854,35.21029],[-119.55855,35.21029],[-119.55867,35.21031]]}},{"type":"Feature","properties":{"name":"4182","source":"Bureau of Land Management","source_detail":"BLM GTLF OBJECTID 154949","source_id":"{651C5972-7188-40B2-8421-EA7CCA9C57D0}","road_class":"transportation_system_-_primitive_road","surface":"natural","vehicle_class":"4wd_low","allowed_mode":"all_moto_veh","access_restriction":"unknown","seasonal_restriction":"not_listed","route_plan_id":"4182","gis_miles":0.03888787},"geometry":{"type":"LineString","coordinates":[[-119.58026,35.2147],[-119.5804,35.21452],[-119.5805,35.21434],[-119.58055,35.21428],[-119.58062,35.21423]]}},{"type":"Feature","properties":{"name":"5916","source":"Bureau of Land Management","source_detail":"BLM GTLF OBJECTID 154980","source_id":"{99C5A177-B664-4CA3-9A75-5839DD0D0A09}","road_class":"transportation_system_-_primitive_road","surface":"natural_improved","vehicle_class":"4wd_low","allowed_mode":"all_moto_veh","access_restriction":"unknown","seasonal_restriction":"not_listed","route_plan_id":"5916","gis_miles":0.49523032},"geometry":{"type":"LineString","coordinates":[[-119.56086,35.21254],[-119.56084,35.21257],[-119.56079,35.21259],[-119.56074,35.21261],[-119.56069,35.21264],[-119.56063,35.21266],[-119.56058,35.21269],[-119.56052,35.21272],[-119.56047,35.21275],[-119.56041,35.21278],[-119.56035,35.21282],[-119.56029,35.21285],[-119.56023,35.21289],[-119.56016,35.21292],[-119.5601,35.21295],[-119.56004,35.21298],[-119.55999,35.21301],[-119.55993,35.21303],[-119.55988,35.21306],[-119.55982,35.21309],[-119.55977,35.21313],[-119.55971,35.21317],[-119.55966,35.21321],[-119.55961,35.21326],[-119.55957,35.21331],[-119.55952,35.21336],[-119.55947,35.2134],[-119.55941,35.21345],[-119.55936,35.2135],[-119.55929,35.21354],[-119.55923,35.21359],[-119.55916,35.21362],[-119.55909,35.21366],[-119.55902,35.2137],[-119.55894,35.21374],[-119.55887,35.21377],[-119.5588,35.21381],[-119.55872,35.21385],[-119.55865,35.21389],[-119.55857,35.21393],[-119.55849,35.21397],[-119.55841,35.214],[-119.55833,35.21403],[-119.55825,35.21405],[-119.55816,35.21406],[-119.55807,35.21407],[-119.55798,35.21408],[-119.55788,35.21408],[-119.55779,35.21408],[-119.5577,35.21408],[-119.55761,35.21407],[-119.55752,35.21407],[-119.55743,35.21407],[-119.55734,35.21407],[-119.55726,35.21407],[-119.55717,35.21409],[-119.55709,35.21411],[-119.55701,35.21412],[-119.55695,35.21413],[-119.55689,35.21414],[-119.55684,35.21414],[-119.55684,35.21414],[-119.55684,35.21414],[-119.55678,35.21414],[-119.55672,35.21414],[-119.55666,35.21414],[-119.55659,35.21414],[-119.55653,35.21415],[-119.55646,35.21416],[-119.55641,35.21417],[-119.55637,35.21418],[-119.55633,35.21419],[-119.5563,35.2142],[-119.55627,35.21421],[-119.55624,35.21421],[-119.55621,35.21422],[-119.55618,35.21423],[-119.55615,35.21424],[-119.55613,35.21424],[-119.5561,35.21425],[-119.55607,35.21426],[-119.55605,35.21426],[-119.55603,35.21427],[-119.55591,35.21429],[-119.5559,35.21429],[-119.55588,35.21429],[-119.55586,35.2143],[-119.55584,35.21431],[-119.55581,35.21432],[-119.55577,35.21433],[-119.55574,35.21434],[-119.5557,35.21435],[-119.55566,35.21436],[-119.55563,35.21436],[-119.55558,35.21437],[-119.55554,35.21438],[-119.5555,35.21438],[-119.55545,35.21438],[-119.55541,35.21437],[-119.55537,35.21436],[-119.55534,35.21434],[-119.55531,35.21432],[-119.55529,35.2143],[-119.55528,35.21429],[-119.55527,35.21427],[-119.55526,35.21426],[-119.55526,35.21426],[-119.55526,35.21426],[-119.55526,35.21426],[-119.55526,35.21426],[-119.55526,35.21426],[-119.55526,35.21426],[-119.55526,35.21425],[-119.55525,35.21425],[-119.55525,35.21423],[-119.55524,35.21422],[-119.55524,35.21421],[-119.55523,35.21418],[-119.55523,35.21415],[-119.55523,35.21412],[-119.55523,35.21409],[-119.55523,35.21406],[-119.55523,35.21403],[-119.55523,35.214],[-119.55523,35.21398],[-119.55523,35.21396],[-119.55523,35.21393],[-119.55523,35.2139],[-119.55523,35.21388],[-119.55522,35.21385],[-119.55522,35.21382],[-119.55522,35.21378],[-119.55522,35.21374],[-119.55522,35.21371],[-119.55522,35.21368],[-119.55523,35.21364],[-119.55524,35.21362],[-119.55526,35.21359],[-119.55529,35.21357],[-119.55532,35.21356],[-119.55536,35.21355],[-119.5554,35.21354],[-119.55544,35.21354],[-119.55548,35.21354],[-119.55551,35.21354],[-119.55555,35.21354],[-119.55559,35.21354],[-119.55563,35.21353],[-119.55566,35.21353],[-119.5557,35.21353],[-119.55574,35.21352],[-119.55577,35.21351],[-119.55581,35.2135],[-119.55584,35.21349],[-119.55588,35.21348],[-119.55592,35.21347],[-119.55595,35.21346],[-119.55599,35.21345],[-119.55604,35.21344],[-119.55608,35.21343],[-119.55613,35.21342],[-119.55618,35.21341],[-119.55624,35.2134],[-119.55632,35.21339],[-119.55639,35.21337],[-119.55647,35.21335],[-119.55654,35.21333],[-119.5566,35.21331],[-119.55665,35.21329],[-119.5567,35.21328],[-119.55674,35.21327],[-119.55677,35.21325],[-119.55679,35.21324]]}},{"type":"Feature","properties":{"name":"4084","source":"Bureau of Land Management","source_detail":"BLM GTLF OBJECTID 154992","source_id":"{11B93AC9-02CD-4143-B72C-41D6D43ABDFB}","road_class":"transportation_system_-_primitive_road","surface":"natural_improved","vehicle_class":"2wd_low","allowed_mode":"all_moto_veh","access_restriction":"not_listed","seasonal_restriction":"not_listed","route_plan_id":"4084","gis_miles":0.10264955},"geometry":{"type":"LineString","coordinates":[[-119.60701,35.21322],[-119.60711,35.21317],[-119.60727,35.21316],[-119.60755,35.21313],[-119.60784,35.21313],[-119.60808,35.21314],[-119.60821,35.21313],[-119.60826,35.21309],[-119.60834,35.21292],[-119.6084,35.21282],[-119.60848,35.21276],[-119.60853,35.21274]]}},{"type":"Feature","properties":{"name":"6024","source":"Bureau of Land Management","source_detail":"BLM GTLF OBJECTID 154999","source_id":"{7A292F68-6D6D-409D-8D76-68E942370E8D}","road_class":"transportation_system_-_primitive_road","surface":"natural_improved","vehicle_class":"4wd_low","allowed_mode":"all_moto_veh","access_restriction":"unknown","seasonal_restriction":"not_listed","route_plan_id":"6024","gis_miles":0.09211602},"geometry":{"type":"LineString","coordinates":[[-119.53185,35.21241],[-119.53186,35.21242],[-119.53188,35.21242],[-119.53192,35.21244],[-119.53196,35.21245],[-119.532,35.21246],[-119.53203,35.21246],[-119.53206,35.21247],[-119.53209,35.21248],[-119.53211,35.21249],[-119.53214,35.21249],[-119.53217,35.2125],[-119.53221,35.21251],[-119.53225,35.21252],[-119.53229,35.21253],[-119.53234,35.21255],[-119.5324,35.21256],[-119.53245,35.21257],[-119.53251,35.21259],[-119.53257,35.2126],[-119.53264,35.21262],[-119.5327,35.21263],[-119.53276,35.21264],[-119.53282,35.21266],[-119.53287,35.21267],[-119.53292,35.21269],[-119.53295,35.2127],[-119.53298,35.2127],[-119.533,35.21271],[-119.53303,35.21272],[-119.53305,35.21272],[-119.53307,35.21273],[-119.5331,35.21273],[-119.53313,35.21274],[-119.53317,35.21275],[-119.5332,35.21276],[-119.53323,35.21276],[-119.53326,35.21277],[-119.5333,35.21278],[-119.53334,35.21279],[-119.53336,35.2128],[-119.53339,35.2128],[-119.5334,35.2128],[-119.5334,35.2128]]}},{"type":"Feature","properties":{"name":"4187","source":"Bureau of Land Management","source_detail":"BLM GTLF OBJECTID 155014","source_id":"{81E07C9B-1305-42CA-B732-C68FF04A98FA}","road_class":"transportation_system_-_primitive_road","surface":"natural","vehicle_class":"4wd_low","allowed_mode":"all_moto_veh","access_restriction":"unknown","seasonal_restriction":"not_listed","route_plan_id":"4187","gis_miles":0.02910353},"geometry":{"type":"LineString","coordinates":[[-119.57669,35.21047],[-119.57637,35.21048],[-119.57618,35.21051]]}},{"type":"Feature","properties":{"name":"4222","source":"Bureau of Land Management","source_detail":"BLM GTLF OBJECTID 155015","source_id":"{086D7A35-8DCA-43BA-BD18-7F9E9FCF03C4}","road_class":"transportation_system_-_primitive_road","surface":"natural_improved","vehicle_class":"2wd_low","allowed_mode":"all_moto_veh","access_restriction":"not_listed","seasonal_restriction":"not_listed","route_plan_id":"4222","gis_miles":0.41945495},"geometry":{"type":"LineString","coordinates":[[-119.61025,35.21291],[-119.61027,35.21314],[-119.61028,35.21331],[-119.61038,35.21369],[-119.61049,35.21384],[-119.61055,35.21391],[-119.61071,35.21405],[-119.61109,35.21437],[-119.61137,35.21465],[-119.61165,35.21493],[-119.61172,35.21507],[-119.61175,35.21517],[-119.61177,35.21525],[-119.61178,35.21533],[-119.61175,35.21545],[-119.61166,35.21553],[-119.61151,35.21567],[-119.61137,35.21573],[-119.61126,35.21577],[-119.61114,35.21584],[-119.61113,35.2159],[-119.61118,35.21599],[-119.61129,35.21612],[-119.61143,35.21629],[-119.61148,35.21637],[-119.61135,35.21651],[-119.61127,35.21657],[-119.61109,35.21658],[-119.61081,35.21652],[-119.61053,35.21652],[-119.61034,35.21655],[-119.61026,35.21651],[-119.61021,35.21648],[-119.61012,35.21643],[-119.60999,35.21642],[-119.60981,35.21642],[-119.60965,35.21637],[-119.60955,35.21631],[-119.60944,35.21623]]}},{"type":"Feature","properties":{"name":"4232","source":"Bureau of Land Management","source_detail":"BLM GTLF OBJECTID 155021","source_id":"{EA5E7235-1E27-44AC-AE47-5822D41BE3C9}","road_class":"transportation_system_-_primitive_road","surface":"natural_improved","vehicle_class":"2wd_low","allowed_mode":"all_moto_veh","access_restriction":"not_listed","seasonal_restriction":"not_listed","route_plan_id":"4232","gis_miles":0.31993703},"geometry":{"type":"LineString","coordinates":[[-119.61595,35.21427],[-119.61582,35.21439],[-119.61559,35.21468],[-119.6155,35.21475],[-119.61538,35.2148],[-119.61512,35.21489],[-119.61487,35.21504],[-119.61456,35.21529],[-119.61448,35.21543],[-119.61438,35.21545],[-119.61417,35.21546],[-119.61399,35.21547],[-119.61388,35.21546],[-119.61375,35.21547],[-119.61354,35.21556],[-119.61334,35.21569],[-119.61328,35.21574],[-119.6132,35.21582],[-119.61311,35.2159],[-119.61304,35.21596],[-119.61288,35.21609],[-119.61274,35.2162],[-119.61265,35.21625],[-119.61256,35.21623],[-119.61243,35.21619],[-119.61224,35.2161],[-119.6121,35.21606],[-119.61191,35.21607],[-119.61172,35.21615],[-119.61156,35.21627],[-119.61148,35.21637]]}},{"type":"Feature","properties":{"name":"5303","source":"Bureau of Land Management","source_detail":"BLM GTLF OBJECTID 155022","source_id":"{F3970F52-0CC1-4D56-9E7B-B9980FC0C7E6}","road_class":"transportation_system_-_primitive_road","surface":"natural_improved","vehicle_class":"4wd_low","allowed_mode":"all_moto_veh","access_restriction":"unknown","seasonal_restriction":"not_listed","route_plan_id":"5303","gis_miles":0.102171},"geometry":{"type":"LineString","coordinates":[[-119.60536,35.24995],[-119.60537,35.24996],[-119.6054,35.24997],[-119.60543,35.24998],[-119.60546,35.25],[-119.60551,35.25002],[-119.60555,35.25005],[-119.60559,35.25007],[-119.60562,35.2501],[-119.60566,35.25012],[-119.60569,35.25014],[-119.60573,35.25017],[-119.60576,35.25019],[-119.6058,35.25021],[-119.60585,35.25024],[-119.60589,35.25026],[-119.60594,35.25029],[-119.606,35.25032],[-119.60605,35.25035],[-119.60611,35.25038],[-119.60617,35.25041],[-119.60623,35.25044],[-119.60629,35.25048],[-119.60635,35.25051],[-119.60641,35.25054],[-119.60647,35.25057],[-119.60652,35.25061],[-119.60658,35.25064],[-119.60663,35.25067],[-119.60668,35.25071],[-119.60674,35.25074],[-119.60679,35.25077],[-119.60684,35.25081]]}},{"type":"Feature","properties":{"name":"5260","source":"Bureau of Land Management","source_detail":"BLM GTLF OBJECTID 155036","source_id":"{BABA7EB9-2A50-4545-B60D-1B124D9F3538}","road_class":"transportation_system_-_primitive_road","surface":"natural","vehicle_class":"2wd_low","allowed_mode":"all_moto_veh","access_restriction":"not_listed","seasonal_restriction":"not_listed","route_plan_id":"5260","gis_miles":0.740775},"geometry":{"type":"LineString","coordinates":[[-119.60022,35.25196],[-119.60021,35.25196],[-119.60018,35.25193],[-119.60016,35.2519],[-119.60013,35.25185],[-119.60009,35.25181],[-119.60004,35.25177],[-119.60001,35.25175],[-119.59998,35.25173],[-119.59991,35.2517],[-119.59983,35.25166],[-119.59976,35.25163],[-119.59968,35.25159],[-119.5996,35.25155],[-119.59953,35.2515],[-119.59946,35.25144],[-119.59939,35.25138],[-119.59933,35.25132],[-119.59926,35.25126],[-119.5992,35.25119],[-119.59913,35.25112],[-119.59907,35.25105],[-119.599,35.25099],[-119.59893,35.25092],[-119.59886,35.25085],[-119.59879,35.25078],[-119.59873,35.25071],[-119.59866,35.25064],[-119.59859,35.25057],[-119.59853,35.25051],[-119.59847,35.25044],[-119.59841,35.25038],[-119.59837,35.25031],[-119.59834,35.25024],[-119.59832,35.25017],[-119.59832,35.2501],[-119.59832,35.25002],[-119.59832,35.24995],[-119.59832,35.24987],[-119.59832,35.2498],[-119.59832,35.24972],[-119.59832,35.24965],[-119.59832,35.24957],[-119.59832,35.2495],[-119.59833,35.24943],[-119.59833,35.24937],[-119.59833,35.24931],[-119.59833,35.24925],[-119.59833,35.24921],[-119.59833,35.2492],[-119.59833,35.24916],[-119.59833,35.24913],[-119.59833,35.24912],[-119.59833,35.24911],[-119.59834,35.2491],[-119.59834,35.24909],[-119.59835,35.24906],[-119.59836,35.24902],[-119.59838,35.24898],[-119.5984,35.24893],[-119.59842,35.24888],[-119.59844,35.24883],[-119.59846,35.24877],[-119.59848,35.24872],[-119.59849,35.24867],[-119.5985,35.24862],[-119.59851,35.24858],[-119.59851,35.24854],[-119.59851,35.2485],[-119.59851,35.24846],[-119.59851,35.24843],[-119.59851,35.24843],[-119.59851,35.2484],[-119.5985,35.24838],[-119.5985,35.24838],[-119.5985,35.24838],[-119.5985,35.24836],[-119.59849,35.24833],[-119.59848,35.2483],[-119.59848,35.24826],[-119.59846,35.24822],[-119.59845,35.24818],[-119.59845,35.24818],[-119.59844,35.24813],[-119.59844,35.24808],[-119.59843,35.24803],[-119.59843,35.24798],[-119.59842,35.24793],[-119.59842,35.24788],[-119.59842,35.24783],[-119.59841,35.24778],[-119.59841,35.24773],[-119.5984,35.24768],[-119.5984,35.24763],[-119.59839,35.24757],[-119.59839,35.24751],[-119.59838,35.24746],[-119.59838,35.24741],[-119.59839,35.24737],[-119.59839,35.24733],[-119.59839,35.24729],[-119.59839,35.24725],[-119.59839,35.24725],[-119.59839,35.24721],[-119.59839,35.24718],[-119.59839,35.24716],[-119.59838,35.24714],[-119.59838,35.24711],[-119.59837,35.24709],[-119.59837,35.24706],[-119.59837,35.24706],[-119.59836,35.24704],[-119.59836,35.24701],[-119.59835,35.24697],[-119.59835,35.24693],[-119.59834,35.24688],[-119.59834,35.24683],[-119.59834,35.24677],[-119.59834,35.24672],[-119.59834,35.24666],[-119.59834,35.24661],[-119.59834,35.24656],[-119.59835,35.2465],[-119.59835,35.24645],[-119.59835,35.24639],[-119.59836,35.24634],[-119.59836,35.24629],[-119.59837,35.24624],[-119.59838,35.24619],[-119.59839,35.24614],[-119.5984,35.2461],[-119.59841,35.24606],[-119.59841,35.24603],[-119.59842,35.24599],[-119.59843,35.24596],[-119.59844,35.24592],[-119.59844,35.24589],[-119.59845,35.24585],[-119.59845,35.24582],[-119.59845,35.2458],[-119.59845,35.24578],[-119.59845,35.24578],[-119.59845,35.24578],[-119.59845,35.24576],[-119.59846,35.24573],[-119.59846,35.2457],[-119.59846,35.24569],[-119.59847,35.24566],[-119.59848,35.24562],[-119.59849,35.24559],[-119.5985,35.24555],[-119.59852,35.2455],[-119.59854,35.24545],[-119.59855,35.2454],[-119.59855,35.24535],[-119.59854,35.2453],[-119.59852,35.24525],[-119.59848,35.24521],[-119.59845,35.24516],[-119.59842,35.24511],[-119.59841,35.2451],[-119.59839,35.24506],[-119.59838,35.24501],[-119.59838,35.24497],[-119.59838,35.24492],[-119.59838,35.24487],[-119.59839,35.24481],[-119.59839,35.24476],[-119.5984,35.2447],[-119.5984,35.24464],[-119.5984,35.24459],[-119.5984,35.24454],[-119.59841,35.24449],[-119.59841,35.24444],[-119.59841,35.24439],[-119.59841,35.24434],[-119.59841,35.2443],[-119.59841,35.24427],[-119.59841,35.24425],[-119.59841,35.24425],[-119.59841,35.24425],[-119.59841,35.24423],[-119.59841,35.24423],[-119.59841,35.24421],[-119.59842,35.24418],[-119.59842,35.24413],[-119.59842,35.24408],[-119.59842,35.24402],[-119.59842,35.24396],[-119.59842,35.2439],[-119.59842,35.24383],[-119.59842,35.24376],[-119.59842,35.24369],[-119.59842,35.24363],[-119.59842,35.24356],[-119.59842,35.2435],[-119.59842,35.24344],[-119.59842,35.24338],[-119.59842,35.24332],[-119.59842,35.24326],[-119.59842,35.2432],[-119.59842,35.24313],[-119.59842,35.24305],[-119.59842,35.24297],[-119.59842,35.24289],[-119.59842,35.24282],[-119.59842,35.24276],[-119.59842,35.24269],[-119.59842,35.24263],[-119.59842,35.24257],[-119.59842,35.24252],[-119.59842,35.24246],[-119.59842,35.24241],[-119.59843,35.24235],[-119.59843,35.2423],[-119.59843,35.24224],[-119.59843,35.2422],[-119.59843,35.24216],[-119.59843,35.24213],[-119.59843,35.2421],[-119.59844,35.24208],[-119.59844,35.24205],[-119.59844,35.24202],[-119.59844,35.242],[-119.59844,35.24199],[-119.59844,35.24199],[-119.59843,35.24198],[-119.59842,35.24197],[-119.59841,35.24196],[-119.59838,35.24195]]}},{"type":"Feature","properties":{"name":"4063","source":"Bureau of Land Management","source_detail":"BLM GTLF OBJECTID 155039","source_id":"{6C3AFF9A-F725-483A-9A3E-503A03D11B48}","road_class":"transportation_system_-_primitive_road","surface":"natural_improved","vehicle_class":"2wd_low","allowed_mode":"all_moto_veh","access_restriction":"not_listed","seasonal_restriction":"not_listed","route_plan_id":"4063","gis_miles":0.04269404},"geometry":{"type":"LineString","coordinates":[[-119.60867,35.20963],[-119.60863,35.20971],[-119.60842,35.20988],[-119.60817,35.21009]]}},{"type":"Feature","properties":{"name":"4218","source":"Bureau of Land Management","source_detail":"BLM GTLF OBJECTID 155062","source_id":"{6D0B7243-6AE4-4637-BE3D-2D202A3933AA}","road_class":"transportation_system_-_primitive_road","surface":"natural_improved","vehicle_class":"2wd_low","allowed_mode":"all_moto_veh","access_restriction":"not_listed","seasonal_restriction":"not_listed","route_plan_id":"4218","gis_miles":0.11299777},"geometry":{"type":"LineString","coordinates":[[-119.60705,35.21479],[-119.60717,35.21481],[-119.60737,35.21488],[-119.60754,35.21496],[-119.60763,35.21499],[-119.60768,35.21509],[-119.60768,35.21519],[-119.60772,35.21527],[-119.60783,35.2153],[-119.60791,35.21532],[-119.60807,35.21531],[-119.60835,35.21527],[-119.60853,35.21522],[-119.60869,35.21521]]}},{"type":"Feature","properties":{"name":"5298","source":"Bureau of Land Management","source_detail":"BLM GTLF OBJECTID 155072","source_id":"{84C13302-DE4F-45B7-8A94-2B9F1E5181A1}","road_class":"transportation_system_-_primitive_road","surface":"natural","vehicle_class":"2wd_low","allowed_mode":"all_moto_veh","access_restriction":"not_listed","seasonal_restriction":"not_listed","route_plan_id":"5298","gis_miles":0.59644238},"geometry":{"type":"LineString","coordinates":[[-119.59846,35.24569],[-119.59847,35.2457],[-119.59849,35.24571],[-119.59852,35.24571],[-119.59856,35.24571],[-119.5986,35.24569],[-119.59865,35.24568],[-119.5987,35.24568],[-119.59875,35.24568],[-119.5988,35.24569],[-119.59886,35.24571],[-119.59891,35.24574],[-119.59896,35.24577],[-119.59902,35.24581],[-119.59909,35.24585],[-119.59916,35.24588],[-119.59923,35.24591],[-119.59931,35.24594],[-119.59938,35.24596],[-119.59946,35.24599],[-119.59954,35.246],[-119.59962,35.24602],[-119.59971,35.24603],[-119.59979,35.24605],[-119.59988,35.24606],[-119.59997,35.24607],[-119.60005,35.24609],[-119.60014,35.2461],[-119.60022,35.24613],[-119.6003,35.24615],[-119.60038,35.24618],[-119.60044,35.24622],[-119.60051,35.24626],[-119.60056,35.2463],[-119.60061,35.24635],[-119.60066,35.2464],[-119.60071,35.24644],[-119.60076,35.24649],[-119.60081,35.24654],[-119.60085,35.24658],[-119.60089,35.24662],[-119.60092,35.24665],[-119.60096,35.24669],[-119.60099,35.24672],[-119.60102,35.24675],[-119.60105,35.24678],[-119.60108,35.24681],[-119.60111,35.24685],[-119.60114,35.24688],[-119.60117,35.24691],[-119.6012,35.24694],[-119.60123,35.24697],[-119.60125,35.24699],[-119.60128,35.24702],[-119.6013,35.24704],[-119.60133,35.24707],[-119.60135,35.24709],[-119.60138,35.24712],[-119.6014,35.24714],[-119.60143,35.24717],[-119.60146,35.2472],[-119.60149,35.24723],[-119.60153,35.24726],[-119.60158,35.24729],[-119.60162,35.24731],[-119.60167,35.24732],[-119.60172,35.24734],[-119.60177,35.24735],[-119.60182,35.24737],[-119.60187,35.24738],[-119.60191,35.2474],[-119.60195,35.24743],[-119.60199,35.24746],[-119.60202,35.24749],[-119.60204,35.24753],[-119.60207,35.24757],[-119.60209,35.24761],[-119.60211,35.24766],[-119.60213,35.24771],[-119.60214,35.24776],[-119.60214,35.2478],[-119.60214,35.24781],[-119.60214,35.24786],[-119.60213,35.2479],[-119.60211,35.24795],[-119.60209,35.24799],[-119.60206,35.24804],[-119.60203,35.24808],[-119.60198,35.24812],[-119.60194,35.24816],[-119.60188,35.24819],[-119.60183,35.24823],[-119.60177,35.24826],[-119.60172,35.24829],[-119.60166,35.24833],[-119.6016,35.24836],[-119.60155,35.2484],[-119.60149,35.24843],[-119.60143,35.24847],[-119.60138,35.24851],[-119.60133,35.24855],[-119.60128,35.24859],[-119.60123,35.24865],[-119.60119,35.2487],[-119.60115,35.24875],[-119.60111,35.24881],[-119.60107,35.24886],[-119.60103,35.24891],[-119.60099,35.24896],[-119.60096,35.24901],[-119.60092,35.24906],[-119.60088,35.2491],[-119.60084,35.24914],[-119.60081,35.24919],[-119.60077,35.24923],[-119.60073,35.24927],[-119.60069,35.24931],[-119.60064,35.24935],[-119.6006,35.2494],[-119.60055,35.24945],[-119.6005,35.2495],[-119.60045,35.24955],[-119.60041,35.24961],[-119.60036,35.24966],[-119.60032,35.24972],[-119.60028,35.24977],[-119.60024,35.24983],[-119.6002,35.24989],[-119.60016,35.24995],[-119.60012,35.25],[-119.6001,35.25003],[-119.60008,35.25006],[-119.60004,35.25011],[-119.6,35.25016],[-119.59997,35.25021],[-119.59994,35.25026],[-119.59991,35.25031],[-119.59989,35.25035],[-119.59986,35.2504],[-119.59985,35.25045],[-119.59985,35.25045],[-119.59983,35.25049],[-119.59983,35.25053],[-119.59983,35.25057],[-119.59983,35.25061],[-119.59983,35.25065],[-119.59983,35.25068],[-119.59983,35.25073],[-119.59984,35.25077],[-119.59984,35.25082],[-119.59985,35.25087],[-119.59986,35.25093],[-119.59987,35.25099],[-119.59988,35.25104],[-119.59989,35.2511],[-119.5999,35.25116],[-119.59991,35.25122],[-119.59993,35.25127],[-119.59995,35.25133],[-119.59997,35.25138],[-119.59999,35.25143],[-119.60002,35.25148],[-119.60005,35.25152],[-119.60008,35.25157],[-119.6001,35.2516],[-119.60012,35.25164],[-119.60013,35.25168],[-119.60012,35.25171],[-119.6001,35.25174],[-119.60007,35.25175],[-119.60003,35.25175],[-119.60001,35.25175]]}},{"type":"Feature","properties":{"name":"4258","source":"Bureau of Land Management","source_detail":"BLM GTLF OBJECTID 155084","source_id":"{E86F0611-447C-4803-A5A5-CF4AF0FAA9A0}","road_class":"transportation_system_-_primitive_road","surface":"natural_improved","vehicle_class":"2wd_low","allowed_mode":"all_moto_veh","access_restriction":"not_listed","seasonal_restriction":"not_listed","route_plan_id":"4258","gis_miles":0.15929016},"geometry":{"type":"LineString","coordinates":[[-119.61232,35.21363],[-119.61242,35.21386],[-119.61246,35.21402],[-119.61247,35.21413],[-119.61258,35.21433],[-119.61265,35.2145],[-119.61266,35.21476],[-119.61266,35.21492],[-119.61269,35.21501],[-119.61258,35.21498],[-119.61246,35.21496],[-119.61233,35.21495],[-119.61218,35.21493],[-119.61213,35.21492],[-119.61204,35.215],[-119.61194,35.21508],[-119.61184,35.21516],[-119.61175,35.21517]]}},{"type":"Feature","properties":{"name":"4074","source":"Bureau of Land Management","source_detail":"BLM GTLF OBJECTID 155091","source_id":"{43DE9A54-8532-48C9-9B95-B210B6792127}","road_class":"transportation_system_-_primitive_road","surface":"natural_improved","vehicle_class":"2wd_low","allowed_mode":"all_moto_veh","access_restriction":"not_listed","seasonal_restriction":"not_listed","route_plan_id":"4074","gis_miles":0.09407216},"geometry":{"type":"LineString","coordinates":[[-119.61108,35.21223],[-119.61117,35.21186],[-119.6114,35.21146],[-119.61154,35.21132],[-119.61182,35.21105]]}},{"type":"Feature","properties":{"name":"16049: TEMBLOR RIDGE  USGS PANAROMA HILLS","source":"Bureau of Land Management","source_detail":"BLM GTLF OBJECTID 155094","source_id":"{B213A5E9-A46D-4CF1-8B35-0C8ECF78A0AE}","road_class":"transportation_system_-_primitive_road","surface":"aggregate","vehicle_class":"4wd_high_clearance_specialized","allowed_mode":"unk","access_restriction":"unknown","seasonal_restriction":"not_listed","gis_miles":0.00180448},"geometry":{"type":"LineString","coordinates":[[-119.68492,35.2088],[-119.68491,35.20883]]}},{"type":"Feature","properties":{"name":"5388","source":"Bureau of Land Management","source_detail":"BLM GTLF OBJECTID 155117","source_id":"{5B5BC013-CEAA-43CD-AC03-DE8D1EB27ABC}","road_class":"transportation_system_-_primitive_road","surface":"natural_improved","vehicle_class":"4wd_low","allowed_mode":"all_moto_veh","access_restriction":"unknown","seasonal_restriction":"not_listed","route_plan_id":"5388","gis_miles":0.14235442},"geometry":{"type":"LineString","coordinates":[[-119.56364,35.2019],[-119.56365,35.20189],[-119.56368,35.20188],[-119.56371,35.20186],[-119.56374,35.20185],[-119.56378,35.20183],[-119.56382,35.20182],[-119.56386,35.20181],[-119.5639,35.20179],[-119.56394,35.20177],[-119.56398,35.20175],[-119.56403,35.20174],[-119.56408,35.20172],[-119.56412,35.2017],[-119.56416,35.20168],[-119.56421,35.20165],[-119.56424,35.20162],[-119.56428,35.20159],[-119.56432,35.20156],[-119.56436,35.20153],[-119.5644,35.2015],[-119.56444,35.20147],[-119.56448,35.20144],[-119.56453,35.20141],[-119.56457,35.20138],[-119.56461,35.20135],[-119.56466,35.20132],[-119.56471,35.20129],[-119.56476,35.20126],[-119.56482,35.20123],[-119.56487,35.2012],[-119.56493,35.20117],[-119.56498,35.20114],[-119.56504,35.2011],[-119.5651,35.20107],[-119.56516,35.20103],[-119.56521,35.201],[-119.56527,35.20096],[-119.56533,35.20093],[-119.56538,35.2009],[-119.56543,35.20087],[-119.56547,35.20084],[-119.56551,35.20082],[-119.56555,35.2008],[-119.56558,35.20078],[-119.56562,35.20076],[-119.56567,35.20074],[-119.56569,35.20073]]}},{"type":"Feature","properties":{"name":"5639","source":"Bureau of Land Management","source_detail":"BLM GTLF OBJECTID 155182","source_id":"{357F7040-E978-46F7-8945-B125E8B8D94B}","road_class":"transportation_system_-_primitive_road","surface":"natural_improved","vehicle_class":"2wd_low","allowed_mode":"all_moto_veh","access_restriction":"not_listed","seasonal_restriction":"not_listed","route_plan_id":"5639","gis_miles":0.32849735},"geometry":{"type":"LineString","coordinates":[[-119.55839,35.22111],[-119.55838,35.22111],[-119.55838,35.2211],[-119.55836,35.22108],[-119.55832,35.22106],[-119.55827,35.22103],[-119.55822,35.22099],[-119.55815,35.22095],[-119.55808,35.2209],[-119.55801,35.22085],[-119.55793,35.2208],[-119.55785,35.22074],[-119.55777,35.22068],[-119.55769,35.22062],[-119.55761,35.22057],[-119.55754,35.22051],[-119.55746,35.22045],[-119.55739,35.22039],[-119.55731,35.22034],[-119.55724,35.22028],[-119.55716,35.22022],[-119.55708,35.22016],[-119.55701,35.2201],[-119.55693,35.22004],[-119.55685,35.21998],[-119.55677,35.21993],[-119.55669,35.21988],[-119.55661,35.21982],[-119.55652,35.21977],[-119.55644,35.21972],[-119.55635,35.21967],[-119.55627,35.21962],[-119.55618,35.21957],[-119.5561,35.21952],[-119.55602,35.21946],[-119.55593,35.2194],[-119.55585,35.21935],[-119.55578,35.21929],[-119.5557,35.21922],[-119.55563,35.21916],[-119.55557,35.21909],[-119.55551,35.21902],[-119.55545,35.21896],[-119.55544,35.21895],[-119.55538,35.2189],[-119.5553,35.21884],[-119.55523,35.21878],[-119.55516,35.21871],[-119.5551,35.21864],[-119.55504,35.21857],[-119.55497,35.21851],[-119.55489,35.21844],[-119.55482,35.21838],[-119.55474,35.21832],[-119.55474,35.21832],[-119.55467,35.21826],[-119.55459,35.2182],[-119.55452,35.21814],[-119.55444,35.21809],[-119.55435,35.21803],[-119.55427,35.21798],[-119.55418,35.21793],[-119.55416,35.21792],[-119.55413,35.2179]]}},{"type":"Feature","properties":{"name":"4166","source":"Bureau of Land Management","source_detail":"BLM GTLF OBJECTID 155205","source_id":"{17F9A291-21BE-4B10-A40A-55F110FBD6CB}","road_class":"transportation_system_-_primitive_road","surface":"natural_improved","vehicle_class":"4wd_low","allowed_mode":"all_moto_veh","access_restriction":"unknown","seasonal_restriction":"not_listed","route_plan_id":"4166","gis_miles":0.01779345},"geometry":{"type":"LineString","coordinates":[[-119.57008,35.21685],[-119.56992,35.21683],[-119.56977,35.2168]]}},{"type":"Feature","properties":{"name":"5809","source":"Bureau of Land Management","source_detail":"BLM GTLF OBJECTID 155233","source_id":"{404755FF-3979-444F-BB58-5B0078E3F879}","road_class":"transportation_system_-_primitive_road","surface":"natural_improved","vehicle_class":"2wd_low","allowed_mode":"all_moto_veh","access_restriction":"not_listed","seasonal_restriction":"not_listed","route_plan_id":"5809","gis_miles":0.10954511},"geometry":{"type":"LineString","coordinates":[[-119.54529,35.26273],[-119.54525,35.26273],[-119.54518,35.26274],[-119.54511,35.26275],[-119.54505,35.26276],[-119.54499,35.26277],[-119.54493,35.26279],[-119.54488,35.26281],[-119.54484,35.26284],[-119.54479,35.26288],[-119.54474,35.26292],[-119.54469,35.26296],[-119.54464,35.26299],[-119.54458,35.26303],[-119.54453,35.26306],[-119.54447,35.2631],[-119.54442,35.26314],[-119.54437,35.26317],[-119.54431,35.26321],[-119.54426,35.26325],[-119.54421,35.26329],[-119.54418,35.26332],[-119.54414,35.26336],[-119.54411,35.26339],[-119.54407,35.26343],[-119.54382,35.26369]]}},{"type":"Feature","properties":{"name":"4178","source":"Bureau of Land Management","source_detail":"BLM GTLF OBJECTID 155239","source_id":"{018364E0-D353-44AA-8273-BE1F945C63A7}","road_class":"transportation_system_-_primitive_road","surface":"natural","vehicle_class":"4wd_low","allowed_mode":"all_moto_veh","access_restriction":"unknown","seasonal_restriction":"not_listed","route_plan_id":"4178","gis_miles":0.29638463},"geometry":{"type":"LineString","coordinates":[[-119.57657,35.20929],[-119.57669,35.21047],[-119.57672,35.21076],[-119.57673,35.21094],[-119.57673,35.21115],[-119.57681,35.21133],[-119.57695,35.21156],[-119.57697,35.21173],[-119.57706,35.21193],[-119.57713,35.21205],[-119.57728,35.21223],[-119.57734,35.2123],[-119.57743,35.2124],[-119.57752,35.21255],[-119.57762,35.21269],[-119.57769,35.21292],[-119.57779,35.21313],[-119.57783,35.21325],[-119.5779,35.21336]]}},{"type":"Feature","properties":{"name":"6067","source":"Bureau of Land Management","source_detail":"BLM GTLF OBJECTID 155282","source_id":"{F63FE38D-AB27-48B0-B8D5-8D6A25DA3C22}","road_class":"transportation_system_-_primitive_road","surface":"natural_improved","vehicle_class":"4wd_low","allowed_mode":"all_moto_veh","access_restriction":"unknown","seasonal_restriction":"not_listed","route_plan_id":"6067","gis_miles":0.04665169},"geometry":{"type":"LineString","coordinates":[[-119.5651,35.2211],[-119.56512,35.22112],[-119.56513,35.22115],[-119.56513,35.22118],[-119.56512,35.22121],[-119.56512,35.22123],[-119.56511,35.22127],[-119.5651,35.2213],[-119.56509,35.22134],[-119.56507,35.22138],[-119.56505,35.22142],[-119.56504,35.22146],[-119.56503,35.2215],[-119.56503,35.22154],[-119.56503,35.22157],[-119.56502,35.2216],[-119.56502,35.22163],[-119.56502,35.22165],[-119.56502,35.22166],[-119.56502,35.22167],[-119.56502,35.22167],[-119.56502,35.22168],[-119.56502,35.22169],[-119.56502,35.22169],[-119.56502,35.2217],[-119.56502,35.22172],[-119.56502,35.22174],[-119.56503,35.22176],[-119.56503,35.22177]]}},{"type":"Feature","properties":{"name":"5469","source":"Bureau of Land Management","source_detail":"BLM GTLF OBJECTID 155293","source_id":"{BEEC44DC-F89E-4405-AD68-BB833EA157F7}","road_class":"transportation_system_-_primitive_road","surface":"natural_improved","vehicle_class":"4wd_low","allowed_mode":"all_moto_veh","access_restriction":"unknown","seasonal_restriction":"not_listed","route_plan_id":"T1114X","gis_miles":1.26744135},"geometry":{"type":"LineString","coordinates":[[-119.60696,35.18898],[-119.60698,35.18897],[-119.60704,35.18892],[-119.6071,35.18886],[-119.60715,35.18881],[-119.60719,35.18875],[-119.60723,35.18868],[-119.60727,35.1886],[-119.60732,35.18853],[-119.60738,35.18845],[-119.60744,35.18839],[-119.60752,35.18833],[-119.60759,35.18828],[-119.60767,35.18822],[-119.60774,35.18816],[-119.60781,35.1881],[-119.60789,35.18804],[-119.60797,35.18798],[-119.60804,35.18792],[-119.60811,35.18786],[-119.60817,35.1878],[-119.60824,35.18774],[-119.60829,35.18767],[-119.60835,35.18761],[-119.6084,35.18755],[-119.60843,35.18749],[-119.60845,35.18744],[-119.60845,35.18737],[-119.60844,35.18731],[-119.60842,35.18726],[-119.60841,35.18723],[-119.60841,35.1872],[-119.60843,35.18716],[-119.60848,35.18713],[-119.60854,35.1871],[-119.60861,35.18707],[-119.60869,35.18703],[-119.60876,35.18699],[-119.60883,35.18693],[-119.60889,35.18687],[-119.60895,35.1868],[-119.60901,35.18672],[-119.60906,35.18664],[-119.60912,35.18656],[-119.60918,35.18648],[-119.60923,35.1864],[-119.60928,35.18632],[-119.60934,35.18625],[-119.60941,35.18618],[-119.60947,35.1861],[-119.60953,35.18602],[-119.60958,35.18595],[-119.60964,35.18589],[-119.60969,35.18582],[-119.60974,35.18577],[-119.60978,35.1857],[-119.60983,35.18565],[-119.60988,35.18559],[-119.60992,35.18552],[-119.60996,35.18545],[-119.61,35.18538],[-119.61004,35.18529],[-119.61008,35.1852],[-119.61013,35.1851],[-119.61017,35.18501],[-119.61022,35.18491],[-119.61026,35.18482],[-119.61031,35.18472],[-119.61036,35.18463],[-119.61041,35.18455],[-119.61046,35.18447],[-119.61052,35.18439],[-119.61057,35.1843],[-119.61061,35.18422],[-119.61065,35.18414],[-119.61067,35.18406],[-119.61069,35.18397],[-119.61071,35.18389],[-119.61073,35.18381],[-119.61075,35.18372],[-119.61076,35.18363],[-119.61078,35.18354],[-119.6108,35.18344],[-119.61082,35.18334],[-119.61084,35.18324],[-119.61086,35.18313],[-119.61088,35.18302],[-119.61091,35.18291],[-119.61094,35.18279],[-119.61098,35.18267],[-119.61103,35.18255],[-119.61107,35.18244],[-119.61112,35.18233],[-119.61115,35.18223],[-119.61119,35.18215],[-119.61123,35.18209],[-119.61128,35.18205],[-119.61134,35.18201],[-119.61139,35.18198],[-119.61143,35.18195],[-119.61146,35.18191],[-119.61148,35.18186],[-119.6115,35.18182],[-119.61152,35.18177],[-119.61155,35.18172],[-119.61158,35.18167],[-119.61162,35.18162],[-119.61167,35.18157],[-119.61173,35.18151],[-119.6118,35.18144],[-119.61188,35.18137],[-119.61195,35.1813],[-119.61203,35.18124],[-119.61211,35.18116],[-119.61218,35.18109],[-119.61226,35.18102],[-119.61233,35.18094],[-119.6124,35.18086],[-119.61245,35.18078],[-119.6125,35.1807],[-119.61257,35.18062],[-119.61262,35.18054],[-119.61266,35.18045],[-119.6127,35.18036],[-119.61273,35.18026],[-119.61277,35.18016],[-119.61281,35.18007],[-119.61286,35.17998],[-119.61291,35.17989],[-119.61296,35.17979],[-119.613,35.1797],[-119.61302,35.17963],[-119.61303,35.17956],[-119.61302,35.17948],[-119.61302,35.1794],[-119.61302,35.17932],[-119.61302,35.17924],[-119.61303,35.17916],[-119.61303,35.17908],[-119.61303,35.17899],[-119.61302,35.1789],[-119.613,35.17881],[-119.61298,35.17873],[-119.61296,35.17865],[-119.61294,35.17859],[-119.61293,35.17856],[-119.61292,35.17854],[-119.61291,35.17852],[-119.61293,35.17849],[-119.61297,35.17846],[-119.61301,35.17843],[-119.61304,35.17839],[-119.61308,35.17835],[-119.61312,35.17832],[-119.61316,35.17828],[-119.61319,35.17825],[-119.61323,35.17821],[-119.61327,35.17817],[-119.61332,35.17814],[-119.61337,35.1781],[-119.61343,35.17806],[-119.61349,35.17802],[-119.61356,35.17798],[-119.61362,35.17793],[-119.6137,35.17789],[-119.61376,35.17785],[-119.61384,35.17781],[-119.61391,35.17777],[-119.61398,35.17773],[-119.61405,35.17768],[-119.61412,35.17764],[-119.61419,35.17759],[-119.61426,35.17755],[-119.61433,35.1775],[-119.6144,35.17746],[-119.61447,35.17742],[-119.61454,35.17738],[-119.61462,35.17733],[-119.6147,35.17729],[-119.61479,35.17724],[-119.61487,35.17718],[-119.61495,35.17712],[-119.61502,35.17705],[-119.6151,35.17699],[-119.61518,35.17692],[-119.61526,35.17686],[-119.61534,35.17679],[-119.61541,35.17672],[-119.61548,35.17665],[-119.61554,35.17657],[-119.61559,35.17649],[-119.61565,35.17641],[-119.6157,35.17633],[-119.61574,35.17625],[-119.61578,35.17617],[-119.61582,35.17609],[-119.61584,35.176],[-119.61587,35.17592],[-119.6159,35.17583],[-119.61593,35.17574],[-119.61596,35.17565],[-119.61599,35.17557],[-119.61601,35.17549],[-119.61603,35.17542],[-119.61604,35.17535],[-119.61604,35.17528],[-119.61604,35.17523],[-119.61604,35.17518],[-119.61603,35.17513],[-119.61603,35.1751],[-119.61602,35.17506],[-119.61601,35.17501],[-119.61601,35.17498],[-119.61601,35.17497],[-119.61601,35.17497],[-119.61601,35.17497],[-119.61601,35.17497],[-119.61601,35.17497],[-119.616,35.17495],[-119.61598,35.17492],[-119.61595,35.17488],[-119.61593,35.17483],[-119.6159,35.17477],[-119.61589,35.17473],[-119.61588,35.17468],[-119.61586,35.17462],[-119.61583,35.17457],[-119.6158,35.17452],[-119.61576,35.17447],[-119.61573,35.17442],[-119.6157,35.17437],[-119.61568,35.17432],[-119.61566,35.17427],[-119.61564,35.17423],[-119.61562,35.17419],[-119.61562,35.17414],[-119.61562,35.1741],[-119.61563,35.17405],[-119.61563,35.174],[-119.61564,35.17395],[-119.61564,35.1739],[-119.61565,35.17386],[-119.61565,35.17382],[-119.61565,35.17378],[-119.61565,35.17373],[-119.61564,35.17369],[-119.61563,35.17364],[-119.61562,35.17359],[-119.61561,35.17354],[-119.61559,35.1735],[-119.61557,35.17345],[-119.61555,35.17339],[-119.61554,35.17335],[-119.61554,35.17331],[-119.61554,35.17328]]}},{"type":"Feature","properties":{"name":"4046","source":"Bureau of Land Management","source_detail":"BLM GTLF OBJECTID 155305","source_id":"{40D73380-62C4-441B-9C2F-F228B7716F3F}","road_class":"transportation_system_-_primitive_road","surface":"natural_improved","vehicle_class":"2wd_low","allowed_mode":"all_moto_veh","access_restriction":"not_listed","seasonal_restriction":"not_listed","route_plan_id":"4046","gis_miles":0.15658854},"geometry":{"type":"LineString","coordinates":[[-119.59229,35.20542],[-119.59247,35.20552],[-119.59275,35.20573],[-119.59308,35.206],[-119.59329,35.20615],[-119.59351,35.20625],[-119.59389,35.20631],[-119.59431,35.20637],[-119.59464,35.20649]]}},{"type":"Feature","properties":{"name":"4231","source":"Bureau of Land Management","source_detail":"BLM GTLF OBJECTID 155330","source_id":"{DA4E72F3-4D93-4534-A499-86947FAD91D8}","road_class":"transportation_system_-_primitive_road","surface":"natural_improved","vehicle_class":"2wd_low","allowed_mode":"all_moto_veh","access_restriction":"not_listed","seasonal_restriction":"not_listed","route_plan_id":"4231","gis_miles":0.06722245},"geometry":{"type":"LineString","coordinates":[[-119.61022,35.21477],[-119.61009,35.2148],[-119.60991,35.21494],[-119.6098,35.21501],[-119.60974,35.21514],[-119.60967,35.21528],[-119.6096,35.21535],[-119.60961,35.21547],[-119.60963,35.21552]]}},{"type":"Feature","properties":{"name":"4064","source":"Bureau of Land Management","source_detail":"BLM GTLF OBJECTID 155346","source_id":"{88C791E9-3714-4BB3-800B-0654A0BF122B}","road_class":"transportation_system_-_primitive_road","surface":"natural_improved","vehicle_class":"2wd_low","allowed_mode":"all_moto_veh","access_restriction":"not_listed","seasonal_restriction":"not_listed","route_plan_id":"4064","gis_miles":0.10473445},"geometry":{"type":"LineString","coordinates":[[-119.6069,35.20948],[-119.60702,35.20948],[-119.60719,35.20948],[-119.60738,35.20944],[-119.60775,35.20942],[-119.60799,35.20943],[-119.60835,35.20946],[-119.60854,35.20951],[-119.60867,35.20963]]}},{"type":"Feature","properties":{"name":"4160","source":"Bureau of Land Management","source_detail":"BLM GTLF OBJECTID 155355","source_id":"{CFC6252B-7449-4F84-A294-E0DAFC70B6E6}","road_class":"transportation_system_-_primitive_road","surface":"natural_improved","vehicle_class":"4wd_low","allowed_mode":"all_moto_veh","access_restriction":"unknown","seasonal_restriction":"not_listed","route_plan_id":"4160","gis_miles":0.07912576},"geometry":{"type":"LineString","coordinates":[[-119.5698,35.2203],[-119.56957,35.2203],[-119.56931,35.22028],[-119.56916,35.22023],[-119.56904,35.22016],[-119.56893,35.21999],[-119.56883,35.21984],[-119.56873,35.21974]]}},{"type":"Feature","properties":{"name":"4236","source":"Bureau of Land Management","source_detail":"BLM GTLF OBJECTID 155391","source_id":"{63C6A91F-D323-432F-8A9E-DF67AE7C73C6}","road_class":"transportation_system_-_primitive_road","surface":"natural_improved","vehicle_class":"2wd_low","allowed_mode":"all_moto_veh","access_restriction":"not_listed","seasonal_restriction":"not_listed","route_plan_id":"4236","gis_miles":0.07148442},"geometry":{"type":"LineString","coordinates":[[-119.61448,35.21543],[-119.61448,35.21551],[-119.61447,35.21577],[-119.61445,35.21582],[-119.61412,35.21601],[-119.61388,35.21614],[-119.6138,35.21617]]}},{"type":"Feature","properties":{"name":"5398","source":"Bureau of Land Management","source_detail":"BLM GTLF OBJECTID 155408","source_id":"{4DC0102A-2694-4640-AA6E-C48919CB9808}","road_class":"transportation_system_-_primitive_road","surface":"natural_improved","vehicle_class":"4wd_low","allowed_mode":"all_moto_veh","access_restriction":"unknown","seasonal_restriction":"not_listed","route_plan_id":"5398","gis_miles":0.19091497},"geometry":{"type":"LineString","coordinates":[[-119.56993,35.19606],[-119.56993,35.19606],[-119.5699,35.19607],[-119.56987,35.19607],[-119.56985,35.19606],[-119.56984,35.19605],[-119.56984,35.19598],[-119.56983,35.19595],[-119.56982,35.19592],[-119.56981,35.19589],[-119.5698,35.19586],[-119.56979,35.19582],[-119.56979,35.19579],[-119.56978,35.19575],[-119.56977,35.19571],[-119.56976,35.19567],[-119.56974,35.19562],[-119.56973,35.19558],[-119.56972,35.19554],[-119.56971,35.1955],[-119.5697,35.19546],[-119.5697,35.19543],[-119.5697,35.1954],[-119.56969,35.19537],[-119.56969,35.19534],[-119.56969,35.1953],[-119.56968,35.19527],[-119.56968,35.19524],[-119.56967,35.19521],[-119.56967,35.19518],[-119.56967,35.19518],[-119.56967,35.19515],[-119.56967,35.19512],[-119.56968,35.1951],[-119.56969,35.19507],[-119.56971,35.19505],[-119.56974,35.19503],[-119.56977,35.19501],[-119.56979,35.19499],[-119.56982,35.19498],[-119.56985,35.19496],[-119.56987,35.19493],[-119.56989,35.19491],[-119.56992,35.19489],[-119.56995,35.19487],[-119.56996,35.19487],[-119.56998,35.19486],[-119.57002,35.19485],[-119.57006,35.19485],[-119.5701,35.19484],[-119.57014,35.19484],[-119.57018,35.19484],[-119.57023,35.19484],[-119.57027,35.19484],[-119.57031,35.19484],[-119.57036,35.19484],[-119.57041,35.19485],[-119.57045,35.19485],[-119.5705,35.19485],[-119.57055,35.19485],[-119.57059,35.19485],[-119.57064,35.19485],[-119.57069,35.19485],[-119.57074,35.19485],[-119.57078,35.19485],[-119.57083,35.19486],[-119.57088,35.19486],[-119.57093,35.19486],[-119.57098,35.19486],[-119.57103,35.19486],[-119.57108,35.19486],[-119.57113,35.19486],[-119.57118,35.19486],[-119.57124,35.19486],[-119.57129,35.19486],[-119.57133,35.19486],[-119.57138,35.19486],[-119.57143,35.19487],[-119.57148,35.19487],[-119.57152,35.19487],[-119.57157,35.19488],[-119.57161,35.19489],[-119.57164,35.1949]]}},{"type":"Feature","properties":{"name":"5299","source":"Bureau of Land Management","source_detail":"BLM GTLF OBJECTID 155412","source_id":"{2F8EC5AA-E3C5-4A5D-A103-35855BAB0733}","road_class":"transportation_system_-_primitive_road","surface":"natural","vehicle_class":"2wd_low","allowed_mode":"all_moto_veh","access_restriction":"not_listed","seasonal_restriction":"not_listed","route_plan_id":"5299","gis_miles":0.13984994},"geometry":{"type":"LineString","coordinates":[[-119.59833,35.24921],[-119.59833,35.2492],[-119.59835,35.24917],[-119.59839,35.24915],[-119.59844,35.24914],[-119.59849,35.24914],[-119.59855,35.24913],[-119.59861,35.24912],[-119.59867,35.24911],[-119.59873,35.24911],[-119.59877,35.24911],[-119.59882,35.24912],[-119.59886,35.24913],[-119.59891,35.24916],[-119.59896,35.24918],[-119.59902,35.24921],[-119.59908,35.24922],[-119.59914,35.24922],[-119.59921,35.24922],[-119.59927,35.24922],[-119.59933,35.24922],[-119.59938,35.24922],[-119.59943,35.24923],[-119.59948,35.24924],[-119.59951,35.24925],[-119.59954,35.24928],[-119.59955,35.24931],[-119.59955,35.24935],[-119.59954,35.24939],[-119.59954,35.24942],[-119.59953,35.24946],[-119.59953,35.24947],[-119.59954,35.24949],[-119.59956,35.24952],[-119.5996,35.24955],[-119.59964,35.24957],[-119.59968,35.24959],[-119.59972,35.24961],[-119.59976,35.24963],[-119.5998,35.24965],[-119.59982,35.24966],[-119.59985,35.24968],[-119.5999,35.2497],[-119.59994,35.24972],[-119.59998,35.24976],[-119.60001,35.24979],[-119.60003,35.24983],[-119.60005,35.24987],[-119.60007,35.24991],[-119.60008,35.24994],[-119.60009,35.24998],[-119.6001,35.25002],[-119.6001,35.25003]]}},{"type":"Feature","properties":{"name":"5685","source":"Bureau of Land Management","source_detail":"BLM GTLF OBJECTID 155423","source_id":"{CD57FA76-F565-42F8-ACAA-0E8BF9F96364}","road_class":"transportation_system_-_primitive_road","surface":"natural_improved","vehicle_class":"2wd_low","allowed_mode":"all_moto_veh","access_restriction":"not_listed","seasonal_restriction":"not_listed","route_plan_id":"5685","gis_miles":0.01678571},"geometry":{"type":"LineString","coordinates":[[-119.55964,35.23827],[-119.55961,35.2383],[-119.55956,35.23832],[-119.5595,35.23832],[-119.55945,35.23831],[-119.5594,35.23828],[-119.55938,35.23827]]}},{"type":"Feature","properties":{"name":"4083","source":"Bureau of Land Management","source_detail":"BLM GTLF OBJECTID 155438","source_id":"{EAC57EFA-5AF4-4F2C-A1D0-2AC2FD7BB2B9}","road_class":"transportation_system_-_primitive_road","surface":"natural_improved","vehicle_class":"2wd_low","allowed_mode":"all_moto_veh","access_restriction":"not_listed","seasonal_restriction":"not_listed","route_plan_id":"4083","gis_miles":0.03883683},"geometry":{"type":"LineString","coordinates":[[-119.60742,35.21229],[-119.60734,35.2124],[-119.60726,35.21252],[-119.60715,35.21264],[-119.60707,35.21269],[-119.60699,35.2127]]}},{"type":"Feature","properties":{"name":"5451","source":"Bureau of Land Management","source_detail":"BLM GTLF OBJECTID 155456","source_id":"{9E1F0E97-95B2-4437-AAE6-7E517F2415C1}","road_class":"transportation_system_-_primitive_road","surface":"natural_improved","vehicle_class":"4wd_low","allowed_mode":"all_moto_veh","access_restriction":"unknown","seasonal_restriction":"not_listed","route_plan_id":"5451","gis_miles":0.05913991},"geometry":{"type":"LineString","coordinates":[[-119.59456,35.202],[-119.59454,35.20202],[-119.59451,35.20204],[-119.5945,35.20206],[-119.59449,35.20206],[-119.59447,35.20208],[-119.59446,35.2021],[-119.59445,35.20211],[-119.59441,35.20214],[-119.59439,35.20215],[-119.59439,35.20215],[-119.59437,35.20217],[-119.59434,35.20219],[-119.59432,35.20221],[-119.59429,35.20223],[-119.59426,35.20226],[-119.59422,35.20228],[-119.59418,35.20231],[-119.59415,35.20233],[-119.59412,35.20235],[-119.59408,35.20237],[-119.59405,35.20238],[-119.59402,35.20239],[-119.59401,35.2024],[-119.59399,35.20241],[-119.59396,35.20243],[-119.59394,35.20245],[-119.59392,35.20246],[-119.5939,35.20247],[-119.59388,35.20247],[-119.59387,35.20247],[-119.59385,35.20247],[-119.59382,35.20246],[-119.59377,35.20246],[-119.59373,35.20246]]}},{"type":"Feature","properties":{"name":"5291","source":"Bureau of Land Management","source_detail":"BLM GTLF OBJECTID 155466","source_id":"{AAFCA801-139C-4079-8D71-02B60F499FCA}","road_class":"transportation_system_-_primitive_road","surface":"natural_improved","vehicle_class":"4wd_low","allowed_mode":"all_moto_veh","access_restriction":"unknown","seasonal_restriction":"not_listed","route_plan_id":"5291","gis_miles":0.31828898},"geometry":{"type":"LineString","coordinates":[[-119.59833,35.24194],[-119.59838,35.24195],[-119.59843,35.24195],[-119.59847,35.24196],[-119.59851,35.24197],[-119.59855,35.242],[-119.59858,35.24203],[-119.59862,35.24206],[-119.59865,35.24209],[-119.59868,35.24212],[-119.59871,35.24215],[-119.59874,35.24218],[-119.59878,35.24219],[-119.59883,35.24219],[-119.59887,35.24219],[-119.59892,35.24219],[-119.59897,35.24219],[-119.59902,35.24219],[-119.59908,35.24219],[-119.59914,35.24219],[-119.5992,35.24219],[-119.59926,35.24219],[-119.59932,35.24218],[-119.59939,35.24219],[-119.59945,35.24218],[-119.59951,35.24218],[-119.59958,35.24218],[-119.59964,35.24218],[-119.59971,35.24218],[-119.59977,35.24218],[-119.59984,35.24218],[-119.5999,35.24218],[-119.59996,35.24219],[-119.60001,35.24219],[-119.60006,35.2422],[-119.60011,35.24221],[-119.60017,35.24222],[-119.60022,35.24222],[-119.60027,35.24223],[-119.60032,35.24223],[-119.60038,35.24223],[-119.60043,35.24224],[-119.60049,35.24224],[-119.60055,35.24225],[-119.60061,35.24226],[-119.60068,35.24226],[-119.60075,35.24227],[-119.60082,35.24227],[-119.60089,35.24227],[-119.60097,35.24226],[-119.60106,35.24226],[-119.60114,35.24226],[-119.60123,35.24227],[-119.6013,35.24228],[-119.60137,35.24229],[-119.60145,35.2423],[-119.60152,35.24232],[-119.60159,35.24234],[-119.60167,35.24237],[-119.60175,35.24239],[-119.60182,35.24242],[-119.6019,35.24245],[-119.60197,35.24247],[-119.60204,35.24249],[-119.60211,35.24251],[-119.60217,35.24252],[-119.60224,35.24253],[-119.6023,35.24254],[-119.60237,35.24255],[-119.60244,35.24256],[-119.60251,35.24257],[-119.60259,35.24258],[-119.60267,35.24258],[-119.60274,35.24258],[-119.60282,35.24259],[-119.60289,35.24259],[-119.60295,35.2426],[-119.603,35.2426],[-119.60305,35.24261],[-119.60309,35.24261],[-119.60312,35.24261],[-119.60312,35.24261],[-119.60316,35.24262],[-119.6032,35.24262],[-119.60324,35.24262],[-119.60329,35.24262],[-119.60333,35.24262],[-119.60338,35.24263],[-119.60342,35.24263],[-119.60347,35.24263],[-119.60352,35.24264],[-119.60356,35.24264],[-119.6036,35.24265],[-119.60364,35.24265],[-119.60368,35.24265],[-119.60371,35.24266],[-119.60375,35.24266],[-119.60377,35.24266],[-119.60378,35.24266],[-119.60378,35.24266]]}},{"type":"Feature","properties":{"name":"6073","source":"Bureau of Land Management","source_detail":"BLM GTLF OBJECTID 155473","source_id":"{2139F6E1-257B-40B3-A39F-7E7061402D17}","road_class":"transportation_system_-_primitive_road","surface":"natural_improved","vehicle_class":"4wd_low","allowed_mode":"all_moto_veh","access_restriction":"unknown","seasonal_restriction":"not_listed","route_plan_id":"6073","gis_miles":0.05528244},"geometry":{"type":"LineString","coordinates":[[-119.55863,35.22374],[-119.55862,35.22372],[-119.55863,35.2237],[-119.55864,35.22367],[-119.55866,35.22365],[-119.55868,35.22363],[-119.5587,35.2236],[-119.55872,35.22357],[-119.55873,35.22352],[-119.55875,35.22348],[-119.55876,35.22343],[-119.55877,35.22338],[-119.55878,35.22333],[-119.5588,35.22328],[-119.55881,35.22323],[-119.55882,35.22318],[-119.55883,35.22313],[-119.55884,35.22309],[-119.55885,35.22305],[-119.55885,35.22302],[-119.55886,35.223],[-119.55886,35.22299],[-119.55887,35.22297]]}},{"type":"Feature","properties":{"name":"5910","source":"Bureau of Land Management","source_detail":"BLM GTLF OBJECTID 155506","source_id":"{23E7C80A-8DB4-4FC0-B2D1-E53ABA449AAD}","road_class":"transportation_system_-_primitive_road","surface":"natural_improved","vehicle_class":"4wd_low","allowed_mode":"all_moto_veh","access_restriction":"unknown","seasonal_restriction":"not_listed","route_plan_id":"5910","gis_miles":0.01616658},"geometry":{"type":"LineString","coordinates":[[-119.5558,35.20922],[-119.55585,35.20922],[-119.55591,35.20923],[-119.55598,35.20923],[-119.55605,35.20922],[-119.55606,35.20922],[-119.55609,35.20922]]}},{"type":"Feature","properties":{"name":"5782","source":"Bureau of Land Management","source_detail":"BLM GTLF OBJECTID 155508","source_id":"{B6FACC9E-26B1-4C95-BB4B-2335C60B99AB}","road_class":"transportation_system_-_primitive_road","surface":"natural_improved","vehicle_class":"4wd_low","allowed_mode":"all_moto_veh","access_restriction":"unknown","seasonal_restriction":"not_listed","route_plan_id":"5782","gis_miles":0.22634682},"geometry":{"type":"LineString","coordinates":[[-119.5485,35.25275],[-119.54849,35.25278],[-119.54845,35.25285],[-119.54842,35.25293],[-119.54841,35.253],[-119.54839,35.25308],[-119.54838,35.25314],[-119.54836,35.25321],[-119.54834,35.25327],[-119.5483,35.25333],[-119.54826,35.25339],[-119.54821,35.25345],[-119.54817,35.25351],[-119.54811,35.25356],[-119.54805,35.25362],[-119.54799,35.25367],[-119.54794,35.25372],[-119.54792,35.25378],[-119.54792,35.25383],[-119.54794,35.2539],[-119.54797,35.25396],[-119.54801,35.25402],[-119.54804,35.25409],[-119.54808,35.25415],[-119.54811,35.25423],[-119.54814,35.2543],[-119.54817,35.25436],[-119.5482,35.25443],[-119.54824,35.2545],[-119.54828,35.25457],[-119.54832,35.25464],[-119.54834,35.25472],[-119.54836,35.25479],[-119.54837,35.25487],[-119.54837,35.25494],[-119.54839,35.25501],[-119.5484,35.25509],[-119.5484,35.25516],[-119.5484,35.25523],[-119.5484,35.2553],[-119.54839,35.25538],[-119.54837,35.25545],[-119.54835,35.25551],[-119.54832,35.25557],[-119.54829,35.25561],[-119.54827,35.25566],[-119.54824,35.25569],[-119.54821,35.25572],[-119.54814,35.25577],[-119.54814,35.25577]]}},{"type":"Feature","properties":{"name":"5249","source":"Bureau of Land Management","source_detail":"BLM GTLF OBJECTID 155513","source_id":"{B239DA97-F9B7-4798-974E-7B5CAD737DB6}","road_class":"transportation_system_-_primitive_road","surface":"natural","vehicle_class":"4wd_high_clearance_specialized","allowed_mode":"unk","access_restriction":"unknown","seasonal_restriction":"not_listed","route_plan_id":"T3","gis_miles":0.15421563},"geometry":{"type":"LineString","coordinates":[[-119.60904,35.19099],[-119.60904,35.19099],[-119.609,35.19101],[-119.60897,35.19104],[-119.60893,35.19107],[-119.60888,35.1911],[-119.60884,35.19113],[-119.6088,35.19117],[-119.60876,35.19121],[-119.60872,35.19125],[-119.60868,35.1913],[-119.60865,35.19134],[-119.6086,35.19139],[-119.60855,35.19142],[-119.6085,35.19146],[-119.60844,35.19149],[-119.60839,35.19152],[-119.60835,35.19155],[-119.60831,35.19157],[-119.60828,35.19159],[-119.60825,35.19161],[-119.60822,35.19163],[-119.6082,35.19165],[-119.60818,35.19166],[-119.60817,35.19167],[-119.60815,35.19168],[-119.60815,35.19168],[-119.60815,35.19168],[-119.60814,35.19169],[-119.60813,35.1917],[-119.60812,35.19171],[-119.60811,35.19173],[-119.6081,35.19175],[-119.60809,35.19177],[-119.60808,35.19179],[-119.60807,35.19182],[-119.60806,35.19184],[-119.60805,35.19187],[-119.60803,35.1919],[-119.60802,35.19193],[-119.60801,35.19196],[-119.60799,35.192],[-119.60797,35.19203],[-119.60794,35.19206],[-119.6079,35.19209],[-119.60787,35.19213],[-119.60783,35.19215],[-119.60779,35.19218],[-119.60775,35.1922],[-119.60771,35.19223],[-119.60767,35.19225],[-119.60763,35.19228],[-119.60759,35.1923],[-119.60754,35.19232],[-119.6075,35.19234],[-119.60745,35.19236],[-119.6074,35.19237],[-119.60734,35.19238],[-119.60728,35.19239],[-119.60722,35.1924],[-119.60716,35.19241],[-119.6071,35.19242],[-119.60709,35.19242]]}},{"type":"Feature","properties":{"name":"5387","source":"Bureau of Land Management","source_detail":"BLM GTLF OBJECTID 155515","source_id":"{794A33C4-FF5E-442B-A475-7C024704F05C}","road_class":"transportation_system_-_primitive_road","surface":"natural_improved","vehicle_class":"4wd_low","allowed_mode":"all_moto_veh","access_restriction":"unknown","seasonal_restriction":"not_listed","route_plan_id":"5387","gis_miles":0.03849857},"geometry":{"type":"LineString","coordinates":[[-119.56313,35.20173],[-119.56315,35.20173],[-119.56318,35.20174],[-119.56322,35.20175],[-119.56326,35.20176],[-119.56331,35.20177],[-119.56335,35.20178],[-119.5634,35.20179],[-119.56344,35.2018],[-119.56348,35.2018],[-119.56352,35.20181],[-119.56355,35.20182],[-119.56358,35.20183],[-119.5636,35.20185],[-119.56362,35.20186],[-119.56363,35.20188],[-119.56363,35.20189],[-119.56364,35.2019],[-119.56364,35.20191],[-119.56364,35.20191],[-119.56364,35.20192],[-119.56364,35.20194],[-119.56364,35.20196],[-119.56364,35.20199],[-119.56364,35.20199]]}},{"type":"Feature","properties":{"name":"4216","source":"Bureau of Land Management","source_detail":"BLM GTLF OBJECTID 155533","source_id":"{EBC78434-6F03-4CEE-9DBC-93FCDDC278BF}","road_class":"transportation_system_-_primitive_road","surface":"natural_improved","vehicle_class":"2wd_low","allowed_mode":"all_moto_veh","access_restriction":"not_listed","seasonal_restriction":"not_listed","route_plan_id":"4216","gis_miles":0.09748869},"geometry":{"type":"LineString","coordinates":[[-119.6073,35.21645],[-119.60734,35.2164],[-119.60742,35.21631],[-119.60748,35.21626],[-119.60759,35.21621],[-119.60769,35.21617],[-119.6078,35.21614],[-119.60799,35.21605],[-119.60813,35.21598],[-119.60821,35.21592],[-119.60831,35.21585],[-119.60843,35.21583],[-119.60855,35.21585],[-119.60869,35.21585],[-119.60871,35.21585],[-119.60877,35.21586]]}},{"type":"Feature","properties":{"name":"6025","source":"Bureau of Land Management","source_detail":"BLM GTLF OBJECTID 155542","source_id":"{2AE5CE1A-CC68-4DC6-9BD7-0AA594FD2DB7}","road_class":"transportation_system_-_primitive_road","surface":"natural_improved","vehicle_class":"4wd_low","allowed_mode":"all_moto_veh","access_restriction":"unknown","seasonal_restriction":"not_listed","route_plan_id":"6025","gis_miles":0.0883042},"geometry":{"type":"LineString","coordinates":[[-119.53229,35.21359],[-119.5323,35.2136],[-119.53231,35.21362],[-119.53232,35.21364],[-119.53233,35.21366],[-119.53234,35.21367],[-119.53235,35.2137],[-119.53237,35.21373],[-119.53238,35.21376],[-119.53239,35.21379],[-119.5324,35.21383],[-119.5324,35.21386],[-119.5324,35.2139],[-119.53239,35.21395],[-119.53237,35.21399],[-119.53234,35.21402],[-119.53231,35.21405],[-119.53226,35.21408],[-119.53222,35.2141],[-119.53216,35.21412],[-119.53211,35.21413],[-119.53205,35.21414],[-119.53199,35.21415],[-119.53193,35.21415],[-119.53187,35.21415],[-119.53181,35.21415],[-119.53176,35.21416],[-119.53171,35.21416],[-119.53167,35.21417],[-119.53163,35.21417],[-119.53159,35.21418],[-119.53156,35.21418],[-119.53154,35.21419],[-119.53151,35.2142],[-119.53149,35.21421],[-119.53148,35.21422],[-119.53146,35.21423],[-119.53144,35.21424],[-119.53142,35.21426]]}},{"type":"Feature","properties":{"name":"4052","source":"Bureau of Land Management","source_detail":"BLM GTLF OBJECTID 155571","source_id":"{9B799D08-FB26-48CD-8BDE-549B7812C716}","road_class":"transportation_system_-_primitive_road","surface":"natural_improved","vehicle_class":"2wd_low","allowed_mode":"all_moto_veh","access_restriction":"not_listed","seasonal_restriction":"not_listed","route_plan_id":"4052","gis_miles":0.12294384},"geometry":{"type":"LineString","coordinates":[[-119.59354,35.20434],[-119.59346,35.20431],[-119.59333,35.20424],[-119.59316,35.20412],[-119.59299,35.20399],[-119.59281,35.20389],[-119.59265,35.20376],[-119.59257,35.20357],[-119.59254,35.20337],[-119.59246,35.20321],[-119.59236,35.20308],[-119.59227,35.20299]]}},{"type":"Feature","properties":{"name":"6057","source":"Bureau of Land Management","source_detail":"BLM GTLF OBJECTID 155579","source_id":"{A797385F-1298-4371-A02B-60DDF9F82F58}","road_class":"transportation_system_-_primitive_road","surface":"natural_improved","vehicle_class":"4wd_low","allowed_mode":"all_moto_veh","access_restriction":"unknown","seasonal_restriction":"not_listed","route_plan_id":"6057","gis_miles":0.20610568},"geometry":{"type":"LineString","coordinates":[[-119.55604,35.22111],[-119.55608,35.22114],[-119.55612,35.22116],[-119.55616,35.22118],[-119.5562,35.22121],[-119.55624,35.22124],[-119.55628,35.22127],[-119.55633,35.2213],[-119.55637,35.22133],[-119.55642,35.22136],[-119.55647,35.2214],[-119.55652,35.22143],[-119.55657,35.22146],[-119.55662,35.2215],[-119.55668,35.22153],[-119.55673,35.22156],[-119.55677,35.22159],[-119.55683,35.22163],[-119.55685,35.22165],[-119.55689,35.22168],[-119.55693,35.22171],[-119.55697,35.22173],[-119.55701,35.22176],[-119.55705,35.22179],[-119.5571,35.22181],[-119.55714,35.22184],[-119.55719,35.22186],[-119.55723,35.22188],[-119.55727,35.2219],[-119.55731,35.22192],[-119.55735,35.22194],[-119.55739,35.22197],[-119.55743,35.22199],[-119.55747,35.22202],[-119.5575,35.22205],[-119.55754,35.22208],[-119.55758,35.22211],[-119.55762,35.22214],[-119.55766,35.22216],[-119.5577,35.22219],[-119.55774,35.22222],[-119.55778,35.22224],[-119.55782,35.22227],[-119.55786,35.22229],[-119.5579,35.22232],[-119.55793,35.22235],[-119.55797,35.22237],[-119.55801,35.2224],[-119.55805,35.22243],[-119.5581,35.22246],[-119.55814,35.22249],[-119.55818,35.22252],[-119.55822,35.22255],[-119.55826,35.22258],[-119.55831,35.22261],[-119.55835,35.22264],[-119.55839,35.22267],[-119.55844,35.2227],[-119.55848,35.22273],[-119.55852,35.22276],[-119.55856,35.22278],[-119.55859,35.22281],[-119.55862,35.22282],[-119.55865,35.22284],[-119.55868,35.22286],[-119.55871,35.22288],[-119.55874,35.2229],[-119.55877,35.22291],[-119.5588,35.22293],[-119.55884,35.22295],[-119.55887,35.22297],[-119.55888,35.22298]]}},{"type":"Feature","properties":{"name":"5917","source":"Bureau of Land Management","source_detail":"BLM GTLF OBJECTID 155587","source_id":"{AD1ACEF8-4B5F-444A-8574-2B0E83594845}","road_class":"transportation_system_-_primitive_road","surface":"natural_improved","vehicle_class":"4wd_low","allowed_mode":"all_moto_veh","access_restriction":"unknown","seasonal_restriction":"not_listed","route_plan_id":"5917","gis_miles":0.07356065},"geometry":{"type":"LineString","coordinates":[[-119.55524,35.21422],[-119.55524,35.21423],[-119.55522,35.21425],[-119.55519,35.21426],[-119.55516,35.21429],[-119.55512,35.21431],[-119.55508,35.21433],[-119.55504,35.21436],[-119.555,35.21438],[-119.55495,35.2144],[-119.5549,35.21443],[-119.55484,35.21446],[-119.55479,35.21448],[-119.55473,35.21451],[-119.55467,35.21453],[-119.55461,35.21456],[-119.55454,35.21458],[-119.55447,35.21461],[-119.5544,35.21463],[-119.55433,35.21465],[-119.55427,35.21467],[-119.55421,35.21468],[-119.55417,35.21469],[-119.55415,35.2147],[-119.55413,35.2147],[-119.55413,35.2147],[-119.55413,35.2147],[-119.55413,35.2147],[-119.55413,35.21471],[-119.55413,35.21471],[-119.55413,35.21471],[-119.55412,35.21471],[-119.5541,35.21471],[-119.5541,35.21471]]}},{"type":"Feature","properties":{"name":"5466","source":"Bureau of Land Management","source_detail":"BLM GTLF OBJECTID 155594","source_id":"{BEF708BA-4536-426F-A635-0E3D256ED9A1}","road_class":"transportation_system_-_primitive_road","surface":"natural_improved","vehicle_class":"4wd_low","allowed_mode":"unk","access_restriction":"unknown","seasonal_restriction":"not_listed","route_plan_id":"T4200","gis_miles":2.17197879},"geometry":{"type":"LineString","coordinates":[[-119.63395,35.1985],[-119.63395,35.1985],[-119.63397,35.19847],[-119.63399,35.19845],[-119.63401,35.19842],[-119.63403,35.19838],[-119.63406,35.19834],[-119.63409,35.19829],[-119.63412,35.19824],[-119.63415,35.19819],[-119.63417,35.19814],[-119.63421,35.1981],[-119.63424,35.19805],[-119.63427,35.19801],[-119.63431,35.19797],[-119.63434,35.19794],[-119.63438,35.19792],[-119.63441,35.1979],[-119.63445,35.19789],[-119.63448,35.19788],[-119.63453,35.19787],[-119.63458,35.19786],[-119.63463,35.19786],[-119.63469,35.19786],[-119.63475,35.19786],[-119.63481,35.19786],[-119.63487,35.19786],[-119.63492,35.19787],[-119.63499,35.19788],[-119.63507,35.19789],[-119.63515,35.1979],[-119.63522,35.19791],[-119.6353,35.19791],[-119.63537,35.19792],[-119.63543,35.19792],[-119.6355,35.19792],[-119.63556,35.19791],[-119.63562,35.19791],[-119.63568,35.1979],[-119.63575,35.1979],[-119.63582,35.1979],[-119.63589,35.1979],[-119.63597,35.1979],[-119.63605,35.1979],[-119.63612,35.19791],[-119.6362,35.19791],[-119.63628,35.19792],[-119.63636,35.19792],[-119.63643,35.19793],[-119.63651,35.19793],[-119.63659,35.19794],[-119.63667,35.19794],[-119.63675,35.19793],[-119.63683,35.19793],[-119.63691,35.19791],[-119.63699,35.19788],[-119.63706,35.19785],[-119.63714,35.19782],[-119.63721,35.19779],[-119.63728,35.19775],[-119.63735,35.19771],[-119.63742,35.19768],[-119.6375,35.19766],[-119.63757,35.19764],[-119.63765,35.19763],[-119.63773,35.19763],[-119.6378,35.19764],[-119.63787,35.19765],[-119.63795,35.19768],[-119.63802,35.19771],[-119.63809,35.19774],[-119.63817,35.19778],[-119.63825,35.1978],[-119.63833,35.19783],[-119.63842,35.19784],[-119.6385,35.19786],[-119.63859,35.19787],[-119.63867,35.19788],[-119.63875,35.19789],[-119.63884,35.1979],[-119.63892,35.19792],[-119.639,35.19793],[-119.63908,35.19794],[-119.63916,35.19795],[-119.63923,35.19796],[-119.6393,35.19797],[-119.63936,35.19798],[-119.6394,35.198],[-119.63944,35.19802],[-119.63946,35.19804],[-119.63947,35.19806],[-119.63948,35.19808],[-119.63947,35.19811],[-119.63947,35.19813],[-119.63944,35.19815],[-119.63941,35.19818],[-119.63938,35.1982],[-119.63933,35.19823],[-119.63928,35.19827],[-119.63924,35.1983],[-119.63919,35.19834],[-119.63915,35.19838],[-119.63911,35.19842],[-119.63907,35.19846],[-119.63903,35.1985],[-119.63899,35.19854],[-119.63897,35.19858],[-119.63894,35.19862],[-119.63892,35.19867],[-119.6389,35.19871],[-119.63887,35.19876],[-119.63885,35.1988],[-119.63883,35.19885],[-119.63882,35.19889],[-119.63882,35.19894],[-119.63884,35.199],[-119.63886,35.19904],[-119.63889,35.19909],[-119.63892,35.19912],[-119.63896,35.19916],[-119.63901,35.19919],[-119.63905,35.19921],[-119.63906,35.19922],[-119.63911,35.19925],[-119.63917,35.19928],[-119.63923,35.19931],[-119.6393,35.19934],[-119.63936,35.19938],[-119.63942,35.19941],[-119.63948,35.19944],[-119.63953,35.19947],[-119.63958,35.19951],[-119.63963,35.19953],[-119.63968,35.19956],[-119.63973,35.19958],[-119.63979,35.19959],[-119.63985,35.1996],[-119.63991,35.1996],[-119.63996,35.19961],[-119.64,35.19961],[-119.64002,35.19961],[-119.64005,35.19961],[-119.64008,35.19961],[-119.64011,35.19962],[-119.64014,35.19962],[-119.64017,35.19963],[-119.64019,35.19963],[-119.64021,35.19964],[-119.64023,35.19964],[-119.64025,35.19964],[-119.64028,35.19965],[-119.6403,35.19965],[-119.64031,35.19966],[-119.64033,35.19966],[-119.64035,35.19967],[-119.64038,35.19967],[-119.6404,35.19968],[-119.64042,35.19968],[-119.64044,35.19969],[-119.64046,35.19969],[-119.64048,35.1997],[-119.6405,35.1997],[-119.64052,35.19971],[-119.64055,35.19971],[-119.64057,35.19972],[-119.64058,35.19972],[-119.6406,35.19973],[-119.64061,35.19973],[-119.64062,35.19973],[-119.64096,35.19981],[-119.64098,35.19982],[-119.64098,35.19982],[-119.64101,35.19982],[-119.64106,35.19983],[-119.64111,35.19984],[-119.64118,35.19984],[-119.64124,35.19985],[-119.6413,35.19986],[-119.64137,35.19987],[-119.64143,35.19988],[-119.6415,35.19989],[-119.64156,35.1999],[-119.64162,35.19992],[-119.64168,35.19993],[-119.64174,35.19994],[-119.6418,35.19995],[-119.64186,35.19996],[-119.64193,35.19997],[-119.642,35.19997],[-119.64206,35.19997],[-119.64213,35.19997],[-119.6422,35.19996],[-119.64227,35.19996],[-119.64233,35.19995],[-119.64234,35.19995],[-119.6424,35.19994],[-119.64247,35.19994],[-119.64253,35.19993],[-119.64259,35.19992],[-119.64266,35.19991],[-119.64272,35.1999],[-119.64278,35.19989],[-119.64284,35.19988],[-119.64291,35.19986],[-119.64297,35.19985],[-119.64303,35.19984],[-119.64309,35.19984],[-119.64315,35.19985],[-119.64321,35.19986],[-119.64327,35.19987],[-119.64333,35.19988],[-119.64339,35.19989],[-119.64345,35.1999],[-119.6435,35.1999],[-119.64356,35.1999],[-119.64362,35.19988],[-119.64367,35.19987],[-119.64373,35.19985],[-119.64378,35.19983],[-119.64383,35.1998],[-119.64389,35.19978],[-119.64394,35.19975],[-119.64398,35.19972],[-119.64403,35.19968],[-119.64408,35.19965],[-119.64413,35.19961],[-119.64418,35.19958],[-119.64423,35.19955],[-119.64428,35.19952],[-119.64434,35.19949],[-119.6444,35.19946],[-119.64445,35.19942],[-119.6445,35.19938],[-119.64456,35.19934],[-119.64461,35.1993],[-119.64466,35.19926],[-119.64471,35.19922],[-119.64475,35.19918],[-119.64479,35.19914],[-119.64482,35.19911],[-119.64485,35.19909],[-119.64487,35.19907],[-119.64489,35.19905],[-119.64491,35.19904],[-119.64493,35.19902],[-119.64494,35.19902],[-119.64496,35.19901],[-119.64498,35.19901],[-119.645,35.19902],[-119.64502,35.19903],[-119.64502,35.19903],[-119.64505,35.19905],[-119.64507,35.19908],[-119.64509,35.19912],[-119.64511,35.19916],[-119.64513,35.19921],[-119.64514,35.19925],[-119.64515,35.1993],[-119.64517,35.19935],[-119.64518,35.1994],[-119.64519,35.19945],[-119.6452,35.1995],[-119.64522,35.19955],[-119.64524,35.19959],[-119.64526,35.19964],[-119.64529,35.19967],[-119.64533,35.19971],[-119.64537,35.19975],[-119.64541,35.19979],[-119.64545,35.19982],[-119.6455,35.19986],[-119.64554,35.19989],[-119.64557,35.19992],[-119.6456,35.19996],[-119.64563,35.19999],[-119.64566,35.20002],[-119.64569,35.20004],[-119.64572,35.20007],[-119.64575,35.2001],[-119.64578,35.20012],[-119.64581,35.20014],[-119.64584,35.20015],[-119.64586,35.20016],[-119.64587,35.20017],[-119.64589,35.20017],[-119.6459,35.20017],[-119.64591,35.20016],[-119.64593,35.20016],[-119.64595,35.20016],[-119.64596,35.20016],[-119.64596,35.20017],[-119.64598,35.20015],[-119.64604,35.20014],[-119.6461,35.20014],[-119.64618,35.20013],[-119.64627,35.20011],[-119.64644,35.20016],[-119.64665,35.20028],[-119.64683,35.20048],[-119.64709,35.20077],[-119.64731,35.20096],[-119.64746,35.20107],[-119.64761,35.20118],[-119.64763,35.20119],[-119.64768,35.20122],[-119.64773,35.20125],[-119.64778,35.20128],[-119.64783,35.20132],[-119.64787,35.20134],[-119.64792,35.20137],[-119.64797,35.2014],[-119.64802,35.20142],[-119.64806,35.20145],[-119.64811,35.20147],[-119.64816,35.20148],[-119.64821,35.20149],[-119.64826,35.20149],[-119.64831,35.20149],[-119.64836,35.20148],[-119.64842,35.20147],[-119.64846,35.20146],[-119.64851,35.20145],[-119.64855,35.20144],[-119.64859,35.20142],[-119.64863,35.20141],[-119.64868,35.2014],[-119.64873,35.20138],[-119.64878,35.20137],[-119.64883,35.20135],[-119.64888,35.20134],[-119.64893,35.20132],[-119.64899,35.20131],[-119.64904,35.20129],[-119.64909,35.20128],[-119.64915,35.20127],[-119.6492,35.20125],[-119.64925,35.20124],[-119.6493,35.20123],[-119.64935,35.20122],[-119.6494,35.20121],[-119.64945,35.2012],[-119.64949,35.20119],[-119.64954,35.20118],[-119.64959,35.20117],[-119.64963,35.20116],[-119.64968,35.20115],[-119.64972,35.20115],[-119.64976,35.20114],[-119.6498,35.20113],[-119.64984,35.20112],[-119.64987,35.20112],[-119.6499,35.20112],[-119.64993,35.20112],[-119.64996,35.20111],[-119.64999,35.20111],[-119.65003,35.2011],[-119.65008,35.2011],[-119.65013,35.20109],[-119.65018,35.20109],[-119.65023,35.20108],[-119.65027,35.20108],[-119.6503,35.20107],[-119.65034,35.20107],[-119.65037,35.20106],[-119.65041,35.20105],[-119.65044,35.20104],[-119.65047,35.20102],[-119.6505,35.201],[-119.65052,35.20097],[-119.65055,35.20095],[-119.65058,35.20092],[-119.6506,35.2009],[-119.65062,35.20087],[-119.65063,35.20085],[-119.65065,35.20083],[-119.65067,35.20081],[-119.6507,35.2008],[-119.65073,35.2008],[-119.65075,35.2008],[-119.65077,35.20081],[-119.65079,35.20083],[-119.6508,35.20085],[-119.65081,35.20088],[-119.65082,35.2009],[-119.65084,35.20093],[-119.65085,35.20096],[-119.65087,35.20099],[-119.65093,35.20105],[-119.65095,35.20106],[-119.65097,35.20107],[-119.65101,35.20109],[-119.65106,35.2011],[-119.65112,35.2011],[-119.65118,35.2011],[-119.65123,35.20109],[-119.65129,35.20109],[-119.65134,35.20108],[-119.65139,35.20107],[-119.65144,35.20106],[-119.65149,35.20106],[-119.65155,35.20106],[-119.6516,35.20106],[-119.65165,35.20107],[-119.65171,35.20107],[-119.65176,35.20107],[-119.65183,35.20107],[-119.65189,35.20106],[-119.65194,35.20105],[-119.652,35.20104],[-119.65205,35.20102],[-119.65209,35.201],[-119.65214,35.20099],[-119.65218,35.20097],[-119.65223,35.20096],[-119.65227,35.20094],[-119.65232,35.20092],[-119.65236,35.20091],[-119.6524,35.2009],[-119.65243,35.20089],[-119.65246,35.20088],[-119.65249,35.20088],[-119.65251,35.20087],[-119.65252,35.20086],[-119.65252,35.20085],[-119.65253,35.20085],[-119.65254,35.20084],[-119.65256,35.20083],[-119.65258,35.20083],[-119.6526,35.20082],[-119.65263,35.20081],[-119.65265,35.2008],[-119.65267,35.20079],[-119.65271,35.20078],[-119.65275,35.20076],[-119.65279,35.20074],[-119.65283,35.20072],[-119.65287,35.20069],[-119.65291,35.20067],[-119.65294,35.20064],[-119.65298,35.20062],[-119.653,35.20061],[-119.65303,35.2006],[-119.65307,35.2006],[-119.6531,35.20061],[-119.65315,35.20062],[-119.65321,35.20063],[-119.65326,35.20065],[-119.65332,35.20066],[-119.65337,35.20067],[-119.65342,35.20068],[-119.65347,35.20068],[-119.65351,35.20068],[-119.65355,35.20068],[-119.65359,35.20067],[-119.65363,35.20066],[-119.65366,35.20065],[-119.6537,35.20065],[-119.65373,35.20065],[-119.65376,35.20065],[-119.65379,35.20066],[-119.65383,35.20067],[-119.65387,35.20068],[-119.65392,35.20068],[-119.65395,35.20069],[-119.65399,35.2007],[-119.65402,35.2007],[-119.65406,35.20071],[-119.6541,35.20071],[-119.65415,35.20072],[-119.6542,35.20072],[-119.65425,35.20071],[-119.6543,35.20071],[-119.65434,35.20071],[-119.65438,35.20072],[-119.65442,35.20072],[-119.65445,35.20073],[-119.65448,35.20073],[-119.65452,35.20073],[-119.65456,35.20074],[-119.65461,35.20073],[-119.65467,35.20073],[-119.65472,35.20072],[-119.65477,35.20072],[-119.65483,35.20071],[-119.65488,35.20069],[-119.65493,35.20068],[-119.65498,35.20067],[-119.65502,35.20065],[-119.65506,35.20063],[-119.65511,35.2006],[-119.65515,35.20058],[-119.6552,35.20055],[-119.65525,35.20052],[-119.65529,35.20049],[-119.65534,35.20045],[-119.65539,35.20042],[-119.65544,35.20039],[-119.65549,35.20037],[-119.65554,35.20034],[-119.65559,35.20031],[-119.65564,35.20028],[-119.65569,35.20026],[-119.65574,35.20025],[-119.65579,35.20024],[-119.65584,35.20024],[-119.65588,35.20024],[-119.65591,35.20024],[-119.65594,35.20023],[-119.65596,35.20022],[-119.65597,35.20021],[-119.65597,35.20021],[-119.65597,35.20021],[-119.65598,35.20022],[-119.65598,35.20022],[-119.65599,35.20023],[-119.65602,35.20025],[-119.65607,35.20028],[-119.65612,35.2003],[-119.65617,35.20033],[-119.65623,35.20037],[-119.65629,35.20041],[-119.65635,35.20046],[-119.65641,35.2005],[-119.65648,35.20055],[-119.65655,35.20059],[-119.65661,35.20064],[-119.65668,35.20069],[-119.65675,35.20074],[-119.65682,35.20079],[-119.65689,35.20085],[-119.65696,35.2009],[-119.65703,35.20095],[-119.6571,35.201],[-119.65717,35.20105],[-119.65725,35.20109],[-119.65732,35.20114],[-119.6574,35.20118],[-119.65748,35.20122],[-119.65756,35.20126],[-119.65764,35.20129],[-119.65773,35.20132],[-119.65782,35.20136],[-119.6579,35.20139],[-119.65799,35.20143],[-119.65813,35.20151],[-119.6582,35.20156],[-119.65826,35.20161],[-119.65832,35.20166],[-119.65837,35.20171],[-119.65843,35.20176],[-119.65847,35.2018],[-119.65852,35.20183],[-119.65857,35.20185],[-119.65861,35.20187],[-119.65864,35.20188],[-119.65867,35.20189],[-119.65869,35.2019],[-119.6587,35.2019],[-119.65872,35.20191],[-119.65873,35.20191],[-119.65875,35.20192],[-119.65878,35.20193],[-119.65881,35.20194],[-119.65885,35.20196],[-119.65886,35.20197],[-119.65886,35.20195],[-119.65887,35.20194],[-119.6589,35.20195],[-119.65895,35.20196],[-119.65902,35.20198],[-119.65909,35.20201],[-119.65917,35.20203],[-119.65926,35.20206],[-119.65936,35.2021],[-119.65947,35.20213],[-119.65957,35.20217],[-119.65967,35.20221],[-119.65976,35.20224],[-119.65984,35.20228],[-119.65993,35.20231],[-119.66003,35.20233],[-119.66012,35.20234],[-119.66023,35.20234],[-119.66034,35.20233],[-119.66045,35.20232],[-119.66055,35.20231],[-119.66067,35.20229],[-119.66078,35.20228],[-119.66089,35.20226],[-119.661,35.20224],[-119.66111,35.20222],[-119.66123,35.2022],[-119.66134,35.20219],[-119.66145,35.20217],[-119.66153,35.20217],[-119.66159,35.20218],[-119.66164,35.2022],[-119.66169,35.20223],[-119.66174,35.20227],[-119.66179,35.2023],[-119.66185,35.20234],[-119.66192,35.20238],[-119.66199,35.20244],[-119.66205,35.2025],[-119.66212,35.20256],[-119.66218,35.20262],[-119.66224,35.20266],[-119.66232,35.2027],[-119.66239,35.20275],[-119.66246,35.20279],[-119.66252,35.20285],[-119.66257,35.20292],[-119.66263,35.20297],[-119.6627,35.20303],[-119.66277,35.20308],[-119.66284,35.20313],[-119.66292,35.20318],[-119.66298,35.20322],[-119.66305,35.20325],[-119.66312,35.20328],[-119.66319,35.2033],[-119.66325,35.20333],[-119.6633,35.20338],[-119.66334,35.20344],[-119.66337,35.20351],[-119.66342,35.20357],[-119.66347,35.20363],[-119.66353,35.20369],[-119.66359,35.20375],[-119.66365,35.20381],[-119.66371,35.20387],[-119.66376,35.20393],[-119.66382,35.20398],[-119.66388,35.20404],[-119.66394,35.20411],[-119.664,35.20417],[-119.66406,35.20423],[-119.66412,35.20429],[-119.66418,35.20435],[-119.66424,35.20442],[-119.6643,35.20448],[-119.66436,35.20455],[-119.66441,35.20462],[-119.66444,35.20468],[-119.66444,35.20469]]}},{"type":"Feature","properties":{"name":"5676","source":"Bureau of Land Management","source_detail":"BLM GTLF OBJECTID 155606","source_id":"{5F46C319-B59B-4AAF-AC99-B5A7F4DF262E}","road_class":"transportation_system_-_primitive_road","surface":"natural_improved","vehicle_class":"4wd_low","allowed_mode":"all_moto_veh","access_restriction":"unknown","seasonal_restriction":"not_listed","route_plan_id":"5676","gis_miles":0.31733194},"geometry":{"type":"LineString","coordinates":[[-119.5293,35.2435],[-119.5293,35.24349],[-119.52931,35.24345],[-119.52933,35.24341],[-119.52935,35.24337],[-119.52937,35.24332],[-119.52939,35.24329],[-119.52941,35.24326],[-119.52943,35.24322],[-119.52945,35.24319],[-119.52947,35.24315],[-119.52948,35.24311],[-119.5295,35.24307],[-119.52951,35.24303],[-119.52952,35.24299],[-119.52954,35.24296],[-119.52956,35.24292],[-119.52958,35.24288],[-119.5296,35.24284],[-119.52962,35.2428],[-119.52965,35.24275],[-119.52967,35.24271],[-119.52969,35.24267],[-119.52972,35.24262],[-119.52975,35.24258],[-119.52977,35.24254],[-119.5298,35.2425],[-119.52981,35.24247],[-119.52982,35.24242],[-119.52982,35.24238],[-119.52982,35.24234],[-119.52982,35.2423],[-119.52981,35.24226],[-119.52982,35.24222],[-119.52983,35.24218],[-119.52985,35.24214],[-119.52988,35.24211],[-119.52992,35.24208],[-119.52995,35.24206],[-119.52999,35.24203],[-119.53003,35.242],[-119.53006,35.24196],[-119.5301,35.24193],[-119.53013,35.2419],[-119.53017,35.24187],[-119.5302,35.24184],[-119.53023,35.2418],[-119.53027,35.24178],[-119.53031,35.24175],[-119.53036,35.24172],[-119.53041,35.24169],[-119.53046,35.24166],[-119.53051,35.24164],[-119.53056,35.24161],[-119.53061,35.24159],[-119.53066,35.24156],[-119.53072,35.24154],[-119.53078,35.24151],[-119.53083,35.24149],[-119.53089,35.24147],[-119.53095,35.24144],[-119.53101,35.24142],[-119.53106,35.24139],[-119.53112,35.24136],[-119.53117,35.24134],[-119.53122,35.24131],[-119.53127,35.24128],[-119.53132,35.24126],[-119.53136,35.24123],[-119.53141,35.2412],[-119.53146,35.24117],[-119.53149,35.24114],[-119.53153,35.24112],[-119.53155,35.2411],[-119.53156,35.24109],[-119.53156,35.24109],[-119.53157,35.24109],[-119.53159,35.24109],[-119.53162,35.24111],[-119.53165,35.24113],[-119.53169,35.24115],[-119.53173,35.24117],[-119.53176,35.24119],[-119.53181,35.24121],[-119.53185,35.24124],[-119.5319,35.24127],[-119.53194,35.24129],[-119.53198,35.24132],[-119.53202,35.24135],[-119.53207,35.24137],[-119.53212,35.24138],[-119.53216,35.24139],[-119.53221,35.24139],[-119.53226,35.24139],[-119.53231,35.24139],[-119.53236,35.24139],[-119.5324,35.24138],[-119.53245,35.24137],[-119.5325,35.24136],[-119.53255,35.24135],[-119.5326,35.24134],[-119.53265,35.24132],[-119.53269,35.24131],[-119.53274,35.24129],[-119.53278,35.24128],[-119.53283,35.24127],[-119.53288,35.24126],[-119.53293,35.24127],[-119.53297,35.24128],[-119.53302,35.2413],[-119.53306,35.24131],[-119.5331,35.24132],[-119.5331,35.24132]]}},{"type":"Feature","properties":{"name":"6007","source":"Bureau of Land Management","source_detail":"BLM GTLF OBJECTID 155626","source_id":"{43B66BEC-EDE0-4457-8800-0F97EBAE52CE}","road_class":"transportation_system_-_primitive_road","surface":"natural_improved","vehicle_class":"4wd_low","allowed_mode":"all_moto_veh","access_restriction":"unknown","seasonal_restriction":"not_listed","route_plan_id":"6007","gis_miles":0.59016374},"geometry":{"type":"LineString","coordinates":[[-119.52991,35.21178],[-119.52995,35.21179],[-119.53,35.2118],[-119.53006,35.21182],[-119.53011,35.21183],[-119.53017,35.21185],[-119.53023,35.21186],[-119.5303,35.21188],[-119.53037,35.2119],[-119.53044,35.21192],[-119.53051,35.21193],[-119.53058,35.21195],[-119.53064,35.21196],[-119.5307,35.21197],[-119.53075,35.21198],[-119.53078,35.21199],[-119.53081,35.21199],[-119.53084,35.212],[-119.53087,35.212],[-119.53091,35.21201],[-119.53096,35.21202],[-119.53101,35.21203],[-119.53106,35.21203],[-119.53111,35.21204],[-119.53116,35.21205],[-119.53121,35.21206],[-119.53126,35.21207],[-119.5313,35.21207],[-119.53131,35.21207],[-119.53135,35.21208],[-119.53139,35.21209],[-119.53143,35.2121],[-119.53148,35.21211],[-119.53152,35.21212],[-119.53156,35.21214],[-119.5316,35.21216],[-119.53165,35.21218],[-119.53169,35.2122],[-119.53172,35.21223],[-119.53176,35.21226],[-119.53179,35.2123],[-119.53181,35.21233],[-119.53183,35.21237],[-119.53184,35.2124],[-119.53185,35.21241],[-119.53185,35.21243],[-119.53186,35.21245],[-119.53186,35.21247],[-119.53187,35.21249],[-119.53187,35.21251],[-119.53187,35.21251],[-119.53187,35.21252],[-119.53189,35.21254],[-119.5319,35.21257],[-119.53192,35.21261],[-119.53193,35.21265],[-119.53193,35.21269],[-119.53193,35.21273],[-119.53191,35.21277],[-119.5319,35.21281],[-119.53189,35.21285],[-119.53187,35.21289],[-119.53186,35.21293],[-119.53185,35.21297],[-119.53185,35.21302],[-119.53184,35.21305],[-119.53184,35.21309],[-119.53185,35.21312],[-119.53185,35.21315],[-119.53186,35.21319],[-119.53186,35.21322],[-119.53187,35.21325],[-119.53188,35.21328],[-119.53189,35.21332],[-119.5319,35.21335],[-119.53192,35.21338],[-119.53195,35.21342],[-119.53198,35.21345],[-119.53201,35.21348],[-119.53204,35.21351],[-119.53208,35.21353],[-119.53213,35.21355],[-119.53217,35.21357],[-119.53221,35.21358],[-119.53225,35.21358],[-119.53228,35.21359],[-119.53229,35.21359],[-119.53231,35.21359],[-119.53233,35.21359],[-119.53233,35.21359],[-119.53233,35.21359],[-119.53234,35.21359],[-119.53234,35.21359],[-119.53236,35.21359],[-119.53238,35.21359],[-119.53242,35.21359],[-119.53245,35.21359],[-119.5325,35.21359],[-119.53255,35.21359],[-119.53261,35.21358],[-119.53267,35.21358],[-119.53273,35.21358],[-119.5328,35.21357],[-119.53287,35.21357],[-119.53293,35.21357],[-119.533,35.21356],[-119.53308,35.21356],[-119.53315,35.21355],[-119.53322,35.21355],[-119.5333,35.21354],[-119.53337,35.21353],[-119.53343,35.21352],[-119.53348,35.21352],[-119.53352,35.21351],[-119.53356,35.2135],[-119.5336,35.21349],[-119.53364,35.21347],[-119.53367,35.21345],[-119.53369,35.21345],[-119.53369,35.21345],[-119.53369,35.21345],[-119.53369,35.21345],[-119.53369,35.21345],[-119.53369,35.21344],[-119.53371,35.21343],[-119.53372,35.21343],[-119.53374,35.21342],[-119.53378,35.21339],[-119.53382,35.21335],[-119.53387,35.21331],[-119.53393,35.21326],[-119.53398,35.21321],[-119.53403,35.21317],[-119.53407,35.21313],[-119.5341,35.2131],[-119.53413,35.21308],[-119.53414,35.21307],[-119.53414,35.21306],[-119.53414,35.21306],[-119.53415,35.21305],[-119.53417,35.21304],[-119.53419,35.21302],[-119.53421,35.213],[-119.53422,35.21298],[-119.53423,35.21298],[-119.53425,35.21296],[-119.53426,35.21294],[-119.53427,35.21293],[-119.53428,35.21293],[-119.53428,35.21292],[-119.53428,35.21292],[-119.53428,35.21292],[-119.53432,35.21288],[-119.53434,35.21285],[-119.53438,35.21282],[-119.53442,35.21279],[-119.53447,35.21276],[-119.53452,35.21273],[-119.53456,35.2127],[-119.53461,35.21267],[-119.53465,35.21265],[-119.53469,35.21263],[-119.53472,35.21261],[-119.53475,35.21259],[-119.53478,35.21257],[-119.53481,35.21255],[-119.53483,35.21253],[-119.53486,35.21251],[-119.53489,35.21248],[-119.53491,35.21245],[-119.53494,35.21242],[-119.53496,35.21238],[-119.53499,35.21234],[-119.53501,35.2123],[-119.53503,35.21226],[-119.53506,35.21222],[-119.53508,35.21218],[-119.5351,35.21216],[-119.53511,35.21216],[-119.53513,35.21213],[-119.53514,35.21211],[-119.53514,35.2121],[-119.53514,35.2121],[-119.53514,35.21209],[-119.53515,35.21208],[-119.53516,35.21206],[-119.53518,35.21202],[-119.5352,35.21198],[-119.53522,35.21193],[-119.53525,35.21187],[-119.53528,35.21181],[-119.53531,35.21175],[-119.53533,35.21169],[-119.53536,35.21163],[-119.53538,35.21159],[-119.53539,35.21156],[-119.5354,35.21154],[-119.5354,35.21152],[-119.5354,35.21152],[-119.5354,35.21152],[-119.5354,35.21152],[-119.5354,35.21152],[-119.53541,35.21151],[-119.53541,35.2115],[-119.53542,35.21149],[-119.53543,35.21145],[-119.53545,35.21141],[-119.53547,35.21135],[-119.53549,35.2113],[-119.53552,35.21124],[-119.53555,35.21118],[-119.53557,35.21112],[-119.5356,35.21106],[-119.53562,35.211],[-119.53566,35.21094],[-119.53569,35.21088],[-119.53572,35.21082],[-119.53575,35.21076],[-119.53577,35.2107],[-119.5358,35.21064],[-119.53582,35.21059],[-119.53585,35.21053],[-119.53588,35.21048],[-119.53591,35.21042],[-119.53593,35.21037],[-119.53596,35.21032],[-119.53599,35.21026],[-119.53602,35.2102],[-119.53605,35.21015],[-119.53609,35.21009],[-119.53612,35.21003],[-119.53614,35.20999],[-119.53615,35.20997],[-119.53616,35.20994],[-119.53618,35.2099],[-119.5362,35.20987],[-119.53621,35.20985]]}},{"type":"Feature","properties":{"name":"4230","source":"Bureau of Land Management","source_detail":"BLM GTLF OBJECTID 155650","source_id":"{30CA1C78-400C-45AE-A690-0F8EFC20118A}","road_class":"transportation_system_-_primitive_road","surface":"natural_improved","vehicle_class":"2wd_low","allowed_mode":"all_moto_veh","access_restriction":"not_listed","seasonal_restriction":"not_listed","route_plan_id":"4230","gis_miles":0.0933433},"geometry":{"type":"LineString","coordinates":[[-119.61048,35.21391],[-119.61034,35.2139],[-119.61018,35.2139],[-119.61001,35.21395],[-119.60985,35.21407],[-119.6098,35.21414],[-119.60977,35.21428],[-119.60974,35.21436],[-119.60979,35.21449],[-119.60989,35.21458],[-119.61014,35.21463]]}},{"type":"Feature","properties":{"name":"4242","source":"Bureau of Land Management","source_detail":"BLM GTLF OBJECTID 155655","source_id":"{A6BA31FB-9ED5-486D-8B39-D018E304964D}","road_class":"transportation_system_-_primitive_road","surface":"natural_improved","vehicle_class":"2wd_low","allowed_mode":"all_moto_veh","access_restriction":"not_listed","seasonal_restriction":"not_listed","route_plan_id":"4242","gis_miles":0.13020447},"geometry":{"type":"LineString","coordinates":[[-119.61587,35.21511],[-119.6157,35.21519],[-119.6155,35.21536],[-119.61537,35.21547],[-119.61516,35.21561],[-119.61502,35.21574],[-119.61493,35.21585],[-119.61508,35.216],[-119.61521,35.21611],[-119.61545,35.21618],[-119.61557,35.21623],[-119.61574,35.21628]]}},{"type":"Feature","properties":{"name":"6040","source":"Bureau of Land Management","source_detail":"BLM GTLF OBJECTID 155682","source_id":"{B001C77E-1870-49FC-B1A5-F5F1D9695C54}","road_class":"transportation_system_-_primitive_road","surface":"natural_improved","vehicle_class":"4wd_low","allowed_mode":"all_moto_veh","access_restriction":"unknown","seasonal_restriction":"not_listed","route_plan_id":"6040","gis_miles":0.25185057},"geometry":{"type":"LineString","coordinates":[[-119.57149,35.25294],[-119.57149,35.25288],[-119.57149,35.25281],[-119.5715,35.25274],[-119.5715,35.25266],[-119.57151,35.25259],[-119.57151,35.25251],[-119.57151,35.25243],[-119.5715,35.25236],[-119.5715,35.25228],[-119.57149,35.2522],[-119.57149,35.25212],[-119.57148,35.25204],[-119.57147,35.25196],[-119.57147,35.25189],[-119.57146,35.25181],[-119.57145,35.25173],[-119.57145,35.25165],[-119.57144,35.25156],[-119.57144,35.25148],[-119.57145,35.25139],[-119.57146,35.2513],[-119.57146,35.25121],[-119.57147,35.25112],[-119.57147,35.25104],[-119.57147,35.25095],[-119.57147,35.25087],[-119.57147,35.25079],[-119.57147,35.25071],[-119.57147,35.25063],[-119.57147,35.25056],[-119.57148,35.25048],[-119.57149,35.25041],[-119.5715,35.25034],[-119.5715,35.25026],[-119.57151,35.25019],[-119.57152,35.25012],[-119.57153,35.25005],[-119.57153,35.24998],[-119.57154,35.24991],[-119.57155,35.24984],[-119.57155,35.24977],[-119.57155,35.24971],[-119.57154,35.24964],[-119.57154,35.24957],[-119.57154,35.24951],[-119.57155,35.24945],[-119.57155,35.24939],[-119.57156,35.24934],[-119.57156,35.2493],[-119.57156,35.2493]]}},{"type":"Feature","properties":{"name":"5631","source":"Bureau of Land Management","source_detail":"BLM GTLF OBJECTID 155706","source_id":"{5FFFC74D-9DAA-495D-8051-21D9CC4EF65A}","road_class":"transportation_system_-_primitive_road","surface":"natural_improved","vehicle_class":"2wd_low","allowed_mode":"all_moto_veh","access_restriction":"not_listed","seasonal_restriction":"not_listed","route_plan_id":"5631","gis_miles":0.00772061},"geometry":{"type":"LineString","coordinates":[[-119.55415,35.21994],[-119.5542,35.21994],[-119.55425,35.21994],[-119.55428,35.21994]]}},{"type":"Feature","properties":{"name":"5791","source":"Bureau of Land Management","source_detail":"BLM GTLF OBJECTID 155708","source_id":"{5D6AA901-1ED1-45EB-942A-D4FD3909002E}","road_class":"transportation_system_-_primitive_road","surface":"natural_improved","vehicle_class":"4wd_low","allowed_mode":"all_moto_veh","access_restriction":"unknown","seasonal_restriction":"not_listed","route_plan_id":"5791","gis_miles":0.14251333},"geometry":{"type":"LineString","coordinates":[[-119.55213,35.26142],[-119.55213,35.2614],[-119.55214,35.26137],[-119.55215,35.26136],[-119.55215,35.26135],[-119.55216,35.26135],[-119.55217,35.26133],[-119.55218,35.26132],[-119.5522,35.26129],[-119.55223,35.26127],[-119.55226,35.26123],[-119.55229,35.26119],[-119.55234,35.26115],[-119.55238,35.26112],[-119.55242,35.26107],[-119.55248,35.26103],[-119.55253,35.26099],[-119.5526,35.26096],[-119.55267,35.26093],[-119.55274,35.2609],[-119.55281,35.26088],[-119.55289,35.26085],[-119.55297,35.26083],[-119.55304,35.26081],[-119.55311,35.26077],[-119.55318,35.26073],[-119.55326,35.2607],[-119.55335,35.26066],[-119.55344,35.26063],[-119.55354,35.26059],[-119.55363,35.26056],[-119.55373,35.26052],[-119.55382,35.26048],[-119.55391,35.26043],[-119.55398,35.26038],[-119.55405,35.26032],[-119.55411,35.26026],[-119.55412,35.26024]]}},{"type":"Feature","properties":{"name":"4049","source":"Bureau of Land Management","source_detail":"BLM GTLF OBJECTID 155712","source_id":"{65830600-097F-4D2E-A906-82374CBF0BE6}","road_class":"transportation_system_-_primitive_road","surface":"natural_improved","vehicle_class":"2wd_low","allowed_mode":"all_moto_veh","access_restriction":"not_listed","seasonal_restriction":"not_listed","route_plan_id":"4049","gis_miles":0.03894815},"geometry":{"type":"LineString","coordinates":[[-119.59294,35.20329],[-119.59285,35.2032],[-119.59273,35.2031],[-119.59266,35.20303],[-119.59266,35.20291],[-119.59267,35.20281]]}},{"type":"Feature","properties":{"name":"404.1","source":"Bureau of Land Management","source_detail":"BLM GTLF OBJECTID 155755","source_id":"{A8BCC552-11E8-408D-977A-49FAA97BF959}","road_class":"transportation_system_-_primitive_road","surface":"natural_improved","vehicle_class":"4wd_low","allowed_mode":"unk","access_restriction":"unknown","seasonal_restriction":"not_listed","gis_miles":0.61688945},"geometry":{"type":"MultiLineString","coordinates":[[[-119.67056,35.19493],[-119.67058,35.19486],[-119.6706,35.19478],[-119.67062,35.19471],[-119.67065,35.19463],[-119.67067,35.19457],[-119.6707,35.1945],[-119.67072,35.19443],[-119.67074,35.19436],[-119.67074,35.19429],[-119.67074,35.19428],[-119.67073,35.19428],[-119.6707,35.19422],[-119.67064,35.19417],[-119.67064,35.19417],[-119.6706,35.19415],[-119.67057,35.19414],[-119.67054,35.19412],[-119.67052,35.19411],[-119.67051,35.19411],[-119.67047,35.19408],[-119.67045,35.19407],[-119.67045,35.19406],[-119.67044,35.19406],[-119.67044,35.19406],[-119.67043,35.19405],[-119.67043,35.19405],[-119.67042,35.19405],[-119.6704,35.19404],[-119.6704,35.19403],[-119.67039,35.19402],[-119.67039,35.19402],[-119.67038,35.19401],[-119.67036,35.19399],[-119.67033,35.19396],[-119.6703,35.19394],[-119.67027,35.1939],[-119.67025,35.19388],[-119.67021,35.1938],[-119.67019,35.19373],[-119.67019,35.19365],[-119.67018,35.19361],[-119.67019,35.19355],[-119.67019,35.19351],[-119.67018,35.1934],[-119.67016,35.19323],[-119.67012,35.19304],[-119.67011,35.1929],[-119.67008,35.19281]],[[-119.67052,35.19508],[-119.67054,35.19501],[-119.67056,35.19493],[-119.67056,35.19493]],[[-119.67052,35.19508],[-119.67052,35.19507],[-119.67056,35.19493]],[[-119.67527,35.19399],[-119.67519,35.19406],[-119.67512,35.19417],[-119.67508,35.19429],[-119.67502,35.1944],[-119.67495,35.19453],[-119.67488,35.19464],[-119.6748,35.19472],[-119.67468,35.19474],[-119.67467,35.19474],[-119.67457,35.19472],[-119.67454,35.19471],[-119.67453,35.19471],[-119.67438,35.19467],[-119.67422,35.19461],[-119.6742,35.1946],[-119.67406,35.19457],[-119.67384,35.19454],[-119.67353,35.1946],[-119.67341,35.19463],[-119.67328,35.19469],[-119.67315,35.19479],[-119.67298,35.195],[-119.67281,35.19521],[-119.67269,35.19538],[-119.6726,35.19554],[-119.67247,35.1957],[-119.67238,35.1958],[-119.67228,35.19589],[-119.67216,35.19594],[-119.67197,35.19597],[-119.67173,35.19599],[-119.67151,35.19599],[-119.67134,35.19597],[-119.67123,35.19594],[-119.67104,35.19592],[-119.67075,35.19591],[-119.67061,35.19588],[-119.67047,35.19582],[-119.67034,35.19572],[-119.67033,35.19572],[-119.67022,35.19565],[-119.67013,35.19563],[-119.67,35.19556],[-119.66998,35.19552],[-119.67001,35.19548],[-119.67006,35.19545],[-119.67012,35.19542],[-119.67018,35.1954],[-119.67025,35.19537],[-119.67032,35.19535],[-119.67038,35.19532],[-119.67043,35.19528],[-119.67047,35.19523],[-119.67047,35.19522],[-119.67052,35.19508]]]}},{"type":"Feature","properties":{"name":"4255","source":"Bureau of Land Management","source_detail":"BLM GTLF OBJECTID 155773","source_id":"{9ABC3199-2D93-4D2A-8E38-33881F079DE5}","road_class":"transportation_system_-_primitive_road","surface":"natural_improved","vehicle_class":"2wd_low","allowed_mode":"all_moto_veh","access_restriction":"not_listed","seasonal_restriction":"not_listed","route_plan_id":"4255","gis_miles":0.16116638},"geometry":{"type":"LineString","coordinates":[[-119.61338,35.21318],[-119.61331,35.21317],[-119.6129,35.21323],[-119.6128,35.21326],[-119.61265,35.21332],[-119.61254,35.21338],[-119.61242,35.21349],[-119.61232,35.21363],[-119.61227,35.21373],[-119.61219,35.2138],[-119.61208,35.21386],[-119.61195,35.21393],[-119.61183,35.21396],[-119.61165,35.21402],[-119.61154,35.21402],[-119.61149,35.21398],[-119.61145,35.21387],[-119.61145,35.21376],[-119.61144,35.21363],[-119.61144,35.21354]]}},{"type":"Feature","properties":{"name":"4068","source":"Bureau of Land Management","source_detail":"BLM GTLF OBJECTID 155810","source_id":"{63CE061B-3A26-4C13-A1BD-5FDB7B824F1D}","road_class":"transportation_system_-_primitive_road","surface":"natural_improved","vehicle_class":"2wd_low","allowed_mode":"all_moto_veh","access_restriction":"not_listed","seasonal_restriction":"not_listed","route_plan_id":"4068","gis_miles":0.22796586},"geometry":{"type":"LineString","coordinates":[[-119.6086,35.21017],[-119.60859,35.21037],[-119.60863,35.21061],[-119.6087,35.21074],[-119.6088,35.21085],[-119.60892,35.21094],[-119.60903,35.21108],[-119.60911,35.21121],[-119.60917,35.2113],[-119.60918,35.21145],[-119.60915,35.2116],[-119.60918,35.21171],[-119.60926,35.21179],[-119.60937,35.21187],[-119.60962,35.21202],[-119.60977,35.21213],[-119.60993,35.21226],[-119.61009,35.21238],[-119.61021,35.21249],[-119.61032,35.21259],[-119.61036,35.21263],[-119.6104,35.21268],[-119.61044,35.21278],[-119.61047,35.21289]]}},{"type":"Feature","properties":{"name":"6015","source":"Bureau of Land Management","source_detail":"BLM GTLF OBJECTID 155820","source_id":"{01C5257B-C60E-4E5F-8F0D-240CA8D69E19}","road_class":"transportation_system_-_primitive_road","surface":"natural_improved","vehicle_class":"4wd_low","allowed_mode":"all_moto_veh","access_restriction":"unknown","seasonal_restriction":"not_listed","route_plan_id":"6015","gis_miles":0.17466181},"geometry":{"type":"LineString","coordinates":[[-119.5351,35.21216],[-119.5351,35.2122],[-119.53509,35.21224],[-119.53508,35.21229],[-119.53507,35.21234],[-119.53505,35.21239],[-119.53503,35.21244],[-119.53501,35.21249],[-119.53499,35.21253],[-119.53498,35.21257],[-119.53497,35.2126],[-119.53495,35.21263],[-119.53494,35.21265],[-119.53494,35.21267],[-119.53493,35.21269],[-119.53493,35.21271],[-119.53493,35.21271],[-119.53493,35.21274],[-119.53494,35.21276],[-119.53494,35.21276],[-119.53494,35.21276],[-119.53494,35.21276],[-119.53494,35.21277],[-119.53495,35.21279],[-119.53497,35.21283],[-119.53498,35.21288],[-119.53499,35.21293],[-119.53499,35.21298],[-119.53498,35.21304],[-119.53497,35.21309],[-119.53495,35.21315],[-119.53493,35.21321],[-119.5349,35.21326],[-119.53486,35.21332],[-119.53481,35.21337],[-119.53475,35.21341],[-119.5347,35.21345],[-119.53464,35.2135],[-119.53458,35.21354],[-119.53452,35.21357],[-119.53447,35.21361],[-119.53441,35.21365],[-119.53436,35.21369],[-119.53432,35.21372],[-119.53428,35.21375],[-119.53424,35.21377],[-119.5342,35.21379],[-119.53415,35.2138],[-119.5341,35.21381],[-119.53406,35.2138],[-119.53401,35.21378],[-119.53397,35.21376],[-119.53393,35.21374],[-119.5339,35.21371],[-119.53387,35.21367],[-119.53383,35.21363],[-119.5338,35.21359],[-119.53377,35.21355],[-119.53375,35.21352],[-119.53373,35.21349],[-119.53372,35.21347],[-119.53372,35.21344],[-119.53372,35.21343]]}},{"type":"Feature","properties":{"name":"5801","source":"Bureau of Land Management","source_detail":"BLM GTLF OBJECTID 155837","source_id":"{90573A74-DEA0-43FA-B311-DA55D4211232}","road_class":"transportation_system_-_primitive_road","surface":"natural_improved","vehicle_class":"4wd_low","allowed_mode":"all_moto_veh","access_restriction":"unknown","seasonal_restriction":"not_listed","route_plan_id":"5801","gis_miles":0.06128582},"geometry":{"type":"LineString","coordinates":[[-119.54149,35.26376],[-119.54147,35.26374],[-119.54145,35.26369],[-119.54142,35.26364],[-119.54139,35.26358],[-119.54136,35.26351],[-119.54133,35.26345],[-119.54129,35.26338],[-119.54126,35.26332],[-119.54124,35.26325],[-119.54122,35.26318],[-119.5412,35.26313],[-119.54117,35.26307],[-119.54115,35.26302],[-119.54113,35.26297],[-119.54112,35.26293]]}},{"type":"Feature","properties":{"name":"4336","source":"Bureau of Land Management","source_detail":"BLM GTLF OBJECTID 155847","source_id":"{6665BD28-F7CA-442A-9151-77DA9932A044}","road_class":"transportation_system_-_primitive_road","surface":"natural_improved","vehicle_class":"2wd_low","allowed_mode":"all_moto_veh","access_restriction":"not_listed","seasonal_restriction":"not_listed","route_plan_id":"4336","gis_miles":0.0749743},"geometry":{"type":"LineString","coordinates":[[-119.59879,35.21816],[-119.5987,35.21786],[-119.5986,35.21765],[-119.5985,35.21728],[-119.59848,35.21711]]}},{"type":"Feature","properties":{"name":"4051","source":"Bureau of Land Management","source_detail":"BLM GTLF OBJECTID 155850","source_id":"{BA4138EC-0BE6-45D3-89F5-13784E093ED6}","road_class":"transportation_system_-_primitive_road","surface":"natural_improved","vehicle_class":"2wd_low","allowed_mode":"all_moto_veh","access_restriction":"not_listed","seasonal_restriction":"not_listed","route_plan_id":"4051","gis_miles":0.10449556},"geometry":{"type":"LineString","coordinates":[[-119.59467,35.20339],[-119.59447,35.20342],[-119.59421,35.20352],[-119.59411,35.20356],[-119.59378,35.20363],[-119.59355,35.20373],[-119.59334,35.20382],[-119.59327,35.20385],[-119.59311,35.20391],[-119.59299,35.20399]]}},{"type":"Feature","properties":{"name":"4033","source":"Bureau of Land Management","source_detail":"BLM GTLF OBJECTID 155880","source_id":"{C89A2E73-5987-4CD5-943C-3E310C833B6E}","road_class":"transportation_system_-_primitive_road","surface":"natural_improved","vehicle_class":"4wd_low","allowed_mode":"all_moto_veh","access_restriction":"unknown","seasonal_restriction":"not_listed","route_plan_id":"4033","gis_miles":0.2129255},"geometry":{"type":"LineString","coordinates":[[-119.59845,35.20499],[-119.59855,35.20492],[-119.59879,35.20488],[-119.59893,35.20488],[-119.59901,35.20483],[-119.59912,35.20474],[-119.59922,35.20457],[-119.59928,35.20447],[-119.59935,35.20436],[-119.59947,35.2041],[-119.59951,35.20398],[-119.59949,35.20375],[-119.59948,35.20348],[-119.59945,35.20337],[-119.5994,35.20325],[-119.59934,35.20313],[-119.59925,35.20299],[-119.5991,35.20283],[-119.59899,35.20272],[-119.59887,35.20261],[-119.59876,35.20255]]}},{"type":"Feature","properties":{"name":"5783","source":"Bureau of Land Management","source_detail":"BLM GTLF OBJECTID 155881","source_id":"{1A7C7897-56F5-4B51-83BF-58761B88DFE6}","road_class":"transportation_system_-_primitive_road","surface":"natural_improved","vehicle_class":"4wd_low","allowed_mode":"all_moto_veh","access_restriction":"unknown","seasonal_restriction":"not_listed","route_plan_id":"5783","gis_miles":0.18957691},"geometry":{"type":"LineString","coordinates":[[-119.55404,35.25345],[-119.55402,35.2534],[-119.554,35.2534],[-119.55398,35.25339],[-119.55395,35.25337],[-119.55391,35.25336],[-119.55386,35.25334],[-119.55381,35.25332],[-119.55376,35.25331],[-119.55371,35.2533],[-119.55365,35.2533],[-119.5536,35.25329],[-119.55355,35.25329],[-119.55351,35.25329],[-119.5535,35.25329],[-119.55348,35.25329],[-119.55347,35.2533],[-119.55346,35.2533],[-119.55344,35.2533],[-119.5534,35.2533],[-119.55335,35.25331],[-119.55328,35.25331],[-119.55321,35.25331],[-119.55314,35.25331],[-119.55306,35.2533],[-119.55298,35.25328],[-119.55291,35.25326],[-119.55284,35.25324],[-119.55276,35.25323],[-119.55269,35.25322],[-119.55261,35.25321],[-119.55252,35.25321],[-119.55244,35.2532],[-119.55234,35.25318],[-119.55224,35.25317],[-119.55215,35.25315],[-119.55204,35.25313],[-119.55195,35.25312],[-119.55185,35.25311],[-119.55175,35.2531],[-119.55166,35.25309],[-119.55156,35.25308],[-119.55148,35.25307],[-119.5514,35.25305],[-119.55132,35.25301],[-119.55126,35.25297],[-119.5512,35.25291],[-119.55113,35.25286],[-119.55106,35.25281],[-119.55098,35.25277],[-119.55092,35.25274]]}},{"type":"Feature","properties":{"name":"5408","source":"Bureau of Land Management","source_detail":"BLM GTLF OBJECTID 155921","source_id":"{43AE3D52-F2E3-4E97-88F4-5828DB476104}","road_class":"transportation_system_-_primitive_road","surface":"natural_improved","vehicle_class":"4wd_low","allowed_mode":"all_moto_veh","access_restriction":"unknown","seasonal_restriction":"not_listed","route_plan_id":"5408","gis_miles":0.19743255},"geometry":{"type":"LineString","coordinates":[[-119.57029,35.19515],[-119.57029,35.19516],[-119.57028,35.19518],[-119.57027,35.19519],[-119.57014,35.1952],[-119.57011,35.1952],[-119.57007,35.1952],[-119.57004,35.1952],[-119.57,35.1952],[-119.56995,35.1952],[-119.56991,35.1952],[-119.56986,35.1952],[-119.56981,35.1952],[-119.56977,35.1952],[-119.56973,35.19519],[-119.56969,35.19518],[-119.56967,35.19518],[-119.56966,35.19517],[-119.56963,35.19516],[-119.5696,35.19515],[-119.56957,35.19515],[-119.56953,35.19514],[-119.56949,35.19514],[-119.56945,35.19514],[-119.56941,35.19516],[-119.56938,35.19519],[-119.56935,35.19522],[-119.56933,35.19525],[-119.5693,35.19529],[-119.56927,35.19533],[-119.56924,35.19537],[-119.56921,35.19541],[-119.56918,35.19544],[-119.56914,35.19548],[-119.5691,35.19552],[-119.56906,35.19556],[-119.56902,35.1956],[-119.56898,35.19564],[-119.56893,35.19567],[-119.56889,35.1957],[-119.56884,35.19572],[-119.5688,35.19574],[-119.56867,35.1957],[-119.56864,35.19569],[-119.56862,35.19567],[-119.56859,35.19565],[-119.56856,35.19563],[-119.56852,35.19562],[-119.56849,35.1956],[-119.56847,35.19558],[-119.56844,35.19557],[-119.56841,35.19555],[-119.56838,35.19553],[-119.56834,35.19551],[-119.56831,35.19548],[-119.56828,35.19546],[-119.56825,35.19543],[-119.56822,35.1954],[-119.56819,35.19537],[-119.56816,35.19534],[-119.56813,35.19531],[-119.5681,35.19528],[-119.56808,35.19525],[-119.56805,35.19522],[-119.56802,35.19519],[-119.568,35.19516],[-119.56797,35.19512],[-119.56794,35.19509],[-119.56791,35.19505],[-119.56788,35.19501],[-119.56786,35.19496],[-119.56784,35.19492],[-119.56782,35.19488],[-119.56781,35.19484],[-119.56779,35.1948],[-119.56779,35.19476],[-119.56778,35.19476]]}},{"type":"Feature","properties":{"name":"6050","source":"Bureau of Land Management","source_detail":"BLM GTLF OBJECTID 155943","source_id":"{0FB81BB1-187B-4D6C-87FE-677EA19D1D9B}","road_class":"transportation_system_-_primitive_road","surface":"natural_improved","vehicle_class":"4wd_low","allowed_mode":"all_moto_veh","access_restriction":"unknown","seasonal_restriction":"not_listed","route_plan_id":"6050","gis_miles":0.19218907},"geometry":{"type":"LineString","coordinates":[[-119.60677,35.26467],[-119.60679,35.26467],[-119.60681,35.26468],[-119.60684,35.2647],[-119.60686,35.26471],[-119.60689,35.26474],[-119.60693,35.26476],[-119.60697,35.26479],[-119.60701,35.26481],[-119.60704,35.26484],[-119.60708,35.26486],[-119.60712,35.26489],[-119.60715,35.26492],[-119.60718,35.26494],[-119.60721,35.26497],[-119.60724,35.26499],[-119.60727,35.26502],[-119.6073,35.26504],[-119.60733,35.26506],[-119.60736,35.26509],[-119.60739,35.26512],[-119.60742,35.26514],[-119.60746,35.26517],[-119.60749,35.2652],[-119.60752,35.26523],[-119.60755,35.26526],[-119.60757,35.26528],[-119.6076,35.26531],[-119.60763,35.26534],[-119.60766,35.26536],[-119.60769,35.26539],[-119.60772,35.26541],[-119.60775,35.26544],[-119.60775,35.26544],[-119.60777,35.26545],[-119.60778,35.26546],[-119.60781,35.26549],[-119.60784,35.26551],[-119.60786,35.26553],[-119.60789,35.26555],[-119.60792,35.26558],[-119.60796,35.2656],[-119.60799,35.26563],[-119.60802,35.26565],[-119.60805,35.26568],[-119.60808,35.26571],[-119.60811,35.26573],[-119.60813,35.26576],[-119.60815,35.26579],[-119.60816,35.26581],[-119.60818,35.26584],[-119.6082,35.26586],[-119.60821,35.26589],[-119.60823,35.26592],[-119.60825,35.26596],[-119.60828,35.26599],[-119.6083,35.26602],[-119.60832,35.26605],[-119.60834,35.26607],[-119.60836,35.2661],[-119.60838,35.26612],[-119.60839,35.26614],[-119.60841,35.26616],[-119.60842,35.26618],[-119.60842,35.26619],[-119.60843,35.2662],[-119.60844,35.26622],[-119.60845,35.26624],[-119.60845,35.26624],[-119.60845,35.26624],[-119.60845,35.26625],[-119.60846,35.26626],[-119.60847,35.26628],[-119.60848,35.26631],[-119.60849,35.26633],[-119.6085,35.26636],[-119.60852,35.26639],[-119.60853,35.26643],[-119.60855,35.26647],[-119.60857,35.2665],[-119.60857,35.26651],[-119.60859,35.26654],[-119.60861,35.26658],[-119.60862,35.26662],[-119.60864,35.26665],[-119.60866,35.26669],[-119.60867,35.26672],[-119.60868,35.26675],[-119.6087,35.26678],[-119.60872,35.26681],[-119.60875,35.26684],[-119.60876,35.26686]]}},{"type":"Feature","properties":{"name":"5780","source":"Bureau of Land Management","source_detail":"BLM GTLF OBJECTID 155976","source_id":"{67F3B5AA-B402-4991-9240-BBC4A1F8B270}","road_class":"transportation_system_-_primitive_road","surface":"natural_improved","vehicle_class":"2wd_low","allowed_mode":"all_moto_veh","access_restriction":"not_listed","seasonal_restriction":"not_listed","route_plan_id":"5780","gis_miles":0.29850687},"geometry":{"type":"LineString","coordinates":[[-119.55736,35.24914],[-119.55731,35.2492],[-119.55725,35.24928],[-119.55719,35.24937],[-119.55713,35.24945],[-119.55707,35.24953],[-119.557,35.24961],[-119.55693,35.24969],[-119.55687,35.24977],[-119.5568,35.24985],[-119.55674,35.24993],[-119.55667,35.25002],[-119.55661,35.2501],[-119.55654,35.25017],[-119.55647,35.25025],[-119.55641,35.25033],[-119.55635,35.25041],[-119.5563,35.25048],[-119.55625,35.25055],[-119.55619,35.25062],[-119.55613,35.2507],[-119.55606,35.25076],[-119.556,35.25082],[-119.55593,35.25088],[-119.55587,35.25093],[-119.55581,35.25099],[-119.55575,35.25104],[-119.5557,35.2511],[-119.55565,35.25116],[-119.5556,35.25123],[-119.55554,35.25129],[-119.55548,35.25136],[-119.55543,35.25143],[-119.55537,35.25149],[-119.55532,35.25156],[-119.55527,35.25163],[-119.55527,35.25163],[-119.55522,35.25169],[-119.55518,35.25175],[-119.55514,35.2518],[-119.5551,35.25186],[-119.55506,35.25191],[-119.55503,35.25197],[-119.55501,35.25202],[-119.555,35.25206],[-119.55498,35.25211],[-119.55497,35.25215],[-119.55495,35.2522],[-119.55491,35.25224],[-119.55487,35.25229],[-119.55481,35.25233],[-119.55477,35.25237],[-119.55474,35.2524],[-119.55471,35.25244],[-119.55468,35.25249],[-119.55465,35.25254],[-119.55461,35.2526],[-119.55456,35.25265],[-119.55449,35.2527],[-119.55445,35.25272]]}},{"type":"Feature","properties":{"name":"4038","source":"Bureau of Land Management","source_detail":"BLM GTLF OBJECTID 155983","source_id":"{5699E06A-52FB-4514-AE5F-5451D573E0B6}","road_class":"transportation_system_-_primitive_road","surface":"natural_improved","vehicle_class":"2wd_low","allowed_mode":"all_moto_veh","access_restriction":"not_listed","seasonal_restriction":"not_listed","route_plan_id":"4038","gis_miles":0.6288696},"geometry":{"type":"LineString","coordinates":[[-119.59793,35.20669],[-119.59799,35.20652],[-119.59798,35.20631],[-119.59782,35.20609],[-119.59775,35.20601],[-119.59771,35.20585],[-119.59756,35.20574],[-119.59746,35.20565],[-119.59742,35.20561],[-119.59727,35.20544],[-119.59692,35.20515],[-119.59654,35.20481],[-119.59616,35.20451],[-119.5958,35.2042],[-119.59544,35.2039],[-119.59517,35.20366],[-119.59485,35.2035],[-119.59467,35.20339],[-119.59445,35.20324],[-119.59427,35.20304],[-119.59411,35.20295],[-119.59393,35.20281],[-119.59378,35.2029],[-119.59331,35.20247],[-119.59327,35.20231],[-119.59312,35.20222],[-119.59276,35.20224],[-119.59254,35.20225],[-119.59225,35.20222],[-119.5918,35.20222],[-119.59139,35.20223],[-119.59097,35.20222],[-119.59071,35.20216],[-119.59028,35.20212],[-119.58989,35.20215],[-119.58976,35.20223]]}},{"type":"Feature","properties":{"name":"5379","source":"Bureau of Land Management","source_detail":"BLM GTLF OBJECTID 155994","source_id":"{768681B3-B6B9-407C-8D2C-FB81C0F75193}","road_class":"transportation_system_-_primitive_road","surface":"natural_improved","vehicle_class":"2wd_low","allowed_mode":"all_moto_veh","access_restriction":"not_listed","seasonal_restriction":"not_listed","route_plan_id":"5379","gis_miles":0.30728659},"geometry":{"type":"MultiLineString","coordinates":[[[-119.56832,35.19877],[-119.56832,35.19877],[-119.56828,35.19877],[-119.56824,35.19877],[-119.5682,35.19877],[-119.56816,35.19876],[-119.56811,35.19876],[-119.56806,35.19876],[-119.56801,35.19875],[-119.56795,35.19875],[-119.56789,35.19875],[-119.56783,35.19875],[-119.56777,35.19874],[-119.5677,35.19875],[-119.56764,35.19874],[-119.56758,35.19874],[-119.56751,35.19874],[-119.56745,35.19874],[-119.56739,35.19874],[-119.56733,35.19874],[-119.56727,35.19874],[-119.56721,35.19874],[-119.56715,35.19874],[-119.56709,35.19874],[-119.56703,35.19874],[-119.56697,35.19874],[-119.56691,35.19874],[-119.56685,35.19874],[-119.56679,35.19874],[-119.56673,35.19874],[-119.56673,35.19874],[-119.56668,35.19873],[-119.56664,35.19873],[-119.56659,35.19873],[-119.56654,35.19872],[-119.56649,35.19872],[-119.56643,35.19872],[-119.56637,35.19872],[-119.56631,35.19871],[-119.56625,35.19871],[-119.56618,35.19871],[-119.56612,35.19871],[-119.56605,35.19871],[-119.56599,35.19871],[-119.56593,35.1987],[-119.56587,35.1987],[-119.56582,35.1987],[-119.56579,35.1987],[-119.56578,35.1987],[-119.56575,35.1987],[-119.56572,35.1987],[-119.56571,35.1987],[-119.56568,35.1987],[-119.56563,35.1987],[-119.56558,35.1987],[-119.56553,35.1987],[-119.56547,35.19871],[-119.56541,35.19871],[-119.56535,35.1987],[-119.5653,35.1987],[-119.56525,35.1987],[-119.5652,35.1987],[-119.56515,35.19871],[-119.5651,35.19871],[-119.56505,35.19871],[-119.56499,35.19871],[-119.56494,35.19871],[-119.56488,35.19871],[-119.56482,35.19871],[-119.56477,35.19871],[-119.56471,35.1987],[-119.56466,35.19871],[-119.5646,35.19871],[-119.56454,35.19871],[-119.56448,35.19871],[-119.56442,35.19871],[-119.56436,35.19871],[-119.56431,35.1987],[-119.56426,35.1987],[-119.5642,35.1987],[-119.56416,35.1987],[-119.56412,35.1987],[-119.56409,35.1987],[-119.56395,35.19871],[-119.5639,35.19871],[-119.56385,35.19871],[-119.5638,35.19871],[-119.56374,35.1987],[-119.56368,35.1987],[-119.56362,35.1987],[-119.56355,35.1987],[-119.56349,35.1987],[-119.56343,35.19869],[-119.56336,35.19869],[-119.5633,35.19869],[-119.56325,35.19869],[-119.56319,35.19868],[-119.56314,35.19868],[-119.5631,35.19867],[-119.56307,35.19867],[-119.56304,35.19867],[-119.56301,35.19867],[-119.56298,35.19867],[-119.56296,35.19867],[-119.56296,35.19867]],[[-119.56296,35.19867],[-119.56293,35.19868],[-119.56293,35.19869]],[[-119.56293,35.19866],[-119.56294,35.19866],[-119.56296,35.19867]]]}},{"type":"Feature","properties":{"name":"16060: CHICO MARTINEZ  USGS CARNEROS ROCKS","source":"Bureau of Land Management","source_detail":"BLM GTLF OBJECTID 156031","source_id":"{288BB2D3-23BC-478F-83D7-F035C294E014}","road_class":"transportation_system_-_primitive_road","surface":"natural","vehicle_class":"4wd_low","allowed_mode":"all_moto_veh","access_restriction":"unknown","seasonal_restriction":"not_listed","route_plan_id":"1998","gis_miles":0.24983314},"geometry":{"type":"LineString","coordinates":[[-119.78495,35.4328],[-119.78498,35.43242],[-119.78504,35.43217],[-119.78506,35.43204],[-119.78506,35.43196],[-119.785,35.43191],[-119.78492,35.43188],[-119.78483,35.43192],[-119.78481,35.43203],[-119.78462,35.43199],[-119.78451,35.43192],[-119.78451,35.43186],[-119.78459,35.43181],[-119.78471,35.43175],[-119.78477,35.43168],[-119.78474,35.43162],[-119.7846,35.43161],[-119.78439,35.43167],[-119.78418,35.43166],[-119.78401,35.43157],[-119.78387,35.43138],[-119.78369,35.43128],[-119.78346,35.43128],[-119.78333,35.43123],[-119.78317,35.43105],[-119.78298,35.43092]]}},{"type":"Feature","properties":{"name":"4027","source":"Bureau of Land Management","source_detail":"BLM GTLF OBJECTID 156053","source_id":"{CAE428B5-4515-40FF-BCF2-55DEBC625F78}","road_class":"transportation_system_-_primitive_road","surface":"natural_improved","vehicle_class":"4wd_low","allowed_mode":"all_moto_veh","access_restriction":"unknown","seasonal_restriction":"not_listed","route_plan_id":"4027","gis_miles":0.37894867},"geometry":{"type":"LineString","coordinates":[[-119.60316,35.20509],[-119.60338,35.20503],[-119.60369,35.20503],[-119.60399,35.20505],[-119.60417,35.20505],[-119.6044,35.20508],[-119.60456,35.20512],[-119.60469,35.20519],[-119.60485,35.20527],[-119.60499,35.2053],[-119.60516,35.20531],[-119.60526,35.2053],[-119.60537,35.20527],[-119.60548,35.20525],[-119.60561,35.20521],[-119.60566,35.20518],[-119.60585,35.2051],[-119.60603,35.20499],[-119.60616,35.20494],[-119.60625,35.20489],[-119.60632,35.20497],[-119.60636,35.20507],[-119.60635,35.20516],[-119.60628,35.20527],[-119.60615,35.20537],[-119.60595,35.20543],[-119.60576,35.20547],[-119.60554,35.20553],[-119.60542,35.20556],[-119.60526,35.20564],[-119.60516,35.20574],[-119.60506,35.20584],[-119.60491,35.20592],[-119.6048,35.20597],[-119.60471,35.206],[-119.60456,35.206],[-119.6044,35.20597],[-119.60426,35.20592],[-119.60415,35.20604],[-119.604,35.20614],[-119.60396,35.2063]]}},{"type":"Feature","properties":{"name":"5293","source":"Bureau of Land Management","source_detail":"BLM GTLF OBJECTID 156054","source_id":"{34201478-FA61-4891-BB7A-BF91A8BF2DCC}","road_class":"transportation_system_-_primitive_road","surface":"natural_improved","vehicle_class":"4wd_low","allowed_mode":"all_moto_veh","access_restriction":"unknown","seasonal_restriction":"not_listed","route_plan_id":"5293","gis_miles":0.26217265},"geometry":{"type":"LineString","coordinates":[[-119.60854,35.2405],[-119.60854,35.24052],[-119.60854,35.24054],[-119.60852,35.24056],[-119.60851,35.24059],[-119.6085,35.24062],[-119.6085,35.24066],[-119.60849,35.24071],[-119.60849,35.24078],[-119.60848,35.24084],[-119.60848,35.24091],[-119.60847,35.24098],[-119.60847,35.24106],[-119.60846,35.24115],[-119.60845,35.24125],[-119.60844,35.24136],[-119.60844,35.24147],[-119.60843,35.24158],[-119.60842,35.24169],[-119.60842,35.2418],[-119.60842,35.2419],[-119.6084,35.242],[-119.60839,35.2421],[-119.60838,35.2422],[-119.60837,35.24229],[-119.60837,35.24238],[-119.60836,35.24246],[-119.60836,35.24254],[-119.60836,35.2426],[-119.60836,35.24266],[-119.60836,35.2427],[-119.60835,35.24274],[-119.60835,35.24278],[-119.60835,35.24281],[-119.60835,35.24284],[-119.60834,35.24287],[-119.60834,35.24288],[-119.60848,35.24294],[-119.60853,35.24294],[-119.60858,35.24296],[-119.60862,35.24297],[-119.60865,35.24299],[-119.60869,35.24301],[-119.60876,35.24305],[-119.6088,35.24308],[-119.60884,35.2431],[-119.60889,35.24313],[-119.60894,35.24317],[-119.609,35.2432],[-119.60906,35.24324],[-119.60912,35.24329],[-119.60919,35.24333],[-119.60926,35.24337],[-119.60932,35.24341],[-119.60938,35.24345],[-119.60944,35.24348],[-119.60949,35.24351],[-119.60954,35.24354],[-119.60959,35.24356],[-119.60963,35.24359],[-119.60967,35.24361],[-119.60969,35.24363],[-119.60972,35.24364],[-119.60975,35.24366],[-119.60976,35.24366]]}},{"type":"Feature","properties":{"name":"5807","source":"Bureau of Land Management","source_detail":"BLM GTLF OBJECTID 156066","source_id":"{4F3EDBE7-4857-457A-AB67-4E11D19E7EF4}","road_class":"transportation_system_-_primitive_road","surface":"natural_improved","vehicle_class":"2wd_low","allowed_mode":"all_moto_veh","access_restriction":"not_listed","seasonal_restriction":"not_listed","route_plan_id":"5807","gis_miles":0.01763223},"geometry":{"type":"LineString","coordinates":[[-119.54559,35.26132],[-119.54559,35.26134],[-119.54556,35.26136],[-119.54553,35.26136],[-119.54549,35.26137],[-119.54544,35.26137],[-119.54539,35.26137],[-119.54533,35.26137],[-119.54531,35.26137]]}},{"type":"Feature","properties":{"name":"4147","source":"Bureau of Land Management","source_detail":"BLM GTLF OBJECTID 156082","source_id":"{4E3CE3E8-54BC-4E94-95DE-1EBD4405D500}","road_class":"transportation_system_-_primitive_road","surface":"natural_improved","vehicle_class":"4wd_low","allowed_mode":"all_moto_veh","access_restriction":"unknown","seasonal_restriction":"not_listed","route_plan_id":"4147","gis_miles":0.13087009},"geometry":{"type":"LineString","coordinates":[[-119.61808,35.26688],[-119.61808,35.2667],[-119.61794,35.26649],[-119.61783,35.26626],[-119.61767,35.26602],[-119.61751,35.26592],[-119.61742,35.26574],[-119.61724,35.26532],[-119.6172,35.26517]]}},{"type":"Feature","properties":{"name":"6066","source":"Bureau of Land Management","source_detail":"BLM GTLF OBJECTID 156087","source_id":"{E40649E2-7AC9-4C03-B593-F4094485C090}","road_class":"transportation_system_-_primitive_road","surface":"natural_improved","vehicle_class":"4wd_low","allowed_mode":"all_moto_veh","access_restriction":"unknown","seasonal_restriction":"not_listed","route_plan_id":"6066","gis_miles":0.05322017},"geometry":{"type":"LineString","coordinates":[[-119.56305,35.22118],[-119.56306,35.22119],[-119.56306,35.22121],[-119.56305,35.22124],[-119.56304,35.22126],[-119.56303,35.22129],[-119.56303,35.22133],[-119.56303,35.22137],[-119.56303,35.22142],[-119.56303,35.22146],[-119.56303,35.22151],[-119.56303,35.22155],[-119.56303,35.2216],[-119.56304,35.22164],[-119.56305,35.22167],[-119.56306,35.2217],[-119.56307,35.22173],[-119.56309,35.22176],[-119.56311,35.22178],[-119.56312,35.2218],[-119.56314,35.22182],[-119.56316,35.22183],[-119.56318,35.22185],[-119.56321,35.22186],[-119.56323,35.22186],[-119.56325,35.22186],[-119.56326,35.22185]]}},{"type":"Feature","properties":{"name":"4034","source":"Bureau of Land Management","source_detail":"BLM GTLF OBJECTID 156104","source_id":"{D5EE91FD-6882-4924-BF61-469A46317846}","road_class":"transportation_system_-_primitive_road","surface":"natural_improved","vehicle_class":"4wd_low","allowed_mode":"all_moto_veh","access_restriction":"unknown","seasonal_restriction":"not_listed","route_plan_id":"4034","gis_miles":0.04216325},"geometry":{"type":"LineString","coordinates":[[-119.59888,35.20651],[-119.59894,35.20644],[-119.59901,35.20636],[-119.59905,35.20629],[-119.59903,35.20623],[-119.59904,35.20614],[-119.59906,35.20606],[-119.59908,35.20599],[-119.59909,35.20595]]}},{"type":"Feature","properties":{"name":"5786","source":"Bureau of Land Management","source_detail":"BLM GTLF OBJECTID 156117","source_id":"{32B1A08C-5AA4-4860-B82B-1BC45726B5CD}","road_class":"transportation_system_-_primitive_road","surface":"natural_improved","vehicle_class":"4wd_low","allowed_mode":"all_moto_veh","access_restriction":"unknown","seasonal_restriction":"not_listed","route_plan_id":"5786","gis_miles":0.50459543},"geometry":{"type":"LineString","coordinates":[[-119.55425,35.24383],[-119.55428,35.24383],[-119.55437,35.24384],[-119.55446,35.24384],[-119.55454,35.24384],[-119.55463,35.24384],[-119.55472,35.24385],[-119.5548,35.24386],[-119.55489,35.24386],[-119.55498,35.24387],[-119.55506,35.24388],[-119.55515,35.24388],[-119.55524,35.24389],[-119.55533,35.24389],[-119.55541,35.2439],[-119.55551,35.2439],[-119.5556,35.24391],[-119.55569,35.24391],[-119.55578,35.24392],[-119.55587,35.24392],[-119.55596,35.24393],[-119.55605,35.24393],[-119.55614,35.24394],[-119.55623,35.24394],[-119.55632,35.24395],[-119.55641,35.24396],[-119.55649,35.24396],[-119.55658,35.24397],[-119.55667,35.24398],[-119.55675,35.24399],[-119.55684,35.244],[-119.55693,35.24401],[-119.55702,35.24402],[-119.55711,35.24403],[-119.55719,35.24404],[-119.55728,35.24405],[-119.55736,35.24406],[-119.55745,35.24407],[-119.55754,35.24408],[-119.55763,35.24409],[-119.55772,35.24409],[-119.55779,35.2441],[-119.55787,35.24412],[-119.55794,35.24414],[-119.55802,35.24416],[-119.55809,35.24419],[-119.55817,35.24421],[-119.55825,35.24424],[-119.55833,35.24427],[-119.55841,35.24429],[-119.5585,35.24432],[-119.55859,35.24434],[-119.55867,35.24436],[-119.55876,35.24438],[-119.55885,35.24441],[-119.55893,35.24443],[-119.55902,35.24445],[-119.55911,35.24447],[-119.5592,35.24448],[-119.55929,35.2445],[-119.55938,35.24452],[-119.55947,35.24453],[-119.55955,35.24455],[-119.55963,35.24456],[-119.5597,35.24457],[-119.55977,35.24457],[-119.55985,35.24458],[-119.55993,35.24459],[-119.56001,35.2446],[-119.56009,35.24461],[-119.56018,35.24462],[-119.56027,35.24463],[-119.56035,35.24464],[-119.56044,35.24465],[-119.56053,35.24466],[-119.56062,35.24468],[-119.5607,35.24469],[-119.56077,35.2447],[-119.56083,35.24471],[-119.56085,35.24471],[-119.56089,35.24472],[-119.56096,35.24473],[-119.56103,35.24474],[-119.5611,35.24475],[-119.56117,35.24476],[-119.56124,35.24476],[-119.56131,35.24477],[-119.56138,35.24476],[-119.56145,35.24476],[-119.56153,35.24476],[-119.5616,35.24475],[-119.56168,35.24475],[-119.56176,35.24476],[-119.56184,35.24476],[-119.56193,35.24477],[-119.56201,35.24478],[-119.5621,35.24479],[-119.56218,35.2448],[-119.56226,35.24481],[-119.56235,35.24482],[-119.56243,35.24483],[-119.56252,35.24483],[-119.5626,35.24484],[-119.56269,35.24484],[-119.56277,35.24484],[-119.56285,35.24483],[-119.56293,35.24482],[-119.56301,35.24481],[-119.56305,35.2448]]}},{"type":"Feature","properties":{"name":"5778","source":"Bureau of Land Management","source_detail":"BLM GTLF OBJECTID 156166","source_id":"{B3204AF3-C2EC-487E-8C34-399A21C203B1}","road_class":"transportation_system_-_primitive_road","surface":"natural_improved","vehicle_class":"2wd_low","allowed_mode":"all_moto_veh","access_restriction":"not_listed","seasonal_restriction":"not_listed","route_plan_id":"5778","gis_miles":0.04037774},"geometry":{"type":"LineString","coordinates":[[-119.56532,35.24981],[-119.56532,35.24977],[-119.56533,35.24972],[-119.56533,35.24966],[-119.56533,35.2496],[-119.56534,35.24954],[-119.56534,35.24947],[-119.56535,35.2494],[-119.56536,35.24933],[-119.56537,35.24925],[-119.56537,35.24923]]}},{"type":"Feature","properties":{"name":"4167","source":"Bureau of Land Management","source_detail":"BLM GTLF OBJECTID 156185","source_id":"{8CB0FC7F-5F7E-45F5-A2BE-6CC4B93ACB35}","road_class":"transportation_system_-_primitive_road","surface":"natural_improved","vehicle_class":"4wd_low","allowed_mode":"all_moto_veh","access_restriction":"unknown","seasonal_restriction":"not_listed","route_plan_id":"4167","gis_miles":0.09793423},"geometry":{"type":"LineString","coordinates":[[-119.57177,35.22092],[-119.5717,35.22085],[-119.57164,35.22079],[-119.57152,35.22073],[-119.57134,35.22075],[-119.57126,35.22079],[-119.57131,35.22095],[-119.57131,35.22114],[-119.57131,35.22128],[-119.57146,35.22136],[-119.57165,35.22141],[-119.57178,35.22145]]}},{"type":"Feature","properties":{"name":"4023","source":"Bureau of Land Management","source_detail":"BLM GTLF OBJECTID 156187","source_id":"{8AF1BBD0-5DBB-47C2-B012-42649F3C4229}","road_class":"transportation_system_-_primitive_road","surface":"natural_improved","vehicle_class":"4wd_low","allowed_mode":"all_moto_veh","access_restriction":"unknown","seasonal_restriction":"not_listed","route_plan_id":"4023","gis_miles":0.59297236},"geometry":{"type":"LineString","coordinates":[[-119.60241,35.2075],[-119.60258,35.20746],[-119.60285,35.20741],[-119.60318,35.20733],[-119.60337,35.20728],[-119.60357,35.20725],[-119.60362,35.20724],[-119.60368,35.20722],[-119.60372,35.2072],[-119.60374,35.2071],[-119.6038,35.20704],[-119.60393,35.20699],[-119.6041,35.20694],[-119.60423,35.2069],[-119.60436,35.20689],[-119.60448,35.20689],[-119.6046,35.2069],[-119.60474,35.20689],[-119.60484,35.2069],[-119.60496,35.20692],[-119.60512,35.20694],[-119.6052,35.20693],[-119.60533,35.20687],[-119.60545,35.20679],[-119.60556,35.2067],[-119.60565,35.20661],[-119.60573,35.20654],[-119.60578,35.20647],[-119.60584,35.20638],[-119.60587,35.20635],[-119.60577,35.20629],[-119.60568,35.20624],[-119.60557,35.2062],[-119.60536,35.20623],[-119.6051,35.20629],[-119.6049,35.20634],[-119.60472,35.20639],[-119.60462,35.20641],[-119.60453,35.2064],[-119.60431,35.20636],[-119.6041,35.20632],[-119.60396,35.2063],[-119.60374,35.20631],[-119.6035,35.20635],[-119.60326,35.20637],[-119.60299,35.20639],[-119.60277,35.2064],[-119.60259,35.20644],[-119.60228,35.2065],[-119.60215,35.20651],[-119.60197,35.2065],[-119.60184,35.20648],[-119.60174,35.20647],[-119.60158,35.20645],[-119.60149,35.20644],[-119.60143,35.20636],[-119.60141,35.20627],[-119.60143,35.20615],[-119.6014,35.20603],[-119.60139,35.20593],[-119.60137,35.20585],[-119.60127,35.20583],[-119.60115,35.20585],[-119.60105,35.2059],[-119.60098,35.20599],[-119.60094,35.20606],[-119.60086,35.20609],[-119.60072,35.20606],[-119.60061,35.20602],[-119.60043,35.20596],[-119.60038,35.20596],[-119.60032,35.20595]]}},{"type":"Feature","properties":{"name":"5364","source":"Bureau of Land Management","source_detail":"BLM GTLF OBJECTID 156244","source_id":"{FF7CF1DA-7D7D-42BD-A62B-CABB0C5DB61D}","road_class":"transportation_system_-_primitive_road","surface":"natural_improved","vehicle_class":"2wd_low","allowed_mode":"unk","access_restriction":"unknown","seasonal_restriction":"not_listed","route_plan_id":"5364","gis_miles":0.03187072},"geometry":{"type":"LineString","coordinates":[[-119.57759,35.1799],[-119.5776,35.17991],[-119.57762,35.17994],[-119.57765,35.17997],[-119.57769,35.17999],[-119.57773,35.18001],[-119.57778,35.18002],[-119.57783,35.18001],[-119.57786,35.18],[-119.5779,35.17999],[-119.57794,35.17997],[-119.57797,35.17995],[-119.578,35.17992],[-119.57803,35.17989],[-119.57803,35.17988]]}},{"type":"Feature","properties":{"name":"4086","source":"Bureau of Land Management","source_detail":"BLM GTLF OBJECTID 156251","source_id":"{E9E301B0-8120-40AC-90A7-32397B36B2FF}","road_class":"transportation_system_-_primitive_road","surface":"natural_improved","vehicle_class":"2wd_low","allowed_mode":"all_moto_veh","access_restriction":"not_listed","seasonal_restriction":"not_listed","route_plan_id":"4086","gis_miles":0.19321741},"geometry":{"type":"LineString","coordinates":[[-119.52948,35.21576],[-119.52963,35.21573],[-119.53,35.21561],[-119.53064,35.21541],[-119.53089,35.21536],[-119.53145,35.21523],[-119.53197,35.21523],[-119.5324,35.21523],[-119.53271,35.21522],[-119.53279,35.21522]]}},{"type":"Feature","properties":{"name":"5383","source":"Bureau of Land Management","source_detail":"BLM GTLF OBJECTID 156260","source_id":"{A8920954-E74E-4D13-8192-67B0F00E3990}","road_class":"transportation_system_-_primitive_road","surface":"natural_improved","vehicle_class":"4wd_low","allowed_mode":"all_moto_veh","access_restriction":"unknown","seasonal_restriction":"not_listed","route_plan_id":"5383","gis_miles":0.25169358},"geometry":{"type":"LineString","coordinates":[[-119.56521,35.19793],[-119.56521,35.19792],[-119.56521,35.19791],[-119.56521,35.19789],[-119.56521,35.19787],[-119.56522,35.19784],[-119.56522,35.1978],[-119.56522,35.19776],[-119.56522,35.19772],[-119.56522,35.19767],[-119.56522,35.19763],[-119.56521,35.19759],[-119.5652,35.19755],[-119.5652,35.19751],[-119.56519,35.19746],[-119.56519,35.19742],[-119.56519,35.19738],[-119.56519,35.19734],[-119.56519,35.1973],[-119.56519,35.19726],[-119.56519,35.19721],[-119.56519,35.19717],[-119.56519,35.19713],[-119.56519,35.19709],[-119.56519,35.19706],[-119.56519,35.19702],[-119.56519,35.19698],[-119.56518,35.19695],[-119.56518,35.19691],[-119.56518,35.19688],[-119.56518,35.19684],[-119.56517,35.19681],[-119.56516,35.19677],[-119.56515,35.19673],[-119.56513,35.1967],[-119.5651,35.19666],[-119.56506,35.19663],[-119.56502,35.19661],[-119.56498,35.19658],[-119.56493,35.19655],[-119.56489,35.19652],[-119.56485,35.19649],[-119.56481,35.19646],[-119.56477,35.19643],[-119.56474,35.1964],[-119.56471,35.19638],[-119.56468,35.19635],[-119.56464,35.19632],[-119.56461,35.19628],[-119.56457,35.19625],[-119.56454,35.19621],[-119.5645,35.19617],[-119.56446,35.19612],[-119.56442,35.19607],[-119.56439,35.19602],[-119.56436,35.19597],[-119.56433,35.19592],[-119.5643,35.19587],[-119.56426,35.19583],[-119.56423,35.19578],[-119.5642,35.19573],[-119.56417,35.19568],[-119.56413,35.19563],[-119.5641,35.19559],[-119.56407,35.19554],[-119.56404,35.1955],[-119.56402,35.19546],[-119.56399,35.19541],[-119.56397,35.19537],[-119.56395,35.19532],[-119.56392,35.19527],[-119.56389,35.19523],[-119.56386,35.19518],[-119.56383,35.19513],[-119.5638,35.19508],[-119.56376,35.19504],[-119.56373,35.19499],[-119.56369,35.19495],[-119.56366,35.19491],[-119.56363,35.19488],[-119.56359,35.19484],[-119.56357,35.19481],[-119.56354,35.19479],[-119.56352,35.19476],[-119.5635,35.19474],[-119.5635,35.19473]]}},{"type":"Feature","properties":{"name":"4260","source":"Bureau of Land Management","source_detail":"BLM GTLF OBJECTID 156265","source_id":"{23CF159C-211E-44D6-8791-8B329E649151}","road_class":"transportation_system_-_primitive_road","surface":"natural_improved","vehicle_class":"2wd_low","allowed_mode":"all_moto_veh","access_restriction":"not_listed","seasonal_restriction":"not_listed","route_plan_id":"4260","gis_miles":0.07441779},"geometry":{"type":"LineString","coordinates":[[-119.61185,35.21314],[-119.61199,35.21315],[-119.61212,35.21318],[-119.61214,35.21324],[-119.61212,35.21333],[-119.612,35.21342],[-119.61191,35.21353],[-119.61187,35.21369],[-119.61183,35.21396]]}},{"type":"Feature","properties":{"name":"6064","source":"Bureau of Land Management","source_detail":"BLM GTLF OBJECTID 156288","source_id":"{EA22286C-95A6-4B60-9403-A4D667DA623A}","road_class":"transportation_system_-_primitive_road","surface":"natural_improved","vehicle_class":"4wd_low","allowed_mode":"all_moto_veh","access_restriction":"unknown","seasonal_restriction":"not_listed","route_plan_id":"6064","gis_miles":0.0011505},"geometry":{"type":"LineString","coordinates":[[-119.55888,35.22298],[-119.55887,35.22297]]}},{"type":"Feature","properties":{"name":"4050","source":"Bureau of Land Management","source_detail":"BLM GTLF OBJECTID 156309","source_id":"{5C634BBC-47D3-4AAB-847F-85A02EBC4A73}","road_class":"transportation_system_-_primitive_road","surface":"natural_improved","vehicle_class":"2wd_low","allowed_mode":"all_moto_veh","access_restriction":"not_listed","seasonal_restriction":"not_listed","route_plan_id":"4050","gis_miles":0.10591615},"geometry":{"type":"LineString","coordinates":[[-119.59319,35.20304],[-119.59319,35.20317],[-119.59323,35.20351],[-119.59328,35.20367],[-119.59334,35.20382],[-119.59341,35.20401],[-119.5935,35.20421],[-119.59354,35.20434],[-119.59362,35.20452]]}},{"type":"Feature","properties":{"name":"5256","source":"Bureau of Land Management","source_detail":"BLM GTLF OBJECTID 156314","source_id":"{7A0F36F6-34D0-47C5-A289-42881CA9D1D1}","road_class":"transportation_system_-_primitive_road","surface":"natural_improved","vehicle_class":"2wd_low","allowed_mode":"unk","access_restriction":"unknown","seasonal_restriction":"not_listed","route_plan_id":"T4200","gis_miles":1.31314249},"geometry":{"type":"LineString","coordinates":[[-119.60963,35.19088],[-119.60922,35.19096],[-119.60904,35.19101]]}},{"type":"Feature","properties":{"name":"4259","source":"Bureau of Land Management","source_detail":"BLM GTLF OBJECTID 156327","source_id":"{E99733C9-42A3-4459-97F6-3C33783E3A68}","road_class":"transportation_system_-_primitive_road","surface":"natural_improved","vehicle_class":"2wd_low","allowed_mode":"all_moto_veh","access_restriction":"not_listed","seasonal_restriction":"not_listed","route_plan_id":"4259","gis_miles":0.0524877},"geometry":{"type":"LineString","coordinates":[[-119.61213,35.21492],[-119.61211,35.2148],[-119.61223,35.21468],[-119.61235,35.21467],[-119.61248,35.21473],[-119.61256,35.21486],[-119.61258,35.21498]]}},{"type":"Feature","properties":{"name":"4048","source":"Bureau of Land Management","source_detail":"BLM GTLF OBJECTID 156332","source_id":"{495B8B5F-865A-47DC-B1E7-319D1242B980}","road_class":"transportation_system_-_primitive_road","surface":"natural_improved","vehicle_class":"2wd_low","allowed_mode":"all_moto_veh","access_restriction":"not_listed","seasonal_restriction":"not_listed","route_plan_id":"4048","gis_miles":0.09286688},"geometry":{"type":"LineString","coordinates":[[-119.59201,35.20557],[-119.59207,35.20573],[-119.59217,35.20586],[-119.5923,35.20596],[-119.59256,35.20611],[-119.59278,35.20624],[-119.59298,35.20637],[-119.59314,35.2065]]}},{"type":"Feature","properties":{"name":"5223","source":"Bureau of Land Management","source_detail":"BLM GTLF OBJECTID 156333","source_id":"{AC6696AC-B5DE-4D45-9D2C-B7280C84E66A}","road_class":"transportation_system_-_primitive_road","surface":"natural_improved","vehicle_class":"4wd_low","allowed_mode":"all_moto_veh","access_restriction":"unknown","seasonal_restriction":"not_listed","route_plan_id":"5223","gis_miles":0.27096663},"geometry":{"type":"LineString","coordinates":[[-119.63814,35.24012],[-119.63818,35.24012],[-119.63825,35.24011],[-119.63832,35.2401],[-119.63839,35.2401],[-119.63846,35.24009],[-119.63853,35.24009],[-119.6386,35.24008],[-119.63867,35.24008],[-119.63874,35.24008],[-119.63882,35.24008],[-119.63889,35.24008],[-119.63896,35.24008],[-119.63902,35.24009],[-119.63908,35.24009],[-119.63914,35.2401],[-119.63919,35.2401],[-119.63922,35.2401],[-119.63926,35.24009],[-119.63929,35.24009],[-119.63933,35.24008],[-119.63937,35.24007],[-119.63942,35.24005],[-119.63946,35.24004],[-119.6395,35.24003],[-119.63955,35.24001],[-119.63959,35.24],[-119.63964,35.23998],[-119.63969,35.23997],[-119.63974,35.23995],[-119.6398,35.23993],[-119.63986,35.23991],[-119.63992,35.23989],[-119.63999,35.23986],[-119.64005,35.23983],[-119.64011,35.2398],[-119.64018,35.23977],[-119.64024,35.23974],[-119.6403,35.23971],[-119.64036,35.23968],[-119.64042,35.23965],[-119.64048,35.23962],[-119.64054,35.23959],[-119.6406,35.23956],[-119.64065,35.23954],[-119.6407,35.23951],[-119.64075,35.23949],[-119.64081,35.23946],[-119.64086,35.23944],[-119.64091,35.23942],[-119.64096,35.2394],[-119.641,35.23938],[-119.64105,35.23936],[-119.64109,35.23934],[-119.64114,35.23932],[-119.64119,35.2393],[-119.64124,35.23928],[-119.64129,35.23926],[-119.64135,35.23925],[-119.6414,35.23924],[-119.64146,35.23924],[-119.64151,35.23924],[-119.64156,35.23925],[-119.64162,35.23926],[-119.64167,35.23927],[-119.64173,35.23928],[-119.64179,35.2393],[-119.64185,35.23931],[-119.6419,35.23933],[-119.64196,35.23935],[-119.64201,35.23937],[-119.64206,35.23939],[-119.64211,35.23941],[-119.64215,35.23943],[-119.6422,35.23945],[-119.64225,35.23947],[-119.64229,35.23949],[-119.64234,35.23951],[-119.64238,35.23953],[-119.64243,35.23954],[-119.64247,35.23955],[-119.64252,35.23956],[-119.64257,35.23956],[-119.64261,35.23955]]}},{"type":"Feature","properties":{"name":"4059","source":"Bureau of Land Management","source_detail":"BLM GTLF OBJECTID 156334","source_id":"{DA4BDC42-47C9-4DEF-BF3C-768432AF229C}","road_class":"transportation_system_-_primitive_road","surface":"natural_improved","vehicle_class":"2wd_low","allowed_mode":"all_moto_veh","access_restriction":"not_listed","seasonal_restriction":"not_listed","route_plan_id":"4059","gis_miles":0.66403209},"geometry":{"type":"LineString","coordinates":[[-119.61598,35.21124],[-119.61565,35.21119],[-119.61546,35.21116],[-119.61537,35.21115],[-119.6152,35.21108],[-119.61474,35.21093],[-119.61466,35.2109],[-119.61442,35.2108],[-119.61423,35.21072],[-119.61415,35.21065],[-119.61415,35.21064],[-119.61414,35.21054],[-119.61414,35.21041],[-119.61412,35.21027],[-119.61404,35.21014],[-119.61386,35.20996],[-119.61367,35.20977],[-119.61353,35.20963],[-119.61341,35.20954],[-119.61325,35.20949],[-119.61318,35.20954],[-119.61315,35.2096],[-119.61318,35.20971],[-119.6132,35.20984],[-119.6132,35.20993],[-119.61312,35.21002],[-119.61298,35.21009],[-119.61282,35.21011],[-119.61261,35.21014],[-119.61232,35.21024],[-119.61208,35.21033],[-119.61182,35.21038],[-119.61161,35.21042],[-119.61144,35.21042],[-119.61128,35.21039],[-119.61111,35.21034],[-119.61096,35.21019],[-119.61079,35.21002],[-119.61068,35.20994],[-119.61065,35.20992],[-119.61053,35.20985],[-119.61038,35.20982],[-119.61024,35.20981],[-119.60999,35.20986],[-119.60967,35.20992],[-119.6096,35.20994],[-119.60927,35.21003],[-119.60889,35.21013],[-119.60888,35.21013],[-119.60876,35.21017],[-119.6086,35.21017],[-119.60849,35.21016],[-119.6084,35.21016],[-119.60831,35.21013],[-119.60824,35.21011],[-119.60817,35.21009],[-119.60802,35.21007],[-119.60789,35.21001],[-119.60788,35.20987],[-119.60789,35.20972],[-119.60783,35.20965],[-119.6077,35.20962],[-119.6076,35.20958],[-119.60745,35.2096],[-119.60725,35.20965],[-119.60719,35.20967],[-119.60709,35.20977],[-119.60698,35.2099],[-119.60692,35.20994]]}},{"type":"Feature","properties":{"name":"5390","source":"Bureau of Land Management","source_detail":"BLM GTLF OBJECTID 156340","source_id":"{3DB791E3-430B-46EB-AC2B-25BC2BD5B527}","road_class":"transportation_system_-_primitive_road","surface":"natural_improved","vehicle_class":"4wd_low","allowed_mode":"all_moto_veh","access_restriction":"unknown","seasonal_restriction":"not_listed","route_plan_id":"5390","gis_miles":0.26566814},"geometry":{"type":"LineString","coordinates":[[-119.56521,35.19793],[-119.56524,35.19792],[-119.5653,35.1979],[-119.56535,35.19788],[-119.5654,35.19786],[-119.56545,35.19784],[-119.56551,35.19782],[-119.56556,35.19781],[-119.56561,35.1978],[-119.56566,35.19779],[-119.56573,35.19778],[-119.5658,35.19776],[-119.56587,35.19774],[-119.56594,35.19769],[-119.56599,35.19764],[-119.56604,35.19758],[-119.56609,35.19752],[-119.56612,35.19745],[-119.56616,35.19738],[-119.56618,35.19732],[-119.56619,35.19726],[-119.56619,35.1972],[-119.56619,35.19714],[-119.56619,35.19708],[-119.5662,35.19702],[-119.56622,35.19695],[-119.56624,35.19689],[-119.56627,35.19684],[-119.56629,35.19679],[-119.56633,35.19673],[-119.56636,35.19666],[-119.56639,35.19659],[-119.56643,35.19652],[-119.56646,35.19646],[-119.56649,35.1964],[-119.56651,35.19636],[-119.56653,35.19632],[-119.56654,35.19629],[-119.56657,35.19624],[-119.56659,35.19619],[-119.56662,35.19614],[-119.56665,35.19608],[-119.56668,35.19603],[-119.56671,35.19597],[-119.56674,35.19591],[-119.56677,35.19585],[-119.56681,35.19579],[-119.56684,35.19573],[-119.56688,35.19566],[-119.56692,35.1956],[-119.56695,35.19553],[-119.56699,35.19546],[-119.56703,35.19538],[-119.56707,35.19531],[-119.56711,35.19524],[-119.56714,35.19517],[-119.56718,35.19511],[-119.56722,35.19505],[-119.56726,35.19499],[-119.56729,35.19494],[-119.56732,35.1949],[-119.56735,35.19485],[-119.56737,35.19481],[-119.56739,35.19478],[-119.5674,35.19476],[-119.5674,35.19475]]}},{"type":"Feature","properties":{"name":"5697","source":"Bureau of Land Management","source_detail":"BLM GTLF OBJECTID 156352","source_id":"{109B34CA-7C86-4565-9F09-D6861CC957E0}","road_class":"transportation_system_-_primitive_road","surface":"natural_improved","vehicle_class":"2wd_low","allowed_mode":"all_moto_veh","access_restriction":"not_listed","seasonal_restriction":"not_listed","route_plan_id":"5697","gis_miles":0.00718106},"geometry":{"type":"LineString","coordinates":[[-119.53614,35.22378],[-119.53619,35.22378],[-119.53626,35.22377],[-119.53627,35.22377]]}},{"type":"Feature","properties":{"name":"4069","source":"Bureau of Land Management","source_detail":"BLM GTLF OBJECTID 156391","source_id":"{21FEC8B2-224D-442D-B8BC-9EAA505A5480}","road_class":"transportation_system_-_primitive_road","surface":"natural_improved","vehicle_class":"2wd_low","allowed_mode":"all_moto_veh","access_restriction":"not_listed","seasonal_restriction":"not_listed","route_plan_id":"4069","gis_miles":0.04967238},"geometry":{"type":"LineString","coordinates":[[-119.60967,35.21063],[-119.6095,35.21057],[-119.60939,35.21037],[-119.60933,35.21021],[-119.60927,35.21003]]}},{"type":"Feature","properties":{"name":"5625","source":"Bureau of Land Management","source_detail":"BLM GTLF OBJECTID 156414","source_id":"{F7DAA79D-8927-4BF7-8C4E-AE15F37D4471}","road_class":"transportation_system_-_primitive_road","surface":"natural_improved","vehicle_class":"2wd_low","allowed_mode":"all_moto_veh","access_restriction":"not_listed","seasonal_restriction":"not_listed","route_plan_id":"5625","gis_miles":0.02575725},"geometry":{"type":"LineString","coordinates":[[-119.55376,35.2273],[-119.55381,35.22729],[-119.55387,35.22728],[-119.55392,35.22728],[-119.55396,35.22727],[-119.55398,35.22727],[-119.55401,35.22727],[-119.55405,35.22727],[-119.5541,35.22726],[-119.55416,35.22725],[-119.55421,35.22724]]}},{"type":"Feature","properties":{"name":"5378","source":"Bureau of Land Management","source_detail":"BLM GTLF OBJECTID 156418","source_id":"{C4C9FD3F-52C9-4C7A-84C5-F487036F0205}","road_class":"transportation_system_-_primitive_road","surface":"natural_improved","vehicle_class":"4wd_low","allowed_mode":"all_moto_veh","access_restriction":"unknown","seasonal_restriction":"not_listed","route_plan_id":"5378","gis_miles":0.13873531},"geometry":{"type":"LineString","coordinates":[[-119.56815,35.20012],[-119.56814,35.20012],[-119.5681,35.20011],[-119.56807,35.20009],[-119.56803,35.20008],[-119.56799,35.20006],[-119.56795,35.20005],[-119.56792,35.20003],[-119.56788,35.20001],[-119.56785,35.19999],[-119.56782,35.19997],[-119.56778,35.19994],[-119.56775,35.19991],[-119.56771,35.19988],[-119.56768,35.19984],[-119.56764,35.19981],[-119.56761,35.19978],[-119.56757,35.19975],[-119.56753,35.19972],[-119.56749,35.1997],[-119.56744,35.19968],[-119.5674,35.19967],[-119.56736,35.19966],[-119.56732,35.19965],[-119.56728,35.19964],[-119.56726,35.19961],[-119.56723,35.19959],[-119.5672,35.19957],[-119.56718,35.19954],[-119.56716,35.19952],[-119.56713,35.19949],[-119.5671,35.19946],[-119.56707,35.19943],[-119.56704,35.1994],[-119.567,35.19936],[-119.56697,35.19933],[-119.56694,35.19929],[-119.5669,35.19925],[-119.56687,35.19922],[-119.56683,35.19919],[-119.56679,35.19916],[-119.56676,35.19913],[-119.56672,35.19911],[-119.56669,35.19908],[-119.56667,35.19905],[-119.56664,35.19902],[-119.56663,35.19899],[-119.56661,35.19896],[-119.56661,35.19893],[-119.56661,35.1989],[-119.56661,35.19887],[-119.56663,35.19884],[-119.56665,35.19882],[-119.56666,35.1988],[-119.56668,35.19877],[-119.5667,35.19876],[-119.56673,35.19874]]}},{"type":"Feature","properties":{"name":"4237","source":"Bureau of Land Management","source_detail":"BLM GTLF OBJECTID 156426","source_id":"{1A852060-6143-4A36-9B95-85DC3A7CB5FD}","road_class":"transportation_system_-_primitive_road","surface":"natural_improved","vehicle_class":"2wd_low","allowed_mode":"all_moto_veh","access_restriction":"not_listed","seasonal_restriction":"not_listed","route_plan_id":"4237","gis_miles":0.05586352},"geometry":{"type":"LineString","coordinates":[[-119.61378,35.21608],[-119.61397,35.21596],[-119.61409,35.21583],[-119.61415,35.21568],[-119.61424,35.21558],[-119.61433,35.2155],[-119.61438,35.21545]]}},{"type":"Feature","properties":{"name":"5794","source":"Bureau of Land Management","source_detail":"BLM GTLF OBJECTID 156428","source_id":"{1CBFD059-EA07-4BC9-A997-AFDDAE7D1686}","road_class":"transportation_system_-_primitive_road","surface":"natural_improved","vehicle_class":"4wd_low","allowed_mode":"all_moto_veh","access_restriction":"unknown","seasonal_restriction":"not_listed","route_plan_id":"5794","gis_miles":0.0259866},"geometry":{"type":"LineString","coordinates":[[-119.54531,35.26112],[-119.54535,35.26115],[-119.54541,35.26119],[-119.54547,35.26124],[-119.54553,35.26128],[-119.54558,35.26132],[-119.54559,35.26132],[-119.54562,35.26134],[-119.54566,35.26136]]}},{"type":"Feature","properties":{"name":"4054","source":"Bureau of Land Management","source_detail":"BLM GTLF OBJECTID 156455","source_id":"{9F0BCDD0-FECF-4CE5-A2CA-4D09DD538AEC}","road_class":"transportation_system_-_primitive_road","surface":"natural_improved","vehicle_class":"2wd_low","allowed_mode":"all_moto_veh","access_restriction":"not_listed","seasonal_restriction":"not_listed","route_plan_id":"4054","gis_miles":0.17853462},"geometry":{"type":"LineString","coordinates":[[-119.59276,35.20513],[-119.59266,35.20499],[-119.59264,35.20495],[-119.59262,35.20493],[-119.59257,35.20478],[-119.59254,35.2047],[-119.59248,35.20458],[-119.59246,35.20439],[-119.59245,35.20419],[-119.59242,35.20407],[-119.59241,35.20395],[-119.59245,35.20385],[-119.59252,35.20372],[-119.59257,35.20357],[-119.59284,35.20338],[-119.59294,35.20329],[-119.59306,35.20319],[-119.59319,35.20304],[-119.59323,35.20283]]}},{"type":"Feature","properties":{"name":"5961","source":"Bureau of Land Management","source_detail":"BLM GTLF OBJECTID 156459","source_id":"{9ABAEB23-2CA7-4E36-B477-81AA6A24322B}","road_class":"transportation_system_-_primitive_road","surface":"natural_improved","vehicle_class":"4wd_low","allowed_mode":"all_moto_veh","access_restriction":"unknown","seasonal_restriction":"not_listed","route_plan_id":"5961","gis_miles":0.18275984},"geometry":{"type":"LineString","coordinates":[[-119.53612,35.19214],[-119.53612,35.19215],[-119.53612,35.19219],[-119.53612,35.19222],[-119.53611,35.19226],[-119.53611,35.19229],[-119.53611,35.19232],[-119.53611,35.19236],[-119.53611,35.19239],[-119.5361,35.19243],[-119.5361,35.19246],[-119.5361,35.1925],[-119.53611,35.19253],[-119.53611,35.19257],[-119.53611,35.19261],[-119.53611,35.19265],[-119.53611,35.19269],[-119.5361,35.19273],[-119.5361,35.19276],[-119.5361,35.1928],[-119.5361,35.19283],[-119.5361,35.19287],[-119.53611,35.1929],[-119.53611,35.19294],[-119.53611,35.19297],[-119.5361,35.193],[-119.5361,35.19303],[-119.5361,35.19307],[-119.5361,35.1931],[-119.5361,35.19314],[-119.5361,35.19318],[-119.53611,35.19322],[-119.53611,35.19324],[-119.53611,35.19327],[-119.53611,35.19329],[-119.53611,35.19332],[-119.53611,35.19335],[-119.53611,35.19338],[-119.53611,35.19341],[-119.53611,35.19345],[-119.53611,35.19348],[-119.53611,35.19351],[-119.53611,35.19355],[-119.53612,35.19359],[-119.53612,35.19363],[-119.53612,35.19367],[-119.53613,35.19371],[-119.53613,35.19374],[-119.53613,35.19378],[-119.53613,35.19381],[-119.53613,35.19385],[-119.53612,35.19388],[-119.53612,35.19392],[-119.53612,35.19396],[-119.53612,35.194],[-119.53612,35.19403],[-119.53612,35.19407],[-119.53612,35.19411],[-119.53611,35.19415],[-119.53611,35.19419],[-119.53609,35.19423],[-119.53608,35.19426],[-119.53607,35.1943],[-119.53605,35.19433],[-119.53602,35.19437],[-119.53599,35.1944],[-119.53596,35.19443],[-119.53593,35.19446],[-119.53589,35.19449],[-119.53586,35.19451],[-119.53584,35.19453],[-119.53582,35.19455],[-119.5358,35.19457],[-119.53577,35.19459],[-119.53574,35.19462],[-119.53572,35.19464],[-119.53571,35.19464],[-119.5357,35.19466],[-119.5357,35.19467]]}},{"type":"Feature","properties":{"name":"5633","source":"Bureau of Land Management","source_detail":"BLM GTLF OBJECTID 156472","source_id":"{4A0B9BD8-0133-49E4-A76E-300415C0B6F5}","road_class":"transportation_system_-_primitive_road","surface":"natural_improved","vehicle_class":"2wd_low","allowed_mode":"all_moto_veh","access_restriction":"not_listed","seasonal_restriction":"not_listed","route_plan_id":"5633","gis_miles":0.46653353},"geometry":{"type":"LineString","coordinates":[[-119.56128,35.22101],[-119.56126,35.221],[-119.56118,35.22098],[-119.5611,35.22096],[-119.56102,35.22093],[-119.56094,35.2209],[-119.56087,35.22085],[-119.5608,35.22079],[-119.56073,35.22072],[-119.56068,35.22064],[-119.56063,35.22056],[-119.56057,35.22048],[-119.56051,35.2204],[-119.56045,35.22033],[-119.56039,35.22026],[-119.56033,35.2202],[-119.56027,35.22014],[-119.56026,35.22013],[-119.56023,35.22009],[-119.56018,35.22003],[-119.56014,35.21997],[-119.5601,35.2199],[-119.56006,35.21983],[-119.56004,35.21975],[-119.56001,35.21968],[-119.55998,35.2196],[-119.55995,35.21954],[-119.55992,35.21948],[-119.55989,35.21941],[-119.55986,35.21935],[-119.55985,35.21927],[-119.55985,35.21919],[-119.55985,35.21911],[-119.55986,35.21903],[-119.55986,35.21896],[-119.55987,35.21888],[-119.55989,35.21882],[-119.5599,35.21875],[-119.55992,35.2187],[-119.55992,35.21869],[-119.55994,35.21862],[-119.55996,35.21855],[-119.55998,35.21849],[-119.55999,35.21842],[-119.56,35.21834],[-119.56001,35.21827],[-119.56,35.2182],[-119.56,35.21813],[-119.56,35.21806],[-119.56,35.21798],[-119.55999,35.2179],[-119.55999,35.21782],[-119.55998,35.21774],[-119.55997,35.21766],[-119.55997,35.21758],[-119.55996,35.21751],[-119.55995,35.21743],[-119.55995,35.21735],[-119.55994,35.21727],[-119.55993,35.21719],[-119.55993,35.21712],[-119.55993,35.21704],[-119.55992,35.21697],[-119.55992,35.21689],[-119.55991,35.21682],[-119.5599,35.21674],[-119.55989,35.21666],[-119.55987,35.21657],[-119.55986,35.21649],[-119.55984,35.21641],[-119.55983,35.21634],[-119.55981,35.21627],[-119.55981,35.2162],[-119.5598,35.21615],[-119.5598,35.2161],[-119.55979,35.21605],[-119.55976,35.21601],[-119.55971,35.21598],[-119.55965,35.21595],[-119.55958,35.21593],[-119.5595,35.21591],[-119.55941,35.2159],[-119.55933,35.21588],[-119.55924,35.21586],[-119.55916,35.21584],[-119.55908,35.21581],[-119.559,35.21579],[-119.55892,35.21577],[-119.55884,35.21575],[-119.55875,35.21573],[-119.55866,35.21571],[-119.55857,35.2157],[-119.5585,35.21569],[-119.55842,35.21567],[-119.55835,35.21565],[-119.55829,35.21563],[-119.55826,35.21563]]}},{"type":"Feature","properties":{"name":"5804","source":"Bureau of Land Management","source_detail":"BLM GTLF OBJECTID 156480","source_id":"{4407E959-4BF9-48B4-833D-6FC5E510C23B}","road_class":"transportation_system_-_primitive_road","surface":"natural_improved","vehicle_class":"4wd_low","allowed_mode":"all_moto_veh","access_restriction":"unknown","seasonal_restriction":"not_listed","route_plan_id":"5804","gis_miles":0.02277102},"geometry":{"type":"LineString","coordinates":[[-119.54112,35.26293],[-119.54112,35.26292],[-119.54109,35.26289],[-119.54105,35.26285],[-119.54101,35.26281],[-119.54097,35.26277],[-119.54092,35.26272],[-119.54087,35.26267],[-119.54087,35.26267]]}},{"type":"Feature","properties":{"name":"5317","source":"Bureau of Land Management","source_detail":"BLM GTLF OBJECTID 156487","source_id":"{8C008310-4204-4B4A-B278-6D46B3C739B1}","road_class":"transportation_system_-_primitive_road","surface":"natural_improved","vehicle_class":"2wd_low","allowed_mode":"all_moto_veh","access_restriction":"not_listed","seasonal_restriction":"not_listed","route_plan_id":"5317","gis_miles":0.20480755},"geometry":{"type":"LineString","coordinates":[[-119.60887,35.23852],[-119.60887,35.23852],[-119.60883,35.23852],[-119.60878,35.23851],[-119.60876,35.23851],[-119.60873,35.23851],[-119.60867,35.23851],[-119.60861,35.23851],[-119.60855,35.23852],[-119.60849,35.23852],[-119.60843,35.23853],[-119.60836,35.23854],[-119.6083,35.23855],[-119.60823,35.23856],[-119.60817,35.23857],[-119.60811,35.23858],[-119.60805,35.23859],[-119.60801,35.23861],[-119.60799,35.23865],[-119.60799,35.23867],[-119.60799,35.23869],[-119.60799,35.23873],[-119.60801,35.23877],[-119.60804,35.23881],[-119.60807,35.23885],[-119.60811,35.2389],[-119.60815,35.23894],[-119.60818,35.23898],[-119.60821,35.23902],[-119.60824,35.23906],[-119.60828,35.23909],[-119.60832,35.23912],[-119.60837,35.23915],[-119.60843,35.23917],[-119.60848,35.23919],[-119.60854,35.2392],[-119.60859,35.23922],[-119.60864,35.23924],[-119.60868,35.23926],[-119.60871,35.2393],[-119.60873,35.23934],[-119.60874,35.23939],[-119.60874,35.23944],[-119.60872,35.2395],[-119.60871,35.23955],[-119.60869,35.23959],[-119.60867,35.23963],[-119.60863,35.23966],[-119.60859,35.23969],[-119.60855,35.23971],[-119.60852,35.23975],[-119.6085,35.23978],[-119.60849,35.23981],[-119.6085,35.23985],[-119.60851,35.23989],[-119.60852,35.23993],[-119.60853,35.23996],[-119.60853,35.24],[-119.60854,35.24005],[-119.60854,35.24009],[-119.60854,35.24015],[-119.60854,35.2402],[-119.60854,35.24025],[-119.60854,35.24031],[-119.60854,35.24036],[-119.60854,35.2404],[-119.60854,35.24045],[-119.60853,35.24049],[-119.60854,35.2405]]}},{"type":"Feature","properties":{"name":"4081","source":"Bureau of Land Management","source_detail":"BLM GTLF OBJECTID 156503","source_id":"{D0785C32-785F-48CA-B969-1CB52A54296D}","road_class":"transportation_system_-_primitive_road","surface":"natural_improved","vehicle_class":"2wd_low","allowed_mode":"all_moto_veh","access_restriction":"not_listed","seasonal_restriction":"not_listed","route_plan_id":"4081","gis_miles":0.0853026},"geometry":{"type":"LineString","coordinates":[[-119.6084,35.21282],[-119.60833,35.21268],[-119.60829,35.21261],[-119.60825,35.21256],[-119.60819,35.21251],[-119.60808,35.21249],[-119.60793,35.21246],[-119.60782,35.21241],[-119.60772,35.21235],[-119.60766,35.21229],[-119.60766,35.21217],[-119.60767,35.21207],[-119.60766,35.21192]]}},{"type":"Feature","properties":{"name":"4040","source":"Bureau of Land Management","source_detail":"BLM GTLF OBJECTID 156522","source_id":"{EB3A5A18-A6E9-4D47-9CF1-ABE8B534115E}","road_class":"transportation_system_-_primitive_road","surface":"natural_improved","vehicle_class":"2wd_low","allowed_mode":"all_moto_veh","access_restriction":"not_listed","seasonal_restriction":"not_listed","route_plan_id":"4040","gis_miles":0.22017484},"geometry":{"type":"LineString","coordinates":[[-119.59672,35.20639],[-119.59659,35.20628],[-119.59654,35.20624],[-119.59639,35.20616],[-119.59609,35.20603],[-119.5958,35.20592],[-119.59554,35.20584],[-119.5954,35.20577],[-119.59522,35.20568],[-119.59485,35.20542],[-119.59467,35.20526],[-119.59438,35.20506],[-119.59418,35.20499],[-119.59407,35.20496],[-119.59381,35.20479],[-119.59353,35.20461]]}},{"type":"Feature","properties":{"name":"4250","source":"Bureau of Land Management","source_detail":"BLM GTLF OBJECTID 156526","source_id":"{6983A49E-4279-42AF-B417-722BE10BD37B}","road_class":"transportation_system_-_primitive_road","surface":"natural_improved","vehicle_class":"2wd_low","allowed_mode":"all_moto_veh","access_restriction":"not_listed","seasonal_restriction":"not_listed","route_plan_id":"4250","gis_miles":0.04597547},"geometry":{"type":"LineString","coordinates":[[-119.61452,35.21397],[-119.61445,35.21383],[-119.61434,35.21361],[-119.61422,35.21346],[-119.61412,35.2134]]}},{"type":"Feature","properties":{"name":"654","source":"Bureau of Land Management","source_detail":"BLM GTLF OBJECTID 156535","source_id":"{3B059EDB-B769-4B91-AADD-58A2B9D262ED}","road_class":"transportation_system_-_primitive_road","surface":"natural_improved","vehicle_class":"4wd_low","allowed_mode":"all_moto_veh","access_restriction":"unknown","seasonal_restriction":"not_listed","route_plan_id":"654","gis_miles":0.12210709},"geometry":{"type":"LineString","coordinates":[[-119.62923,35.33261],[-119.62951,35.33286],[-119.62994,35.33306],[-119.63041,35.33331],[-119.63047,35.33334],[-119.63083,35.33362],[-119.63092,35.3337]]}},{"type":"Feature","properties":{"name":"5785","source":"Bureau of Land Management","source_detail":"BLM GTLF OBJECTID 156538","source_id":"{3957C415-6233-4C8E-BCAB-050CE46CE0A7}","road_class":"transportation_system_-_primitive_road","surface":"natural_improved","vehicle_class":"4wd_low","allowed_mode":"all_moto_veh","access_restriction":"unknown","seasonal_restriction":"not_listed","route_plan_id":"5785","gis_miles":0.04410512},"geometry":{"type":"LineString","coordinates":[[-119.5535,35.25329],[-119.55347,35.25328],[-119.55344,35.25326],[-119.55341,35.25324],[-119.55338,35.2532],[-119.55336,35.25316],[-119.55333,35.25312],[-119.55331,35.25307],[-119.55328,35.25301],[-119.55326,35.25296],[-119.55323,35.2529],[-119.5532,35.25285],[-119.55318,35.2528],[-119.55315,35.25276],[-119.55314,35.25274]]}},{"type":"Feature","properties":{"name":"4049","source":"Bureau of Land Management","source_detail":"BLM GTLF OBJECTID 156551","source_id":"{203D2F4A-FDAF-4578-A786-A5F266E8EFC1}","road_class":"transportation_system_-_primitive_road","surface":"natural_improved","vehicle_class":"2wd_low","allowed_mode":"all_moto_veh","access_restriction":"not_listed","seasonal_restriction":"not_listed","route_plan_id":"4049","gis_miles":0.09619278},"geometry":{"type":"LineString","coordinates":[[-119.59441,35.20389],[-119.59431,35.20376],[-119.5942,35.20364],[-119.59411,35.20356],[-119.59382,35.20352],[-119.5936,35.20343],[-119.59343,35.20333],[-119.59327,35.20324],[-119.59319,35.20304]]}},{"type":"Feature","properties":{"name":"5389","source":"Bureau of Land Management","source_detail":"BLM GTLF OBJECTID 156574","source_id":"{15A896C3-622E-4260-8C98-B3A827F34BC8}","road_class":"transportation_system_-_primitive_road","surface":"natural_improved","vehicle_class":"4wd_low","allowed_mode":"all_moto_veh","access_restriction":"unknown","seasonal_restriction":"not_listed","route_plan_id":"5389","gis_miles":0.28607444},"geometry":{"type":"LineString","coordinates":[[-119.56521,35.19793],[-119.56518,35.19797],[-119.56514,35.19797],[-119.56509,35.19797],[-119.56505,35.19798],[-119.565,35.19798],[-119.56495,35.19798],[-119.56489,35.19797],[-119.56483,35.19795],[-119.56477,35.19791],[-119.5647,35.19788],[-119.56464,35.19785],[-119.56457,35.19782],[-119.56449,35.19779],[-119.56441,35.19777],[-119.56432,35.19775],[-119.56422,35.19772],[-119.56413,35.19768],[-119.56405,35.19763],[-119.56397,35.19756],[-119.56392,35.19749],[-119.56387,35.19741],[-119.56382,35.19732],[-119.56377,35.19724],[-119.56372,35.19716],[-119.56367,35.19708],[-119.56363,35.197],[-119.56358,35.19693],[-119.56354,35.19687],[-119.56348,35.19682],[-119.56344,35.19677],[-119.56339,35.19672],[-119.56336,35.19668],[-119.56333,35.19664],[-119.56332,35.1966],[-119.56332,35.19656],[-119.56333,35.19651],[-119.56335,35.19647],[-119.56338,35.19642],[-119.5634,35.19636],[-119.56342,35.19629],[-119.56344,35.19621],[-119.56345,35.19613],[-119.56345,35.19604],[-119.56345,35.19595],[-119.56345,35.19586],[-119.56345,35.19577],[-119.56346,35.19567],[-119.56346,35.19558],[-119.56347,35.19549],[-119.56348,35.1954],[-119.56349,35.19531],[-119.5635,35.19522],[-119.56351,35.19513],[-119.56351,35.19504],[-119.56351,35.19496],[-119.56351,35.19489],[-119.56351,35.19484],[-119.5635,35.19479],[-119.5635,35.19476],[-119.5635,35.19473]]}},{"type":"Feature","properties":{"name":"4260","source":"Bureau of Land Management","source_detail":"BLM GTLF OBJECTID 156582","source_id":"{CDEC18A1-A10C-4A13-AD61-209BA183C1AE}","road_class":"transportation_system_-_primitive_road","surface":"natural_improved","vehicle_class":"2wd_low","allowed_mode":"all_moto_veh","access_restriction":"not_listed","seasonal_restriction":"not_listed","route_plan_id":"4260","gis_miles":0.02873432},"geometry":{"type":"LineString","coordinates":[[-119.61149,35.21398],[-119.61145,35.21405],[-119.61147,35.21423],[-119.61152,35.21438]]}},{"type":"Feature","properties":{"name":"6030","source":"Bureau of Land Management","source_detail":"BLM GTLF OBJECTID 156583","source_id":"{A2810375-7F7A-459F-8E04-E93957FE957A}","road_class":"transportation_system_-_primitive_road","surface":"natural_improved","vehicle_class":"4wd_low","allowed_mode":"all_moto_veh","access_restriction":"unknown","seasonal_restriction":"not_listed","route_plan_id":"6030","gis_miles":0.14811797},"geometry":{"type":"LineString","coordinates":[[-119.53385,35.20927],[-119.53384,35.20927],[-119.5338,35.20925],[-119.53375,35.20925],[-119.53369,35.20925],[-119.53362,35.20925],[-119.53356,35.20925],[-119.53348,35.20925],[-119.53341,35.20926],[-119.53333,35.20926],[-119.53325,35.20926],[-119.53316,35.20926],[-119.53308,35.20926],[-119.53299,35.20926],[-119.5329,35.20926],[-119.53282,35.20926],[-119.53275,35.20927],[-119.53268,35.20927],[-119.53262,35.20927],[-119.53257,35.20927],[-119.53254,35.20927],[-119.53252,35.20927],[-119.53251,35.20927],[-119.5325,35.20928],[-119.53247,35.20928],[-119.53244,35.20928],[-119.5324,35.20928],[-119.53236,35.20928],[-119.53233,35.20929],[-119.5323,35.20928],[-119.53228,35.20928],[-119.53227,35.20927],[-119.53226,35.20926],[-119.53225,35.20925],[-119.53225,35.20925],[-119.53225,35.20924],[-119.53225,35.20924],[-119.53224,35.20923],[-119.53223,35.20923],[-119.53223,35.20922],[-119.53222,35.20922],[-119.53221,35.20921],[-119.53219,35.2092],[-119.53216,35.2092],[-119.53212,35.20919],[-119.53207,35.20919],[-119.53202,35.20919],[-119.53196,35.20919],[-119.5319,35.20919],[-119.53183,35.20919],[-119.53176,35.20919],[-119.53169,35.20919],[-119.53162,35.20919],[-119.53155,35.20919],[-119.5315,35.20919],[-119.53144,35.20919],[-119.5314,35.20919],[-119.53136,35.20919],[-119.53133,35.20918],[-119.53131,35.20918],[-119.5313,35.20917],[-119.53129,35.20916]]}},{"type":"Feature","properties":{"name":"5320","source":"Bureau of Land Management","source_detail":"BLM GTLF OBJECTID 156595","source_id":"{C0FAD3EF-B376-4090-AAE7-79ACE1FA6A19}","road_class":"transportation_system_-_primitive_road","surface":"natural","vehicle_class":"4wd_low","allowed_mode":"all_moto_veh","access_restriction":"unknown","seasonal_restriction":"not_listed","route_plan_id":"5320","gis_miles":0.11666161},"geometry":{"type":"LineString","coordinates":[[-119.64503,35.23101],[-119.64508,35.23102],[-119.6451,35.23102],[-119.64519,35.23103],[-119.6453,35.23105],[-119.64541,35.23106],[-119.64552,35.23107],[-119.64563,35.23109],[-119.64574,35.2311],[-119.64585,35.23112],[-119.64597,35.23113],[-119.64608,35.23114],[-119.6462,35.23116],[-119.64631,35.23118],[-119.64641,35.2312],[-119.6465,35.23124],[-119.64659,35.23127],[-119.64666,35.23131],[-119.64673,35.23135],[-119.64679,35.23138],[-119.64686,35.23141],[-119.64693,35.23143],[-119.647,35.23144],[-119.647,35.23144]]}},{"type":"Feature","properties":{"name":"4030","source":"Bureau of Land Management","source_detail":"BLM GTLF OBJECTID 156605","source_id":"{9D12A609-75BF-4747-9530-267E58E784AE}","road_class":"transportation_system_-_primitive_road","surface":"natural_improved","vehicle_class":"4wd_low","allowed_mode":"all_moto_veh","access_restriction":"unknown","seasonal_restriction":"not_listed","route_plan_id":"4030","gis_miles":0.07203176},"geometry":{"type":"LineString","coordinates":[[-119.60396,35.20445],[-119.60413,35.20443],[-119.60431,35.20435],[-119.60457,35.20412],[-119.60488,35.20379]]}},{"type":"Feature","properties":{"name":"5307","source":"Bureau of Land Management","source_detail":"BLM GTLF OBJECTID 156608","source_id":"{70BCB82E-7ED9-4058-AE58-A32BD452DC60}","road_class":"transportation_system_-_primitive_road","surface":"natural","vehicle_class":"4wd_low","allowed_mode":"all_moto_veh","access_restriction":"unknown","seasonal_restriction":"not_listed","route_plan_id":"5307","gis_miles":0.32030281},"geometry":{"type":"LineString","coordinates":[[-119.60552,35.24541],[-119.60552,35.24541],[-119.60553,35.2454],[-119.60555,35.24539],[-119.60559,35.24537],[-119.60564,35.24535],[-119.60569,35.24533],[-119.60575,35.24531],[-119.6058,35.24529],[-119.60585,35.24528],[-119.60591,35.24528],[-119.60597,35.24528],[-119.60603,35.24527],[-119.60608,35.24526],[-119.60614,35.24525],[-119.6062,35.24525],[-119.60626,35.24525],[-119.60631,35.24525],[-119.60637,35.24525],[-119.60643,35.24526],[-119.60649,35.24525],[-119.60655,35.24525],[-119.60661,35.24524],[-119.60667,35.24523],[-119.60673,35.24523],[-119.60679,35.24524],[-119.60685,35.24523],[-119.6069,35.24523],[-119.60695,35.24523],[-119.607,35.24525],[-119.60705,35.24526],[-119.6071,35.24528],[-119.60715,35.2453],[-119.60719,35.24531],[-119.60723,35.24532],[-119.60726,35.24534],[-119.60727,35.24536],[-119.60728,35.24539],[-119.60729,35.24541],[-119.60731,35.24544],[-119.60735,35.24545],[-119.6074,35.24545],[-119.60745,35.24546],[-119.6075,35.24546],[-119.60755,35.24546],[-119.60759,35.24546],[-119.60764,35.24546],[-119.60768,35.24545],[-119.60771,35.24543],[-119.60774,35.24541],[-119.60776,35.24538],[-119.60777,35.24534],[-119.60778,35.24531],[-119.6078,35.24527],[-119.60781,35.24523],[-119.60782,35.24519],[-119.60784,35.24514],[-119.60786,35.2451],[-119.60789,35.24506],[-119.60792,35.24502],[-119.60795,35.24498],[-119.608,35.24492],[-119.60802,35.24489],[-119.60804,35.24485],[-119.60806,35.24481],[-119.6081,35.24477],[-119.60814,35.24474],[-119.60818,35.24471],[-119.60823,35.24468],[-119.60828,35.24465],[-119.60833,35.24462],[-119.60837,35.24459],[-119.60841,35.24457],[-119.60844,35.24455],[-119.60846,35.24453],[-119.60849,35.24451],[-119.60853,35.24449],[-119.60857,35.24448],[-119.60862,35.24446],[-119.60866,35.24443],[-119.60869,35.2444],[-119.60873,35.24437],[-119.60877,35.24434],[-119.6088,35.24432],[-119.60884,35.24429],[-119.60888,35.24426],[-119.60891,35.24424],[-119.60894,35.24421],[-119.60897,35.24419],[-119.609,35.24417],[-119.60902,35.24415],[-119.60905,35.24413],[-119.60908,35.24412],[-119.60912,35.24411],[-119.60916,35.2441],[-119.60919,35.24409],[-119.60922,35.24408],[-119.60925,35.24408],[-119.60928,35.24408],[-119.60932,35.24409],[-119.60936,35.24409],[-119.60941,35.2441],[-119.60945,35.24411],[-119.6095,35.24411],[-119.60955,35.24412],[-119.60959,35.24413],[-119.60962,35.24414],[-119.60966,35.24414],[-119.60966,35.24414],[-119.60969,35.24414],[-119.60973,35.24413],[-119.60978,35.24413],[-119.60982,35.24412],[-119.60986,35.24411],[-119.60989,35.24409],[-119.60992,35.24407],[-119.60994,35.24405],[-119.60996,35.24403],[-119.60999,35.24401],[-119.61002,35.24399],[-119.61005,35.24398],[-119.61008,35.24396],[-119.61011,35.24395],[-119.61013,35.24395]]}},{"type":"Feature","properties":{"name":"5635","source":"Bureau of Land Management","source_detail":"BLM GTLF OBJECTID 156613","source_id":"{EB80428E-5628-46B5-92A6-13D8FBBF1BFE}","road_class":"transportation_system_-_primitive_road","surface":"natural_improved","vehicle_class":"2wd_low","allowed_mode":"all_moto_veh","access_restriction":"not_listed","seasonal_restriction":"not_listed","route_plan_id":"5635","gis_miles":0.05105678},"geometry":{"type":"LineString","coordinates":[[-119.5627,35.2144],[-119.56269,35.21445],[-119.56268,35.21451],[-119.56267,35.21454],[-119.56266,35.21458],[-119.56264,35.21466],[-119.56262,35.21473],[-119.5626,35.2148],[-119.56259,35.21487],[-119.56257,35.21493],[-119.5625,35.21512]]}},{"type":"Feature","properties":{"name":"6048","source":"Bureau of Land Management","source_detail":"BLM GTLF OBJECTID 156634","source_id":"{E94AF6A7-76BE-46F0-91B6-AC4173D386A6}","road_class":"transportation_system_-_primitive_road","surface":"natural_improved","vehicle_class":"4wd_low","allowed_mode":"all_moto_veh","access_restriction":"unknown","seasonal_restriction":"not_listed","route_plan_id":"6048","gis_miles":0.06497996},"geometry":{"type":"LineString","coordinates":[[-119.60576,35.26686],[-119.60577,35.26681],[-119.60578,35.26676],[-119.60578,35.26672],[-119.60579,35.26667],[-119.60579,35.26662],[-119.6058,35.26657],[-119.6058,35.26653],[-119.6058,35.26653],[-119.60581,35.26648],[-119.60581,35.26644],[-119.60582,35.2664],[-119.60582,35.26637],[-119.60582,35.26633],[-119.60583,35.2663],[-119.60583,35.26626],[-119.60583,35.26622],[-119.60583,35.26621],[-119.60584,35.26617],[-119.60584,35.26612],[-119.60584,35.26608],[-119.60585,35.26603],[-119.60585,35.26598],[-119.60585,35.26595],[-119.60585,35.26592]]}},{"type":"Feature","properties":{"name":"406","source":"Bureau of Land Management","source_detail":"BLM GTLF OBJECTID 156641","source_id":"{5547BDE4-9E4B-4660-8AB7-31F4D150C508}","road_class":"transportation_system_-_primitive_road","surface":"natural","vehicle_class":"4wd_low","allowed_mode":"all_moto_veh","access_restriction":"unknown","seasonal_restriction":"not_listed","gis_miles":0.21649854},"geometry":{"type":"LineString","coordinates":[[-119.6668,35.18743],[-119.66676,35.18747],[-119.66672,35.18751],[-119.66668,35.18755],[-119.66664,35.18758],[-119.6666,35.18763],[-119.66655,35.18767],[-119.6665,35.18771],[-119.66646,35.18774],[-119.66642,35.18777],[-119.66638,35.18779],[-119.66633,35.1878],[-119.66628,35.1878],[-119.66627,35.18781],[-119.66621,35.18782],[-119.66614,35.18784],[-119.66609,35.18785],[-119.66607,35.18786],[-119.66601,35.18788],[-119.66598,35.18789],[-119.66584,35.18795],[-119.66583,35.18795],[-119.6658,35.18797],[-119.66578,35.18798],[-119.66575,35.18801],[-119.66571,35.18803],[-119.66566,35.18805],[-119.66559,35.18806],[-119.66553,35.18808],[-119.66546,35.1881],[-119.6654,35.18812],[-119.66534,35.18814],[-119.66529,35.18816],[-119.66524,35.18818],[-119.66519,35.18819],[-119.66514,35.1882],[-119.6651,35.18821],[-119.66506,35.1882],[-119.665,35.18819],[-119.66493,35.18817],[-119.66486,35.18815],[-119.6648,35.18814],[-119.66472,35.18813],[-119.66465,35.18814],[-119.66457,35.18816],[-119.6645,35.18817],[-119.66443,35.1882],[-119.66437,35.18823],[-119.66431,35.18827],[-119.66425,35.1883],[-119.66418,35.18833],[-119.66412,35.18835],[-119.66407,35.18838],[-119.66403,35.1884],[-119.66399,35.18843],[-119.66395,35.18845],[-119.66392,35.18847],[-119.66388,35.18849],[-119.66385,35.1885],[-119.66382,35.18851],[-119.66379,35.18853],[-119.66376,35.18854],[-119.66373,35.18857],[-119.66371,35.18859],[-119.66368,35.18862],[-119.66366,35.18864],[-119.66364,35.18866],[-119.66362,35.18868],[-119.66359,35.18869],[-119.66357,35.18871],[-119.66356,35.18872],[-119.66355,35.18874],[-119.66355,35.18876]]}},{"type":"Feature","properties":{"name":"4160","source":"Bureau of Land Management","source_detail":"BLM GTLF OBJECTID 156644","source_id":"{26E40972-3B47-4C69-978E-D2FBF12ACDB6}","road_class":"transportation_system_-_primitive_road","surface":"natural_improved","vehicle_class":"4wd_low","allowed_mode":"all_moto_veh","access_restriction":"unknown","seasonal_restriction":"not_listed","route_plan_id":"4160","gis_miles":0.21105507},"geometry":{"type":"LineString","coordinates":[[-119.57177,35.2199],[-119.57141,35.21969],[-119.57129,35.21957],[-119.57103,35.21935],[-119.57081,35.21919],[-119.57071,35.21909],[-119.57056,35.21891],[-119.57045,35.21894],[-119.57025,35.21891],[-119.57003,35.21886],[-119.57,35.21894],[-119.56998,35.21914],[-119.57,35.21933],[-119.57001,35.21958],[-119.57,35.21984],[-119.56993,35.21993],[-119.5698,35.21994]]}},{"type":"Feature","properties":{"name":"4066","source":"Bureau of Land Management","source_detail":"BLM GTLF OBJECTID 156652","source_id":"{EE44B3AA-1607-477E-8450-16AA914A7083}","road_class":"transportation_system_-_primitive_road","surface":"natural_improved","vehicle_class":"2wd_low","allowed_mode":"all_moto_veh","access_restriction":"not_listed","seasonal_restriction":"not_listed","route_plan_id":"4066","gis_miles":0.05998751},"geometry":{"type":"LineString","coordinates":[[-119.60709,35.20977],[-119.60715,35.20986],[-119.60723,35.20999],[-119.60725,35.21018],[-119.60721,35.21046],[-119.60713,35.21059]]}},{"type":"Feature","properties":{"name":"4175","source":"Bureau of Land Management","source_detail":"BLM GTLF OBJECTID 156677","source_id":"{D6546AB2-BAC8-4AB8-92D8-12CEFFB54563}","road_class":"transportation_system_-_primitive_road","surface":"natural_improved","vehicle_class":"4wd_low","allowed_mode":"all_moto_veh","access_restriction":"unknown","seasonal_restriction":"not_listed","route_plan_id":"4175","gis_miles":0.04755335},"geometry":{"type":"LineString","coordinates":[[-119.55869,35.21072],[-119.55871,35.21095],[-119.55881,35.21119],[-119.55895,35.21136]]}},{"type":"Feature","properties":{"name":"4025","source":"Bureau of Land Management","source_detail":"BLM GTLF OBJECTID 156718","source_id":"{FB5D4B36-7398-4E71-A33B-6F057A0DB404}","road_class":"transportation_system_-_primitive_road","surface":"natural_improved","vehicle_class":"4wd_low","allowed_mode":"all_moto_veh","access_restriction":"unknown","seasonal_restriction":"not_listed","route_plan_id":"4025","gis_miles":0.13846835},"geometry":{"type":"LineString","coordinates":[[-119.60696,35.20612],[-119.60677,35.20611],[-119.60662,35.20624],[-119.6065,35.20635],[-119.60642,35.20647],[-119.60636,35.20655],[-119.60627,35.20662],[-119.6061,35.20668],[-119.606,35.20675],[-119.60613,35.20677],[-119.60625,35.20675],[-119.60636,35.2068],[-119.60644,35.2069],[-119.60649,35.20699],[-119.60656,35.20705],[-119.60676,35.20708],[-119.60694,35.20707]]}},{"type":"Feature","properties":{"name":"5394","source":"Bureau of Land Management","source_detail":"BLM GTLF OBJECTID 156730","source_id":"{DBAA1E18-CFAF-490A-A498-2BC026FBA773}","road_class":"transportation_system_-_primitive_road","surface":"natural_improved","vehicle_class":"4wd_low","allowed_mode":"all_moto_veh","access_restriction":"unknown","seasonal_restriction":"not_listed","route_plan_id":"5394","gis_miles":0.1810263},"geometry":{"type":"LineString","coordinates":[[-119.56856,35.20019],[-119.56859,35.20015],[-119.56863,35.20012],[-119.56868,35.2001],[-119.56874,35.20009],[-119.56881,35.20008],[-119.56888,35.20008],[-119.56895,35.20008],[-119.56902,35.20008],[-119.56909,35.20008],[-119.56916,35.20009],[-119.56923,35.20009],[-119.56929,35.2001],[-119.56936,35.20011],[-119.56942,35.20012],[-119.56948,35.20012],[-119.56955,35.20012],[-119.56961,35.20012],[-119.56964,35.20012],[-119.56967,35.20012],[-119.56974,35.20011],[-119.5698,35.20011],[-119.56986,35.20011],[-119.56993,35.20011],[-119.56999,35.20011],[-119.57006,35.20011],[-119.57013,35.20011],[-119.5702,35.20011],[-119.57027,35.20011],[-119.57034,35.20011],[-119.57042,35.20011],[-119.57049,35.20011],[-119.57057,35.20011],[-119.57064,35.20011],[-119.57072,35.20011],[-119.5708,35.20011],[-119.57088,35.20011],[-119.57098,35.20011],[-119.57109,35.20011],[-119.5712,35.20011],[-119.57129,35.20012],[-119.57138,35.20013],[-119.57146,35.20015],[-119.57154,35.20017],[-119.57161,35.20019],[-119.57167,35.20022],[-119.57169,35.20022]]}},{"type":"Feature","properties":{"name":"4217","source":"Bureau of Land Management","source_detail":"BLM GTLF OBJECTID 156732","source_id":"{3FB16A3C-9653-40F8-A724-7E570F16C9EA}","road_class":"transportation_system_-_primitive_road","surface":"natural_improved","vehicle_class":"2wd_low","allowed_mode":"all_moto_veh","access_restriction":"not_listed","seasonal_restriction":"not_listed","route_plan_id":"4217","gis_miles":0.04721273},"geometry":{"type":"LineString","coordinates":[[-119.60708,35.21583],[-119.60724,35.21586],[-119.6075,35.21594],[-119.60751,35.21595],[-119.60771,35.21606],[-119.6078,35.21614]]}},{"type":"Feature","properties":{"name":"5795","source":"Bureau of Land Management","source_detail":"BLM GTLF OBJECTID 156733","source_id":"{70E89594-E5C8-4791-8FC8-7AADEF03D308}","road_class":"transportation_system_-_primitive_road","surface":"natural_improved","vehicle_class":"4wd_low","allowed_mode":"all_moto_veh","access_restriction":"unknown","seasonal_restriction":"not_listed","route_plan_id":"5795","gis_miles":0.25240076},"geometry":{"type":"LineString","coordinates":[[-119.54706,35.26249],[-119.54708,35.26257],[-119.5471,35.26261],[-119.54712,35.26265],[-119.54713,35.2627],[-119.54715,35.26276],[-119.54718,35.26282],[-119.54721,35.26287],[-119.54725,35.26293],[-119.54731,35.26299],[-119.54738,35.26304],[-119.54745,35.26307],[-119.54752,35.26309],[-119.5476,35.2631],[-119.54767,35.2631],[-119.54774,35.26309],[-119.54782,35.26308],[-119.5479,35.26306],[-119.54797,35.26306],[-119.54805,35.26306],[-119.54813,35.26307],[-119.5482,35.26308],[-119.54827,35.2631],[-119.54834,35.26313],[-119.54841,35.26315],[-119.54848,35.26318],[-119.54854,35.26321],[-119.54861,35.26324],[-119.54868,35.26328],[-119.54874,35.26332],[-119.5488,35.26336],[-119.54886,35.2634],[-119.54892,35.26344],[-119.54897,35.26349],[-119.54903,35.26353],[-119.54909,35.26357],[-119.54916,35.26362],[-119.54922,35.26366],[-119.54929,35.26369],[-119.54936,35.26373],[-119.54943,35.26376],[-119.5495,35.26379],[-119.54957,35.26382],[-119.54963,35.26386],[-119.5497,35.26389],[-119.54976,35.26392],[-119.54982,35.26396],[-119.54987,35.264],[-119.54993,35.26405],[-119.54999,35.26409],[-119.55005,35.26414],[-119.55011,35.26418],[-119.55018,35.26422],[-119.55024,35.26426],[-119.5503,35.26429],[-119.55036,35.26431],[-119.55041,35.26432],[-119.55047,35.26433],[-119.55052,35.26433],[-119.55055,35.26433],[-119.55057,35.26432]]}},{"type":"Feature","properties":{"name":"4022","source":"Bureau of Land Management","source_detail":"BLM GTLF OBJECTID 156734","source_id":"{5AFB0AA9-E2C4-4304-9A0A-1D3F5A2C98CA}","road_class":"transportation_system_-_primitive_road","surface":"natural_improved","vehicle_class":"4wd_low","allowed_mode":"all_moto_veh","access_restriction":"unknown","seasonal_restriction":"not_listed","route_plan_id":"4022","gis_miles":0.12520108},"geometry":{"type":"LineString","coordinates":[[-119.59833,35.20926],[-119.59832,35.20906],[-119.59833,35.20874],[-119.59832,35.20847],[-119.59832,35.20812],[-119.59834,35.20806],[-119.59834,35.20781],[-119.59834,35.20761],[-119.59835,35.20745]]}},{"type":"Feature","properties":{"name":"4056","source":"Bureau of Land Management","source_detail":"BLM GTLF OBJECTID 156748","source_id":"{19DB398C-3399-49FD-A5AE-D56EE3E7892A}","road_class":"transportation_system_-_primitive_road","surface":"natural_improved","vehicle_class":"2wd_low","allowed_mode":"all_moto_veh","access_restriction":"not_listed","seasonal_restriction":"not_listed","route_plan_id":"4056","gis_miles":0.0771746},"geometry":{"type":"LineString","coordinates":[[-119.59334,35.20475],[-119.59331,35.20466],[-119.59323,35.20458],[-119.59301,35.20443],[-119.59284,35.20431],[-119.59268,35.20416],[-119.59252,35.20404],[-119.59241,35.20395]]}},{"type":"Feature","properties":{"name":"5810","source":"Bureau of Land Management","source_detail":"BLM GTLF OBJECTID 156753","source_id":"{04598CDB-3AD8-42D5-BA77-66812F0BFC79}","road_class":"transportation_system_-_primitive_road","surface":"natural_improved","vehicle_class":"2wd_low","allowed_mode":"all_moto_veh","access_restriction":"not_listed","seasonal_restriction":"not_listed","route_plan_id":"5810","gis_miles":0.08126905},"geometry":{"type":"LineString","coordinates":[[-119.55408,35.26646],[-119.55408,35.26647],[-119.55403,35.2665],[-119.55397,35.26653],[-119.55392,35.26656],[-119.55387,35.26659],[-119.55381,35.26663],[-119.55375,35.26666],[-119.5537,35.2667],[-119.55364,35.26674],[-119.55359,35.26678],[-119.55355,35.26683],[-119.55352,35.26688],[-119.5535,35.26693],[-119.55347,35.26699],[-119.55345,35.26705],[-119.55343,35.26711],[-119.55341,35.26717],[-119.55332,35.26726],[-119.55326,35.26729],[-119.5532,35.26732],[-119.55318,35.26732]]}},{"type":"Feature","properties":{"name":"5803","source":"Bureau of Land Management","source_detail":"BLM GTLF OBJECTID 156773","source_id":"{9CD3D996-C802-4823-9A6B-E7DFFAF5B284}","road_class":"transportation_system_-_primitive_road","surface":"natural_improved","vehicle_class":"4wd_low","allowed_mode":"all_moto_veh","access_restriction":"unknown","seasonal_restriction":"not_listed","route_plan_id":"5803","gis_miles":0.08751607},"geometry":{"type":"LineString","coordinates":[[-119.54112,35.26293],[-119.54112,35.26293],[-119.54116,35.26296],[-119.5412,35.26299],[-119.54124,35.26304],[-119.54129,35.26309],[-119.54135,35.26314],[-119.54141,35.2632],[-119.54148,35.26326],[-119.54155,35.26332],[-119.54163,35.26339],[-119.54171,35.26346],[-119.54179,35.26353],[-119.54189,35.26358],[-119.54198,35.26363],[-119.54206,35.26367],[-119.54215,35.2637],[-119.54222,35.26373],[-119.54227,35.26375]]}},{"type":"Feature","properties":{"name":"4248","source":"Bureau of Land Management","source_detail":"BLM GTLF OBJECTID 156800","source_id":"{BE02FC70-9778-4312-8DE0-22BB2C376C45}","road_class":"transportation_system_-_primitive_road","surface":"natural_improved","vehicle_class":"2wd_low","allowed_mode":"all_moto_veh","access_restriction":"not_listed","seasonal_restriction":"not_listed","route_plan_id":"4248","gis_miles":0.04258361},"geometry":{"type":"LineString","coordinates":[[-119.61525,35.21402],[-119.61528,35.2141],[-119.61527,35.21443],[-119.61524,35.21463]]}},{"type":"Feature","properties":{"name":"4045","source":"Bureau of Land Management","source_detail":"BLM GTLF OBJECTID 156828","source_id":"{8FEE70B4-5207-4C08-AACC-242DD7AF13EC}","road_class":"transportation_system_-_primitive_road","surface":"natural_improved","vehicle_class":"2wd_low","allowed_mode":"all_moto_veh","access_restriction":"not_listed","seasonal_restriction":"not_listed","route_plan_id":"4045","gis_miles":0.06537205},"geometry":{"type":"LineString","coordinates":[[-119.59442,35.20572],[-119.59463,35.20585],[-119.59478,35.20599],[-119.59487,35.20607],[-119.59492,35.20613],[-119.59494,35.20621],[-119.59496,35.20632],[-119.59496,35.20649]]}},{"type":"Feature","properties":{"name":"5790","source":"Bureau of Land Management","source_detail":"BLM GTLF OBJECTID 156835","source_id":"{9AAA2CED-7AEF-47C6-8A6B-B88C61483263}","road_class":"transportation_system_-_primitive_road","surface":"natural_improved","vehicle_class":"4wd_low","allowed_mode":"all_moto_veh","access_restriction":"unknown","seasonal_restriction":"not_listed","route_plan_id":"5790","gis_miles":0.26251409},"geometry":{"type":"LineString","coordinates":[[-119.55409,35.26479],[-119.55408,35.26476],[-119.55406,35.26471],[-119.55404,35.26465],[-119.55402,35.26459],[-119.55399,35.26453],[-119.55396,35.26446],[-119.55393,35.26439],[-119.5539,35.26431],[-119.55385,35.26424],[-119.55381,35.26417],[-119.55377,35.26411],[-119.55372,35.26404],[-119.55368,35.26398],[-119.55363,35.26391],[-119.55358,35.26385],[-119.55354,35.26377],[-119.5535,35.2637],[-119.55347,35.26362],[-119.55343,35.26355],[-119.55339,35.26347],[-119.55334,35.2634],[-119.55329,35.26333],[-119.55323,35.26326],[-119.55317,35.2632],[-119.55312,35.26313],[-119.55308,35.26306],[-119.55303,35.26299],[-119.55299,35.26291],[-119.55294,35.26284],[-119.55289,35.26277],[-119.55283,35.26271],[-119.55277,35.26264],[-119.55271,35.26257],[-119.55265,35.2625],[-119.55259,35.26243],[-119.55254,35.26237],[-119.55247,35.2623],[-119.5524,35.26224],[-119.55233,35.26218],[-119.55227,35.26212],[-119.55223,35.26205],[-119.55219,35.26197],[-119.55217,35.2619],[-119.55215,35.26182],[-119.55213,35.26174],[-119.55213,35.26167],[-119.55212,35.2616],[-119.55212,35.26154],[-119.55212,35.26149],[-119.55212,35.26144],[-119.55213,35.26142]]}},{"type":"Feature","properties":{"name":"5788","source":"Bureau of Land Management","source_detail":"BLM GTLF OBJECTID 156847","source_id":"{0F80B014-5D82-49A7-8A50-32DA2C048F60}","road_class":"transportation_system_-_primitive_road","surface":"natural_improved","vehicle_class":"2wd_low","allowed_mode":"all_moto_veh","access_restriction":"not_listed","seasonal_restriction":"not_listed","route_plan_id":"5788","gis_miles":0.07979165},"geometry":{"type":"LineString","coordinates":[[-119.55527,35.25163],[-119.55526,35.25165],[-119.55525,35.25168],[-119.55524,35.25172],[-119.55522,35.25177],[-119.55521,35.25181],[-119.5552,35.25186],[-119.55519,35.2519],[-119.55518,35.25195],[-119.55518,35.252],[-119.55519,35.25205],[-119.55521,35.25209],[-119.55524,35.25214],[-119.55527,35.25218],[-119.55529,35.25223],[-119.55531,35.25228],[-119.55531,35.25234],[-119.55531,35.2524],[-119.55531,35.25247],[-119.55531,35.25253],[-119.55532,35.2526],[-119.55532,35.25267],[-119.55534,35.25273],[-119.55535,35.25275]]}},{"type":"Feature","properties":{"name":"4161","source":"Bureau of Land Management","source_detail":"BLM GTLF OBJECTID 156861","source_id":"{96CE4180-C0AD-4457-A77B-FCFD1CF93B64}","road_class":"transportation_system_-_primitive_road","surface":"natural_improved","vehicle_class":"4wd_low","allowed_mode":"all_moto_veh","access_restriction":"unknown","seasonal_restriction":"not_listed","route_plan_id":"4161","gis_miles":0.28088871},"geometry":{"type":"LineString","coordinates":[[-119.57134,35.21654],[-119.57135,35.21661],[-119.57127,35.21665],[-119.57139,35.21672],[-119.57143,35.21675],[-119.57121,35.21678],[-119.57099,35.2168],[-119.57053,35.21682],[-119.57008,35.21685],[-119.5701,35.21708],[-119.57018,35.21736],[-119.57019,35.21752],[-119.57021,35.21769],[-119.57024,35.21782],[-119.57035,35.21797],[-119.57046,35.21812],[-119.57056,35.21819],[-119.57068,35.21833],[-119.57078,35.21842],[-119.57094,35.21852],[-119.57102,35.21861],[-119.57119,35.2187],[-119.57145,35.21871],[-119.57176,35.21869]]}},{"type":"Feature","properties":{"name":"4037","source":"Bureau of Land Management","source_detail":"BLM GTLF OBJECTID 156865","source_id":"{0594542E-09A9-457F-854C-4C9AB63E12D8}","road_class":"transportation_system_-_primitive_road","surface":"natural_improved","vehicle_class":"2wd_low","allowed_mode":"all_moto_veh","access_restriction":"not_listed","seasonal_restriction":"not_listed","route_plan_id":"4037","gis_miles":0.52317075},"geometry":{"type":"LineString","coordinates":[[-119.59816,35.20682],[-119.59793,35.20669],[-119.59776,35.20662],[-119.59753,35.20654],[-119.59738,35.20649],[-119.59719,35.20649],[-119.59695,35.20649],[-119.59684,35.20649],[-119.59664,35.20646],[-119.59637,35.20648],[-119.59606,35.20646],[-119.59596,35.20647],[-119.5958,35.20647],[-119.59546,35.20649],[-119.59514,35.20651],[-119.59496,35.20649],[-119.59464,35.20649],[-119.59447,35.20648],[-119.59426,35.20648],[-119.59393,35.2065],[-119.59366,35.20648],[-119.59332,35.20649],[-119.59314,35.2065],[-119.59308,35.20651],[-119.59297,35.20653],[-119.59271,35.20657],[-119.59234,35.20659],[-119.59223,35.20662],[-119.59224,35.20672],[-119.59216,35.20679],[-119.5921,35.20683],[-119.59198,35.20684],[-119.5918,35.20682],[-119.59167,35.2068],[-119.59151,35.20681],[-119.59153,35.20699],[-119.59145,35.20709],[-119.59129,35.20718],[-119.59102,35.20716],[-119.59073,35.2071],[-119.59057,35.20708],[-119.59042,35.20707],[-119.59031,35.20705],[-119.59027,35.20698],[-119.59026,35.20683],[-119.59024,35.20666],[-119.5902,35.20654],[-119.59018,35.20647]]}},{"type":"Feature","properties":{"name":"5295","source":"Bureau of Land Management","source_detail":"BLM GTLF OBJECTID 156897","source_id":"{840F179F-D6D3-445D-82B8-05F86DE46F96}","road_class":"transportation_system_-_primitive_road","surface":"natural_improved","vehicle_class":"4wd_low","allowed_mode":"all_moto_veh","access_restriction":"unknown","seasonal_restriction":"not_listed","route_plan_id":"5295","gis_miles":0.67313511},"geometry":{"type":"LineString","coordinates":[[-119.60108,35.23891],[-119.60108,35.23891],[-119.60107,35.23891],[-119.60106,35.23893],[-119.60105,35.23896],[-119.60106,35.23898],[-119.60109,35.239],[-119.60114,35.23902],[-119.60118,35.23904],[-119.60123,35.23908],[-119.60127,35.23911],[-119.6013,35.23914],[-119.60134,35.23917],[-119.60138,35.2392],[-119.60142,35.23924],[-119.60146,35.23927],[-119.60151,35.23931],[-119.60156,35.23935],[-119.60161,35.23938],[-119.60166,35.23942],[-119.60171,35.23945],[-119.60176,35.23948],[-119.60181,35.23952],[-119.60186,35.23955],[-119.60191,35.23958],[-119.60196,35.23961],[-119.60201,35.23965],[-119.60206,35.23969],[-119.60211,35.23973],[-119.60216,35.23977],[-119.60221,35.23981],[-119.60226,35.23986],[-119.6023,35.2399],[-119.60234,35.23993],[-119.60238,35.23997],[-119.60242,35.24001],[-119.60247,35.24005],[-119.60251,35.24008],[-119.60256,35.24012],[-119.60262,35.24016],[-119.60268,35.24019],[-119.60274,35.24021],[-119.60281,35.24022],[-119.60289,35.24023],[-119.60297,35.24025],[-119.60305,35.24027],[-119.60314,35.24029],[-119.60322,35.24032],[-119.6033,35.24037],[-119.60338,35.24041],[-119.60345,35.24047],[-119.60353,35.24051],[-119.60362,35.24056],[-119.6037,35.24061],[-119.60377,35.24067],[-119.60384,35.24072],[-119.6039,35.24077],[-119.60395,35.24083],[-119.60399,35.24089],[-119.604,35.24091],[-119.60402,35.24095],[-119.60406,35.241],[-119.60411,35.24105],[-119.60411,35.24105],[-119.60416,35.24109],[-119.6042,35.24112],[-119.60424,35.24116],[-119.60426,35.24119],[-119.60427,35.2412],[-119.60429,35.24125],[-119.60429,35.2413],[-119.60429,35.24135],[-119.60429,35.2414],[-119.60427,35.24146],[-119.60424,35.24151],[-119.6042,35.24156],[-119.60415,35.2416],[-119.6041,35.24164],[-119.60405,35.24168],[-119.604,35.24172],[-119.60396,35.24176],[-119.60392,35.2418],[-119.60388,35.24184],[-119.60385,35.24188],[-119.6038,35.24191],[-119.60375,35.24195],[-119.6037,35.24199],[-119.60365,35.24204],[-119.60359,35.2421],[-119.60353,35.24215],[-119.60348,35.24222],[-119.60343,35.24228],[-119.60338,35.24234],[-119.60334,35.2424],[-119.6033,35.24245],[-119.60326,35.2425],[-119.60322,35.24254],[-119.60317,35.24258],[-119.60312,35.24261],[-119.60311,35.24262],[-119.60305,35.24266],[-119.60298,35.2427],[-119.6029,35.24273],[-119.60283,35.24276],[-119.60275,35.24279],[-119.60268,35.24283],[-119.6026,35.24287],[-119.60252,35.24292],[-119.60244,35.24297],[-119.60237,35.24303],[-119.60232,35.24309],[-119.60226,35.24314],[-119.60219,35.24318],[-119.60212,35.24321],[-119.60205,35.24323],[-119.60198,35.24325],[-119.60192,35.24326],[-119.60185,35.24329],[-119.60178,35.24332],[-119.60171,35.24335],[-119.60165,35.2434],[-119.60159,35.24346],[-119.60153,35.24351],[-119.60147,35.24356],[-119.60141,35.24362],[-119.60134,35.24367],[-119.60125,35.24371],[-119.60117,35.24374],[-119.60108,35.24376],[-119.601,35.24378],[-119.60092,35.24381],[-119.60083,35.24383],[-119.60074,35.24386],[-119.60066,35.24387],[-119.60058,35.24389],[-119.6005,35.2439],[-119.60042,35.24392],[-119.60034,35.24393],[-119.60027,35.24395],[-119.60019,35.24398],[-119.60012,35.24401],[-119.60004,35.24404],[-119.59996,35.24407],[-119.59988,35.24411],[-119.59979,35.24414],[-119.59969,35.24415],[-119.5996,35.24417],[-119.5995,35.24417],[-119.5994,35.24418],[-119.5993,35.24418],[-119.5992,35.24418],[-119.59911,35.24419],[-119.59902,35.2442],[-119.59894,35.2442],[-119.59885,35.24421],[-119.59876,35.24422],[-119.59868,35.24422],[-119.59861,35.24423],[-119.59856,35.24423],[-119.59852,35.24424],[-119.59848,35.24424],[-119.59845,35.24424],[-119.59843,35.24423],[-119.59841,35.24423],[-119.59831,35.24423]]}},{"type":"Feature","properties":{"name":"4244","source":"Bureau of Land Management","source_detail":"BLM GTLF OBJECTID 156923","source_id":"{0CB19538-221B-43F4-A730-36071DEAD64C}","road_class":"transportation_system_-_primitive_road","surface":"natural_improved","vehicle_class":"2wd_low","allowed_mode":"all_moto_veh","access_restriction":"not_listed","seasonal_restriction":"not_listed","route_plan_id":"4244","gis_miles":0.08439401},"geometry":{"type":"LineString","coordinates":[[-119.61388,35.21546],[-119.6139,35.21504],[-119.61392,35.21466],[-119.6139,35.21458],[-119.61375,35.21444],[-119.61364,35.21431]]}},{"type":"Feature","properties":{"name":"5789","source":"Bureau of Land Management","source_detail":"BLM GTLF OBJECTID 156935","source_id":"{4079DF92-94C6-4866-B673-7539A675FC22}","road_class":"transportation_system_-_primitive_road","surface":"natural_improved","vehicle_class":"2wd_low","allowed_mode":"all_moto_veh","access_restriction":"not_listed","seasonal_restriction":"not_listed","route_plan_id":"5789","gis_miles":0.21106676},"geometry":{"type":"LineString","coordinates":[[-119.56511,35.25287],[-119.56511,35.25284],[-119.56511,35.25277],[-119.56511,35.25271],[-119.56512,35.25263],[-119.56513,35.25256],[-119.56514,35.25248],[-119.56514,35.2524],[-119.56515,35.25233],[-119.56515,35.25225],[-119.56516,35.25217],[-119.56516,35.25209],[-119.56517,35.25201],[-119.56517,35.25194],[-119.56518,35.25186],[-119.56518,35.25178],[-119.56519,35.2517],[-119.56519,35.25162],[-119.5652,35.25154],[-119.5652,35.25146],[-119.56521,35.25137],[-119.56522,35.25129],[-119.56522,35.2512],[-119.56523,35.25111],[-119.56524,35.25102],[-119.56525,35.25093],[-119.56526,35.25083],[-119.56526,35.25074],[-119.56527,35.25065],[-119.56528,35.25056],[-119.56529,35.25046],[-119.56529,35.25037],[-119.5653,35.25028],[-119.5653,35.25019],[-119.56531,35.25012],[-119.56531,35.25004],[-119.56531,35.24997],[-119.56532,35.24991],[-119.56532,35.24986],[-119.56532,35.24981],[-119.56532,35.24981]]}},{"type":"Feature","properties":{"name":"4039","source":"Bureau of Land Management","source_detail":"BLM GTLF OBJECTID 156944","source_id":"{A54670F6-91D3-4899-B699-3C509128FAFF}","road_class":"transportation_system_-_primitive_road","surface":"natural_improved","vehicle_class":"2wd_low","allowed_mode":"all_moto_veh","access_restriction":"not_listed","seasonal_restriction":"not_listed","route_plan_id":"4039","gis_miles":0.08985372},"geometry":{"type":"LineString","coordinates":[[-119.59664,35.20646],[-119.59672,35.20639],[-119.59686,35.20624],[-119.59702,35.20618],[-119.59722,35.20608],[-119.59736,35.20598],[-119.59741,35.20608],[-119.59745,35.20619],[-119.59743,35.20628],[-119.59741,35.20639],[-119.59738,35.20649]]}},{"type":"Feature","properties":{"name":"5360","source":"Bureau of Land Management","source_detail":"BLM GTLF OBJECTID 156957","source_id":"{48BFB8D7-8FA6-4D7A-BFD2-AA64DC7F1391}","road_class":"transportation_system_-_primitive_road","surface":"natural","vehicle_class":"2wd_low","allowed_mode":"all_moto_veh","access_restriction":"unknown","seasonal_restriction":"not_listed","route_plan_id":"5360","gis_miles":0.15289518},"geometry":{"type":"LineString","coordinates":[[-119.58104,35.17871],[-119.58103,35.17873],[-119.581,35.17878],[-119.58098,35.17883],[-119.58095,35.17888],[-119.58092,35.17893],[-119.58089,35.17897],[-119.58087,35.17902],[-119.58085,35.17908],[-119.58086,35.17914],[-119.58087,35.17921],[-119.58089,35.17927],[-119.58092,35.17933],[-119.58094,35.17939],[-119.58096,35.17945],[-119.58097,35.1795],[-119.58097,35.17955],[-119.58095,35.17959],[-119.58091,35.17962],[-119.58087,35.17964],[-119.58082,35.17965],[-119.58078,35.17964],[-119.58073,35.17962],[-119.5807,35.17959],[-119.58067,35.17955],[-119.58065,35.17951],[-119.58063,35.17946],[-119.58061,35.17942],[-119.58059,35.17936],[-119.58057,35.17931],[-119.58056,35.17926],[-119.58056,35.1792],[-119.58058,35.17916],[-119.5806,35.17911],[-119.58063,35.17907],[-119.58067,35.17903],[-119.58071,35.17899],[-119.58075,35.17895],[-119.58079,35.17891],[-119.58083,35.17887],[-119.58088,35.17884],[-119.58092,35.1788],[-119.58096,35.17876],[-119.58101,35.17873],[-119.58104,35.17871]]}},{"type":"Feature","properties":{"name":"4017","source":"Bureau of Land Management","source_detail":"BLM GTLF OBJECTID 157014","source_id":"{BFFDB3C3-A4F4-4E35-8F3B-C2B6701A0248}","road_class":"transportation_system_-_primitive_road","surface":"natural_improved","vehicle_class":"4wd_low","allowed_mode":"all_moto_veh","access_restriction":"unknown","seasonal_restriction":"not_listed","route_plan_id":"4017","gis_miles":0.16773851},"geometry":{"type":"LineString","coordinates":[[-119.60338,35.20802],[-119.60313,35.2079],[-119.60297,35.20782],[-119.6028,35.20775],[-119.60268,35.20776],[-119.60239,35.20777],[-119.60232,35.20777],[-119.60206,35.20773],[-119.60193,35.20771],[-119.60162,35.2077],[-119.60136,35.2077],[-119.60118,35.2077],[-119.60108,35.20765],[-119.60098,35.20756],[-119.60091,35.20749],[-119.6009,35.20739],[-119.60087,35.20724]]}},{"type":"Feature","properties":{"name":"5696","source":"Bureau of Land Management","source_detail":"BLM GTLF OBJECTID 157019","source_id":"{27E84691-BCC8-4AEA-87DE-80CD2534E92D}","road_class":"transportation_system_-_primitive_road","surface":"natural_improved","vehicle_class":"2wd_low","allowed_mode":"all_moto_veh","access_restriction":"not_listed","seasonal_restriction":"not_listed","route_plan_id":"5696","gis_miles":0.13904604},"geometry":{"type":"LineString","coordinates":[[-119.53783,35.23325],[-119.53783,35.23325],[-119.53783,35.23325],[-119.53783,35.23325],[-119.53784,35.23325],[-119.53786,35.23324],[-119.53788,35.23321],[-119.5379,35.23318],[-119.53793,35.23314],[-119.53796,35.23309],[-119.53798,35.23304],[-119.53799,35.23299],[-119.53799,35.23294],[-119.538,35.23289],[-119.53801,35.23284],[-119.53802,35.23279],[-119.53801,35.23274],[-119.53799,35.23269],[-119.53796,35.23263],[-119.53791,35.23259],[-119.53786,35.23254],[-119.5378,35.2325],[-119.53772,35.23247],[-119.53764,35.23245],[-119.53755,35.23243],[-119.53745,35.23242],[-119.53735,35.23241],[-119.53724,35.2324],[-119.53712,35.23239],[-119.537,35.23238],[-119.53687,35.23238],[-119.53674,35.23238],[-119.53661,35.23238],[-119.53647,35.23238],[-119.5364,35.23238]]}},{"type":"Feature","properties":{"name":"16055: DEBNEY CANYON USGS FELLOWS/PANORAMA HILLS","source":"Bureau of Land Management","source_detail":"BLM GTLF OBJECTID 157041","source_id":"{684A7291-6A7C-4008-A89F-1207AC700B9B}","road_class":"transportation_system_-_primitive_road","surface":"aggregate","vehicle_class":"2wd_low","allowed_mode":"unk","access_restriction":"unknown","seasonal_restriction":"not_listed","route_plan_id":"T4200","gis_miles":0.21523957},"geometry":{"type":"LineString","coordinates":[[-119.62188,35.20951],[-119.62194,35.20944],[-119.622,35.20933],[-119.62206,35.20919],[-119.62205,35.20904],[-119.62196,35.2089],[-119.6218,35.2088],[-119.62162,35.20874],[-119.62153,35.20873],[-119.62143,35.20872],[-119.62132,35.20872],[-119.6212,35.20872],[-119.62106,35.20873],[-119.62094,35.20875],[-119.62081,35.20876],[-119.62067,35.20877],[-119.62057,35.20877],[-119.62054,35.20877],[-119.62052,35.20877],[-119.6205,35.20877],[-119.62042,35.20874],[-119.62033,35.20868],[-119.62028,35.20862],[-119.62024,35.20854],[-119.62019,35.20847],[-119.62016,35.20842],[-119.62015,35.2084],[-119.62013,35.20838],[-119.62011,35.20834],[-119.62008,35.2083],[-119.62005,35.20825],[-119.62002,35.2082],[-119.61998,35.20813],[-119.61994,35.20806],[-119.61989,35.20797],[-119.61985,35.20789],[-119.61983,35.20781],[-119.61984,35.20777],[-119.61985,35.20775],[-119.61986,35.20773]]}},{"type":"Feature","properties":{"name":"5686","source":"Bureau of Land Management","source_detail":"BLM GTLF OBJECTID 157051","source_id":"{0E2FCC59-5989-4E13-8650-06D9C8E71B81}","road_class":"transportation_system_-_primitive_road","surface":"natural","vehicle_class":"4wd_low","allowed_mode":"all_moto_veh","access_restriction":"unknown","seasonal_restriction":"not_listed","route_plan_id":"5686","gis_miles":0.14131895},"geometry":{"type":"LineString","coordinates":[[-119.55677,35.23939],[-119.55676,35.2394],[-119.55673,35.23942],[-119.5567,35.23945],[-119.55667,35.23949],[-119.55663,35.23952],[-119.5566,35.23955],[-119.55656,35.23959],[-119.55653,35.23962],[-119.5565,35.23965],[-119.55646,35.23968],[-119.55644,35.2397],[-119.5564,35.23974],[-119.55637,35.23977],[-119.55634,35.2398],[-119.5563,35.23982],[-119.55626,35.23984],[-119.55623,35.23986],[-119.5562,35.23987],[-119.55617,35.23989],[-119.55614,35.2399],[-119.55609,35.23992],[-119.55605,35.23994],[-119.556,35.23996],[-119.55596,35.23998],[-119.55591,35.24],[-119.55586,35.24001],[-119.5558,35.24003],[-119.55575,35.24005],[-119.5557,35.24007],[-119.55565,35.24009],[-119.55559,35.24011],[-119.55553,35.24013],[-119.55546,35.24015],[-119.55539,35.24018],[-119.55533,35.2402],[-119.55526,35.24022],[-119.5552,35.24024],[-119.55514,35.24026],[-119.55508,35.24028],[-119.55503,35.2403],[-119.55497,35.24032],[-119.55492,35.24034],[-119.55488,35.24037],[-119.55484,35.2404],[-119.5548,35.24043],[-119.55478,35.24046],[-119.55476,35.24049],[-119.55475,35.24051]]}},{"type":"Feature","properties":{"name":"4020","source":"Bureau of Land Management","source_detail":"BLM GTLF OBJECTID 157065","source_id":"{89E6FEA3-5241-4425-B141-CBB7D879A62D}","road_class":"transportation_system_-_primitive_road","surface":"natural_improved","vehicle_class":"4wd_low","allowed_mode":"all_moto_veh","access_restriction":"unknown","seasonal_restriction":"not_listed","route_plan_id":"4020","gis_miles":0.0903173},"geometry":{"type":"LineString","coordinates":[[-119.59829,35.20633],[-119.59829,35.20611],[-119.59842,35.20593],[-119.59857,35.20577],[-119.59865,35.20558],[-119.59866,35.20555],[-119.59854,35.2054],[-119.59848,35.20528],[-119.59845,35.20521],[-119.59842,35.20516]]}},{"type":"Feature","properties":{"name":"5637","source":"Bureau of Land Management","source_detail":"BLM GTLF OBJECTID 157109","source_id":"{488F6CF0-C1D8-46B4-BAC3-2A4AD32DD699}","road_class":"transportation_system_-_primitive_road","surface":"natural_improved","vehicle_class":"2wd_low","allowed_mode":"all_moto_veh","access_restriction":"not_listed","seasonal_restriction":"not_listed","route_plan_id":"5637","gis_miles":0.07759852},"geometry":{"type":"LineString","coordinates":[[-119.55413,35.2177],[-119.55413,35.21771],[-119.55413,35.21776],[-119.55413,35.21781],[-119.55413,35.21785],[-119.55414,35.21788],[-119.55415,35.21791],[-119.55416,35.21792],[-119.55417,35.21793],[-119.55419,35.21795],[-119.5542,35.21796],[-119.55421,35.21797],[-119.55421,35.21797],[-119.55422,35.21798],[-119.55423,35.218],[-119.55422,35.21804],[-119.55422,35.21808],[-119.55421,35.21812],[-119.5542,35.21817],[-119.55419,35.21823],[-119.55419,35.21828],[-119.55419,35.21833],[-119.55418,35.21839],[-119.55418,35.21845],[-119.55417,35.21852],[-119.55417,35.21859],[-119.55416,35.21865],[-119.55415,35.21872],[-119.55414,35.21879],[-119.55414,35.21879]]}},{"type":"Feature","properties":{"name":"5793","source":"Bureau of Land Management","source_detail":"BLM GTLF OBJECTID 157111","source_id":"{06F9C3EC-DB79-4681-B886-367E956EBC30}","road_class":"transportation_system_-_primitive_road","surface":"natural_improved","vehicle_class":"4wd_low","allowed_mode":"all_moto_veh","access_restriction":"unknown","seasonal_restriction":"not_listed","route_plan_id":"5793","gis_miles":0.23112272},"geometry":{"type":"LineString","coordinates":[[-119.55135,35.25611],[-119.55133,35.25612],[-119.55131,35.25612],[-119.55129,35.25611],[-119.55126,35.2561],[-119.55122,35.25608],[-119.55118,35.25606],[-119.55113,35.25605],[-119.55107,35.25605],[-119.55102,35.25606],[-119.55097,35.25609],[-119.55092,35.25612],[-119.55089,35.25615],[-119.55086,35.25619],[-119.55083,35.25623],[-119.55082,35.25628],[-119.55082,35.25633],[-119.55083,35.25637],[-119.55084,35.25641],[-119.55087,35.25644],[-119.55089,35.25647],[-119.5509,35.25651],[-119.55091,35.25656],[-119.55093,35.2566],[-119.55094,35.25665],[-119.55097,35.2567],[-119.55099,35.25676],[-119.55102,35.25681],[-119.55104,35.25687],[-119.55107,35.25692],[-119.55111,35.25697],[-119.55115,35.25703],[-119.5512,35.25707],[-119.55127,35.25712],[-119.55133,35.25716],[-119.55139,35.25721],[-119.55146,35.25725],[-119.55152,35.2573],[-119.55158,35.25734],[-119.55165,35.25738],[-119.55171,35.25742],[-119.55178,35.25746],[-119.55184,35.2575],[-119.55191,35.25753],[-119.55198,35.25756],[-119.55205,35.25759],[-119.55214,35.2576],[-119.55222,35.25761],[-119.55231,35.25762],[-119.55238,35.25761],[-119.55245,35.25758],[-119.5525,35.25754],[-119.55254,35.25749],[-119.55258,35.25744],[-119.55262,35.25738],[-119.55264,35.25732],[-119.55266,35.25726],[-119.55267,35.2572],[-119.55268,35.25715],[-119.5527,35.2571],[-119.55271,35.25705],[-119.55271,35.25701],[-119.55271,35.25697],[-119.55271,35.25695],[-119.55271,35.25692]]}},{"type":"Feature","properties":{"name":"6044","source":"Bureau of Land Management","source_detail":"BLM GTLF OBJECTID 157120","source_id":"{41C51725-F02A-4302-84F2-42772DC85370}","road_class":"transportation_system_-_primitive_road","surface":"natural_improved","vehicle_class":"4wd_low","allowed_mode":"all_moto_veh","access_restriction":"unknown","seasonal_restriction":"not_listed","route_plan_id":"6044","gis_miles":0.02573361},"geometry":{"type":"LineString","coordinates":[[-119.60593,35.26559],[-119.60593,35.26559],[-119.60592,35.26562],[-119.6059,35.26564],[-119.60589,35.26567],[-119.60587,35.26569],[-119.60586,35.26572],[-119.60585,35.26575],[-119.60584,35.26578],[-119.60583,35.26581],[-119.60582,35.26583],[-119.6058,35.26586],[-119.6058,35.26587],[-119.60578,35.26589],[-119.60576,35.26592],[-119.60576,35.26593]]}},{"type":"Feature","properties":{"name":"5305","source":"Bureau of Land Management","source_detail":"BLM GTLF OBJECTID 157141","source_id":"{DB23F2DF-3835-4466-BBDA-C263D589AC03}","road_class":"transportation_system_-_primitive_road","surface":"natural_improved","vehicle_class":"4wd_low","allowed_mode":"all_moto_veh","access_restriction":"unknown","seasonal_restriction":"not_listed","route_plan_id":"5305","gis_miles":0.56405918},"geometry":{"type":"LineString","coordinates":[[-119.60999,35.24762],[-119.60994,35.24764],[-119.60989,35.24765],[-119.60983,35.24767],[-119.60977,35.2477],[-119.6097,35.24773],[-119.60964,35.24777],[-119.60958,35.24783],[-119.60952,35.24789],[-119.60946,35.24794],[-119.60941,35.248],[-119.60936,35.24804],[-119.60932,35.24808],[-119.60927,35.24812],[-119.60923,35.24815],[-119.60918,35.24819],[-119.60913,35.24822],[-119.60907,35.24826],[-119.60902,35.24829],[-119.60896,35.24832],[-119.6089,35.24835],[-119.60883,35.24838],[-119.60876,35.2484],[-119.60869,35.24843],[-119.60862,35.24845],[-119.60855,35.24848],[-119.60849,35.24851],[-119.60846,35.24852],[-119.60842,35.24852],[-119.60835,35.24852],[-119.60828,35.24851],[-119.6082,35.2485],[-119.60813,35.2485],[-119.60806,35.2485],[-119.608,35.2485],[-119.60793,35.24851],[-119.60786,35.24852],[-119.60779,35.24852],[-119.60771,35.24852],[-119.60764,35.24853],[-119.60757,35.24853],[-119.60749,35.24853],[-119.60741,35.24853],[-119.60734,35.24853],[-119.60726,35.24853],[-119.60719,35.24854],[-119.60712,35.24854],[-119.60707,35.24852],[-119.60702,35.24849],[-119.60697,35.24846],[-119.60692,35.24842],[-119.60687,35.24839],[-119.60682,35.24835],[-119.60678,35.24831],[-119.60673,35.24827],[-119.60669,35.24823],[-119.60665,35.24818],[-119.6066,35.24813],[-119.60656,35.24808],[-119.60652,35.24803],[-119.60648,35.24798],[-119.60644,35.24793],[-119.60641,35.24788],[-119.60638,35.24783],[-119.60634,35.24778],[-119.60631,35.24773],[-119.60628,35.24768],[-119.60625,35.24763],[-119.60622,35.24758],[-119.6062,35.24753],[-119.60618,35.24748],[-119.60616,35.24743],[-119.60615,35.24739],[-119.60614,35.24735],[-119.60613,35.24733],[-119.60613,35.24733],[-119.60613,35.24733],[-119.60613,35.24733],[-119.60613,35.24733],[-119.60612,35.24731],[-119.60612,35.24731],[-119.6061,35.24729],[-119.60607,35.24725],[-119.60604,35.24721],[-119.60601,35.24718],[-119.60598,35.24715],[-119.60595,35.24712],[-119.60593,35.24709],[-119.6059,35.24707],[-119.60588,35.24704],[-119.60585,35.247],[-119.60582,35.24697],[-119.60579,35.24694],[-119.60574,35.24691],[-119.6057,35.24687],[-119.60565,35.24685],[-119.60561,35.24682],[-119.60557,35.2468],[-119.60552,35.24678],[-119.60547,35.24676],[-119.60543,35.24674],[-119.60538,35.24671],[-119.60534,35.24669],[-119.60529,35.24666],[-119.60525,35.24663],[-119.60521,35.2466],[-119.60517,35.24656],[-119.60513,35.24653],[-119.60508,35.2465],[-119.60503,35.24648],[-119.60497,35.24646],[-119.60492,35.24644],[-119.60486,35.24644],[-119.60481,35.24644],[-119.60475,35.24645],[-119.6047,35.24645],[-119.60464,35.24645],[-119.60457,35.24646],[-119.6045,35.24646],[-119.60442,35.24647],[-119.60435,35.24648],[-119.60429,35.24648],[-119.60422,35.24649],[-119.60415,35.2465],[-119.60408,35.24651],[-119.60401,35.24652],[-119.60394,35.24653],[-119.60388,35.24654],[-119.60381,35.24654],[-119.60375,35.24655],[-119.60368,35.24656],[-119.60362,35.24656],[-119.60356,35.24658],[-119.60351,35.24661],[-119.60347,35.24664],[-119.60342,35.24668],[-119.60337,35.24671],[-119.60332,35.24673],[-119.60327,35.24676],[-119.60321,35.24678],[-119.60316,35.2468],[-119.6031,35.24682],[-119.60305,35.24686],[-119.603,35.24689],[-119.60295,35.24693],[-119.6029,35.24697],[-119.60286,35.24702],[-119.60282,35.24706],[-119.60278,35.2471],[-119.60275,35.24714],[-119.60271,35.24719],[-119.60267,35.24722],[-119.60263,35.24726],[-119.60259,35.2473],[-119.60254,35.24734],[-119.6025,35.24738],[-119.60246,35.24742],[-119.60243,35.24746],[-119.60239,35.2475],[-119.60236,35.24754],[-119.60232,35.24758],[-119.60229,35.24761],[-119.60227,35.24764],[-119.60226,35.24766],[-119.60226,35.24766]]}},{"type":"Feature","properties":{"name":"5474","source":"Bureau of Land Management","source_detail":"BLM GTLF OBJECTID 157149","source_id":"{E1F58437-7070-4E0F-9755-EA771B2CD9D4}","road_class":"transportation_system_-_primitive_road","surface":"natural_improved","vehicle_class":"4wd_high_clearance_specialized","allowed_mode":"tech_veh_shared","access_restriction":"unknown","seasonal_restriction":"not_listed","route_plan_id":"T2300A","gis_miles":0.23663846},"geometry":{"type":"LineString","coordinates":[[-119.60154,35.17437],[-119.60157,35.17434],[-119.60162,35.17426],[-119.60166,35.17418],[-119.60172,35.17409],[-119.60178,35.174],[-119.60186,35.17391],[-119.60194,35.17383],[-119.60204,35.17374],[-119.60212,35.17367],[-119.60222,35.17359],[-119.60232,35.17354],[-119.60243,35.17349],[-119.60255,35.17345],[-119.60267,35.17341],[-119.60277,35.17337],[-119.60287,35.17332],[-119.60297,35.17326],[-119.60307,35.17321],[-119.60316,35.17317],[-119.60324,35.17316],[-119.60331,35.17315],[-119.6034,35.17314],[-119.60347,35.17313],[-119.60354,35.17312],[-119.60362,35.17309],[-119.60371,35.17306],[-119.60382,35.17301],[-119.60393,35.17296],[-119.60404,35.1729],[-119.60414,35.17283],[-119.60424,35.17277],[-119.60433,35.17272],[-119.6044,35.17267],[-119.60446,35.17262],[-119.60451,35.17257],[-119.60455,35.17253],[-119.6046,35.17249],[-119.60464,35.17244],[-119.60468,35.1724],[-119.6047,35.17237],[-119.60471,35.17235],[-119.60472,35.17234],[-119.60472,35.17234]]}},{"type":"Feature","properties":{"name":"16055: DEBNEY CANYON","source":"Bureau of Land Management","source_detail":"BLM GTLF OBJECTID 157158","source_id":"{EF913A39-00B0-485D-AC3A-CC65EFD72965}","road_class":"transportation_system_-_primitive_road","surface":"natural_improved","vehicle_class":"2wd_low","allowed_mode":"unk","access_restriction":"unknown","seasonal_restriction":"not_listed","route_plan_id":"T4200","gis_miles":0.68846668},"geometry":{"type":"LineString","coordinates":[[-119.62035,35.20725],[-119.62038,35.20718],[-119.6204,35.20713],[-119.62043,35.20707],[-119.62047,35.20702],[-119.6205,35.20696],[-119.62051,35.20689],[-119.6205,35.20685],[-119.62047,35.20681],[-119.62043,35.20677],[-119.62039,35.20671],[-119.62037,35.20666],[-119.62036,35.2066],[-119.62037,35.20653],[-119.62035,35.20646],[-119.62032,35.20637],[-119.62027,35.20626],[-119.62021,35.20614],[-119.62015,35.20604],[-119.62009,35.20594],[-119.62001,35.20585],[-119.61995,35.20576],[-119.61989,35.20567],[-119.61984,35.20559],[-119.61979,35.20551],[-119.61975,35.20545],[-119.61973,35.20542],[-119.61969,35.20537],[-119.61966,35.20533],[-119.61966,35.20533],[-119.61964,35.20531],[-119.61961,35.20527],[-119.61958,35.20524],[-119.61951,35.20517],[-119.61942,35.2051],[-119.61932,35.20505],[-119.61923,35.205],[-119.61913,35.20496],[-119.61904,35.20489],[-119.61898,35.20483],[-119.61895,35.20476],[-119.61895,35.20471],[-119.61896,35.20468],[-119.61897,35.20464],[-119.61899,35.2046],[-119.61901,35.20457],[-119.61901,35.20453],[-119.61898,35.2045],[-119.61892,35.20447],[-119.61887,35.20443],[-119.61882,35.20439],[-119.6188,35.20432],[-119.61882,35.20425],[-119.61883,35.20418],[-119.61881,35.20411],[-119.61877,35.20403],[-119.61871,35.20394],[-119.61865,35.20386],[-119.61858,35.20375],[-119.61851,35.20366],[-119.61844,35.20357],[-119.61837,35.20347],[-119.61829,35.20338],[-119.61822,35.20328],[-119.61816,35.20318],[-119.6181,35.20307],[-119.61804,35.20297],[-119.61798,35.20286],[-119.61793,35.20273],[-119.61788,35.20261],[-119.61783,35.20249],[-119.61779,35.20237],[-119.61776,35.20228],[-119.61775,35.20226],[-119.61774,35.20223],[-119.61773,35.20221],[-119.6177,35.20215],[-119.61767,35.20208],[-119.61764,35.202],[-119.61758,35.20193],[-119.61754,35.20189],[-119.61752,35.20186],[-119.61751,35.20183],[-119.61752,35.20177],[-119.61753,35.20173],[-119.61754,35.20168],[-119.61754,35.20161],[-119.61753,35.20154],[-119.61751,35.20147],[-119.6175,35.20141],[-119.61749,35.20136],[-119.61748,35.20133],[-119.61746,35.20131],[-119.61743,35.2013],[-119.61738,35.2013],[-119.61732,35.20131],[-119.61724,35.20131],[-119.61717,35.20131],[-119.61709,35.20128],[-119.61703,35.20124],[-119.61699,35.20119],[-119.61696,35.20113],[-119.61695,35.20106],[-119.61693,35.20098],[-119.61692,35.2009],[-119.61691,35.20081],[-119.61688,35.20072],[-119.61686,35.20062],[-119.61684,35.20051],[-119.61681,35.20041],[-119.61676,35.20031],[-119.61671,35.2002],[-119.61666,35.20009],[-119.61662,35.19998],[-119.61659,35.19988],[-119.61657,35.19978],[-119.61657,35.19967],[-119.61656,35.19958],[-119.61657,35.19947],[-119.61657,35.19938],[-119.61655,35.1993],[-119.61653,35.19921],[-119.6165,35.19912],[-119.61645,35.19901],[-119.61638,35.1989],[-119.61632,35.19881],[-119.61626,35.19874],[-119.61619,35.19867],[-119.61612,35.1986],[-119.61607,35.19855]]}},{"type":"Feature","properties":{"name":"6072","source":"Bureau of Land Management","source_detail":"BLM GTLF OBJECTID 157182","source_id":"{123E40FF-C1C6-4929-B9E2-EAAB388B3838}","road_class":"transportation_system_-_primitive_road","surface":"natural_improved","vehicle_class":"4wd_low","allowed_mode":"all_moto_veh","access_restriction":"unknown","seasonal_restriction":"not_listed","route_plan_id":"6072","gis_miles":0.06607256},"geometry":{"type":"LineString","coordinates":[[-119.56075,35.22299],[-119.56074,35.22308],[-119.56072,35.22311],[-119.5607,35.22314],[-119.56067,35.22318],[-119.56063,35.22321],[-119.5606,35.22325],[-119.56056,35.22328],[-119.56052,35.22331],[-119.56049,35.22335],[-119.56045,35.22339],[-119.56042,35.22342],[-119.56038,35.22345],[-119.56035,35.22348],[-119.56032,35.22352],[-119.56028,35.22355],[-119.56025,35.22358],[-119.56022,35.22361],[-119.56018,35.22365],[-119.56015,35.22368],[-119.56011,35.22371],[-119.56008,35.22374],[-119.56006,35.22375]]}},{"type":"Feature","properties":{"name":"1433","source":"Bureau of Land Management","source_detail":"BLM GTLF OBJECTID 157222","source_id":"{AA8E8420-00B7-4E67-B1B7-44307265529C}","road_class":"transportation_system_-_primitive_road","surface":"natural_improved","vehicle_class":"2wd_low","allowed_mode":"all_moto_veh","access_restriction":"not_listed","seasonal_restriction":"not_listed","route_plan_id":"1433","gis_miles":0.26119568},"geometry":{"type":"LineString","coordinates":[[-119.62895,35.33767],[-119.62816,35.33776],[-119.6281,35.33774],[-119.62736,35.33746],[-119.62577,35.33685],[-119.62467,35.33646]]}},{"type":"Feature","properties":{"name":"4063","source":"Bureau of Land Management","source_detail":"BLM GTLF OBJECTID 157282","source_id":"{143EA3B8-9873-4DFE-9FFB-E05BA68A172E}","road_class":"transportation_system_-_primitive_road","surface":"natural_improved","vehicle_class":"2wd_low","allowed_mode":"all_moto_veh","access_restriction":"not_listed","seasonal_restriction":"not_listed","route_plan_id":"4063","gis_miles":0.13628298},"geometry":{"type":"LineString","coordinates":[[-119.61042,35.20956],[-119.61043,35.20944],[-119.61035,35.20935],[-119.61017,35.20939],[-119.60985,35.20951],[-119.60949,35.20963],[-119.60904,35.20979],[-119.6087,35.20998],[-119.60849,35.21016]]}},{"type":"Feature","properties":{"name":"4078","source":"Bureau of Land Management","source_detail":"BLM GTLF OBJECTID 157291","source_id":"{9AF6B826-FA9A-4A9B-B700-34782470BFBF}","road_class":"transportation_system_-_primitive_road","surface":"natural_improved","vehicle_class":"2wd_low","allowed_mode":"all_moto_veh","access_restriction":"not_listed","seasonal_restriction":"not_listed","route_plan_id":"4078","gis_miles":0.02704387},"geometry":{"type":"LineString","coordinates":[[-119.60831,35.21216],[-119.60844,35.21212],[-119.60867,35.21207],[-119.60877,35.21205]]}},{"type":"Feature","properties":{"name":"4219","source":"Bureau of Land Management","source_detail":"BLM GTLF OBJECTID 157301","source_id":"{F9FCC17E-5808-4ECC-8F7E-9E7E116865CF}","road_class":"transportation_system_-_primitive_road","surface":"natural_improved","vehicle_class":"2wd_low","allowed_mode":"all_moto_veh","access_restriction":"not_listed","seasonal_restriction":"not_listed","route_plan_id":"4219","gis_miles":0.05903431},"geometry":{"type":"LineString","coordinates":[[-119.60865,35.2148],[-119.60847,35.21483],[-119.60824,35.21496],[-119.60807,35.21509],[-119.60791,35.21522],[-119.60783,35.2153]]}},{"type":"Feature","properties":{"name":"5626","source":"Bureau of Land Management","source_detail":"BLM GTLF OBJECTID 157330","source_id":"{BA4B813C-EF05-41F7-91D5-2C8027F62EDA}","road_class":"transportation_system_-_primitive_road","surface":"natural_improved","vehicle_class":"2wd_low","allowed_mode":"all_moto_veh","access_restriction":"not_listed","seasonal_restriction":"not_listed","route_plan_id":"5626","gis_miles":0.0313895},"geometry":{"type":"LineString","coordinates":[[-119.55422,35.22753],[-119.55416,35.22753],[-119.55408,35.2275],[-119.55402,35.22746],[-119.55397,35.22741],[-119.55393,35.22737],[-119.55388,35.22733],[-119.55382,35.22731],[-119.55376,35.2273]]}},{"type":"Feature","properties":{"name":"4227","source":"Bureau of Land Management","source_detail":"BLM GTLF OBJECTID 157336","source_id":"{86E6AADF-8060-44E2-93A4-49A42692C3CC}","road_class":"transportation_system_-_primitive_road","surface":"natural_improved","vehicle_class":"2wd_low","allowed_mode":"all_moto_veh","access_restriction":"not_listed","seasonal_restriction":"not_listed","route_plan_id":"4227","gis_miles":0.15895221},"geometry":{"type":"LineString","coordinates":[[-119.61049,35.21431],[-119.61024,35.21431],[-119.61005,35.21432],[-119.61003,35.2144],[-119.61008,35.21449],[-119.61014,35.21463],[-119.6102,35.21473],[-119.61022,35.21477],[-119.61023,35.21487],[-119.61014,35.21499],[-119.60997,35.21515],[-119.60979,35.21535],[-119.60967,35.21549],[-119.60963,35.21552],[-119.60951,35.2156],[-119.60935,35.21574],[-119.60909,35.21579]]}},{"type":"Feature","properties":{"name":"6022","source":"Bureau of Land Management","source_detail":"BLM GTLF OBJECTID 157347","source_id":"{81099A0A-3862-4D90-AEAD-7EDB1CCBBE94}","road_class":"transportation_system_-_primitive_road","surface":"natural_improved","vehicle_class":"4wd_low","allowed_mode":"all_moto_veh","access_restriction":"unknown","seasonal_restriction":"not_listed","route_plan_id":"6022","gis_miles":0.35500823},"geometry":{"type":"LineString","coordinates":[[-119.5285,35.21],[-119.52851,35.21],[-119.52854,35.20998],[-119.52857,35.20996],[-119.52859,35.20994],[-119.52862,35.20992],[-119.52864,35.20991],[-119.52866,35.2099],[-119.52869,35.2099],[-119.52871,35.20989],[-119.52874,35.20989],[-119.52878,35.20989],[-119.52881,35.20989],[-119.52885,35.20989],[-119.5289,35.20989],[-119.52894,35.20989],[-119.52898,35.2099],[-119.52902,35.2099],[-119.52905,35.2099],[-119.52908,35.20991],[-119.52912,35.20991],[-119.52915,35.20991],[-119.52919,35.20991],[-119.52922,35.20991],[-119.52926,35.20992],[-119.5293,35.20992],[-119.52934,35.20992],[-119.52938,35.20992],[-119.52942,35.20992],[-119.52947,35.20993],[-119.52952,35.20993],[-119.52956,35.20993],[-119.52962,35.20993],[-119.52968,35.20994],[-119.52973,35.20994],[-119.52979,35.20994],[-119.52985,35.20994],[-119.5299,35.20994],[-119.52995,35.20995],[-119.52999,35.20995],[-119.53004,35.20995],[-119.53008,35.20995],[-119.53012,35.20995],[-119.53017,35.20995],[-119.53022,35.20996],[-119.53028,35.20996],[-119.53034,35.20996],[-119.5304,35.20996],[-119.53046,35.20997],[-119.53053,35.20997],[-119.53059,35.20997],[-119.53065,35.20997],[-119.53071,35.20998],[-119.53078,35.20998],[-119.53084,35.20998],[-119.5309,35.20998],[-119.53095,35.20998],[-119.531,35.20998],[-119.53105,35.20999],[-119.53109,35.20999],[-119.53113,35.20999],[-119.53115,35.20999],[-119.53117,35.20999],[-119.53119,35.21],[-119.5312,35.21],[-119.53122,35.21],[-119.53123,35.21],[-119.53124,35.21],[-119.53126,35.21],[-119.53127,35.21],[-119.53129,35.21],[-119.5313,35.21],[-119.53132,35.21001],[-119.53134,35.21001],[-119.53135,35.21001],[-119.53138,35.21002],[-119.5314,35.21002],[-119.53142,35.21002],[-119.53143,35.21003],[-119.53145,35.21003],[-119.53146,35.21003],[-119.53148,35.21003],[-119.5315,35.21003],[-119.53152,35.21003],[-119.53155,35.21003],[-119.53159,35.21003],[-119.53162,35.21002],[-119.53163,35.21002],[-119.53166,35.21001],[-119.53169,35.21001],[-119.53172,35.21001],[-119.53175,35.21001],[-119.53178,35.21001],[-119.53182,35.21002],[-119.53187,35.21002],[-119.53191,35.21003],[-119.53194,35.21003],[-119.53197,35.21003],[-119.532,35.21003],[-119.53203,35.21003],[-119.53206,35.21003],[-119.53209,35.21003],[-119.53213,35.21003],[-119.53218,35.21003],[-119.53222,35.21003],[-119.53228,35.21003],[-119.53233,35.21003],[-119.53238,35.21003],[-119.53242,35.21003],[-119.53245,35.21003],[-119.53249,35.21003],[-119.53253,35.21004],[-119.53257,35.21004],[-119.53261,35.21005],[-119.53266,35.21005],[-119.5327,35.21005],[-119.53276,35.21005],[-119.53283,35.21005],[-119.53289,35.21006],[-119.53296,35.21006],[-119.53302,35.21006],[-119.53308,35.21007],[-119.53314,35.21007],[-119.5332,35.21007],[-119.53326,35.21007],[-119.53333,35.21007],[-119.53339,35.21007],[-119.53346,35.21008],[-119.53351,35.21008],[-119.53356,35.21008],[-119.53359,35.21008],[-119.53362,35.21008],[-119.53364,35.21009],[-119.53365,35.21009],[-119.53367,35.21009],[-119.53369,35.21009],[-119.53371,35.21009],[-119.53372,35.21009],[-119.53373,35.21009],[-119.53373,35.21009],[-119.53374,35.21009],[-119.53374,35.21009],[-119.53375,35.21009],[-119.53377,35.2101],[-119.53379,35.2101],[-119.53383,35.2101],[-119.53388,35.2101],[-119.53392,35.2101],[-119.53396,35.2101],[-119.53401,35.2101],[-119.53405,35.21011],[-119.53409,35.21011],[-119.53413,35.21011],[-119.53416,35.21011],[-119.5342,35.21011],[-119.53423,35.21012],[-119.53427,35.21011],[-119.53431,35.2101],[-119.53434,35.21009],[-119.53437,35.21006],[-119.53439,35.21004],[-119.53442,35.21002],[-119.53443,35.20999],[-119.53445,35.20997],[-119.53446,35.20994],[-119.53446,35.20992],[-119.53447,35.20991],[-119.53447,35.20989],[-119.53447,35.20989],[-119.53447,35.20988],[-119.53446,35.20986],[-119.53445,35.20985],[-119.53443,35.20983]]}},{"type":"Feature","properties":{"name":"5629","source":"Bureau of Land Management","source_detail":"BLM GTLF OBJECTID 157355","source_id":"{EBEB1588-3870-4085-8D0A-67E9BA82CFC7}","road_class":"transportation_system_-_primitive_road","surface":"natural_improved","vehicle_class":"2wd_low","allowed_mode":"all_moto_veh","access_restriction":"not_listed","seasonal_restriction":"not_listed","route_plan_id":"5629","gis_miles":0.4950418},"geometry":{"type":"LineString","coordinates":[[-119.54521,35.22375],[-119.54517,35.22376],[-119.54502,35.22376],[-119.54487,35.22377],[-119.54471,35.22377],[-119.54456,35.22377],[-119.5444,35.22378],[-119.54425,35.22378],[-119.54409,35.22378],[-119.54393,35.22378],[-119.54378,35.22379],[-119.54362,35.22379],[-119.54347,35.22379],[-119.54331,35.22379],[-119.54316,35.22379],[-119.543,35.22379],[-119.54285,35.22378],[-119.54269,35.22378],[-119.54254,35.22378],[-119.54239,35.22377],[-119.54223,35.22377],[-119.54208,35.22377],[-119.54193,35.22377],[-119.54178,35.22377],[-119.54163,35.22378],[-119.54148,35.22378],[-119.54133,35.22378],[-119.54118,35.22378],[-119.54102,35.22378],[-119.54088,35.22378],[-119.54073,35.22378],[-119.54058,35.22378],[-119.54043,35.22378],[-119.54028,35.22378],[-119.54013,35.22378],[-119.53998,35.22378],[-119.53984,35.22378],[-119.53969,35.22378],[-119.53955,35.22379],[-119.5394,35.22379],[-119.53926,35.2238],[-119.53911,35.2238],[-119.53901,35.2238],[-119.53897,35.2238],[-119.53882,35.22381],[-119.53868,35.22381],[-119.53854,35.22381],[-119.5384,35.22382],[-119.53825,35.22382],[-119.53811,35.22382],[-119.53797,35.22382],[-119.53784,35.22383],[-119.5377,35.22383],[-119.53756,35.22383],[-119.53742,35.22382],[-119.53728,35.22382],[-119.53714,35.22382],[-119.53701,35.22382],[-119.53689,35.22382],[-119.53678,35.22381],[-119.53668,35.22381],[-119.53659,35.2238],[-119.53652,35.22379],[-119.53646,35.22378]]}},{"type":"Feature","properties":{"name":"5301","source":"Bureau of Land Management","source_detail":"BLM GTLF OBJECTID 157358","source_id":"{6FCC8A26-AAEA-42FC-8C51-704FF072FC91}","road_class":"transportation_system_-_primitive_road","surface":"natural_improved","vehicle_class":"4wd_low","allowed_mode":"all_moto_veh","access_restriction":"unknown","seasonal_restriction":"not_listed","route_plan_id":"5301","gis_miles":0.20361835},"geometry":{"type":"LineString","coordinates":[[-119.60286,35.25179],[-119.60288,35.25177],[-119.6029,35.25173],[-119.6029,35.2517],[-119.6029,35.25166],[-119.6029,35.25162],[-119.60289,35.25158],[-119.60289,35.25154],[-119.60288,35.2515],[-119.60287,35.25145],[-119.60286,35.25141],[-119.60286,35.25136],[-119.60285,35.25132],[-119.60284,35.25127],[-119.60283,35.25123],[-119.60282,35.25118],[-119.60281,35.25115],[-119.6028,35.25112],[-119.60279,35.25108],[-119.60279,35.25105],[-119.60278,35.25101],[-119.60277,35.25098],[-119.60277,35.25094],[-119.60276,35.25089],[-119.60275,35.25084],[-119.60274,35.25079],[-119.60273,35.25073],[-119.60272,35.25067],[-119.60271,35.25062],[-119.6027,35.25056],[-119.60269,35.2505],[-119.60268,35.25044],[-119.60267,35.25038],[-119.60266,35.25032],[-119.60265,35.25026],[-119.60263,35.2502],[-119.60262,35.25014],[-119.60261,35.25008],[-119.6026,35.25003],[-119.60259,35.24998],[-119.60258,35.24993],[-119.60257,35.24988],[-119.60257,35.24983],[-119.60256,35.24978],[-119.60255,35.24973],[-119.60254,35.24969],[-119.60254,35.24965],[-119.60253,35.24961],[-119.60252,35.24956],[-119.60251,35.24951],[-119.6025,35.24946],[-119.60249,35.2494],[-119.60248,35.24935],[-119.60247,35.24929],[-119.60246,35.24923],[-119.60245,35.24918],[-119.60244,35.24912],[-119.60243,35.24908],[-119.60242,35.24903],[-119.60241,35.24899],[-119.60241,35.24895],[-119.6024,35.24892],[-119.6024,35.2489],[-119.6024,35.24888]]}},{"type":"Feature","properties":{"name":"4226","source":"Bureau of Land Management","source_detail":"BLM GTLF OBJECTID 157407","source_id":"{E99054E0-DDC2-467C-8D1D-D815E660068C}","road_class":"transportation_system_-_primitive_road","surface":"natural_improved","vehicle_class":"2wd_low","allowed_mode":"all_moto_veh","access_restriction":"not_listed","seasonal_restriction":"not_listed","route_plan_id":"4226","gis_miles":0.03157731},"geometry":{"type":"LineString","coordinates":[[-119.61113,35.2159],[-119.61089,35.21596],[-119.61084,35.21599],[-119.61075,35.216],[-119.61071,35.21593],[-119.61072,35.21589]]}},{"type":"Feature","properties":{"name":"4235","source":"Bureau of Land Management","source_detail":"BLM GTLF OBJECTID 157413","source_id":"{D6DEFDE0-4F87-49A3-8E4E-8AC00E799B96}","road_class":"transportation_system_-_primitive_road","surface":"natural_improved","vehicle_class":"2wd_low","allowed_mode":"all_moto_veh","access_restriction":"not_listed","seasonal_restriction":"not_listed","route_plan_id":"4235","gis_miles":0.09295927},"geometry":{"type":"LineString","coordinates":[[-119.61311,35.2159],[-119.61329,35.21589],[-119.61348,35.21589],[-119.61357,35.21592],[-119.61366,35.21597],[-119.61375,35.21605],[-119.61378,35.21608],[-119.6138,35.21617],[-119.61382,35.21633],[-119.61382,35.21647],[-119.61382,35.21664],[-119.6138,35.21669],[-119.61372,35.21678]]}},{"type":"Feature","properties":{"name":"4060","source":"Bureau of Land Management","source_detail":"BLM GTLF OBJECTID 157416","source_id":"{42718101-D445-46BD-AEEF-B3EE7FB4CDB5}","road_class":"transportation_system_-_primitive_road","surface":"natural_improved","vehicle_class":"2wd_low","allowed_mode":"all_moto_veh","access_restriction":"not_listed","seasonal_restriction":"not_listed","route_plan_id":"4060","gis_miles":0.2046922},"geometry":{"type":"LineString","coordinates":[[-119.61325,35.20949],[-119.61305,35.20948],[-119.61293,35.20952],[-119.61282,35.20956],[-119.61259,35.20973],[-119.61231,35.20991],[-119.61213,35.21002],[-119.61188,35.21013],[-119.61164,35.21023],[-119.61131,35.21031],[-119.61111,35.21034],[-119.61099,35.21035],[-119.61072,35.21049],[-119.61036,35.2108],[-119.61021,35.21093]]}},{"type":"Feature","properties":{"name":"5636","source":"Bureau of Land Management","source_detail":"BLM GTLF OBJECTID 157417","source_id":"{D997326A-42A9-4D81-8726-89AEA7B8CF4B}","road_class":"transportation_system_-_primitive_road","surface":"natural_improved","vehicle_class":"2wd_low","allowed_mode":"all_moto_veh","access_restriction":"not_listed","seasonal_restriction":"not_listed","route_plan_id":"5636","gis_miles":0.13853759},"geometry":{"type":"LineString","coordinates":[[-119.55415,35.21984],[-119.55428,35.21994],[-119.55489,35.22037],[-119.55495,35.22041],[-119.55497,35.22042],[-119.55499,35.22043],[-119.55503,35.22046],[-119.55507,35.22049],[-119.55513,35.22053],[-119.55519,35.22057],[-119.55524,35.2206],[-119.55529,35.22064],[-119.55534,35.22067],[-119.55539,35.22071],[-119.55545,35.22075],[-119.55551,35.22078],[-119.55557,35.22083],[-119.55564,35.22087],[-119.5557,35.22091],[-119.55575,35.22094],[-119.55581,35.22098],[-119.55586,35.22101],[-119.55588,35.22102],[-119.55591,35.22104],[-119.55596,35.22107],[-119.55597,35.22108],[-119.55601,35.2211],[-119.55604,35.22111]]}},{"type":"Feature","properties":{"name":"6054","source":"Bureau of Land Management","source_detail":"BLM GTLF OBJECTID 157427","source_id":"{BFEF1168-AA61-44D6-9FA4-81CA78E124E9}","road_class":"transportation_system_-_primitive_road","surface":"natural_improved","vehicle_class":"4wd_low","allowed_mode":"all_moto_veh","access_restriction":"unknown","seasonal_restriction":"not_listed","route_plan_id":"6054","gis_miles":0.09848472},"geometry":{"type":"LineString","coordinates":[[-119.55588,35.22102],[-119.55585,35.22101],[-119.55581,35.22101],[-119.55576,35.221],[-119.55572,35.221],[-119.55567,35.221],[-119.55562,35.22101],[-119.55557,35.22101],[-119.55551,35.22102],[-119.55546,35.22102],[-119.55541,35.22103],[-119.55535,35.22104],[-119.5553,35.22104],[-119.55524,35.22105],[-119.55518,35.22106],[-119.55513,35.22107],[-119.55507,35.22108],[-119.55501,35.22108],[-119.55495,35.22109],[-119.5549,35.2211],[-119.55484,35.22112],[-119.55479,35.22113],[-119.55475,35.22114],[-119.5547,35.22115],[-119.55466,35.22116],[-119.55462,35.22117],[-119.55458,35.22118],[-119.55454,35.22119],[-119.55451,35.2212],[-119.55448,35.22121],[-119.55445,35.22122],[-119.55442,35.22123],[-119.55438,35.22124],[-119.55435,35.22124],[-119.55432,35.22125],[-119.55429,35.22125],[-119.55426,35.22126],[-119.55423,35.22126],[-119.5542,35.22127],[-119.55418,35.22127]]}},{"type":"Feature","properties":{"name":"6009","source":"Bureau of Land Management","source_detail":"BLM GTLF OBJECTID 157445","source_id":"{1F8C9DD1-4D16-41AF-A351-AF6EB3AFC46C}","road_class":"transportation_system_-_primitive_road","surface":"natural_improved","vehicle_class":"4wd_low","allowed_mode":"all_moto_veh","access_restriction":"unknown","seasonal_restriction":"not_listed","route_plan_id":"6009","gis_miles":0.03035613},"geometry":{"type":"LineString","coordinates":[[-119.53539,35.20986],[-119.53536,35.20984],[-119.53531,35.20981],[-119.53527,35.20978],[-119.53523,35.20975],[-119.5352,35.20971],[-119.53517,35.20968],[-119.53514,35.20965],[-119.53511,35.20962],[-119.53509,35.20958],[-119.53504,35.20954]]}},{"type":"Feature","properties":{"name":"5798","source":"Bureau of Land Management","source_detail":"BLM GTLF OBJECTID 157449","source_id":"{789A22D2-F7B1-4B51-A6DB-FD9C6449E77E}","road_class":"transportation_system_-_primitive_road","surface":"natural_improved","vehicle_class":"4wd_low","allowed_mode":"all_moto_veh","access_restriction":"unknown","seasonal_restriction":"not_listed","route_plan_id":"5798","gis_miles":0.11951089},"geometry":{"type":"LineString","coordinates":[[-119.54566,35.26136],[-119.5457,35.26136],[-119.54575,35.26136],[-119.54579,35.26136],[-119.54584,35.26137],[-119.5459,35.26138],[-119.54596,35.26139],[-119.54604,35.2614],[-119.54611,35.26141],[-119.54618,35.26144],[-119.54624,35.26147],[-119.54629,35.26151],[-119.54633,35.26156],[-119.54637,35.26162],[-119.54642,35.26167],[-119.54646,35.26173],[-119.54652,35.26178],[-119.54658,35.26184],[-119.54664,35.26189],[-119.5467,35.26195],[-119.54677,35.26201],[-119.54683,35.26207],[-119.54689,35.26214],[-119.54694,35.26221],[-119.54698,35.26227],[-119.54701,35.26233],[-119.54703,35.26238],[-119.54704,35.26243],[-119.54705,35.26247],[-119.54706,35.26249]]}},{"type":"Feature","properties":{"name":"16057: DERBY ACRES  USGS WEST ELK HILLS","source":"Bureau of Land Management","source_detail":"BLM GTLF OBJECTID 157450","source_id":"{C525D91E-68A9-440C-A018-00944CD11CD6}","road_class":"transportation_system_-_road","surface":"natural_improved","vehicle_class":"2wd_low","allowed_mode":"unk","access_restriction":"unknown","seasonal_restriction":"not_listed","route_plan_id":"5220","gis_miles":0.23263999},"geometry":{"type":"LineString","coordinates":[[-119.59968,35.25201],[-119.59969,35.25201],[-119.59971,35.25201],[-119.59975,35.25201],[-119.59978,35.252],[-119.59981,35.252],[-119.59984,35.252],[-119.59987,35.25199],[-119.5999,35.25199],[-119.59992,35.25198],[-119.59995,35.25198],[-119.59996,35.25197],[-119.59998,35.25197],[-119.60022,35.25196],[-119.60079,35.25194],[-119.60088,35.25194],[-119.60098,35.25194],[-119.60107,35.25193],[-119.60117,35.25193],[-119.60127,35.25193],[-119.60137,35.25193],[-119.60148,35.25192],[-119.60158,35.25192],[-119.60168,35.25192],[-119.60179,35.25191],[-119.6019,35.2519],[-119.60201,35.2519],[-119.60213,35.25188],[-119.60225,35.25187],[-119.60238,35.25185],[-119.6025,35.25184],[-119.60263,35.25182],[-119.60275,35.25181],[-119.60286,35.25179],[-119.60286,35.25179],[-119.60298,35.25178],[-119.6031,35.25177],[-119.60322,35.25176],[-119.60335,35.25176],[-119.60347,35.25175],[-119.6036,35.25173],[-119.60372,35.25172],[-119.60382,35.2517],[-119.60392,35.25169],[-119.60401,35.25168],[-119.60411,35.25167],[-119.6042,35.25166],[-119.6043,35.25166],[-119.60439,35.25166],[-119.60449,35.25167],[-119.60449,35.25167],[-119.60459,35.25168],[-119.6047,35.2517],[-119.6048,35.25172],[-119.6049,35.25174],[-119.60499,35.25176],[-119.60509,35.25177],[-119.60519,35.25178],[-119.60529,35.25178],[-119.60539,35.25178],[-119.60549,35.25177],[-119.60559,35.25176],[-119.60569,35.25174],[-119.60579,35.25171],[-119.6059,35.25169],[-119.606,35.25167],[-119.6061,35.25164],[-119.6062,35.25161],[-119.6063,35.25158],[-119.60639,35.25155],[-119.60648,35.25151],[-119.60657,35.25148],[-119.60665,35.25143],[-119.60673,35.25139],[-119.6068,35.25134],[-119.60682,35.25132]]}},{"type":"Feature","properties":{"name":"5634","source":"Bureau of Land Management","source_detail":"BLM GTLF OBJECTID 157498","source_id":"{EE770688-97C1-4AB2-AF89-EBD4773AA621}","road_class":"transportation_system_-_primitive_road","surface":"natural_improved","vehicle_class":"2wd_low","allowed_mode":"all_moto_veh","access_restriction":"not_listed","seasonal_restriction":"not_listed","route_plan_id":"5634","gis_miles":0.28109305},"geometry":{"type":"LineString","coordinates":[[-119.55826,35.21563],[-119.55828,35.21561],[-119.55832,35.21558],[-119.55836,35.21555],[-119.55841,35.21552],[-119.55846,35.21549],[-119.55851,35.21546],[-119.55856,35.21542],[-119.55862,35.21538],[-119.55867,35.21533],[-119.55871,35.21527],[-119.55876,35.21522],[-119.55881,35.21517],[-119.55886,35.21512],[-119.55891,35.21508],[-119.55897,35.21506],[-119.55904,35.21505],[-119.55911,35.21505],[-119.55926,35.21508],[-119.55934,35.2151],[-119.55942,35.21511],[-119.5595,35.21513],[-119.55958,35.21514],[-119.55966,35.21515],[-119.55974,35.21516],[-119.55982,35.21517],[-119.55989,35.21518],[-119.55997,35.21519],[-119.56004,35.2152],[-119.56012,35.2152],[-119.5602,35.21521],[-119.56027,35.21521],[-119.56035,35.21521],[-119.56043,35.21522],[-119.56051,35.21522],[-119.56059,35.21522],[-119.56067,35.21522],[-119.56075,35.21522],[-119.56083,35.21522],[-119.56091,35.21522],[-119.56099,35.21521],[-119.56107,35.21521],[-119.56115,35.21521],[-119.56123,35.2152],[-119.56131,35.2152],[-119.56139,35.21519],[-119.56147,35.21519],[-119.56155,35.21518],[-119.56163,35.21517],[-119.56171,35.21517],[-119.56178,35.21516],[-119.56186,35.21516],[-119.56194,35.21516],[-119.56202,35.21515],[-119.5621,35.21515],[-119.56217,35.21515],[-119.56225,35.21514],[-119.56232,35.21514],[-119.56238,35.21513],[-119.56239,35.21513],[-119.56243,35.21513],[-119.56248,35.21513],[-119.5625,35.21512],[-119.56252,35.21512],[-119.56258,35.21512],[-119.56264,35.21512],[-119.56271,35.21512],[-119.56278,35.21512],[-119.56285,35.21511],[-119.56291,35.21512]]}},{"type":"Feature","properties":{"name":"4075","source":"Bureau of Land Management","source_detail":"BLM GTLF OBJECTID 157513","source_id":"{D0B906A1-AA8E-4BA5-B5BC-C616B1CA0172}","road_class":"transportation_system_-_primitive_road","surface":"natural_improved","vehicle_class":"2wd_low","allowed_mode":"all_moto_veh","access_restriction":"not_listed","seasonal_restriction":"not_listed","route_plan_id":"4075","gis_miles":0.08941871},"geometry":{"type":"LineString","coordinates":[[-119.61036,35.21263],[-119.61022,35.21265],[-119.61005,35.21266],[-119.60991,35.2126],[-119.60974,35.21243],[-119.60957,35.21224],[-119.60939,35.2121],[-119.60914,35.21196]]}},{"type":"Feature","properties":{"name":"5809","source":"Bureau of Land Management","source_detail":"BLM GTLF OBJECTID 157527","source_id":"{BD651A5C-F091-466B-A696-9C8DC3BDBB48}","road_class":"transportation_system_-_primitive_road","surface":"natural_improved","vehicle_class":"2wd_low","allowed_mode":"all_moto_veh","access_restriction":"not_listed","seasonal_restriction":"not_listed","route_plan_id":"5809","gis_miles":0.10175769},"geometry":{"type":"LineString","coordinates":[[-119.54706,35.26249],[-119.54704,35.26251],[-119.54701,35.26251],[-119.54697,35.2625],[-119.54693,35.2625],[-119.54688,35.2625],[-119.54682,35.2625],[-119.54676,35.26251],[-119.54669,35.26251],[-119.54662,35.26253],[-119.54655,35.26254],[-119.54649,35.26256],[-119.54642,35.26257],[-119.54635,35.26259],[-119.54629,35.2626],[-119.54623,35.2626],[-119.54617,35.26261],[-119.54611,35.26262],[-119.54604,35.26263],[-119.54597,35.26264],[-119.54589,35.26264],[-119.54582,35.26265],[-119.54575,35.26266],[-119.54567,35.26267],[-119.5456,35.26268],[-119.54553,35.26269],[-119.54546,35.2627],[-119.54539,35.26271],[-119.54532,35.26272],[-119.54529,35.26273]]}},{"type":"Feature","properties":{"name":"5506","source":"Bureau of Land Management","source_detail":"BLM GTLF OBJECTID 157547","source_id":"{29A63346-8E0C-46FF-9628-ED7A463A725A}","road_class":"transportation_system_-_primitive_road","surface":"natural_improved","vehicle_class":"4wd_low","allowed_mode":"all_moto_veh","access_restriction":"unknown","seasonal_restriction":"not_listed","route_plan_id":"5506","gis_miles":0.26403641},"geometry":{"type":"LineString","coordinates":[[-119.61026,35.26651],[-119.61024,35.26649],[-119.6102,35.26642],[-119.61015,35.26635],[-119.6101,35.26629],[-119.61006,35.26622],[-119.61004,35.2662],[-119.61002,35.26617],[-119.60999,35.26613],[-119.60998,35.26611],[-119.60995,35.26606],[-119.60993,35.26603],[-119.60991,35.26598],[-119.60987,35.26594],[-119.60984,35.26589],[-119.6098,35.26584],[-119.60976,35.26579],[-119.60973,35.26574],[-119.60969,35.26568],[-119.60965,35.26563],[-119.60962,35.26558],[-119.60958,35.26554],[-119.60955,35.2655],[-119.60953,35.26546],[-119.6095,35.26543],[-119.60947,35.2654],[-119.60944,35.26537],[-119.60942,35.26534],[-119.60942,35.26534],[-119.60939,35.2653],[-119.60936,35.26527],[-119.60933,35.26523],[-119.6093,35.26518],[-119.60926,35.26514],[-119.60923,35.2651],[-119.60921,35.26506],[-119.60918,35.26502],[-119.60915,35.26498],[-119.60912,35.26494],[-119.6091,35.26491],[-119.60907,35.26487],[-119.60903,35.26483],[-119.609,35.26479],[-119.60897,35.26475],[-119.60894,35.26471],[-119.60891,35.26467],[-119.60888,35.26463],[-119.60885,35.2646],[-119.60882,35.26456],[-119.60879,35.26453],[-119.60877,35.26449],[-119.60874,35.26446],[-119.60872,35.26443],[-119.60869,35.26439],[-119.60867,35.26435],[-119.60864,35.26431],[-119.60861,35.26427],[-119.60858,35.26423],[-119.60856,35.2642],[-119.60853,35.26416],[-119.60851,35.26413],[-119.60848,35.26409],[-119.60845,35.26405],[-119.60842,35.26401],[-119.60838,35.26396],[-119.60835,35.26392],[-119.60831,35.26387],[-119.60827,35.26381],[-119.60824,35.26376],[-119.60821,35.26371],[-119.60817,35.26366],[-119.60814,35.26362],[-119.60812,35.26359],[-119.60811,35.26357],[-119.60809,35.26355],[-119.60809,35.26354],[-119.60809,35.26354],[-119.60798,35.2634],[-119.60796,35.26337],[-119.60794,35.26333],[-119.60791,35.2633],[-119.60788,35.26326],[-119.60786,35.26323]]}},{"type":"Feature","properties":{"name":"5382","source":"Bureau of Land Management","source_detail":"BLM GTLF OBJECTID 157549","source_id":"{55FD1924-7622-423E-A8E9-4A447858EE32}","road_class":"transportation_system_-_primitive_road","surface":"natural_improved","vehicle_class":"4wd_low","allowed_mode":"all_moto_veh","access_restriction":"unknown","seasonal_restriction":"not_listed","route_plan_id":"5382","gis_miles":0.0690661},"geometry":{"type":"LineString","coordinates":[[-119.56409,35.1987],[-119.5641,35.19871],[-119.56412,35.19873],[-119.56414,35.19875],[-119.56415,35.19878],[-119.56416,35.19881],[-119.56417,35.19884],[-119.56418,35.19887],[-119.5642,35.19891],[-119.56421,35.19894],[-119.56422,35.19898],[-119.56423,35.19902],[-119.56424,35.19907],[-119.56424,35.19911],[-119.56425,35.19915],[-119.56424,35.1992],[-119.56424,35.19924],[-119.56424,35.19928],[-119.56424,35.19931],[-119.56425,35.19935],[-119.56425,35.19939],[-119.56425,35.19942],[-119.56425,35.19945],[-119.56425,35.19949],[-119.56425,35.19952],[-119.56425,35.19955],[-119.56426,35.19958],[-119.56426,35.19961],[-119.56427,35.19964],[-119.56428,35.19966],[-119.56429,35.19967]]}},{"type":"Feature","properties":{"name":"4169","source":"Bureau of Land Management","source_detail":"BLM GTLF OBJECTID 157602","source_id":"{F5585563-57DB-49CC-AD3E-10B3FAB7DA0E}","road_class":"transportation_system_-_primitive_road","surface":"natural_improved","vehicle_class":"4wd_low","allowed_mode":"all_moto_veh","access_restriction":"unknown","seasonal_restriction":"not_listed","route_plan_id":"4169","gis_miles":0.59470546},"geometry":{"type":"LineString","coordinates":[[-119.56978,35.21766],[-119.56963,35.21769],[-119.56929,35.21782],[-119.56921,35.21788],[-119.56914,35.21809],[-119.56909,35.21827],[-119.56907,35.21853],[-119.56905,35.21899],[-119.56905,35.21929],[-119.56902,35.21945],[-119.56898,35.21959],[-119.56893,35.21966],[-119.56889,35.21971],[-119.5688,35.21973],[-119.56873,35.21974],[-119.5686,35.2197],[-119.56845,35.21961],[-119.5682,35.21945],[-119.56802,35.21931],[-119.56775,35.21918],[-119.56759,35.21906],[-119.56748,35.21897],[-119.56736,35.21882],[-119.56717,35.21865],[-119.56709,35.21858],[-119.56701,35.21848],[-119.56689,35.21835],[-119.56679,35.21824],[-119.56671,35.21812],[-119.56666,35.21804],[-119.5666,35.21793],[-119.5666,35.21775],[-119.56675,35.21753],[-119.56699,35.21727],[-119.56705,35.21713],[-119.56719,35.21701],[-119.56737,35.217],[-119.56757,35.21695],[-119.56774,35.21683],[-119.56796,35.21667],[-119.56817,35.21657],[-119.56822,35.21663],[-119.56828,35.21669],[-119.56838,35.21681],[-119.5685,35.21688],[-119.5687,35.21691],[-119.56903,35.2169],[-119.56923,35.21687],[-119.56939,35.21683],[-119.56949,35.21678],[-119.56954,35.21673],[-119.5696,35.2167],[-119.56968,35.21668],[-119.56977,35.21667]]}},{"type":"Feature","properties":{"name":"6014","source":"Bureau of Land Management","source_detail":"BLM GTLF OBJECTID 157666","source_id":"{E284ABF1-7DBB-474E-924C-C32EB2AB007A}","road_class":"transportation_system_-_primitive_road","surface":"natural_improved","vehicle_class":"4wd_low","allowed_mode":"all_moto_veh","access_restriction":"unknown","seasonal_restriction":"not_listed","route_plan_id":"6014","gis_miles":0.01322494},"geometry":{"type":"LineString","coordinates":[[-119.5361,35.21383],[-119.53613,35.2138],[-119.53618,35.21377],[-119.53623,35.21373],[-119.53628,35.2137]]}},{"type":"Feature","properties":{"name":"5792","source":"Bureau of Land Management","source_detail":"BLM GTLF OBJECTID 157679","source_id":"{C4D0F1D6-47D6-46E0-B5AA-A4F0CCAE32A8}","road_class":"transportation_system_-_primitive_road","surface":"natural_improved","vehicle_class":"4wd_low","allowed_mode":"all_moto_veh","access_restriction":"unknown","seasonal_restriction":"not_listed","route_plan_id":"5792","gis_miles":0.39264217},"geometry":{"type":"LineString","coordinates":[[-119.55414,35.25614],[-119.55413,35.25616],[-119.55406,35.25622],[-119.55399,35.25628],[-119.55391,35.25634],[-119.55383,35.25639],[-119.55374,35.25644],[-119.55366,35.25649],[-119.55357,35.25654],[-119.55348,35.25659],[-119.55339,35.25663],[-119.55329,35.25668],[-119.5532,35.25672],[-119.55311,35.25678],[-119.55303,35.25683],[-119.55296,35.25687],[-119.55289,35.25691],[-119.55283,35.25693],[-119.55278,35.25694],[-119.55275,35.25695],[-119.55274,35.25694],[-119.55272,35.25693],[-119.55271,35.25692],[-119.55269,35.25692],[-119.55266,35.2569],[-119.55263,35.25687],[-119.55258,35.25684],[-119.55252,35.25682],[-119.55245,35.25679],[-119.55238,35.25676],[-119.55229,35.25673],[-119.5522,35.25669],[-119.55212,35.25664],[-119.55203,35.2566],[-119.55194,35.25655],[-119.55185,35.2565],[-119.55177,35.25645],[-119.55169,35.25639],[-119.55161,35.25634],[-119.55154,35.25629],[-119.55148,35.25624],[-119.55143,35.2562],[-119.55138,35.25615],[-119.55135,35.25611],[-119.55133,35.2561],[-119.55127,35.25604],[-119.55121,35.25597],[-119.55114,35.25591],[-119.55106,35.25586],[-119.55098,35.25581],[-119.55089,35.25577],[-119.55081,35.25575],[-119.55072,35.25576],[-119.55063,35.25577],[-119.55054,35.2558],[-119.55045,35.25582],[-119.55036,35.25584],[-119.55027,35.25586],[-119.55018,35.25588],[-119.55009,35.2559],[-119.55,35.25592],[-119.54991,35.25594],[-119.54981,35.25596],[-119.54971,35.25597],[-119.54961,35.25598],[-119.5495,35.256],[-119.54939,35.25601],[-119.54928,35.25602],[-119.54917,35.25603],[-119.54906,35.25603],[-119.54896,35.25603],[-119.54886,35.25602],[-119.54876,35.256],[-119.54867,35.25598],[-119.54858,35.25596],[-119.5485,35.25593],[-119.54843,35.25591],[-119.54836,35.25588],[-119.54829,35.25584],[-119.54822,35.25581],[-119.54814,35.25577]]}},{"type":"Feature","properties":{"name":"5470","source":"Bureau of Land Management","source_detail":"BLM GTLF OBJECTID 157693","source_id":"{76EE6656-0E67-477B-A1BD-5CCBDFF3D000}","road_class":"transportation_system_-_primitive_road","surface":"natural_improved","vehicle_class":"4wd_low","allowed_mode":"unk","access_restriction":"unknown","seasonal_restriction":"not_listed","route_plan_id":"T3201","gis_miles":1.24825521},"geometry":{"type":"MultiLineString","coordinates":[[[-119.61591,35.19589],[-119.61596,35.19592],[-119.61606,35.19597],[-119.61615,35.19603],[-119.61625,35.19608],[-119.61635,35.19614],[-119.61645,35.1962],[-119.61655,35.19626],[-119.61663,35.19631],[-119.6167,35.19636],[-119.61676,35.19642],[-119.61683,35.19648],[-119.61689,35.19654],[-119.61696,35.19661],[-119.61703,35.19668],[-119.6171,35.19675],[-119.61717,35.19682],[-119.61724,35.19689],[-119.61732,35.19695],[-119.61741,35.197],[-119.61752,35.19705],[-119.61764,35.19709],[-119.61778,35.19712],[-119.61795,35.19714],[-119.61809,35.19716],[-119.61821,35.19719],[-119.61832,35.19723],[-119.61843,35.1973],[-119.61851,35.19735],[-119.6186,35.1974],[-119.61868,35.19743],[-119.61874,35.19746],[-119.61881,35.19749],[-119.6189,35.19752],[-119.61901,35.19753],[-119.61915,35.19751],[-119.61931,35.19746],[-119.61947,35.19739],[-119.61964,35.19732],[-119.6198,35.19724],[-119.61995,35.19716],[-119.62009,35.1971],[-119.62021,35.19706],[-119.6203,35.19704],[-119.62039,35.19704],[-119.6205,35.19704],[-119.62062,35.19705],[-119.62075,35.19708],[-119.62087,35.19712],[-119.62099,35.19717],[-119.62112,35.19724],[-119.62126,35.19731],[-119.62138,35.1974],[-119.62148,35.1975],[-119.62157,35.19759],[-119.62166,35.19766],[-119.62176,35.19773],[-119.62186,35.19777],[-119.62194,35.19782],[-119.622,35.19788],[-119.62206,35.19797],[-119.62214,35.19808],[-119.62221,35.19819],[-119.62228,35.1983],[-119.62235,35.19839],[-119.62245,35.19847],[-119.62253,35.19854],[-119.62261,35.1986],[-119.62267,35.19865],[-119.62271,35.19869],[-119.62275,35.19874],[-119.62277,35.19879],[-119.6228,35.19884],[-119.62283,35.19889],[-119.62286,35.19895],[-119.6229,35.19901],[-119.62294,35.19907],[-119.623,35.19913],[-119.62306,35.19919],[-119.62313,35.19925],[-119.62321,35.1993],[-119.6233,35.19936],[-119.62338,35.19941],[-119.62347,35.19946],[-119.62356,35.19951],[-119.62365,35.19956],[-119.62374,35.1996],[-119.62383,35.19965],[-119.62393,35.19971],[-119.62403,35.19978],[-119.62413,35.19985],[-119.62424,35.19993],[-119.62434,35.20001],[-119.62445,35.2001],[-119.62454,35.20017],[-119.62462,35.20025],[-119.62468,35.20031],[-119.62473,35.20037],[-119.62476,35.20044],[-119.62478,35.20052],[-119.62479,35.20062],[-119.62479,35.20071],[-119.62479,35.20079],[-119.62478,35.20088],[-119.62476,35.20096],[-119.62473,35.20105],[-119.62469,35.20115],[-119.62464,35.20125],[-119.6246,35.20136],[-119.62456,35.20147],[-119.62452,35.20157],[-119.62449,35.20166],[-119.62446,35.20175],[-119.62443,35.20184],[-119.6244,35.20192],[-119.62438,35.20201],[-119.62434,35.2021],[-119.62429,35.20219],[-119.62424,35.20228],[-119.62417,35.20238],[-119.6241,35.20248],[-119.62403,35.20257],[-119.62397,35.20265],[-119.62391,35.20272],[-119.62385,35.20279],[-119.62378,35.20285],[-119.62371,35.20292],[-119.62364,35.20298],[-119.62355,35.20305],[-119.62347,35.20312],[-119.62337,35.2032],[-119.62328,35.20326],[-119.62319,35.20333],[-119.62308,35.20338],[-119.62297,35.20344],[-119.62284,35.20349],[-119.62271,35.20353],[-119.62262,35.20357],[-119.62254,35.20362],[-119.62246,35.20369],[-119.62238,35.20378],[-119.62231,35.20386],[-119.62226,35.20393],[-119.62222,35.20398],[-119.62218,35.20403],[-119.62215,35.20408],[-119.6221,35.20414],[-119.62205,35.20421],[-119.622,35.20427],[-119.62194,35.20434],[-119.62189,35.20441],[-119.62183,35.20449],[-119.62178,35.20457],[-119.62173,35.20464],[-119.62168,35.20471],[-119.62163,35.20478],[-119.62157,35.20484],[-119.6215,35.20488],[-119.62141,35.20492],[-119.62132,35.20494],[-119.62125,35.20496],[-119.62118,35.20497],[-119.6211,35.20498],[-119.62102,35.20499],[-119.62094,35.20499],[-119.62086,35.20501],[-119.62079,35.20502],[-119.62071,35.20502],[-119.62064,35.20502],[-119.62056,35.20501],[-119.62046,35.20499],[-119.62037,35.20497],[-119.62027,35.20496],[-119.62018,35.20497],[-119.62009,35.20498],[-119.62001,35.205],[-119.61992,35.20504],[-119.61984,35.20509],[-119.61977,35.20514],[-119.61971,35.20519],[-119.61967,35.20523],[-119.61963,35.20526],[-119.61961,35.20527],[-119.61961,35.20527]],[[-119.61221,35.19477],[-119.61223,35.19476],[-119.61231,35.19474],[-119.61238,35.19472],[-119.61247,35.1947],[-119.61257,35.19467],[-119.61267,35.19463],[-119.61278,35.1946],[-119.61289,35.19456],[-119.613,35.19453],[-119.61312,35.1945],[-119.61324,35.19447],[-119.61334,35.19446],[-119.61342,35.19446],[-119.61349,35.19447],[-119.61356,35.1945],[-119.61364,35.19454],[-119.6137,35.19459],[-119.61376,35.19466],[-119.61381,35.19472],[-119.61386,35.19478],[-119.61386,35.19479]]]}},{"type":"Feature","properties":{"name":"5263","source":"Bureau of Land Management","source_detail":"BLM GTLF OBJECTID 157721","source_id":"{BE432C1D-A8E6-4BF9-B350-2B59066E167B}","road_class":"transportation_system_-_primitive_road","surface":"natural","vehicle_class":"4wd_low","allowed_mode":"all_moto_veh","access_restriction":"unknown","seasonal_restriction":"not_listed","route_plan_id":"5263","gis_miles":0.16141801},"geometry":{"type":"LineString","coordinates":[[-119.61494,35.24514],[-119.61497,35.24507],[-119.61498,35.24505],[-119.615,35.24502],[-119.61502,35.24499],[-119.61504,35.24495],[-119.61507,35.2449],[-119.6151,35.24486],[-119.61513,35.24482],[-119.61517,35.24477],[-119.6152,35.24473],[-119.61522,35.24468],[-119.61524,35.24464],[-119.61526,35.24459],[-119.61527,35.24455],[-119.61527,35.2445],[-119.61528,35.24446],[-119.61528,35.24442],[-119.61528,35.2444],[-119.61528,35.24438],[-119.61528,35.24435],[-119.61528,35.24433],[-119.61528,35.24431],[-119.61529,35.24429],[-119.61529,35.24426],[-119.61529,35.24423],[-119.6153,35.2442],[-119.61531,35.24416],[-119.61531,35.24412],[-119.61533,35.24407],[-119.61534,35.24401],[-119.61535,35.24394],[-119.61536,35.24387],[-119.61538,35.2438],[-119.6154,35.24372],[-119.61541,35.24365],[-119.61543,35.24359],[-119.61544,35.24354],[-119.61545,35.24349],[-119.61546,35.24346],[-119.61546,35.24342],[-119.61546,35.24339],[-119.61545,35.24336],[-119.61543,35.24333],[-119.61542,35.2433],[-119.61539,35.24326],[-119.61537,35.24322],[-119.61535,35.24319],[-119.61532,35.24315],[-119.61529,35.24311],[-119.61527,35.24307],[-119.61525,35.24304],[-119.61523,35.243],[-119.61522,35.24297],[-119.61521,35.24294],[-119.6152,35.24292]]}},{"type":"Feature","properties":{"name":"4058","source":"Bureau of Land Management","source_detail":"BLM GTLF OBJECTID 157723","source_id":"{306F1971-F752-4088-9E76-06D402A42A8B}","road_class":"transportation_system_-_primitive_road","surface":"natural_improved","vehicle_class":"2wd_low","allowed_mode":"all_moto_veh","access_restriction":"not_listed","seasonal_restriction":"not_listed","route_plan_id":"4058","gis_miles":0.08352669},"geometry":{"type":"LineString","coordinates":[[-119.61512,35.20958],[-119.61546,35.20997],[-119.61564,35.21022],[-119.61569,35.21036],[-119.61583,35.21047],[-119.61597,35.21054]]}},{"type":"Feature","properties":{"name":"779","source":"Bureau of Land Management","source_detail":"BLM GTLF OBJECTID 157744","source_id":"{AD4B5F59-0FCC-41A8-8113-BB61E422E9D8}","road_class":"transportation_system_-_primitive_road","surface":"natural_improved","vehicle_class":"4wd_low","allowed_mode":"all_moto_veh","access_restriction":"unknown","seasonal_restriction":"not_listed","route_plan_id":"779","gis_miles":0.39197515},"geometry":{"type":"MultiLineString","coordinates":[[[-119.57603,35.28584],[-119.57603,35.28584],[-119.57603,35.28582],[-119.57603,35.2858],[-119.57602,35.2858],[-119.57602,35.28579],[-119.57602,35.28579],[-119.57602,35.28578],[-119.57601,35.28577],[-119.57601,35.28576],[-119.57601,35.28574],[-119.57601,35.28572],[-119.576,35.2857],[-119.576,35.28567],[-119.576,35.28564],[-119.57601,35.28561],[-119.57603,35.28557],[-119.57605,35.28552],[-119.57608,35.28548],[-119.57611,35.28543],[-119.57614,35.28539],[-119.57617,35.28535],[-119.5762,35.2853],[-119.57624,35.28525],[-119.57627,35.2852],[-119.5763,35.28516],[-119.57633,35.28511],[-119.57637,35.28507],[-119.5764,35.28502],[-119.57643,35.28498],[-119.57646,35.28494],[-119.57649,35.28489],[-119.57652,35.28485],[-119.57655,35.2848],[-119.57659,35.28475],[-119.57662,35.2847],[-119.57666,35.28465],[-119.5767,35.28459],[-119.57674,35.28454],[-119.57678,35.28448],[-119.57682,35.28442],[-119.57686,35.28436],[-119.5769,35.2843],[-119.57694,35.28424],[-119.57698,35.28417],[-119.57703,35.28411],[-119.57707,35.28405],[-119.57711,35.28399],[-119.57715,35.28393],[-119.57719,35.28387],[-119.57724,35.2838],[-119.57728,35.28374],[-119.57732,35.28368],[-119.57737,35.28361],[-119.57741,35.28355],[-119.57746,35.28349],[-119.5775,35.28343],[-119.57754,35.28337],[-119.57757,35.28333],[-119.57759,35.28329],[-119.5776,35.28328],[-119.57763,35.28324],[-119.57766,35.28319],[-119.57769,35.28315],[-119.5777,35.28314]],[[-119.5777,35.28314],[-119.57773,35.28311],[-119.57776,35.28307],[-119.57779,35.28303],[-119.57782,35.28299],[-119.57784,35.28296],[-119.57786,35.28292],[-119.57787,35.28286],[-119.57786,35.28281],[-119.57784,35.28275],[-119.5778,35.28269],[-119.57776,35.28264],[-119.57771,35.28258],[-119.57766,35.28253],[-119.57761,35.28247],[-119.57756,35.28241],[-119.57752,35.28235],[-119.57747,35.2823],[-119.57743,35.28224],[-119.57738,35.28219],[-119.57731,35.28216],[-119.57724,35.28213],[-119.57717,35.28213],[-119.5771,35.28215],[-119.57704,35.28218],[-119.57701,35.28223],[-119.57699,35.28227],[-119.57697,35.28231],[-119.57696,35.28235],[-119.57696,35.28237],[-119.5772,35.28256],[-119.57741,35.28274],[-119.57757,35.28288],[-119.57768,35.283],[-119.5777,35.28314]]]}},{"type":"Feature","properties":{"name":"4224","source":"Bureau of Land Management","source_detail":"BLM GTLF OBJECTID 157749","source_id":"{2D917618-80DB-430B-A46D-A4792FBC28C7}","road_class":"transportation_system_-_primitive_road","surface":"natural_improved","vehicle_class":"2wd_low","allowed_mode":"all_moto_veh","access_restriction":"not_listed","seasonal_restriction":"not_listed","route_plan_id":"4224","gis_miles":0.07529595},"geometry":{"type":"LineString","coordinates":[[-119.61166,35.21553],[-119.61162,35.21533],[-119.61153,35.21503],[-119.61146,35.2149],[-119.61131,35.21479],[-119.61116,35.21477],[-119.61106,35.21478],[-119.61104,35.21485]]}},{"type":"Feature","properties":{"name":"5368","source":"Bureau of Land Management","source_detail":"BLM GTLF OBJECTID 157764","source_id":"{6E0710A0-1BC0-4A3F-806A-83C4C39931A6}","road_class":"transportation_system_-_primitive_road","surface":"natural_improved","vehicle_class":"4wd_low","allowed_mode":"unk","access_restriction":"unknown","seasonal_restriction":"not_listed","route_plan_id":"T4","gis_miles":0.44448657},"geometry":{"type":"LineString","coordinates":[[-119.60716,35.19408],[-119.60718,35.19408],[-119.60725,35.19406],[-119.60731,35.19404],[-119.60737,35.19402],[-119.60743,35.194],[-119.60749,35.19397],[-119.60754,35.19395],[-119.60761,35.19393],[-119.60767,35.19391],[-119.60774,35.1939],[-119.6078,35.19388],[-119.60786,35.19386],[-119.60793,35.19384],[-119.608,35.19382],[-119.60806,35.19379],[-119.60812,35.19377],[-119.60818,35.19375],[-119.60823,35.19373],[-119.60828,35.1937],[-119.60833,35.19369],[-119.60837,35.19367],[-119.60842,35.19365],[-119.60846,35.19363],[-119.60851,35.19361],[-119.60855,35.19358],[-119.60859,35.19355],[-119.60863,35.19351],[-119.60865,35.19346],[-119.60867,35.19342],[-119.60868,35.19337],[-119.60869,35.19333],[-119.6087,35.19329],[-119.6087,35.19324],[-119.60871,35.1932],[-119.60872,35.19315],[-119.60873,35.19311],[-119.60874,35.19307],[-119.60876,35.19302],[-119.60877,35.19298],[-119.60878,35.19294],[-119.6088,35.1929],[-119.60881,35.19286],[-119.60882,35.19282],[-119.60884,35.19278],[-119.60885,35.19274],[-119.60887,35.1927],[-119.60889,35.19265],[-119.60891,35.19261],[-119.60893,35.19256],[-119.60895,35.19251],[-119.60897,35.19247],[-119.60898,35.19242],[-119.60898,35.19238],[-119.60898,35.19234],[-119.60898,35.1923],[-119.60898,35.19226],[-119.60897,35.19222],[-119.60896,35.19219],[-119.60895,35.19215],[-119.60894,35.19211],[-119.60893,35.19207],[-119.60892,35.19203],[-119.60891,35.19199],[-119.6089,35.19194],[-119.60889,35.1919],[-119.60889,35.19185],[-119.60889,35.19181],[-119.6089,35.19176],[-119.6089,35.19172],[-119.60891,35.19167],[-119.60892,35.19162],[-119.60893,35.19158],[-119.60895,35.19153],[-119.60896,35.19149],[-119.60898,35.19144],[-119.609,35.1914],[-119.60901,35.19135],[-119.60902,35.19131],[-119.60903,35.19127],[-119.60904,35.19122],[-119.60904,35.19118],[-119.60904,35.19113],[-119.60904,35.19108],[-119.60904,35.19105],[-119.60904,35.19101],[-119.60904,35.19099],[-119.60904,35.19097],[-119.60903,35.19094],[-119.60903,35.1909],[-119.60903,35.19089],[-119.60903,35.19087],[-119.60902,35.19084],[-119.60902,35.1908],[-119.60901,35.19076],[-119.60901,35.19071],[-119.609,35.19067],[-119.60899,35.19063],[-119.60898,35.19059],[-119.60897,35.19055],[-119.60895,35.19052],[-119.60894,35.1905],[-119.60893,35.19048],[-119.60891,35.19046],[-119.6089,35.19045],[-119.60889,35.19044],[-119.60888,35.19043],[-119.60886,35.19041],[-119.60884,35.1904],[-119.60882,35.19039],[-119.60881,35.19038],[-119.60879,35.19037],[-119.60876,35.19037],[-119.60874,35.19036],[-119.60872,35.19035],[-119.60869,35.19034],[-119.60866,35.19034],[-119.60864,35.19033],[-119.60861,35.19032],[-119.60858,35.19032],[-119.60856,35.19031],[-119.60853,35.19031],[-119.6085,35.1903],[-119.60847,35.1903],[-119.60844,35.19029],[-119.6084,35.19028],[-119.60837,35.19027],[-119.60833,35.19026],[-119.6083,35.19025],[-119.60826,35.19023],[-119.60823,35.19022],[-119.60821,35.1902],[-119.60818,35.19019],[-119.60815,35.19016],[-119.60812,35.19014],[-119.6081,35.19012],[-119.60807,35.19009],[-119.60805,35.19006],[-119.60803,35.19003],[-119.60801,35.19001],[-119.60799,35.18998],[-119.60797,35.18996],[-119.60794,35.18993],[-119.60792,35.1899],[-119.60789,35.18987],[-119.60786,35.18985],[-119.60784,35.18983],[-119.60783,35.18981],[-119.60781,35.1898],[-119.60779,35.18979],[-119.60777,35.18977],[-119.60775,35.18976],[-119.60773,35.18974],[-119.6077,35.18972],[-119.60768,35.18971],[-119.60766,35.18969],[-119.60763,35.18968],[-119.60761,35.18967],[-119.60759,35.18966],[-119.60756,35.18965],[-119.60753,35.18964],[-119.60751,35.18963],[-119.60748,35.18963],[-119.60746,35.18963],[-119.60744,35.18962],[-119.60742,35.18962],[-119.6074,35.18962],[-119.60738,35.18962],[-119.60736,35.18963],[-119.60733,35.18964],[-119.60729,35.18965],[-119.60726,35.18967],[-119.60723,35.18969],[-119.6072,35.18972],[-119.60717,35.18974],[-119.60715,35.18975],[-119.60713,35.18977],[-119.6071,35.18979],[-119.60708,35.1898],[-119.60705,35.18982],[-119.60701,35.18984],[-119.607,35.18985]]}},{"type":"Feature","properties":{"name":"5794","source":"Bureau of Land Management","source_detail":"BLM GTLF OBJECTID 157800","source_id":"{965E1E13-D7A5-427C-B618-368207FF3831}","road_class":"transportation_system_-_primitive_road","surface":"natural_improved","vehicle_class":"4wd_low","allowed_mode":"all_moto_veh","access_restriction":"unknown","seasonal_restriction":"not_listed","route_plan_id":"5794","gis_miles":0.29134802},"geometry":{"type":"LineString","coordinates":[[-119.54177,35.25819],[-119.54178,35.25819],[-119.54181,35.2582],[-119.54184,35.25822],[-119.54187,35.25824],[-119.5419,35.25827],[-119.54193,35.2583],[-119.54196,35.25833],[-119.542,35.25836],[-119.54205,35.2584],[-119.54209,35.25843],[-119.54214,35.25847],[-119.5422,35.25851],[-119.54225,35.25855],[-119.5423,35.2586],[-119.54235,35.25865],[-119.5424,35.25871],[-119.54244,35.25876],[-119.54249,35.25881],[-119.54254,35.25886],[-119.54259,35.25891],[-119.54264,35.25896],[-119.5427,35.25902],[-119.54276,35.25906],[-119.54282,35.25911],[-119.54287,35.25916],[-119.54292,35.25921],[-119.54296,35.25926],[-119.54301,35.25931],[-119.54306,35.25936],[-119.54311,35.25941],[-119.54316,35.25945],[-119.54321,35.2595],[-119.54326,35.25955],[-119.5433,35.2596],[-119.54333,35.25965],[-119.54336,35.25971],[-119.5434,35.25976],[-119.54344,35.25982],[-119.54349,35.25987],[-119.54354,35.25991],[-119.54358,35.25996],[-119.54361,35.26001],[-119.54364,35.26006],[-119.54367,35.26011],[-119.5437,35.26017],[-119.54372,35.26022],[-119.54374,35.26028],[-119.54377,35.26032],[-119.54381,35.26037],[-119.54386,35.26041],[-119.54391,35.26044],[-119.54396,35.26048],[-119.54402,35.26051],[-119.54407,35.26053],[-119.54413,35.26056],[-119.54419,35.26058],[-119.54426,35.2606],[-119.54433,35.26062],[-119.54439,35.26065],[-119.54446,35.26067],[-119.54453,35.2607],[-119.54459,35.26074],[-119.54466,35.26078],[-119.54472,35.26081],[-119.54478,35.26085],[-119.54484,35.26089],[-119.5449,35.26093],[-119.54496,35.26097],[-119.54503,35.261],[-119.54504,35.261],[-119.5451,35.26102],[-119.54516,35.26105],[-119.54523,35.26108],[-119.54529,35.26111],[-119.54531,35.26112]]}},{"type":"Feature","properties":{"name":"6052","source":"Bureau of Land Management","source_detail":"BLM GTLF OBJECTID 157815","source_id":"{9B9511B9-9BF9-413D-A9C5-5B50BAABD65E}","road_class":"transportation_system_-_primitive_road","surface":"natural_improved","vehicle_class":"4wd_low","allowed_mode":"all_moto_veh","access_restriction":"unknown","seasonal_restriction":"not_listed","route_plan_id":"6052","gis_miles":0.18666205},"geometry":{"type":"LineString","coordinates":[[-119.56829,35.2205],[-119.56829,35.2205],[-119.56826,35.22049],[-119.56823,35.22048],[-119.5682,35.22046],[-119.56818,35.22045],[-119.56815,35.22043],[-119.56812,35.22042],[-119.56809,35.22041],[-119.56805,35.2204],[-119.56801,35.22039],[-119.56796,35.22039],[-119.56796,35.22039],[-119.56791,35.22039],[-119.56786,35.22039],[-119.56784,35.22039],[-119.56781,35.22039],[-119.56776,35.22039],[-119.56772,35.22039],[-119.56768,35.22039],[-119.56763,35.22039],[-119.56758,35.2204],[-119.56753,35.2204],[-119.56749,35.2204],[-119.56744,35.2204],[-119.56739,35.2204],[-119.56734,35.2204],[-119.56729,35.2204],[-119.56725,35.22039],[-119.5672,35.22039],[-119.56716,35.22039],[-119.56711,35.22038],[-119.56706,35.22038],[-119.56701,35.22039],[-119.56696,35.22039],[-119.56691,35.22039],[-119.56686,35.22039],[-119.56681,35.22039],[-119.56676,35.22039],[-119.56672,35.22039],[-119.56668,35.22038],[-119.56664,35.22038],[-119.56659,35.22038],[-119.56654,35.22038],[-119.56649,35.22038],[-119.56644,35.22038],[-119.56639,35.22038],[-119.56633,35.22038],[-119.56628,35.22038],[-119.56623,35.22038],[-119.56618,35.22038],[-119.56615,35.22039],[-119.56612,35.22039],[-119.56608,35.22039],[-119.56605,35.22039],[-119.56602,35.2204],[-119.56599,35.22041],[-119.56596,35.22043],[-119.56594,35.22044],[-119.56591,35.22046],[-119.56589,35.22048],[-119.56586,35.22049],[-119.56584,35.22051],[-119.56582,35.22053],[-119.5658,35.22055],[-119.5658,35.22055],[-119.56579,35.22057],[-119.56577,35.22059],[-119.56576,35.22061],[-119.56574,35.22063],[-119.56573,35.22065],[-119.56571,35.22067],[-119.5657,35.2207],[-119.56569,35.22073],[-119.56568,35.22076],[-119.56567,35.2208],[-119.56566,35.22083],[-119.56565,35.22086],[-119.56564,35.22089],[-119.56563,35.22092],[-119.56562,35.22095],[-119.56562,35.22098],[-119.56562,35.221],[-119.56563,35.22103],[-119.56563,35.22105],[-119.56562,35.22108],[-119.56561,35.2211]]}},{"type":"Feature","properties":{"name":"4234","source":"Bureau of Land Management","source_detail":"BLM GTLF OBJECTID 157817","source_id":"{25885B05-021C-44D5-BB2B-877DE14ECE6B}","road_class":"transportation_system_-_primitive_road","surface":"natural_improved","vehicle_class":"2wd_low","allowed_mode":"all_moto_veh","access_restriction":"not_listed","seasonal_restriction":"not_listed","route_plan_id":"4234","gis_miles":0.47917296},"geometry":{"type":"LineString","coordinates":[[-119.61537,35.21115],[-119.61553,35.21123],[-119.61585,35.21139],[-119.61593,35.21147],[-119.61583,35.2116],[-119.61543,35.21196],[-119.61515,35.21215],[-119.61478,35.21231],[-119.61453,35.21239],[-119.61441,35.21244],[-119.61432,35.21256],[-119.6142,35.21277],[-119.61414,35.21286],[-119.61394,35.21311],[-119.61385,35.21322],[-119.61371,35.21333],[-119.61361,35.21348],[-119.61355,35.21367],[-119.61352,35.21381],[-119.61351,35.21387],[-119.6135,35.21394],[-119.61348,35.21409],[-119.61347,35.21429],[-119.61348,35.2146],[-119.61353,35.21501],[-119.61354,35.21539],[-119.61354,35.21556],[-119.61355,35.2157],[-119.61357,35.21586],[-119.61357,35.21592],[-119.61358,35.21604],[-119.61353,35.21621],[-119.61348,35.21633],[-119.61341,35.21641],[-119.61336,35.21643],[-119.61324,35.2165],[-119.61299,35.21656],[-119.61279,35.21663]]}},{"type":"Feature","properties":{"name":"5632","source":"Bureau of Land Management","source_detail":"BLM GTLF OBJECTID 157821","source_id":"{856B8C96-9B94-4EBE-8D21-B25FE3F3BEA9}","road_class":"transportation_system_-_primitive_road","surface":"natural_improved","vehicle_class":"2wd_low","allowed_mode":"all_moto_veh","access_restriction":"not_listed","seasonal_restriction":"not_listed","route_plan_id":"5632","gis_miles":0.22844026},"geometry":{"type":"LineString","coordinates":[[-119.55604,35.22111],[-119.55607,35.22111],[-119.55613,35.2211],[-119.55619,35.2211],[-119.55625,35.22109],[-119.55632,35.22108],[-119.5564,35.22108],[-119.55648,35.22108],[-119.55656,35.22107],[-119.55664,35.22107],[-119.55673,35.22107],[-119.55681,35.22107],[-119.55689,35.22108],[-119.55697,35.22109],[-119.55705,35.2211],[-119.55713,35.2211],[-119.55722,35.2211],[-119.55731,35.22111],[-119.5574,35.22111],[-119.5575,35.22111],[-119.55759,35.22111],[-119.55769,35.22111],[-119.55779,35.22111],[-119.55788,35.22111],[-119.55798,35.22111],[-119.55807,35.22111],[-119.55815,35.22111],[-119.55822,35.22111],[-119.55829,35.22111],[-119.55834,35.22111],[-119.55838,35.22111],[-119.55839,35.22111],[-119.55841,35.22111],[-119.55842,35.22111],[-119.55844,35.22111],[-119.55848,35.22112],[-119.55853,35.22113],[-119.55859,35.22113],[-119.55866,35.22113],[-119.55873,35.22113],[-119.55881,35.22113],[-119.5589,35.22112],[-119.55899,35.22112],[-119.55908,35.22111],[-119.55918,35.22111],[-119.55928,35.2211],[-119.55938,35.2211],[-119.55949,35.22109],[-119.55959,35.22109],[-119.5597,35.22109],[-119.5598,35.2211],[-119.55991,35.2211],[-119.56,35.22111],[-119.56008,35.22111]]}},{"type":"Feature","properties":{"name":"6060","source":"Bureau of Land Management","source_detail":"BLM GTLF OBJECTID 157843","source_id":"{8B144BAF-5124-481B-8DFE-38533CBEFDFB}","road_class":"transportation_system_-_primitive_road","surface":"natural_improved","vehicle_class":"4wd_low","allowed_mode":"all_moto_veh","access_restriction":"unknown","seasonal_restriction":"not_listed","route_plan_id":"6060","gis_miles":0.01046365},"geometry":{"type":"LineString","coordinates":[[-119.55925,35.22374],[-119.55921,35.22374],[-119.55916,35.22374],[-119.55912,35.22374],[-119.55908,35.22374],[-119.55907,35.22374]]}},{"type":"Feature","properties":{"name":"5306","source":"Bureau of Land Management","source_detail":"BLM GTLF OBJECTID 157870","source_id":"{709F372A-5613-4F5D-9CD1-034DF5C7D4B9}","road_class":"transportation_system_-_primitive_road","surface":"natural_improved","vehicle_class":"4wd_low","allowed_mode":"all_moto_veh","access_restriction":"unknown","seasonal_restriction":"not_listed","route_plan_id":"5306","gis_miles":0.15261744},"geometry":{"type":"LineString","coordinates":[[-119.60612,35.24731],[-119.60614,35.24731],[-119.60617,35.2473],[-119.6062,35.24727],[-119.60622,35.24724],[-119.60625,35.24721],[-119.60627,35.24717],[-119.6063,35.24714],[-119.60632,35.24711],[-119.60633,35.24708],[-119.60634,35.24704],[-119.60634,35.24701],[-119.60634,35.24697],[-119.60634,35.24693],[-119.60633,35.24689],[-119.60632,35.24685],[-119.60631,35.24681],[-119.60629,35.24677],[-119.60627,35.24673],[-119.60626,35.24668],[-119.60625,35.24663],[-119.60624,35.24659],[-119.60624,35.24654],[-119.60624,35.24649],[-119.60624,35.24645],[-119.60625,35.2464],[-119.60625,35.24636],[-119.60625,35.24631],[-119.60624,35.24627],[-119.60624,35.24623],[-119.60623,35.24619],[-119.60622,35.24614],[-119.6062,35.2461],[-119.60617,35.24606],[-119.60613,35.24602],[-119.6061,35.24598],[-119.60606,35.24594],[-119.60601,35.2459],[-119.60597,35.24586],[-119.60592,35.24582],[-119.60588,35.24579],[-119.60584,35.24575],[-119.60581,35.24572],[-119.60577,35.24569],[-119.60574,35.24567],[-119.6057,35.24565],[-119.60567,35.24563],[-119.60563,35.24561],[-119.60559,35.24558],[-119.60556,35.24555],[-119.60553,35.24551],[-119.60552,35.24547],[-119.60551,35.24544],[-119.60551,35.24543],[-119.60551,35.24542],[-119.60552,35.24541]]}},{"type":"Feature","properties":{"name":"5620","source":"Bureau of Land Management","source_detail":"BLM GTLF OBJECTID 157888","source_id":"{1A09347C-5DE6-45FC-94A4-36D45E2BA043}","road_class":"transportation_system_-_primitive_road","surface":"natural_improved","vehicle_class":"4wd_low","allowed_mode":"all_moto_veh","access_restriction":"unknown","seasonal_restriction":"not_listed","route_plan_id":"5620","gis_miles":0.12013827},"geometry":{"type":"LineString","coordinates":[[-119.53619,35.24553],[-119.53617,35.24551],[-119.53613,35.24547],[-119.53608,35.24544],[-119.53603,35.24541],[-119.53598,35.24539],[-119.53593,35.24537],[-119.53587,35.24534],[-119.53582,35.24532],[-119.53577,35.2453],[-119.53573,35.24529],[-119.53568,35.24527],[-119.53564,35.24525],[-119.53559,35.24523],[-119.53556,35.2452],[-119.53553,35.24518],[-119.5355,35.24514],[-119.53547,35.24511],[-119.53545,35.24508],[-119.53542,35.24505],[-119.53539,35.24501],[-119.53537,35.24498],[-119.53536,35.24495],[-119.53536,35.24492],[-119.53537,35.2449],[-119.53539,35.24488],[-119.53541,35.24487],[-119.53544,35.24486],[-119.53548,35.24485],[-119.53552,35.24486],[-119.53556,35.24487],[-119.53559,35.24489],[-119.53563,35.2449],[-119.53566,35.24492],[-119.53569,35.24494],[-119.53572,35.24496],[-119.53576,35.24497],[-119.5358,35.24499],[-119.53583,35.245],[-119.53587,35.24501],[-119.53591,35.245],[-119.53594,35.24499],[-119.53597,35.24497],[-119.536,35.24495],[-119.53603,35.24492],[-119.53605,35.2449],[-119.53608,35.24488],[-119.5361,35.24485],[-119.53612,35.24483],[-119.53612,35.24481],[-119.53613,35.24481]]}},{"type":"Feature","properties":{"name":"4047","source":"Bureau of Land Management","source_detail":"BLM GTLF OBJECTID 157914","source_id":"{0462F9F3-617B-4FBD-A6F4-89A9A7D2B663}","road_class":"transportation_system_-_primitive_road","surface":"natural_improved","vehicle_class":"2wd_low","allowed_mode":"all_moto_veh","access_restriction":"not_listed","seasonal_restriction":"not_listed","route_plan_id":"4047","gis_miles":0.05301169},"geometry":{"type":"LineString","coordinates":[[-119.59351,35.20555],[-119.59335,35.20554],[-119.59304,35.20533],[-119.59295,35.20523],[-119.59276,35.20513]]}},{"type":"Feature","properties":{"name":"4085","source":"Bureau of Land Management","source_detail":"BLM GTLF OBJECTID 157923","source_id":"{5A73A729-9BDD-4F43-B094-458C94193A53}","road_class":"transportation_system_-_primitive_road","surface":"natural_improved","vehicle_class":"2wd_low","allowed_mode":"all_moto_veh","access_restriction":"not_listed","seasonal_restriction":"not_listed","route_plan_id":"4085","gis_miles":0.12907393},"geometry":{"type":"LineString","coordinates":[[-119.60811,35.21355],[-119.60761,35.21362],[-119.60735,35.21368],[-119.60736,35.21347],[-119.60736,35.21338],[-119.60726,35.21335],[-119.60717,35.21344],[-119.60716,35.21358],[-119.60714,35.21366],[-119.60714,35.21376],[-119.60718,35.21385],[-119.60722,35.21393],[-119.60724,35.21398],[-119.60703,35.21401]]}},{"type":"Feature","properties":{"name":"4037","source":"Bureau of Land Management","source_detail":"BLM GTLF OBJECTID 157944","source_id":"{C6ACD412-FB4F-4F03-84ED-FB5C4D2E24CA}","road_class":"transportation_system_-_primitive_road","surface":"natural_improved","vehicle_class":"2wd_low","allowed_mode":"all_moto_veh","access_restriction":"not_listed","seasonal_restriction":"not_listed","route_plan_id":"4037","gis_miles":0.04550382},"geometry":{"type":"LineString","coordinates":[[-119.59018,35.20647],[-119.58998,35.20653],[-119.58983,35.20656],[-119.5896,35.2066],[-119.5894,35.20664]]}},{"type":"Feature","properties":{"name":"5321","source":"Bureau of Land Management","source_detail":"BLM GTLF OBJECTID 157947","source_id":"{CDE1B2A2-8AC1-43E9-9359-B5DEFCB8FE3B}","road_class":"transportation_system_-_primitive_road","surface":"natural","vehicle_class":"4wd_low","allowed_mode":"all_moto_veh","access_restriction":"unknown","seasonal_restriction":"not_listed","route_plan_id":"5321","gis_miles":0.0027681},"geometry":{"type":"LineString","coordinates":[[-119.64512,35.23099],[-119.64512,35.23099],[-119.64511,35.23101],[-119.6451,35.23102]]}},{"type":"Feature","properties":{"name":"5682","source":"Bureau of Land Management","source_detail":"BLM GTLF OBJECTID 158038","source_id":"{2860ABAF-FD03-47CC-B420-3780091AFAE8}","road_class":"transportation_system_-_primitive_road","surface":"natural_improved","vehicle_class":"2wd_low","allowed_mode":"all_moto_veh","access_restriction":"not_listed","seasonal_restriction":"not_listed","route_plan_id":"5682","gis_miles":0.20398382},"geometry":{"type":"LineString","coordinates":[[-119.5449,35.25481],[-119.54487,35.2548],[-119.54483,35.25477],[-119.54478,35.25474],[-119.54473,35.25471],[-119.54467,35.25468],[-119.54462,35.25464],[-119.54456,35.2546],[-119.5445,35.25457],[-119.54444,35.25453],[-119.54437,35.25449],[-119.5443,35.25445],[-119.54424,35.2544],[-119.54418,35.25436],[-119.54412,35.25431],[-119.54407,35.25426],[-119.54401,35.25421],[-119.54396,35.25416],[-119.54391,35.25411],[-119.54385,35.25406],[-119.5438,35.25401],[-119.54376,35.25396],[-119.54371,35.25391],[-119.54366,35.25386],[-119.54361,35.2538],[-119.54356,35.25375],[-119.54351,35.2537],[-119.54346,35.25364],[-119.54341,35.25359],[-119.54335,35.25353],[-119.5433,35.25348],[-119.54324,35.25342],[-119.54319,35.25337],[-119.54313,35.25332],[-119.54307,35.25327],[-119.54302,35.25322],[-119.54296,35.25318],[-119.54291,35.25313],[-119.54286,35.25309],[-119.5428,35.25305],[-119.54274,35.25301],[-119.54268,35.25298],[-119.54261,35.25294],[-119.54255,35.2529],[-119.54249,35.25286],[-119.54242,35.25282],[-119.54236,35.25279],[-119.54233,35.25277]]}},{"type":"Feature","properties":{"name":"5800","source":"Bureau of Land Management","source_detail":"BLM GTLF OBJECTID 158042","source_id":"{0ECFAC6B-5E98-4957-9222-8F2C98D490E6}","road_class":"transportation_system_-_primitive_road","surface":"natural_improved","vehicle_class":"4wd_low","allowed_mode":"all_moto_veh","access_restriction":"unknown","seasonal_restriction":"not_listed","route_plan_id":"5800","gis_miles":0.19282755},"geometry":{"type":"LineString","coordinates":[[-119.53971,35.26734],[-119.53973,35.26728],[-119.53974,35.26723],[-119.53974,35.26719],[-119.53974,35.26715],[-119.53973,35.2671],[-119.53971,35.26705],[-119.53969,35.26699],[-119.53967,35.26693],[-119.53965,35.26687],[-119.53964,35.26681],[-119.53962,35.26675],[-119.53961,35.26669],[-119.53961,35.26663],[-119.5396,35.26656],[-119.53959,35.2665],[-119.53959,35.26644],[-119.53959,35.26638],[-119.53959,35.26633],[-119.53961,35.26628],[-119.53964,35.26623],[-119.53969,35.26619],[-119.53976,35.26616],[-119.53983,35.26614],[-119.5399,35.26611],[-119.53996,35.26607],[-119.54002,35.26603],[-119.54007,35.26598],[-119.54012,35.26593],[-119.54016,35.26588],[-119.54021,35.26582],[-119.54025,35.26577],[-119.5403,35.26572],[-119.54036,35.26567],[-119.54041,35.26562],[-119.54045,35.26556],[-119.54049,35.2655],[-119.54053,35.26544],[-119.54057,35.26538],[-119.5406,35.26532],[-119.54062,35.26525],[-119.54065,35.26518],[-119.5407,35.26512],[-119.54074,35.26507],[-119.54079,35.26502],[-119.54084,35.26497],[-119.54086,35.26495]]}},{"type":"Feature","properties":{"name":"4020","source":"Bureau of Land Management","source_detail":"BLM GTLF OBJECTID 158070","source_id":"{463F7F65-89E3-4737-91D7-93E908AE1B45}","road_class":"transportation_system_-_primitive_road","surface":"natural_improved","vehicle_class":"4wd_low","allowed_mode":"all_moto_veh","access_restriction":"unknown","seasonal_restriction":"not_listed","route_plan_id":"4020","gis_miles":0.23699352},"geometry":{"type":"LineString","coordinates":[[-119.59829,35.20633],[-119.59837,35.20635],[-119.5985,35.2064],[-119.59866,35.20645],[-119.59888,35.20651],[-119.59903,35.20657],[-119.59919,35.20667],[-119.59932,35.20676],[-119.59943,35.20685],[-119.59956,35.20695],[-119.59964,35.207],[-119.59968,35.20702],[-119.59973,35.20703],[-119.59977,35.20702],[-119.59982,35.207],[-119.59987,35.207],[-119.59993,35.20704],[-119.60006,35.20713],[-119.60019,35.20725],[-119.60023,35.20728],[-119.6003,35.2073],[-119.60037,35.2073],[-119.60046,35.20729],[-119.60056,35.20726],[-119.60062,35.20724],[-119.60068,35.20723],[-119.60087,35.20724],[-119.60113,35.20726],[-119.6014,35.20725],[-119.60158,35.20726],[-119.60176,35.20726],[-119.60188,35.20726],[-119.60198,35.20726],[-119.60206,35.20727]]}},{"type":"Feature","properties":{"name":"4239","source":"Bureau of Land Management","source_detail":"BLM GTLF OBJECTID 158085","source_id":"{AD7C722C-936A-45F6-8A0D-09D88645B42C}","road_class":"transportation_system_-_primitive_road","surface":"natural_improved","vehicle_class":"2wd_low","allowed_mode":"all_moto_veh","access_restriction":"not_listed","seasonal_restriction":"not_listed","route_plan_id":"4239","gis_miles":0.18118389},"geometry":{"type":"LineString","coordinates":[[-119.61593,35.2149],[-119.61587,35.21511],[-119.61585,35.21515],[-119.61575,35.21545],[-119.61571,35.21563],[-119.61571,35.21577],[-119.61574,35.21594],[-119.61575,35.21605],[-119.61574,35.21628],[-119.61566,35.21651],[-119.61556,35.21661],[-119.61542,35.21669],[-119.61525,35.21672],[-119.61515,35.21672],[-119.61507,35.21671],[-119.61489,35.21666],[-119.61466,35.21656],[-119.61459,35.21654]]}},{"type":"Feature","properties":{"name":"4240","source":"Bureau of Land Management","source_detail":"BLM GTLF OBJECTID 158109","source_id":"{46B764C6-10A5-4D8D-A0A9-28E184CD0373}","road_class":"transportation_system_-_primitive_road","surface":"natural_improved","vehicle_class":"2wd_low","allowed_mode":"all_moto_veh","access_restriction":"not_listed","seasonal_restriction":"not_listed","route_plan_id":"4240","gis_miles":0.01696783},"geometry":{"type":"LineString","coordinates":[[-119.61588,35.21572],[-119.61574,35.21594]]}},{"type":"Feature","properties":{"name":"16055: DEBNEY CANYON","source":"Bureau of Land Management","source_detail":"BLM GTLF OBJECTID 158162","source_id":"{4FD1BD94-BA61-43F1-A317-024826CEAFBC}","road_class":"transportation_system_-_primitive_road","surface":"natural_improved","vehicle_class":"2wd_low","allowed_mode":"unk","access_restriction":"unknown","seasonal_restriction":"not_listed","route_plan_id":"T4200","gis_miles":1.45841929},"geometry":{"type":"LineString","coordinates":[[-119.61246,35.19509],[-119.61242,35.19505],[-119.61237,35.195],[-119.61232,35.19494],[-119.61226,35.19488],[-119.61222,35.19485],[-119.61219,35.19481],[-119.61214,35.19476],[-119.61214,35.19476],[-119.61209,35.19472],[-119.61203,35.19466],[-119.61196,35.19459],[-119.61186,35.19451],[-119.61177,35.19443],[-119.61169,35.19436],[-119.61162,35.1943],[-119.61154,35.19423],[-119.61145,35.19416],[-119.61136,35.1941],[-119.61131,35.19404],[-119.61125,35.19397],[-119.61118,35.1939],[-119.61112,35.19383],[-119.61104,35.19375],[-119.61097,35.19368],[-119.61091,35.1936],[-119.61086,35.19351],[-119.61081,35.19344],[-119.61078,35.19341],[-119.61075,35.19338],[-119.61071,35.19336],[-119.61066,35.19333],[-119.61061,35.1933],[-119.61053,35.19326],[-119.61042,35.19321],[-119.61032,35.19316],[-119.61022,35.19309],[-119.61014,35.19302],[-119.61006,35.19294],[-119.60998,35.19284],[-119.60994,35.19273],[-119.60992,35.19263],[-119.6099,35.19253],[-119.60989,35.19245],[-119.60988,35.19237],[-119.60986,35.19227],[-119.60983,35.19217],[-119.60979,35.19207],[-119.60974,35.19198],[-119.6097,35.19189],[-119.60967,35.19181],[-119.60965,35.19174],[-119.60965,35.19169],[-119.60965,35.19165],[-119.60964,35.1916],[-119.60966,35.19152],[-119.60967,35.19145],[-119.60968,35.19139],[-119.60968,35.19134],[-119.60967,35.19129],[-119.60968,35.19124],[-119.60968,35.19118],[-119.60968,35.19112],[-119.60965,35.19107],[-119.60962,35.19101],[-119.6096,35.19096],[-119.60961,35.19092],[-119.60963,35.19088],[-119.60972,35.19084],[-119.60982,35.19083],[-119.60991,35.19082],[-119.61001,35.1908],[-119.61012,35.19078],[-119.61021,35.19076],[-119.61028,35.19074],[-119.61034,35.19072],[-119.6104,35.19071],[-119.61047,35.19069],[-119.61055,35.19067],[-119.61066,35.19064],[-119.61078,35.19062],[-119.61087,35.1906],[-119.61097,35.19058],[-119.61107,35.19056],[-119.6111,35.19056],[-119.61117,35.19054],[-119.61121,35.19053],[-119.61125,35.1905],[-119.61129,35.19046],[-119.61134,35.19044],[-119.61137,35.19042],[-119.61143,35.19039],[-119.61148,35.19036],[-119.61155,35.19032],[-119.61162,35.19029],[-119.6117,35.19027],[-119.61179,35.19026],[-119.6119,35.19026],[-119.612,35.19024],[-119.6121,35.19021],[-119.61219,35.19018],[-119.61227,35.19014],[-119.61234,35.19011],[-119.61239,35.19009],[-119.61241,35.19008],[-119.61244,35.19007],[-119.61248,35.19005],[-119.61251,35.19002],[-119.61253,35.19001],[-119.61255,35.19],[-119.61259,35.18998],[-119.61267,35.18994],[-119.61274,35.1899],[-119.6128,35.18988],[-119.61287,35.18988],[-119.61292,35.18991],[-119.61297,35.18996],[-119.61301,35.19002],[-119.61303,35.19009],[-119.61306,35.19016],[-119.61308,35.19024],[-119.6131,35.19031],[-119.61313,35.19037],[-119.61316,35.1904],[-119.61323,35.19041],[-119.61332,35.19037],[-119.61341,35.19033],[-119.61352,35.19028],[-119.61363,35.19025],[-119.61375,35.19021],[-119.61386,35.19017],[-119.61397,35.19015],[-119.61409,35.19013],[-119.6142,35.1901],[-119.61427,35.19008],[-119.61433,35.19006],[-119.6144,35.19004],[-119.61449,35.19],[-119.61459,35.18996],[-119.6147,35.18991],[-119.6148,35.18986],[-119.61489,35.18983],[-119.615,35.18979],[-119.61511,35.18975],[-119.61518,35.18971],[-119.61524,35.18968],[-119.61533,35.18964],[-119.61542,35.18961],[-119.61553,35.18959],[-119.61565,35.18958],[-119.61575,35.18958],[-119.61584,35.18958],[-119.61595,35.18958],[-119.61608,35.18959],[-119.61621,35.18961],[-119.61631,35.18962],[-119.6164,35.18963],[-119.6165,35.18964],[-119.61661,35.18966],[-119.61673,35.18968],[-119.61686,35.18969],[-119.617,35.1897],[-119.61715,35.18968],[-119.61728,35.18965],[-119.6174,35.18959],[-119.61749,35.18953],[-119.61759,35.18945],[-119.61768,35.18937],[-119.61775,35.18929],[-119.6178,35.18922],[-119.61781,35.1892],[-119.61782,35.18918],[-119.61783,35.18916],[-119.61784,35.18912],[-119.61784,35.18909],[-119.61784,35.18906],[-119.61783,35.18902],[-119.61782,35.18896],[-119.61782,35.18892],[-119.61781,35.18887],[-119.6178,35.18882],[-119.6178,35.18877],[-119.61779,35.18872],[-119.61779,35.18867],[-119.61778,35.18861],[-119.61777,35.18855],[-119.61777,35.18849],[-119.61777,35.18845],[-119.61778,35.18839],[-119.61781,35.18836],[-119.61782,35.18835],[-119.61785,35.18832],[-119.61791,35.18829],[-119.618,35.18825],[-119.6181,35.1882],[-119.6182,35.18816],[-119.61831,35.18813],[-119.61844,35.18812],[-119.61857,35.18812],[-119.61871,35.18811],[-119.61884,35.1881],[-119.61896,35.18809],[-119.61906,35.18807],[-119.61915,35.18804],[-119.61924,35.18799],[-119.61932,35.18794],[-119.61939,35.1879],[-119.61946,35.18785],[-119.61952,35.18779],[-119.61955,35.18772],[-119.61958,35.18764],[-119.61962,35.18756],[-119.61966,35.18748],[-119.6197,35.1874],[-119.61973,35.18735],[-119.61977,35.1873],[-119.61984,35.18721],[-119.61993,35.1871],[-119.62004,35.18698],[-119.62016,35.18687],[-119.62028,35.18677],[-119.62041,35.18669],[-119.62054,35.18661],[-119.62066,35.18653],[-119.62078,35.18645],[-119.62087,35.18639],[-119.62095,35.18633],[-119.62102,35.18627],[-119.6211,35.1862],[-119.62117,35.18613],[-119.62125,35.18606],[-119.62131,35.186],[-119.62136,35.18593],[-119.62141,35.18586],[-119.62146,35.18579],[-119.62151,35.18573],[-119.62156,35.18567],[-119.62161,35.1856],[-119.62167,35.18554],[-119.62173,35.18549],[-119.6218,35.18544],[-119.62189,35.18538],[-119.62196,35.18533],[-119.62199,35.18531],[-119.62203,35.18529],[-119.62206,35.18528],[-119.6221,35.18526],[-119.62218,35.18522],[-119.62227,35.18518],[-119.62236,35.18515],[-119.62245,35.18512],[-119.62255,35.18509],[-119.62266,35.18506],[-119.62275,35.18502],[-119.62283,35.18499],[-119.62293,35.18496],[-119.62305,35.18494],[-119.6232,35.18495],[-119.62335,35.18499],[-119.62347,35.18503],[-119.62358,35.18507],[-119.62368,35.1851],[-119.6238,35.18512],[-119.62394,35.18515],[-119.62407,35.1852],[-119.62416,35.18527],[-119.62421,35.18535],[-119.62426,35.18543],[-119.62428,35.18549],[-119.62432,35.18555],[-119.62437,35.18564],[-119.62442,35.18572],[-119.62449,35.18581],[-119.62456,35.18588],[-119.62462,35.18593]]}},{"type":"Feature","properties":{"name":"5680","source":"Bureau of Land Management","source_detail":"BLM GTLF OBJECTID 158166","source_id":"{FC30EDD4-CC51-4934-9866-F24EA5AE07B4}","road_class":"transportation_system_-_primitive_road","surface":"natural","vehicle_class":"4wd_low","allowed_mode":"all_moto_veh","access_restriction":"unknown","seasonal_restriction":"not_listed","route_plan_id":"5680","gis_miles":0.02057868},"geometry":{"type":"LineString","coordinates":[[-119.53613,35.24481],[-119.53614,35.24482],[-119.53618,35.24483],[-119.53624,35.24485],[-119.5363,35.24487],[-119.53636,35.24488],[-119.53643,35.2449],[-119.53646,35.24491]]}},{"type":"Feature","properties":{"name":"4221","source":"Bureau of Land Management","source_detail":"BLM GTLF OBJECTID 158167","source_id":"{C3D9BEA4-A6EB-4A7F-AA39-E4DC09AD24F4}","road_class":"transportation_system_-_primitive_road","surface":"natural_improved","vehicle_class":"2wd_low","allowed_mode":"all_moto_veh","access_restriction":"not_listed","seasonal_restriction":"not_listed","route_plan_id":"4221","gis_miles":0.24953808},"geometry":{"type":"LineString","coordinates":[[-119.60895,35.21647],[-119.60898,35.21636],[-119.60905,35.21616],[-119.60907,35.21602],[-119.60909,35.21582],[-119.60909,35.21579],[-119.60909,35.21577],[-119.60909,35.21568],[-119.60909,35.21551],[-119.60918,35.21543],[-119.60929,35.21525],[-119.60936,35.21513],[-119.60948,35.21493],[-119.60948,35.21464],[-119.60949,35.21429],[-119.60951,35.21398],[-119.60952,35.21343],[-119.60953,35.21314],[-119.6095,35.21296]]}},{"type":"Feature","properties":{"name":"4254","source":"Bureau of Land Management","source_detail":"BLM GTLF OBJECTID 158168","source_id":"{DB8630FE-0DF2-4BEA-882F-FF817ECE26ED}","road_class":"transportation_system_-_primitive_road","surface":"natural_improved","vehicle_class":"2wd_low","allowed_mode":"all_moto_veh","access_restriction":"not_listed","seasonal_restriction":"not_listed","route_plan_id":"4254","gis_miles":0.01962782},"geometry":{"type":"LineString","coordinates":[[-119.6142,35.21277],[-119.61387,35.21267]]}},{"type":"Feature","properties":{"name":"4021","source":"Bureau of Land Management","source_detail":"BLM GTLF OBJECTID 158184","source_id":"{6B784E65-6517-400E-A52E-616AE905A3A9}","road_class":"transportation_system_-_primitive_road","surface":"natural_improved","vehicle_class":"4wd_low","allowed_mode":"all_moto_veh","access_restriction":"unknown","seasonal_restriction":"not_listed","route_plan_id":"4021","gis_miles":0.08678461},"geometry":{"type":"LineString","coordinates":[[-119.59835,35.20745],[-119.59852,35.2074],[-119.59877,35.20735],[-119.59904,35.2073],[-119.59917,35.20728],[-119.59917,35.2071],[-119.59919,35.20697],[-119.59922,35.20687],[-119.59927,35.2068],[-119.59932,35.20676]]}},{"type":"Feature","properties":{"name":"5627","source":"Bureau of Land Management","source_detail":"BLM GTLF OBJECTID 158212","source_id":"{6AC515C3-3B62-4D69-9D2A-C39930567B52}","road_class":"transportation_system_-_primitive_road","surface":"natural_improved","vehicle_class":"2wd_low","allowed_mode":"all_moto_veh","access_restriction":"not_listed","seasonal_restriction":"not_listed","route_plan_id":"5627","gis_miles":0.19428317},"geometry":{"type":"LineString","coordinates":[[-119.54575,35.22816],[-119.54571,35.22815],[-119.54566,35.22814],[-119.54559,35.22813],[-119.54552,35.22812],[-119.54545,35.2281],[-119.54537,35.22809],[-119.54528,35.22807],[-119.5452,35.22805],[-119.54513,35.22804],[-119.54505,35.22802],[-119.54498,35.228],[-119.54491,35.22798],[-119.54485,35.22797],[-119.54479,35.22795],[-119.54473,35.22794],[-119.54467,35.22792],[-119.54462,35.22791],[-119.54456,35.2279],[-119.54451,35.22789],[-119.54446,35.22788],[-119.5444,35.22787],[-119.54434,35.22786],[-119.54428,35.22786],[-119.54422,35.22785],[-119.54414,35.22785],[-119.54406,35.22785],[-119.54398,35.22785],[-119.54391,35.22785],[-119.54383,35.22786],[-119.54374,35.22786],[-119.54365,35.22785],[-119.54355,35.22784],[-119.54346,35.22784],[-119.54337,35.22783],[-119.54329,35.22782],[-119.5432,35.2278],[-119.54312,35.22778],[-119.54305,35.22775],[-119.54298,35.22773],[-119.54291,35.22772],[-119.54284,35.2277],[-119.54278,35.22768],[-119.54272,35.22766],[-119.54266,35.22764],[-119.5426,35.22764],[-119.54256,35.22765],[-119.54252,35.22768],[-119.5425,35.22771],[-119.54249,35.22775],[-119.54249,35.22775]]}},{"type":"Feature","properties":{"name":"4190","source":"Bureau of Land Management","source_detail":"BLM GTLF OBJECTID 158238","source_id":"{BA399E5D-F78D-4EF7-B6E4-3E803EC454E3}","road_class":"transportation_system_-_primitive_road","surface":"natural","vehicle_class":"4wd_low","allowed_mode":"all_moto_veh","access_restriction":"unknown","seasonal_restriction":"not_listed","route_plan_id":"4190","gis_miles":0.06213885},"geometry":{"type":"LineString","coordinates":[[-119.58,35.2118],[-119.5798,35.21196],[-119.57922,35.21195],[-119.57899,35.21202]]}},{"type":"Feature","properties":{"name":"5624","source":"Bureau of Land Management","source_detail":"BLM GTLF OBJECTID 158242","source_id":"{C5056CA4-AF0C-4387-B47C-8508D8DF8096}","road_class":"transportation_system_-_primitive_road","surface":"natural_improved","vehicle_class":"2wd_low","allowed_mode":"all_moto_veh","access_restriction":"not_listed","seasonal_restriction":"not_listed","route_plan_id":"5624","gis_miles":0.99328807},"geometry":{"type":"LineString","coordinates":[[-119.53635,35.22921],[-119.53637,35.22921],[-119.53648,35.2292],[-119.5366,35.22919],[-119.53672,35.22918],[-119.53683,35.22916],[-119.53694,35.22915],[-119.53706,35.22914],[-119.53717,35.22912],[-119.53728,35.22911],[-119.53739,35.2291],[-119.53751,35.22909],[-119.53762,35.22908],[-119.53773,35.22907],[-119.53784,35.22906],[-119.53796,35.22905],[-119.53807,35.22904],[-119.53818,35.22903],[-119.53829,35.22901],[-119.53841,35.229],[-119.53852,35.22898],[-119.53863,35.22897],[-119.53874,35.22896],[-119.53886,35.22895],[-119.53897,35.22894],[-119.53909,35.22893],[-119.53919,35.22891],[-119.5393,35.22889],[-119.53941,35.22888],[-119.53952,35.22887],[-119.53963,35.22886],[-119.53974,35.22885],[-119.53986,35.22884],[-119.53997,35.22883],[-119.54009,35.22882],[-119.5402,35.22881],[-119.54031,35.2288],[-119.54043,35.22878],[-119.54054,35.22877],[-119.54066,35.22876],[-119.54077,35.22875],[-119.54088,35.22874],[-119.541,35.22873],[-119.54111,35.22871],[-119.54123,35.2287],[-119.54134,35.22869],[-119.54145,35.22867],[-119.54156,35.22866],[-119.54168,35.22865],[-119.54179,35.22863],[-119.5419,35.22862],[-119.54201,35.22861],[-119.54212,35.2286],[-119.54223,35.22858],[-119.54234,35.22857],[-119.54246,35.22856],[-119.54257,35.22854],[-119.54268,35.22853],[-119.5428,35.22852],[-119.54291,35.2285],[-119.543,35.22849],[-119.54309,35.22848],[-119.54316,35.22848],[-119.54321,35.22847],[-119.54321,35.22847],[-119.54323,35.22846],[-119.54323,35.22846],[-119.54326,35.22846],[-119.5433,35.22846],[-119.54335,35.22846],[-119.54341,35.22845],[-119.54348,35.22844],[-119.54356,35.22843],[-119.54364,35.22843],[-119.54373,35.22842],[-119.54383,35.22841],[-119.54392,35.2284],[-119.54402,35.22839],[-119.54412,35.22838],[-119.54423,35.22837],[-119.54434,35.22836],[-119.54444,35.22835],[-119.54455,35.22834],[-119.54465,35.22833],[-119.54476,35.22832],[-119.54487,35.2283],[-119.54497,35.22828],[-119.54508,35.22827],[-119.54518,35.22825],[-119.54529,35.22823],[-119.54539,35.22822],[-119.54549,35.2282],[-119.54558,35.22819],[-119.54566,35.22818],[-119.54573,35.22816],[-119.54575,35.22816],[-119.54577,35.22816],[-119.54579,35.22816],[-119.54581,35.22815],[-119.54586,35.22815],[-119.54592,35.22815],[-119.54598,35.22815],[-119.54606,35.22814],[-119.54614,35.22813],[-119.54623,35.22813],[-119.54632,35.22812],[-119.54642,35.22811],[-119.54652,35.2281],[-119.54662,35.22809],[-119.54672,35.22809],[-119.54682,35.22808],[-119.54692,35.22807],[-119.54702,35.22806],[-119.54711,35.22804],[-119.54721,35.22803],[-119.5473,35.22801],[-119.5474,35.228],[-119.54751,35.22798],[-119.54761,35.22797],[-119.54771,35.22796],[-119.54782,35.22795],[-119.54792,35.22794],[-119.54803,35.22793],[-119.54813,35.22792],[-119.54823,35.22791],[-119.54834,35.2279],[-119.54845,35.2279],[-119.54855,35.22789],[-119.54866,35.22788],[-119.54876,35.22788],[-119.54887,35.22786],[-119.54897,35.22785],[-119.54907,35.22784],[-119.54917,35.22783],[-119.54928,35.22782],[-119.54938,35.2278],[-119.54949,35.22779],[-119.54959,35.22778],[-119.54969,35.22777],[-119.54979,35.22775],[-119.54989,35.22774],[-119.54999,35.22773],[-119.55007,35.22772],[-119.55014,35.22771],[-119.55022,35.22771],[-119.55029,35.2277],[-119.55037,35.2277],[-119.55046,35.22769],[-119.55054,35.22768],[-119.55063,35.22767],[-119.55073,35.22766],[-119.55082,35.22765],[-119.55092,35.22764],[-119.55102,35.22763],[-119.55112,35.22762],[-119.55123,35.22761],[-119.55133,35.2276],[-119.55144,35.22758],[-119.55155,35.22757],[-119.55165,35.22756],[-119.55176,35.22755],[-119.55187,35.22753],[-119.55198,35.22752],[-119.55209,35.2275],[-119.5522,35.22749],[-119.55231,35.22748],[-119.55242,35.22747],[-119.55253,35.22745],[-119.55265,35.22744],[-119.55276,35.22743],[-119.55287,35.22741],[-119.55298,35.2274],[-119.55309,35.22739],[-119.55319,35.22738],[-119.55329,35.22736],[-119.55339,35.22735],[-119.55349,35.22734],[-119.55359,35.22733],[-119.55367,35.22731],[-119.55374,35.2273],[-119.55376,35.2273]]}},{"type":"Feature","properties":{"name":"5393","source":"Bureau of Land Management","source_detail":"BLM GTLF OBJECTID 158251","source_id":"{517B7299-C4BE-4AD1-B0A0-1F917E6A91A1}","road_class":"transportation_system_-_primitive_road","surface":"natural_improved","vehicle_class":"4wd_low","allowed_mode":"all_moto_veh","access_restriction":"unknown","seasonal_restriction":"not_listed","route_plan_id":"5393","gis_miles":0.16624239},"geometry":{"type":"LineString","coordinates":[[-119.56877,35.20131],[-119.56879,35.2013],[-119.56885,35.20129],[-119.56891,35.20128],[-119.56898,35.20127],[-119.56904,35.20126],[-119.56911,35.20126],[-119.56918,35.20125],[-119.56925,35.20125],[-119.56931,35.20124],[-119.56938,35.20125],[-119.56945,35.20124],[-119.56951,35.20124],[-119.56958,35.20124],[-119.56965,35.20123],[-119.56971,35.20122],[-119.56978,35.20122],[-119.56985,35.20122],[-119.56992,35.20121],[-119.56993,35.20121],[-119.56999,35.20121],[-119.57006,35.2012],[-119.57012,35.20119],[-119.57019,35.20118],[-119.57026,35.20118],[-119.57033,35.20118],[-119.5704,35.20118],[-119.57048,35.20117],[-119.57055,35.20117],[-119.57062,35.20117],[-119.57069,35.20116],[-119.57076,35.20116],[-119.57083,35.20116],[-119.5709,35.20115],[-119.57097,35.20115],[-119.57105,35.20114],[-119.57113,35.20114],[-119.5712,35.20113],[-119.57129,35.20113],[-119.57136,35.20112],[-119.57144,35.20112],[-119.57152,35.20111],[-119.57159,35.20111],[-119.57165,35.20112],[-119.57169,35.20111]]}},{"type":"Feature","properties":{"name":"6006","source":"Bureau of Land Management","source_detail":"BLM GTLF OBJECTID 158268","source_id":"{26F41138-7A3E-492A-9BD3-C4DF55136BDB}","road_class":"transportation_system_-_primitive_road","surface":"natural_improved","vehicle_class":"4wd_low","allowed_mode":"all_moto_veh","access_restriction":"unknown","seasonal_restriction":"not_listed","route_plan_id":"6006","gis_miles":0.21799905},"geometry":{"type":"LineString","coordinates":[[-119.53233,35.20916],[-119.5323,35.2092],[-119.53227,35.20923],[-119.53226,35.20925],[-119.53225,35.20925],[-119.53225,35.20926],[-119.53224,35.20927],[-119.53224,35.20928],[-119.53223,35.20929],[-119.53221,35.2093],[-119.53219,35.20932],[-119.53216,35.20934],[-119.53212,35.20937],[-119.53208,35.20939],[-119.53204,35.20943],[-119.53199,35.20946],[-119.53195,35.20951],[-119.5319,35.20956],[-119.53185,35.20962],[-119.53181,35.20967],[-119.53178,35.20971],[-119.53175,35.20976],[-119.53172,35.20981],[-119.53169,35.20985],[-119.53167,35.20989],[-119.53166,35.20992],[-119.53165,35.20995],[-119.53164,35.20998],[-119.53163,35.21001],[-119.53162,35.21002],[-119.53162,35.21002],[-119.53162,35.21003],[-119.53161,35.21004],[-119.53161,35.21005],[-119.5316,35.21007],[-119.53159,35.2101],[-119.53156,35.21013],[-119.53154,35.21016],[-119.53151,35.2102],[-119.53149,35.21024],[-119.53147,35.21028],[-119.53145,35.21033],[-119.53144,35.21038],[-119.53143,35.21043],[-119.53142,35.21048],[-119.53141,35.21054],[-119.5314,35.21059],[-119.53139,35.21065],[-119.53139,35.2107],[-119.53138,35.21075],[-119.53137,35.2108],[-119.53137,35.21086],[-119.53136,35.21091],[-119.53136,35.21096],[-119.53135,35.21101],[-119.53135,35.21106],[-119.53135,35.21111],[-119.53134,35.21116],[-119.53134,35.2112],[-119.53133,35.21125],[-119.53133,35.2113],[-119.53132,35.21134],[-119.53132,35.21139],[-119.53131,35.21145],[-119.53131,35.2115],[-119.5313,35.21156],[-119.53129,35.21162],[-119.53128,35.21168],[-119.53127,35.21174],[-119.53126,35.21179],[-119.53125,35.21184],[-119.53124,35.21187],[-119.53124,35.21189],[-119.53124,35.2119],[-119.53123,35.21193],[-119.53123,35.21197],[-119.53124,35.212],[-119.53125,35.21203],[-119.53127,35.21206],[-119.5313,35.21207]]}},{"type":"Feature","properties":{"name":"16054: MIDWAY PEAK COMMUNICATION  USGS FELLOWS","source":"Bureau of Land Management","source_detail":"BLM GTLF OBJECTID 158273","source_id":"{63131363-3818-44F3-B501-2435E6EDACE2}","road_class":"transportation_system_-_primitive_road","surface":"natural_improved","vehicle_class":"4wd_low","allowed_mode":"all_moto_veh","access_restriction":"unknown","seasonal_restriction":"not_listed","route_plan_id":"T4300","gis_miles":0.36366465},"geometry":{"type":"LineString","coordinates":[[-119.57681,35.19153],[-119.57683,35.19152],[-119.57685,35.19149],[-119.57686,35.19146],[-119.57687,35.19143],[-119.57687,35.19139],[-119.57687,35.19134],[-119.57688,35.1913],[-119.5769,35.19125],[-119.57694,35.19121],[-119.57698,35.19117],[-119.57703,35.19113],[-119.57708,35.1911],[-119.57712,35.19107],[-119.57717,35.19105],[-119.57723,35.19103],[-119.57729,35.19101],[-119.57735,35.19098],[-119.57742,35.19096],[-119.57748,35.19094],[-119.57755,35.19092],[-119.57761,35.1909],[-119.57768,35.19089],[-119.57775,35.19087],[-119.57782,35.19085],[-119.57789,35.19083],[-119.57797,35.19081],[-119.57804,35.19079],[-119.5781,35.19078],[-119.57816,35.19076],[-119.57821,35.19074],[-119.57825,35.19073],[-119.57828,35.19072],[-119.57831,35.19071],[-119.57833,35.19071],[-119.57834,35.1907],[-119.57836,35.19069],[-119.57838,35.19069],[-119.5784,35.19068],[-119.57843,35.19066],[-119.57846,35.19064],[-119.57849,35.19062],[-119.57852,35.19059],[-119.57856,35.19056],[-119.57859,35.19053],[-119.57863,35.19048],[-119.57866,35.19043],[-119.57869,35.19038],[-119.57872,35.19031],[-119.57876,35.19024],[-119.5788,35.19016],[-119.57884,35.19009],[-119.57887,35.19001],[-119.5789,35.18994],[-119.57892,35.18989],[-119.57895,35.18983],[-119.57897,35.18978],[-119.57899,35.18974],[-119.57902,35.18969],[-119.57905,35.18964],[-119.57907,35.1896],[-119.5791,35.18956],[-119.57913,35.18951],[-119.57916,35.18946],[-119.5792,35.1894],[-119.57924,35.18934],[-119.57927,35.18928],[-119.5793,35.18922],[-119.57934,35.18917],[-119.57937,35.18911],[-119.5794,35.18906],[-119.57944,35.18901],[-119.57947,35.18894],[-119.57952,35.18888],[-119.57956,35.18882],[-119.5796,35.18876],[-119.57964,35.1887],[-119.57969,35.18865],[-119.57974,35.1886],[-119.57979,35.18855],[-119.57985,35.1885],[-119.5799,35.18845],[-119.57994,35.1884],[-119.57997,35.18835],[-119.57999,35.1883],[-119.58,35.18827],[-119.58001,35.18825],[-119.58002,35.18823],[-119.58003,35.18821],[-119.58004,35.18819],[-119.58006,35.18815],[-119.58007,35.18811],[-119.58008,35.18807],[-119.58009,35.18802],[-119.58009,35.18797],[-119.5801,35.18792],[-119.5801,35.18787],[-119.5801,35.18783],[-119.58011,35.18778],[-119.58012,35.18774],[-119.58014,35.1877],[-119.58017,35.18767],[-119.58019,35.18764],[-119.58022,35.18762],[-119.58024,35.1876],[-119.58024,35.18759],[-119.58025,35.18758],[-119.58027,35.18756],[-119.58028,35.18755],[-119.58029,35.18754],[-119.5803,35.18752],[-119.58031,35.18752],[-119.58032,35.18751],[-119.58032,35.18751],[-119.58032,35.18751]]}},{"type":"Feature","properties":{"name":"5692","source":"Bureau of Land Management","source_detail":"BLM GTLF OBJECTID 158274","source_id":"{43D4CF4B-3861-4047-AD14-A5B0909C56F0}","road_class":"transportation_system_-_primitive_road","surface":"natural","vehicle_class":"2wd_low","allowed_mode":"all_moto_veh","access_restriction":"not_listed","seasonal_restriction":"not_listed","route_plan_id":"5692","gis_miles":0.32818209},"geometry":{"type":"LineString","coordinates":[[-119.53971,35.23359],[-119.53971,35.23361],[-119.53968,35.23364],[-119.53964,35.23367],[-119.53959,35.2337],[-119.53954,35.23376],[-119.5395,35.23382],[-119.53948,35.2339],[-119.53946,35.23399],[-119.53945,35.23408],[-119.53944,35.23418],[-119.53943,35.23428],[-119.53942,35.23438],[-119.53942,35.23449],[-119.53941,35.2346],[-119.53941,35.23471],[-119.53941,35.23482],[-119.53941,35.23492],[-119.53941,35.23502],[-119.53941,35.23512],[-119.53942,35.23522],[-119.53943,35.23532],[-119.53943,35.23543],[-119.53944,35.23554],[-119.53944,35.23565],[-119.53944,35.23576],[-119.53944,35.23586],[-119.53943,35.23595],[-119.53943,35.23604],[-119.53942,35.23613],[-119.5394,35.23622],[-119.53938,35.23632],[-119.53936,35.23641],[-119.53933,35.2365],[-119.5393,35.23659],[-119.53928,35.23668],[-119.53926,35.23677],[-119.53925,35.23686],[-119.53924,35.23695],[-119.53923,35.23704],[-119.53922,35.23713],[-119.53922,35.23722],[-119.53922,35.23731],[-119.53922,35.2374],[-119.53922,35.23749],[-119.53922,35.23758],[-119.53921,35.23767],[-119.53921,35.23775],[-119.5392,35.23784],[-119.53919,35.23792],[-119.53917,35.23799],[-119.53914,35.23806],[-119.53912,35.23813],[-119.53911,35.23819],[-119.5391,35.23825],[-119.5391,35.23826]]}},{"type":"Feature","properties":{"name":"6023","source":"Bureau of Land Management","source_detail":"BLM GTLF OBJECTID 158289","source_id":"{08F77717-CEC5-44FA-9B53-4D14252305CA}","road_class":"transportation_system_-_primitive_road","surface":"natural_improved","vehicle_class":"4wd_low","allowed_mode":"all_moto_veh","access_restriction":"unknown","seasonal_restriction":"not_listed","route_plan_id":"6023","gis_miles":0.28710421},"geometry":{"type":"LineString","coordinates":[[-119.53388,35.20991],[-119.53387,35.20991],[-119.53383,35.20994],[-119.5338,35.20997],[-119.53377,35.21001],[-119.53375,35.21006],[-119.53374,35.21009],[-119.53374,35.21011],[-119.53373,35.21015],[-119.53372,35.2102],[-119.53372,35.21025],[-119.53371,35.2103],[-119.53371,35.21036],[-119.53371,35.21041],[-119.53371,35.21046],[-119.5337,35.21052],[-119.5337,35.21058],[-119.53369,35.21064],[-119.53368,35.21071],[-119.53366,35.21077],[-119.53364,35.21084],[-119.53361,35.2109],[-119.53358,35.21096],[-119.53355,35.21101],[-119.53351,35.21107],[-119.53348,35.21112],[-119.53345,35.21118],[-119.53343,35.21123],[-119.53341,35.2113],[-119.53339,35.21136],[-119.53338,35.21142],[-119.53336,35.21147],[-119.53334,35.21153],[-119.53332,35.21158],[-119.5333,35.21163],[-119.53328,35.21169],[-119.53327,35.21174],[-119.53325,35.21179],[-119.53325,35.21183],[-119.53325,35.21187],[-119.53326,35.2119],[-119.53326,35.21192],[-119.53326,35.21195],[-119.53326,35.21197],[-119.53326,35.212],[-119.53326,35.21203],[-119.53326,35.21206],[-119.53325,35.21209],[-119.53324,35.21212],[-119.53322,35.21214],[-119.53321,35.21217],[-119.5332,35.2122],[-119.53319,35.21223],[-119.53318,35.21225],[-119.53317,35.21228],[-119.53316,35.2123],[-119.53315,35.21231],[-119.53315,35.21232],[-119.53315,35.21232],[-119.53306,35.21232],[-119.53306,35.21232],[-119.53304,35.21232],[-119.53302,35.21231],[-119.53298,35.2123],[-119.53293,35.21229],[-119.53289,35.21227],[-119.53284,35.21226],[-119.53279,35.21225],[-119.53275,35.21224],[-119.53271,35.21223],[-119.53266,35.21222],[-119.53261,35.2122],[-119.53255,35.21219],[-119.53248,35.21217],[-119.53242,35.21215],[-119.53236,35.21214],[-119.53231,35.21213],[-119.53227,35.21212],[-119.53223,35.2121],[-119.53218,35.21209],[-119.53212,35.21207],[-119.53206,35.21206],[-119.532,35.21204],[-119.53194,35.21203],[-119.53189,35.21201],[-119.53186,35.212],[-119.53182,35.21199],[-119.53178,35.21198],[-119.53174,35.21197],[-119.53171,35.21196],[-119.53168,35.21196],[-119.53166,35.21195],[-119.53165,35.21195],[-119.53163,35.21195],[-119.53162,35.21195],[-119.53161,35.21194],[-119.5316,35.21194],[-119.53157,35.21194],[-119.53155,35.21193],[-119.53152,35.21193],[-119.53149,35.21192],[-119.53147,35.21192],[-119.53145,35.21191],[-119.53143,35.21191],[-119.53142,35.21191],[-119.5314,35.2119],[-119.53138,35.2119],[-119.53136,35.21189],[-119.53134,35.21189],[-119.53133,35.21188],[-119.53132,35.21188],[-119.5313,35.21188],[-119.53129,35.21188],[-119.53126,35.21188],[-119.53124,35.21189],[-119.53124,35.21189]]}},{"type":"Feature","properties":{"name":"5628","source":"Bureau of Land Management","source_detail":"BLM GTLF OBJECTID 158367","source_id":"{3E9D7F92-CEB2-4BAC-8D26-8CC11B790335}","road_class":"transportation_system_-_primitive_road","surface":"natural_improved","vehicle_class":"4wd_low","allowed_mode":"all_moto_veh","access_restriction":"unknown","seasonal_restriction":"not_listed","route_plan_id":"5628","gis_miles":0.40297881},"geometry":{"type":"LineString","coordinates":[[-119.54321,35.22847],[-119.5432,35.22845],[-119.54318,35.22843],[-119.54314,35.22839],[-119.54311,35.22836],[-119.54307,35.22831],[-119.54304,35.22826],[-119.54299,35.22821],[-119.54294,35.22816],[-119.54288,35.22811],[-119.54283,35.22806],[-119.54278,35.22801],[-119.54272,35.22796],[-119.54266,35.22791],[-119.5426,35.22786],[-119.54255,35.22781],[-119.54249,35.22775],[-119.54249,35.22775],[-119.54243,35.2277],[-119.54238,35.22764],[-119.54232,35.22757],[-119.54227,35.22752],[-119.54222,35.22746],[-119.54217,35.2274],[-119.54212,35.22734],[-119.54207,35.22729],[-119.54203,35.22724],[-119.54198,35.22719],[-119.54193,35.22714],[-119.54188,35.22709],[-119.54184,35.22703],[-119.54179,35.22697],[-119.54174,35.22691],[-119.54169,35.22685],[-119.54164,35.22678],[-119.54158,35.22672],[-119.54153,35.22667],[-119.54147,35.22661],[-119.54141,35.22655],[-119.54135,35.22649],[-119.5413,35.22644],[-119.54124,35.22638],[-119.54119,35.22632],[-119.54114,35.22626],[-119.54109,35.22619],[-119.54103,35.22613],[-119.54097,35.22607],[-119.54091,35.226],[-119.54085,35.22594],[-119.5408,35.22588],[-119.54074,35.22582],[-119.54069,35.22576],[-119.54063,35.22569],[-119.54058,35.22563],[-119.54052,35.22557],[-119.54046,35.2255],[-119.5404,35.22544],[-119.54034,35.22538],[-119.54028,35.22532],[-119.54022,35.22525],[-119.54017,35.22519],[-119.54011,35.22513],[-119.54005,35.22506],[-119.54,35.225],[-119.53997,35.22494],[-119.53994,35.22488],[-119.53992,35.22483],[-119.53989,35.22478],[-119.53986,35.22474],[-119.53982,35.2247],[-119.53979,35.22466],[-119.53977,35.22464],[-119.53975,35.22462],[-119.53973,35.2246],[-119.53973,35.22459],[-119.53973,35.22457],[-119.53973,35.22455],[-119.53973,35.22453],[-119.53972,35.2245],[-119.53968,35.22449],[-119.53965,35.22448],[-119.53961,35.22446],[-119.53958,35.22443],[-119.53955,35.22441],[-119.53953,35.22439],[-119.53952,35.22438],[-119.5395,35.22436],[-119.53947,35.22433],[-119.53944,35.2243],[-119.53941,35.22426],[-119.53937,35.22422],[-119.53933,35.22418],[-119.53929,35.22414],[-119.53925,35.2241],[-119.53921,35.22406],[-119.53917,35.22402],[-119.53913,35.22398],[-119.5391,35.22394],[-119.53907,35.2239],[-119.53904,35.22387],[-119.53903,35.22383],[-119.53901,35.22381],[-119.53901,35.2238]]}},{"type":"Feature","properties":{"name":"6045","source":"Bureau of Land Management","source_detail":"BLM GTLF OBJECTID 158464","source_id":"{A45CD749-29C1-46FA-9D99-F34E412D7040}","road_class":"transportation_system_-_primitive_road","surface":"natural_improved","vehicle_class":"4wd_low","allowed_mode":"all_moto_veh","access_restriction":"unknown","seasonal_restriction":"not_listed","route_plan_id":"6045","gis_miles":0.10644169},"geometry":{"type":"LineString","coordinates":[[-119.60809,35.26354],[-119.60808,35.26356],[-119.60806,35.26357],[-119.60804,35.26359],[-119.60802,35.26361],[-119.608,35.26363],[-119.60798,35.26364],[-119.60795,35.26366],[-119.60793,35.26367],[-119.6079,35.26368],[-119.60787,35.2637],[-119.60784,35.26371],[-119.60782,35.26372],[-119.60779,35.26373],[-119.60776,35.26374],[-119.60773,35.26374],[-119.6077,35.26375],[-119.60767,35.26376],[-119.60764,35.26376],[-119.60761,35.26377],[-119.60758,35.26378],[-119.60755,35.26379],[-119.60752,35.26381],[-119.60749,35.26382],[-119.60746,35.26384],[-119.60743,35.26386],[-119.60741,35.26388],[-119.60738,35.26389],[-119.60735,35.26391],[-119.60733,35.26393],[-119.6073,35.26394],[-119.60727,35.26396],[-119.60725,35.26397],[-119.60722,35.26399],[-119.6072,35.264],[-119.60718,35.26402],[-119.60716,35.26404],[-119.60713,35.26406],[-119.6071,35.26408],[-119.60707,35.2641],[-119.60704,35.26413],[-119.60701,35.26416],[-119.60699,35.26419],[-119.60696,35.26422],[-119.60694,35.26426],[-119.60692,35.26429],[-119.6069,35.26432],[-119.60688,35.26435],[-119.60686,35.26438],[-119.60684,35.26441],[-119.60682,35.26445],[-119.60681,35.26449],[-119.60679,35.26452],[-119.60677,35.26456],[-119.60677,35.26456]]}},{"type":"Feature","properties":{"name":"4233","source":"Bureau of Land Management","source_detail":"BLM GTLF OBJECTID 158466","source_id":"{031FF08C-40F9-48A3-BFAC-CB206E0E6E7D}","road_class":"transportation_system_-_primitive_road","surface":"natural_improved","vehicle_class":"2wd_low","allowed_mode":"all_moto_veh","access_restriction":"not_listed","seasonal_restriction":"not_listed","route_plan_id":"4233","gis_miles":0.05536529},"geometry":{"type":"LineString","coordinates":[[-119.61214,35.21672],[-119.61202,35.21665],[-119.61196,35.21649],[-119.61201,35.21637],[-119.61225,35.21627],[-119.61243,35.21619]]}},{"type":"Feature","properties":{"name":"4071","source":"Bureau of Land Management","source_detail":"BLM GTLF OBJECTID 158487","source_id":"{7214AE51-A1DA-454B-ACF5-D9C7A170F5A8}","road_class":"transportation_system_-_primitive_road","surface":"natural_improved","vehicle_class":"2wd_low","allowed_mode":"all_moto_veh","access_restriction":"not_listed","seasonal_restriction":"not_listed","route_plan_id":"4071","gis_miles":0.5514419},"geometry":{"type":"LineString","coordinates":[[-119.60703,35.21417],[-119.60715,35.21414],[-119.60734,35.21409],[-119.60758,35.21397],[-119.60777,35.21384],[-119.60794,35.21369],[-119.60803,35.21361],[-119.60811,35.21355],[-119.60825,35.21345],[-119.6085,35.21331],[-119.60861,35.21325],[-119.60873,35.21317],[-119.60882,35.21312],[-119.60902,35.213],[-119.60921,35.21296],[-119.60933,35.21296],[-119.6095,35.21296],[-119.60966,35.21294],[-119.60994,35.21292],[-119.6102,35.21292],[-119.61025,35.21291],[-119.61047,35.21289],[-119.61061,35.21285],[-119.61074,35.21276],[-119.61087,35.21262],[-119.61091,35.21257],[-119.61097,35.21246],[-119.61101,35.21237],[-119.61108,35.21223],[-119.61121,35.2121],[-119.61135,35.21202],[-119.61158,35.21192],[-119.61183,35.21188],[-119.61204,35.2119],[-119.61223,35.21193],[-119.61245,35.21194],[-119.61266,35.21195],[-119.61278,35.21193],[-119.61297,35.21181],[-119.61313,35.21167],[-119.61318,35.21162],[-119.61333,35.21152],[-119.61346,35.21147],[-119.61373,35.21151],[-119.61401,35.21157],[-119.61424,35.21156],[-119.61455,35.21148],[-119.61502,35.21132],[-119.61524,35.21122],[-119.61537,35.21115]]}},{"type":"Feature","properties":{"name":"4180","source":"Bureau of Land Management","source_detail":"BLM GTLF OBJECTID 158492","source_id":"{84F57E4C-444A-4895-B6CB-051ECACC8400}","road_class":"transportation_system_-_primitive_road","surface":"natural","vehicle_class":"4wd_low","allowed_mode":"all_moto_veh","access_restriction":"unknown","seasonal_restriction":"not_listed","route_plan_id":"4180","gis_miles":0.37482918},"geometry":{"type":"LineString","coordinates":[[-119.57673,35.21115],[-119.57672,35.21149],[-119.57675,35.21184],[-119.57678,35.21213],[-119.57681,35.21234],[-119.57679,35.21281],[-119.57679,35.21321],[-119.57679,35.21332],[-119.57679,35.21378],[-119.57678,35.2141],[-119.57675,35.21464],[-119.57674,35.2156],[-119.57673,35.21589],[-119.57674,35.21658]]}},{"type":"Feature","properties":{"name":"6037","source":"Bureau of Land Management","source_detail":"BLM GTLF OBJECTID 158509","source_id":"{7022949E-781A-46E0-B40F-2346D1E0D6B4}","road_class":"transportation_system_-_primitive_road","surface":"natural_improved","vehicle_class":"4wd_low","allowed_mode":"all_moto_veh","access_restriction":"unknown","seasonal_restriction":"not_listed","route_plan_id":"6037","gis_miles":0.44914574},"geometry":{"type":"LineString","coordinates":[[-119.57639,35.2817],[-119.57639,35.28172],[-119.57641,35.28175],[-119.57643,35.28177],[-119.57646,35.28181],[-119.57648,35.28184],[-119.5765,35.28189],[-119.57653,35.28193],[-119.57656,35.28198],[-119.57659,35.28204],[-119.57662,35.2821],[-119.57666,35.28215],[-119.57671,35.28221],[-119.57676,35.28227],[-119.57681,35.28234],[-119.57686,35.2824],[-119.57691,35.28247],[-119.57696,35.28252],[-119.57697,35.28253],[-119.57703,35.2826],[-119.57708,35.28267],[-119.57714,35.28273],[-119.57719,35.2828],[-119.57724,35.28287],[-119.5773,35.28294],[-119.57735,35.283],[-119.57741,35.28307],[-119.57745,35.28313],[-119.57749,35.28318],[-119.57753,35.28321],[-119.57755,35.28324],[-119.57757,35.28327],[-119.57759,35.28328],[-119.57759,35.28329],[-119.5776,35.28329],[-119.5776,35.2833],[-119.57761,35.28331],[-119.57763,35.28334],[-119.57766,35.28338],[-119.5777,35.28342],[-119.57774,35.28347],[-119.57778,35.28352],[-119.57782,35.28358],[-119.57787,35.28364],[-119.57792,35.2837],[-119.57797,35.28376],[-119.57802,35.28382],[-119.57807,35.28389],[-119.57812,35.28395],[-119.57817,35.28401],[-119.57823,35.28408],[-119.57828,35.28414],[-119.57833,35.2842],[-119.57838,35.28427],[-119.57843,35.28433],[-119.57848,35.2844],[-119.57854,35.28447],[-119.57859,35.28453],[-119.57864,35.2846],[-119.57869,35.28467],[-119.57875,35.28473],[-119.5788,35.2848],[-119.57885,35.28486],[-119.57889,35.28491],[-119.57891,35.28494],[-119.57893,35.28496],[-119.57894,35.28498],[-119.57896,35.285],[-119.57898,35.28503],[-119.57901,35.28506],[-119.57905,35.28511],[-119.57909,35.28516],[-119.57914,35.28521],[-119.57918,35.28527],[-119.57923,35.28533],[-119.57928,35.28539],[-119.57934,35.28545],[-119.57939,35.28552],[-119.57944,35.28558],[-119.57949,35.28564],[-119.57954,35.2857],[-119.5796,35.28576],[-119.57964,35.28582],[-119.57969,35.28588],[-119.57974,35.28594],[-119.57978,35.28599],[-119.57981,35.28605],[-119.57983,35.28609],[-119.57985,35.28613],[-119.57986,35.28615],[-119.57987,35.28617],[-119.57988,35.28619],[-119.57988,35.28619],[-119.57989,35.2862],[-119.5799,35.28622],[-119.57991,35.28624],[-119.57994,35.28626],[-119.57997,35.28628],[-119.58,35.2863],[-119.58003,35.28632],[-119.58006,35.28635],[-119.58009,35.28638],[-119.58012,35.28641],[-119.58016,35.28644],[-119.58019,35.28648],[-119.58023,35.28653],[-119.58027,35.28658],[-119.58031,35.28663],[-119.58035,35.28668],[-119.58039,35.28674],[-119.58043,35.2868],[-119.58047,35.28686],[-119.58052,35.28692],[-119.58057,35.28698],[-119.58062,35.28703],[-119.58068,35.28709],[-119.58074,35.28713]]}},{"type":"Feature","properties":{"name":"659","source":"Bureau of Land Management","source_detail":"BLM GTLF OBJECTID 158533","source_id":"{46F37B5F-5522-42B0-BCFF-CD987306213B}","road_class":"transportation_system_-_primitive_road","surface":"natural","vehicle_class":"2wd_low","allowed_mode":"all_moto_veh","access_restriction":"not_listed","seasonal_restriction":"not_listed","route_plan_id":"659","gis_miles":0.14363799},"geometry":{"type":"LineString","coordinates":[[-119.62953,35.33822],[-119.63038,35.33875],[-119.63079,35.33896],[-119.63127,35.33967]]}},{"type":"Feature","properties":{"name":"5385","source":"Bureau of Land Management","source_detail":"BLM GTLF OBJECTID 158545","source_id":"{590359D7-81DD-470A-9410-858BCE0B65F2}","road_class":"transportation_system_-_primitive_road","surface":"natural_improved","vehicle_class":"4wd_low","allowed_mode":"all_moto_veh","access_restriction":"unknown","seasonal_restriction":"not_listed","route_plan_id":"5385","gis_miles":0.28034202},"geometry":{"type":"LineString","coordinates":[[-119.57126,35.19512],[-119.57126,35.19513],[-119.57126,35.19516],[-119.57125,35.19519],[-119.57124,35.19523],[-119.57124,35.19527],[-119.57123,35.19532],[-119.57123,35.19536],[-119.57122,35.19541],[-119.57122,35.19547],[-119.57121,35.19552],[-119.57121,35.19557],[-119.5712,35.19563],[-119.5712,35.19569],[-119.5712,35.19575],[-119.5712,35.19582],[-119.57119,35.19588],[-119.57119,35.19595],[-119.57119,35.19602],[-119.57119,35.19609],[-119.57118,35.19615],[-119.57118,35.19622],[-119.57117,35.19628],[-119.57117,35.19633],[-119.57116,35.19637],[-119.57116,35.19641],[-119.57115,35.19644],[-119.57113,35.19648],[-119.57111,35.1965],[-119.57108,35.19652],[-119.57106,35.19653],[-119.57104,35.19654],[-119.57101,35.19655],[-119.57097,35.19656],[-119.57093,35.19657],[-119.57088,35.19658],[-119.57084,35.1966],[-119.57079,35.19662],[-119.57075,35.19664],[-119.57071,35.19667],[-119.57066,35.19669],[-119.57061,35.19671],[-119.57056,35.19673],[-119.57051,35.19675],[-119.57046,35.19677],[-119.5704,35.19679],[-119.57034,35.19681],[-119.57029,35.19682],[-119.57023,35.19684],[-119.57017,35.19685],[-119.57011,35.19687],[-119.57005,35.19688],[-119.56999,35.1969],[-119.56993,35.19691],[-119.56988,35.19692],[-119.56983,35.19694],[-119.56979,35.19695],[-119.56975,35.19696],[-119.56971,35.19697],[-119.56967,35.19698],[-119.56965,35.19699],[-119.56964,35.19699],[-119.56956,35.19701],[-119.56953,35.19702],[-119.5695,35.19703],[-119.56946,35.19704],[-119.56942,35.19706],[-119.56938,35.19707],[-119.56934,35.19709],[-119.56929,35.19711],[-119.56924,35.19713],[-119.56919,35.19715],[-119.56914,35.19718],[-119.56908,35.1972],[-119.56903,35.19722],[-119.56897,35.19724],[-119.5689,35.19726],[-119.56884,35.19727],[-119.56878,35.19729],[-119.56871,35.1973],[-119.56864,35.19731],[-119.56858,35.19732],[-119.56851,35.19733],[-119.56844,35.19733],[-119.56838,35.19734],[-119.56832,35.19734],[-119.56827,35.19735],[-119.56822,35.19735],[-119.56819,35.19735],[-119.56816,35.19735],[-119.56815,35.19736],[-119.56815,35.19736],[-119.56815,35.19736],[-119.56806,35.19739]]}},{"type":"Feature","properties":{"name":"4162","source":"Bureau of Land Management","source_detail":"BLM GTLF OBJECTID 158557","source_id":"{880B6755-9623-497D-B831-74148886AAAA}","road_class":"transportation_system_-_primitive_road","surface":"natural_improved","vehicle_class":"4wd_low","allowed_mode":"all_moto_veh","access_restriction":"unknown","seasonal_restriction":"not_listed","route_plan_id":"4162","gis_miles":0.23256783},"geometry":{"type":"LineString","coordinates":[[-119.57175,35.21683],[-119.57156,35.21681],[-119.57149,35.21679],[-119.57144,35.21748],[-119.57143,35.21802],[-119.57147,35.21845],[-119.57145,35.21871],[-119.57147,35.21903],[-119.57155,35.21948],[-119.57159,35.21962],[-119.57168,35.2198],[-119.57177,35.2199]]}},{"type":"Feature","properties":{"name":"6042","source":"Bureau of Land Management","source_detail":"BLM GTLF OBJECTID 158575","source_id":"{803932F3-A096-462D-8E35-413E2EBCC24E}","road_class":"transportation_system_-_primitive_road","surface":"natural_improved","vehicle_class":"4wd_low","allowed_mode":"all_moto_veh","access_restriction":"unknown","seasonal_restriction":"not_listed","route_plan_id":"6042","gis_miles":0.0073783},"geometry":{"type":"LineString","coordinates":[[-119.57186,35.2493],[-119.57187,35.24932],[-119.57189,35.24937],[-119.57191,35.2494]]}},{"type":"Feature","properties":{"name":"5913","source":"Bureau of Land Management","source_detail":"BLM GTLF OBJECTID 158579","source_id":"{43AF47FC-2F83-48E5-9EE7-C6E07D152562}","road_class":"transportation_system_-_primitive_road","surface":"natural_improved","vehicle_class":"4wd_low","allowed_mode":"all_moto_veh","access_restriction":"unknown","seasonal_restriction":"not_listed","route_plan_id":"5913","gis_miles":0.06808958},"geometry":{"type":"LineString","coordinates":[[-119.55606,35.20922],[-119.55605,35.20923],[-119.55603,35.20925],[-119.55601,35.20927],[-119.556,35.20929],[-119.55598,35.20932],[-119.55597,35.20935],[-119.55595,35.20938],[-119.55593,35.20941],[-119.55592,35.20944],[-119.5559,35.20947],[-119.55588,35.2095],[-119.55587,35.20954],[-119.55585,35.20957],[-119.55583,35.20961],[-119.55582,35.20964],[-119.5558,35.20967],[-119.55579,35.20971],[-119.55578,35.20974],[-119.55578,35.20978],[-119.55577,35.20981],[-119.55576,35.20984],[-119.55574,35.20987],[-119.55573,35.2099],[-119.55571,35.20993],[-119.55569,35.20996],[-119.55566,35.20998],[-119.55563,35.21],[-119.5556,35.21002],[-119.55557,35.21004],[-119.55554,35.21006],[-119.55551,35.21008]]}},{"type":"Feature","properties":{"name":"783","source":"Bureau of Land Management","source_detail":"BLM GTLF OBJECTID 158583","source_id":"{118017FF-7F96-4880-8A74-313B84EAA2B5}","road_class":"transportation_system_-_primitive_road","surface":"natural_improved","vehicle_class":"4wd_low","allowed_mode":"all_moto_veh","access_restriction":"unknown","seasonal_restriction":"not_listed","route_plan_id":"783","gis_miles":0.19810034},"geometry":{"type":"LineString","coordinates":[[-119.57277,35.28157],[-119.57277,35.28158],[-119.57278,35.28164],[-119.57279,35.28169],[-119.5728,35.28173],[-119.5728,35.28175],[-119.5728,35.28176],[-119.5728,35.28176],[-119.5728,35.28176],[-119.57281,35.28178],[-119.57282,35.28181],[-119.57283,35.28186],[-119.57285,35.28191],[-119.57287,35.28196],[-119.57289,35.28202],[-119.5729,35.28208],[-119.57292,35.28214],[-119.57294,35.28219],[-119.57295,35.28224],[-119.57296,35.28229],[-119.57297,35.28233],[-119.57298,35.28238],[-119.57299,35.28243],[-119.573,35.28249],[-119.573,35.28254],[-119.57301,35.2826],[-119.57302,35.28267],[-119.57302,35.28274],[-119.57303,35.28281],[-119.57303,35.28288],[-119.57303,35.28296],[-119.57304,35.28303],[-119.57304,35.28311],[-119.57304,35.2832],[-119.57304,35.28328],[-119.57303,35.28336],[-119.57303,35.28345],[-119.57303,35.28354],[-119.57303,35.28363],[-119.57303,35.28371],[-119.57302,35.2838],[-119.573,35.28389],[-119.57298,35.28397],[-119.57297,35.28405],[-119.57295,35.28412],[-119.57293,35.28417],[-119.57292,35.28421],[-119.57291,35.28425],[-119.57291,35.28428],[-119.5729,35.2843],[-119.5729,35.28432],[-119.57289,35.28434],[-119.57289,35.28435],[-119.57289,35.28437],[-119.57289,35.2844],[-119.5729,35.28441]]}},{"type":"Feature","properties":{"name":"6070","source":"Bureau of Land Management","source_detail":"BLM GTLF OBJECTID 158587","source_id":"{A0735DA3-4DA2-4ACC-89A5-EDC66E48814D}","road_class":"transportation_system_-_primitive_road","surface":"natural_improved","vehicle_class":"4wd_low","allowed_mode":"all_moto_veh","access_restriction":"unknown","seasonal_restriction":"not_listed","route_plan_id":"6070","gis_miles":0.08400576},"geometry":{"type":"LineString","coordinates":[[-119.56115,35.22194],[-119.56117,35.22192],[-119.5612,35.22189],[-119.56123,35.22186],[-119.56127,35.22183],[-119.56131,35.22179],[-119.56135,35.22176],[-119.56139,35.22173],[-119.56143,35.2217],[-119.56148,35.22167],[-119.56152,35.22163],[-119.56157,35.2216],[-119.56162,35.22156],[-119.56167,35.22153],[-119.56172,35.22149],[-119.56177,35.22145],[-119.56182,35.22141],[-119.56187,35.22137],[-119.56191,35.22134],[-119.56196,35.2213],[-119.562,35.22127],[-119.56205,35.22123],[-119.5621,35.2212],[-119.56215,35.22118],[-119.5622,35.22116],[-119.56225,35.22114],[-119.56226,35.22114]]}},{"type":"Feature","properties":{"name":"4020","source":"Bureau of Land Management","source_detail":"BLM GTLF OBJECTID 158606","source_id":"{6D86705E-225D-40BA-80B8-AEAB474769D8}","road_class":"transportation_system_-_primitive_road","surface":"natural_improved","vehicle_class":"4wd_low","allowed_mode":"all_moto_veh","access_restriction":"unknown","seasonal_restriction":"not_listed","route_plan_id":"4020","gis_miles":0.00794658},"geometry":{"type":"LineString","coordinates":[[-119.59816,35.2063],[-119.59829,35.20633]]}},{"type":"Feature","properties":{"name":"5381","source":"Bureau of Land Management","source_detail":"BLM GTLF OBJECTID 158613","source_id":"{26B0FC03-7FA3-4E2D-B2B1-EBFF65887855}","road_class":"transportation_system_-_primitive_road","surface":"natural_improved","vehicle_class":"4wd_low","allowed_mode":"all_moto_veh","access_restriction":"unknown","seasonal_restriction":"not_listed","route_plan_id":"5381","gis_miles":0.03344159},"geometry":{"type":"LineString","coordinates":[[-119.56266,35.19832],[-119.5627,35.19832],[-119.56274,35.19832],[-119.56277,35.19832],[-119.56281,35.19832],[-119.56284,35.19834],[-119.56286,35.19836],[-119.56288,35.19839],[-119.56289,35.19842],[-119.56289,35.19845],[-119.56289,35.19849],[-119.56289,35.19852],[-119.5629,35.19855],[-119.5629,35.19858],[-119.56291,35.19861],[-119.56292,35.19864],[-119.56293,35.19866]]}},{"type":"Feature","properties":{"name":"4026","source":"Bureau of Land Management","source_detail":"BLM GTLF OBJECTID 158630","source_id":"{91E02B35-93CD-4FDB-90B9-E152C5F0E443}","road_class":"transportation_system_-_primitive_road","surface":"natural_improved","vehicle_class":"4wd_low","allowed_mode":"all_moto_veh","access_restriction":"unknown","seasonal_restriction":"not_listed","route_plan_id":"4026","gis_miles":0.0919642},"geometry":{"type":"LineString","coordinates":[[-119.60622,35.20749],[-119.60631,35.20737],[-119.60612,35.20728],[-119.60581,35.20716],[-119.60558,35.2071],[-119.60554,35.20705],[-119.6056,35.20699],[-119.60587,35.20683],[-119.60596,35.20678],[-119.606,35.20675]]}},{"type":"Feature","properties":{"name":"6016","source":"Bureau of Land Management","source_detail":"BLM GTLF OBJECTID 158631","source_id":"{61473E99-17BC-4F7E-ACA9-F3C59A6D822C}","road_class":"transportation_system_-_primitive_road","surface":"natural_improved","vehicle_class":"4wd_low","allowed_mode":"all_moto_veh","access_restriction":"unknown","seasonal_restriction":"not_listed","route_plan_id":"6016","gis_miles":0.06140667},"geometry":{"type":"LineString","coordinates":[[-119.53493,35.21271],[-119.53491,35.21272],[-119.53487,35.21274],[-119.53484,35.21276],[-119.5348,35.21277],[-119.53477,35.21279],[-119.53474,35.21281],[-119.5347,35.21282],[-119.53465,35.21285],[-119.53461,35.21287],[-119.53456,35.21289],[-119.53452,35.21291],[-119.53448,35.21293],[-119.53443,35.21295],[-119.53439,35.21297],[-119.53435,35.21298],[-119.53432,35.21299],[-119.53432,35.21299],[-119.5343,35.21299],[-119.53428,35.21299],[-119.53425,35.21299],[-119.53422,35.21298],[-119.53422,35.21298],[-119.53419,35.21297],[-119.53416,35.21297],[-119.53413,35.21296],[-119.5341,35.21295],[-119.53407,35.21294],[-119.53404,35.21294],[-119.53401,35.21293],[-119.53398,35.21293],[-119.53396,35.21292],[-119.53395,35.21292]]}},{"type":"Feature","properties":{"name":"4015","source":"Bureau of Land Management","source_detail":"BLM GTLF OBJECTID 158643","source_id":"{C3AA8F04-26A3-4FC8-823B-94D511CE9736}","road_class":"transportation_system_-_primitive_road","surface":"natural_improved","vehicle_class":"4wd_low","allowed_mode":"all_moto_veh","access_restriction":"unknown","seasonal_restriction":"not_listed","route_plan_id":"4015","gis_miles":0.11490391},"geometry":{"type":"LineString","coordinates":[[-119.60259,35.20863],[-119.60286,35.20861],[-119.60329,35.20857],[-119.60357,35.2085],[-119.60383,35.20844],[-119.60387,35.20844],[-119.60381,35.20837],[-119.60374,35.20828],[-119.6037,35.20823],[-119.60362,35.20815],[-119.60346,35.20805],[-119.60338,35.20802],[-119.60338,35.20802]]}},{"type":"Feature","properties":{"name":"5918","source":"Bureau of Land Management","source_detail":"BLM GTLF OBJECTID 158669","source_id":"{08D7CC57-CB2B-45E4-8DD3-673889C439F2}","road_class":"transportation_system_-_primitive_road","surface":"natural_improved","vehicle_class":"4wd_low","allowed_mode":"all_moto_veh","access_restriction":"unknown","seasonal_restriction":"not_listed","route_plan_id":"5918","gis_miles":0.03029538},"geometry":{"type":"LineString","coordinates":[[-119.55408,35.21244],[-119.55408,35.21244],[-119.55411,35.21242],[-119.55414,35.2124],[-119.55418,35.21238],[-119.55421,35.21236],[-119.55425,35.21234],[-119.55428,35.21232],[-119.55432,35.2123],[-119.55435,35.21229],[-119.55438,35.21227],[-119.55442,35.21226],[-119.55446,35.21225],[-119.55449,35.21224],[-119.55453,35.21223],[-119.55454,35.21223]]}},{"type":"Feature","properties":{"name":"5374","source":"Bureau of Land Management","source_detail":"BLM GTLF OBJECTID 158677","source_id":"{3628B0E1-4950-4685-877A-5CD83AEF43D7}","road_class":"transportation_system_-_primitive_road","surface":"natural_improved","vehicle_class":"4wd_low","allowed_mode":"unk","access_restriction":"unknown","seasonal_restriction":"not_listed","route_plan_id":"T3113","gis_miles":1.9400004},"geometry":{"type":"MultiLineString","coordinates":[[[-119.60903,35.19089],[-119.60903,35.19088],[-119.60905,35.19084],[-119.60908,35.19081],[-119.60911,35.19078],[-119.60914,35.19075],[-119.60917,35.19072],[-119.60919,35.19069],[-119.60922,35.19066],[-119.60924,35.19064],[-119.60926,35.19061],[-119.60929,35.19058],[-119.60932,35.19055],[-119.60935,35.19051],[-119.60939,35.19048],[-119.60942,35.19044],[-119.60945,35.19041],[-119.60948,35.19037],[-119.60952,35.19034],[-119.60955,35.1903],[-119.60958,35.19027],[-119.60962,35.19023],[-119.60965,35.1902],[-119.60969,35.19016],[-119.60973,35.19013],[-119.60977,35.1901],[-119.6098,35.19007],[-119.60984,35.19004],[-119.60988,35.19001],[-119.60992,35.18998],[-119.60996,35.18995],[-119.61,35.18992],[-119.61005,35.18989],[-119.61009,35.18986],[-119.61014,35.18982],[-119.61018,35.18979],[-119.61022,35.18975],[-119.61026,35.18971],[-119.61028,35.18967],[-119.61031,35.18964],[-119.61033,35.18961],[-119.61035,35.18958],[-119.61036,35.18955],[-119.61038,35.18952],[-119.6104,35.18949],[-119.61041,35.18946],[-119.61043,35.18942],[-119.61045,35.18938],[-119.61047,35.18934],[-119.6105,35.1893],[-119.61052,35.18925],[-119.61055,35.18921],[-119.61057,35.18917],[-119.6106,35.18913],[-119.61062,35.1891],[-119.61064,35.18907],[-119.61067,35.18904],[-119.61069,35.18902],[-119.61072,35.18899],[-119.61075,35.18897],[-119.61078,35.18894],[-119.61082,35.18891],[-119.61086,35.18889],[-119.61091,35.18888],[-119.61096,35.18886],[-119.61101,35.18885],[-119.61107,35.18884],[-119.61114,35.18883],[-119.61121,35.18881],[-119.61128,35.18879],[-119.61135,35.18877],[-119.61143,35.18874],[-119.61152,35.1887],[-119.61161,35.18865],[-119.6117,35.18861],[-119.61178,35.18856],[-119.61186,35.1885],[-119.61193,35.18845],[-119.612,35.1884],[-119.61206,35.18837],[-119.61211,35.18834],[-119.61217,35.18832],[-119.61222,35.1883],[-119.61226,35.18829],[-119.61231,35.18828],[-119.61236,35.18827],[-119.6124,35.18826],[-119.61244,35.18825],[-119.61249,35.18824],[-119.61254,35.18822],[-119.61259,35.1882],[-119.61264,35.18818],[-119.61268,35.18816],[-119.61272,35.18813],[-119.61276,35.1881],[-119.6128,35.18807],[-119.61283,35.18804],[-119.61287,35.188],[-119.61291,35.18797],[-119.61294,35.18794],[-119.61297,35.18791],[-119.61301,35.18788],[-119.61304,35.18785],[-119.61307,35.18782],[-119.6131,35.18778],[-119.61312,35.18774],[-119.61315,35.18769],[-119.61317,35.18765],[-119.61319,35.18759],[-119.6132,35.18753],[-119.61321,35.18746],[-119.61322,35.1874],[-119.61322,35.18733],[-119.61321,35.18727],[-119.61321,35.18722],[-119.61319,35.18718],[-119.61319,35.18714],[-119.61318,35.18709],[-119.61317,35.18705],[-119.61316,35.187],[-119.61315,35.18694],[-119.61314,35.18688],[-119.61313,35.18682],[-119.61312,35.18676],[-119.61311,35.1867],[-119.61311,35.18665],[-119.61311,35.18659],[-119.61312,35.18654],[-119.61314,35.1865],[-119.61317,35.18645],[-119.61321,35.1864],[-119.61326,35.18636],[-119.6133,35.18631],[-119.61335,35.18627],[-119.61339,35.18623],[-119.61343,35.18619],[-119.61346,35.18615],[-119.61349,35.1861],[-119.61351,35.18606],[-119.61354,35.18602],[-119.61357,35.18597],[-119.61359,35.18593],[-119.61362,35.18588],[-119.61365,35.18583],[-119.61368,35.18578],[-119.6137,35.18573],[-119.61371,35.18568],[-119.61373,35.18564],[-119.61374,35.18559],[-119.61376,35.18554],[-119.61377,35.1855],[-119.61378,35.18545],[-119.6138,35.18541],[-119.61381,35.18536],[-119.61384,35.18532],[-119.61386,35.18527],[-119.6139,35.18523],[-119.61395,35.18519],[-119.614,35.18514],[-119.61405,35.1851],[-119.6141,35.18506],[-119.61415,35.18501],[-119.6142,35.18497],[-119.61425,35.18493],[-119.6143,35.18489],[-119.61434,35.18484],[-119.61438,35.18479],[-119.61442,35.18474],[-119.61446,35.18469],[-119.6145,35.18464],[-119.61454,35.18458],[-119.61457,35.18453],[-119.6146,35.18448],[-119.61463,35.18443],[-119.61465,35.18437],[-119.61467,35.18431],[-119.6147,35.18425],[-119.61472,35.18419],[-119.61473,35.18413],[-119.61475,35.18408],[-119.61476,35.18403],[-119.61477,35.18399],[-119.61478,35.18395],[-119.6148,35.1839],[-119.61482,35.18385],[-119.61484,35.1838],[-119.61486,35.18375],[-119.61488,35.1837],[-119.6149,35.18365],[-119.61492,35.18359],[-119.61493,35.18354],[-119.61495,35.18348],[-119.61496,35.18343],[-119.61497,35.18337],[-119.61499,35.18331],[-119.615,35.18325],[-119.61502,35.18318],[-119.61504,35.18312],[-119.61507,35.18306],[-119.61509,35.18301],[-119.61513,35.18296],[-119.61516,35.18291],[-119.6152,35.18286],[-119.61524,35.18282],[-119.61528,35.18278],[-119.61532,35.18274],[-119.61537,35.1827],[-119.61542,35.18266],[-119.61547,35.18262],[-119.61552,35.18258],[-119.61557,35.18254],[-119.61562,35.1825],[-119.61567,35.18245],[-119.61572,35.18239],[-119.61577,35.18233],[-119.61581,35.18226],[-119.61586,35.18219],[-119.61589,35.18211],[-119.61593,35.18202],[-119.61597,35.18194],[-119.616,35.18185],[-119.61604,35.18176],[-119.61607,35.18168],[-119.61611,35.18159],[-119.61616,35.18151],[-119.6162,35.18145],[-119.61626,35.18138],[-119.61631,35.18132],[-119.61638,35.18127],[-119.61646,35.18121],[-119.61655,35.18117],[-119.61664,35.18112],[-119.61672,35.18108],[-119.6168,35.18103],[-119.61687,35.18099],[-119.61694,35.18095],[-119.61702,35.18091],[-119.61709,35.18087],[-119.61716,35.18084],[-119.61723,35.1808],[-119.6173,35.18076],[-119.61737,35.18072],[-119.61744,35.18068],[-119.61752,35.18063],[-119.61759,35.18059],[-119.61767,35.18054],[-119.61774,35.18049],[-119.61782,35.18044],[-119.6179,35.18038],[-119.61797,35.18033],[-119.61804,35.18027],[-119.6181,35.18021],[-119.61816,35.18016],[-119.61822,35.1801],[-119.61827,35.18005],[-119.61833,35.18],[-119.61839,35.17995],[-119.61844,35.1799],[-119.61849,35.17985],[-119.61853,35.1798],[-119.61856,35.17974],[-119.61858,35.17968],[-119.6186,35.17963],[-119.61861,35.17957],[-119.61862,35.17951],[-119.61861,35.17945],[-119.6186,35.17938],[-119.61859,35.1793],[-119.61858,35.17921],[-119.61857,35.17913],[-119.61856,35.17904],[-119.61856,35.17895],[-119.61855,35.17886],[-119.61853,35.17878],[-119.61851,35.1787],[-119.61846,35.17864],[-119.6184,35.17859],[-119.61834,35.17855],[-119.61829,35.17852],[-119.61824,35.17849],[-119.61819,35.17845],[-119.61815,35.17842],[-119.61812,35.17839],[-119.6181,35.17836],[-119.61808,35.17834],[-119.61807,35.17831],[-119.61807,35.17828],[-119.61807,35.17825],[-119.61807,35.17823]],[[-119.61807,35.17823],[-119.61808,35.17824],[-119.61811,35.17826],[-119.61814,35.17827],[-119.61818,35.17827],[-119.61821,35.17827],[-119.61825,35.17826],[-119.61827,35.17824],[-119.61828,35.17821],[-119.61827,35.17817],[-119.61827,35.17813],[-119.61826,35.17809],[-119.61827,35.17804],[-119.61828,35.178],[-119.6183,35.17795],[-119.61831,35.17791],[-119.61833,35.17787],[-119.61835,35.17782],[-119.61837,35.17778],[-119.61839,35.17774],[-119.61841,35.1777],[-119.61843,35.17766],[-119.61845,35.17763],[-119.61848,35.17759],[-119.61851,35.17755],[-119.61855,35.17752],[-119.61858,35.17748],[-119.61862,35.17743],[-119.61866,35.17739],[-119.61869,35.17735],[-119.61872,35.17731],[-119.61874,35.17727],[-119.61875,35.17722],[-119.61875,35.17717],[-119.61875,35.17712],[-119.61873,35.17707],[-119.61872,35.17702],[-119.6187,35.17698],[-119.61868,35.17693],[-119.61866,35.17689],[-119.61864,35.17685],[-119.61862,35.1768],[-119.61859,35.17676],[-119.61857,35.17672],[-119.61854,35.17668],[-119.61852,35.17664],[-119.6185,35.1766],[-119.61847,35.17656],[-119.61846,35.17652],[-119.61844,35.17648],[-119.61843,35.17643],[-119.61842,35.17639],[-119.61841,35.17636],[-119.6184,35.17632],[-119.61839,35.17628],[-119.61838,35.17623],[-119.61838,35.17619],[-119.61837,35.17615],[-119.61836,35.1761],[-119.61836,35.17606],[-119.61835,35.17602],[-119.61835,35.17597],[-119.61834,35.17593],[-119.61834,35.17588],[-119.61834,35.17584],[-119.61834,35.1758],[-119.61833,35.17576],[-119.61833,35.17572],[-119.61833,35.17567],[-119.61833,35.17563],[-119.61833,35.17559],[-119.61833,35.17555],[-119.61833,35.17551],[-119.61832,35.17547],[-119.61832,35.17543],[-119.61832,35.17539],[-119.61832,35.17535],[-119.61831,35.17531],[-119.61831,35.17528],[-119.61831,35.17524],[-119.61831,35.17521],[-119.61831,35.17519],[-119.61831,35.17516],[-119.61831,35.17513],[-119.61832,35.1751],[-119.61831,35.17507],[-119.61829,35.17504],[-119.61827,35.175],[-119.61824,35.17497],[-119.6182,35.17491],[-119.61817,35.17489],[-119.61815,35.17486],[-119.61812,35.17484],[-119.61809,35.17481],[-119.61806,35.17478],[-119.61803,35.17475],[-119.61799,35.17472],[-119.61795,35.17468],[-119.6179,35.17463],[-119.61785,35.17458],[-119.6178,35.17452],[-119.61775,35.17446],[-119.61769,35.17439],[-119.61764,35.17433],[-119.6176,35.17427],[-119.61755,35.17421],[-119.6175,35.17415],[-119.61745,35.1741],[-119.61739,35.17404],[-119.61731,35.174],[-119.61724,35.17396],[-119.61715,35.17392],[-119.61706,35.17389],[-119.61697,35.17387],[-119.61689,35.17384],[-119.6168,35.17381],[-119.61672,35.17379],[-119.61664,35.17377],[-119.61657,35.17375],[-119.6165,35.17373],[-119.61643,35.17372],[-119.61637,35.1737],[-119.61631,35.17368],[-119.61624,35.17367],[-119.61618,35.17365],[-119.61611,35.17363],[-119.61605,35.17361],[-119.61599,35.17358],[-119.61593,35.17356],[-119.61588,35.17353],[-119.61583,35.1735],[-119.61579,35.17347],[-119.61574,35.17344],[-119.6157,35.17342],[-119.61567,35.17339],[-119.61563,35.17337],[-119.61561,35.17335],[-119.61559,35.17333],[-119.61557,35.17331],[-119.61556,35.17331],[-119.61556,35.17331],[-119.61556,35.1733],[-119.61554,35.17329],[-119.61554,35.17328],[-119.61552,35.17326],[-119.6155,35.17322],[-119.61548,35.17318],[-119.61547,35.17315],[-119.61547,35.1731],[-119.61547,35.17306],[-119.61548,35.17302],[-119.61549,35.17298],[-119.61551,35.17295],[-119.61552,35.17291],[-119.61555,35.17287],[-119.61557,35.17283],[-119.61559,35.1728],[-119.61561,35.17277],[-119.61563,35.17273],[-119.61566,35.17269],[-119.61569,35.17265],[-119.61572,35.17259],[-119.61575,35.17254],[-119.61577,35.17249],[-119.61579,35.17245],[-119.6158,35.1724],[-119.61581,35.17235],[-119.61581,35.17231],[-119.6158,35.17226],[-119.6158,35.1722],[-119.61579,35.17214],[-119.61577,35.17208],[-119.61575,35.17201],[-119.61572,35.17195],[-119.61567,35.17188],[-119.61563,35.17181],[-119.61558,35.17175],[-119.61553,35.17168],[-119.61547,35.17162],[-119.61541,35.17156],[-119.61535,35.1715],[-119.61529,35.17144],[-119.61523,35.17139],[-119.61518,35.17134],[-119.61513,35.1713],[-119.61508,35.17125],[-119.61504,35.17121],[-119.615,35.17116],[-119.61496,35.17111],[-119.61492,35.17106],[-119.61488,35.171],[-119.61484,35.17094],[-119.61479,35.17087],[-119.61475,35.17081],[-119.6147,35.17075],[-119.61466,35.17068],[-119.61462,35.17062],[-119.61458,35.17057],[-119.61455,35.17052],[-119.61452,35.17047],[-119.61448,35.17042],[-119.61444,35.17038],[-119.6144,35.17035],[-119.61436,35.17033],[-119.61432,35.1703],[-119.61428,35.17029],[-119.61424,35.17027],[-119.61419,35.17026],[-119.61415,35.17025],[-119.61412,35.17024],[-119.61408,35.17024],[-119.61404,35.17023]],[[-119.61807,35.17823],[-119.61807,35.17822],[-119.61807,35.17818],[-119.61807,35.17814],[-119.61807,35.1781],[-119.61807,35.17807],[-119.61808,35.17804],[-119.61808,35.17802],[-119.61809,35.17801],[-119.61809,35.178]],[[-119.61225,35.17041],[-119.61228,35.17042],[-119.61235,35.17045],[-119.6124,35.17048],[-119.61244,35.1705],[-119.61248,35.17051],[-119.61251,35.17053],[-119.61255,35.17054],[-119.61257,35.17055],[-119.61262,35.17057],[-119.61265,35.17058],[-119.61269,35.17058],[-119.61273,35.17058],[-119.6128,35.17058],[-119.61286,35.17058],[-119.61294,35.17055],[-119.61301,35.17052],[-119.61308,35.17048],[-119.61316,35.17045],[-119.61324,35.17041],[-119.61331,35.17037],[-119.61338,35.17035],[-119.61344,35.17032],[-119.61351,35.1703],[-119.61358,35.17028],[-119.61365,35.17026],[-119.61372,35.17025],[-119.61378,35.17024],[-119.61385,35.17023],[-119.61392,35.17022],[-119.61399,35.17023],[-119.61406,35.17023],[-119.61412,35.17024]]]}},{"type":"Feature","properties":{"name":"4177","source":"Bureau of Land Management","source_detail":"BLM GTLF OBJECTID 158704","source_id":"{B2A31BBF-9150-420C-AE9B-B4106FDA2BD1}","road_class":"transportation_system_-_primitive_road","surface":"natural_improved","vehicle_class":"4wd_low","allowed_mode":"all_moto_veh","access_restriction":"unknown","seasonal_restriction":"not_listed","route_plan_id":"4177","gis_miles":0.11173167},"geometry":{"type":"LineString","coordinates":[[-119.56105,35.21064],[-119.56125,35.21092],[-119.56146,35.21133],[-119.56169,35.21171],[-119.56194,35.21208]]}},{"type":"Feature","properties":{"name":"4243","source":"Bureau of Land Management","source_detail":"BLM GTLF OBJECTID 158710","source_id":"{1C414366-DA69-4217-BB05-4389DF9EF827}","road_class":"transportation_system_-_primitive_road","surface":"natural_improved","vehicle_class":"2wd_low","allowed_mode":"all_moto_veh","access_restriction":"not_listed","seasonal_restriction":"not_listed","route_plan_id":"4243","gis_miles":0.08392879},"geometry":{"type":"LineString","coordinates":[[-119.61524,35.21463],[-119.61506,35.21464],[-119.61495,35.21468],[-119.61472,35.21475],[-119.61456,35.21487],[-119.61447,35.21495],[-119.61445,35.21504],[-119.61445,35.2152],[-119.61446,35.21531],[-119.61448,35.21543]]}},{"type":"Feature","properties":{"name":"4041","source":"Bureau of Land Management","source_detail":"BLM GTLF OBJECTID 158728","source_id":"{27DF93A3-63D7-4E2E-ACAF-47A6F01A2D3C}","road_class":"transportation_system_-_primitive_road","surface":"natural_improved","vehicle_class":"2wd_low","allowed_mode":"all_moto_veh","access_restriction":"not_listed","seasonal_restriction":"not_listed","route_plan_id":"4041","gis_miles":0.20809268},"geometry":{"type":"LineString","coordinates":[[-119.59425,35.20402],[-119.59434,35.20409],[-119.59447,35.2042],[-119.59466,35.20434],[-119.59482,35.20452],[-119.59497,35.20466],[-119.59503,35.20476],[-119.59518,35.20486],[-119.59529,35.20488],[-119.59548,35.20497],[-119.59564,35.20516],[-119.59586,35.20534],[-119.59607,35.20552],[-119.5963,35.2057],[-119.59646,35.20586],[-119.59652,35.20599],[-119.59655,35.20616],[-119.59654,35.20624]]}},{"type":"Feature","properties":{"name":"54","source":"Bureau of Land Management","source_detail":"BLM GTLF OBJECTID 158734","source_id":"{EDA00889-B734-4714-8BF6-855D14B2DB20}","road_class":"transportation_system_-_primitive_road","surface":"natural","vehicle_class":"4wd_low","allowed_mode":"all_moto_veh","access_restriction":"unknown","seasonal_restriction":"not_listed","route_plan_id":"54","gis_miles":0.00989846},"geometry":{"type":"LineString","coordinates":[[-119.60583,35.30006],[-119.60567,35.29999]]}},{"type":"Feature","properties":{"name":"6049","source":"Bureau of Land Management","source_detail":"BLM GTLF OBJECTID 158735","source_id":"{58A4F8A8-820E-4B33-BEE5-430A850693FF}","road_class":"transportation_system_-_primitive_road","surface":"natural_improved","vehicle_class":"4wd_low","allowed_mode":"all_moto_veh","access_restriction":"unknown","seasonal_restriction":"not_listed","route_plan_id":"6049","gis_miles":0.11403761},"geometry":{"type":"LineString","coordinates":[[-119.60528,35.26609],[-119.60547,35.26608],[-119.6055,35.26609],[-119.60554,35.26609],[-119.60558,35.2661],[-119.60563,35.26612],[-119.60567,35.26613],[-119.60571,35.26615],[-119.60575,35.26617],[-119.60579,35.26619],[-119.60583,35.26621],[-119.60583,35.26622],[-119.60586,35.26624],[-119.6059,35.26626],[-119.60594,35.26628],[-119.60597,35.2663],[-119.606,35.26632],[-119.60603,35.26634],[-119.60606,35.26635],[-119.6061,35.26637],[-119.60613,35.26639],[-119.60616,35.2664],[-119.60619,35.26642],[-119.60622,35.26643],[-119.60625,35.26645],[-119.60628,35.26646],[-119.6063,35.26647],[-119.60634,35.26649],[-119.60637,35.26651],[-119.6064,35.26652],[-119.6064,35.26652],[-119.60644,35.26654],[-119.60647,35.26656],[-119.6065,35.26657],[-119.60653,35.26659],[-119.60657,35.2666],[-119.60661,35.26662],[-119.60664,35.26663],[-119.60668,35.26665],[-119.60672,35.26667],[-119.60675,35.26668],[-119.60678,35.26669],[-119.60681,35.26671],[-119.60684,35.26672],[-119.60687,35.26674],[-119.6069,35.26675],[-119.60692,35.26677],[-119.60695,35.26679],[-119.60697,35.26681],[-119.60699,35.26683],[-119.60701,35.26685],[-119.60702,35.26685]]}},{"type":"Feature","properties":{"name":"4215","source":"Bureau of Land Management","source_detail":"BLM GTLF OBJECTID 158742","source_id":"{C8444E5D-CA76-4910-AF38-1D7219B47A02}","road_class":"transportation_system_-_primitive_road","surface":"natural_improved","vehicle_class":"2wd_low","allowed_mode":"all_moto_veh","access_restriction":"not_listed","seasonal_restriction":"not_listed","route_plan_id":"4215","gis_miles":0.28428202},"geometry":{"type":"LineString","coordinates":[[-119.60799,35.21605],[-119.60794,35.21593],[-119.6079,35.21579],[-119.60786,35.21567],[-119.60763,35.21553],[-119.60751,35.21546],[-119.60742,35.21532],[-119.60745,35.2152],[-119.60751,35.21504],[-119.60754,35.21496],[-119.60763,35.21493],[-119.60787,35.21483],[-119.60813,35.21465],[-119.60823,35.21453],[-119.60829,35.21437],[-119.60828,35.21422],[-119.60825,35.21408],[-119.60833,35.21397],[-119.60851,35.21392],[-119.60869,35.21387],[-119.60887,35.21379],[-119.60897,35.21372],[-119.60903,35.21359],[-119.60896,35.2135],[-119.60882,35.21347],[-119.60857,35.21349],[-119.60835,35.21351],[-119.60811,35.21355]]}},{"type":"Feature","properties":{"name":"6059","source":"Bureau of Land Management","source_detail":"BLM GTLF OBJECTID 158756","source_id":"{39022193-346D-4A31-ABA3-A6778F38A3F5}","road_class":"transportation_system_-_primitive_road","surface":"natural_improved","vehicle_class":"4wd_low","allowed_mode":"all_moto_veh","access_restriction":"unknown","seasonal_restriction":"not_listed","route_plan_id":"6059","gis_miles":0.23049039},"geometry":{"type":"LineString","coordinates":[[-119.56794,35.22377],[-119.56772,35.22345],[-119.56792,35.2234],[-119.56796,35.2234],[-119.568,35.22339],[-119.56805,35.22339],[-119.5681,35.22339],[-119.56815,35.22339],[-119.5682,35.22339],[-119.56825,35.22339],[-119.5683,35.22339],[-119.56835,35.22339],[-119.56841,35.2234],[-119.56847,35.2234],[-119.56852,35.2234],[-119.56858,35.2234],[-119.56863,35.22341],[-119.56868,35.22341],[-119.56874,35.22342],[-119.56879,35.22342],[-119.56885,35.22343],[-119.5689,35.22343],[-119.56895,35.22343],[-119.56901,35.22344],[-119.56906,35.22344],[-119.56911,35.22344],[-119.56916,35.22344],[-119.56921,35.22344],[-119.56926,35.22344],[-119.56932,35.22344],[-119.56937,35.22344],[-119.56942,35.22344],[-119.56947,35.22344],[-119.56951,35.22344],[-119.56956,35.22344],[-119.56957,35.22344],[-119.5696,35.22343],[-119.56965,35.22343],[-119.5697,35.22342],[-119.56974,35.22341],[-119.56978,35.22341],[-119.56982,35.2234],[-119.56987,35.22339],[-119.56991,35.22339],[-119.56997,35.2234],[-119.57002,35.2234],[-119.57008,35.2234],[-119.57014,35.22341],[-119.57019,35.22342],[-119.57025,35.22343],[-119.5703,35.22345],[-119.57035,35.22346],[-119.5704,35.22347],[-119.57045,35.22348],[-119.57049,35.2235],[-119.57053,35.22351],[-119.57057,35.22352],[-119.57061,35.22354],[-119.57065,35.22355],[-119.57068,35.22356],[-119.57072,35.22357],[-119.57075,35.22358],[-119.57079,35.2236],[-119.57084,35.22361],[-119.57088,35.22363],[-119.57092,35.22365],[-119.57096,35.22366],[-119.571,35.22368],[-119.57104,35.2237],[-119.57108,35.22372],[-119.57112,35.22374],[-119.57116,35.22376],[-119.57121,35.22378],[-119.57123,35.22379]]}},{"type":"Feature","properties":{"name":"5806","source":"Bureau of Land Management","source_detail":"BLM GTLF OBJECTID 158782","source_id":"{B9BFF3F5-A4C9-4699-8FDD-B2C5A1F5E38F}","road_class":"transportation_system_-_primitive_road","surface":"natural_improved","vehicle_class":"4wd_low","allowed_mode":"all_moto_veh","access_restriction":"unknown","seasonal_restriction":"not_listed","route_plan_id":"5806","gis_miles":0.02400616},"geometry":{"type":"LineString","coordinates":[[-119.53744,35.26719],[-119.53744,35.2672],[-119.53742,35.26722],[-119.53739,35.26723],[-119.53736,35.26723],[-119.53733,35.26724],[-119.53729,35.26725],[-119.53724,35.26727],[-119.53718,35.26729],[-119.53711,35.26732],[-119.53707,35.26734]]}},{"type":"Feature","properties":{"name":"4080","source":"Bureau of Land Management","source_detail":"BLM GTLF OBJECTID 158799","source_id":"{C5D7C9B2-0784-41F0-A321-6955F4A63D61}","road_class":"transportation_system_-_primitive_road","surface":"natural_improved","vehicle_class":"2wd_low","allowed_mode":"all_moto_veh","access_restriction":"not_listed","seasonal_restriction":"not_listed","route_plan_id":"4080","gis_miles":0.1090236},"geometry":{"type":"LineString","coordinates":[[-119.6075,35.21151],[-119.60753,35.21158],[-119.60758,35.21167],[-119.60763,35.21178],[-119.60766,35.21192],[-119.60761,35.21199],[-119.60748,35.2121],[-119.60743,35.21217],[-119.60742,35.21229],[-119.60749,35.21246],[-119.60759,35.21258],[-119.6078,35.2127],[-119.6079,35.21277],[-119.60796,35.21282]]}},{"type":"Feature","properties":{"name":"5304","source":"Bureau of Land Management","source_detail":"BLM GTLF OBJECTID 158819","source_id":"{8BEABBD6-0E59-4F28-A251-70CD8E7A2DB3}","road_class":"transportation_system_-_primitive_road","surface":"natural_improved","vehicle_class":"4wd_low","allowed_mode":"all_moto_veh","access_restriction":"unknown","seasonal_restriction":"not_listed","route_plan_id":"5304","gis_miles":0.09458724},"geometry":{"type":"LineString","coordinates":[[-119.60928,35.24947],[-119.60928,35.24945],[-119.60927,35.24941],[-119.60926,35.24938],[-119.60925,35.24935],[-119.60925,35.24931],[-119.60924,35.24927],[-119.60924,35.24923],[-119.60924,35.24918],[-119.60925,35.24913],[-119.60926,35.24907],[-119.60926,35.24901],[-119.60926,35.24896],[-119.60926,35.24891],[-119.60923,35.24887],[-119.60921,35.24884],[-119.60917,35.24882],[-119.60913,35.2488],[-119.60908,35.24878],[-119.60903,35.24876],[-119.60897,35.24874],[-119.60891,35.24872],[-119.60885,35.2487],[-119.60879,35.24869],[-119.60874,35.24867],[-119.60868,35.24866],[-119.60863,35.24865],[-119.60858,35.24863],[-119.60853,35.24861],[-119.60849,35.24859],[-119.60846,35.24856],[-119.60846,35.24853],[-119.60846,35.24852]]}},{"type":"Feature","properties":{"name":"4076","source":"Bureau of Land Management","source_detail":"BLM GTLF OBJECTID 158826","source_id":"{63BAEF0E-581C-4AD5-B9D3-4753E0E0EA0E}","road_class":"transportation_system_-_primitive_road","surface":"natural_improved","vehicle_class":"2wd_low","allowed_mode":"all_moto_veh","access_restriction":"not_listed","seasonal_restriction":"not_listed","route_plan_id":"4076","gis_miles":0.07566528},"geometry":{"type":"LineString","coordinates":[[-119.60966,35.21294],[-119.60961,35.2128],[-119.60958,35.21277],[-119.6095,35.21266],[-119.60937,35.21249],[-119.60929,35.2124],[-119.60917,35.21231],[-119.60894,35.21221],[-119.60879,35.21219]]}},{"type":"Feature","properties":{"name":"16054: MIDWAY PEAK COMMUNICATION  USGS FELLOWS","source":"Bureau of Land Management","source_detail":"BLM GTLF OBJECTID 158831","source_id":"{4A8CE823-420C-443B-B094-E3B571A1CC1B}","road_class":"transportation_system_-_primitive_road","surface":"natural_improved","vehicle_class":"4wd_low","allowed_mode":"unk","access_restriction":"unknown","seasonal_restriction":"not_listed","route_plan_id":"5281","gis_miles":0.24120447},"geometry":{"type":"LineString","coordinates":[[-119.57635,35.1809],[-119.57633,35.18092],[-119.57626,35.18098],[-119.57622,35.18104],[-119.57617,35.18109],[-119.57613,35.18114],[-119.57608,35.1812],[-119.57604,35.18125],[-119.576,35.18131],[-119.57597,35.18134],[-119.57596,35.18136],[-119.57592,35.18141],[-119.57589,35.18145],[-119.57586,35.18149],[-119.57583,35.18152],[-119.57581,35.18156],[-119.57578,35.18159],[-119.57575,35.18163],[-119.57572,35.18167],[-119.5757,35.18171],[-119.57568,35.18174],[-119.57566,35.18176],[-119.57565,35.18178],[-119.57565,35.18178],[-119.57565,35.18179],[-119.57564,35.1818],[-119.57563,35.18181],[-119.57562,35.18183],[-119.57561,35.18186],[-119.57559,35.18189],[-119.57557,35.18193],[-119.57555,35.18197],[-119.57553,35.18201],[-119.5755,35.18206],[-119.57548,35.1821],[-119.57545,35.18214],[-119.57543,35.18218],[-119.57541,35.18222],[-119.57538,35.18226],[-119.57536,35.1823],[-119.57533,35.18234],[-119.57531,35.1824],[-119.57528,35.18245],[-119.57526,35.18251],[-119.57524,35.18256],[-119.57522,35.18261],[-119.5752,35.18266],[-119.57519,35.18271],[-119.57517,35.18276],[-119.57515,35.1828],[-119.57513,35.18285],[-119.5751,35.18289],[-119.57507,35.18294],[-119.57504,35.18298],[-119.575,35.18302],[-119.57496,35.18306],[-119.57492,35.18309],[-119.57488,35.18313],[-119.57483,35.18317],[-119.57478,35.18321],[-119.57473,35.18325],[-119.57469,35.18329],[-119.57465,35.18332],[-119.57461,35.18335],[-119.57458,35.18338],[-119.57455,35.18341],[-119.57452,35.18345],[-119.57449,35.18349],[-119.57446,35.18352],[-119.57443,35.18356],[-119.5744,35.1836],[-119.57437,35.18364],[-119.57434,35.18369],[-119.5743,35.18373],[-119.57427,35.18377],[-119.57423,35.18381],[-119.57419,35.18385],[-119.57417,35.18387],[-119.57417,35.18387]]}},{"type":"Feature","properties":{"name":"5508","source":"Bureau of Land Management","source_detail":"BLM GTLF OBJECTID 158859","source_id":"{A778F138-1F19-4499-8338-39E64BCE1C8A}","road_class":"transportation_system_-_primitive_road","surface":"natural_improved","vehicle_class":"4wd_low","allowed_mode":"all_moto_veh","access_restriction":"unknown","seasonal_restriction":"not_listed","route_plan_id":"5508","gis_miles":0.00620305},"geometry":{"type":"LineString","coordinates":[[-119.5993,35.29651],[-119.59929,35.29648],[-119.59929,35.29645],[-119.59929,35.29642]]}},{"type":"Feature","properties":{"name":"6008","source":"Bureau of Land Management","source_detail":"BLM GTLF OBJECTID 158910","source_id":"{D50869D6-0E6F-413E-ACA3-251C63437737}","road_class":"transportation_system_-_primitive_road","surface":"natural_improved","vehicle_class":"4wd_low","allowed_mode":"all_moto_veh","access_restriction":"unknown","seasonal_restriction":"not_listed","route_plan_id":"6008","gis_miles":0.09862422},"geometry":{"type":"LineString","coordinates":[[-119.53607,35.20993],[-119.53605,35.20995],[-119.53602,35.20998],[-119.53599,35.21001],[-119.53596,35.21004],[-119.53592,35.21008],[-119.53589,35.21012],[-119.53586,35.21016],[-119.53583,35.21021],[-119.5358,35.21025],[-119.53577,35.2103],[-119.53574,35.21034],[-119.53571,35.21039],[-119.53569,35.21042],[-119.53566,35.21046],[-119.53564,35.2105],[-119.53561,35.21054],[-119.53559,35.21058],[-119.53556,35.21063],[-119.53553,35.21068],[-119.5355,35.21073],[-119.53547,35.21077],[-119.53544,35.21082],[-119.5354,35.21086],[-119.53537,35.2109],[-119.53533,35.21094],[-119.5353,35.21098],[-119.53527,35.21102],[-119.53523,35.21106],[-119.53521,35.2111],[-119.5352,35.21116]]}},{"type":"Feature","properties":{"name":"4174","source":"Bureau of Land Management","source_detail":"BLM GTLF OBJECTID 158912","source_id":"{F977F91A-E7A7-4282-884E-3839311FD0D8}","road_class":"transportation_system_-_primitive_road","surface":"natural_improved","vehicle_class":"4wd_low","allowed_mode":"all_moto_veh","access_restriction":"unknown","seasonal_restriction":"not_listed","route_plan_id":"4174","gis_miles":0.29193401},"geometry":{"type":"LineString","coordinates":[[-119.56247,35.21027],[-119.5625,35.21032],[-119.56251,35.21043],[-119.5625,35.21053],[-119.56242,35.21057],[-119.56182,35.21059],[-119.56162,35.21061],[-119.56138,35.21063],[-119.56105,35.21064],[-119.56087,35.21064],[-119.56034,35.21065],[-119.55966,35.21066],[-119.55944,35.21067],[-119.55929,35.21072],[-119.55907,35.21072],[-119.55869,35.21072],[-119.55844,35.21072],[-119.5579,35.21072],[-119.55769,35.21073]]}},{"type":"Feature","properties":{"name":"4163","source":"Bureau of Land Management","source_detail":"BLM GTLF OBJECTID 158923","source_id":"{44B41768-AF5F-4646-AB36-078FF6F447E6}","road_class":"transportation_system_-_primitive_road","surface":"natural_improved","vehicle_class":"4wd_low","allowed_mode":"all_moto_veh","access_restriction":"unknown","seasonal_restriction":"not_listed","route_plan_id":"4163","gis_miles":0.09470557},"geometry":{"type":"LineString","coordinates":[[-119.56978,35.21758],[-119.56998,35.21756],[-119.57019,35.21752],[-119.57049,35.21747],[-119.57081,35.21744],[-119.57118,35.21746],[-119.57144,35.21748]]}},{"type":"Feature","properties":{"name":"5799","source":"Bureau of Land Management","source_detail":"BLM GTLF OBJECTID 158949","source_id":"{13C1DDCD-9A37-4748-8708-29569C3F18C1}","road_class":"transportation_system_-_primitive_road","surface":"natural_improved","vehicle_class":"4wd_low","allowed_mode":"all_moto_veh","access_restriction":"unknown","seasonal_restriction":"not_listed","route_plan_id":"5799","gis_miles":0.45513527},"geometry":{"type":"LineString","coordinates":[[-119.55213,35.26142],[-119.55212,35.26142],[-119.55211,35.26142],[-119.55208,35.26144],[-119.55205,35.26146],[-119.55202,35.26149],[-119.55199,35.26153],[-119.55196,35.26157],[-119.55192,35.26161],[-119.55188,35.26165],[-119.55184,35.2617],[-119.55179,35.26174],[-119.55174,35.26179],[-119.55169,35.26184],[-119.55163,35.2619],[-119.55157,35.26195],[-119.55151,35.262],[-119.55146,35.26205],[-119.5514,35.2621],[-119.55135,35.26215],[-119.55131,35.2622],[-119.55128,35.26226],[-119.55126,35.26232],[-119.55126,35.26238],[-119.55126,35.26245],[-119.55125,35.26251],[-119.55124,35.26257],[-119.55123,35.26263],[-119.55121,35.26269],[-119.5512,35.26275],[-119.55118,35.26282],[-119.55116,35.26288],[-119.55115,35.26294],[-119.55112,35.263],[-119.5511,35.26306],[-119.55107,35.26313],[-119.55105,35.26319],[-119.55101,35.26325],[-119.55099,35.26331],[-119.55096,35.26337],[-119.55093,35.26343],[-119.5509,35.26348],[-119.55087,35.26354],[-119.55083,35.2636],[-119.5508,35.26366],[-119.55076,35.26371],[-119.55073,35.26377],[-119.5507,35.26382],[-119.55067,35.26388],[-119.55064,35.26394],[-119.55062,35.26399],[-119.5506,35.26405],[-119.55058,35.26412],[-119.55057,35.26418],[-119.55056,35.26423],[-119.55056,35.26429],[-119.55057,35.26432],[-119.55058,35.26434],[-119.55061,35.2644],[-119.55064,35.26445],[-119.55068,35.26451],[-119.55073,35.26456],[-119.55077,35.26462],[-119.55081,35.26468],[-119.55085,35.26474],[-119.55088,35.2648],[-119.55089,35.26486],[-119.5509,35.26493],[-119.5509,35.26499],[-119.5509,35.26506],[-119.55091,35.26513],[-119.55092,35.26519],[-119.55094,35.26526],[-119.55095,35.26532],[-119.55096,35.26539],[-119.55097,35.26545],[-119.55098,35.26552],[-119.55099,35.26559],[-119.551,35.26565],[-119.55101,35.26572],[-119.55102,35.26578],[-119.55102,35.26585],[-119.55103,35.26592],[-119.55104,35.26598],[-119.55105,35.26605],[-119.55105,35.26611],[-119.55105,35.26617],[-119.55105,35.26623],[-119.55104,35.26629],[-119.55103,35.26634],[-119.55099,35.26639],[-119.55094,35.26643],[-119.55088,35.26647],[-119.55082,35.2665],[-119.55077,35.26654],[-119.55073,35.26658],[-119.5507,35.26663],[-119.55069,35.26669],[-119.55068,35.26675],[-119.55068,35.26681],[-119.55068,35.26687],[-119.5507,35.26693],[-119.55073,35.26698],[-119.55077,35.26703],[-119.55082,35.26708],[-119.55087,35.26712],[-119.55093,35.26717],[-119.55099,35.26721],[-119.55105,35.26726],[-119.55108,35.26729],[-119.55111,35.26731],[-119.55113,35.26732]]}},{"type":"Feature","properties":{"name":"4241","source":"Bureau of Land Management","source_detail":"BLM GTLF OBJECTID 158972","source_id":"{445DE8B7-E732-49FC-902B-59D5BF9AEB27}","road_class":"transportation_system_-_primitive_road","surface":"natural_improved","vehicle_class":"2wd_low","allowed_mode":"all_moto_veh","access_restriction":"not_listed","seasonal_restriction":"not_listed","route_plan_id":"4241","gis_miles":0.0550537},"geometry":{"type":"LineString","coordinates":[[-119.61507,35.21671],[-119.61507,35.21663],[-119.61495,35.21647],[-119.61479,35.21636],[-119.61471,35.21618],[-119.61469,35.21611],[-119.61467,35.21601]]}},{"type":"Feature","properties":{"name":"780","source":"Bureau of Land Management","source_detail":"BLM GTLF OBJECTID 159020","source_id":"{C9534C30-7D5E-4A86-9A75-E65017CE43BD}","road_class":"transportation_system_-_primitive_road","surface":"natural_improved","vehicle_class":"4wd_low","allowed_mode":"all_moto_veh","access_restriction":"unknown","seasonal_restriction":"not_listed","route_plan_id":"780","gis_miles":0.2197878},"geometry":{"type":"LineString","coordinates":[[-119.57404,35.28156],[-119.57405,35.2816],[-119.57405,35.28168],[-119.57404,35.28173],[-119.57404,35.28177],[-119.57403,35.28186],[-119.57402,35.28195],[-119.57401,35.28204],[-119.574,35.28213],[-119.57398,35.28222],[-119.57397,35.28232],[-119.57396,35.28241],[-119.57394,35.2825],[-119.57393,35.28259],[-119.57392,35.28268],[-119.57391,35.28277],[-119.57389,35.28287],[-119.57388,35.28296],[-119.57387,35.28306],[-119.57385,35.28315],[-119.57384,35.28325],[-119.57382,35.28335],[-119.57381,35.28344],[-119.5738,35.28354],[-119.57379,35.28363],[-119.57377,35.28373],[-119.57376,35.28382],[-119.57375,35.28392],[-119.57374,35.284],[-119.57373,35.28408],[-119.57372,35.28416],[-119.5737,35.28424],[-119.57369,35.28432],[-119.57367,35.28439],[-119.57366,35.28446],[-119.57365,35.28452],[-119.57363,35.28458],[-119.57361,35.28462],[-119.57358,35.28466],[-119.57355,35.28469],[-119.57353,35.28469]]}},{"type":"Feature","properties":{"name":"4028","source":"Bureau of Land Management","source_detail":"BLM GTLF OBJECTID 159023","source_id":"{0AFF1DF5-8249-49CC-9CA8-109EB9AF1D28}","road_class":"transportation_system_-_primitive_road","surface":"natural_improved","vehicle_class":"4wd_low","allowed_mode":"all_moto_veh","access_restriction":"unknown","seasonal_restriction":"not_listed","route_plan_id":"4028","gis_miles":0.08022616},"geometry":{"type":"LineString","coordinates":[[-119.60426,35.20592],[-119.60413,35.20588],[-119.60394,35.20586],[-119.60384,35.20586],[-119.60361,35.20583],[-119.60332,35.20576],[-119.60296,35.20571],[-119.60287,35.20569]]}},{"type":"Feature","properties":{"name":"5811","source":"Bureau of Land Management","source_detail":"BLM GTLF OBJECTID 159038","source_id":"{06BD4AB9-7DB8-463C-9EE6-EDCC14D82C92}","road_class":"transportation_system_-_primitive_road","surface":"natural_improved","vehicle_class":"2wd_low","allowed_mode":"all_moto_veh","access_restriction":"not_listed","seasonal_restriction":"not_listed","route_plan_id":"5811","gis_miles":0.01104536},"geometry":{"type":"LineString","coordinates":[[-119.55126,35.26732],[-119.55122,35.26731],[-119.55118,35.26728],[-119.55114,35.26727],[-119.5511,35.26727],[-119.55109,35.26729],[-119.55108,35.26729]]}},{"type":"Feature","properties":{"name":"4001","source":"Bureau of Land Management","source_detail":"BLM GTLF OBJECTID 159062","source_id":"{C72C401C-5FEF-4A10-A309-ECC9754C0960}","road_class":"transportation_system_-_primitive_road","surface":"natural","vehicle_class":"4wd_low","allowed_mode":"all_moto_veh","access_restriction":"unknown","seasonal_restriction":"not_listed","route_plan_id":"4001","gis_miles":0.2997362},"geometry":{"type":"LineString","coordinates":[[-119.53612,35.19464],[-119.53572,35.19464],[-119.5347,35.19462],[-119.5327,35.19462],[-119.5313,35.19461],[-119.53082,35.19459]]}},{"type":"Feature","properties":{"name":"4252","source":"Bureau of Land Management","source_detail":"BLM GTLF OBJECTID 159076","source_id":"{E057359A-50EA-4A50-9E46-4E51162CD421}","road_class":"transportation_system_-_primitive_road","surface":"natural_improved","vehicle_class":"2wd_low","allowed_mode":"all_moto_veh","access_restriction":"not_listed","seasonal_restriction":"not_listed","route_plan_id":"4252","gis_miles":0.05514578},"geometry":{"type":"LineString","coordinates":[[-119.61549,35.21274],[-119.61557,35.21282],[-119.61566,35.21293],[-119.61571,35.21303],[-119.61571,35.21315],[-119.61573,35.21335],[-119.61572,35.21349]]}},{"type":"Feature","properties":{"name":"55","source":"Bureau of Land Management","source_detail":"BLM GTLF OBJECTID 159078","source_id":"{1425202C-D1FF-47D1-AF36-A81510400F9E}","road_class":"transportation_system_-_primitive_road","surface":"natural","vehicle_class":"4wd_low","allowed_mode":"all_moto_veh","access_restriction":"unknown","seasonal_restriction":"not_listed","route_plan_id":"55","gis_miles":0.0292045},"geometry":{"type":"LineString","coordinates":[[-119.60615,35.29963],[-119.60596,35.29988],[-119.6059,35.29997],[-119.60588,35.29999]]}},{"type":"Feature","properties":{"name":"4179","source":"Bureau of Land Management","source_detail":"BLM GTLF OBJECTID 159091","source_id":"{08BCCE95-464B-4FD3-A4E7-8190833957B1}","road_class":"transportation_system_-_primitive_road","surface":"natural","vehicle_class":"4wd_low","allowed_mode":"all_moto_veh","access_restriction":"unknown","seasonal_restriction":"not_listed","route_plan_id":"4179","gis_miles":0.10013756},"geometry":{"type":"LineString","coordinates":[[-119.57793,35.21365],[-119.57747,35.21367],[-119.57693,35.21377],[-119.57679,35.21378],[-119.57659,35.21381],[-119.5764,35.2138],[-119.57619,35.21374]]}},{"type":"Feature","properties":{"name":"5699","source":"Bureau of Land Management","source_detail":"BLM GTLF OBJECTID 159092","source_id":"{F05518F4-D177-417D-8499-32366D9C1F18}","road_class":"transportation_system_-_primitive_road","surface":"natural_improved","vehicle_class":"2wd_low","allowed_mode":"all_moto_veh","access_restriction":"not_listed","seasonal_restriction":"not_listed","route_plan_id":"5699","gis_miles":0.14477415},"geometry":{"type":"LineString","coordinates":[[-119.53627,35.22237],[-119.53623,35.2224],[-119.53615,35.22246],[-119.53606,35.22251],[-119.53599,35.22257],[-119.53591,35.22264],[-119.53583,35.2227],[-119.53574,35.22276],[-119.53564,35.22281],[-119.53554,35.22285],[-119.53543,35.22288],[-119.53533,35.22291],[-119.53523,35.22294],[-119.53514,35.22297],[-119.53505,35.22301],[-119.53496,35.22306],[-119.53489,35.22312],[-119.53482,35.22318],[-119.53477,35.22323],[-119.53472,35.22329],[-119.53468,35.22336],[-119.53466,35.22343],[-119.53465,35.2235],[-119.53463,35.22357],[-119.53462,35.22364],[-119.5346,35.2237],[-119.53459,35.22375],[-119.5346,35.22377],[-119.5346,35.22378]]}},{"type":"Feature","properties":{"name":"6062","source":"Bureau of Land Management","source_detail":"BLM GTLF OBJECTID 159101","source_id":"{EF74C170-4C43-4AA8-B11B-09DE07C3C652}","road_class":"transportation_system_-_primitive_road","surface":"natural_improved","vehicle_class":"4wd_low","allowed_mode":"all_moto_veh","access_restriction":"unknown","seasonal_restriction":"not_listed","route_plan_id":"6062","gis_miles":0.13722388},"geometry":{"type":"LineString","coordinates":[[-119.55646,35.22373],[-119.55642,35.22373],[-119.55637,35.22372],[-119.55631,35.2237],[-119.55626,35.22368],[-119.55621,35.22367],[-119.55615,35.22365],[-119.55609,35.22364],[-119.55604,35.22363],[-119.55598,35.22363],[-119.55592,35.22362],[-119.55585,35.22362],[-119.55579,35.22362],[-119.55573,35.22363],[-119.55566,35.22363],[-119.55559,35.22363],[-119.55553,35.22363],[-119.55546,35.22363],[-119.55539,35.22363],[-119.55532,35.22363],[-119.55525,35.22363],[-119.55519,35.22364],[-119.55513,35.22364],[-119.55507,35.22365],[-119.55502,35.22365],[-119.55497,35.22365],[-119.55493,35.22365],[-119.55488,35.22365],[-119.55484,35.22365],[-119.55479,35.22365],[-119.55474,35.22365],[-119.55469,35.22364],[-119.55464,35.22364],[-119.55459,35.22363],[-119.55455,35.22363],[-119.5545,35.22361],[-119.55446,35.22359],[-119.55442,35.22357],[-119.55439,35.22354],[-119.55436,35.22352],[-119.55433,35.22349],[-119.5543,35.22347],[-119.55427,35.22344],[-119.55424,35.22342],[-119.55421,35.2234],[-119.55419,35.22338],[-119.55418,35.22337]]}},{"type":"Feature","properties":{"name":"4019","source":"Bureau of Land Management","source_detail":"BLM GTLF OBJECTID 159144","source_id":"{C3789641-BEA0-4690-B6D9-5392BDB4E6FC}","road_class":"transportation_system_-_primitive_road","surface":"natural_improved","vehicle_class":"4wd_low","allowed_mode":"all_moto_veh","access_restriction":"unknown","seasonal_restriction":"not_listed","route_plan_id":"4019","gis_miles":0.53870955},"geometry":{"type":"LineString","coordinates":[[-119.6028,35.20775],[-119.60281,35.20764],[-119.60271,35.20762],[-119.60259,35.20757],[-119.60248,35.20753],[-119.60241,35.2075],[-119.60232,35.20748],[-119.60215,35.20745],[-119.60207,35.20742],[-119.60204,35.20738],[-119.60205,35.20733],[-119.60206,35.20727],[-119.6021,35.2072],[-119.60223,35.20715],[-119.60242,35.20709],[-119.60269,35.20707],[-119.60292,35.20705],[-119.60314,35.20704],[-119.60327,35.20704],[-119.60338,35.20703],[-119.60349,35.20703],[-119.60366,35.20703],[-119.60373,35.20704],[-119.6038,35.20704],[-119.60389,35.20704],[-119.60398,35.20707],[-119.60412,35.20712],[-119.6042,35.20718],[-119.60429,35.20721],[-119.6045,35.20725],[-119.60457,35.20725],[-119.60472,35.2073],[-119.60491,35.20738],[-119.60509,35.20744],[-119.60527,35.2075],[-119.60544,35.20754],[-119.60557,35.2076],[-119.60562,35.2076],[-119.6057,35.20758],[-119.60584,35.20754],[-119.60595,35.20749],[-119.60607,35.20747],[-119.60615,35.20747],[-119.60622,35.20749],[-119.60626,35.20752],[-119.60631,35.20759],[-119.60632,35.20773],[-119.6063,35.20776],[-119.60622,35.20783],[-119.60615,35.20787],[-119.60607,35.20789],[-119.60596,35.20791],[-119.60586,35.20792],[-119.60575,35.20792],[-119.60567,35.20791],[-119.60557,35.20789],[-119.60545,35.20786],[-119.60533,35.20782],[-119.60525,35.20781],[-119.60511,35.20777],[-119.60503,35.20775],[-119.60493,35.20771],[-119.6048,35.20766],[-119.60467,35.20763],[-119.60449,35.20763],[-119.60438,35.20764],[-119.60398,35.20764],[-119.60382,35.20764],[-119.60374,35.20764],[-119.60361,35.20765],[-119.60345,35.20763],[-119.60325,35.20761],[-119.60309,35.20762],[-119.60281,35.20764]]}},{"type":"Feature","properties":{"name":"4032","source":"Bureau of Land Management","source_detail":"BLM GTLF OBJECTID 159149","source_id":"{67BB5E7A-9EFF-4B9E-BEC6-8823A1976482}","road_class":"transportation_system_-_primitive_road","surface":"natural_improved","vehicle_class":"4wd_low","allowed_mode":"all_moto_veh","access_restriction":"unknown","seasonal_restriction":"not_listed","route_plan_id":"4032","gis_miles":0.1330757},"geometry":{"type":"LineString","coordinates":[[-119.60025,35.20463],[-119.60031,35.20448],[-119.60028,35.20437],[-119.60019,35.20425],[-119.60003,35.2042],[-119.59988,35.20419],[-119.59974,35.20412],[-119.59975,35.20396],[-119.59976,35.2037],[-119.59976,35.20342],[-119.59975,35.20329],[-119.5998,35.20319],[-119.59998,35.2031]]}},{"type":"Feature","properties":{"name":"4251","source":"Bureau of Land Management","source_detail":"BLM GTLF OBJECTID 159153","source_id":"{2C099EB7-E541-4E56-8E3E-554A3942476C}","road_class":"transportation_system_-_primitive_road","surface":"natural_improved","vehicle_class":"2wd_low","allowed_mode":"all_moto_veh","access_restriction":"not_listed","seasonal_restriction":"not_listed","route_plan_id":"4251","gis_miles":0.05320747},"geometry":{"type":"LineString","coordinates":[[-119.61517,35.21315],[-119.6153,35.21299],[-119.6154,35.21287],[-119.61547,35.21278],[-119.61549,35.21274],[-119.61553,35.21257],[-119.61556,35.21246]]}},{"type":"Feature","properties":{"name":"5781","source":"Bureau of Land Management","source_detail":"BLM GTLF OBJECTID 159174","source_id":"{C39C9015-E484-40E8-A17C-DEA191A83B3F}","road_class":"transportation_system_-_primitive_road","surface":"natural_improved","vehicle_class":"2wd_low","allowed_mode":"all_moto_veh","access_restriction":"not_listed","seasonal_restriction":"not_listed","route_plan_id":"5781","gis_miles":0.29841442},"geometry":{"type":"LineString","coordinates":[[-119.56305,35.2419],[-119.56302,35.24193],[-119.56296,35.24201],[-119.5629,35.24209],[-119.56284,35.24218],[-119.56278,35.24227],[-119.56271,35.24235],[-119.56265,35.24244],[-119.56259,35.24252],[-119.56253,35.2426],[-119.56246,35.24268],[-119.5624,35.24277],[-119.56233,35.24285],[-119.56226,35.24293],[-119.56219,35.24301],[-119.56212,35.24309],[-119.56206,35.24318],[-119.562,35.24327],[-119.56194,35.24335],[-119.56187,35.24344],[-119.5618,35.24352],[-119.56174,35.24361],[-119.56168,35.24369],[-119.56161,35.24377],[-119.56155,35.24386],[-119.56148,35.24395],[-119.56141,35.24403],[-119.56134,35.24411],[-119.56127,35.2442],[-119.5612,35.24428],[-119.56113,35.24436],[-119.56107,35.24444],[-119.56101,35.24452],[-119.56094,35.24459],[-119.56089,35.24466],[-119.56085,35.24471],[-119.56084,35.24472],[-119.56082,35.24475],[-119.56082,35.24475],[-119.56082,35.24475],[-119.56082,35.24475],[-119.56082,35.24475],[-119.56081,35.24476],[-119.56079,35.24479],[-119.56076,35.24482],[-119.56073,35.24486],[-119.56069,35.24491],[-119.56064,35.24496],[-119.5606,35.24501],[-119.56055,35.24507],[-119.56051,35.24514],[-119.56046,35.2452],[-119.56041,35.24527],[-119.56036,35.24534],[-119.56031,35.24541],[-119.56025,35.24548],[-119.5602,35.24554]]}},{"type":"Feature","properties":{"name":"5805","source":"Bureau of Land Management","source_detail":"BLM GTLF OBJECTID 159181","source_id":"{43A0962B-2177-448F-B4C9-9A4842DF0509}","road_class":"transportation_system_-_primitive_road","surface":"natural_improved","vehicle_class":"4wd_low","allowed_mode":"all_moto_veh","access_restriction":"unknown","seasonal_restriction":"not_listed","route_plan_id":"5805","gis_miles":0.16769959},"geometry":{"type":"LineString","coordinates":[[-119.53645,35.26529],[-119.53645,35.26531],[-119.53646,35.26536],[-119.53646,35.26542],[-119.53646,35.26547],[-119.53646,35.26553],[-119.53646,35.26559],[-119.53647,35.26565],[-119.53647,35.2657],[-119.53648,35.26576],[-119.53649,35.26581],[-119.5365,35.26587],[-119.5365,35.26593],[-119.5365,35.26599],[-119.5365,35.26606],[-119.5365,35.26612],[-119.5365,35.26619],[-119.5365,35.26625],[-119.53652,35.26631],[-119.53655,35.26637],[-119.53659,35.26642],[-119.53664,35.26646],[-119.5367,35.2665],[-119.53675,35.26653],[-119.5368,35.26656],[-119.53684,35.26658],[-119.53688,35.26661],[-119.53691,35.26663],[-119.53693,35.26665],[-119.53695,35.26668],[-119.53699,35.26672],[-119.53702,35.26676],[-119.53707,35.26681],[-119.53711,35.26685],[-119.53716,35.2669],[-119.5372,35.26695],[-119.53725,35.26701],[-119.53729,35.26706],[-119.53735,35.26711],[-119.53741,35.26717],[-119.53744,35.26719],[-119.53747,35.26722],[-119.53754,35.26727],[-119.53762,35.26731],[-119.53766,35.26734]]}},{"type":"Feature","properties":{"name":"5313","source":"Bureau of Land Management","source_detail":"BLM GTLF OBJECTID 159184","source_id":"{0A8F06BC-8270-47CB-9BA2-4042DA3048F6}","road_class":"transportation_system_-_primitive_road","surface":"natural_improved","vehicle_class":"2wd_low","allowed_mode":"all_moto_veh","access_restriction":"not_listed","seasonal_restriction":"not_listed","route_plan_id":"5313","gis_miles":0.36373889},"geometry":{"type":"LineString","coordinates":[[-119.6123,35.24011],[-119.61232,35.24011],[-119.61232,35.24012],[-119.61232,35.24012],[-119.61232,35.24012],[-119.61234,35.24013],[-119.61235,35.24015],[-119.61238,35.24017],[-119.61242,35.24018],[-119.61247,35.24018],[-119.61251,35.24016],[-119.61254,35.24013],[-119.61256,35.24008],[-119.61257,35.24004],[-119.61257,35.23999],[-119.61258,35.23994],[-119.61258,35.23989],[-119.61259,35.23984],[-119.61259,35.2398],[-119.61259,35.23975],[-119.61259,35.23971],[-119.61259,35.23967],[-119.61259,35.23963],[-119.61259,35.23958],[-119.61259,35.23954],[-119.61258,35.23948],[-119.61258,35.23943],[-119.61256,35.23938],[-119.61255,35.23933],[-119.61253,35.23928],[-119.61251,35.23923],[-119.61248,35.23919],[-119.61246,35.23915],[-119.61243,35.2391],[-119.6124,35.23905],[-119.61237,35.23901],[-119.61234,35.23896],[-119.6123,35.23892],[-119.61226,35.23888],[-119.61222,35.23884],[-119.61217,35.23881],[-119.61212,35.23878],[-119.61207,35.23875],[-119.61202,35.23873],[-119.61198,35.23871],[-119.61194,35.23869],[-119.6119,35.23868],[-119.61186,35.23868],[-119.61181,35.23867],[-119.61176,35.23867],[-119.6117,35.23867],[-119.61164,35.23868],[-119.61157,35.23868],[-119.61151,35.23868],[-119.61144,35.23868],[-119.61137,35.23868],[-119.6113,35.23868],[-119.61123,35.23868],[-119.61117,35.23867],[-119.61112,35.23866],[-119.61107,35.23865],[-119.61102,35.23865],[-119.61097,35.23865],[-119.61093,35.23865],[-119.61088,35.23865],[-119.61083,35.23865],[-119.61078,35.23865],[-119.61072,35.23866],[-119.61068,35.23866],[-119.61064,35.23866],[-119.61061,35.23867],[-119.61059,35.23869],[-119.61059,35.2387],[-119.61059,35.23872],[-119.61061,35.23874],[-119.61063,35.23876],[-119.61066,35.23877],[-119.61069,35.2388],[-119.61071,35.23884],[-119.61074,35.23887],[-119.61077,35.2389],[-119.61079,35.23893],[-119.61083,35.23896],[-119.61087,35.23898],[-119.61091,35.239],[-119.61096,35.23901],[-119.61101,35.23902],[-119.61108,35.23903],[-119.61115,35.23904],[-119.61122,35.23904],[-119.61129,35.23904],[-119.61136,35.23905],[-119.61143,35.23905],[-119.6115,35.23906],[-119.61157,35.23906],[-119.61163,35.23907],[-119.61169,35.23908],[-119.61174,35.23909],[-119.61179,35.23911],[-119.61183,35.23913],[-119.61188,35.23916],[-119.61193,35.23919],[-119.61197,35.23923],[-119.61201,35.23928],[-119.61205,35.23933],[-119.61207,35.23939],[-119.6121,35.23945],[-119.61212,35.23951],[-119.61214,35.23956],[-119.61216,35.23962],[-119.61218,35.23967],[-119.6122,35.23973],[-119.61222,35.23978],[-119.61224,35.23983],[-119.61226,35.23988],[-119.61227,35.23993],[-119.61228,35.23998],[-119.61229,35.24003],[-119.61229,35.24008],[-119.6123,35.24011]]}},{"type":"Feature","properties":{"name":"5312","source":"Bureau of Land Management","source_detail":"BLM GTLF OBJECTID 159196","source_id":"{4CC2EFCD-C6AB-4DED-AA21-402881ACC9B7}","road_class":"transportation_system_-_primitive_road","surface":"natural_improved","vehicle_class":"2wd_low","allowed_mode":"all_moto_veh","access_restriction":"not_listed","seasonal_restriction":"not_listed","route_plan_id":"5312","gis_miles":0.20405275},"geometry":{"type":"LineString","coordinates":[[-119.60903,35.24086],[-119.60902,35.24085],[-119.60902,35.24081],[-119.60904,35.24079],[-119.60906,35.24076],[-119.60908,35.24074],[-119.60909,35.24072],[-119.60911,35.2407],[-119.60912,35.24068],[-119.60914,35.24066],[-119.60916,35.24063],[-119.60918,35.2406],[-119.60921,35.24056],[-119.60925,35.24054],[-119.60928,35.24052],[-119.60932,35.24051],[-119.60936,35.24049],[-119.6094,35.24047],[-119.60944,35.24046],[-119.60948,35.24044],[-119.60952,35.24043],[-119.60956,35.24042],[-119.6096,35.2404],[-119.60965,35.24039],[-119.60969,35.24038],[-119.60973,35.24036],[-119.60978,35.24036],[-119.60983,35.24035],[-119.60988,35.24035],[-119.60994,35.24035],[-119.60999,35.24035],[-119.61003,35.24035],[-119.61008,35.24035],[-119.61014,35.24035],[-119.6102,35.24035],[-119.61027,35.24035],[-119.61035,35.24035],[-119.61042,35.24035],[-119.61047,35.24034],[-119.61054,35.24034],[-119.6106,35.24034],[-119.61068,35.24033],[-119.61075,35.24032],[-119.61083,35.24031],[-119.61092,35.2403],[-119.61101,35.24029],[-119.61109,35.24027],[-119.61118,35.24026],[-119.61126,35.24024],[-119.61132,35.24023],[-119.61139,35.24023],[-119.61145,35.24023],[-119.61151,35.24023],[-119.61158,35.24024],[-119.61165,35.24024],[-119.61173,35.24023],[-119.6118,35.24021],[-119.61186,35.2402],[-119.61192,35.24018],[-119.61198,35.24017],[-119.61203,35.24015],[-119.61209,35.24013],[-119.61214,35.24012],[-119.61219,35.24011],[-119.61223,35.2401],[-119.61227,35.2401],[-119.6123,35.24011],[-119.6123,35.24011]]}},{"type":"Feature","properties":{"name":"5911","source":"Bureau of Land Management","source_detail":"BLM GTLF OBJECTID 159207","source_id":"{B840DFA3-C07D-4A54-9AB3-814A952E67A6}","road_class":"transportation_system_-_primitive_road","surface":"natural_improved","vehicle_class":"4wd_low","allowed_mode":"all_moto_veh","access_restriction":"unknown","seasonal_restriction":"not_listed","route_plan_id":"5911","gis_miles":0.01453098},"geometry":{"type":"LineString","coordinates":[[-119.55471,35.20922],[-119.55474,35.20923],[-119.5548,35.20923],[-119.55486,35.20923],[-119.55492,35.20923],[-119.55496,35.20922]]}},{"type":"Feature","properties":{"name":"5695","source":"Bureau of Land Management","source_detail":"BLM GTLF OBJECTID 159210","source_id":"{60FD15C4-95C2-4D15-B970-5D2E76F729DF}","road_class":"transportation_system_-_primitive_road","surface":"natural_improved","vehicle_class":"2wd_low","allowed_mode":"all_moto_veh","access_restriction":"not_listed","seasonal_restriction":"not_listed","route_plan_id":"5695","gis_miles":0.18395275},"geometry":{"type":"LineString","coordinates":[[-119.53813,35.23321],[-119.53812,35.23321],[-119.53806,35.23321],[-119.53799,35.23322],[-119.5379,35.23324],[-119.53783,35.23325],[-119.53781,35.23326],[-119.53772,35.23329],[-119.53763,35.23334],[-119.53754,35.2334],[-119.53746,35.23347],[-119.53739,35.23355],[-119.53733,35.23363],[-119.53728,35.23373],[-119.53725,35.23382],[-119.53722,35.23391],[-119.5372,35.23399],[-119.53717,35.23408],[-119.53714,35.23417],[-119.5371,35.23426],[-119.53705,35.23435],[-119.53699,35.23444],[-119.53693,35.23454],[-119.53688,35.23464],[-119.53682,35.23474],[-119.53676,35.23485],[-119.5367,35.23495],[-119.53663,35.23505],[-119.53657,35.23514],[-119.53651,35.23523],[-119.53645,35.23531],[-119.53645,35.23532]]}},{"type":"Feature","properties":{"name":"4077","source":"Bureau of Land Management","source_detail":"BLM GTLF OBJECTID 159216","source_id":"{F2B24DFD-0861-4FBD-A6D5-F9FFDF66D34A}","road_class":"transportation_system_-_primitive_road","surface":"natural_improved","vehicle_class":"2wd_low","allowed_mode":"all_moto_veh","access_restriction":"not_listed","seasonal_restriction":"not_listed","route_plan_id":"4077","gis_miles":0.0491117},"geometry":{"type":"LineString","coordinates":[[-119.60816,35.21187],[-119.60808,35.21199],[-119.60804,35.21205],[-119.60798,35.21212],[-119.60795,35.21217],[-119.60806,35.21221],[-119.60824,35.21223],[-119.60838,35.21229]]}},{"type":"Feature","properties":{"name":"5807","source":"Bureau of Land Management","source_detail":"BLM GTLF OBJECTID 159226","source_id":"{1E5C4753-F667-4812-A10E-C3BCEC7F4725}","road_class":"transportation_system_-_primitive_road","surface":"natural_improved","vehicle_class":"2wd_low","allowed_mode":"all_moto_veh","access_restriction":"not_listed","seasonal_restriction":"not_listed","route_plan_id":"5807","gis_miles":0.25310664},"geometry":{"type":"LineString","coordinates":[[-119.54531,35.26137],[-119.54527,35.26137],[-119.5452,35.26138],[-119.54512,35.26139],[-119.54504,35.2614],[-119.54496,35.2614],[-119.54489,35.26141],[-119.54481,35.26142],[-119.54474,35.26142],[-119.54467,35.26144],[-119.5446,35.26145],[-119.54454,35.26146],[-119.54448,35.26148],[-119.54441,35.26149],[-119.54435,35.26151],[-119.54429,35.26152],[-119.54424,35.26154],[-119.5442,35.26155],[-119.54418,35.26155],[-119.54412,35.26157],[-119.54406,35.26159],[-119.544,35.26161],[-119.54395,35.26162],[-119.54389,35.26164],[-119.54383,35.26166],[-119.54377,35.26167],[-119.5437,35.26168],[-119.54364,35.26169],[-119.54357,35.26171],[-119.54351,35.26171],[-119.54344,35.26172],[-119.54337,35.26174],[-119.54331,35.26175],[-119.54325,35.26176],[-119.54319,35.26177],[-119.54313,35.26179],[-119.54307,35.26181],[-119.543,35.26183],[-119.54294,35.26185],[-119.54288,35.26186],[-119.54282,35.26188],[-119.54276,35.26189],[-119.54269,35.26191],[-119.54262,35.26192],[-119.54256,35.26192],[-119.54249,35.26193],[-119.54242,35.26193],[-119.54235,35.26192],[-119.54228,35.26191],[-119.54221,35.2619],[-119.54214,35.2619],[-119.54207,35.26189],[-119.542,35.26188],[-119.54192,35.26188],[-119.54185,35.26188],[-119.54178,35.26189],[-119.54171,35.26189],[-119.54164,35.2619],[-119.54157,35.26191],[-119.5415,35.26192],[-119.54144,35.26193],[-119.54138,35.26194],[-119.54132,35.26195],[-119.54126,35.26196],[-119.54119,35.26197],[-119.54112,35.26198],[-119.54106,35.26198],[-119.54101,35.26199],[-119.54096,35.26199],[-119.54094,35.26199],[-119.54094,35.26199],[-119.54094,35.26199]]}},{"type":"Feature","properties":{"name":"4018","source":"Bureau of Land Management","source_detail":"BLM GTLF OBJECTID 159245","source_id":"{68B54605-62AA-4EB6-A5F5-BD619B1AB5C8}","road_class":"transportation_system_-_primitive_road","surface":"natural_improved","vehicle_class":"4wd_low","allowed_mode":"all_moto_veh","access_restriction":"unknown","seasonal_restriction":"not_listed","route_plan_id":"4018","gis_miles":0.27550101},"geometry":{"type":"LineString","coordinates":[[-119.59834,35.20806],[-119.59844,35.20808],[-119.59864,35.20812],[-119.59878,35.20813],[-119.59893,35.2081],[-119.599,35.20806],[-119.59907,35.20798],[-119.59919,35.20791],[-119.5994,35.20783],[-119.59953,35.20782],[-119.59964,35.20782],[-119.59978,35.2079],[-119.59993,35.20799],[-119.60004,35.20805],[-119.60014,35.20803],[-119.60025,35.20807],[-119.60031,35.20811],[-119.6004,35.20817],[-119.60056,35.20824],[-119.60067,35.20829],[-119.60078,35.20833],[-119.60107,35.20832],[-119.60126,35.20831],[-119.6016,35.20828],[-119.60201,35.20825],[-119.60218,35.20823],[-119.60245,35.20823],[-119.60265,35.20823],[-119.60278,35.20825],[-119.60287,35.20828]]}},{"type":"Feature","properties":{"name":"4225","source":"Bureau of Land Management","source_detail":"BLM GTLF OBJECTID 159262","source_id":"{8D70E16D-D6F9-407F-91DE-A3493BDEAFA9}","road_class":"transportation_system_-_primitive_road","surface":"natural_improved","vehicle_class":"2wd_low","allowed_mode":"all_moto_veh","access_restriction":"not_listed","seasonal_restriction":"not_listed","route_plan_id":"4225","gis_miles":0.1816533},"geometry":{"type":"LineString","coordinates":[[-119.61053,35.21652],[-119.61034,35.21633],[-119.61034,35.21618],[-119.61038,35.216],[-119.61041,35.21585],[-119.61041,35.21573],[-119.61041,35.21557],[-119.61041,35.21546],[-119.61043,35.2152],[-119.61044,35.21512],[-119.61045,35.21506],[-119.61061,35.21496],[-119.61068,35.21491],[-119.61078,35.21487],[-119.61098,35.21485],[-119.61104,35.21485],[-119.61105,35.21499],[-119.61108,35.21521],[-119.61112,35.21541]]}},{"type":"Feature","properties":{"name":"5921","source":"Bureau of Land Management","source_detail":"BLM GTLF OBJECTID 159271","source_id":"{95FE027A-FE42-4FB1-81C6-155F792D6B9B}","road_class":"transportation_system_-_primitive_road","surface":"natural_improved","vehicle_class":"4wd_low","allowed_mode":"all_moto_veh","access_restriction":"unknown","seasonal_restriction":"not_listed","route_plan_id":"5921","gis_miles":0.02717824},"geometry":{"type":"LineString","coordinates":[[-119.55411,35.21608],[-119.55412,35.21608],[-119.55414,35.21607],[-119.55415,35.21607],[-119.55417,35.21607],[-119.55419,35.21606],[-119.55421,35.21605],[-119.55423,35.21604],[-119.55424,35.21603],[-119.55425,35.21602],[-119.55427,35.216],[-119.55428,35.21599],[-119.5543,35.21597],[-119.55431,35.21596],[-119.55433,35.21595],[-119.55435,35.21594],[-119.55436,35.21593],[-119.55438,35.21593],[-119.5544,35.21592],[-119.55441,35.21591],[-119.55443,35.2159],[-119.55445,35.21589],[-119.55446,35.21588],[-119.55447,35.21586],[-119.55447,35.21585],[-119.55447,35.21585]]}},{"type":"Feature","properties":{"name":"6017","source":"Bureau of Land Management","source_detail":"BLM GTLF OBJECTID 159283","source_id":"{D38E3C8E-5A61-4FEC-AE1D-F440081AFCD1}","road_class":"transportation_system_-_primitive_road","surface":"natural_improved","vehicle_class":"4wd_low","allowed_mode":"all_moto_veh","access_restriction":"unknown","seasonal_restriction":"not_listed","route_plan_id":"6017","gis_miles":0.14772697},"geometry":{"type":"LineString","coordinates":[[-119.53432,35.21299],[-119.53431,35.21297],[-119.53431,35.21296],[-119.5343,35.21295],[-119.53429,35.21294],[-119.53428,35.21292],[-119.53428,35.21292],[-119.53427,35.21291],[-119.53426,35.21289],[-119.53425,35.21287],[-119.53424,35.21285],[-119.53423,35.21283],[-119.53422,35.21281],[-119.53421,35.2128],[-119.53418,35.21276],[-119.53418,35.21276],[-119.53418,35.21276],[-119.53417,35.21275],[-119.53416,35.21273],[-119.53415,35.21271],[-119.53414,35.21269],[-119.53413,35.21267],[-119.53413,35.21265],[-119.53413,35.21263],[-119.53413,35.21262],[-119.53414,35.2126],[-119.53416,35.21258],[-119.53418,35.21256],[-119.5342,35.21254],[-119.53422,35.21252],[-119.53425,35.2125],[-119.53426,35.21248],[-119.53428,35.21246],[-119.5343,35.21244],[-119.53432,35.21241],[-119.53435,35.21238],[-119.53438,35.21234],[-119.53441,35.21231],[-119.53444,35.21228],[-119.53446,35.21225],[-119.53449,35.21222],[-119.53452,35.21219],[-119.53456,35.21215],[-119.53459,35.21211],[-119.53462,35.21208],[-119.53466,35.21204],[-119.53469,35.21201],[-119.53473,35.21197],[-119.53476,35.21194],[-119.53479,35.21191],[-119.53482,35.21188],[-119.53485,35.21185],[-119.53488,35.21183],[-119.53492,35.2118],[-119.53495,35.21176],[-119.53498,35.21173],[-119.53501,35.21169],[-119.53504,35.21165],[-119.53506,35.21161],[-119.53507,35.21158],[-119.53509,35.21155],[-119.5351,35.21151],[-119.53512,35.21148],[-119.53513,35.21144],[-119.53514,35.2114],[-119.53516,35.21136],[-119.53517,35.21133],[-119.53518,35.2113],[-119.53518,35.21127],[-119.53519,35.21125],[-119.53519,35.21122],[-119.53519,35.2112],[-119.5352,35.21118],[-119.5352,35.21117],[-119.5352,35.21117],[-119.5352,35.21116],[-119.53519,35.21116]]}},{"type":"Feature","properties":{"name":"4247","source":"Bureau of Land Management","source_detail":"BLM GTLF OBJECTID 159296","source_id":"{532006C8-0868-45F9-9EDD-723160DEC392}","road_class":"transportation_system_-_primitive_road","surface":"natural_improved","vehicle_class":"2wd_low","allowed_mode":"all_moto_veh","access_restriction":"not_listed","seasonal_restriction":"not_listed","route_plan_id":"4247","gis_miles":0.01600794},"geometry":{"type":"LineString","coordinates":[[-119.61606,35.21644],[-119.61586,35.2166]]}},{"type":"Feature","properties":{"name":"6047","source":"Bureau of Land Management","source_detail":"BLM GTLF OBJECTID 159298","source_id":"{27D39221-C055-403E-A4C9-C7B3ED95D329}","road_class":"transportation_system_-_primitive_road","surface":"natural_improved","vehicle_class":"4wd_low","allowed_mode":"all_moto_veh","access_restriction":"unknown","seasonal_restriction":"not_listed","route_plan_id":"6047","gis_miles":0.05333135},"geometry":{"type":"LineString","coordinates":[[-119.60528,35.26609],[-119.60531,35.26618],[-119.60531,35.26621],[-119.60532,35.26625],[-119.60532,35.26628],[-119.60533,35.26632],[-119.60533,35.26635],[-119.60533,35.26639],[-119.60533,35.26642],[-119.60533,35.26646],[-119.60534,35.2665],[-119.60534,35.26654],[-119.60534,35.26654],[-119.60534,35.26658],[-119.60534,35.26663],[-119.60535,35.26667],[-119.60535,35.26671],[-119.60535,35.26676],[-119.60535,35.2668],[-119.60535,35.26685],[-119.60534,35.26686]]}},{"type":"Feature","properties":{"name":"5693","source":"Bureau of Land Management","source_detail":"BLM GTLF OBJECTID 159299","source_id":"{9363045E-21A4-4319-B9B9-EB43CB53C836}","road_class":"transportation_system_-_primitive_road","surface":"natural_improved","vehicle_class":"2wd_low","allowed_mode":"all_moto_veh","access_restriction":"not_listed","seasonal_restriction":"not_listed","route_plan_id":"5693","gis_miles":0.96455195},"geometry":{"type":"LineString","coordinates":[[-119.55426,35.23293],[-119.55418,35.23294],[-119.55403,35.23295],[-119.55388,35.23296],[-119.55373,35.23298],[-119.55358,35.233],[-119.55343,35.23301],[-119.55328,35.23303],[-119.55313,35.23305],[-119.55298,35.23306],[-119.55283,35.23308],[-119.55268,35.23309],[-119.55252,35.23311],[-119.55237,35.23312],[-119.55221,35.23313],[-119.55206,35.23315],[-119.5519,35.23318],[-119.55175,35.23322],[-119.55161,35.23327],[-119.55146,35.23331],[-119.55132,35.23337],[-119.55119,35.23344],[-119.55106,35.23351],[-119.55093,35.23357],[-119.5508,35.23363],[-119.55067,35.23368],[-119.55053,35.23373],[-119.5504,35.23378],[-119.55026,35.23383],[-119.55012,35.23387],[-119.54999,35.23391],[-119.54985,35.23394],[-119.54971,35.23397],[-119.54956,35.23399],[-119.54942,35.23401],[-119.54928,35.23403],[-119.54913,35.23406],[-119.549,35.2341],[-119.54886,35.23415],[-119.54873,35.2342],[-119.5486,35.23426],[-119.54851,35.23429],[-119.54848,35.23431],[-119.54835,35.23435],[-119.54822,35.23439],[-119.54809,35.23442],[-119.54795,35.23443],[-119.54781,35.23444],[-119.54767,35.23443],[-119.54753,35.2344],[-119.5474,35.23437],[-119.54727,35.23433],[-119.54715,35.23427],[-119.54703,35.23421],[-119.54692,35.23414],[-119.54681,35.23407],[-119.5467,35.234],[-119.54658,35.23393],[-119.54646,35.23387],[-119.54633,35.23382],[-119.5462,35.23377],[-119.54606,35.23373],[-119.54592,35.2337],[-119.54578,35.23367],[-119.54563,35.23365],[-119.54549,35.23364],[-119.54535,35.23363],[-119.5452,35.23364],[-119.54506,35.23365],[-119.54491,35.23366],[-119.54477,35.23366],[-119.54462,35.23365],[-119.54448,35.23363],[-119.54434,35.23361],[-119.5442,35.23359],[-119.54406,35.23357],[-119.54392,35.23357],[-119.54377,35.23357],[-119.54363,35.23358],[-119.54348,35.23359],[-119.54334,35.2336],[-119.54319,35.23361],[-119.54305,35.23362],[-119.5429,35.23362],[-119.54275,35.23361],[-119.54261,35.2336],[-119.54246,35.23358],[-119.5423,35.23357],[-119.54215,35.23356],[-119.542,35.23356],[-119.54185,35.23356],[-119.54172,35.23355],[-119.54158,35.23355],[-119.54144,35.23356],[-119.5413,35.23357],[-119.54116,35.23357],[-119.54101,35.23357],[-119.54087,35.23358],[-119.54072,35.23359],[-119.54057,35.2336],[-119.54043,35.23361],[-119.54029,35.23362],[-119.54017,35.23362],[-119.54006,35.23362],[-119.53995,35.23362],[-119.53986,35.23361],[-119.53979,35.23361],[-119.53973,35.2336],[-119.53971,35.23359],[-119.53958,35.23357],[-119.53955,35.23356],[-119.5395,35.23355],[-119.53943,35.23353],[-119.53936,35.23353],[-119.53927,35.23352],[-119.53917,35.23351],[-119.53907,35.2335],[-119.53895,35.2335],[-119.53884,35.23348],[-119.53872,35.23346],[-119.53861,35.23344],[-119.53851,35.2334],[-119.53842,35.23337],[-119.53833,35.23333],[-119.53826,35.2333],[-119.5382,35.23326],[-119.53814,35.23322],[-119.53813,35.23321],[-119.5381,35.23318],[-119.53806,35.23315],[-119.53802,35.23311],[-119.538,35.23309],[-119.53798,35.23307],[-119.53798,35.23306],[-119.53798,35.23306]]}},{"type":"Feature","properties":{"name":"5923","source":"Bureau of Land Management","source_detail":"BLM GTLF OBJECTID 159311","source_id":"{191D95B9-ABFC-4DD4-AB1B-FF24E8283FA6}","road_class":"transportation_system_-_primitive_road","surface":"natural_improved","vehicle_class":"4wd_low","allowed_mode":"all_moto_veh","access_restriction":"unknown","seasonal_restriction":"not_listed","route_plan_id":"5923","gis_miles":0.10963363},"geometry":{"type":"LineString","coordinates":[[-119.53487,35.20917],[-119.53488,35.20918],[-119.5349,35.2092],[-119.53493,35.20922],[-119.53495,35.20925],[-119.53497,35.20928],[-119.53499,35.20931],[-119.53501,35.20935],[-119.53502,35.20939],[-119.53503,35.20942],[-119.53503,35.20944],[-119.53503,35.20946],[-119.53504,35.20947],[-119.53504,35.20948],[-119.53504,35.20951],[-119.53504,35.20954],[-119.53504,35.20957],[-119.53503,35.20961],[-119.53502,35.20965],[-119.53502,35.20969],[-119.53501,35.20973],[-119.53501,35.20976],[-119.535,35.20978],[-119.535,35.2098],[-119.535,35.20982],[-119.535,35.20982],[-119.535,35.20983],[-119.53501,35.20984],[-119.53501,35.20984],[-119.53503,35.20985],[-119.53506,35.20986],[-119.5351,35.20986],[-119.53514,35.20986],[-119.53518,35.20986],[-119.53521,35.20985],[-119.53525,35.20985],[-119.5353,35.20985],[-119.53534,35.20986],[-119.53539,35.20986],[-119.53545,35.20987],[-119.5355,35.20988],[-119.53555,35.20988],[-119.5356,35.20989],[-119.53566,35.2099],[-119.53572,35.2099],[-119.53577,35.20991],[-119.53583,35.20991],[-119.53588,35.20992],[-119.53593,35.20992],[-119.53596,35.20992],[-119.53599,35.20992],[-119.53602,35.20993],[-119.53604,35.20993],[-119.53604,35.20993],[-119.53607,35.20993],[-119.53607,35.20993]]}},{"type":"Feature","properties":{"name":"5779","source":"Bureau of Land Management","source_detail":"BLM GTLF OBJECTID 159318","source_id":"{DD4D5BD9-C404-4C2A-AD76-9E54C0176463}","road_class":"transportation_system_-_primitive_road","surface":"natural_improved","vehicle_class":"2wd_low","allowed_mode":"all_moto_veh","access_restriction":"not_listed","seasonal_restriction":"not_listed","route_plan_id":"5779","gis_miles":0.02448603},"geometry":{"type":"LineString","coordinates":[[-119.55416,35.25307],[-119.55414,35.25311],[-119.55414,35.25313],[-119.5541,35.2532],[-119.55406,35.25326],[-119.55403,35.25331],[-119.55402,35.25336],[-119.55402,35.2534],[-119.55402,35.2534]]}},{"type":"Feature","properties":{"name":"6055","source":"Bureau of Land Management","source_detail":"BLM GTLF OBJECTID 159334","source_id":"{9BB6BCE5-7521-46BD-815A-6901AC710AF6}","road_class":"transportation_system_-_primitive_road","surface":"natural_improved","vehicle_class":"4wd_low","allowed_mode":"all_moto_veh","access_restriction":"unknown","seasonal_restriction":"not_listed","route_plan_id":"6055","gis_miles":0.04166327},"geometry":{"type":"LineString","coordinates":[[-119.55415,35.22036],[-119.55416,35.22036],[-119.55421,35.22036],[-119.55425,35.22036],[-119.5543,35.22036],[-119.55433,35.22036],[-119.55437,35.22036],[-119.5544,35.22036],[-119.55444,35.22035],[-119.55448,35.22035],[-119.55452,35.22035],[-119.55456,35.22035],[-119.5546,35.22035],[-119.55463,35.22035],[-119.55467,35.22035],[-119.5547,35.22035],[-119.55473,35.22035],[-119.55476,35.22035],[-119.55479,35.22035],[-119.55483,35.22036],[-119.55486,35.22036],[-119.55489,35.22037]]}},{"type":"Feature","properties":{"name":"5689","source":"Bureau of Land Management","source_detail":"BLM GTLF OBJECTID 159342","source_id":"{A0994AB5-15F6-4705-ACE8-275B510C7B1B}","road_class":"transportation_system_-_primitive_road","surface":"natural","vehicle_class":"4wd_low","allowed_mode":"all_moto_veh","access_restriction":"unknown","seasonal_restriction":"not_listed","route_plan_id":"5689","gis_miles":0.21038945},"geometry":{"type":"LineString","coordinates":[[-119.5569,35.2423],[-119.55688,35.24229],[-119.55687,35.24226],[-119.55686,35.24224],[-119.55684,35.24221],[-119.55683,35.24218],[-119.55681,35.24215],[-119.55678,35.2421],[-119.55674,35.24206],[-119.55669,35.24201],[-119.55662,35.24197],[-119.55655,35.24192],[-119.55647,35.24187],[-119.55639,35.24182],[-119.55631,35.24175],[-119.55623,35.24169],[-119.55615,35.24163],[-119.55606,35.24156],[-119.55598,35.2415],[-119.5559,35.24143],[-119.55582,35.24137],[-119.55575,35.2413],[-119.55567,35.24124],[-119.55559,35.24117],[-119.55552,35.2411],[-119.55543,35.24104],[-119.55534,35.24099],[-119.55526,35.24093],[-119.55519,35.24086],[-119.55511,35.2408],[-119.55504,35.24074],[-119.55497,35.24069],[-119.5549,35.24063],[-119.55483,35.24058],[-119.55477,35.24053],[-119.55475,35.24051],[-119.55471,35.24047],[-119.55464,35.24042],[-119.55457,35.24036],[-119.5545,35.24031],[-119.55443,35.24026],[-119.55436,35.2402],[-119.55429,35.24015],[-119.55429,35.24015]]}},{"type":"Feature","properties":{"name":"5677","source":"Bureau of Land Management","source_detail":"BLM GTLF OBJECTID 159364","source_id":"{E3318122-0D99-4CF0-859D-6DCB6279E0F3}","road_class":"transportation_system_-_primitive_road","surface":"natural_improved","vehicle_class":"4wd_low","allowed_mode":"all_moto_veh","access_restriction":"unknown","seasonal_restriction":"not_listed","route_plan_id":"5677","gis_miles":0.20276406},"geometry":{"type":"LineString","coordinates":[[-119.5331,35.24132],[-119.53313,35.24132],[-119.53314,35.24133],[-119.53314,35.24133],[-119.53314,35.24134],[-119.53314,35.24136],[-119.53313,35.24138],[-119.53311,35.24141],[-119.5331,35.24145],[-119.53309,35.24149],[-119.53307,35.24153],[-119.53305,35.24158],[-119.53303,35.24163],[-119.533,35.24167],[-119.53296,35.24171],[-119.53292,35.24175],[-119.53286,35.2418],[-119.5328,35.24184],[-119.53273,35.24187],[-119.53266,35.24191],[-119.53259,35.24194],[-119.53253,35.24197],[-119.53248,35.242],[-119.53246,35.24201],[-119.53242,35.24203],[-119.53236,35.24206],[-119.53231,35.24209],[-119.53226,35.24212],[-119.53221,35.24215],[-119.53217,35.24217],[-119.53212,35.2422],[-119.53207,35.24224],[-119.53202,35.24228],[-119.53197,35.24233],[-119.53191,35.24238],[-119.53185,35.24243],[-119.53179,35.24247],[-119.53172,35.2425],[-119.53166,35.24254],[-119.53159,35.24256],[-119.53152,35.24259],[-119.53145,35.24262],[-119.53139,35.24265],[-119.53132,35.24269],[-119.53126,35.24272],[-119.5312,35.24275],[-119.53114,35.24278],[-119.53108,35.24281],[-119.53101,35.24283],[-119.53095,35.24286],[-119.53088,35.2429],[-119.53081,35.24293],[-119.53074,35.24297],[-119.53068,35.24301],[-119.53062,35.24305],[-119.53057,35.24308],[-119.53053,35.24312],[-119.5305,35.24315]]}},{"type":"Feature","properties":{"name":"4061","source":"Bureau of Land Management","source_detail":"BLM GTLF OBJECTID 159380","source_id":"{88AC21B5-8C61-4705-8DD9-E1764A64734D}","road_class":"transportation_system_-_primitive_road","surface":"natural_improved","vehicle_class":"2wd_low","allowed_mode":"all_moto_veh","access_restriction":"not_listed","seasonal_restriction":"not_listed","route_plan_id":"4061","gis_miles":0.54399333},"geometry":{"type":"LineString","coordinates":[[-119.61466,35.2109],[-119.61459,35.21101],[-119.61444,35.21113],[-119.61431,35.21119],[-119.61418,35.2112],[-119.61404,35.21118],[-119.61382,35.21107],[-119.61356,35.21092],[-119.6134,35.21086],[-119.61312,35.2108],[-119.61279,35.21072],[-119.61254,35.21068],[-119.61244,35.21064],[-119.61234,35.2106],[-119.6122,35.21058],[-119.61202,35.21058],[-119.61148,35.21061],[-119.61117,35.21065],[-119.61098,35.21069],[-119.61079,35.21084],[-119.61072,35.21096],[-119.6106,35.21112],[-119.61044,35.21126],[-119.6103,35.2113],[-119.61013,35.2113],[-119.60998,35.21124],[-119.60992,35.21117],[-119.60968,35.21077],[-119.60967,35.21063],[-119.6098,35.21044],[-119.61001,35.21022],[-119.61032,35.21007],[-119.61051,35.20998],[-119.61068,35.20994],[-119.61073,35.20994],[-119.61102,35.20991],[-119.61109,35.20991],[-119.6112,35.20989],[-119.61132,35.20986],[-119.61149,35.20979],[-119.61171,35.20975],[-119.61182,35.20979],[-119.61182,35.20988],[-119.61172,35.20999],[-119.61147,35.21015],[-119.61133,35.21024],[-119.61131,35.21031]]}},{"type":"Feature","properties":{"name":"4255","source":"Bureau of Land Management","source_detail":"BLM GTLF OBJECTID 159425","source_id":"{05542041-7C92-45EA-876E-FD6722C3137F}","road_class":"transportation_system_-_primitive_road","surface":"natural_improved","vehicle_class":"2wd_low","allowed_mode":"all_moto_veh","access_restriction":"not_listed","seasonal_restriction":"not_listed","route_plan_id":"4255","gis_miles":0.08372433},"geometry":{"type":"LineString","coordinates":[[-119.61127,35.21351],[-119.61107,35.21364],[-119.61091,35.21374],[-119.61076,35.21371],[-119.61068,35.21363],[-119.61064,35.2135],[-119.61059,35.21338],[-119.61043,35.21326],[-119.61027,35.21314]]}},{"type":"Feature","properties":{"name":"4228","source":"Bureau of Land Management","source_detail":"BLM GTLF OBJECTID 159435","source_id":"{347C9620-6EAB-4917-84CE-F221F2298437}","road_class":"transportation_system_-_primitive_road","surface":"natural_improved","vehicle_class":"2wd_low","allowed_mode":"all_moto_veh","access_restriction":"not_listed","seasonal_restriction":"not_listed","route_plan_id":"4228","gis_miles":0.09624695},"geometry":{"type":"LineString","coordinates":[[-119.61038,35.216],[-119.60992,35.21602],[-119.60979,35.21604],[-119.60956,35.21604],[-119.60932,35.21603],[-119.60907,35.21602],[-119.60868,35.21602]]}},{"type":"Feature","properties":{"name":"6010","source":"Bureau of Land Management","source_detail":"BLM GTLF OBJECTID 159442","source_id":"{FD8B7779-2DEE-4D5A-8AB8-D802AF9F2303}","road_class":"transportation_system_-_primitive_road","surface":"natural_improved","vehicle_class":"4wd_low","allowed_mode":"all_moto_veh","access_restriction":"unknown","seasonal_restriction":"not_listed","route_plan_id":"6010","gis_miles":0.11438284},"geometry":{"type":"LineString","coordinates":[[-119.5352,35.21116],[-119.53524,35.21118],[-119.53527,35.21122],[-119.53531,35.21125],[-119.53534,35.2113],[-119.53537,35.21135],[-119.53538,35.2114],[-119.53539,35.21144],[-119.5354,35.21148],[-119.53541,35.2115],[-119.53542,35.21151],[-119.53543,35.21153],[-119.53545,35.21155],[-119.53548,35.21157],[-119.53552,35.21158],[-119.53556,35.2116],[-119.5356,35.21161],[-119.53564,35.21163],[-119.53569,35.21164],[-119.53574,35.21166],[-119.53579,35.21168],[-119.53583,35.2117],[-119.53587,35.21173],[-119.53591,35.21176],[-119.53594,35.21179],[-119.53596,35.21183],[-119.53598,35.21187],[-119.53599,35.2119],[-119.536,35.21193],[-119.536,35.21196],[-119.53601,35.212],[-119.53602,35.21204],[-119.53603,35.21209],[-119.53604,35.21213],[-119.53606,35.21217],[-119.53607,35.2122],[-119.53609,35.21224],[-119.53611,35.21227],[-119.53614,35.21231],[-119.53616,35.21234],[-119.53619,35.21237],[-119.53622,35.2124],[-119.53625,35.21243],[-119.53628,35.21244]]}},{"type":"Feature","properties":{"name":"4053","source":"Bureau of Land Management","source_detail":"BLM GTLF OBJECTID 159462","source_id":"{32446F24-F6A1-4236-ACF1-164DC0C99215}","road_class":"transportation_system_-_primitive_road","surface":"natural_improved","vehicle_class":"2wd_low","allowed_mode":"all_moto_veh","access_restriction":"not_listed","seasonal_restriction":"not_listed","route_plan_id":"4053","gis_miles":0.11921673},"geometry":{"type":"LineString","coordinates":[[-119.59337,35.20212],[-119.59327,35.20231],[-119.59308,35.20243],[-119.59294,35.20259],[-119.59282,35.20271],[-119.59267,35.20281],[-119.59247,35.20291],[-119.59227,35.20299],[-119.59208,35.20304],[-119.59175,35.20311]]}},{"type":"Feature","properties":{"name":"4043","source":"Bureau of Land Management","source_detail":"BLM GTLF OBJECTID 159471","source_id":"{128814BD-F21B-4C46-9EF1-F98D9FF722D2}","road_class":"transportation_system_-_primitive_road","surface":"natural_improved","vehicle_class":"2wd_low","allowed_mode":"all_moto_veh","access_restriction":"not_listed","seasonal_restriction":"not_listed","route_plan_id":"4043","gis_miles":0.38597309},"geometry":{"type":"LineString","coordinates":[[-119.59504,35.20336],[-119.59485,35.2035],[-119.59468,35.20366],[-119.59455,35.20377],[-119.59441,35.20389],[-119.59425,35.20402],[-119.59397,35.20426],[-119.59374,35.20443],[-119.59362,35.20452],[-119.59353,35.20461],[-119.59339,35.20471],[-119.59334,35.20475],[-119.59317,35.20488],[-119.59276,35.20513],[-119.59261,35.20522],[-119.59249,35.2053],[-119.59233,35.2054],[-119.59229,35.20542],[-119.59216,35.20549],[-119.59201,35.20557],[-119.59193,35.20562],[-119.59179,35.20568],[-119.59166,35.20574],[-119.59157,35.20579],[-119.59137,35.20591],[-119.5912,35.20601],[-119.59097,35.20612],[-119.59089,35.20616],[-119.59055,35.20631],[-119.59018,35.20647],[-119.58983,35.20625],[-119.58977,35.20612]]}},{"type":"Feature","properties":{"name":"4070","source":"Bureau of Land Management","source_detail":"BLM GTLF OBJECTID 159479","source_id":"{47A11373-8962-4338-ADD7-FA97DC47841C}","road_class":"transportation_system_-_primitive_road","surface":"natural_improved","vehicle_class":"2wd_low","allowed_mode":"all_moto_veh","access_restriction":"not_listed","seasonal_restriction":"not_listed","route_plan_id":"4070","gis_miles":0.16408534},"geometry":{"type":"LineString","coordinates":[[-119.60888,35.21013],[-119.60895,35.21028],[-119.60912,35.21079],[-119.60924,35.21106],[-119.60941,35.21127],[-119.60964,35.21145],[-119.6098,35.21156],[-119.60985,35.21163],[-119.60991,35.21182],[-119.60995,35.21208],[-119.60993,35.21226]]}},{"type":"Feature","properties":{"name":"5507","source":"Bureau of Land Management","source_detail":"BLM GTLF OBJECTID 159480","source_id":"{56D9271B-AA18-4AB1-BBC8-3160AFF4CDAB}","road_class":"transportation_system_-_primitive_road","surface":"natural_improved","vehicle_class":"4wd_low","allowed_mode":"all_moto_veh","access_restriction":"unknown","seasonal_restriction":"not_listed","route_plan_id":"5507","gis_miles":0.15080092},"geometry":{"type":"LineString","coordinates":[[-119.60034,35.25312],[-119.60032,35.2531],[-119.60029,35.25306],[-119.60025,35.25301],[-119.60021,35.25296],[-119.60018,35.25292],[-119.60014,35.25287],[-119.60011,35.25283],[-119.60008,35.25279],[-119.60006,35.25275],[-119.60003,35.25272],[-119.60001,35.25268],[-119.6,35.25265],[-119.59999,35.25262],[-119.59998,35.25259],[-119.59997,35.25257],[-119.59997,35.25257],[-119.59997,35.25255],[-119.59996,35.25254],[-119.59995,35.25252],[-119.59994,35.2525],[-119.59992,35.25248],[-119.59991,35.25247],[-119.5999,35.25246],[-119.59989,35.25245],[-119.59988,35.25245],[-119.59988,35.25244],[-119.59986,35.25242],[-119.59985,35.2524],[-119.59984,35.25238],[-119.59982,35.25236],[-119.5998,35.25233],[-119.59978,35.2523],[-119.59975,35.25226],[-119.59971,35.25221],[-119.59967,35.25217],[-119.59964,35.25214],[-119.59961,35.2521],[-119.59958,35.25207],[-119.59956,35.25204],[-119.59953,35.25201],[-119.59951,35.25198],[-119.59949,35.25196],[-119.59947,35.25193],[-119.59945,35.25191],[-119.59942,35.25189],[-119.5994,35.25187],[-119.59938,35.25184],[-119.59936,35.25182],[-119.59935,35.25179],[-119.59933,35.25177],[-119.59931,35.25174],[-119.5993,35.25171],[-119.59928,35.25168],[-119.59926,35.25166],[-119.59924,35.25163],[-119.59922,35.25161],[-119.59921,35.25159],[-119.5992,35.25157],[-119.59919,35.25156],[-119.59916,35.25153],[-119.59914,35.25151],[-119.59912,35.25147],[-119.59909,35.25142],[-119.59905,35.25137],[-119.59901,35.25131],[-119.59896,35.25126]]}},{"type":"Feature","properties":{"name":"54","source":"Bureau of Land Management","source_detail":"BLM GTLF OBJECTID 159502","source_id":"{087F74CF-46F5-4B7B-A4AB-02E367B18F6B}","road_class":"transportation_system_-_primitive_road","surface":"natural","vehicle_class":"4wd_low","allowed_mode":"all_moto_veh","access_restriction":"unknown","seasonal_restriction":"not_listed","route_plan_id":"54","gis_miles":0.45215138},"geometry":{"type":"LineString","coordinates":[[-119.60478,35.29961],[-119.60422,35.29936],[-119.6041,35.29931],[-119.60308,35.29886],[-119.60157,35.29811],[-119.60006,35.29742],[-119.59914,35.297],[-119.59779,35.29642]]}},{"type":"Feature","properties":{"name":"5315","source":"Bureau of Land Management","source_detail":"BLM GTLF OBJECTID 159524","source_id":"{58FE23A3-403D-48FA-8F19-91CC1D038BAE}","road_class":"transportation_system_-_primitive_road","surface":"natural_improved","vehicle_class":"2wd_low","allowed_mode":"all_moto_veh","access_restriction":"not_listed","seasonal_restriction":"not_listed","route_plan_id":"5315","gis_miles":0.02968145},"geometry":{"type":"LineString","coordinates":[[-119.61059,35.2387],[-119.61058,35.23869],[-119.61056,35.23869],[-119.61053,35.23868],[-119.61049,35.23868],[-119.61046,35.23868],[-119.61043,35.23868],[-119.61039,35.23868],[-119.61035,35.23868],[-119.61031,35.23869],[-119.61027,35.23869],[-119.61022,35.23869],[-119.61018,35.2387],[-119.61014,35.23871],[-119.6101,35.23873],[-119.6101,35.23875]]}},{"type":"Feature","properties":{"name":"4035","source":"Bureau of Land Management","source_detail":"BLM GTLF OBJECTID 159535","source_id":"{2F9CB50E-C4A7-468D-8C00-E689393D1CDB}","road_class":"transportation_system_-_primitive_road","surface":"natural_improved","vehicle_class":"4wd_low","allowed_mode":"all_moto_veh","access_restriction":"unknown","seasonal_restriction":"not_listed","route_plan_id":"4035","gis_miles":0.04244927},"geometry":{"type":"LineString","coordinates":[[-119.59866,35.20555],[-119.59873,35.20543],[-119.59889,35.20538],[-119.59907,35.20536],[-119.59918,35.20544],[-119.59923,35.2055]]}},{"type":"Feature","properties":{"name":"4253","source":"Bureau of Land Management","source_detail":"BLM GTLF OBJECTID 159559","source_id":"{912FB553-D604-4655-864D-E95B5028A88B}","road_class":"transportation_system_-_primitive_road","surface":"natural_improved","vehicle_class":"2wd_low","allowed_mode":"all_moto_veh","access_restriction":"not_listed","seasonal_restriction":"not_listed","route_plan_id":"4253","gis_miles":0.22577996},"geometry":{"type":"LineString","coordinates":[[-119.61351,35.21387],[-119.61335,35.21375],[-119.6132,35.21364],[-119.61313,35.21352],[-119.61308,35.21346],[-119.61322,35.21334],[-119.61338,35.21318],[-119.61361,35.21297],[-119.61387,35.21267],[-119.61359,35.21256],[-119.61338,35.21243],[-119.6132,35.21239],[-119.61287,35.21239],[-119.61264,35.21239],[-119.61251,35.21235],[-119.61245,35.21228],[-119.6123,35.21216],[-119.61224,35.21207],[-119.61223,35.21193]]}},{"type":"Feature","properties":{"name":"4013","source":"Bureau of Land Management","source_detail":"BLM GTLF OBJECTID 159568","source_id":"{65391CA6-AC27-4CB8-AF65-9006891E1D32}","road_class":"transportation_system_-_primitive_road","surface":"natural_improved","vehicle_class":"4wd_low","allowed_mode":"all_moto_veh","access_restriction":"unknown","seasonal_restriction":"not_listed","route_plan_id":"4013","gis_miles":0.22413564},"geometry":{"type":"LineString","coordinates":[[-119.60692,35.20817],[-119.60686,35.20817],[-119.60677,35.20819],[-119.60664,35.20821],[-119.60609,35.20827],[-119.60564,35.20832],[-119.60521,35.20836],[-119.60483,35.2084],[-119.6047,35.20842],[-119.60454,35.20847],[-119.60443,35.20849],[-119.60438,35.20862],[-119.60436,35.20877],[-119.6043,35.2089],[-119.6042,35.20893],[-119.60409,35.20893],[-119.60391,35.20887],[-119.60374,35.2088],[-119.60366,35.20877],[-119.60359,35.20877],[-119.60343,35.20881]]}},{"type":"Feature","properties":{"name":"5473","source":"Bureau of Land Management","source_detail":"BLM GTLF OBJECTID 159569","source_id":"{496EAD8B-A888-4B12-A812-7AF06A1CC2EF}","road_class":"transportation_system_-_primitive_road","surface":"natural_improved","vehicle_class":"4wd_high_clearance_specialized","allowed_mode":"tech_veh_shared","access_restriction":"unknown","seasonal_restriction":"not_listed","route_plan_id":"T1200A","gis_miles":0.36727905},"geometry":{"type":"LineString","coordinates":[[-119.59329,35.17653],[-119.59331,35.17656],[-119.59332,35.17658],[-119.59332,35.17661],[-119.59332,35.17663],[-119.59332,35.17665],[-119.59333,35.17668],[-119.59334,35.1767],[-119.59336,35.17672],[-119.59338,35.17675],[-119.59341,35.17678],[-119.59345,35.17681],[-119.59348,35.17684],[-119.59352,35.17687],[-119.59356,35.1769],[-119.5936,35.17693],[-119.59364,35.17695],[-119.59368,35.17698],[-119.59373,35.17699],[-119.59378,35.17699],[-119.59382,35.177],[-119.59387,35.17701],[-119.59392,35.17702],[-119.59397,35.17702],[-119.59402,35.17702],[-119.59407,35.17703],[-119.59412,35.17703],[-119.59417,35.17703],[-119.59422,35.17703],[-119.59427,35.17703],[-119.59431,35.17702],[-119.59436,35.17701],[-119.5944,35.177],[-119.59445,35.17702],[-119.59448,35.17705],[-119.59452,35.17709],[-119.59455,35.17712],[-119.59459,35.17716],[-119.59463,35.17719],[-119.59467,35.17722],[-119.59469,35.17726],[-119.5947,35.1773],[-119.5947,35.17734],[-119.5947,35.17739],[-119.59468,35.17744],[-119.59467,35.17749],[-119.59466,35.17754],[-119.59465,35.17759],[-119.59466,35.17764],[-119.59466,35.1777],[-119.59467,35.17775],[-119.59467,35.17781],[-119.59468,35.17786],[-119.59469,35.17791],[-119.5947,35.17796],[-119.59472,35.178],[-119.59476,35.17803],[-119.59481,35.17804],[-119.59486,35.17804],[-119.59492,35.17803],[-119.59498,35.17801],[-119.59503,35.17798],[-119.59508,35.17796],[-119.59513,35.17794],[-119.59519,35.17791],[-119.59524,35.17789],[-119.59529,35.17786],[-119.59534,35.17783],[-119.5954,35.17781],[-119.59546,35.17779],[-119.59552,35.17777],[-119.59557,35.17776],[-119.59563,35.17776],[-119.5957,35.17777],[-119.59576,35.17777],[-119.59582,35.17779],[-119.59586,35.17783],[-119.59591,35.17787],[-119.59595,35.1779],[-119.59599,35.17794],[-119.59603,35.17798],[-119.59607,35.17803],[-119.5961,35.17808],[-119.59613,35.17813],[-119.59616,35.17817],[-119.59618,35.17822],[-119.5962,35.17826],[-119.59621,35.17831],[-119.59622,35.17835],[-119.59624,35.17838],[-119.59626,35.17843],[-119.59628,35.17848],[-119.5963,35.17852],[-119.59632,35.17857],[-119.59633,35.17861],[-119.59636,35.17865],[-119.59637,35.17868],[-119.59639,35.17872],[-119.59642,35.17875],[-119.59645,35.17879],[-119.59647,35.17882],[-119.5965,35.17886],[-119.59653,35.17889],[-119.59656,35.17894],[-119.59659,35.17898],[-119.5966,35.17902],[-119.59661,35.17907],[-119.59662,35.17912],[-119.59662,35.17917],[-119.59662,35.17922],[-119.59662,35.17927],[-119.59662,35.17933],[-119.59662,35.17938],[-119.59663,35.17943],[-119.59663,35.17949],[-119.59662,35.17954],[-119.59663,35.17959],[-119.59663,35.17963],[-119.59665,35.17965],[-119.59667,35.17965],[-119.59668,35.17965]]}},{"type":"Feature","properties":{"name":"5386","source":"Bureau of Land Management","source_detail":"BLM GTLF OBJECTID 159571","source_id":"{4B6657F0-81CD-4050-A6BD-22C01F5C6B52}","road_class":"transportation_system_-_primitive_road","surface":"natural_improved","vehicle_class":"4wd_low","allowed_mode":"all_moto_veh","access_restriction":"unknown","seasonal_restriction":"not_listed","route_plan_id":"5386","gis_miles":0.25669775},"geometry":{"type":"LineString","coordinates":[[-119.56662,35.20013],[-119.56661,35.20012],[-119.56657,35.20012],[-119.56651,35.20011],[-119.56646,35.20011],[-119.56639,35.20011],[-119.56633,35.20011],[-119.56626,35.20012],[-119.56619,35.20013],[-119.56614,35.20014],[-119.56608,35.20014],[-119.56604,35.20015],[-119.56599,35.20016],[-119.56594,35.20016],[-119.56588,35.20017],[-119.56582,35.20019],[-119.56576,35.2002],[-119.5657,35.20021],[-119.56563,35.20022],[-119.56556,35.20023],[-119.56549,35.20024],[-119.56542,35.20024],[-119.56535,35.20025],[-119.56529,35.20026],[-119.56523,35.20026],[-119.56517,35.20026],[-119.56513,35.20027],[-119.56508,35.20027],[-119.56503,35.20027],[-119.56498,35.20027],[-119.56493,35.20027],[-119.5649,35.20027],[-119.56486,35.20028],[-119.56483,35.20029],[-119.56479,35.20032],[-119.56476,35.20036],[-119.56474,35.2004],[-119.56472,35.20043],[-119.56469,35.20046],[-119.56467,35.20049],[-119.56464,35.20052],[-119.56461,35.20055],[-119.56458,35.20058],[-119.56456,35.2006],[-119.56453,35.20063],[-119.56451,35.20065],[-119.56448,35.20067],[-119.56445,35.2007],[-119.56443,35.20072],[-119.5644,35.20075],[-119.56438,35.20077],[-119.56435,35.20079],[-119.56432,35.20082],[-119.56429,35.20085],[-119.56426,35.20088],[-119.56423,35.2009],[-119.56422,35.20092],[-119.56421,35.20093],[-119.5642,35.20094],[-119.56419,35.20094],[-119.56419,35.20095],[-119.56418,35.20096],[-119.56416,35.20098],[-119.56413,35.201],[-119.5641,35.20103],[-119.56407,35.20105],[-119.56404,35.20108],[-119.564,35.20111],[-119.56396,35.20114],[-119.56392,35.20117],[-119.56388,35.2012],[-119.56383,35.20124],[-119.56379,35.20127],[-119.56374,35.2013],[-119.56369,35.20134],[-119.56365,35.20137],[-119.5636,35.2014],[-119.56355,35.20144],[-119.56351,35.20148],[-119.56346,35.20151],[-119.56341,35.20154],[-119.56337,35.20158],[-119.56332,35.20161],[-119.56328,35.20164],[-119.56324,35.20166],[-119.56321,35.20169],[-119.56318,35.20171],[-119.56315,35.20172],[-119.56313,35.20173],[-119.56313,35.20173],[-119.56311,35.20174],[-119.56309,35.20175],[-119.56307,35.20176],[-119.56305,35.20177],[-119.56303,35.20177],[-119.563,35.20177],[-119.56296,35.20177],[-119.56292,35.20177],[-119.56289,35.20176],[-119.56288,35.20176]]}},{"type":"Feature","properties":{"name":"5721","source":"Bureau of Land Management","source_detail":"BLM GTLF OBJECTID 159582","source_id":"{FFA14687-5B36-40AE-9FFE-E5741E4CE726}","road_class":"transportation_system_-_primitive_road","surface":"natural_improved","vehicle_class":"4wd_low","allowed_mode":"all_moto_veh","access_restriction":"unknown","seasonal_restriction":"not_listed","route_plan_id":"5721","gis_miles":0.13734697},"geometry":{"type":"LineString","coordinates":[[-119.53623,35.21776],[-119.53621,35.21775],[-119.53608,35.21774],[-119.53596,35.21774],[-119.53584,35.21774],[-119.53573,35.21774],[-119.53561,35.21774],[-119.5355,35.21775],[-119.53539,35.21776],[-119.53528,35.21777],[-119.53517,35.21779],[-119.53505,35.2178],[-119.53493,35.21782],[-119.5348,35.21784],[-119.53467,35.21786],[-119.53455,35.21788],[-119.53443,35.2179],[-119.53431,35.21793],[-119.5342,35.21794],[-119.5341,35.21795],[-119.534,35.21797],[-119.53383,35.21797]]}},{"type":"Feature","properties":{"name":"4249","source":"Bureau of Land Management","source_detail":"BLM GTLF OBJECTID 159598","source_id":"{E9F1088F-A1D5-4B10-932C-5F0F8E01E83F}","road_class":"transportation_system_-_primitive_road","surface":"natural_improved","vehicle_class":"2wd_low","allowed_mode":"all_moto_veh","access_restriction":"not_listed","seasonal_restriction":"not_listed","route_plan_id":"4249","gis_miles":0.09669526},"geometry":{"type":"LineString","coordinates":[[-119.61351,35.21387],[-119.61368,35.21378],[-119.61385,35.21362],[-119.614,35.21347],[-119.61412,35.2134],[-119.61423,35.21336],[-119.61449,35.21334],[-119.61464,35.21338],[-119.61485,35.21343],[-119.61496,35.21342]]}},{"type":"Feature","properties":{"name":"4238","source":"Bureau of Land Management","source_detail":"BLM GTLF OBJECTID 159621","source_id":"{15649192-453B-4724-9201-AB571C49021F}","road_class":"transportation_system_-_primitive_road","surface":"natural_improved","vehicle_class":"2wd_low","allowed_mode":"all_moto_veh","access_restriction":"not_listed","seasonal_restriction":"not_listed","route_plan_id":"4238","gis_miles":0.34478464},"geometry":{"type":"LineString","coordinates":[[-119.61348,35.21409],[-119.61364,35.21431],[-119.6139,35.21443],[-119.61414,35.21451],[-119.61454,35.21459],[-119.61482,35.2146],[-119.61508,35.21462],[-119.61524,35.21463],[-119.61531,35.21469],[-119.61536,35.21475],[-119.61538,35.2148],[-119.61539,35.21484],[-119.61538,35.21492],[-119.61535,35.215],[-119.6152,35.21521],[-119.61498,35.21558],[-119.61484,35.21574],[-119.6147,35.21591],[-119.61467,35.21601],[-119.61464,35.21615],[-119.61458,35.21632],[-119.61456,35.21641],[-119.61459,35.21654],[-119.61451,35.2166],[-119.61439,35.21662],[-119.61421,35.21658],[-119.61408,35.21643],[-119.61409,35.21627],[-119.61419,35.21619],[-119.61438,35.21606],[-119.61445,35.21582]]}},{"type":"Feature","properties":{"name":"4233","source":"Bureau of Land Management","source_detail":"BLM GTLF OBJECTID 159644","source_id":"{134F809F-98AF-41F5-AF50-2736003C4105}","road_class":"transportation_system_-_primitive_road","surface":"natural_improved","vehicle_class":"2wd_low","allowed_mode":"all_moto_veh","access_restriction":"not_listed","seasonal_restriction":"not_listed","route_plan_id":"4233","gis_miles":0.14497874},"geometry":{"type":"LineString","coordinates":[[-119.61177,35.21525],[-119.6119,35.21529],[-119.61225,35.21531],[-119.61252,35.21537],[-119.6126,35.21544],[-119.61271,35.21558],[-119.61278,35.21572],[-119.61275,35.21604],[-119.61274,35.2162],[-119.61271,35.21635],[-119.61268,35.21648],[-119.6126,35.21661],[-119.61253,35.2167],[-119.6125,35.21673]]}},{"type":"Feature","properties":{"name":"5978","source":"Bureau of Land Management","source_detail":"BLM GTLF OBJECTID 159646","source_id":"{18CBA9B5-97A5-4957-86F5-40E9DB09E850}","road_class":"transportation_system_-_primitive_road","surface":"natural_improved","vehicle_class":"4wd_low","allowed_mode":"all_moto_veh","access_restriction":"unknown","seasonal_restriction":"not_listed","route_plan_id":"5978","gis_miles":0.8123512},"geometry":{"type":"LineString","coordinates":[[-119.52221,35.19075],[-119.52221,35.19073],[-119.52222,35.19069],[-119.52224,35.19065],[-119.52225,35.1906],[-119.52227,35.19055],[-119.52229,35.1905],[-119.5223,35.19045],[-119.52231,35.1904],[-119.52232,35.19036],[-119.52233,35.19033],[-119.52233,35.19031],[-119.52235,35.1903],[-119.52238,35.19028],[-119.52241,35.19028],[-119.52245,35.19028],[-119.52248,35.19027],[-119.52252,35.19027],[-119.52255,35.19027],[-119.52259,35.19027],[-119.52264,35.19027],[-119.52269,35.19027],[-119.52274,35.19027],[-119.5228,35.19027],[-119.52286,35.19028],[-119.52292,35.19028],[-119.52298,35.19028],[-119.52303,35.19028],[-119.52309,35.19028],[-119.52316,35.19028],[-119.52323,35.19028],[-119.5233,35.19028],[-119.52338,35.19028],[-119.52345,35.19028],[-119.52352,35.19028],[-119.52359,35.19028],[-119.52366,35.19027],[-119.52372,35.19027],[-119.52378,35.19028],[-119.52383,35.19028],[-119.52388,35.19028],[-119.52394,35.19027],[-119.52399,35.19027],[-119.52405,35.19027],[-119.52411,35.19027],[-119.52415,35.19028],[-119.52416,35.19028],[-119.5242,35.19028],[-119.52423,35.19028],[-119.52425,35.19028],[-119.52425,35.19028],[-119.52425,35.19028],[-119.52425,35.19028],[-119.52425,35.19028],[-119.52425,35.19028],[-119.52425,35.19028],[-119.52426,35.19028],[-119.52429,35.19028],[-119.52432,35.19028],[-119.52437,35.19028],[-119.52443,35.19027],[-119.52449,35.19027],[-119.52455,35.19027],[-119.52461,35.19027],[-119.52467,35.19026],[-119.52473,35.19026],[-119.52478,35.19026],[-119.52484,35.19026],[-119.5249,35.19026],[-119.52496,35.19025],[-119.52503,35.19025],[-119.52509,35.19024],[-119.52515,35.19023],[-119.5252,35.19023],[-119.52524,35.19023],[-119.52528,35.19023],[-119.52532,35.19023],[-119.52533,35.19023],[-119.52538,35.19023],[-119.52543,35.19024],[-119.52549,35.19024],[-119.52555,35.19024],[-119.52562,35.19025],[-119.52569,35.19025],[-119.52575,35.19025],[-119.52581,35.19026],[-119.52587,35.19026],[-119.52593,35.19026],[-119.52598,35.19026],[-119.52604,35.19027],[-119.52611,35.19027],[-119.52617,35.19027],[-119.52625,35.19027],[-119.52632,35.19028],[-119.52639,35.19028],[-119.52647,35.19028],[-119.52655,35.19027],[-119.52663,35.19027],[-119.52671,35.19027],[-119.52679,35.19027],[-119.52686,35.19027],[-119.52694,35.19027],[-119.52701,35.19027],[-119.52708,35.19027],[-119.52715,35.19027],[-119.52721,35.19027],[-119.52728,35.19027],[-119.52734,35.19027],[-119.52741,35.19026],[-119.52747,35.19025],[-119.52754,35.19025],[-119.5276,35.19024],[-119.52767,35.19024],[-119.52774,35.19023],[-119.52781,35.19023],[-119.52788,35.19022],[-119.52795,35.19022],[-119.52801,35.19022],[-119.52808,35.19021],[-119.52814,35.19021],[-119.52821,35.19021],[-119.52827,35.19021],[-119.52833,35.19022],[-119.52839,35.19022],[-119.52845,35.19022],[-119.5285,35.19022],[-119.52856,35.19022],[-119.52861,35.19022],[-119.52866,35.19022],[-119.52872,35.19022],[-119.52878,35.19022],[-119.52884,35.19023],[-119.52889,35.19023],[-119.52894,35.19023],[-119.52896,35.19023],[-119.52898,35.19023],[-119.52901,35.19023],[-119.52905,35.19023],[-119.52909,35.19023],[-119.52914,35.19023],[-119.5292,35.19023],[-119.52925,35.19023],[-119.52931,35.19023],[-119.52936,35.19023],[-119.52941,35.19023],[-119.52944,35.19023],[-119.52946,35.19023],[-119.52946,35.19023],[-119.52949,35.19022],[-119.52952,35.19022],[-119.52956,35.19022],[-119.52961,35.19022],[-119.52967,35.19022],[-119.52973,35.19022],[-119.5298,35.19022],[-119.52987,35.19022],[-119.52994,35.19022],[-119.53002,35.19022],[-119.53009,35.19022],[-119.53017,35.19022],[-119.53025,35.19021],[-119.53032,35.19021],[-119.5304,35.19021],[-119.53047,35.19021],[-119.53054,35.19021],[-119.53061,35.19021],[-119.53067,35.19021],[-119.53073,35.19021],[-119.5308,35.19021],[-119.53086,35.1902],[-119.53092,35.1902],[-119.53099,35.19021],[-119.53106,35.19021],[-119.53112,35.19022],[-119.5312,35.19022],[-119.53127,35.19022],[-119.53134,35.19022],[-119.53142,35.19023],[-119.5315,35.19023],[-119.53157,35.19023],[-119.53165,35.19023],[-119.53173,35.19023],[-119.5318,35.19023],[-119.53188,35.19023],[-119.53195,35.19023],[-119.53202,35.19024],[-119.53209,35.19024],[-119.53215,35.19024],[-119.53222,35.19024],[-119.53228,35.19024],[-119.53232,35.19024],[-119.53235,35.19024],[-119.53236,35.19024],[-119.53236,35.19024],[-119.53237,35.19024],[-119.53237,35.19024],[-119.5324,35.19024],[-119.53242,35.19024],[-119.53246,35.19023],[-119.5325,35.19023],[-119.53254,35.19023],[-119.53259,35.19023],[-119.53264,35.19023],[-119.53269,35.19023],[-119.53274,35.19023],[-119.5328,35.19023],[-119.53286,35.19023],[-119.53292,35.19023],[-119.53297,35.19023],[-119.53303,35.19023],[-119.53308,35.19022],[-119.53314,35.19022],[-119.5332,35.19022],[-119.53326,35.19022],[-119.53332,35.19022],[-119.53338,35.19022],[-119.53344,35.19021],[-119.53351,35.19022],[-119.53357,35.19022],[-119.53364,35.19022],[-119.5337,35.19022],[-119.53377,35.19022],[-119.53383,35.19022],[-119.5339,35.19022],[-119.53397,35.19022],[-119.53403,35.19022],[-119.53409,35.19022],[-119.53416,35.19022],[-119.53422,35.19022],[-119.53428,35.19022],[-119.53434,35.19022],[-119.5344,35.19023],[-119.53446,35.19023],[-119.53452,35.19023],[-119.53459,35.19023],[-119.53465,35.19023],[-119.53472,35.19023],[-119.53479,35.19023],[-119.53486,35.19024],[-119.53493,35.19025],[-119.535,35.19026],[-119.53507,35.19027],[-119.53513,35.19028],[-119.53519,35.19028],[-119.53525,35.19028],[-119.5353,35.19028],[-119.53535,35.19029],[-119.5354,35.19029],[-119.53546,35.19029],[-119.53552,35.1903],[-119.53557,35.1903],[-119.53564,35.1903],[-119.5357,35.1903],[-119.53576,35.1903],[-119.53582,35.1903],[-119.53588,35.1903],[-119.53594,35.1903],[-119.53599,35.1903],[-119.53604,35.1903],[-119.53606,35.1903],[-119.53608,35.1903],[-119.53611,35.1903],[-119.53612,35.1903]]}},{"type":"Feature","properties":{"name":"6048","source":"Bureau of Land Management","source_detail":"BLM GTLF OBJECTID 159664","source_id":"{150A097A-4314-4DFA-868C-51CD1900AD92}","road_class":"transportation_system_-_primitive_road","surface":"natural_improved","vehicle_class":"4wd_low","allowed_mode":"all_moto_veh","access_restriction":"unknown","seasonal_restriction":"not_listed","route_plan_id":"6048","gis_miles":0.00530039},"geometry":{"type":"LineString","coordinates":[[-119.60585,35.26592],[-119.60586,35.26591],[-119.60585,35.26589],[-119.60583,35.26588],[-119.60582,35.26587],[-119.6058,35.26587]]}},{"type":"Feature","properties":{"name":"4220","source":"Bureau of Land Management","source_detail":"BLM GTLF OBJECTID 159666","source_id":"{0A53A703-9699-4710-A17A-16145990821D}","road_class":"transportation_system_-_primitive_road","surface":"natural_improved","vehicle_class":"2wd_low","allowed_mode":"all_moto_veh","access_restriction":"not_listed","seasonal_restriction":"not_listed","route_plan_id":"4220","gis_miles":0.05241898},"geometry":{"type":"LineString","coordinates":[[-119.60902,35.213],[-119.60904,35.21316],[-119.60904,35.21326],[-119.6091,35.21334],[-119.60919,35.21344],[-119.60922,35.21356],[-119.60924,35.21372]]}},{"type":"Feature","properties":{"name":"4031","source":"Bureau of Land Management","source_detail":"BLM GTLF OBJECTID 159694","source_id":"{78C108A4-5369-4703-8C8D-9F40FA365D2C}","road_class":"transportation_system_-_primitive_road","surface":"natural_improved","vehicle_class":"4wd_low","allowed_mode":"all_moto_veh","access_restriction":"unknown","seasonal_restriction":"not_listed","route_plan_id":"4031","gis_miles":0.22364589},"geometry":{"type":"LineString","coordinates":[[-119.60273,35.20463],[-119.60287,35.20448],[-119.60292,35.2044],[-119.60292,35.20432],[-119.60279,35.2042],[-119.60251,35.20413],[-119.60236,35.20405],[-119.6022,35.20394],[-119.60199,35.20381],[-119.60182,35.20373],[-119.60169,35.20368],[-119.60148,35.20355],[-119.60142,35.20373],[-119.60131,35.20397],[-119.60123,35.20418],[-119.60122,35.20445],[-119.6012,35.20462],[-119.60117,35.20479],[-119.60108,35.20494]]}},{"type":"Feature","properties":{"name":"5922","source":"Bureau of Land Management","source_detail":"BLM GTLF OBJECTID 159715","source_id":"{35ACE3E3-CE73-4011-A4A5-5DFE597A8F9C}","road_class":"transportation_system_-_primitive_road","surface":"natural_improved","vehicle_class":"4wd_low","allowed_mode":"all_moto_veh","access_restriction":"unknown","seasonal_restriction":"not_listed","route_plan_id":"5922","gis_miles":0.5062628},"geometry":{"type":"LineString","coordinates":[[-119.53628,35.21527],[-119.53625,35.21527],[-119.53618,35.21526],[-119.53612,35.21525],[-119.53605,35.21525],[-119.53598,35.21524],[-119.53591,35.21523],[-119.53585,35.21522],[-119.53578,35.21522],[-119.53571,35.21522],[-119.53564,35.21522],[-119.53558,35.21522],[-119.53551,35.21522],[-119.53545,35.21522],[-119.5354,35.21522],[-119.53537,35.21522],[-119.53534,35.21522],[-119.53533,35.21522],[-119.53532,35.21522],[-119.53531,35.21522],[-119.53531,35.21522],[-119.53529,35.21522],[-119.53525,35.21522],[-119.53521,35.21522],[-119.53517,35.21522],[-119.53512,35.21522],[-119.53508,35.21523],[-119.53503,35.21523],[-119.53498,35.21523],[-119.53493,35.21523],[-119.53489,35.21523],[-119.53484,35.21523],[-119.53479,35.21523],[-119.53474,35.21523],[-119.53468,35.21523],[-119.53463,35.21523],[-119.53463,35.21523],[-119.53457,35.21523],[-119.53451,35.21523],[-119.53445,35.21523],[-119.53439,35.21524],[-119.53433,35.21523],[-119.53426,35.21523],[-119.53421,35.21524],[-119.53418,35.21524],[-119.53414,35.21524],[-119.5341,35.21524],[-119.53407,35.21524],[-119.53403,35.21524],[-119.53399,35.21524],[-119.53394,35.21524],[-119.53389,35.21524],[-119.53384,35.21524],[-119.53379,35.21524],[-119.53375,35.21524],[-119.5337,35.21524],[-119.53366,35.21524],[-119.53362,35.21524],[-119.53359,35.21524],[-119.53355,35.21524],[-119.53351,35.21524],[-119.53346,35.21524],[-119.53342,35.21523],[-119.53337,35.21523],[-119.53332,35.21523],[-119.53326,35.21523],[-119.53321,35.21523],[-119.53316,35.21523],[-119.53311,35.21522],[-119.53279,35.21522],[-119.53264,35.21508],[-119.53259,35.21506],[-119.53255,35.21504],[-119.53251,35.21502],[-119.53247,35.21499],[-119.53243,35.21497],[-119.53239,35.21494],[-119.53235,35.21492],[-119.5323,35.21489],[-119.53225,35.21486],[-119.5322,35.21483],[-119.53216,35.2148],[-119.53211,35.21477],[-119.53206,35.21474],[-119.53202,35.21471],[-119.53197,35.21468],[-119.53193,35.21466],[-119.53189,35.21463],[-119.53184,35.2146],[-119.5318,35.21457],[-119.53176,35.21454],[-119.53172,35.21452],[-119.53168,35.21449],[-119.53164,35.21447],[-119.53161,35.21444],[-119.53158,35.21441],[-119.53154,35.21438],[-119.53151,35.21435],[-119.53149,35.21433],[-119.53147,35.21431],[-119.53146,35.2143],[-119.53145,35.21429],[-119.53144,35.21429],[-119.53143,35.21428],[-119.53142,35.21426],[-119.53142,35.21426],[-119.5314,35.21424],[-119.53139,35.21422],[-119.53138,35.2142],[-119.53136,35.21417],[-119.53134,35.21414],[-119.53132,35.21411],[-119.5313,35.21407],[-119.53127,35.21403],[-119.53123,35.21399],[-119.53119,35.21395],[-119.53115,35.21391],[-119.53111,35.21387],[-119.53111,35.21387],[-119.53107,35.21383],[-119.53103,35.2138],[-119.53099,35.21376],[-119.53095,35.21372],[-119.53091,35.21368],[-119.53088,35.21365],[-119.53084,35.21361],[-119.5308,35.21357],[-119.53076,35.21353],[-119.53072,35.21349],[-119.53067,35.21345],[-119.53062,35.2134],[-119.53057,35.21335],[-119.53052,35.21331],[-119.53047,35.21326],[-119.53042,35.21322],[-119.53037,35.21317],[-119.53032,35.21313],[-119.53028,35.21309],[-119.53024,35.21305],[-119.5302,35.21302],[-119.53017,35.21298],[-119.53015,35.21297],[-119.53013,35.21296],[-119.53009,35.21293],[-119.53006,35.2129],[-119.53003,35.21288],[-119.53001,35.21286],[-119.52998,35.21283],[-119.52998,35.21283],[-119.52995,35.21281],[-119.52992,35.21278],[-119.52989,35.21275],[-119.52986,35.21273],[-119.52984,35.21271],[-119.52983,35.21269],[-119.52983,35.21269],[-119.52982,35.21268],[-119.52981,35.21268],[-119.52981,35.21267],[-119.5298,35.21266],[-119.52978,35.21264],[-119.52977,35.21262],[-119.52976,35.2126],[-119.52975,35.21258],[-119.52974,35.21256],[-119.52973,35.21253],[-119.52973,35.2125],[-119.52974,35.21247],[-119.52974,35.21243],[-119.52976,35.21239],[-119.52977,35.21235],[-119.52979,35.2123],[-119.52981,35.21225],[-119.52983,35.21219],[-119.52985,35.21213],[-119.52987,35.21208],[-119.52988,35.21203],[-119.5299,35.21198],[-119.52991,35.21194],[-119.52991,35.2119],[-119.52991,35.21187],[-119.52991,35.21185],[-119.52991,35.21183],[-119.52991,35.21182],[-119.52991,35.21181],[-119.52991,35.21178]]}},{"type":"Feature","properties":{"name":"5919","source":"Bureau of Land Management","source_detail":"BLM GTLF OBJECTID 159724","source_id":"{7FC41BF6-404F-497E-8F3E-C08EE5FF3855}","road_class":"transportation_system_-_primitive_road","surface":"natural_improved","vehicle_class":"4wd_low","allowed_mode":"all_moto_veh","access_restriction":"unknown","seasonal_restriction":"not_listed","route_plan_id":"5919","gis_miles":0.2196926},"geometry":{"type":"LineString","coordinates":[[-119.55408,35.21248],[-119.55409,35.21251],[-119.5541,35.21256],[-119.5541,35.21261],[-119.55411,35.21266],[-119.55412,35.21271],[-119.55412,35.21276],[-119.55412,35.21281],[-119.55413,35.21287],[-119.55413,35.21292],[-119.55412,35.21298],[-119.55412,35.21303],[-119.55412,35.21309],[-119.55412,35.21315],[-119.55412,35.2132],[-119.55412,35.21326],[-119.55412,35.21332],[-119.55412,35.21338],[-119.55412,35.21345],[-119.55412,35.21351],[-119.55412,35.21357],[-119.55412,35.21363],[-119.55412,35.2137],[-119.55412,35.21376],[-119.55413,35.21382],[-119.55413,35.21388],[-119.55413,35.21394],[-119.55413,35.214],[-119.55414,35.21407],[-119.55414,35.21413],[-119.55414,35.21419],[-119.55414,35.21426],[-119.55414,35.21432],[-119.55414,35.21438],[-119.55413,35.21444],[-119.55413,35.2145],[-119.55413,35.21456],[-119.55413,35.21462],[-119.55413,35.21468],[-119.55413,35.2147],[-119.55413,35.21474],[-119.55413,35.2148],[-119.55413,35.21486],[-119.55413,35.21491],[-119.55413,35.21497],[-119.55413,35.21503],[-119.55413,35.21509],[-119.55413,35.21516],[-119.55413,35.21522],[-119.55413,35.21528],[-119.55413,35.21534],[-119.55413,35.2154],[-119.55413,35.21546],[-119.55414,35.21551],[-119.55414,35.21555],[-119.55414,35.21559],[-119.55413,35.21561],[-119.55413,35.21564],[-119.55413,35.21565],[-119.55413,35.21566],[-119.55413,35.21566]]}},{"type":"Feature","properties":{"name":"5775","source":"Bureau of Land Management","source_detail":"BLM GTLF OBJECTID 159740","source_id":"{3308346E-B863-4AE3-A0B3-A42510C37D37}","road_class":"transportation_system_-_primitive_road","surface":"natural_improved","vehicle_class":"4wd_low","allowed_mode":"all_moto_veh","access_restriction":"unknown","seasonal_restriction":"not_listed","route_plan_id":"5775","gis_miles":0.83151586},"geometry":{"type":"LineString","coordinates":[[-119.54088,35.25854],[-119.54089,35.25853],[-119.54097,35.2585],[-119.54105,35.25848],[-119.54112,35.25845],[-119.5412,35.25842],[-119.54127,35.25839],[-119.54135,35.25836],[-119.54143,35.25833],[-119.54151,35.25829],[-119.5416,35.25826],[-119.54168,35.25823],[-119.54174,35.25821],[-119.54177,35.25819],[-119.54178,35.25819],[-119.5418,35.25818],[-119.54181,35.25818],[-119.54185,35.25817],[-119.54189,35.25816],[-119.54194,35.25814],[-119.54199,35.25812],[-119.54205,35.2581],[-119.54211,35.25808],[-119.54218,35.25806],[-119.54225,35.25803],[-119.54232,35.258],[-119.5424,35.25797],[-119.54248,35.25793],[-119.54256,35.2579],[-119.54264,35.25787],[-119.54272,35.25784],[-119.5428,35.25781],[-119.54287,35.25778],[-119.54295,35.25775],[-119.54303,35.25772],[-119.54311,35.25769],[-119.54319,35.25766],[-119.54327,35.25763],[-119.54335,35.25759],[-119.54343,35.25756],[-119.54351,35.25753],[-119.54359,35.2575],[-119.54367,35.25747],[-119.54374,35.25744],[-119.54383,35.25741],[-119.54391,35.25738],[-119.54399,35.25735],[-119.54408,35.25731],[-119.54417,35.25728],[-119.54425,35.25724],[-119.54434,35.25721],[-119.54443,35.25717],[-119.54452,35.25713],[-119.54461,35.25709],[-119.54471,35.25705],[-119.5448,35.25702],[-119.54489,35.25699],[-119.54497,35.25696],[-119.54505,35.25694],[-119.54513,35.25691],[-119.54522,35.25688],[-119.5453,35.25684],[-119.54539,35.25681],[-119.54548,35.25677],[-119.54556,35.25673],[-119.54564,35.25669],[-119.54572,35.25666],[-119.5458,35.25663],[-119.54587,35.2566],[-119.54593,35.25657],[-119.54598,35.25655],[-119.54605,35.25652],[-119.54612,35.25649],[-119.5462,35.25646],[-119.54629,35.25643],[-119.54637,35.2564],[-119.54645,35.25636],[-119.54653,35.25633],[-119.5466,35.2563],[-119.54668,35.25628],[-119.54675,35.25625],[-119.54682,35.25623],[-119.54689,35.2562],[-119.54696,35.25618],[-119.54703,35.25615],[-119.54711,35.25611],[-119.54719,35.25608],[-119.54727,35.25605],[-119.54735,35.25601],[-119.54743,35.25598],[-119.5475,35.25596],[-119.54757,35.25593],[-119.54763,35.25591],[-119.54769,35.25589],[-119.54775,35.25587],[-119.5478,35.25585],[-119.54787,35.25583],[-119.54793,35.25582],[-119.54799,35.25581],[-119.54805,35.2558],[-119.54814,35.25577],[-119.54814,35.25577],[-119.54821,35.25575],[-119.54825,35.25573],[-119.5483,35.25571],[-119.54835,35.25569],[-119.54841,35.25567],[-119.54848,35.25564],[-119.54855,35.25561],[-119.54863,35.25558],[-119.5487,35.25554],[-119.54878,35.25551],[-119.54885,35.25548],[-119.54891,35.25545],[-119.54898,35.25542],[-119.54905,35.25539],[-119.54912,35.25536],[-119.54919,35.25533],[-119.54926,35.25531],[-119.54933,35.25528],[-119.5494,35.25525],[-119.54945,35.25523],[-119.54951,35.25521],[-119.54956,35.25519],[-119.54961,35.25517],[-119.54966,35.25515],[-119.54972,35.25513],[-119.54979,35.2551],[-119.54986,35.25507],[-119.54992,35.25504],[-119.54999,35.25501],[-119.55005,35.25499],[-119.55011,35.25496],[-119.55017,35.25493],[-119.55024,35.2549],[-119.55031,35.25487],[-119.55038,35.25484],[-119.55045,35.2548],[-119.55052,35.25477],[-119.55059,35.25474],[-119.55065,35.25472],[-119.55073,35.25469],[-119.55081,35.25466],[-119.55088,35.25463],[-119.55096,35.2546],[-119.55104,35.25458],[-119.55111,35.25455],[-119.55119,35.25453],[-119.55125,35.2545],[-119.55132,35.25447],[-119.55137,35.25445],[-119.55142,35.25442],[-119.55147,35.25439],[-119.55153,35.25436],[-119.55158,35.25432],[-119.55165,35.25429],[-119.55172,35.25425],[-119.5518,35.25423],[-119.55187,35.2542],[-119.55194,35.25417],[-119.552,35.25415],[-119.55206,35.25412],[-119.55212,35.2541],[-119.55219,35.25408],[-119.55228,35.25406],[-119.55235,35.25402],[-119.55242,35.25399],[-119.55246,35.25396],[-119.55251,35.25394],[-119.55256,35.25392],[-119.55262,35.2539],[-119.55268,35.25389],[-119.55274,35.25387],[-119.5528,35.25386],[-119.55286,35.25383],[-119.55292,35.25381],[-119.55298,35.25378],[-119.55305,35.25375],[-119.55313,35.25372],[-119.55321,35.25369],[-119.55329,35.25366],[-119.55338,35.25364],[-119.55345,35.25361],[-119.55353,35.25358],[-119.55361,35.25355],[-119.55368,35.25353],[-119.55375,35.25351],[-119.55382,35.25349],[-119.55389,35.25348],[-119.55395,35.25347],[-119.554,35.25346],[-119.55404,35.25345],[-119.55404,35.25345],[-119.55406,35.25344],[-119.55407,35.25344],[-119.55407,35.25344],[-119.5541,35.25343],[-119.55413,35.25342],[-119.55414,35.25341],[-119.55416,35.25341]]}},{"type":"Feature","properties":{"name":"4171","source":"Bureau of Land Management","source_detail":"BLM GTLF OBJECTID 159762","source_id":"{1616223E-A464-462C-984C-44522099BABF}","road_class":"transportation_system_-_primitive_road","surface":"natural_improved","vehicle_class":"4wd_low","allowed_mode":"all_moto_veh","access_restriction":"unknown","seasonal_restriction":"not_listed","route_plan_id":"4171","gis_miles":0.11525325},"geometry":{"type":"LineString","coordinates":[[-119.56542,35.21664],[-119.56556,35.21658],[-119.56579,35.21657],[-119.56658,35.21657],[-119.56664,35.21657],[-119.56671,35.21657],[-119.56677,35.21669],[-119.56696,35.2168],[-119.56712,35.21698],[-119.56719,35.21701]]}},{"type":"Feature","properties":{"name":"4181","source":"Bureau of Land Management","source_detail":"BLM GTLF OBJECTID 159774","source_id":"{8368081E-8994-4C01-AFAB-E0756812DD5F}","road_class":"transportation_system_-_primitive_road","surface":"natural","vehicle_class":"4wd_low","allowed_mode":"all_moto_veh","access_restriction":"unknown","seasonal_restriction":"not_listed","route_plan_id":"4181","gis_miles":0.14630927},"geometry":{"type":"LineString","coordinates":[[-119.57861,35.2093],[-119.57842,35.20943],[-119.57821,35.21024],[-119.57818,35.21038],[-119.57811,35.21066],[-119.57802,35.21104],[-119.57788,35.21128]]}},{"type":"Feature","properties":{"name":"5314","source":"Bureau of Land Management","source_detail":"BLM GTLF OBJECTID 159779","source_id":"{0B50D24C-5E99-42C7-A0DE-5E01EEF711E3}","road_class":"transportation_system_-_primitive_road","surface":"natural_improved","vehicle_class":"2wd_low","allowed_mode":"all_moto_veh","access_restriction":"not_listed","seasonal_restriction":"not_listed","route_plan_id":"5314","gis_miles":0.28519716},"geometry":{"type":"LineString","coordinates":[[-119.60887,35.23852],[-119.60888,35.23852],[-119.60893,35.23853],[-119.60897,35.23855],[-119.60902,35.23857],[-119.60907,35.2386],[-119.60912,35.23864],[-119.60916,35.23867],[-119.6092,35.2387],[-119.60924,35.23873],[-119.60928,35.23875],[-119.60931,35.23877],[-119.60936,35.2388],[-119.6094,35.23882],[-119.60944,35.23884],[-119.60949,35.23886],[-119.60954,35.23888],[-119.60959,35.23889],[-119.60965,35.23889],[-119.60971,35.23889],[-119.60976,35.23887],[-119.60981,35.23886],[-119.60987,35.23884],[-119.60992,35.23882],[-119.60997,35.2388],[-119.61002,35.23878],[-119.61007,35.23876],[-119.6101,35.23875],[-119.61009,35.23876],[-119.6101,35.23879],[-119.61011,35.23883],[-119.61013,35.23886],[-119.61014,35.2389],[-119.61016,35.23894],[-119.61018,35.23897],[-119.6102,35.23901],[-119.61021,35.23906],[-119.61023,35.2391],[-119.61024,35.23914],[-119.61025,35.23919],[-119.61026,35.23923],[-119.61027,35.23927],[-119.61028,35.23931],[-119.61029,35.23935],[-119.61029,35.23939],[-119.6103,35.23941],[-119.6103,35.23944],[-119.61029,35.23947],[-119.61028,35.23949],[-119.61027,35.23951],[-119.61025,35.23954],[-119.61022,35.23956],[-119.61019,35.23959],[-119.61015,35.23962],[-119.6101,35.23966],[-119.61005,35.23968],[-119.61,35.23971],[-119.60995,35.23973],[-119.6099,35.23975],[-119.60985,35.23977],[-119.6098,35.23978],[-119.60975,35.23978],[-119.60969,35.23977],[-119.60963,35.23976],[-119.60956,35.23975],[-119.6095,35.23975],[-119.60944,35.23973],[-119.60939,35.23971],[-119.60935,35.23968],[-119.60932,35.23964],[-119.60932,35.2396],[-119.60933,35.23956],[-119.60934,35.23952],[-119.60935,35.23947],[-119.60935,35.23943],[-119.60935,35.23938],[-119.60934,35.23933],[-119.60933,35.23927],[-119.60931,35.23922],[-119.60928,35.23917],[-119.60924,35.23913],[-119.60921,35.23908],[-119.60917,35.23904],[-119.60913,35.23899],[-119.60909,35.23895],[-119.60905,35.23892],[-119.60901,35.23888],[-119.60897,35.23885],[-119.60893,35.23881],[-119.60889,35.23878],[-119.60886,35.23874],[-119.60885,35.2387],[-119.60884,35.23867],[-119.60883,35.23864],[-119.60882,35.23861],[-119.60882,35.23858],[-119.60883,35.23855],[-119.60885,35.23853],[-119.60887,35.23852]]}},{"type":"Feature","properties":{"name":"782","source":"Bureau of Land Management","source_detail":"BLM GTLF OBJECTID 159783","source_id":"{2167B49B-9DC3-4A12-9862-7A386BB4B797}","road_class":"transportation_system_-_primitive_road","surface":"natural_improved","vehicle_class":"4wd_low","allowed_mode":"all_moto_veh","access_restriction":"unknown","seasonal_restriction":"not_listed","route_plan_id":"782","gis_miles":0.45231521},"geometry":{"type":"LineString","coordinates":[[-119.57205,35.28174],[-119.57212,35.28174],[-119.57219,35.28174],[-119.57225,35.28175],[-119.57232,35.28175],[-119.57239,35.28175],[-119.57245,35.28175],[-119.57252,35.28176],[-119.57258,35.28176],[-119.57264,35.28176],[-119.57269,35.28176],[-119.57273,35.28176],[-119.57276,35.28176],[-119.57279,35.28176],[-119.5728,35.28176],[-119.57283,35.28175],[-119.57286,35.28175],[-119.57289,35.28175],[-119.57292,35.28175],[-119.57294,35.28175],[-119.57297,35.28175],[-119.573,35.28175],[-119.57304,35.28174],[-119.57308,35.28174],[-119.57312,35.28174],[-119.57316,35.28174],[-119.5732,35.28174],[-119.57323,35.28174],[-119.57326,35.28174],[-119.5733,35.28174],[-119.57334,35.28174],[-119.57339,35.28174],[-119.57345,35.28174],[-119.5735,35.28174],[-119.57355,35.28175],[-119.5736,35.28175],[-119.57365,35.28175],[-119.57369,35.28175],[-119.57374,35.28175],[-119.57378,35.28175],[-119.57383,35.28174],[-119.57387,35.28174],[-119.5739,35.28173],[-119.57393,35.28173],[-119.57396,35.28173],[-119.57398,35.28173],[-119.57401,35.28173],[-119.57403,35.28173],[-119.57404,35.28173],[-119.57406,35.28173],[-119.57408,35.28173],[-119.57411,35.28173],[-119.57414,35.28173],[-119.57419,35.28173],[-119.57425,35.28173],[-119.57431,35.28172],[-119.57439,35.28172],[-119.57446,35.28171],[-119.57454,35.28171],[-119.57462,35.2817],[-119.5747,35.28169],[-119.57477,35.28167],[-119.57485,35.28165],[-119.57492,35.28163],[-119.57499,35.28161],[-119.57506,35.2816],[-119.57512,35.28158],[-119.57519,35.28157],[-119.57525,35.28156],[-119.5753,35.28156],[-119.57534,35.28156],[-119.57536,35.28156],[-119.57536,35.28156],[-119.57538,35.28156],[-119.57542,35.28156],[-119.57542,35.28156],[-119.57542,35.28156],[-119.57547,35.28156],[-119.57552,35.28157],[-119.57558,35.28158],[-119.57565,35.2816],[-119.57572,35.28161],[-119.57579,35.28163],[-119.57585,35.28164],[-119.57592,35.28165],[-119.57599,35.28166],[-119.57605,35.28167],[-119.57612,35.28168],[-119.57619,35.28169],[-119.57626,35.28169],[-119.57632,35.2817],[-119.57637,35.2817],[-119.57639,35.2817],[-119.57642,35.2817],[-119.57647,35.28171],[-119.57652,35.28171],[-119.57658,35.28171],[-119.57663,35.28171],[-119.5767,35.28171],[-119.57676,35.28171],[-119.57682,35.28171],[-119.57689,35.28171],[-119.57695,35.28171],[-119.57702,35.28171],[-119.57707,35.28171],[-119.57713,35.28171],[-119.57718,35.28171],[-119.57723,35.28171],[-119.57729,35.28172],[-119.57735,35.28172],[-119.57741,35.28172],[-119.57747,35.28172],[-119.57753,35.28171],[-119.57759,35.28171],[-119.57765,35.28171],[-119.57771,35.28171],[-119.57777,35.28171],[-119.57782,35.28171],[-119.57788,35.28171],[-119.57793,35.28171],[-119.57797,35.28171],[-119.57802,35.28171],[-119.57806,35.28171],[-119.57811,35.28171],[-119.57815,35.28171],[-119.57819,35.28171],[-119.57823,35.28171],[-119.57828,35.28171],[-119.57833,35.28171],[-119.57838,35.28172],[-119.57843,35.28172],[-119.57849,35.28172],[-119.57855,35.28172],[-119.5786,35.28172],[-119.57866,35.28172],[-119.57871,35.28172],[-119.57875,35.28172],[-119.57879,35.28172],[-119.57883,35.28172],[-119.57886,35.28172],[-119.57889,35.28172],[-119.57891,35.28172],[-119.57893,35.28172],[-119.57896,35.28172],[-119.57898,35.28172],[-119.579,35.28172],[-119.57902,35.28172],[-119.57904,35.28172],[-119.57907,35.28172],[-119.57909,35.28172],[-119.57911,35.28172],[-119.57914,35.28173],[-119.57918,35.28173],[-119.57922,35.28173],[-119.57926,35.28172],[-119.5793,35.28172],[-119.57935,35.28172],[-119.5794,35.28172],[-119.57945,35.28171],[-119.57949,35.28171],[-119.57953,35.28171],[-119.57956,35.28172],[-119.5796,35.28172],[-119.57964,35.28172],[-119.57968,35.28172],[-119.57972,35.28172],[-119.57977,35.28173],[-119.57981,35.28173],[-119.57985,35.28174],[-119.57989,35.28175],[-119.57993,35.28175],[-119.57996,35.28176],[-119.57998,35.28177],[-119.57999,35.28177],[-119.58,35.28177],[-119.58001,35.28178]]}},{"type":"Feature","properties":{"name":"5409","source":"Bureau of Land Management","source_detail":"BLM GTLF OBJECTID 159795","source_id":"{101FF149-DC7D-45DD-B042-0D0804F60FC0}","road_class":"transportation_system_-_primitive_road","surface":"natural_improved","vehicle_class":"4wd_low","allowed_mode":"all_moto_veh","access_restriction":"unknown","seasonal_restriction":"not_listed","route_plan_id":"T4","gis_miles":0.07744529},"geometry":{"type":"LineString","coordinates":[[-119.67564,35.21435],[-119.67563,35.21433],[-119.67561,35.21429],[-119.67558,35.21423],[-119.67554,35.21416],[-119.6755,35.21409],[-119.67545,35.21401],[-119.67541,35.21395],[-119.67538,35.2139],[-119.67536,35.21386],[-119.67534,35.21383],[-119.67534,35.2138],[-119.67535,35.21378],[-119.67536,35.21375],[-119.67538,35.21373],[-119.6754,35.21371],[-119.67543,35.21369],[-119.67545,35.21368],[-119.67548,35.21366],[-119.67552,35.21364],[-119.67554,35.21362],[-119.67557,35.21359],[-119.6756,35.21356],[-119.67562,35.21354],[-119.67564,35.21351],[-119.67566,35.21348],[-119.67568,35.21344],[-119.67569,35.21341],[-119.6757,35.21339]]}},{"type":"Feature","properties":{"name":"654","source":"Bureau of Land Management","source_detail":"BLM GTLF OBJECTID 159796","source_id":"{66177F9D-04D4-4527-867C-F620EE38EE3A}","road_class":"transportation_system_-_primitive_road","surface":"natural_improved","vehicle_class":"4wd_low","allowed_mode":"all_moto_veh","access_restriction":"unknown","seasonal_restriction":"not_listed","route_plan_id":"654","gis_miles":0.16669721},"geometry":{"type":"LineString","coordinates":[[-119.63092,35.3337],[-119.63062,35.33362],[-119.63039,35.3336],[-119.63029,35.33359],[-119.63012,35.3336],[-119.62997,35.33368],[-119.62985,35.33378],[-119.62985,35.33385],[-119.62988,35.33393],[-119.63,35.33406],[-119.63032,35.33407],[-119.63057,35.33407],[-119.63081,35.3341],[-119.63101,35.33392],[-119.63098,35.33375],[-119.63092,35.3337]]}},{"type":"Feature","properties":{"name":"5397","source":"Bureau of Land Management","source_detail":"BLM GTLF OBJECTID 159837","source_id":"{69F796AB-EF8F-4B8A-B10A-0ED55EA8E6C1}","road_class":"transportation_system_-_primitive_road","surface":"natural_improved","vehicle_class":"4wd_low","allowed_mode":"all_moto_veh","access_restriction":"unknown","seasonal_restriction":"not_listed","route_plan_id":"5397","gis_miles":0.33300098},"geometry":{"type":"LineString","coordinates":[[-119.56815,35.19736],[-119.56815,35.19736],[-119.56819,35.19738],[-119.56823,35.1974],[-119.56826,35.19742],[-119.5683,35.19745],[-119.56834,35.19747],[-119.56838,35.1975],[-119.56841,35.19753],[-119.56845,35.19756],[-119.56849,35.19759],[-119.56853,35.19762],[-119.56857,35.19765],[-119.56861,35.19768],[-119.56866,35.19772],[-119.5687,35.19775],[-119.56875,35.19778],[-119.56879,35.19782],[-119.56883,35.19786],[-119.56888,35.19789],[-119.56893,35.19793],[-119.56897,35.19797],[-119.56902,35.198],[-119.56908,35.19802],[-119.56914,35.19804],[-119.5692,35.19806],[-119.56926,35.19806],[-119.56932,35.19806],[-119.56938,35.19805],[-119.56943,35.19804],[-119.56949,35.19802],[-119.56954,35.198],[-119.56959,35.19797],[-119.56963,35.19794],[-119.56966,35.1979],[-119.56968,35.19785],[-119.56968,35.1978],[-119.56967,35.19775],[-119.56966,35.1977],[-119.56964,35.19765],[-119.56963,35.1976],[-119.56962,35.19755],[-119.56961,35.19749],[-119.56961,35.19744],[-119.56961,35.19739],[-119.56961,35.19733],[-119.56961,35.19728],[-119.56961,35.19723],[-119.56962,35.19718],[-119.56962,35.19713],[-119.56963,35.19709],[-119.56963,35.19705],[-119.56964,35.19702],[-119.56964,35.19699],[-119.56964,35.19699],[-119.56965,35.19695],[-119.56967,35.19691],[-119.56969,35.19687],[-119.56971,35.19683],[-119.56973,35.19679],[-119.56975,35.19675],[-119.56977,35.19671],[-119.56978,35.19667],[-119.56978,35.19666],[-119.56978,35.19663],[-119.56978,35.1966],[-119.56978,35.19656],[-119.56979,35.19652],[-119.56979,35.19649],[-119.56979,35.19645],[-119.56979,35.19641],[-119.5698,35.19638],[-119.56981,35.19633],[-119.56981,35.19629],[-119.56982,35.19625],[-119.56983,35.19621],[-119.56985,35.19617],[-119.56987,35.19613],[-119.5699,35.1961],[-119.56993,35.19606],[-119.56993,35.19606],[-119.56996,35.19603],[-119.56999,35.196],[-119.57003,35.19597],[-119.57006,35.19594],[-119.57009,35.19591],[-119.57012,35.19588],[-119.57014,35.19585],[-119.57015,35.19581],[-119.57016,35.19578],[-119.57018,35.19576],[-119.57019,35.19574],[-119.57022,35.19572],[-119.57026,35.19571],[-119.5703,35.1957],[-119.57034,35.19571],[-119.57038,35.19571],[-119.57043,35.19571],[-119.57047,35.1957],[-119.57051,35.19568],[-119.57056,35.19566],[-119.5706,35.19564],[-119.57064,35.19562],[-119.57068,35.1956],[-119.57071,35.19557],[-119.57075,35.19554],[-119.57078,35.19551],[-119.57082,35.19548],[-119.57085,35.19544],[-119.57088,35.1954],[-119.57091,35.19536],[-119.57093,35.19532],[-119.57095,35.19528],[-119.57098,35.19525],[-119.571,35.19522],[-119.57101,35.19519],[-119.57101,35.19517],[-119.57101,35.19515],[-119.571,35.19514],[-119.571,35.19514]]}},{"type":"Feature","properties":{"name":"5456","source":"Bureau of Land Management","source_detail":"BLM GTLF OBJECTID 159854","source_id":"{A4982E0D-9142-4450-A501-5E394B3C6478}","road_class":"transportation_system_-_primitive_road","surface":"natural_improved","vehicle_class":"4wd_low","allowed_mode":"all_moto_veh","access_restriction":"unknown","seasonal_restriction":"not_listed","route_plan_id":"5456","gis_miles":0.00686863},"geometry":{"type":"LineString","coordinates":[[-119.5945,35.20206],[-119.59449,35.20205],[-119.59447,35.20204],[-119.59444,35.20202],[-119.59441,35.20201],[-119.5944,35.202]]}},{"type":"Feature","properties":{"name":"5619","source":"Bureau of Land Management","source_detail":"BLM GTLF OBJECTID 159857","source_id":"{B92F20F1-4019-4BAA-A8AB-22BBC2C412FE}","road_class":"transportation_system_-_primitive_road","surface":"natural_improved","vehicle_class":"2wd_low","allowed_mode":"all_moto_veh","access_restriction":"not_listed","seasonal_restriction":"not_listed","route_plan_id":"5619","gis_miles":0.01853684},"geometry":{"type":"LineString","coordinates":[[-119.53528,35.24553],[-119.53526,35.2455],[-119.53524,35.24546],[-119.53522,35.24543],[-119.5352,35.2454],[-119.53518,35.24537],[-119.53518,35.24535],[-119.53517,35.24533],[-119.53518,35.24532],[-119.53518,35.24532],[-119.53519,35.24531],[-119.5352,35.24531],[-119.53522,35.24532]]}},{"type":"Feature","properties":{"name":"4014","source":"Bureau of Land Management","source_detail":"BLM GTLF OBJECTID 159865","source_id":"{A0ACF665-BA88-4519-9D87-647F290316FB}","road_class":"transportation_system_-_primitive_road","surface":"natural_improved","vehicle_class":"4wd_low","allowed_mode":"all_moto_veh","access_restriction":"unknown","seasonal_restriction":"not_listed","route_plan_id":"4014","gis_miles":0.42615448},"geometry":{"type":"LineString","coordinates":[[-119.60093,35.20371],[-119.6008,35.2039],[-119.60065,35.20418],[-119.60058,35.20436],[-119.60044,35.20447],[-119.60036,35.20453],[-119.60025,35.20463],[-119.60013,35.20476],[-119.60005,35.20492],[-119.60001,35.20498],[-119.59995,35.20508],[-119.5999,35.20517],[-119.59986,35.20533],[-119.59983,35.20546],[-119.59981,35.20561],[-119.59978,35.20584],[-119.59978,35.20605],[-119.59978,35.20622],[-119.59979,35.20645],[-119.59979,35.20653],[-119.5998,35.20676],[-119.5998,35.20688],[-119.59973,35.20703],[-119.59974,35.20723],[-119.59974,35.20752],[-119.59971,35.20764],[-119.59964,35.20782],[-119.59959,35.20799],[-119.59955,35.20817],[-119.59959,35.20831],[-119.59945,35.20845],[-119.59911,35.20877],[-119.59895,35.20888],[-119.59868,35.20908],[-119.59858,35.2092],[-119.59855,35.20927]]}},{"type":"Feature","properties":{"name":"5357","source":"Bureau of Land Management","source_detail":"BLM GTLF OBJECTID 159891","source_id":"{D4EA9CD1-877C-4502-8E51-5A5A9C1B050B}","road_class":"transportation_system_-_primitive_road","surface":"natural_improved","vehicle_class":"4wd_low","allowed_mode":"unk","access_restriction":"unknown","seasonal_restriction":"not_listed","route_plan_id":"T3202","gis_miles":0.24255428},"geometry":{"type":"LineString","coordinates":[[-119.58939,35.17396],[-119.58938,35.17397],[-119.58937,35.17401],[-119.58936,35.17405],[-119.58933,35.17411],[-119.58929,35.17415],[-119.58925,35.17421],[-119.58923,35.17426],[-119.58923,35.17432],[-119.58923,35.17438],[-119.58925,35.17443],[-119.58927,35.17449],[-119.5893,35.17455],[-119.58932,35.17461],[-119.58935,35.17467],[-119.58938,35.17474],[-119.58941,35.17481],[-119.58944,35.17486],[-119.58946,35.17491],[-119.58949,35.17496],[-119.5895,35.175],[-119.58952,35.17505],[-119.58952,35.1751],[-119.58953,35.17515],[-119.58953,35.17519],[-119.58952,35.17524],[-119.58951,35.1753],[-119.58948,35.17535],[-119.58944,35.17539],[-119.5894,35.17544],[-119.58934,35.17547],[-119.58929,35.17551],[-119.58923,35.17554],[-119.58918,35.17558],[-119.58914,35.17562],[-119.58912,35.17567],[-119.58912,35.17571],[-119.58914,35.17575],[-119.58916,35.17578],[-119.58918,35.1758],[-119.5892,35.17582],[-119.58922,35.17584],[-119.58925,35.17585],[-119.58927,35.17585],[-119.58931,35.17585],[-119.58934,35.17585],[-119.58938,35.17584],[-119.58941,35.17582],[-119.58944,35.17581],[-119.58947,35.17579],[-119.5895,35.17578],[-119.58953,35.17578],[-119.58956,35.17578],[-119.5896,35.17579],[-119.58963,35.1758],[-119.58967,35.17582],[-119.58971,35.17584],[-119.58974,35.17586],[-119.58977,35.17588],[-119.5898,35.1759],[-119.58984,35.17591],[-119.58987,35.17593],[-119.58991,35.17594],[-119.58995,35.17596],[-119.59,35.17598],[-119.59005,35.176],[-119.5901,35.17601],[-119.59015,35.17603],[-119.59019,35.17603],[-119.59023,35.17604],[-119.59025,35.17603],[-119.59027,35.17603],[-119.59029,35.17603],[-119.5903,35.17603],[-119.5903,35.17603],[-119.5903,35.17603],[-119.59032,35.17602],[-119.59035,35.17603],[-119.59038,35.17603],[-119.59041,35.17605],[-119.59044,35.17608],[-119.59047,35.17611],[-119.59049,35.17614],[-119.59052,35.17617],[-119.59055,35.17619],[-119.59058,35.17621],[-119.59061,35.17622],[-119.59064,35.17625],[-119.59067,35.17627],[-119.59069,35.17628]]}},{"type":"Feature","properties":{"name":"6063","source":"Bureau of Land Management","source_detail":"BLM GTLF OBJECTID 159898","source_id":"{8E8AB431-023A-40AD-BCED-7A2E8C56B19E}","road_class":"transportation_system_-_primitive_road","surface":"natural_improved","vehicle_class":"4wd_low","allowed_mode":"all_moto_veh","access_restriction":"unknown","seasonal_restriction":"not_listed","route_plan_id":"6063","gis_miles":0.26487209},"geometry":{"type":"LineString","coordinates":[[-119.55839,35.22111],[-119.5584,35.22112],[-119.55843,35.22114],[-119.55846,35.22116],[-119.55849,35.22118],[-119.55853,35.22121],[-119.55857,35.22124],[-119.55861,35.22127],[-119.55866,35.22131],[-119.55871,35.22134],[-119.55877,35.22137],[-119.55882,35.22141],[-119.55887,35.22144],[-119.55892,35.22148],[-119.55896,35.22151],[-119.55901,35.22154],[-119.55905,35.22158],[-119.55909,35.22161],[-119.55914,35.22164],[-119.55918,35.22167],[-119.55923,35.2217],[-119.55927,35.22173],[-119.55932,35.22177],[-119.55937,35.2218],[-119.55941,35.22183],[-119.55946,35.22187],[-119.55951,35.2219],[-119.55956,35.22193],[-119.55961,35.22197],[-119.55966,35.222],[-119.55971,35.22204],[-119.55976,35.22207],[-119.5598,35.2221],[-119.55984,35.22213],[-119.55987,35.22215],[-119.55989,35.22217],[-119.5599,35.22217],[-119.5599,35.22218],[-119.55991,35.22218],[-119.55991,35.22218],[-119.55992,35.22219],[-119.55994,35.22221],[-119.55997,35.22223],[-119.56,35.22226],[-119.56003,35.22229],[-119.56006,35.22232],[-119.56009,35.22236],[-119.56012,35.22239],[-119.56015,35.22242],[-119.56018,35.22245],[-119.5602,35.22248],[-119.56022,35.22251],[-119.56024,35.22254],[-119.56025,35.22256],[-119.56027,35.22258],[-119.5603,35.2226],[-119.56031,35.22262],[-119.56033,35.22264],[-119.56033,35.22264],[-119.56035,35.22265],[-119.56037,35.22267],[-119.56039,35.22268],[-119.56041,35.22269],[-119.56042,35.22271],[-119.56044,35.22273],[-119.56046,35.22275],[-119.56049,35.22278],[-119.56052,35.2228],[-119.56055,35.22283],[-119.56058,35.22285],[-119.56061,35.22287],[-119.56064,35.2229],[-119.56067,35.22292],[-119.56069,35.22294],[-119.56071,35.22296],[-119.56074,35.22298],[-119.56075,35.22299],[-119.56078,35.22302],[-119.56081,35.22304],[-119.56083,35.22306],[-119.56087,35.22309],[-119.5609,35.22311],[-119.56094,35.22314],[-119.56098,35.22316],[-119.56102,35.22319],[-119.56107,35.22322],[-119.56111,35.22325],[-119.56116,35.22329],[-119.56121,35.22332],[-119.56126,35.22335],[-119.5613,35.22338],[-119.56135,35.22342],[-119.5614,35.22345],[-119.56144,35.22348],[-119.56149,35.22351],[-119.56152,35.22354],[-119.56156,35.22357],[-119.56159,35.2236],[-119.56163,35.22363],[-119.56166,35.22365],[-119.56169,35.22368],[-119.56172,35.22371],[-119.56175,35.22373],[-119.56176,35.22375]]}},{"type":"Feature","properties":{"name":"4055","source":"Bureau of Land Management","source_detail":"BLM GTLF OBJECTID 159902","source_id":"{CF0801A3-0489-4F77-8854-7C7ADBA631D2}","road_class":"transportation_system_-_primitive_road","surface":"natural_improved","vehicle_class":"2wd_low","allowed_mode":"all_moto_veh","access_restriction":"not_listed","seasonal_restriction":"not_listed","route_plan_id":"4055","gis_miles":0.06699583},"geometry":{"type":"LineString","coordinates":[[-119.59354,35.20434],[-119.5934,35.2044],[-119.5933,35.20449],[-119.59323,35.20458],[-119.59308,35.20468],[-119.59288,35.20479],[-119.59273,35.20486],[-119.59264,35.20495]]}},{"type":"Feature","properties":{"name":"6074","source":"Bureau of Land Management","source_detail":"BLM GTLF OBJECTID 159946","source_id":"{168DB2B1-08B2-4DA6-AD36-D4BA7BB476C7}","road_class":"transportation_system_-_primitive_road","surface":"natural_improved","vehicle_class":"4wd_low","allowed_mode":"all_moto_veh","access_restriction":"unknown","seasonal_restriction":"not_listed","route_plan_id":"6074","gis_miles":0.17763303},"geometry":{"type":"LineString","coordinates":[[-119.5599,35.22217],[-119.55986,35.22216],[-119.55982,35.22216],[-119.55977,35.22216],[-119.55972,35.22215],[-119.55967,35.22215],[-119.55961,35.22214],[-119.55956,35.22214],[-119.5595,35.22213],[-119.55944,35.22213],[-119.55938,35.22212],[-119.55932,35.22212],[-119.55926,35.22211],[-119.5592,35.22211],[-119.55914,35.2221],[-119.55908,35.22209],[-119.55902,35.22208],[-119.55896,35.22206],[-119.5589,35.22205],[-119.55884,35.22204],[-119.55878,35.22203],[-119.55872,35.22202],[-119.55866,35.222],[-119.5586,35.22199],[-119.55853,35.22198],[-119.55847,35.22197],[-119.55841,35.22196],[-119.55835,35.22194],[-119.55828,35.22193],[-119.55822,35.22192],[-119.55816,35.2219],[-119.5581,35.22189],[-119.55804,35.22187],[-119.55798,35.22186],[-119.55792,35.22185],[-119.55786,35.22183],[-119.55781,35.22182],[-119.55776,35.22181],[-119.55771,35.2218],[-119.55766,35.22179],[-119.5576,35.22178],[-119.55755,35.22177],[-119.55749,35.22176],[-119.55743,35.22175],[-119.55737,35.22174],[-119.55732,35.22173],[-119.55727,35.22172],[-119.55723,35.22172],[-119.55718,35.22171],[-119.55714,35.2217],[-119.5571,35.2217],[-119.55707,35.22169],[-119.55703,35.22168],[-119.557,35.22166],[-119.55696,35.22166],[-119.55693,35.22165],[-119.55689,35.22165],[-119.55685,35.22164],[-119.55683,35.22163]]}},{"type":"Feature","properties":{"name":"5383","source":"Bureau of Land Management","source_detail":"BLM GTLF OBJECTID 159947","source_id":"{CE6EA245-8E1E-4521-B421-A22CAF444E6A}","road_class":"transportation_system_-_primitive_road","surface":"natural_improved","vehicle_class":"4wd_low","allowed_mode":"all_moto_veh","access_restriction":"unknown","seasonal_restriction":"not_listed","route_plan_id":"5383","gis_miles":0.063421},"geometry":{"type":"LineString","coordinates":[[-119.56571,35.1987],[-119.56572,35.1987],[-119.56573,35.19868],[-119.56574,35.19865],[-119.56574,35.19863],[-119.56572,35.1986],[-119.5657,35.19857],[-119.56567,35.19854],[-119.56564,35.1985],[-119.56561,35.19847],[-119.56558,35.19845],[-119.56555,35.19842],[-119.56552,35.1984],[-119.56549,35.19837],[-119.56545,35.19834],[-119.56541,35.1983],[-119.56538,35.19826],[-119.56534,35.19822],[-119.56531,35.19819],[-119.56528,35.19815],[-119.56526,35.19812],[-119.56524,35.19808],[-119.56523,35.19804],[-119.56522,35.19801],[-119.56522,35.19798],[-119.56521,35.19795],[-119.56521,35.19793]]}},{"type":"Feature","properties":{"name":"16049: TEMBLOR RIDGE  USGS PANAROMA HILLS","source":"Bureau of Land Management","source_detail":"BLM GTLF OBJECTID 159949","source_id":"{F1896CEA-B06F-4CB8-A86A-65DF62371843}","road_class":"transportation_system_-_road","surface":"natural_improved","vehicle_class":"4wd_high_clearance_specialized","allowed_mode":"unk","access_restriction":"unknown","seasonal_restriction":"not_listed","gis_miles":0.29238165},"geometry":{"type":"LineString","coordinates":[[-119.68742,35.20536],[-119.68741,35.20548],[-119.68739,35.20557],[-119.68738,35.20566],[-119.68738,35.20575],[-119.68738,35.20584],[-119.68737,35.20595],[-119.68737,35.20605],[-119.68736,35.20616],[-119.68731,35.20627],[-119.68726,35.20633],[-119.68725,35.20635],[-119.68723,35.20639],[-119.68719,35.20644],[-119.68715,35.20649],[-119.68711,35.20652],[-119.6871,35.20653],[-119.68705,35.20656],[-119.68694,35.2066],[-119.68682,35.20661],[-119.68669,35.20664],[-119.68659,35.20669],[-119.68651,35.20675],[-119.68641,35.20683],[-119.68631,35.20692],[-119.68623,35.20702],[-119.68616,35.20712],[-119.68609,35.20724],[-119.68601,35.20736],[-119.68592,35.20746],[-119.68584,35.20756],[-119.68576,35.20765],[-119.68569,35.20774],[-119.6856,35.20783],[-119.68553,35.20789],[-119.68544,35.20795],[-119.68536,35.20802],[-119.68527,35.2081],[-119.68519,35.20821],[-119.68514,35.20831],[-119.68511,35.20835],[-119.68509,35.20839],[-119.68506,35.20845],[-119.68503,35.20854],[-119.685,35.20863],[-119.68497,35.2087],[-119.68495,35.20875],[-119.68493,35.20878],[-119.68493,35.20879],[-119.68492,35.2088]]}},{"type":"Feature","properties":{"name":"6011","source":"Bureau of Land Management","source_detail":"BLM GTLF OBJECTID 159989","source_id":"{D38420A6-685F-461C-950F-AAA134FFE020}","road_class":"transportation_system_-_primitive_road","surface":"natural_improved","vehicle_class":"4wd_low","allowed_mode":"all_moto_veh","access_restriction":"unknown","seasonal_restriction":"not_listed","route_plan_id":"6011","gis_miles":0.04407602},"geometry":{"type":"LineString","coordinates":[[-119.53501,35.20984],[-119.53501,35.20986],[-119.535,35.2099],[-119.53499,35.20995],[-119.53498,35.21],[-119.53497,35.21004],[-119.53497,35.21009],[-119.53496,35.21014],[-119.53496,35.21018],[-119.53495,35.2102],[-119.53495,35.21023],[-119.53494,35.21027],[-119.53494,35.21031],[-119.53493,35.21035],[-119.53492,35.21039],[-119.53491,35.21042],[-119.5349,35.21045],[-119.5349,35.21047],[-119.5349,35.21048]]}},{"type":"Feature","properties":{"name":"4034","source":"Bureau of Land Management","source_detail":"BLM GTLF OBJECTID 159993","source_id":"{9C84CB40-0512-44C3-827E-3E0DE8B48956}","road_class":"transportation_system_-_primitive_road","surface":"natural_improved","vehicle_class":"4wd_low","allowed_mode":"all_moto_veh","access_restriction":"unknown","seasonal_restriction":"not_listed","route_plan_id":"4034","gis_miles":0.05528771},"geometry":{"type":"LineString","coordinates":[[-119.59981,35.20561],[-119.59952,35.20563],[-119.59929,35.20565],[-119.59927,35.20566],[-119.59924,35.20566],[-119.5991,35.20568],[-119.59901,35.2057],[-119.599,35.20577],[-119.59903,35.20584]]}},{"type":"Feature","properties":{"name":"5505","source":"Bureau of Land Management","source_detail":"BLM GTLF OBJECTID 160000","source_id":"{6B3649B3-104B-4837-BE2E-FAEF12C477AB}","road_class":"transportation_system_-_primitive_road","surface":"natural_improved","vehicle_class":"4wd_low","allowed_mode":"all_moto_veh","access_restriction":"unknown","seasonal_restriction":"not_listed","route_plan_id":"5505","gis_miles":0.34461188},"geometry":{"type":"LineString","coordinates":[[-119.62642,35.2888],[-119.62642,35.2888],[-119.62644,35.28875],[-119.62646,35.2887],[-119.62648,35.28865],[-119.6265,35.2886],[-119.62651,35.28855],[-119.62651,35.28854],[-119.62652,35.2885],[-119.62653,35.28846],[-119.62653,35.28841],[-119.62653,35.28837],[-119.62653,35.28832],[-119.62653,35.28827],[-119.62652,35.28822],[-119.62651,35.28816],[-119.62651,35.28811],[-119.6265,35.28806],[-119.62649,35.288],[-119.62649,35.28795],[-119.62648,35.28789],[-119.62648,35.28784],[-119.62648,35.28779],[-119.62648,35.28774],[-119.62647,35.28769],[-119.62647,35.28766],[-119.62647,35.28764],[-119.62647,35.28761],[-119.62646,35.28759],[-119.62646,35.28757],[-119.62646,35.28755],[-119.62646,35.28751],[-119.62645,35.28745],[-119.62644,35.28739],[-119.62642,35.28733],[-119.62641,35.28726],[-119.62639,35.2872],[-119.62638,35.28713],[-119.62637,35.28707],[-119.62636,35.28701],[-119.62635,35.28695],[-119.62634,35.2869],[-119.62633,35.28684],[-119.62632,35.28679],[-119.6263,35.28673],[-119.62629,35.28667],[-119.62628,35.2866],[-119.62626,35.28653],[-119.62625,35.28647],[-119.62624,35.2864],[-119.62622,35.28634],[-119.62621,35.28628],[-119.62619,35.28622],[-119.62618,35.28617],[-119.62617,35.28611],[-119.62615,35.28605],[-119.62613,35.286],[-119.62611,35.28595],[-119.62607,35.28589],[-119.62603,35.28585],[-119.62599,35.28581],[-119.62595,35.28578],[-119.62592,35.28575],[-119.62589,35.28572],[-119.62585,35.28569],[-119.62582,35.28566],[-119.62579,35.28562],[-119.62576,35.28559],[-119.62572,35.28555],[-119.62568,35.2855],[-119.62564,35.28545],[-119.6256,35.2854],[-119.62556,35.28534],[-119.62552,35.28529],[-119.62548,35.28524],[-119.62545,35.28519],[-119.62541,35.28514],[-119.62537,35.28509],[-119.62533,35.28503],[-119.6253,35.28498],[-119.62526,35.28493],[-119.62522,35.28488],[-119.62518,35.28483],[-119.62514,35.28478],[-119.6251,35.28473],[-119.62506,35.28468],[-119.62502,35.28463],[-119.62498,35.28459],[-119.62495,35.28456],[-119.62495,35.28455],[-119.62493,35.28454],[-119.62485,35.28445],[-119.62469,35.28428],[-119.62465,35.28423]]}},{"type":"Feature","properties":{"name":"5983","source":"Bureau of Land Management","source_detail":"BLM GTLF OBJECTID 160004","source_id":"{DD954001-3452-46B5-96DE-AC2B87DFA0B4}","road_class":"transportation_system_-_primitive_road","surface":"natural_improved","vehicle_class":"4wd_low","allowed_mode":"all_moto_veh","access_restriction":"unknown","seasonal_restriction":"not_listed","route_plan_id":"5983","gis_miles":0.2560985},"geometry":{"type":"LineString","coordinates":[[-119.52824,35.19081],[-119.52824,35.19081],[-119.52828,35.19081],[-119.52831,35.19081],[-119.52835,35.19081],[-119.5284,35.19081],[-119.52845,35.19081],[-119.5285,35.19081],[-119.52856,35.19082],[-119.52862,35.19082],[-119.52868,35.19082],[-119.52874,35.19081],[-119.5288,35.19081],[-119.52886,35.19082],[-119.52892,35.19082],[-119.52898,35.19083],[-119.52905,35.19083],[-119.52911,35.19084],[-119.52917,35.19084],[-119.52924,35.19084],[-119.5293,35.19085],[-119.52936,35.19085],[-119.52943,35.19085],[-119.5295,35.19085],[-119.52956,35.19086],[-119.52963,35.19086],[-119.5297,35.19086],[-119.52977,35.19086],[-119.52984,35.19086],[-119.52991,35.19087],[-119.52999,35.19087],[-119.53007,35.19087],[-119.53015,35.19087],[-119.53023,35.19087],[-119.53032,35.19088],[-119.5304,35.19088],[-119.53049,35.19088],[-119.53057,35.19088],[-119.53066,35.19088],[-119.53074,35.19088],[-119.53082,35.19088],[-119.5309,35.19087],[-119.53098,35.19086],[-119.53105,35.19084],[-119.53113,35.19082],[-119.5312,35.1908],[-119.53126,35.19077],[-119.53133,35.19075],[-119.5314,35.19073],[-119.53147,35.19071],[-119.53154,35.19069],[-119.5316,35.19066],[-119.53166,35.19063],[-119.53172,35.1906],[-119.53179,35.19057],[-119.53185,35.19054],[-119.53191,35.19051],[-119.53197,35.19048],[-119.53203,35.19045],[-119.53209,35.19042],[-119.53214,35.19039],[-119.53219,35.19036],[-119.53224,35.19033],[-119.53229,35.1903],[-119.53233,35.19026],[-119.53236,35.19024],[-119.53237,35.19023],[-119.5324,35.1902],[-119.53243,35.19017],[-119.53247,35.19013],[-119.53248,35.19012]]}},{"type":"Feature","properties":{"name":"4077","source":"Bureau of Land Management","source_detail":"BLM GTLF OBJECTID 160045","source_id":"{FB2C3231-C5DB-4D71-BD35-C0B422936579}","road_class":"transportation_system_-_primitive_road","surface":"natural_improved","vehicle_class":"2wd_low","allowed_mode":"all_moto_veh","access_restriction":"not_listed","seasonal_restriction":"not_listed","route_plan_id":"4077","gis_miles":0.24719723},"geometry":{"type":"LineString","coordinates":[[-119.60825,35.21345],[-119.60837,35.21324],[-119.60844,35.21311],[-119.6085,35.21299],[-119.60853,35.21274],[-119.60852,35.21254],[-119.60845,35.21239],[-119.60838,35.21229],[-119.60831,35.21216],[-119.60824,35.21208],[-119.60817,35.212],[-119.60815,35.21195],[-119.60816,35.21187],[-119.60816,35.21182],[-119.60815,35.21171],[-119.60814,35.21166],[-119.60805,35.21157],[-119.60787,35.21153],[-119.60776,35.21151],[-119.6076,35.21151],[-119.6075,35.21151],[-119.6074,35.21149],[-119.6073,35.21146],[-119.60727,35.21139],[-119.60732,35.21132],[-119.60735,35.21119],[-119.60734,35.2111],[-119.60725,35.21086],[-119.60713,35.21059]]}},{"type":"Feature","properties":{"name":"5236","source":"Bureau of Land Management","source_detail":"BLM GTLF OBJECTID 160048","source_id":"{68A6DB53-CBC3-4E02-B090-DB5D642C4C61}","road_class":"transportation_system_-_primitive_road","surface":"natural_improved","vehicle_class":"4wd_low","allowed_mode":"all_moto_veh","access_restriction":"unknown","seasonal_restriction":"not_listed","route_plan_id":"5236","gis_miles":0.06047851},"geometry":{"type":"LineString","coordinates":[[-119.60683,35.25106],[-119.60679,35.25106],[-119.60671,35.25106],[-119.60663,35.25106],[-119.60656,35.25107],[-119.60649,35.25107],[-119.60643,35.25108],[-119.60637,35.25109],[-119.60632,35.2511],[-119.60627,35.25111],[-119.60622,35.25112],[-119.60617,35.25113],[-119.60613,35.25115],[-119.6061,35.25115],[-119.60606,35.25115],[-119.60602,35.25116],[-119.60599,35.25116],[-119.60596,35.25116],[-119.60594,35.25116],[-119.60592,35.25117],[-119.60589,35.25118],[-119.60587,35.2512],[-119.60584,35.25122],[-119.60582,35.25123],[-119.60581,35.25124],[-119.60581,35.25124]]}},{"type":"Feature","properties":{"name":"16055: DEBNEY CANYON USGS FELLOWS/PANORAMA HILLS","source":"Bureau of Land Management","source_detail":"BLM GTLF OBJECTID 160095","source_id":"{1108682D-170B-4D29-8440-D25A0B10B398}","road_class":"transportation_system_-_primitive_road","surface":"natural_improved","vehicle_class":"4wd_low","allowed_mode":"unk","access_restriction":"unknown","seasonal_restriction":"not_listed","route_plan_id":"T2111","gis_miles":1.9999293},"geometry":{"type":"LineString","coordinates":[[-119.61986,35.20773],[-119.61988,35.20769],[-119.61991,35.20764],[-119.61995,35.20758],[-119.62002,35.20751],[-119.6201,35.20743],[-119.62019,35.20735],[-119.62029,35.20728],[-119.62035,35.20725],[-119.62041,35.20721],[-119.62054,35.20718],[-119.62068,35.20717],[-119.62082,35.20719],[-119.62095,35.20721],[-119.62107,35.20724],[-119.62116,35.20727],[-119.62121,35.20728],[-119.62124,35.20729],[-119.62128,35.20731],[-119.62134,35.20732],[-119.62139,35.20733],[-119.62146,35.20735],[-119.62153,35.20738],[-119.62161,35.2074],[-119.62166,35.20743],[-119.6217,35.20744],[-119.62173,35.20745],[-119.62176,35.20746],[-119.6218,35.20747],[-119.62185,35.20749],[-119.62188,35.20749],[-119.6219,35.2075],[-119.62193,35.2075],[-119.62198,35.20751],[-119.62202,35.20751],[-119.62205,35.20751],[-119.6221,35.2075],[-119.62216,35.20749],[-119.6222,35.20747],[-119.62225,35.20745],[-119.62228,35.20743],[-119.62231,35.2074],[-119.62235,35.20737],[-119.62241,35.20733],[-119.62248,35.20727],[-119.62257,35.20722],[-119.62269,35.20718],[-119.62283,35.20714],[-119.62298,35.2071],[-119.62312,35.20704],[-119.62325,35.20696],[-119.62338,35.20688],[-119.62351,35.20681],[-119.62363,35.20675],[-119.62376,35.2067],[-119.62388,35.20662],[-119.62397,35.20651],[-119.624,35.20637],[-119.62397,35.20626],[-119.62393,35.20617],[-119.6239,35.20607],[-119.62388,35.20595],[-119.62385,35.20581],[-119.62384,35.20567],[-119.62388,35.20553],[-119.62395,35.20541],[-119.62402,35.20531],[-119.6241,35.20523],[-119.62419,35.20516],[-119.62428,35.20507],[-119.62438,35.205],[-119.62449,35.20491],[-119.6246,35.20482],[-119.62471,35.20471],[-119.62481,35.2046],[-119.6249,35.20449],[-119.62499,35.20437],[-119.62509,35.20426],[-119.62518,35.20419],[-119.62526,35.20413],[-119.62534,35.20408],[-119.62543,35.20402],[-119.62555,35.20395],[-119.62569,35.20387],[-119.62583,35.20378],[-119.62598,35.20369],[-119.62612,35.2036],[-119.62626,35.20351],[-119.62639,35.20341],[-119.62652,35.20331],[-119.62665,35.20321],[-119.62677,35.20309],[-119.62688,35.20299],[-119.62698,35.20287],[-119.62709,35.20273],[-119.62718,35.20257],[-119.62723,35.20243],[-119.62729,35.20228],[-119.62736,35.20213],[-119.62745,35.20199],[-119.62752,35.20185],[-119.62757,35.20172],[-119.62761,35.20162],[-119.62763,35.20156],[-119.62764,35.20153],[-119.62765,35.20149],[-119.62767,35.20145],[-119.6277,35.2014],[-119.62775,35.20134],[-119.62782,35.20128],[-119.62791,35.20121],[-119.62802,35.20114],[-119.62812,35.20107],[-119.62822,35.201],[-119.62834,35.20092],[-119.62847,35.20083],[-119.6286,35.20075],[-119.62876,35.20067],[-119.62895,35.20062],[-119.62914,35.20061],[-119.62935,35.20063],[-119.62954,35.20066],[-119.62973,35.2007],[-119.62992,35.20075],[-119.6301,35.20082],[-119.63028,35.20091],[-119.63046,35.201],[-119.63064,35.20109],[-119.6308,35.20116],[-119.63096,35.20123],[-119.63111,35.2013],[-119.63124,35.20136],[-119.63138,35.20142],[-119.6315,35.20147],[-119.63162,35.20153],[-119.63175,35.20158],[-119.63187,35.20163],[-119.63199,35.20168],[-119.6321,35.20173],[-119.63221,35.20178],[-119.63232,35.20183],[-119.63242,35.20187],[-119.63251,35.20192],[-119.63259,35.20197],[-119.63266,35.20201],[-119.63272,35.20205],[-119.63278,35.20209],[-119.63284,35.20213],[-119.63291,35.20218],[-119.63296,35.20222],[-119.63302,35.20227],[-119.63309,35.20232],[-119.63314,35.20238],[-119.63321,35.20244],[-119.63331,35.20249],[-119.63339,35.20251],[-119.63344,35.20252],[-119.6335,35.20253],[-119.63357,35.20253],[-119.63363,35.20253],[-119.63371,35.20253],[-119.6338,35.20253],[-119.63387,35.20252],[-119.63394,35.20249],[-119.63402,35.20246],[-119.6341,35.20241],[-119.6342,35.20234],[-119.63428,35.20223],[-119.63434,35.2021],[-119.63437,35.20196],[-119.63438,35.20185],[-119.63439,35.20179],[-119.6344,35.2017],[-119.63441,35.20158],[-119.63441,35.20145],[-119.6344,35.20134],[-119.63439,35.20126],[-119.63438,35.20117],[-119.63437,35.20108],[-119.63436,35.20097],[-119.63435,35.20084],[-119.63434,35.20069],[-119.63433,35.20054],[-119.63432,35.2004],[-119.63432,35.20026],[-119.63431,35.20018],[-119.63431,35.2001],[-119.63429,35.2],[-119.63428,35.19989],[-119.63426,35.19975],[-119.63424,35.19961],[-119.63421,35.19947],[-119.63418,35.19935],[-119.63415,35.19921],[-119.63411,35.1991],[-119.63407,35.19899],[-119.63403,35.19889],[-119.634,35.19879],[-119.63397,35.1987],[-119.63396,35.19862],[-119.63395,35.19856],[-119.63395,35.19853],[-119.63395,35.19853],[-119.63395,35.19847],[-119.63396,35.19838],[-119.63398,35.19827],[-119.63401,35.19816],[-119.63405,35.19804],[-119.63409,35.19793],[-119.63416,35.19782],[-119.63423,35.19774],[-119.63433,35.19768],[-119.63447,35.19765],[-119.63465,35.19763],[-119.63477,35.19763],[-119.63482,35.19762],[-119.6349,35.19762],[-119.63502,35.19762],[-119.63515,35.19762],[-119.63528,35.19761],[-119.63539,35.19759],[-119.63551,35.19755],[-119.63564,35.1975],[-119.63574,35.19746],[-119.63582,35.19743],[-119.63589,35.19741],[-119.6359,35.19741],[-119.63592,35.1974],[-119.63599,35.19739],[-119.6361,35.19739],[-119.63622,35.1974],[-119.63632,35.1974],[-119.63641,35.19739],[-119.6365,35.19737],[-119.63661,35.19734],[-119.63671,35.1973],[-119.63683,35.19726],[-119.63696,35.1972],[-119.63709,35.19714],[-119.63723,35.19708],[-119.63738,35.19703],[-119.63755,35.19699],[-119.63774,35.19696],[-119.63792,35.19694],[-119.63811,35.19692],[-119.63829,35.19691],[-119.63846,35.19686],[-119.63863,35.1968],[-119.6388,35.19675],[-119.63898,35.19673],[-119.6392,35.19674],[-119.63942,35.19679],[-119.63966,35.19685],[-119.63988,35.19693],[-119.64007,35.19703],[-119.64019,35.19714],[-119.64025,35.19721],[-119.64028,35.19726],[-119.64032,35.19731],[-119.64036,35.19738],[-119.64041,35.19746],[-119.64046,35.19754],[-119.6405,35.19761],[-119.64055,35.19769],[-119.6406,35.19776],[-119.64066,35.19782],[-119.64071,35.19788],[-119.64076,35.19794],[-119.64081,35.198],[-119.64083,35.19802],[-119.64086,35.19807],[-119.64091,35.19813],[-119.64096,35.19821],[-119.64102,35.19829],[-119.64108,35.19837],[-119.64114,35.19844],[-119.64122,35.19851],[-119.64129,35.19857],[-119.64135,35.1986],[-119.6414,35.19863],[-119.64145,35.19866],[-119.64152,35.1987],[-119.64161,35.19874],[-119.64171,35.19878],[-119.64184,35.19882],[-119.64199,35.19884],[-119.64215,35.19884],[-119.64225,35.19883],[-119.64228,35.19883]]}},{"type":"Feature","properties":{"name":"781","source":"Bureau of Land Management","source_detail":"BLM GTLF OBJECTID 160142","source_id":"{4D390CBD-79E6-4135-A464-01EA6C859AA3}","road_class":"transportation_system_-_primitive_road","surface":"natural_improved","vehicle_class":"4wd_low","allowed_mode":"all_moto_veh","access_restriction":"unknown","seasonal_restriction":"not_listed","route_plan_id":"781","gis_miles":0.06760005},"geometry":{"type":"LineString","coordinates":[[-119.58087,35.28214],[-119.58084,35.28215],[-119.58081,35.28217],[-119.58079,35.28219],[-119.58075,35.2822],[-119.58073,35.28221],[-119.5807,35.28222],[-119.58068,35.28222],[-119.58066,35.28222],[-119.58063,35.28221],[-119.5806,35.2822],[-119.58056,35.28218],[-119.58054,35.28215],[-119.58051,35.28212],[-119.58049,35.28209],[-119.58048,35.28205],[-119.58047,35.28201],[-119.58046,35.28198],[-119.58046,35.28194],[-119.58046,35.28191],[-119.58046,35.28188],[-119.58047,35.28186],[-119.58048,35.28184],[-119.58049,35.28181],[-119.5805,35.28178],[-119.58051,35.28175],[-119.58052,35.28172],[-119.58053,35.28169],[-119.58054,35.28166],[-119.58055,35.28163],[-119.58055,35.2816],[-119.58056,35.28157],[-119.58057,35.28154],[-119.58057,35.28151]]}},{"type":"Feature","properties":{"name":"5678","source":"Bureau of Land Management","source_detail":"BLM GTLF OBJECTID 160175","source_id":"{81100822-F8E1-4BCB-8D9B-051BD80720C6}","road_class":"transportation_system_-_primitive_road","surface":"natural","vehicle_class":"4wd_low","allowed_mode":"all_moto_veh","access_restriction":"unknown","seasonal_restriction":"not_listed","route_plan_id":"5678","gis_miles":0.196838},"geometry":{"type":"LineString","coordinates":[[-119.53396,35.2444],[-119.53397,35.24439],[-119.53396,35.24438],[-119.53394,35.24437],[-119.53391,35.24436],[-119.53387,35.24435],[-119.53384,35.24433],[-119.53381,35.24429],[-119.53379,35.24426],[-119.53378,35.24422],[-119.53377,35.24418],[-119.53376,35.24414],[-119.53375,35.2441],[-119.53375,35.24406],[-119.53375,35.24402],[-119.53374,35.24398],[-119.53373,35.24394],[-119.53372,35.24389],[-119.5337,35.24385],[-119.53368,35.24381],[-119.53366,35.24378],[-119.53364,35.24374],[-119.53362,35.2437],[-119.53361,35.24366],[-119.5336,35.24362],[-119.53359,35.24359],[-119.53359,35.24355],[-119.53359,35.24351],[-119.53358,35.24347],[-119.53358,35.24343],[-119.53357,35.2434],[-119.53356,35.24338],[-119.53356,35.24336],[-119.53355,35.24334],[-119.53354,35.24332],[-119.53352,35.24328],[-119.53349,35.24324],[-119.53346,35.2432],[-119.53343,35.24316],[-119.53341,35.24312],[-119.53338,35.24309],[-119.53334,35.24305],[-119.53331,35.24302],[-119.53328,35.24299],[-119.53325,35.24296],[-119.53322,35.24294],[-119.53319,35.24292],[-119.53316,35.2429],[-119.53312,35.24288],[-119.5331,35.24286],[-119.53308,35.24284],[-119.53307,35.24283],[-119.53306,35.24281],[-119.53305,35.24279],[-119.53304,35.24276],[-119.53303,35.24273],[-119.53304,35.24269],[-119.53303,35.24264],[-119.53302,35.24258],[-119.53301,35.24252],[-119.53299,35.24247],[-119.53298,35.24242],[-119.53296,35.24238],[-119.53294,35.24235],[-119.5329,35.24233],[-119.53289,35.24232],[-119.53284,35.24231],[-119.5328,35.24229],[-119.53275,35.24226],[-119.5327,35.24224],[-119.53264,35.24222],[-119.5326,35.24219],[-119.53256,35.24216],[-119.53253,35.24212],[-119.5325,35.24208],[-119.53248,35.24205],[-119.53246,35.24201],[-119.53246,35.24201]]}},{"type":"Feature","properties":{"name":"5638","source":"Bureau of Land Management","source_detail":"BLM GTLF OBJECTID 160183","source_id":"{45D6E695-B864-41D7-9D44-6CF3CA55273B}","road_class":"transportation_system_-_primitive_road","surface":"natural_improved","vehicle_class":"2wd_low","allowed_mode":"all_moto_veh","access_restriction":"not_listed","seasonal_restriction":"not_listed","route_plan_id":"5638","gis_miles":0.25162203},"geometry":{"type":"LineString","coordinates":[[-119.55825,35.21564],[-119.55825,35.21564],[-119.55824,35.21564],[-119.55821,35.21565],[-119.55817,35.21565],[-119.55811,35.21566],[-119.55805,35.21566],[-119.558,35.21566],[-119.55794,35.21565],[-119.55789,35.21564],[-119.55784,35.21563],[-119.5578,35.21563],[-119.55776,35.21563],[-119.55776,35.21563],[-119.55773,35.21563],[-119.55772,35.21563],[-119.55771,35.21563],[-119.55767,35.21564],[-119.55763,35.21566],[-119.55759,35.21568],[-119.55754,35.21571],[-119.55751,35.21573],[-119.55746,35.21575],[-119.55742,35.21578],[-119.55738,35.2158],[-119.55734,35.21582],[-119.55729,35.21584],[-119.55725,35.21584],[-119.5572,35.21584],[-119.55715,35.21584],[-119.5571,35.21584],[-119.55704,35.21583],[-119.55699,35.21583],[-119.55694,35.21582],[-119.55688,35.21582],[-119.55683,35.21583],[-119.55678,35.21585],[-119.55674,35.21588],[-119.5567,35.21591],[-119.55665,35.21594],[-119.5566,35.21598],[-119.55655,35.21601],[-119.5565,35.21605],[-119.55645,35.21608],[-119.5564,35.21612],[-119.55635,35.21616],[-119.5563,35.2162],[-119.55626,35.21624],[-119.55622,35.21627],[-119.55616,35.2163],[-119.55609,35.21632],[-119.55603,35.21634],[-119.55595,35.21636],[-119.55588,35.21637],[-119.55581,35.21638],[-119.55574,35.21639],[-119.55566,35.21639],[-119.55558,35.2164],[-119.5555,35.2164],[-119.55543,35.2164],[-119.55536,35.2164],[-119.55529,35.2164],[-119.55522,35.2164],[-119.55515,35.2164],[-119.55507,35.2164],[-119.55499,35.2164],[-119.55492,35.2164],[-119.55485,35.2164],[-119.55478,35.21641],[-119.55471,35.21642],[-119.55464,35.21643],[-119.55457,35.21643],[-119.55451,35.21642],[-119.55445,35.21642],[-119.55439,35.21641],[-119.55433,35.21641],[-119.55427,35.21642],[-119.5542,35.21642],[-119.55414,35.21641],[-119.55412,35.21642]]}},{"type":"Feature","properties":{"name":"4042","source":"Bureau of Land Management","source_detail":"BLM GTLF OBJECTID 160237","source_id":"{BF048D26-B73D-42CF-8CBF-0719B712E210}","road_class":"transportation_system_-_primitive_road","surface":"natural_improved","vehicle_class":"2wd_low","allowed_mode":"all_moto_veh","access_restriction":"not_listed","seasonal_restriction":"not_listed","route_plan_id":"4042","gis_miles":0.06018729},"geometry":{"type":"LineString","coordinates":[[-119.59514,35.20651],[-119.59519,35.20642],[-119.5952,35.20633],[-119.59521,35.20613],[-119.59516,35.20588],[-119.59514,35.20575],[-119.59522,35.20568]]}},{"type":"Feature","properties":{"name":"55","source":"Bureau of Land Management","source_detail":"BLM GTLF OBJECTID 160246","source_id":"{35E80B9E-19C7-48CF-897E-E2108260D392}","road_class":"transportation_system_-_primitive_road","surface":"natural","vehicle_class":"4wd_low","allowed_mode":"all_moto_veh","access_restriction":"unknown","seasonal_restriction":"not_listed","route_plan_id":"55","gis_miles":0.49119751},"geometry":{"type":"LineString","coordinates":[[-119.60588,35.29999],[-119.60583,35.30006],[-119.6058,35.30037],[-119.60577,35.3007],[-119.60577,35.30157],[-119.60575,35.30182],[-119.60572,35.30243],[-119.60573,35.30292],[-119.60576,35.30397],[-119.60578,35.30517],[-119.60579,35.30544],[-119.60578,35.30634],[-119.60576,35.30709]]}},{"type":"Feature","properties":{"name":"6065","source":"Bureau of Land Management","source_detail":"BLM GTLF OBJECTID 160247","source_id":"{83A9D1D0-C91B-40E7-A361-6A90323CCA3A}","road_class":"transportation_system_-_primitive_road","surface":"natural_improved","vehicle_class":"4wd_low","allowed_mode":"all_moto_veh","access_restriction":"unknown","seasonal_restriction":"not_listed","route_plan_id":"6065","gis_miles":0.24389877},"geometry":{"type":"LineString","coordinates":[[-119.55951,35.22344],[-119.55954,35.22345],[-119.55956,35.22345],[-119.55958,35.22344],[-119.5596,35.22343],[-119.55962,35.22342],[-119.55965,35.22341],[-119.55968,35.22339],[-119.55971,35.22338],[-119.55974,35.22337],[-119.55978,35.22335],[-119.55982,35.22334],[-119.55986,35.22332],[-119.5599,35.22331],[-119.55994,35.22329],[-119.55998,35.22328],[-119.56002,35.22326],[-119.56006,35.22325],[-119.5601,35.22323],[-119.56014,35.22322],[-119.56018,35.2232],[-119.56022,35.22319],[-119.56026,35.22317],[-119.5603,35.22315],[-119.56033,35.22314],[-119.56037,35.22313],[-119.5604,35.22311],[-119.56044,35.2231],[-119.56048,35.22308],[-119.56051,35.22307],[-119.56055,35.22306],[-119.56059,35.22305],[-119.56062,35.22304],[-119.56065,35.22302],[-119.56067,35.22301],[-119.5607,35.223],[-119.56075,35.22299],[-119.5608,35.22294],[-119.56082,35.22292],[-119.56084,35.2229],[-119.56086,35.22288],[-119.56087,35.22287],[-119.56089,35.22285],[-119.56091,35.22284],[-119.56092,35.22283],[-119.56093,35.22282],[-119.56095,35.22281],[-119.56096,35.22279],[-119.56098,35.22278],[-119.56101,35.22276],[-119.56104,35.22273],[-119.56107,35.22271],[-119.5611,35.22268],[-119.56114,35.22266],[-119.56117,35.22264],[-119.56119,35.22261],[-119.56122,35.22259],[-119.56125,35.22256],[-119.56129,35.22253],[-119.56132,35.2225],[-119.56135,35.22247],[-119.56138,35.22244],[-119.5614,35.22241],[-119.56143,35.22239],[-119.56147,35.22235],[-119.5615,35.22232],[-119.56153,35.22229],[-119.56156,35.22226],[-119.56158,35.22224],[-119.5616,35.22221],[-119.56162,35.22219],[-119.56165,35.22217],[-119.56167,35.22215],[-119.56167,35.22215],[-119.56169,35.22213],[-119.56171,35.22211],[-119.56173,35.22209],[-119.56176,35.22207],[-119.56179,35.22204],[-119.56183,35.222],[-119.56186,35.22197],[-119.5619,35.22193],[-119.56193,35.2219],[-119.56197,35.22186],[-119.562,35.22183],[-119.56204,35.22179],[-119.56208,35.22176],[-119.56211,35.22172],[-119.56215,35.22169],[-119.56218,35.22166],[-119.56222,35.22162],[-119.56226,35.22159],[-119.5623,35.22155],[-119.56234,35.22151],[-119.56237,35.22147],[-119.5624,35.22144],[-119.56244,35.2214],[-119.56247,35.22136],[-119.5625,35.22133],[-119.56254,35.22129],[-119.56258,35.22126],[-119.56261,35.22123],[-119.56264,35.22121],[-119.56266,35.22119],[-119.56268,35.22117],[-119.56269,35.22117]]}},{"type":"Feature","properties":{"name":"4245","source":"Bureau of Land Management","source_detail":"BLM GTLF OBJECTID 160256","source_id":"{207D3211-1DBC-4320-AF2E-56C8B26F3EAC}","road_class":"transportation_system_-_primitive_road","surface":"natural_improved","vehicle_class":"2wd_low","allowed_mode":"all_moto_veh","access_restriction":"not_listed","seasonal_restriction":"not_listed","route_plan_id":"4245","gis_miles":0.50874036},"geometry":{"type":"LineString","coordinates":[[-119.61562,35.21685],[-119.61569,35.21678],[-119.6158,35.21667],[-119.61586,35.2166],[-119.61593,35.21648],[-119.61595,35.21632],[-119.61594,35.21613],[-119.6159,35.21588],[-119.61588,35.21578],[-119.61588,35.21572],[-119.6159,35.21564],[-119.61593,35.21556],[-119.61597,35.21538],[-119.61598,35.21526],[-119.61598,35.21511],[-119.61595,35.21497],[-119.61593,35.2149],[-119.61593,35.21473],[-119.61596,35.21447],[-119.61595,35.21432],[-119.61595,35.21427],[-119.61596,35.21412],[-119.61596,35.21398],[-119.61594,35.21375],[-119.61588,35.2136],[-119.61582,35.21352],[-119.61576,35.21349],[-119.61572,35.21349],[-119.61568,35.21348],[-119.61557,35.2135],[-119.61552,35.21356],[-119.61546,35.21371],[-119.6154,35.21381],[-119.61529,35.21397],[-119.61525,35.21402],[-119.61518,35.21408],[-119.61507,35.21412],[-119.61495,35.21415],[-119.61479,35.21416],[-119.61469,35.21414],[-119.61461,35.21409],[-119.61458,35.21406],[-119.61454,35.21401],[-119.61452,35.21397],[-119.61456,35.2139],[-119.6147,35.21376],[-119.61485,35.21361],[-119.61496,35.21342],[-119.6151,35.21326],[-119.61517,35.21315],[-119.61516,35.21301],[-119.61518,35.21289],[-119.61524,35.2128],[-119.6154,35.21262],[-119.61556,35.21246],[-119.61567,35.21234],[-119.61583,35.21215],[-119.61599,35.21195]]}},{"type":"Feature","properties":{"name":"6046","source":"Bureau of Land Management","source_detail":"BLM GTLF OBJECTID 160286","source_id":"{B7BBC14E-45B9-484A-B73E-003D3E33B7F5}","road_class":"transportation_system_-_primitive_road","surface":"natural_improved","vehicle_class":"4wd_low","allowed_mode":"all_moto_veh","access_restriction":"unknown","seasonal_restriction":"not_listed","route_plan_id":"6046","gis_miles":0.0093933},"geometry":{"type":"LineString","coordinates":[[-119.60528,35.26609],[-119.60528,35.26609],[-119.60527,35.26602],[-119.60527,35.26599],[-119.60527,35.26596]]}},{"type":"Feature","properties":{"name":"5242","source":"Bureau of Land Management","source_detail":"BLM GTLF OBJECTID 160306","source_id":"{9E87C3D4-C506-43E3-8898-1C1E35433A18}","road_class":"transportation_system_-_primitive_road","surface":"natural_improved","vehicle_class":"4wd_low","allowed_mode":"unk","access_restriction":"unknown","seasonal_restriction":"not_listed","route_plan_id":"T3","gis_miles":0.15074067},"geometry":{"type":"LineString","coordinates":[[-119.64098,35.19982],[-119.64096,35.19982],[-119.64093,35.19982],[-119.64089,35.19982],[-119.64085,35.19981],[-119.6408,35.19982],[-119.64076,35.19982],[-119.6407,35.19982],[-119.64065,35.19982],[-119.6406,35.19982],[-119.64054,35.19983],[-119.64047,35.19983],[-119.64041,35.19983],[-119.64035,35.19984],[-119.64028,35.19986],[-119.64022,35.19987],[-119.64016,35.19989],[-119.6401,35.1999],[-119.64004,35.19992],[-119.63999,35.19994],[-119.63995,35.19997],[-119.63991,35.2],[-119.63988,35.20003],[-119.63985,35.20006],[-119.63983,35.20009],[-119.6398,35.20012],[-119.63979,35.20013],[-119.63979,35.2001],[-119.63977,35.20006],[-119.63974,35.20001],[-119.63971,35.19997],[-119.63968,35.19992],[-119.63965,35.19988],[-119.63961,35.19984],[-119.63957,35.19979],[-119.63953,35.19974],[-119.63949,35.1997],[-119.63945,35.19965],[-119.63941,35.19959],[-119.63937,35.19954],[-119.63932,35.19949],[-119.63927,35.19944],[-119.63923,35.19939],[-119.63918,35.19935],[-119.63913,35.1993],[-119.6391,35.19927],[-119.63907,35.19923],[-119.63905,35.19921]]}},{"type":"Feature","properties":{"name":"4186","source":"Bureau of Land Management","source_detail":"BLM GTLF OBJECTID 160323","source_id":"{329A48C1-2677-4697-A705-F72816259211}","road_class":"transportation_system_-_primitive_road","surface":"natural","vehicle_class":"4wd_low","allowed_mode":"all_moto_veh","access_restriction":"unknown","seasonal_restriction":"not_listed","route_plan_id":"4186","gis_miles":0.1339853},"geometry":{"type":"LineString","coordinates":[[-119.57986,35.2112],[-119.57971,35.21065],[-119.5797,35.21061],[-119.57964,35.21033],[-119.57956,35.20995],[-119.57952,35.20979],[-119.57945,35.20937],[-119.57948,35.2093]]}},{"type":"Feature","properties":{"name":"6058","source":"Bureau of Land Management","source_detail":"BLM GTLF OBJECTID 160324","source_id":"{0E1E97BE-3D43-4444-A5A8-268C405A49BA}","road_class":"transportation_system_-_primitive_road","surface":"natural_improved","vehicle_class":"4wd_low","allowed_mode":"all_moto_veh","access_restriction":"unknown","seasonal_restriction":"not_listed","route_plan_id":"6058","gis_miles":0.21832382},"geometry":{"type":"LineString","coordinates":[[-119.55891,35.22299],[-119.55893,35.22299],[-119.55896,35.22299],[-119.559,35.22299],[-119.55904,35.22298],[-119.55909,35.22296],[-119.55913,35.22294],[-119.55918,35.22292],[-119.55923,35.2229],[-119.55929,35.22288],[-119.55934,35.22287],[-119.5594,35.22285],[-119.55945,35.22284],[-119.55951,35.22282],[-119.55957,35.22281],[-119.55963,35.22279],[-119.55969,35.22278],[-119.55975,35.22276],[-119.55982,35.22275],[-119.55988,35.22273],[-119.55994,35.22272],[-119.56,35.2227],[-119.56006,35.22269],[-119.5601,35.22268],[-119.56015,35.22267],[-119.56018,35.22266],[-119.56022,35.22266],[-119.56025,35.22265],[-119.56028,35.22264],[-119.5603,35.22264],[-119.56032,35.22264],[-119.56033,35.22264],[-119.56033,35.22264],[-119.56033,35.22264],[-119.56035,35.22263],[-119.56038,35.22264],[-119.56041,35.22264],[-119.56044,35.22265],[-119.56048,35.22266],[-119.56051,35.22267],[-119.56055,35.22268],[-119.56059,35.22269],[-119.56063,35.22271],[-119.56067,35.22273],[-119.56071,35.22274],[-119.56075,35.22276],[-119.56078,35.22277],[-119.56081,35.22278],[-119.56084,35.22279],[-119.56087,35.22281],[-119.5609,35.22282],[-119.56092,35.22283],[-119.56092,35.22283],[-119.56094,35.22284],[-119.56095,35.22285],[-119.56097,35.22286],[-119.561,35.22287],[-119.56102,35.22288],[-119.56104,35.2229],[-119.56107,35.22291],[-119.56109,35.22293],[-119.56112,35.22295],[-119.56115,35.22297],[-119.56118,35.223],[-119.56121,35.22302],[-119.56125,35.22305],[-119.56128,35.22308],[-119.56132,35.22311],[-119.56136,35.22314],[-119.5614,35.22317],[-119.56144,35.2232],[-119.56148,35.22322],[-119.56151,35.22325],[-119.56155,35.22328],[-119.56159,35.22331],[-119.56163,35.22334],[-119.56167,35.22337],[-119.56171,35.2234],[-119.56175,35.22344],[-119.56179,35.22347],[-119.56184,35.22351],[-119.56189,35.22354],[-119.56194,35.22357],[-119.56198,35.2236],[-119.56203,35.22363],[-119.56208,35.22366],[-119.56211,35.22368],[-119.56215,35.22371],[-119.56219,35.22373],[-119.56223,35.22375]]}},{"type":"Feature","properties":{"name":"5294","source":"Bureau of Land Management","source_detail":"BLM GTLF OBJECTID 160337","source_id":"{68FAFB89-BA7C-4197-8B69-C14B2CDBF6B0}","road_class":"transportation_system_-_primitive_road","surface":"natural_improved","vehicle_class":"4wd_low","allowed_mode":"all_moto_veh","access_restriction":"unknown","seasonal_restriction":"not_listed","route_plan_id":"5294","gis_miles":0.27177983},"geometry":{"type":"LineString","coordinates":[[-119.60834,35.24288],[-119.60831,35.24288],[-119.60826,35.24287],[-119.60821,35.24285],[-119.6082,35.24284],[-119.60815,35.24281],[-119.6081,35.24277],[-119.60805,35.24274],[-119.608,35.24271],[-119.60795,35.24268],[-119.60789,35.24265],[-119.60784,35.24263],[-119.60779,35.2426],[-119.60774,35.24258],[-119.60769,35.24256],[-119.60763,35.24253],[-119.60757,35.2425],[-119.6075,35.24247],[-119.60742,35.24244],[-119.60734,35.2424],[-119.60725,35.24236],[-119.60717,35.24232],[-119.60708,35.24228],[-119.60698,35.24224],[-119.60689,35.2422],[-119.6068,35.24216],[-119.60672,35.24212],[-119.6067,35.24211],[-119.60661,35.24207],[-119.60652,35.24204],[-119.60643,35.242],[-119.60635,35.24197],[-119.60627,35.24194],[-119.60619,35.24191],[-119.60611,35.24188],[-119.60604,35.24185],[-119.60598,35.24182],[-119.60591,35.24179],[-119.60585,35.24177],[-119.60579,35.24174],[-119.60574,35.24172],[-119.60568,35.24169],[-119.60563,35.24167],[-119.60557,35.24164],[-119.60552,35.24161],[-119.60546,35.24158],[-119.6054,35.24155],[-119.60534,35.24153],[-119.60527,35.24149],[-119.6052,35.24146],[-119.60513,35.24143],[-119.60505,35.24139],[-119.60499,35.24136],[-119.60497,35.24136],[-119.6049,35.24132],[-119.60483,35.24129],[-119.60476,35.24126],[-119.60469,35.24123],[-119.60462,35.2412],[-119.60457,35.24118],[-119.60452,35.24115],[-119.60447,35.24114],[-119.60442,35.24112],[-119.60436,35.24109],[-119.60431,35.24108],[-119.6043,35.24107],[-119.60425,35.24106],[-119.60421,35.24105],[-119.60416,35.24105],[-119.60413,35.24105],[-119.60411,35.24105]]}},{"type":"Feature","properties":{"name":"5250","source":"Bureau of Land Management","source_detail":"BLM GTLF OBJECTID 160340","source_id":"{AAF5ED1A-40A6-4B74-99C5-931B1AD69874}","road_class":"transportation_system_-_primitive_road","surface":"natural_improved","vehicle_class":"4wd_low","allowed_mode":"all_moto_veh","access_restriction":"unknown","seasonal_restriction":"not_listed","route_plan_id":"5250","gis_miles":0.41871534},"geometry":{"type":"LineString","coordinates":[[-119.60178,35.19473],[-119.60177,35.19478],[-119.60175,35.19483],[-119.60173,35.19489],[-119.60172,35.1949],[-119.6017,35.19493],[-119.60168,35.19496],[-119.60166,35.19499],[-119.60165,35.19501],[-119.60165,35.19501],[-119.60165,35.19501],[-119.60165,35.19501],[-119.60164,35.19502],[-119.60163,35.19503],[-119.60161,35.19506],[-119.60159,35.19508],[-119.60156,35.19512],[-119.60152,35.19516],[-119.60149,35.1952],[-119.60144,35.19525],[-119.60139,35.19529],[-119.60134,35.19533],[-119.60128,35.19536],[-119.60122,35.1954],[-119.60115,35.19544],[-119.60109,35.19547],[-119.60103,35.1955],[-119.60096,35.19553],[-119.6009,35.19556],[-119.60084,35.19559],[-119.60078,35.19562],[-119.60071,35.19565],[-119.60065,35.19569],[-119.60059,35.19573],[-119.60053,35.19577],[-119.60047,35.19581],[-119.60041,35.19586],[-119.60035,35.1959],[-119.6003,35.19595],[-119.60024,35.196],[-119.60019,35.19606],[-119.60014,35.19611],[-119.6001,35.19616],[-119.60006,35.19621],[-119.60002,35.19626],[-119.59999,35.19631],[-119.59995,35.19636],[-119.59993,35.19641],[-119.5999,35.19647],[-119.59988,35.19652],[-119.59985,35.19658],[-119.59983,35.19665],[-119.59981,35.19671],[-119.59979,35.19678],[-119.59977,35.19685],[-119.59975,35.19692],[-119.59974,35.197],[-119.59972,35.19707],[-119.5997,35.19714],[-119.59969,35.19721],[-119.59967,35.19727],[-119.59966,35.19733],[-119.59965,35.1974],[-119.59964,35.19747],[-119.59963,35.19753],[-119.59962,35.19759],[-119.59962,35.19765],[-119.5996,35.19771],[-119.59959,35.19776],[-119.59958,35.19782],[-119.59957,35.19788],[-119.59957,35.19793],[-119.59956,35.19799],[-119.59956,35.19803],[-119.59956,35.19807],[-119.59956,35.19811],[-119.59955,35.19815],[-119.59955,35.1982],[-119.59954,35.19824],[-119.59953,35.19828],[-119.59952,35.19832],[-119.5995,35.19836],[-119.59948,35.1984],[-119.59945,35.19844],[-119.59943,35.19848],[-119.5994,35.19852],[-119.59937,35.19855],[-119.59934,35.19859],[-119.5993,35.19863],[-119.59927,35.19867],[-119.59923,35.19872],[-119.59919,35.19876],[-119.59915,35.19881],[-119.59911,35.19886],[-119.59907,35.19891],[-119.59903,35.19896],[-119.59899,35.19901],[-119.59894,35.19906],[-119.5989,35.19911],[-119.59886,35.19916],[-119.59882,35.19921],[-119.59878,35.19926],[-119.59873,35.19931],[-119.59868,35.19936],[-119.59864,35.1994],[-119.59859,35.19945],[-119.59854,35.1995],[-119.59849,35.19955],[-119.59845,35.19959],[-119.5984,35.19964],[-119.59836,35.19969],[-119.59831,35.19973],[-119.59827,35.19978],[-119.59826,35.19979]]}},{"type":"Feature","properties":{"name":"4067","source":"Bureau of Land Management","source_detail":"BLM GTLF OBJECTID 160356","source_id":"{AA64D3EA-796D-43D8-8070-8545E6DF0BEA}","road_class":"transportation_system_-_primitive_road","surface":"natural_improved","vehicle_class":"2wd_low","allowed_mode":"all_moto_veh","access_restriction":"not_listed","seasonal_restriction":"not_listed","route_plan_id":"4067","gis_miles":0.04197166},"geometry":{"type":"LineString","coordinates":[[-119.60808,35.2107],[-119.60816,35.21054],[-119.6083,35.21029],[-119.6084,35.21016]]}},{"type":"Feature","properties":{"name":"5802","source":"Bureau of Land Management","source_detail":"BLM GTLF OBJECTID 160371","source_id":"{D199CA6C-0404-40B1-89EC-38D4A344A910}","road_class":"transportation_system_-_primitive_road","surface":"natural_improved","vehicle_class":"4wd_low","allowed_mode":"all_moto_veh","access_restriction":"unknown","seasonal_restriction":"not_listed","route_plan_id":"5802","gis_miles":0.11282794},"geometry":{"type":"LineString","coordinates":[[-119.54527,35.26635],[-119.54529,35.26635],[-119.54535,35.26634],[-119.54541,35.26633],[-119.54547,35.26633],[-119.54553,35.26635],[-119.54558,35.26638],[-119.54563,35.26641],[-119.54567,35.26644],[-119.54572,35.26649],[-119.54577,35.26653],[-119.54582,35.26657],[-119.54588,35.26662],[-119.54593,35.26666],[-119.546,35.26671],[-119.54606,35.26675],[-119.54613,35.26678],[-119.5462,35.26682],[-119.54628,35.26685],[-119.54636,35.26689],[-119.54643,35.26693],[-119.5465,35.26698],[-119.54656,35.26703],[-119.54663,35.26709],[-119.54668,35.26715],[-119.54674,35.26721],[-119.54679,35.26728],[-119.54679,35.26729]]}}]}