{"type":"FeatureCollection","features":[{"type":"Feature","properties":{"name":"(unnamed public road)","road_class":"track","source":"OpenStreetMap","source_detail":"osm way 14331205","source_tile":"176/380","surface_inferred":true},"geometry":{"type":"LineString","coordinates":[[-118.16149,41.98076],[-118.16113,41.98077],[-118.16101,41.98078],[-118.16088,41.98081],[-118.16079,41.98083],[-118.16068,41.98086],[-118.16059,41.98087],[-118.1605,41.98087],[-118.15994,41.98084],[-118.15959,41.98084],[-118.1588,41.98087],[-118.15813,41.98086],[-118.15753,41.98087],[-118.15743,41.98086],[-118.15734,41.98085],[-118.15724,41.98083],[-118.15715,41.9808],[-118.15691,41.98072],[-118.15639,41.9805],[-118.15613,41.9804],[-118.156,41.98037],[-118.15586,41.98034],[-118.15527,41.98027],[-118.15485,41.98019],[-118.15462,41.98013],[-118.15442,41.98007],[-118.15417,41.97996],[-118.15386,41.97987],[-118.15375,41.97985],[-118.15369,41.97985],[-118.15363,41.97985],[-118.15352,41.97987],[-118.15283,41.98007],[-118.15257,41.98013],[-118.15227,41.98018],[-118.15205,41.98021],[-118.15175,41.98024],[-118.15133,41.9803],[-118.1512,41.98033],[-118.15108,41.98036],[-118.15098,41.9804],[-118.15075,41.98051],[-118.15057,41.98058],[-118.15043,41.98061],[-118.15031,41.98064],[-118.15022,41.98067],[-118.15014,41.98071],[-118.15007,41.98077],[-118.14993,41.98094],[-118.14987,41.98099],[-118.14979,41.98105],[-118.14972,41.98109],[-118.14956,41.98117],[-118.14951,41.9812],[-118.14946,41.98123],[-118.14942,41.98127],[-118.14939,41.98131],[-118.1493,41.98148],[-118.14927,41.98159],[-118.14923,41.98166],[-118.14918,41.98172],[-118.14868,41.98226],[-118.14837,41.98261],[-118.14831,41.98271],[-118.1482,41.98298],[-118.1481,41.98319],[-118.14794,41.98344],[-118.14763,41.98387],[-118.14732,41.98442],[-118.14709,41.98481],[-118.14687,41.98517],[-118.14678,41.98531],[-118.1467,41.98541],[-118.14664,41.98548],[-118.14653,41.98557],[-118.14612,41.98588],[-118.14586,41.98605],[-118.14562,41.98618],[-118.14552,41.98622],[-118.14487,41.98639],[-118.14466,41.98644],[-118.14449,41.9865],[-118.14421,41.98661],[-118.14388,41.98673],[-118.14375,41.98677],[-118.14361,41.98681],[-118.14349,41.98683],[-118.14342,41.98683],[-118.14337,41.98684],[-118.14319,41.9869],[-118.14303,41.98693],[-118.14265,41.98697],[-118.14235,41.98701],[-118.14198,41.98704],[-118.14187,41.98705],[-118.14174,41.98711],[-118.14168,41.98713],[-118.14112,41.98721],[-118.1397,41.98748],[-118.13938,41.98753],[-118.13912,41.98756],[-118.13861,41.98761],[-118.13692,41.98781],[-118.1367,41.98785],[-118.13653,41.98788],[-118.13616,41.98797],[-118.1355,41.98848],[-118.13533,41.98867],[-118.13527,41.98873],[-118.1352,41.98878],[-118.13513,41.98882],[-118.13505,41.98886],[-118.13491,41.98891],[-118.13466,41.98897],[-118.13457,41.989],[-118.13443,41.98907],[-118.13431,41.98914],[-118.13416,41.98922],[-118.13408,41.98926],[-118.13402,41.98929],[-118.13395,41.98931],[-118.13388,41.98932],[-118.13374,41.98934],[-118.13359,41.98937],[-118.13345,41.98941],[-118.13338,41.98943],[-118.13298,41.98959],[-118.13265,41.98968],[-118.13207,41.98979],[-118.13183,41.98982],[-118.13168,41.98983],[-118.13151,41.98983],[-118.13148,41.98982],[-118.13141,41.98982],[-118.13135,41.98982],[-118.13128,41.98984],[-118.13123,41.98986],[-118.13106,41.98991],[-118.13095,41.98993],[-118.1308,41.98995],[-118.13054,41.98998],[-118.13014,41.99004],[-118.12967,41.99014],[-118.12889,41.99032],[-118.12852,41.99041],[-118.12804,41.99055],[-118.12793,41.99059],[-118.12783,41.99065],[-118.12758,41.99078],[-118.1274,41.99085],[-118.12721,41.9909],[-118.12701,41.99094],[-118.12681,41.99096],[-118.12664,41.99097],[-118.12661,41.99096],[-118.12651,41.99095],[-118.12641,41.99096],[-118.12631,41.99099],[-118.12615,41.99105],[-118.12605,41.99107],[-118.12596,41.99109],[-118.12586,41.9911],[-118.12576,41.99111],[-118.12564,41.9911],[-118.12524,41.9911],[-118.12485,41.99113],[-118.12464,41.99112],[-118.12424,41.99112],[-118.124,41.99111],[-118.12383,41.99109],[-118.12363,41.99105],[-118.12335,41.99098],[-118.12316,41.99092],[-118.12279,41.99079],[-118.12265,41.99073],[-118.12254,41.9907],[-118.12244,41.99067],[-118.12231,41.99065],[-118.12108,41.9907],[-118.1207,41.99072]]}},{"type":"Feature","properties":{"name":"(unnamed public road)","road_class":"track","source":"OpenStreetMap","source_detail":"osm way 14339542","source_tile":"176/380","surface_inferred":true},"geometry":{"type":"LineString","coordinates":[[-118.15854,41.85661],[-118.15847,41.85666],[-118.15812,41.85711],[-118.15759,41.85768],[-118.15757,41.85773],[-118.15707,41.85813],[-118.15666,41.85836],[-118.15655,41.85845],[-118.15642,41.85862],[-118.15629,41.85876],[-118.15618,41.85882],[-118.15591,41.85889],[-118.15576,41.85895],[-118.15566,41.85901],[-118.15557,41.8591],[-118.15549,41.85923],[-118.15543,41.85962],[-118.15531,41.86003],[-118.15533,41.86012],[-118.15544,41.86037],[-118.15546,41.86045],[-118.15545,41.8605],[-118.15541,41.86055],[-118.15515,41.86071],[-118.15504,41.8608],[-118.15461,41.8611],[-118.15442,41.86116],[-118.15408,41.86124],[-118.15375,41.86134],[-118.15361,41.86143],[-118.15357,41.86153],[-118.15368,41.86191],[-118.15382,41.86215],[-118.15401,41.86247],[-118.15404,41.86273],[-118.15425,41.8629],[-118.15427,41.86314],[-118.15415,41.86367],[-118.15417,41.86386],[-118.15402,41.86411],[-118.15377,41.86447],[-118.15352,41.8647],[-118.15313,41.86504],[-118.15301,41.86519],[-118.15292,41.86539],[-118.15285,41.86568],[-118.15286,41.8659],[-118.1529,41.86619],[-118.15296,41.86641],[-118.15334,41.86723],[-118.1535,41.86744],[-118.15373,41.86776],[-118.15397,41.868],[-118.15422,41.86821],[-118.15487,41.86862],[-118.15501,41.86873],[-118.15532,41.86893],[-118.15546,41.86905],[-118.15557,41.86918],[-118.15573,41.86956],[-118.15601,41.87019],[-118.15641,41.8708],[-118.15661,41.87106],[-118.15699,41.87141],[-118.15722,41.8716],[-118.15802,41.87209],[-118.15816,41.87223],[-118.1583,41.87244],[-118.15831,41.87258],[-118.15852,41.87315],[-118.1585,41.87327],[-118.15861,41.87364],[-118.15865,41.87373],[-118.15869,41.8738],[-118.15873,41.87385],[-118.15877,41.87388],[-118.15886,41.87395],[-118.15902,41.87405],[-118.15923,41.87418],[-118.15968,41.87441],[-118.1599,41.87454],[-118.16005,41.87464],[-118.16017,41.87473],[-118.16031,41.87486],[-118.16034,41.87491],[-118.16035,41.87496],[-118.16035,41.87501],[-118.16034,41.87506],[-118.16026,41.87525],[-118.15994,41.87598],[-118.15981,41.87628],[-118.15979,41.87632],[-118.15975,41.87635],[-118.15968,41.87638],[-118.1591,41.87656],[-118.15891,41.87664],[-118.15869,41.87673],[-118.15845,41.87686],[-118.15836,41.87692],[-118.15826,41.877],[-118.15801,41.87728],[-118.15791,41.87742],[-118.15776,41.87767],[-118.15764,41.87784],[-118.15756,41.87797],[-118.15698,41.87867],[-118.15674,41.87902],[-118.15663,41.87922],[-118.15643,41.87951],[-118.1562,41.87981],[-118.15614,41.87986],[-118.15608,41.87992],[-118.15607,41.87995],[-118.15609,41.88006],[-118.15608,41.8801],[-118.15605,41.88013],[-118.15601,41.88015],[-118.15588,41.8802],[-118.15545,41.88034],[-118.15501,41.88049],[-118.15405,41.88085],[-118.15391,41.88091],[-118.15379,41.88099],[-118.15368,41.88107],[-118.15361,41.88113],[-118.15353,41.88118],[-118.15343,41.88123],[-118.15333,41.88125],[-118.15321,41.88126],[-118.15314,41.88128],[-118.15306,41.8813],[-118.15299,41.88133],[-118.15271,41.88144],[-118.15256,41.8815],[-118.15243,41.88154],[-118.1523,41.88157],[-118.15217,41.88158],[-118.15198,41.88158],[-118.15181,41.88158],[-118.1514,41.88159],[-118.15127,41.88159],[-118.15112,41.88161],[-118.151,41.88163],[-118.15089,41.88166],[-118.15072,41.8817],[-118.15054,41.88172],[-118.15023,41.88173],[-118.14986,41.88173],[-118.14972,41.88171],[-118.1494,41.88162],[-118.1488,41.88142],[-118.14812,41.88117],[-118.14803,41.88114],[-118.14738,41.88101],[-118.14731,41.88101],[-118.14593,41.88104],[-118.14555,41.88104],[-118.14549,41.88105],[-118.14544,41.88107],[-118.14536,41.88116],[-118.14529,41.88121],[-118.14487,41.88144],[-118.14464,41.88157],[-118.14444,41.88169],[-118.14365,41.8823],[-118.14357,41.88235],[-118.14338,41.88245],[-118.14291,41.88269],[-118.14269,41.8828],[-118.14198,41.88313],[-118.14133,41.88345],[-118.14116,41.88355],[-118.14103,41.88365],[-118.14088,41.88378],[-118.14072,41.88391],[-118.14048,41.88408],[-118.14005,41.88441],[-118.13977,41.88459],[-118.13949,41.88476],[-118.13927,41.88491],[-118.13907,41.88508],[-118.13839,41.8856],[-118.13788,41.88595],[-118.13724,41.88641],[-118.13686,41.88671],[-118.13653,41.88701],[-118.13634,41.88716],[-118.136,41.88742],[-118.13558,41.88777],[-118.13524,41.8881],[-118.13489,41.88844],[-118.13454,41.88877],[-118.13415,41.88917],[-118.13396,41.88938],[-118.1336,41.88969],[-118.13348,41.8898],[-118.13337,41.88992],[-118.13321,41.89012],[-118.13283,41.89052],[-118.13257,41.89089],[-118.13235,41.89122],[-118.13204,41.89173],[-118.13197,41.89182],[-118.13177,41.89204],[-118.13165,41.89216],[-118.13136,41.89247],[-118.13109,41.8928],[-118.13084,41.89313],[-118.13059,41.8935],[-118.1302,41.894],[-118.12994,41.89434],[-118.12974,41.89465],[-118.12956,41.89495],[-118.12943,41.89513],[-118.12933,41.89525],[-118.12928,41.8953],[-118.12922,41.89534],[-118.12913,41.89539],[-118.12892,41.8955],[-118.12819,41.89589],[-118.12736,41.8963],[-118.1265,41.89675],[-118.12578,41.89712],[-118.12512,41.89743],[-118.12473,41.89759],[-118.12412,41.89784],[-118.12382,41.89792],[-118.12375,41.89795],[-118.12367,41.89799],[-118.1236,41.89803],[-118.12348,41.89812]]}},{"type":"Feature","properties":{"name":"(unnamed public road)","road_class":"track","source":"OpenStreetMap","source_detail":"osm way 14339941","source_tile":"176/380","surface_inferred":true},"geometry":{"type":"LineString","coordinates":[[-118.12091,41.80473],[-118.12107,41.80473],[-118.12117,41.80472],[-118.12126,41.80467],[-118.12135,41.8046],[-118.12147,41.80452],[-118.12166,41.80446],[-118.12208,41.80439],[-118.12266,41.80432],[-118.12305,41.80425],[-118.12349,41.80418],[-118.12362,41.80418],[-118.12375,41.80419],[-118.12389,41.80425],[-118.12437,41.80457],[-118.12489,41.80492],[-118.12521,41.8051],[-118.12568,41.80534],[-118.1261,41.80554],[-118.1265,41.80569],[-118.12677,41.80582],[-118.1272,41.80597],[-118.12752,41.80608],[-118.12787,41.8062],[-118.12817,41.80628],[-118.12859,41.80637],[-118.12894,41.80642],[-118.12937,41.80646],[-118.12992,41.80648],[-118.13025,41.80651],[-118.13048,41.80656],[-118.13081,41.8066],[-118.13153,41.80667],[-118.13173,41.80671],[-118.13198,41.80683],[-118.133,41.8074],[-118.13333,41.8076],[-118.13356,41.80775],[-118.13379,41.80786],[-118.13406,41.80792],[-118.13454,41.80802],[-118.1348,41.80806],[-118.13496,41.80806],[-118.13517,41.80806],[-118.13584,41.80798],[-118.13608,41.80796],[-118.13685,41.80794],[-118.13716,41.80796],[-118.1374,41.808],[-118.13764,41.80804],[-118.1378,41.80806],[-118.13815,41.80803],[-118.1386,41.80799],[-118.13885,41.80798],[-118.13911,41.80799],[-118.13935,41.80802],[-118.13957,41.80808],[-118.13992,41.80818],[-118.14004,41.80819],[-118.14019,41.8082],[-118.14057,41.80814],[-118.14079,41.80812],[-118.14101,41.80812],[-118.14133,41.80815],[-118.14168,41.80819],[-118.14193,41.8082],[-118.14217,41.80819],[-118.14237,41.80814],[-118.14258,41.80808],[-118.14276,41.80799],[-118.14299,41.80788],[-118.14324,41.80779],[-118.14384,41.80756],[-118.14427,41.80738],[-118.14446,41.80729],[-118.14463,41.80723],[-118.14479,41.80718],[-118.14511,41.80712],[-118.14577,41.80692],[-118.14607,41.80684],[-118.14647,41.8067],[-118.14674,41.80658],[-118.14695,41.80653],[-118.14713,41.80649],[-118.14729,41.80647],[-118.14749,41.80645],[-118.14792,41.80645],[-118.14818,41.80643],[-118.14854,41.80636],[-118.1492,41.80622],[-118.14939,41.8062],[-118.14955,41.80619],[-118.14974,41.8062],[-118.14993,41.80622],[-118.15013,41.80628],[-118.15031,41.80635],[-118.15048,41.80646],[-118.15059,41.80656],[-118.1507,41.80667],[-118.15088,41.80682],[-118.15109,41.80697],[-118.15129,41.80713],[-118.1514,41.80723],[-118.15149,41.80735],[-118.15156,41.80747],[-118.15159,41.80766],[-118.15162,41.8078],[-118.15166,41.80796],[-118.15177,41.80821],[-118.1519,41.80852],[-118.15195,41.80874],[-118.15196,41.80899],[-118.15195,41.80919],[-118.15184,41.80966],[-118.15173,41.81001],[-118.15159,41.81025],[-118.15138,41.81055],[-118.15107,41.81097],[-118.15085,41.81133],[-118.15071,41.81159],[-118.15062,41.81186],[-118.15054,41.81219],[-118.1505,41.81243],[-118.15048,41.81271],[-118.15041,41.81283],[-118.15031,41.81313],[-118.15027,41.81323],[-118.15017,41.81336],[-118.14977,41.8138],[-118.14967,41.81398],[-118.1495,41.81452],[-118.1494,41.81476],[-118.14935,41.81498],[-118.1493,41.81518],[-118.14924,41.81538],[-118.14916,41.81553],[-118.14911,41.81569],[-118.1491,41.81605],[-118.14901,41.81674],[-118.14896,41.817],[-118.14892,41.81723],[-118.14885,41.81747],[-118.14883,41.81768],[-118.14875,41.81808],[-118.14872,41.81827],[-118.14877,41.81847],[-118.14878,41.81871],[-118.14881,41.81894],[-118.14885,41.81917],[-118.14895,41.81936],[-118.14897,41.81944],[-118.14898,41.81952],[-118.14897,41.81965],[-118.14875,41.82019],[-118.14868,41.82042],[-118.1486,41.82064],[-118.14825,41.82129],[-118.14817,41.82147],[-118.14812,41.82168],[-118.14807,41.82198],[-118.14801,41.82221],[-118.14799,41.82244],[-118.14795,41.82272],[-118.14787,41.82304],[-118.14778,41.82338],[-118.1477,41.82363],[-118.14753,41.82414],[-118.14749,41.82431],[-118.14749,41.8245],[-118.14747,41.82464],[-118.14742,41.82472],[-118.14737,41.8248],[-118.14728,41.82485],[-118.14712,41.82491],[-118.14661,41.82507],[-118.14547,41.82541],[-118.14468,41.82562],[-118.14391,41.82582],[-118.14294,41.82606],[-118.14251,41.82618],[-118.14189,41.82638],[-118.14147,41.8265],[-118.14105,41.82664],[-118.13996,41.827],[-118.13802,41.82758],[-118.13622,41.82816],[-118.13438,41.82875],[-118.13311,41.82914],[-118.13183,41.82953],[-118.13105,41.82976],[-118.12983,41.83013],[-118.12813,41.83064],[-118.12715,41.83093],[-118.1269,41.83099],[-118.1268,41.83102],[-118.12673,41.83105],[-118.12665,41.83114],[-118.12648,41.83143],[-118.12627,41.83174],[-118.12574,41.8326],[-118.12459,41.83438],[-118.12414,41.83507],[-118.12364,41.83579],[-118.12313,41.8365],[-118.12257,41.83725],[-118.12205,41.83795],[-118.12167,41.83844],[-118.12122,41.83905],[-118.12104,41.83934],[-118.12098,41.83943],[-118.12089,41.8395],[-118.12076,41.83957],[-118.12051,41.83964],[-118.12043,41.83967],[-118.12026,41.83967],[-118.12012,41.83962],[-118.11998,41.83954],[-118.11977,41.83934],[-118.11965,41.83926],[-118.11948,41.83919],[-118.11928,41.83907],[-118.11913,41.83893],[-118.11901,41.83884],[-118.11885,41.83874],[-118.11873,41.8387],[-118.11845,41.83865],[-118.11829,41.83866],[-118.11808,41.83875],[-118.11789,41.83884],[-118.11759,41.83898],[-118.11728,41.83916],[-118.11705,41.83935],[-118.11678,41.83954],[-118.11656,41.83968],[-118.1164,41.83976],[-118.11628,41.8398],[-118.11603,41.83979],[-118.11536,41.83974],[-118.11489,41.83973],[-118.11453,41.83978],[-118.11391,41.83994],[-118.11349,41.84009],[-118.11336,41.84015],[-118.11312,41.8403],[-118.11305,41.84043],[-118.113,41.8405],[-118.11299,41.84058],[-118.11297,41.84064],[-118.11297,41.84073],[-118.11299,41.84085],[-118.11311,41.84103],[-118.11352,41.84173],[-118.11365,41.84187],[-118.11381,41.84199],[-118.11398,41.84209],[-118.1143,41.84218],[-118.11437,41.84223],[-118.11446,41.84229],[-118.11451,41.84236],[-118.11452,41.84243],[-118.11449,41.84253],[-118.11438,41.84271],[-118.11421,41.8429],[-118.11386,41.84328],[-118.11379,41.84337],[-118.11375,41.84349],[-118.1137,41.84361],[-118.1136,41.84371],[-118.11345,41.84382],[-118.11331,41.84396],[-118.11309,41.84425],[-118.113,41.84433],[-118.11288,41.84441],[-118.11267,41.84451],[-118.11244,41.84466],[-118.11229,41.8448],[-118.11222,41.84489],[-118.11217,41.845],[-118.11213,41.84517],[-118.11208,41.84555],[-118.11204,41.84575],[-118.11196,41.84601],[-118.11185,41.84633],[-118.11162,41.84686],[-118.11155,41.84707],[-118.11147,41.84734],[-118.11137,41.84768],[-118.11129,41.84791],[-118.11125,41.84802],[-118.11124,41.84812],[-118.11125,41.84822],[-118.11121,41.84849],[-118.11118,41.84858],[-118.11111,41.84904],[-118.11106,41.84929],[-118.11099,41.84955],[-118.11093,41.84969],[-118.11087,41.84977],[-118.11079,41.84985],[-118.11046,41.85013],[-118.11038,41.85021],[-118.11024,41.85033],[-118.11006,41.85046],[-118.10982,41.85061],[-118.10964,41.85073],[-118.10942,41.8509],[-118.10934,41.85099],[-118.10907,41.85138],[-118.10889,41.85161],[-118.10871,41.85181],[-118.10848,41.85211],[-118.10845,41.85218],[-118.10837,41.85245],[-118.10829,41.85263],[-118.10809,41.85296],[-118.10799,41.85309],[-118.10784,41.85322],[-118.1067,41.85412],[-118.10666,41.85418],[-118.10664,41.85424],[-118.10656,41.85475],[-118.10651,41.855],[-118.10647,41.85519],[-118.10646,41.85536],[-118.10647,41.85557],[-118.10647,41.85572],[-118.10636,41.85668],[-118.10633,41.85692],[-118.10634,41.85713],[-118.10635,41.8573],[-118.1064,41.85761],[-118.10651,41.85807],[-118.10652,41.85819],[-118.1065,41.85841],[-118.10653,41.85857],[-118.10667,41.85906],[-118.1068,41.85946],[-118.10685,41.85967],[-118.10691,41.85989],[-118.107,41.86017],[-118.10706,41.86037],[-118.10713,41.86057],[-118.10716,41.86072],[-118.1072,41.86089],[-118.10728,41.86104],[-118.10743,41.86126],[-118.1075,41.8614],[-118.10754,41.86152],[-118.10757,41.86168],[-118.1076,41.86196],[-118.10763,41.86212],[-118.10765,41.86232],[-118.10769,41.86247],[-118.10777,41.86261],[-118.1079,41.86274],[-118.10799,41.86285],[-118.10809,41.8629],[-118.10833,41.86295],[-118.10849,41.863],[-118.10897,41.86326],[-118.10936,41.86349],[-118.10949,41.86353],[-118.10962,41.86359],[-118.10971,41.86364],[-118.10979,41.86371],[-118.10988,41.86384],[-118.10998,41.86396],[-118.11031,41.86422],[-118.11055,41.86438],[-118.11073,41.86455],[-118.11077,41.86463],[-118.11083,41.86481],[-118.11093,41.86516],[-118.11103,41.86545],[-118.11122,41.86595],[-118.11127,41.86609],[-118.11131,41.86629],[-118.11134,41.86648],[-118.1114,41.86664],[-118.11154,41.86688],[-118.11172,41.86715],[-118.11182,41.86734],[-118.11188,41.8675],[-118.11193,41.8677],[-118.112,41.86792],[-118.11214,41.86832],[-118.1123,41.86869],[-118.11236,41.86886],[-118.11238,41.86896],[-118.1124,41.86909],[-118.11241,41.86918],[-118.11245,41.86933],[-118.11251,41.86951],[-118.11257,41.86997],[-118.11261,41.87012],[-118.11267,41.87027],[-118.11274,41.87038],[-118.1128,41.87051],[-118.1129,41.87081],[-118.11298,41.87105],[-118.11308,41.87124],[-118.11324,41.87147],[-118.11335,41.87163],[-118.1134,41.87173],[-118.11348,41.87197],[-118.11354,41.87212],[-118.11365,41.87233],[-118.11404,41.87295],[-118.11409,41.87307],[-118.11427,41.87345],[-118.11439,41.87366],[-118.1145,41.87387],[-118.11459,41.87409],[-118.11466,41.87429],[-118.11482,41.87463],[-118.11491,41.87482],[-118.11501,41.87503],[-118.11513,41.87522],[-118.11549,41.8758],[-118.11569,41.87608],[-118.11593,41.87637],[-118.11614,41.87662],[-118.11634,41.87683],[-118.11646,41.87695],[-118.1166,41.87708],[-118.11671,41.87724],[-118.11685,41.87745],[-118.11695,41.87761],[-118.11699,41.87776],[-118.11702,41.87782],[-118.11708,41.87798],[-118.1171,41.87807],[-118.11717,41.87823],[-118.1173,41.87851],[-118.11747,41.87889],[-118.1178,41.87946],[-118.11793,41.87967],[-118.11808,41.87983],[-118.11815,41.87993],[-118.11822,41.88005],[-118.11846,41.88056],[-118.11858,41.88079],[-118.11861,41.88088],[-118.1187,41.88125],[-118.11882,41.8816],[-118.11897,41.88202],[-118.11899,41.88208],[-118.11915,41.88256],[-118.11927,41.88309],[-118.11941,41.88346],[-118.11947,41.88366],[-118.11952,41.88378],[-118.11955,41.8839],[-118.11954,41.88433],[-118.11954,41.88487],[-118.11952,41.88502],[-118.11942,41.88548],[-118.11936,41.88603],[-118.11931,41.88627],[-118.11921,41.88663],[-118.11915,41.88683],[-118.11913,41.88694],[-118.11913,41.88703],[-118.11913,41.88712],[-118.11917,41.88741],[-118.11922,41.88762],[-118.11933,41.88802],[-118.11937,41.88813],[-118.11944,41.88828],[-118.11955,41.88847],[-118.11984,41.88892],[-118.11995,41.88912],[-118.12001,41.88926],[-118.12004,41.88935],[-118.12004,41.88939],[-118.12003,41.88943],[-118.12002,41.88945],[-118.11992,41.88959],[-118.11989,41.88966],[-118.11975,41.8901],[-118.1197,41.89033],[-118.11967,41.89053],[-118.11962,41.89118],[-118.11959,41.89151],[-118.11959,41.89178],[-118.1196,41.89239],[-118.11961,41.89263],[-118.11962,41.89271],[-118.11968,41.89292],[-118.11976,41.89322],[-118.11986,41.89349],[-118.12014,41.89417],[-118.12026,41.89441],[-118.12041,41.89467],[-118.12048,41.89477],[-118.12054,41.89487],[-118.12078,41.89537],[-118.12088,41.89555],[-118.12094,41.89569],[-118.121,41.89584],[-118.12117,41.89619],[-118.12127,41.89644],[-118.12146,41.897],[-118.12153,41.89719],[-118.12156,41.89724],[-118.12163,41.89732],[-118.12171,41.89739],[-118.12181,41.89745],[-118.12206,41.89759],[-118.12239,41.89776],[-118.1225,41.89782],[-118.1227,41.89787],[-118.12277,41.89788],[-118.12288,41.8979],[-118.12296,41.89792],[-118.12329,41.89808],[-118.12337,41.8981],[-118.12348,41.89812],[-118.12373,41.89815],[-118.1238,41.89816],[-118.12386,41.89819],[-118.12391,41.89822],[-118.12395,41.89827],[-118.12399,41.89836],[-118.12401,41.89842],[-118.12415,41.89866],[-118.12421,41.89871],[-118.12426,41.89874],[-118.12509,41.89857],[-118.12529,41.89854],[-118.12546,41.89851],[-118.12581,41.89847],[-118.12635,41.89841],[-118.12651,41.89837],[-118.12682,41.89828],[-118.12738,41.8981],[-118.12749,41.89807],[-118.12764,41.89804],[-118.12801,41.898],[-118.12832,41.89798],[-118.12844,41.89798],[-118.12856,41.898],[-118.12867,41.89802],[-118.12878,41.89805],[-118.12912,41.89818],[-118.1293,41.89824],[-118.12975,41.89837],[-118.13068,41.89861],[-118.13138,41.89877],[-118.13198,41.8989],[-118.13234,41.899],[-118.13276,41.89909],[-118.13313,41.89916],[-118.13336,41.89921],[-118.13377,41.89933],[-118.13426,41.89953],[-118.13457,41.89969],[-118.13498,41.89993],[-118.1351,41.90001],[-118.13519,41.90005],[-118.13541,41.90012],[-118.13583,41.90021],[-118.13656,41.90035],[-118.13755,41.90055],[-118.13837,41.90074],[-118.13872,41.9008],[-118.13895,41.90085],[-118.13915,41.9009],[-118.13934,41.90098],[-118.13941,41.901],[-118.13949,41.90101],[-118.13957,41.90102],[-118.13965,41.90103],[-118.13973,41.90102],[-118.13984,41.90101],[-118.14013,41.90096],[-118.14058,41.90087],[-118.14118,41.90073],[-118.14218,41.90047],[-118.14252,41.90036],[-118.14266,41.90032],[-118.14293,41.90024],[-118.14314,41.90019],[-118.14334,41.90015],[-118.14349,41.90011],[-118.1438,41.9],[-118.14393,41.89994],[-118.14436,41.89973],[-118.14448,41.89966],[-118.14457,41.89961],[-118.14463,41.89959],[-118.14469,41.89958],[-118.14474,41.89959],[-118.14476,41.89961],[-118.14477,41.89965],[-118.14473,41.89981],[-118.14467,41.89999],[-118.14464,41.90014],[-118.14461,41.90025],[-118.14457,41.90035],[-118.14449,41.90048],[-118.14437,41.90064],[-118.14423,41.9008],[-118.14408,41.90099],[-118.14405,41.90105],[-118.14405,41.9011],[-118.14408,41.9013],[-118.14413,41.90156],[-118.14415,41.90161],[-118.14418,41.90166],[-118.14426,41.90169],[-118.14431,41.9017],[-118.14436,41.9017],[-118.14443,41.90168],[-118.14453,41.90165],[-118.14474,41.90156],[-118.1454,41.9012],[-118.14566,41.90107],[-118.14577,41.90099],[-118.14586,41.90091],[-118.14597,41.90077],[-118.14605,41.90063],[-118.14616,41.90047],[-118.14642,41.90018],[-118.14655,41.90002],[-118.14702,41.89949],[-118.14749,41.89901],[-118.14763,41.89886],[-118.14769,41.8988],[-118.14774,41.89877],[-118.14785,41.89872],[-118.14792,41.89871],[-118.14806,41.8987],[-118.14823,41.8987],[-118.14862,41.89871],[-118.14926,41.89876],[-118.14953,41.8988],[-118.14965,41.89884],[-118.14972,41.89888],[-118.14979,41.89892],[-118.14984,41.89896],[-118.15018,41.8993],[-118.15087,41.90013],[-118.15119,41.90052],[-118.15145,41.9008],[-118.15157,41.90092],[-118.15167,41.90099],[-118.15188,41.90111],[-118.15198,41.9012],[-118.15202,41.90125],[-118.15207,41.90134],[-118.1521,41.90141],[-118.15211,41.90148],[-118.15212,41.90155],[-118.15211,41.90162],[-118.1521,41.90169],[-118.15206,41.90178],[-118.15195,41.90201],[-118.1519,41.90214],[-118.15188,41.90223],[-118.15187,41.90232],[-118.15188,41.90241],[-118.1519,41.9025],[-118.15191,41.90255],[-118.15194,41.90269],[-118.15205,41.90306],[-118.15215,41.90347],[-118.15218,41.90357],[-118.15222,41.90362],[-118.15235,41.90374],[-118.1524,41.9038],[-118.15244,41.90386],[-118.15248,41.90393],[-118.1525,41.904],[-118.15252,41.90407],[-118.15254,41.90434],[-118.15261,41.90514],[-118.15267,41.9056],[-118.15268,41.90609],[-118.15273,41.90652],[-118.15295,41.90784],[-118.15303,41.90845],[-118.15319,41.90928],[-118.15338,41.90994],[-118.15346,41.91011],[-118.1536,41.91055],[-118.15363,41.91059],[-118.15368,41.91062],[-118.15373,41.91064],[-118.15381,41.91066],[-118.15387,41.91066],[-118.15392,41.91065],[-118.1542,41.9106],[-118.15423,41.91061],[-118.15425,41.91063],[-118.15425,41.91065],[-118.15418,41.91082],[-118.15409,41.91105],[-118.15393,41.91142],[-118.15384,41.91156],[-118.15381,41.91161],[-118.15379,41.91166],[-118.15378,41.91172],[-118.15378,41.91178],[-118.15378,41.91184],[-118.15379,41.91189],[-118.15382,41.91197],[-118.1539,41.91209],[-118.15396,41.91226],[-118.154,41.91239],[-118.15404,41.9126],[-118.15409,41.913],[-118.15408,41.91305],[-118.15407,41.9131],[-118.15406,41.91314],[-118.15397,41.91333],[-118.15355,41.91407],[-118.15333,41.91438],[-118.15299,41.91485],[-118.15291,41.915],[-118.15274,41.91533],[-118.15245,41.91578],[-118.15234,41.91595],[-118.1522,41.91611],[-118.15209,41.91623],[-118.15185,41.91645],[-118.15175,41.91658],[-118.15168,41.91669],[-118.15167,41.91672],[-118.15166,41.91677],[-118.15166,41.91682],[-118.15168,41.91687],[-118.15174,41.91694],[-118.15176,41.91697],[-118.15182,41.91701],[-118.15188,41.91704],[-118.15192,41.91705],[-118.15223,41.91707],[-118.15313,41.91706]]}},{"type":"Feature","properties":{"name":"(unnamed public road)","road_class":"track","source":"OpenStreetMap","source_detail":"osm way 14344200","source_tile":"176/380","surface_inferred":true},"geometry":{"type":"LineString","coordinates":[[-118.1207,41.99072],[-118.12077,41.99065],[-118.12082,41.99057],[-118.12085,41.99052],[-118.12089,41.99048],[-118.121,41.99041],[-118.12115,41.99034],[-118.1212,41.9903],[-118.12124,41.99024],[-118.12129,41.9901],[-118.12131,41.98997],[-118.1213,41.98991],[-118.12128,41.98986],[-118.12124,41.98981],[-118.12118,41.98976],[-118.12103,41.98968],[-118.12088,41.98964],[-118.12074,41.9896],[-118.12053,41.98952],[-118.12032,41.98946],[-118.1201,41.98939],[-118.11994,41.98931],[-118.11968,41.98915],[-118.11908,41.98886],[-118.11898,41.98879],[-118.11888,41.98871],[-118.11879,41.98863],[-118.11872,41.98856],[-118.11851,41.98823],[-118.11845,41.98812],[-118.11843,41.98804],[-118.1184,41.98788],[-118.11836,41.9877],[-118.11831,41.98751],[-118.11826,41.98736],[-118.11825,41.98729],[-118.11824,41.98721],[-118.11825,41.98713],[-118.11826,41.98705],[-118.11829,41.98697],[-118.11833,41.9869],[-118.11838,41.98683],[-118.11858,41.98658],[-118.11875,41.98633],[-118.11882,41.98621],[-118.11889,41.98607],[-118.11897,41.98587],[-118.11903,41.98575],[-118.11908,41.98568],[-118.11912,41.9856],[-118.11913,41.98551],[-118.11913,41.98546],[-118.11912,41.98542],[-118.11911,41.98537],[-118.11908,41.98532],[-118.11905,41.98525],[-118.11903,41.98512],[-118.11902,41.98498],[-118.11902,41.98493],[-118.11899,41.98487],[-118.11892,41.98477],[-118.11887,41.98465],[-118.11884,41.98456],[-118.11882,41.98448],[-118.11876,41.98437],[-118.11873,41.98433],[-118.11869,41.98429],[-118.1186,41.98424],[-118.11829,41.98409],[-118.11811,41.98398],[-118.11795,41.98386],[-118.11787,41.98379],[-118.1178,41.98373],[-118.11775,41.98368],[-118.11769,41.9836],[-118.11763,41.98353],[-118.1176,41.9835],[-118.11751,41.98346],[-118.11742,41.98342],[-118.11713,41.98338],[-118.1164,41.98322],[-118.11634,41.98321],[-118.1163,41.98319],[-118.11625,41.98313],[-118.11622,41.98309],[-118.11618,41.98297],[-118.11615,41.98291],[-118.1161,41.98286],[-118.11562,41.98252],[-118.11547,41.98243],[-118.11538,41.98238],[-118.11532,41.98233],[-118.11527,41.98226],[-118.11524,41.98219],[-118.11522,41.98201],[-118.11518,41.98173],[-118.11512,41.9814],[-118.11507,41.98105],[-118.11503,41.98081],[-118.11502,41.98059],[-118.11502,41.98041],[-118.115,41.98018],[-118.11492,41.97966],[-118.11491,41.97953],[-118.11491,41.97947],[-118.11493,41.97941],[-118.11503,41.97924],[-118.11514,41.97913],[-118.11522,41.97903],[-118.11531,41.97889],[-118.11536,41.97879],[-118.1154,41.97868],[-118.11542,41.97856],[-118.11543,41.97839],[-118.11538,41.97794],[-118.11538,41.9778],[-118.11539,41.97775],[-118.11542,41.97769],[-118.11546,41.97764],[-118.11555,41.97758],[-118.11574,41.9775],[-118.11586,41.97745],[-118.11595,41.97739],[-118.11604,41.97732],[-118.11626,41.97712],[-118.11647,41.97696],[-118.1166,41.97687],[-118.11681,41.97676],[-118.11701,41.97663],[-118.11716,41.97651],[-118.11733,41.97637],[-118.1175,41.9762],[-118.1176,41.97608],[-118.11766,41.97601],[-118.11774,41.97587],[-118.1179,41.97555],[-118.11814,41.97509],[-118.11842,41.97444],[-118.11855,41.97416],[-118.11872,41.97391],[-118.11878,41.97384],[-118.11896,41.97358],[-118.11917,41.97322],[-118.11928,41.97306],[-118.11947,41.97283],[-118.11954,41.97275],[-118.11959,41.97265],[-118.11962,41.97257],[-118.11964,41.97253],[-118.11967,41.9725],[-118.1197,41.97246],[-118.11979,41.97237],[-118.11987,41.97229],[-118.11993,41.9722],[-118.11998,41.9721],[-118.12006,41.97194],[-118.12014,41.9718],[-118.12028,41.97152],[-118.12033,41.97145],[-118.12043,41.97133],[-118.12048,41.97125],[-118.12053,41.97117],[-118.12062,41.97091],[-118.12067,41.97073],[-118.12071,41.97053],[-118.12073,41.97045],[-118.12075,41.9704],[-118.12081,41.97028],[-118.12086,41.97019],[-118.12095,41.97003],[-118.12098,41.96996],[-118.12142,41.96932],[-118.12156,41.9691],[-118.12168,41.96886],[-118.12179,41.96862],[-118.12187,41.96842],[-118.12198,41.96815],[-118.12205,41.96801],[-118.12214,41.96787],[-118.12235,41.96755],[-118.12262,41.96715],[-118.12288,41.96681],[-118.12326,41.96637],[-118.1234,41.96622],[-118.1235,41.96612],[-118.1236,41.96601],[-118.12378,41.96587],[-118.12396,41.9657],[-118.12418,41.96546],[-118.12448,41.96516],[-118.12464,41.96497],[-118.12477,41.96478],[-118.12498,41.96453],[-118.12569,41.96388],[-118.12629,41.96325],[-118.12659,41.96291],[-118.12691,41.96259],[-118.12713,41.96238],[-118.12746,41.96209],[-118.12775,41.9618],[-118.12808,41.96144],[-118.12836,41.96117],[-118.12914,41.9605],[-118.12936,41.96032],[-118.12954,41.96015],[-118.12978,41.9599],[-118.12988,41.9598],[-118.12999,41.95965],[-118.13053,41.95885],[-118.13075,41.95853],[-118.13085,41.95842],[-118.13112,41.95817],[-118.13126,41.95801],[-118.13136,41.95787],[-118.13157,41.95743],[-118.13185,41.95702],[-118.13191,41.95695],[-118.13196,41.9569],[-118.13204,41.95686],[-118.13213,41.95683],[-118.13227,41.95681],[-118.13237,41.9568],[-118.1325,41.9568],[-118.13257,41.95682],[-118.13294,41.95698],[-118.13297,41.95699],[-118.13305,41.95699],[-118.13311,41.95698],[-118.13316,41.95696],[-118.13323,41.9569],[-118.13331,41.95684],[-118.13336,41.95677],[-118.13354,41.95652],[-118.13366,41.95634],[-118.13387,41.95595],[-118.13433,41.95517],[-118.13456,41.95479],[-118.1346,41.9547],[-118.13465,41.95465],[-118.13469,41.95459],[-118.13475,41.95454],[-118.13496,41.95432],[-118.13512,41.95418],[-118.13528,41.95406],[-118.13551,41.95394],[-118.13596,41.95371],[-118.13641,41.95351],[-118.13657,41.95342],[-118.13683,41.95326],[-118.137,41.95314],[-118.13738,41.95282],[-118.13759,41.95268],[-118.13799,41.95241],[-118.13824,41.95223],[-118.13836,41.95213],[-118.13875,41.95171],[-118.13884,41.9516],[-118.139,41.95142],[-118.13923,41.95125],[-118.13933,41.95116],[-118.13941,41.95106],[-118.13956,41.95084],[-118.13963,41.95072],[-118.13967,41.95061],[-118.13972,41.95035],[-118.13974,41.9503],[-118.13976,41.95026],[-118.13979,41.95021],[-118.13983,41.95017],[-118.13987,41.95013],[-118.13997,41.95007],[-118.14003,41.95004],[-118.14065,41.94979],[-118.14079,41.94974],[-118.14088,41.94969],[-118.141,41.94961],[-118.14207,41.9487],[-118.14282,41.94816],[-118.143,41.94806],[-118.14319,41.94797],[-118.14445,41.94729],[-118.14475,41.94711],[-118.14515,41.94692],[-118.14584,41.94667],[-118.14615,41.94652],[-118.14656,41.94627],[-118.14692,41.9461],[-118.14705,41.94602],[-118.14724,41.94588],[-118.14779,41.9455],[-118.14812,41.94528],[-118.14853,41.945],[-118.14911,41.94463],[-118.14928,41.94451],[-118.14935,41.94447],[-118.14942,41.94443],[-118.14963,41.94434],[-118.14976,41.94428],[-118.14997,41.94415],[-118.15043,41.94385],[-118.15097,41.94347],[-118.15108,41.94338],[-118.15117,41.94327],[-118.15135,41.94312],[-118.15154,41.94297],[-118.15219,41.94252],[-118.15246,41.94235],[-118.15318,41.94197],[-118.15367,41.94173],[-118.15385,41.94162],[-118.15428,41.94137],[-118.15451,41.94126],[-118.15472,41.94117],[-118.15512,41.94102],[-118.15595,41.9409],[-118.15633,41.94082],[-118.15668,41.94075],[-118.15694,41.94067],[-118.15767,41.94043],[-118.15802,41.94028],[-118.15817,41.94023],[-118.15829,41.94019],[-118.15838,41.94017],[-118.15865,41.94012],[-118.15932,41.93993],[-118.1596,41.93988],[-118.15982,41.93985],[-118.16012,41.93983],[-118.16096,41.93984],[-118.16103,41.93985],[-118.16107,41.93987],[-118.16112,41.93988],[-118.16198,41.93989],[-118.16219,41.93988],[-118.16249,41.93986],[-118.1626,41.93986],[-118.16275,41.93987],[-118.1629,41.93988],[-118.16302,41.93988],[-118.16328,41.93985],[-118.16366,41.94006],[-118.1637,41.9401],[-118.16374,41.94013],[-118.16379,41.9402],[-118.16382,41.94026],[-118.16384,41.94032],[-118.16385,41.94038],[-118.16386,41.94044],[-118.16385,41.9405],[-118.16383,41.94058],[-118.16376,41.94077],[-118.16364,41.94102],[-118.16361,41.94106],[-118.1635,41.94114],[-118.16336,41.94124],[-118.16332,41.94128],[-118.16328,41.94132],[-118.16323,41.94141],[-118.16321,41.94146],[-118.16317,41.9417],[-118.16315,41.94176],[-118.16311,41.94181],[-118.16307,41.94186],[-118.16302,41.9419],[-118.16296,41.94194],[-118.16291,41.94198],[-118.16284,41.94201],[-118.16277,41.94203],[-118.16271,41.94205],[-118.16186,41.94225],[-118.16174,41.94226],[-118.16154,41.94226],[-118.16132,41.94225],[-118.16113,41.94226],[-118.16103,41.94227],[-118.16095,41.9423],[-118.16088,41.94233],[-118.16083,41.94238],[-118.1608,41.9424],[-118.16049,41.94283],[-118.16037,41.94295],[-118.15995,41.94338],[-118.15985,41.94348],[-118.15978,41.94353],[-118.1597,41.94359],[-118.15962,41.94364],[-118.15953,41.94369],[-118.15943,41.94372],[-118.15932,41.94375],[-118.15911,41.94383],[-118.15891,41.94394],[-118.15871,41.94406],[-118.15857,41.94416],[-118.15837,41.94427],[-118.15826,41.94434],[-118.15821,41.94439],[-118.15815,41.94447],[-118.15811,41.94455],[-118.15806,41.94475],[-118.15802,41.94483],[-118.15796,41.94493],[-118.15789,41.94501],[-118.15761,41.94529],[-118.15747,41.94544],[-118.15735,41.94561],[-118.15726,41.94579],[-118.15722,41.94592],[-118.1572,41.946],[-118.1572,41.94609],[-118.15727,41.94654],[-118.15727,41.94664],[-118.15726,41.94669],[-118.15723,41.94674],[-118.15718,41.94678],[-118.15704,41.94693],[-118.15694,41.94705],[-118.15663,41.94758]]}},{"type":"Feature","properties":{"name":"(unnamed public road)","road_class":"track","source":"OpenStreetMap","source_detail":"osm way 14346128","source_tile":"176/381","surface_inferred":true},"geometry":{"type":"LineString","coordinates":[[-118.11366,41.83619],[-118.11355,41.83581],[-118.11342,41.83522],[-118.11327,41.83462],[-118.11322,41.83449],[-118.1132,41.83438],[-118.11318,41.83424],[-118.11318,41.83405],[-118.11318,41.83394],[-118.11319,41.83388],[-118.11326,41.83354],[-118.11327,41.8335],[-118.11326,41.83348],[-118.11322,41.83344],[-118.11319,41.83343],[-118.11317,41.83343],[-118.11314,41.83343],[-118.11308,41.83346],[-118.11297,41.83351],[-118.11211,41.83406],[-118.11151,41.83442],[-118.11061,41.83494],[-118.10959,41.83549],[-118.10916,41.83578],[-118.10881,41.83601],[-118.10833,41.83627],[-118.10788,41.8365],[-118.10772,41.83659],[-118.1076,41.83667],[-118.10745,41.83678],[-118.10731,41.83691],[-118.1071,41.83714],[-118.10697,41.83726],[-118.10683,41.83738],[-118.10659,41.83758],[-118.10632,41.83779],[-118.10574,41.83819],[-118.10493,41.83876],[-118.10487,41.8388],[-118.1048,41.83883],[-118.10473,41.83886],[-118.10466,41.83888],[-118.1045,41.83891],[-118.10442,41.83892],[-118.10429,41.83892],[-118.10407,41.83891],[-118.10361,41.83887],[-118.10274,41.83878],[-118.10243,41.83874],[-118.10193,41.83869],[-118.10155,41.83865],[-118.10137,41.83864],[-118.10115,41.83864],[-118.10066,41.83866],[-118.10045,41.83865],[-118.09987,41.83863],[-118.09936,41.83865],[-118.09829,41.83872],[-118.09815,41.83863],[-118.09805,41.83855],[-118.09797,41.83848],[-118.09792,41.83842],[-118.09789,41.83836],[-118.09787,41.83828],[-118.09787,41.83823],[-118.09788,41.83814],[-118.09793,41.83786],[-118.09801,41.8376],[-118.09821,41.83692],[-118.09837,41.8363],[-118.09857,41.83571],[-118.09879,41.8351],[-118.09891,41.83473],[-118.09902,41.83442],[-118.09906,41.83426],[-118.09911,41.83412],[-118.09923,41.83384],[-118.09943,41.8333],[-118.0998,41.83247],[-118.09989,41.83224],[-118.10008,41.83173],[-118.10018,41.83139],[-118.10028,41.831],[-118.10031,41.8309],[-118.10041,41.83069],[-118.1006,41.83034],[-118.10074,41.83012],[-118.10084,41.82996],[-118.10092,41.82984],[-118.10105,41.82964],[-118.10113,41.82949],[-118.10129,41.8291],[-118.10146,41.82861],[-118.10151,41.82852],[-118.10173,41.82819],[-118.1018,41.82806],[-118.10186,41.82794],[-118.10192,41.82778],[-118.10197,41.82754],[-118.10202,41.82713],[-118.10203,41.82691],[-118.10202,41.82675],[-118.102,41.82667],[-118.10182,41.82622],[-118.10172,41.82597],[-118.10138,41.82532],[-118.10108,41.82478],[-118.10093,41.82447],[-118.10087,41.82432],[-118.1006,41.82369],[-118.10043,41.82317],[-118.10035,41.82276],[-118.10035,41.82258],[-118.10036,41.82243],[-118.10038,41.82223],[-118.10045,41.82187],[-118.1005,41.8217],[-118.10059,41.82147],[-118.10079,41.82107],[-118.10116,41.82048],[-118.10137,41.82021],[-118.10159,41.81993],[-118.10206,41.81943],[-118.10215,41.8193],[-118.10226,41.81914],[-118.10238,41.81895],[-118.10277,41.81834],[-118.10288,41.81816],[-118.10296,41.81797],[-118.10303,41.81777],[-118.10307,41.81763],[-118.10314,41.81738],[-118.10315,41.81728],[-118.10317,41.81716],[-118.10317,41.8169],[-118.10311,41.81553],[-118.10311,41.81527],[-118.10312,41.81491],[-118.10309,41.81417],[-118.10308,41.81359],[-118.10309,41.81334],[-118.10311,41.81324],[-118.10313,41.81317],[-118.10316,41.81311],[-118.1032,41.81306],[-118.10326,41.813],[-118.10333,41.81294],[-118.10347,41.81287],[-118.10357,41.81283],[-118.10379,41.81279],[-118.10435,41.81273],[-118.10484,41.81268],[-118.1065,41.81248],[-118.10708,41.81242],[-118.10779,41.81234],[-118.10801,41.8123],[-118.10827,41.81226],[-118.10878,41.81214],[-118.10907,41.81207],[-118.10958,41.81192],[-118.11021,41.81171],[-118.1104,41.81157],[-118.11054,41.81147],[-118.11071,41.81136],[-118.11089,41.81126],[-118.11136,41.81103],[-118.11151,41.81094],[-118.11176,41.81077],[-118.11205,41.81056],[-118.1122,41.81047],[-118.11244,41.81035],[-118.11296,41.81012],[-118.11389,41.80968],[-118.11426,41.80949],[-118.11668,41.80833],[-118.1176,41.8079],[-118.11817,41.80765],[-118.11867,41.80746],[-118.11902,41.80729],[-118.11914,41.80722],[-118.11938,41.80702],[-118.11969,41.80677],[-118.11987,41.80657],[-118.12006,41.80634],[-118.12022,41.80606],[-118.12042,41.80575],[-118.1208,41.80504],[-118.12091,41.80473],[-118.12101,41.80438],[-118.12176,41.80261],[-118.12198,41.80214],[-118.12213,41.80177],[-118.12234,41.8012],[-118.12256,41.80067],[-118.1229,41.79991],[-118.12352,41.7985],[-118.12376,41.79793],[-118.12407,41.79734],[-118.12428,41.79697],[-118.12463,41.79636],[-118.12505,41.7957],[-118.12551,41.79492],[-118.12562,41.7947],[-118.12568,41.79454],[-118.12569,41.79444],[-118.12568,41.79435],[-118.12562,41.79421],[-118.12556,41.79408],[-118.12539,41.79384],[-118.12523,41.79354],[-118.12483,41.79266],[-118.12454,41.79197],[-118.12444,41.79177],[-118.12428,41.79155],[-118.12412,41.79138],[-118.124,41.79125],[-118.12383,41.79113],[-118.12369,41.79107],[-118.12346,41.79098],[-118.12328,41.79093],[-118.12299,41.79087],[-118.12276,41.79079],[-118.12253,41.79069],[-118.12228,41.79053],[-118.12174,41.79023],[-118.12154,41.79011],[-118.12135,41.78997],[-118.1212,41.78984],[-118.12104,41.78969],[-118.12083,41.78947],[-118.12074,41.78938],[-118.12065,41.78924],[-118.12036,41.78887],[-118.12004,41.78844],[-118.11986,41.78818],[-118.11965,41.78784],[-118.11936,41.78738],[-118.11901,41.7868],[-118.11879,41.78642],[-118.11863,41.78614],[-118.11854,41.78597],[-118.11842,41.7856],[-118.11837,41.7855],[-118.11831,41.78541],[-118.11818,41.78528],[-118.11805,41.78516],[-118.11792,41.78505],[-118.11769,41.78489],[-118.11739,41.78472],[-118.11697,41.78446],[-118.11638,41.78412],[-118.11615,41.78397],[-118.11574,41.78365],[-118.11495,41.78306],[-118.11415,41.78251],[-118.11366,41.78217],[-118.11341,41.78197],[-118.113,41.78164],[-118.11249,41.78111],[-118.11218,41.78077],[-118.11193,41.78049],[-118.11174,41.78018],[-118.11152,41.77977],[-118.11126,41.77928],[-118.11083,41.77832],[-118.11056,41.77779],[-118.11041,41.77748],[-118.10979,41.77614],[-118.10966,41.77583],[-118.10954,41.7755],[-118.10936,41.77508],[-118.10926,41.77488],[-118.10903,41.77433],[-118.10887,41.77402],[-118.10873,41.7737],[-118.10859,41.77336],[-118.10848,41.77305],[-118.10843,41.77286],[-118.10839,41.7726],[-118.10838,41.77231],[-118.10838,41.77196],[-118.10842,41.77178],[-118.10847,41.7716],[-118.10851,41.77141],[-118.10853,41.77123],[-118.10852,41.7711],[-118.10849,41.77099],[-118.10843,41.77083],[-118.10833,41.77067],[-118.1082,41.77045],[-118.10781,41.76987],[-118.10769,41.76966],[-118.10742,41.76926],[-118.10726,41.76907],[-118.10705,41.76885],[-118.10676,41.76854],[-118.1065,41.76822],[-118.10606,41.76776],[-118.10582,41.7675],[-118.10547,41.76709],[-118.10536,41.76692],[-118.10525,41.76669],[-118.10517,41.76651],[-118.1051,41.76636],[-118.10501,41.76623],[-118.10488,41.76608],[-118.10465,41.76583],[-118.10406,41.7652],[-118.10383,41.76496],[-118.10355,41.76469],[-118.10337,41.76452],[-118.1032,41.76436],[-118.10307,41.76419],[-118.10296,41.76398],[-118.10285,41.76366],[-118.10257,41.76281],[-118.1024,41.76212],[-118.10238,41.76194],[-118.1024,41.76171],[-118.10246,41.76131],[-118.10251,41.76107],[-118.10255,41.76091],[-118.1026,41.76079],[-118.1027,41.76065],[-118.10286,41.76051],[-118.10303,41.76037],[-118.10327,41.76025],[-118.10361,41.76014],[-118.10419,41.75995],[-118.10438,41.75986],[-118.10455,41.75976],[-118.10476,41.75957],[-118.10498,41.75933],[-118.10515,41.75911],[-118.10522,41.75897],[-118.10527,41.75882],[-118.10528,41.75869],[-118.10529,41.7582],[-118.10532,41.75773],[-118.10529,41.7573],[-118.1053,41.7571],[-118.10544,41.75657],[-118.10546,41.75652],[-118.10546,41.7564],[-118.10543,41.75618],[-118.10539,41.75601],[-118.10537,41.75592],[-118.10529,41.75569],[-118.10519,41.75547],[-118.105,41.7552],[-118.10493,41.75512],[-118.10487,41.75502],[-118.10477,41.75489],[-118.10468,41.75478],[-118.10447,41.75464],[-118.10422,41.75449],[-118.10405,41.75436],[-118.10387,41.7542],[-118.1037,41.75402],[-118.10353,41.75382],[-118.10336,41.75358],[-118.10321,41.75331],[-118.10304,41.75305],[-118.10297,41.75292],[-118.10264,41.7525],[-118.1025,41.75233],[-118.10225,41.752],[-118.10202,41.75175],[-118.10187,41.75161],[-118.10167,41.75147],[-118.10137,41.75132],[-118.10073,41.75102],[-118.10027,41.75082],[-118.09982,41.75064],[-118.09945,41.75052],[-118.09913,41.75042],[-118.09863,41.75027],[-118.09823,41.75018],[-118.09798,41.75011],[-118.09713,41.74985],[-118.09697,41.74978],[-118.09679,41.74963],[-118.09654,41.7494],[-118.09604,41.74898],[-118.09535,41.74838],[-118.09498,41.74807],[-118.09482,41.74794],[-118.09417,41.74739],[-118.09394,41.74724],[-118.0937,41.74712],[-118.09334,41.74697],[-118.09298,41.74686],[-118.09255,41.74677],[-118.09223,41.74672],[-118.09174,41.74668],[-118.09108,41.74666],[-118.09017,41.74659],[-118.08982,41.74659],[-118.08957,41.74661],[-118.08939,41.74664],[-118.08917,41.74669],[-118.08898,41.74676],[-118.08833,41.74708],[-118.08811,41.74717],[-118.08784,41.74726],[-118.08729,41.7474],[-118.0867,41.74748],[-118.08618,41.74755],[-118.08549,41.74766],[-118.08478,41.74778],[-118.08433,41.74783],[-118.08407,41.74784],[-118.08374,41.74784],[-118.08336,41.7478],[-118.08238,41.74769],[-118.08071,41.74746],[-118.07932,41.74724],[-118.0785,41.74713],[-118.07811,41.74706],[-118.07774,41.74699],[-118.07747,41.74692],[-118.07723,41.74682],[-118.07701,41.74669],[-118.07676,41.74654],[-118.07649,41.74636],[-118.07636,41.74626],[-118.07622,41.7462],[-118.07607,41.74616],[-118.07593,41.74614],[-118.07563,41.74613],[-118.07539,41.7461],[-118.07513,41.74605],[-118.0748,41.74597],[-118.07443,41.74584],[-118.0742,41.74573],[-118.07394,41.74557],[-118.07357,41.74534],[-118.07316,41.7451],[-118.07286,41.74491],[-118.07269,41.74484],[-118.07254,41.74478],[-118.07238,41.74476],[-118.07221,41.74477],[-118.07185,41.74481],[-118.07153,41.74483],[-118.07125,41.74482],[-118.07101,41.74477],[-118.07076,41.74467],[-118.07022,41.74434],[-118.0697,41.74397],[-118.06886,41.7434],[-118.06856,41.74323],[-118.0684,41.74317],[-118.06824,41.74314],[-118.06808,41.74313],[-118.06794,41.74315],[-118.06779,41.74319],[-118.06762,41.74328],[-118.06743,41.74341],[-118.06728,41.74353],[-118.06708,41.74372],[-118.06682,41.74394],[-118.0666,41.7442],[-118.06649,41.74437],[-118.06639,41.74461],[-118.06619,41.74491],[-118.06604,41.74511],[-118.06585,41.74526],[-118.0656,41.74538],[-118.0653,41.74545],[-118.065,41.7455],[-118.06476,41.74551],[-118.06459,41.74548],[-118.06422,41.74539],[-118.0636,41.74517],[-118.06282,41.74496],[-118.06209,41.74473],[-118.06103,41.74439],[-118.05912,41.7438],[-118.05761,41.74336],[-118.05711,41.74318],[-118.05692,41.74309],[-118.05635,41.74281],[-118.05615,41.74269],[-118.056,41.74256],[-118.05587,41.74242],[-118.05568,41.74217],[-118.0555,41.74204],[-118.05537,41.74196],[-118.05513,41.74184],[-118.05483,41.74175],[-118.0543,41.7416],[-118.05389,41.74135],[-118.05368,41.74127],[-118.05327,41.74117],[-118.05292,41.74102],[-118.05236,41.74075],[-118.05193,41.74051],[-118.05168,41.74035],[-118.05153,41.74014],[-118.0515,41.73993],[-118.05147,41.73929],[-118.05137,41.73843],[-118.05132,41.73809],[-118.05123,41.73783],[-118.0511,41.7376],[-118.05092,41.73738],[-118.05074,41.73721],[-118.05055,41.73708],[-118.05027,41.737],[-118.04995,41.73695],[-118.04963,41.73693],[-118.04921,41.73694],[-118.049,41.73697],[-118.04881,41.73705],[-118.04871,41.73711],[-118.04863,41.7372],[-118.04859,41.73733],[-118.04859,41.73743],[-118.04865,41.73759],[-118.04876,41.73779],[-118.04887,41.73796],[-118.04893,41.73809],[-118.04893,41.73824],[-118.04887,41.73835],[-118.04874,41.73848],[-118.04821,41.73889],[-118.04773,41.73934],[-118.04742,41.73969],[-118.04712,41.74006],[-118.047,41.74026],[-118.04693,41.74053],[-118.04688,41.74088],[-118.04678,41.74113],[-118.04666,41.7413],[-118.04646,41.74144],[-118.04621,41.74152],[-118.04591,41.74155],[-118.04555,41.74156],[-118.04522,41.74154],[-118.04497,41.74151],[-118.04461,41.74144],[-118.04424,41.74135],[-118.04342,41.74118],[-118.04309,41.74108],[-118.04277,41.74096],[-118.04244,41.74081],[-118.04219,41.74065],[-118.04193,41.7405],[-118.04169,41.74043],[-118.04096,41.74023],[-118.04074,41.74019],[-118.04049,41.74015],[-118.0403,41.74009],[-118.04006,41.74001],[-118.03976,41.73987],[-118.03907,41.73953],[-118.03871,41.73927],[-118.03797,41.73872],[-118.03778,41.73855],[-118.03767,41.73841],[-118.03753,41.7382],[-118.03745,41.73799],[-118.0374,41.73783],[-118.0373,41.73767],[-118.03709,41.73741],[-118.03692,41.73722],[-118.03673,41.7371],[-118.03656,41.73702],[-118.03639,41.73698],[-118.0362,41.73697],[-118.03596,41.737],[-118.0354,41.73703],[-118.03521,41.73703],[-118.03503,41.737],[-118.03486,41.73695],[-118.03469,41.73691],[-118.03446,41.73684],[-118.03432,41.73683],[-118.03416,41.73681],[-118.03374,41.73679],[-118.03351,41.73675],[-118.03327,41.73669],[-118.03262,41.73639],[-118.03219,41.73617],[-118.03201,41.73603],[-118.0317,41.73574],[-118.03141,41.73554],[-118.03115,41.7353],[-118.03094,41.73506],[-118.03075,41.73494],[-118.03045,41.73482],[-118.03021,41.73477],[-118.03003,41.7347],[-118.02982,41.73461],[-118.02941,41.73433],[-118.02904,41.7342],[-118.02879,41.73413],[-118.02864,41.73404],[-118.0283,41.73375],[-118.02814,41.73365],[-118.02792,41.73351],[-118.02768,41.73341],[-118.02741,41.73327],[-118.0269,41.73298],[-118.0267,41.73286],[-118.02654,41.73272],[-118.02643,41.73257],[-118.02597,41.7321],[-118.02547,41.73157],[-118.02425,41.73039],[-118.02385,41.72999],[-118.02329,41.7296],[-118.02286,41.72927],[-118.02241,41.72888],[-118.02187,41.72839],[-118.02138,41.72792],[-118.02106,41.72766],[-118.0208,41.72742],[-118.02055,41.72711],[-118.02021,41.7267],[-118.01932,41.72559],[-118.01904,41.72528],[-118.01881,41.72509],[-118.01851,41.72492],[-118.018,41.72471],[-118.01724,41.7244],[-118.01668,41.72419],[-118.01624,41.7241],[-118.01525,41.72394],[-118.01432,41.72382],[-118.01356,41.7237],[-118.01311,41.72365]]}},{"type":"Feature","properties":{"name":"(unnamed public road)","road_class":"track","tracktype":"grade4","source":"OpenStreetMap","source_detail":"osm way 302964083","source_tile":"176/380","surface_inferred":true},"geometry":{"type":"LineString","coordinates":[[-118.12539,42.00489],[-118.12613,42.00446],[-118.12649,42.00424],[-118.12708,42.00385],[-118.12743,42.00363],[-118.12761,42.00349],[-118.12769,42.00338],[-118.12785,42.00303],[-118.12798,42.00262],[-118.12804,42.00231],[-118.12803,42.00209],[-118.12795,42.00182],[-118.12782,42.00159],[-118.1272,42.00095],[-118.12661,42.00041],[-118.12631,42.00004],[-118.12609,41.9997],[-118.12585,41.99934],[-118.12565,41.99916],[-118.1254,41.99893],[-118.12488,41.99865],[-118.12471,41.99854],[-118.12457,41.99839],[-118.12431,41.99789],[-118.12418,41.99755],[-118.1241,41.99741],[-118.12403,41.9973]]}},{"type":"Feature","properties":{"name":"(unnamed public road)","road_class":"track","tracktype":"grade5","source":"OpenStreetMap","source_detail":"osm way 302964084","source_tile":"176/380","surface_inferred":true},"geometry":{"type":"LineString","coordinates":[[-118.08077,42.00214],[-118.08135,42.00199],[-118.08161,42.00192],[-118.08173,42.00185],[-118.08197,42.0017],[-118.08208,42.00165],[-118.0823,42.00163],[-118.08281,42.00162],[-118.08313,42.00161],[-118.08342,42.00161],[-118.08399,42.00165],[-118.08433,42.00168],[-118.08477,42.00169],[-118.08518,42.00172],[-118.0854,42.00172],[-118.08563,42.00168],[-118.08589,42.00158],[-118.08607,42.00147],[-118.08631,42.0014],[-118.08659,42.00128],[-118.08699,42.00118],[-118.08733,42.00115],[-118.08773,42.0012],[-118.08806,42.00126],[-118.08839,42.0014],[-118.08867,42.00156],[-118.08891,42.00172],[-118.08915,42.0018],[-118.08963,42.00192],[-118.09012,42.00209],[-118.09052,42.00224],[-118.09098,42.00243],[-118.09122,42.00249],[-118.09146,42.00249],[-118.09184,42.00245],[-118.09235,42.00237],[-118.09259,42.00237],[-118.09287,42.00243],[-118.09393,42.00277],[-118.09471,42.00299],[-118.09597,42.00326],[-118.09712,42.00338],[-118.09796,42.00345],[-118.0991,42.00347],[-118.09963,42.0035],[-118.09995,42.00356],[-118.10027,42.0036],[-118.10076,42.00358],[-118.10131,42.00361],[-118.10309,42.00381],[-118.10752,42.00425],[-118.10767,42.00427],[-118.10937,42.00455],[-118.11059,42.00481],[-118.11138,42.0049],[-118.11268,42.00499],[-118.1146,42.00504],[-118.11876,42.00523],[-118.11996,42.00526],[-118.12037,42.00525],[-118.12092,42.00522],[-118.12174,42.00513],[-118.12281,42.00508],[-118.12372,42.00502],[-118.12539,42.00489]]}},{"type":"Feature","properties":{"name":"Turner Ranch Road","road_class":"track","tracktype":"grade3","source":"OpenStreetMap","source_detail":"osm way 1525805869","source_tile":"176/380","surface_inferred":true},"geometry":{"type":"LineString","coordinates":[[-118.12539,42.00489],[-118.1248,42.00531],[-118.12412,42.00586],[-118.12392,42.00604],[-118.12367,42.0064],[-118.12344,42.00666],[-118.12312,42.00694],[-118.12257,42.00727],[-118.12191,42.00761],[-118.12112,42.00792],[-118.11942,42.00848],[-118.11822,42.009],[-118.11722,42.00954],[-118.11641,42.0101],[-118.11569,42.0106],[-118.11482,42.01111],[-118.11427,42.01141],[-118.11379,42.01161],[-118.11312,42.01193],[-118.11223,42.01252],[-118.11168,42.01288],[-118.11109,42.0132],[-118.11037,42.01352],[-118.11013,42.01365],[-118.10997,42.0137],[-118.10977,42.01372],[-118.10949,42.0137],[-118.10929,42.01365],[-118.10904,42.01359],[-118.10855,42.01351],[-118.1084,42.01348],[-118.10834,42.01348],[-118.1083,42.0135],[-118.10828,42.01354],[-118.10831,42.0136],[-118.10848,42.0139],[-118.10852,42.01408],[-118.10851,42.01422],[-118.10845,42.01435],[-118.10828,42.01447],[-118.10796,42.01462],[-118.10643,42.01524],[-118.10627,42.01529]]}},{"type":"Feature","properties":{"name":"(unnamed public road)","road_class":"track","tracktype":"grade4","source":"OpenStreetMap","source_detail":"osm way 5124827","source_tile":"176/380","surface_inferred":true},"geometry":{"type":"LineString","coordinates":[[-117.92041,42.02348],[-117.92014,42.02351],[-117.91981,42.02355],[-117.91962,42.02359],[-117.91937,42.02369],[-117.91918,42.02378],[-117.91896,42.02393],[-117.91867,42.02416],[-117.91628,42.02638],[-117.9143,42.02824],[-117.9141,42.02843],[-117.91394,42.02859],[-117.9138,42.02872],[-117.91367,42.02888],[-117.91325,42.02965],[-117.91278,42.03042],[-117.91226,42.03126],[-117.9117,42.03227]]}},{"type":"Feature","properties":{"name":"(unnamed public road)","road_class":"track","tracktype":"grade5","source":"OpenStreetMap","source_detail":"osm way 5124900","source_tile":"176/380","surface_inferred":true},"geometry":{"type":"LineString","coordinates":[[-117.91981,42.02308],[-117.9198,42.02326],[-117.91978,42.02336],[-117.91973,42.02346],[-117.91962,42.02359]]}},{"type":"Feature","properties":{"name":"(unnamed public road)","road_class":"track","tracktype":"grade5","source":"OpenStreetMap","source_detail":"osm way 5126468","source_tile":"176/380","surface_inferred":true},"geometry":{"type":"LineString","coordinates":[[-117.89581,42.02723],[-117.89594,42.02733],[-117.89606,42.02739],[-117.89673,42.02765],[-117.89866,42.02845],[-117.89899,42.02861],[-117.89925,42.02878],[-117.90071,42.03008],[-117.90134,42.03063],[-117.90159,42.03085],[-117.90426,42.03324],[-117.90432,42.03332],[-117.90435,42.03336],[-117.90439,42.03346],[-117.90438,42.03357],[-117.90419,42.03392],[-117.90384,42.03448],[-117.9036,42.03475],[-117.90335,42.03495],[-117.9032,42.03514],[-117.90306,42.03534],[-117.90298,42.03553],[-117.90296,42.03573],[-117.90301,42.03592],[-117.9031,42.03607],[-117.90344,42.03643],[-117.90353,42.03655],[-117.9036,42.03685],[-117.90362,42.03721],[-117.90358,42.03745],[-117.90354,42.0376],[-117.90342,42.03776],[-117.90333,42.03792],[-117.90327,42.03812],[-117.90319,42.03851],[-117.90318,42.03859],[-117.9032,42.03865],[-117.90325,42.03869],[-117.90331,42.03871],[-117.90337,42.03869],[-117.90341,42.03864],[-117.90347,42.03839],[-117.90365,42.03799],[-117.90421,42.03706],[-117.90432,42.03689],[-117.90441,42.03684],[-117.90448,42.03683],[-117.90456,42.03683],[-117.90462,42.03686],[-117.90467,42.03691]]}},{"type":"Feature","properties":{"name":"(unnamed public road)","road_class":"track","tracktype":"grade5","source":"OpenStreetMap","source_detail":"osm way 5126948","source_tile":"176/380","surface_inferred":true},"geometry":{"type":"LineString","coordinates":[[-117.8676,42.02429],[-117.86756,42.02446],[-117.86751,42.02454],[-117.8674,42.02464],[-117.86732,42.02468],[-117.86724,42.02468],[-117.86718,42.02465],[-117.86717,42.02458],[-117.86723,42.02453],[-117.86741,42.02443],[-117.86755,42.02435],[-117.8676,42.02429],[-117.86761,42.02423],[-117.86763,42.02036],[-117.86766,42.01918],[-117.86765,42.01905],[-117.86762,42.01894],[-117.86765,42.01881],[-117.86775,42.01835],[-117.86792,42.01757],[-117.86798,42.01745],[-117.86814,42.01731],[-117.8694,42.0164],[-117.86948,42.01634],[-117.86986,42.01604],[-117.8713,42.0148],[-117.87156,42.0145],[-117.87234,42.01345],[-117.87272,42.01274]]}},{"type":"Feature","properties":{"name":"(unnamed public road)","road_class":"track","tracktype":"grade5","source":"OpenStreetMap","source_detail":"osm way 5127136","source_tile":"176/380","surface_inferred":true},"geometry":{"type":"LineString","coordinates":[[-118.01866,42.00903],[-118.0187,42.00917],[-118.01869,42.00927],[-118.01867,42.00937],[-118.01857,42.0095],[-118.01843,42.00965],[-118.0184,42.00972],[-118.01841,42.0098],[-118.01847,42.00993],[-118.01854,42.01006],[-118.01854,42.01017],[-118.0185,42.01032],[-118.01838,42.01056],[-118.0183,42.01072],[-118.01826,42.01095],[-118.01819,42.0111],[-118.01805,42.01124],[-118.01775,42.01147],[-118.01759,42.01162],[-118.01747,42.01181],[-118.01736,42.0122],[-118.01721,42.01271],[-118.01711,42.01289],[-118.01698,42.01303],[-118.01683,42.01313],[-118.01668,42.01323],[-118.01658,42.01336],[-118.01647,42.01354],[-118.01641,42.01378],[-118.01635,42.01394],[-118.01623,42.01406],[-118.01597,42.01425],[-118.01556,42.01448],[-118.01542,42.01452],[-118.01532,42.01454],[-118.0152,42.01453],[-118.01505,42.01448],[-118.01457,42.01428],[-118.01414,42.01414],[-118.01371,42.01403],[-118.013,42.01391],[-118.01255,42.0139],[-118.01227,42.01393],[-118.01198,42.014],[-118.01183,42.01403],[-118.01158,42.01406],[-118.01127,42.01415],[-118.01088,42.0143],[-118.01067,42.01439],[-118.01022,42.0145],[-118.00997,42.01455],[-118.00957,42.01473],[-118.00936,42.01482],[-118.00891,42.01495],[-118.00775,42.0152],[-118.00713,42.01541],[-118.00675,42.0156],[-118.00635,42.01583],[-118.00548,42.0164],[-118.00478,42.01684],[-118.00447,42.01704],[-118.0043,42.01723],[-118.00418,42.01736],[-118.00411,42.01748],[-118.00394,42.01791],[-118.00383,42.0182],[-118.00381,42.01833],[-118.00382,42.01846],[-118.00385,42.01864],[-118.00387,42.01882],[-118.00386,42.0191],[-118.00379,42.01947],[-118.0037,42.01982],[-118.00365,42.02001],[-118.00359,42.02022],[-118.00348,42.02048]]}},{"type":"Feature","properties":{"name":"Archie Myers Ranch Road","road_class":"unclassified","surface":"gravel","source":"OpenStreetMap","source_detail":"osm way 5127298","source_tile":"176/380"},"geometry":{"type":"LineString","coordinates":[[-117.92718,42.02403],[-117.92746,42.02442],[-117.92802,42.02514],[-117.92814,42.02532],[-117.92821,42.02546],[-117.92823,42.0256],[-117.92823,42.02575],[-117.9282,42.0259],[-117.92812,42.02608],[-117.92795,42.02638],[-117.92773,42.02673],[-117.92765,42.02687],[-117.92761,42.027],[-117.92757,42.0271],[-117.92759,42.02719],[-117.92762,42.02725],[-117.92773,42.02731],[-117.92803,42.02735],[-117.92819,42.02737],[-117.92832,42.02734],[-117.92855,42.02727],[-117.92869,42.02723],[-117.92882,42.02725],[-117.92891,42.02733],[-117.92896,42.02743],[-117.92902,42.02786],[-117.92906,42.02819],[-117.92905,42.02851],[-117.92898,42.02879],[-117.92861,42.02982],[-117.92843,42.03048],[-117.92835,42.03079],[-117.92833,42.03094],[-117.92836,42.03105],[-117.92848,42.03122],[-117.92896,42.03171],[-117.9291,42.03187],[-117.92937,42.03223],[-117.92954,42.03248],[-117.92974,42.03284],[-117.93,42.03323],[-117.93044,42.03384],[-117.93082,42.03432],[-117.93107,42.03461],[-117.93133,42.0349],[-117.93169,42.03524],[-117.93187,42.0354],[-117.93208,42.03556],[-117.93236,42.03575],[-117.9325,42.03593],[-117.93326,42.03716],[-117.934,42.03816],[-117.93427,42.03862],[-117.93462,42.03942],[-117.93481,42.03978],[-117.93506,42.04025],[-117.93525,42.04053],[-117.93562,42.0411],[-117.93579,42.04142],[-117.9359,42.04186],[-117.93608,42.04254],[-117.93615,42.04287],[-117.93623,42.0431],[-117.93632,42.04326],[-117.93649,42.04361],[-117.93665,42.04396],[-117.93677,42.04423],[-117.93685,42.04453],[-117.93695,42.04541],[-117.937,42.04562],[-117.93716,42.0461],[-117.93728,42.04646],[-117.93746,42.04693],[-117.9376,42.04717],[-117.93781,42.04745],[-117.93839,42.04811],[-117.93861,42.04842],[-117.93899,42.04907],[-117.93928,42.04946],[-117.93957,42.04975],[-117.93974,42.04987],[-117.94004,42.05003],[-117.94047,42.0502],[-117.94057,42.05027],[-117.9407,42.05045],[-117.94073,42.05061],[-117.94067,42.05092],[-117.94057,42.05124],[-117.94057,42.05143],[-117.94051,42.05168],[-117.94038,42.05231],[-117.94039,42.05245],[-117.94047,42.05258],[-117.94067,42.05272],[-117.94094,42.05286],[-117.94101,42.05297],[-117.94119,42.05346],[-117.94138,42.05427],[-117.94136,42.05442],[-117.9413,42.0546],[-117.94133,42.05475],[-117.94156,42.05505],[-117.94283,42.05635],[-117.94307,42.05654],[-117.94325,42.0567],[-117.94427,42.05743],[-117.94482,42.0579],[-117.94504,42.05817],[-117.94536,42.05851],[-117.94591,42.05903],[-117.94615,42.0592],[-117.94675,42.05944],[-117.94729,42.05968],[-117.94765,42.05984],[-117.94809,42.06012],[-117.94849,42.06035],[-117.94874,42.06045],[-117.94911,42.06047],[-117.94986,42.06046],[-117.95017,42.06044],[-117.95099,42.06032],[-117.95134,42.0603],[-117.9515,42.06031],[-117.95193,42.06032],[-117.95249,42.0603],[-117.95273,42.06028],[-117.95321,42.06014],[-117.95346,42.06012],[-117.95378,42.06015],[-117.95401,42.06024],[-117.9541,42.06032],[-117.95413,42.06043],[-117.95405,42.06086],[-117.95398,42.06113],[-117.95391,42.06148],[-117.95385,42.06168],[-117.95363,42.06201],[-117.95332,42.06242],[-117.95322,42.06259],[-117.95317,42.06273],[-117.95317,42.06285],[-117.9532,42.06294],[-117.9533,42.06299],[-117.95349,42.06301],[-117.95401,42.06299],[-117.95416,42.06294],[-117.95441,42.06287],[-117.95451,42.06282],[-117.95472,42.06258],[-117.95514,42.06213],[-117.95606,42.06127],[-117.95657,42.06089],[-117.9569,42.06069],[-117.957,42.06066],[-117.95715,42.06065],[-117.95728,42.06068],[-117.9574,42.06076],[-117.95745,42.06086],[-117.95749,42.06111],[-117.95754,42.0612],[-117.95761,42.06126],[-117.95769,42.06128],[-117.95781,42.06127],[-117.95799,42.06126],[-117.95817,42.06125],[-117.95827,42.06122],[-117.95838,42.06115],[-117.95845,42.06101],[-117.95858,42.06067],[-117.95872,42.06047],[-117.95889,42.06036],[-117.95912,42.06023],[-117.95924,42.0602],[-117.95936,42.06021],[-117.95946,42.06024],[-117.95963,42.06029],[-117.95998,42.06036],[-117.96038,42.06039],[-117.96075,42.06039],[-117.96123,42.06037],[-117.96137,42.06037],[-117.96147,42.06037],[-117.96158,42.06042],[-117.96212,42.06093],[-117.96247,42.06128],[-117.96279,42.06157],[-117.96336,42.06219],[-117.96389,42.06263],[-117.96429,42.0629],[-117.96519,42.06343],[-117.96547,42.06356],[-117.96579,42.06365],[-117.9662,42.06378],[-117.96669,42.06398],[-117.96699,42.06411],[-117.96709,42.06417],[-117.96733,42.06447],[-117.96789,42.06522],[-117.96837,42.06586],[-117.96859,42.06615],[-117.96882,42.06667],[-117.96904,42.06711],[-117.96921,42.06737],[-117.96937,42.06752],[-117.96961,42.06769],[-117.96995,42.06784],[-117.97034,42.06794],[-117.97046,42.06803],[-117.97072,42.06821],[-117.97091,42.06828],[-117.97114,42.06829],[-117.97131,42.06832],[-117.97147,42.0684],[-117.97155,42.06849],[-117.97167,42.06869],[-117.97175,42.06881],[-117.97199,42.06899],[-117.97263,42.06946],[-117.9733,42.06985],[-117.97364,42.07],[-117.97392,42.07007],[-117.97432,42.07015],[-117.9746,42.07021],[-117.9749,42.07032],[-117.97555,42.07052],[-117.97578,42.07055],[-117.97627,42.07053],[-117.97689,42.07053],[-117.97723,42.07056],[-117.97741,42.07061],[-117.97805,42.0709],[-117.97841,42.071],[-117.97883,42.07111],[-117.97894,42.07112],[-117.97902,42.0711],[-117.97906,42.07107],[-117.9791,42.07102],[-117.97911,42.07097],[-117.97907,42.0708],[-117.97906,42.07068],[-117.97909,42.07054],[-117.97915,42.07046],[-117.97923,42.0704],[-117.97933,42.07037],[-117.97948,42.07036],[-117.97967,42.07037],[-117.97986,42.0704],[-117.98014,42.07048],[-117.98043,42.07056],[-117.98074,42.07063],[-117.98104,42.07065],[-117.98143,42.07067],[-117.98225,42.07076],[-117.98323,42.07082],[-117.98373,42.07084],[-117.98475,42.07088],[-117.98525,42.07089],[-117.98542,42.0709],[-117.98567,42.07092],[-117.9858,42.07091],[-117.98592,42.07088],[-117.986,42.07083],[-117.98618,42.07062],[-117.98643,42.07035],[-117.98659,42.07023],[-117.98712,42.07003],[-117.98779,42.06974],[-117.98791,42.06965],[-117.98798,42.06958],[-117.98817,42.06925],[-117.9883,42.06898],[-117.98864,42.06853],[-117.98878,42.06835],[-117.98894,42.06821],[-117.98912,42.06813],[-117.9893,42.0681],[-117.98972,42.06811],[-117.99015,42.06811],[-117.99055,42.06808],[-117.9912,42.06795],[-117.99208,42.06777],[-117.99227,42.06775]]}},{"type":"Feature","properties":{"name":"(unnamed public road)","road_class":"track","tracktype":"grade5","source":"OpenStreetMap","source_detail":"osm way 5128350","source_tile":"176/380","surface_inferred":true},"geometry":{"type":"LineString","coordinates":[[-118.06962,42.00264],[-118.06988,42.00285],[-118.07009,42.003],[-118.07036,42.00315],[-118.07054,42.00328],[-118.07072,42.00346],[-118.07087,42.00368],[-118.071,42.0039],[-118.07118,42.00428],[-118.07122,42.00449],[-118.07123,42.00472],[-118.07119,42.00497],[-118.07119,42.00508],[-118.07121,42.00514],[-118.07127,42.00523],[-118.07137,42.00528],[-118.0722,42.0055],[-118.07258,42.00557],[-118.07276,42.00562],[-118.07295,42.00571],[-118.07329,42.00593],[-118.07365,42.00621],[-118.07375,42.00633],[-118.07381,42.00644],[-118.07381,42.00659],[-118.07381,42.00678],[-118.07383,42.00692],[-118.07396,42.00716],[-118.07414,42.00745],[-118.07429,42.00762],[-118.07454,42.00784],[-118.07489,42.00809],[-118.07534,42.00843],[-118.07567,42.00871],[-118.07596,42.00897],[-118.07618,42.00911],[-118.0766,42.00939],[-118.07708,42.00977],[-118.07793,42.01048],[-118.07843,42.01085],[-118.07927,42.01143],[-118.07968,42.01173],[-118.0799,42.01192],[-118.08008,42.01208],[-118.08055,42.01248],[-118.08097,42.01287],[-118.0811,42.01302]]}},{"type":"Feature","properties":{"name":"(unnamed public road)","road_class":"track","tracktype":"grade5","source":"OpenStreetMap","source_detail":"osm way 5129496","source_tile":"176/380","surface_inferred":true},"geometry":{"type":"LineString","coordinates":[[-118.10636,42.00188],[-118.10652,42.00213],[-118.10669,42.00245],[-118.10697,42.00297],[-118.1072,42.00345],[-118.10752,42.00425]]}},{"type":"Feature","properties":{"name":"Fifteen Mile Road","road_class":"track","tracktype":"grade3","source":"OpenStreetMap","source_detail":"osm way 5130217","source_tile":"176/380","surface_inferred":true},"geometry":{"type":"LineString","coordinates":[[-118.05289,42.00977],[-118.05316,42.0103],[-118.0535,42.01085],[-118.0537,42.01118],[-118.05394,42.01143],[-118.05484,42.01233],[-118.05535,42.01287],[-118.05553,42.01307],[-118.05565,42.0132],[-118.05581,42.01332],[-118.056,42.01337],[-118.05655,42.01352],[-118.05693,42.01362],[-118.05735,42.01377],[-118.05768,42.01391],[-118.05796,42.01397],[-118.05923,42.01415],[-118.06005,42.01427],[-118.06129,42.01449],[-118.06261,42.0147],[-118.06393,42.015],[-118.06443,42.01511],[-118.06475,42.01522],[-118.06497,42.01532],[-118.06527,42.01547],[-118.06695,42.01646],[-118.06762,42.01677],[-118.06855,42.01711],[-118.06945,42.01742],[-118.0706,42.01787],[-118.07166,42.01835],[-118.07255,42.01883],[-118.07381,42.01954],[-118.07655,42.02122],[-118.07738,42.02169],[-118.0779,42.02192],[-118.07837,42.02213],[-118.07918,42.02247],[-118.08238,42.024],[-118.08694,42.02618],[-118.09021,42.02776],[-118.09291,42.02904],[-118.0969,42.03096],[-118.1004,42.03265],[-118.10327,42.03403],[-118.10604,42.03538],[-118.11043,42.0375],[-118.11062,42.03758],[-118.11144,42.03793],[-118.11189,42.03807],[-118.11228,42.03818],[-118.11256,42.03823],[-118.11278,42.03824],[-118.11319,42.0382],[-118.11401,42.03808],[-118.11437,42.038],[-118.11455,42.03793],[-118.11496,42.03774],[-118.11526,42.03761],[-118.11541,42.03757],[-118.11606,42.03754],[-118.11673,42.0375],[-118.11688,42.03751],[-118.11708,42.03755],[-118.11848,42.03786],[-118.12152,42.03866],[-118.12239,42.03892],[-118.12525,42.03967],[-118.12727,42.0402],[-118.12874,42.04058],[-118.12912,42.04071],[-118.1295,42.04084],[-118.13005,42.04109],[-118.13185,42.04194],[-118.1345,42.04321],[-118.1352,42.04364],[-118.1358,42.0441],[-118.13642,42.04469],[-118.13785,42.04626],[-118.13963,42.0482],[-118.14147,42.05024],[-118.1433,42.05234],[-118.14494,42.05422],[-118.14557,42.05496],[-118.14629,42.05565],[-118.14689,42.05619],[-118.14721,42.05643],[-118.14747,42.0566],[-118.14781,42.05689],[-118.14844,42.05741],[-118.14918,42.05794],[-118.14995,42.05853],[-118.15063,42.05902],[-118.15108,42.05942],[-118.15157,42.0599],[-118.15182,42.06022],[-118.15189,42.06039],[-118.1519,42.06054],[-118.15182,42.06085],[-118.15164,42.06137],[-118.15149,42.06178],[-118.15148,42.06187],[-118.15148,42.06197],[-118.15152,42.06205],[-118.15159,42.0621],[-118.15168,42.06211],[-118.15178,42.06208],[-118.15189,42.06199],[-118.15206,42.06182],[-118.15226,42.06166],[-118.15298,42.06119],[-118.1532,42.06108],[-118.15342,42.06103],[-118.15356,42.06102],[-118.1539,42.0611],[-118.15442,42.06126],[-118.15453,42.06133],[-118.15463,42.06144],[-118.15486,42.06193],[-118.15496,42.06211],[-118.15512,42.06225],[-118.15538,42.06247],[-118.15604,42.063],[-118.15661,42.06356],[-118.15755,42.06467],[-118.15797,42.06531],[-118.15805,42.06548],[-118.15813,42.06572],[-118.15819,42.06594],[-118.15821,42.06626],[-118.15818,42.06668],[-118.15814,42.06724],[-118.15814,42.06749],[-118.1582,42.06767],[-118.15825,42.06788],[-118.15826,42.0681],[-118.15821,42.06849],[-118.15825,42.06865],[-118.15836,42.0688],[-118.15899,42.06944],[-118.15907,42.06958],[-118.15909,42.06967],[-118.15906,42.06982],[-118.15891,42.07003],[-118.15856,42.07046],[-118.15839,42.0706],[-118.15814,42.07075],[-118.15785,42.0709],[-118.15771,42.07101],[-118.15758,42.07119],[-118.15756,42.07138],[-118.15759,42.07166],[-118.15791,42.07329],[-118.15792,42.07354],[-118.15789,42.07374],[-118.15782,42.0739],[-118.15774,42.07402],[-118.15756,42.07417],[-118.15719,42.07445],[-118.15643,42.07509],[-118.15595,42.07557],[-118.15579,42.07577],[-118.1553,42.07643],[-118.15492,42.07694],[-118.15444,42.07753]]}},{"type":"Feature","properties":{"name":"(unnamed public road)","road_class":"track","source":"OpenStreetMap","source_detail":"osm way 14327060","source_tile":"176/380","surface_inferred":true},"geometry":{"type":"LineString","coordinates":[[-118.12014,41.94855],[-118.11997,41.94876],[-118.11959,41.9492],[-118.11944,41.94936],[-118.11933,41.94947],[-118.11921,41.94958],[-118.11905,41.9497],[-118.11871,41.94992],[-118.1184,41.95009],[-118.11801,41.95029],[-118.11766,41.95049],[-118.11724,41.9507],[-118.11702,41.95079],[-118.11675,41.95087],[-118.11665,41.95089],[-118.11654,41.95092],[-118.11643,41.95096],[-118.11634,41.95101],[-118.11624,41.95106],[-118.11613,41.95114],[-118.11605,41.95122],[-118.11587,41.95135],[-118.1156,41.95151],[-118.11537,41.95167],[-118.11507,41.9519],[-118.11498,41.95199],[-118.1149,41.95204],[-118.11482,41.95209],[-118.11473,41.95213],[-118.11463,41.95217],[-118.11453,41.9522],[-118.11443,41.95222],[-118.11432,41.95223],[-118.11394,41.95225],[-118.11375,41.95227],[-118.11356,41.95231],[-118.11325,41.95236],[-118.11281,41.95248],[-118.11262,41.95254],[-118.11228,41.95267],[-118.11142,41.95303],[-118.11053,41.95344],[-118.10962,41.95385],[-118.10877,41.95432],[-118.1081,41.95474],[-118.10794,41.95482],[-118.10782,41.95487],[-118.10764,41.95491],[-118.10754,41.95493],[-118.10734,41.95497],[-118.10675,41.95513],[-118.10648,41.95517],[-118.10587,41.95525],[-118.10547,41.95531],[-118.10475,41.95546],[-118.10468,41.95548],[-118.10455,41.95555],[-118.10435,41.95569],[-118.10428,41.95573],[-118.10421,41.95576],[-118.10414,41.95579],[-118.10408,41.95581],[-118.104,41.95582],[-118.10386,41.95585],[-118.10372,41.95589],[-118.10359,41.95594],[-118.10352,41.95597],[-118.10324,41.95617],[-118.10289,41.95646],[-118.1027,41.95663],[-118.10235,41.957],[-118.1022,41.95716],[-118.10185,41.95753],[-118.10159,41.95787],[-118.10143,41.95804],[-118.1013,41.95814],[-118.10115,41.95826],[-118.1008,41.95849],[-118.10039,41.95878],[-118.09986,41.95921],[-118.09954,41.95951],[-118.09903,41.96],[-118.09859,41.96051],[-118.09819,41.96104],[-118.09777,41.96155],[-118.09742,41.96206],[-118.09716,41.96241],[-118.09689,41.96284],[-118.09684,41.96293],[-118.09679,41.96303],[-118.09675,41.96313],[-118.09652,41.96388],[-118.09649,41.96403],[-118.0964,41.96444],[-118.09638,41.96463],[-118.09638,41.96476],[-118.0964,41.96486],[-118.0964,41.96496],[-118.09635,41.96529],[-118.0962,41.96574],[-118.09615,41.96592],[-118.09612,41.96606],[-118.0961,41.96614],[-118.09608,41.96619],[-118.09601,41.96631],[-118.09596,41.96639],[-118.09565,41.96677],[-118.09559,41.96687],[-118.09549,41.96704],[-118.09534,41.96735],[-118.09528,41.96746],[-118.09521,41.96756],[-118.09513,41.96766],[-118.09506,41.96773],[-118.09501,41.96778],[-118.09496,41.96786],[-118.09492,41.96793],[-118.09488,41.96809],[-118.09485,41.96818],[-118.0948,41.96828],[-118.09463,41.96853],[-118.09446,41.96873],[-118.09439,41.9688],[-118.09436,41.96885],[-118.09434,41.96893],[-118.09434,41.96898],[-118.09432,41.96904],[-118.0943,41.96909],[-118.09387,41.96969],[-118.09377,41.96981],[-118.09356,41.97002],[-118.09335,41.97019],[-118.09329,41.97025],[-118.09322,41.97033],[-118.09317,41.9704],[-118.09311,41.97052],[-118.09308,41.97061],[-118.09304,41.9707],[-118.09299,41.97078],[-118.09292,41.97088],[-118.0928,41.971],[-118.09278,41.97104],[-118.09269,41.97147],[-118.09256,41.97183],[-118.09251,41.97197],[-118.09246,41.97207],[-118.09237,41.97222],[-118.09234,41.97226],[-118.09198,41.97285],[-118.09185,41.97303],[-118.09179,41.9731],[-118.09169,41.97322],[-118.09156,41.97342],[-118.0915,41.97356],[-118.09137,41.97386],[-118.09133,41.97399],[-118.09127,41.9741],[-118.09106,41.97439],[-118.091,41.97448],[-118.09065,41.97511],[-118.09025,41.97566],[-118.09015,41.97582],[-118.09,41.97607],[-118.08931,41.97701],[-118.0892,41.97714],[-118.08915,41.97725],[-118.0891,41.97736],[-118.08907,41.97746],[-118.08902,41.97755],[-118.08893,41.97768],[-118.08882,41.9778],[-118.08858,41.97816],[-118.08835,41.97841],[-118.08825,41.97855],[-118.08801,41.9789],[-118.08785,41.97908],[-118.08778,41.97914],[-118.0877,41.97919],[-118.08732,41.97941],[-118.08673,41.97977],[-118.08617,41.98012],[-118.08608,41.98019],[-118.08584,41.98042],[-118.08561,41.98068],[-118.08557,41.98074],[-118.0854,41.98108],[-118.08492,41.98184],[-118.08465,41.98229],[-118.08458,41.9824],[-118.08448,41.98251],[-118.08442,41.98258],[-118.08429,41.98271],[-118.08394,41.98308],[-118.08336,41.98382],[-118.08315,41.98412],[-118.08304,41.98428],[-118.08298,41.98441],[-118.08293,41.98461],[-118.08288,41.98477],[-118.0825,41.98554],[-118.08241,41.98587],[-118.08232,41.98605],[-118.0823,41.98613],[-118.08229,41.9862],[-118.0823,41.98631],[-118.08231,41.98641],[-118.0823,41.98647],[-118.08229,41.98653],[-118.08227,41.98659],[-118.08224,41.98664],[-118.08217,41.98674],[-118.08209,41.98681],[-118.08201,41.98686],[-118.08127,41.98727],[-118.08091,41.98741],[-118.08073,41.9875],[-118.08059,41.98757],[-118.08051,41.98763],[-118.08038,41.98771],[-118.08028,41.98781],[-118.08005,41.98807],[-118.07993,41.98819],[-118.07969,41.98846],[-118.07958,41.98861],[-118.07952,41.98871],[-118.07928,41.98916],[-118.07907,41.98944],[-118.07895,41.98958],[-118.07877,41.98978],[-118.07867,41.98985],[-118.07855,41.98994],[-118.07846,41.98999],[-118.07841,41.99004],[-118.0783,41.99016],[-118.07825,41.99024],[-118.0782,41.99039],[-118.0781,41.99056],[-118.07801,41.99068],[-118.07794,41.99077],[-118.07785,41.99085],[-118.0777,41.99095],[-118.07758,41.99106],[-118.07747,41.99119],[-118.07734,41.99139],[-118.07699,41.99185],[-118.07672,41.99237],[-118.07654,41.99272],[-118.07652,41.99279],[-118.07646,41.9929],[-118.07637,41.99303],[-118.07614,41.99341],[-118.07606,41.99359],[-118.07597,41.99388],[-118.07593,41.99394],[-118.07587,41.994],[-118.0758,41.99405],[-118.07462,41.99458],[-118.07365,41.99502],[-118.07318,41.99522],[-118.07286,41.99536],[-118.07227,41.99569],[-118.07221,41.99572],[-118.07215,41.99575],[-118.0721,41.99579],[-118.07205,41.99583],[-118.07201,41.99588],[-118.07198,41.99592],[-118.07193,41.99606],[-118.07193,41.99611],[-118.07188,41.99625],[-118.07183,41.99633],[-118.07179,41.99636],[-118.07174,41.9964],[-118.07168,41.99643],[-118.07158,41.99647],[-118.07135,41.99653],[-118.07111,41.99659],[-118.07093,41.99665],[-118.07079,41.99671],[-118.07068,41.99674],[-118.07056,41.99676],[-118.07035,41.9967],[-118.06985,41.99666],[-118.06952,41.9966]]}},{"type":"Feature","properties":{"name":"(unnamed public road)","road_class":"track","source":"OpenStreetMap","source_detail":"osm way 14329247","source_tile":"176/380","surface_inferred":true},"geometry":{"type":"LineString","coordinates":[[-117.83321,41.90593],[-117.83333,41.90587],[-117.83349,41.9058],[-117.83361,41.90576],[-117.83453,41.9055],[-117.83585,41.90514],[-117.83706,41.90486],[-117.83821,41.90463],[-117.83869,41.90452],[-117.83921,41.90442],[-117.83955,41.90435],[-117.83984,41.90428],[-117.84018,41.90421],[-117.84095,41.90407],[-117.84234,41.90375],[-117.8431,41.90359],[-117.84421,41.90334],[-117.84544,41.90309]]}},{"type":"Feature","properties":{"name":"(unnamed public road)","road_class":"track","source":"OpenStreetMap","source_detail":"osm way 14337495","source_tile":"176/380","surface_inferred":true},"geometry":{"type":"LineString","coordinates":[[-117.78653,41.80647],[-117.78627,41.80655],[-117.78587,41.80669],[-117.78569,41.80675],[-117.78546,41.80681],[-117.78529,41.80684],[-117.78471,41.80691],[-117.78449,41.80695],[-117.7844,41.80698],[-117.78425,41.80704],[-117.78414,41.8071],[-117.78393,41.80734],[-117.78372,41.80756],[-117.78351,41.80776],[-117.78331,41.80793],[-117.78322,41.808],[-117.7831,41.80807],[-117.78243,41.80845],[-117.78228,41.80854],[-117.78196,41.8088],[-117.78176,41.80893],[-117.78144,41.80913]]}},{"type":"Feature","properties":{"name":"(unnamed public road)","road_class":"track","source":"OpenStreetMap","source_detail":"osm way 14337498","source_tile":"176/380","surface_inferred":true},"geometry":{"type":"LineString","coordinates":[[-117.78409,41.80963],[-117.78417,41.8096],[-117.78428,41.80958],[-117.78435,41.80956],[-117.78503,41.80949],[-117.78512,41.80947],[-117.78523,41.80944],[-117.78563,41.80932],[-117.78584,41.80924],[-117.78594,41.8092],[-117.78603,41.80915],[-117.78618,41.80905],[-117.78646,41.80883],[-117.78649,41.8088],[-117.78652,41.80874],[-117.78654,41.80868],[-117.78654,41.80838],[-117.7865,41.8073],[-117.78653,41.80647],[-117.78654,41.8062],[-117.78652,41.80555],[-117.78653,41.80503],[-117.78652,41.80437],[-117.78652,41.80418]]}},{"type":"Feature","properties":{"name":"(unnamed public road)","road_class":"track","source":"OpenStreetMap","source_detail":"osm way 14339327","source_tile":"177/380","surface_inferred":true},"geometry":{"type":"LineString","coordinates":[[-117.77229,41.82986],[-117.77239,41.83011],[-117.77244,41.8302],[-117.77248,41.83026],[-117.77253,41.83032],[-117.77259,41.83037],[-117.77269,41.83045],[-117.77279,41.8305],[-117.7729,41.83057],[-117.77307,41.8307],[-117.77313,41.83074],[-117.7732,41.83077],[-117.77327,41.8308],[-117.77335,41.83082],[-117.77341,41.83084],[-117.77346,41.83087],[-117.77351,41.8309],[-117.77356,41.83094],[-117.77361,41.83099],[-117.77382,41.83116],[-117.774,41.83132],[-117.77411,41.83147],[-117.7742,41.83158],[-117.7743,41.83168],[-117.77447,41.83189],[-117.77458,41.83209],[-117.77462,41.83216],[-117.77465,41.83222],[-117.7747,41.83227],[-117.77479,41.8324],[-117.77485,41.83249],[-117.77504,41.83267],[-117.77513,41.83279],[-117.77517,41.83286],[-117.77531,41.8331],[-117.77538,41.8332],[-117.77547,41.83334],[-117.77552,41.83343],[-117.77559,41.83361],[-117.77631,41.83399],[-117.7771,41.83436],[-117.77734,41.83448],[-117.77747,41.83455],[-117.77757,41.83462],[-117.77768,41.83471],[-117.77773,41.83476],[-117.77774,41.83479],[-117.77774,41.83489],[-117.77769,41.83517],[-117.77764,41.83552],[-117.77751,41.83632],[-117.77743,41.83707],[-117.77737,41.83753],[-117.77729,41.83801],[-117.7772,41.83869],[-117.7771,41.83929],[-117.77705,41.83974],[-117.77701,41.8401],[-117.77697,41.84048],[-117.77694,41.8406],[-117.7769,41.84075],[-117.77686,41.84093],[-117.77685,41.84103],[-117.77684,41.84137],[-117.77681,41.84164],[-117.77673,41.84225],[-117.7767,41.84244],[-117.77659,41.84318],[-117.77651,41.84376],[-117.77637,41.84488],[-117.77635,41.84514],[-117.7763,41.84539],[-117.77609,41.84686],[-117.77602,41.8473],[-117.7759,41.84811],[-117.7758,41.84889],[-117.7757,41.84986],[-117.7755,41.85111],[-117.77547,41.85137],[-117.77534,41.85237],[-117.77526,41.85302],[-117.77507,41.85439],[-117.77497,41.8552],[-117.77477,41.85648],[-117.77474,41.85669],[-117.77473,41.85695],[-117.7747,41.85719],[-117.77463,41.85754],[-117.77458,41.85789],[-117.77452,41.85843],[-117.77443,41.85909],[-117.77437,41.85935],[-117.77432,41.85959],[-117.77424,41.86012],[-117.7742,41.8607],[-117.77417,41.86093],[-117.77408,41.86156],[-117.77398,41.86213],[-117.77392,41.86275],[-117.77384,41.86355],[-117.77375,41.86427],[-117.77372,41.86441],[-117.77364,41.86461],[-117.7736,41.86476],[-117.77358,41.8649],[-117.77359,41.86509],[-117.77359,41.86523],[-117.77357,41.86543],[-117.77349,41.86597],[-117.77341,41.86664],[-117.77331,41.86741],[-117.77312,41.86893],[-117.773,41.86971],[-117.77287,41.87041],[-117.77276,41.87109],[-117.77247,41.87317],[-117.77242,41.87364],[-117.77233,41.87477],[-117.77219,41.87582],[-117.772,41.87694],[-117.77193,41.87732],[-117.77177,41.87832],[-117.77168,41.87906],[-117.77133,41.88173],[-117.77124,41.88239],[-117.77116,41.88303],[-117.77107,41.88367],[-117.77096,41.8844],[-117.77088,41.88482],[-117.77085,41.88505],[-117.77075,41.88597],[-117.77069,41.88651],[-117.77062,41.8871],[-117.77051,41.8878],[-117.77047,41.88802],[-117.77039,41.88844],[-117.77034,41.88879],[-117.77029,41.88931],[-117.77021,41.89008],[-117.77012,41.89073],[-117.7698,41.89288],[-117.7697,41.89365],[-117.76962,41.89409],[-117.76942,41.89559],[-117.76936,41.89614],[-117.76931,41.89661],[-117.76925,41.89703],[-117.7692,41.89727],[-117.76913,41.89775],[-117.76908,41.89818],[-117.76905,41.89843],[-117.76894,41.89905],[-117.76892,41.89924],[-117.76889,41.89957],[-117.76882,41.90012],[-117.76878,41.90037],[-117.76874,41.90071],[-117.76873,41.90091],[-117.76867,41.90124],[-117.76864,41.90147],[-117.76862,41.90173],[-117.7686,41.9022],[-117.76861,41.90237],[-117.76864,41.90256],[-117.76865,41.90267],[-117.76865,41.90278],[-117.76859,41.90341],[-117.76859,41.90393],[-117.76859,41.90406],[-117.76861,41.90421],[-117.76866,41.90442],[-117.76874,41.90466],[-117.7688,41.90485],[-117.769,41.90553],[-117.76922,41.90619],[-117.76945,41.90677],[-117.76955,41.90709],[-117.76965,41.90739],[-117.7697,41.90755],[-117.76976,41.90781],[-117.77007,41.90875],[-117.77019,41.90915],[-117.77028,41.90942],[-117.77063,41.91056],[-117.77068,41.91068],[-117.77071,41.9108],[-117.7708,41.91102],[-117.77087,41.91118],[-117.77089,41.91123],[-117.77091,41.91143],[-117.77095,41.91159],[-117.771,41.9117],[-117.77133,41.91279],[-117.77146,41.91319],[-117.77152,41.91337],[-117.77158,41.9136],[-117.77171,41.914],[-117.77185,41.91445],[-117.77201,41.91502],[-117.77216,41.9154],[-117.77227,41.91575],[-117.77237,41.91603],[-117.77244,41.91625],[-117.77259,41.91678],[-117.77276,41.91733],[-117.77295,41.91784],[-117.77312,41.91839],[-117.77336,41.91919],[-117.77347,41.91948],[-117.77369,41.92003],[-117.77405,41.92117],[-117.77421,41.92176],[-117.77424,41.92194],[-117.77428,41.92205],[-117.77432,41.92212],[-117.77438,41.92222],[-117.77444,41.92228],[-117.77451,41.92235],[-117.7746,41.92245],[-117.77467,41.92255],[-117.77472,41.92266],[-117.77477,41.92282],[-117.77481,41.92306],[-117.77488,41.92352],[-117.7749,41.92369],[-117.77504,41.92445],[-117.77512,41.92469],[-117.77519,41.92482],[-117.77531,41.925],[-117.77537,41.92507],[-117.77543,41.92515],[-117.77546,41.92521],[-117.77548,41.92527],[-117.77549,41.92533],[-117.77567,41.92575],[-117.77607,41.92618],[-117.77658,41.92672],[-117.77734,41.92751],[-117.77786,41.92791],[-117.77811,41.92791],[-117.78264,41.92723],[-117.78282,41.92716],[-117.78974,41.92613],[-117.79874,41.92478],[-117.8003,41.9245],[-117.80074,41.92447],[-117.80239,41.92421],[-117.80263,41.92405],[-117.80314,41.92407],[-117.80419,41.92452],[-117.80442,41.92454],[-117.80457,41.92453],[-117.80485,41.92469],[-117.80531,41.92471],[-117.80584,41.92474],[-117.80647,41.92478],[-117.8076,41.92476],[-117.81494,41.92459]]}},{"type":"Feature","properties":{"name":"(unnamed public road)","road_class":"track","source":"OpenStreetMap","source_detail":"osm way 14340331","source_tile":"176/380","surface_inferred":true},"geometry":{"type":"LineString","coordinates":[[-117.96516,41.95564],[-117.96527,41.95551],[-117.96553,41.95515],[-117.96562,41.95498],[-117.96573,41.95471],[-117.96594,41.95377],[-117.96596,41.95359],[-117.96595,41.9534],[-117.96589,41.95309],[-117.96586,41.95298],[-117.96583,41.95291],[-117.96579,41.95284],[-117.96571,41.95272],[-117.96561,41.95261],[-117.96542,41.95245],[-117.9654,41.95243],[-117.96537,41.95237],[-117.96537,41.95231],[-117.96541,41.95222],[-117.96548,41.95201],[-117.96564,41.95149],[-117.96568,41.95135],[-117.9657,41.95129],[-117.96581,41.95113],[-117.96598,41.95092],[-117.96606,41.95076],[-117.96609,41.95066],[-117.96613,41.95059],[-117.96617,41.95053],[-117.96622,41.95048],[-117.96628,41.95042],[-117.96634,41.95038],[-117.96641,41.95034],[-117.96657,41.9502],[-117.96665,41.9501],[-117.96689,41.94969],[-117.96695,41.94962],[-117.96699,41.94958],[-117.96704,41.94954],[-117.96714,41.94949],[-117.9672,41.94946],[-117.96726,41.94945],[-117.96733,41.94944],[-117.96792,41.94936],[-117.96873,41.94925],[-117.96903,41.94919],[-117.96946,41.9491],[-117.96999,41.949],[-117.97064,41.94887],[-117.97071,41.94885],[-117.97076,41.94883],[-117.97079,41.94881],[-117.97081,41.94879],[-117.97083,41.94876],[-117.97081,41.94867],[-117.97068,41.94809],[-117.97066,41.94805],[-117.97063,41.94801],[-117.97059,41.94797],[-117.97053,41.94794],[-117.97047,41.94792],[-117.97041,41.94791],[-117.97031,41.94791],[-117.97024,41.94788],[-117.97016,41.94782],[-117.97003,41.9477],[-117.96992,41.94758],[-117.96983,41.94745],[-117.96979,41.94737],[-117.96968,41.94709],[-117.96962,41.94697],[-117.96952,41.94681],[-117.96939,41.94666],[-117.96924,41.94652],[-117.96898,41.94633],[-117.9688,41.94619],[-117.96846,41.94599],[-117.96814,41.94576],[-117.96796,41.94562],[-117.96779,41.94546],[-117.96774,41.94538],[-117.96767,41.94524],[-117.96751,41.94493],[-117.9673,41.94461],[-117.96728,41.94456],[-117.96728,41.9445],[-117.96729,41.94438],[-117.96733,41.94425],[-117.96739,41.94412],[-117.96742,41.94403],[-117.96744,41.94384],[-117.96744,41.94377],[-117.96742,41.94369],[-117.96737,41.94361],[-117.96736,41.94356],[-117.96737,41.9435],[-117.96737,41.94317],[-117.96738,41.94292],[-117.9674,41.94275],[-117.96742,41.94239],[-117.96741,41.94222],[-117.96741,41.9418],[-117.96739,41.94152],[-117.96739,41.94123],[-117.96744,41.94096],[-117.96749,41.94077],[-117.96761,41.94044],[-117.96775,41.94013],[-117.96781,41.94001],[-117.96788,41.9399],[-117.9681,41.93956],[-117.96838,41.93911],[-117.96846,41.93895],[-117.96852,41.93878],[-117.96863,41.93847],[-117.96871,41.93829],[-117.96932,41.93724],[-117.9695,41.93693],[-117.96971,41.93665],[-117.96981,41.93653],[-117.96997,41.93638],[-117.97008,41.9363],[-117.97013,41.93623],[-117.97018,41.93617],[-117.97023,41.93611],[-117.97039,41.9359],[-117.9708,41.93535],[-117.97137,41.93462],[-117.97173,41.9342],[-117.97186,41.93407],[-117.97205,41.93391],[-117.9725,41.93345],[-117.97283,41.93315],[-117.97315,41.93284],[-117.97344,41.93251],[-117.97391,41.93201],[-117.97464,41.93128],[-117.97537,41.93058],[-117.97608,41.92989],[-117.97631,41.92967],[-117.97684,41.92923],[-117.97781,41.92838],[-117.97819,41.92807],[-117.9784,41.92792],[-117.97862,41.92776],[-117.97885,41.92761],[-117.97918,41.92737],[-117.97945,41.92716],[-117.97965,41.92699],[-117.97997,41.92671],[-117.98053,41.92618],[-117.98085,41.9259],[-117.98122,41.92552],[-117.98134,41.92538],[-117.98149,41.92518],[-117.9816,41.92498],[-117.98194,41.92426],[-117.98264,41.92289],[-117.9831,41.92209],[-117.9834,41.92159],[-117.98353,41.92142],[-117.98365,41.92125],[-117.98402,41.92082],[-117.9844,41.9204],[-117.98449,41.92027],[-117.98472,41.91988],[-117.98478,41.91979],[-117.98488,41.91969],[-117.98501,41.91956],[-117.98528,41.91924],[-117.98538,41.91915],[-117.98549,41.91907],[-117.98555,41.91903],[-117.98567,41.91895],[-117.98571,41.91891],[-117.98571,41.9189],[-117.98572,41.91885],[-117.9857,41.91881],[-117.98551,41.91859],[-117.98546,41.91851],[-117.9854,41.91838],[-117.98537,41.91833],[-117.98533,41.91828],[-117.98527,41.91823],[-117.9852,41.91818],[-117.98513,41.91813],[-117.98489,41.91795],[-117.98485,41.91791],[-117.98483,41.91787],[-117.98481,41.91779],[-117.98482,41.91775],[-117.98484,41.9177],[-117.98497,41.91752],[-117.98499,41.91748],[-117.985,41.91738],[-117.98499,41.9173],[-117.985,41.91689],[-117.98495,41.916],[-117.98491,41.91568],[-117.98491,41.9156],[-117.98491,41.91539],[-117.98493,41.91517],[-117.98494,41.91486],[-117.98494,41.91451],[-117.98492,41.91423],[-117.98485,41.9136],[-117.98486,41.91337],[-117.98489,41.91293],[-117.98497,41.91171],[-117.98504,41.90989],[-117.98504,41.90902],[-117.98505,41.9086],[-117.98504,41.90823],[-117.98509,41.90696],[-117.98512,41.90561],[-117.98513,41.90486],[-117.98515,41.90424],[-117.98516,41.90354],[-117.98516,41.90277],[-117.9852,41.90132],[-117.98519,41.90128],[-117.98517,41.90122],[-117.98512,41.90115],[-117.98505,41.90105],[-117.98489,41.90081],[-117.98481,41.90068],[-117.98474,41.90054],[-117.9845,41.89993],[-117.98428,41.89928],[-117.98409,41.89864],[-117.98392,41.89802],[-117.98387,41.89777],[-117.98382,41.89743],[-117.98382,41.89731],[-117.98379,41.89696],[-117.98376,41.89662],[-117.98377,41.89656],[-117.98378,41.89649],[-117.98381,41.89642],[-117.98409,41.89588],[-117.98448,41.89522],[-117.98472,41.89478],[-117.98475,41.89471],[-117.98481,41.89452],[-117.98484,41.89438],[-117.98489,41.89412],[-117.98495,41.89384]]}},{"type":"Feature","properties":{"name":"Jordan Meadow Road","road_class":"track","source":"OpenStreetMap","source_detail":"osm way 14342493","source_tile":"176/381","surface_inferred":true},"geometry":{"type":"LineString","coordinates":[[-117.97573,41.68973],[-117.97536,41.69011],[-117.97393,41.69152],[-117.97317,41.69223],[-117.97232,41.6931],[-117.97176,41.69362],[-117.97146,41.69391],[-117.97113,41.69422],[-117.97073,41.69464],[-117.97055,41.69481],[-117.96928,41.69603],[-117.96819,41.69709],[-117.96772,41.69754],[-117.96612,41.69913],[-117.96582,41.6994],[-117.96548,41.69973],[-117.96516,41.70006],[-117.96442,41.70076],[-117.96428,41.70091],[-117.9642,41.70102],[-117.96412,41.70113],[-117.96406,41.70123],[-117.96386,41.70159],[-117.96316,41.70317],[-117.96307,41.70334],[-117.963,41.70347],[-117.96291,41.70363],[-117.96249,41.70457],[-117.96239,41.70479],[-117.96196,41.70574],[-117.96154,41.70663],[-117.9614,41.70696],[-117.96136,41.70705],[-117.96129,41.70719],[-117.961,41.70777],[-117.96079,41.7082],[-117.96066,41.70851],[-117.96045,41.70896],[-117.96016,41.70961],[-117.95978,41.7104],[-117.95976,41.71048],[-117.95943,41.7112],[-117.959,41.71207],[-117.95863,41.71292],[-117.95834,41.71357],[-117.95721,41.71598],[-117.95694,41.71673],[-117.95677,41.71715],[-117.95669,41.71732],[-117.95664,41.71739],[-117.95652,41.71756],[-117.95641,41.7177],[-117.95621,41.71794],[-117.95605,41.71811],[-117.95546,41.71863],[-117.95535,41.71874],[-117.95511,41.71901],[-117.95485,41.71932],[-117.95477,41.71941],[-117.95458,41.71964],[-117.95431,41.72001],[-117.95413,41.72026],[-117.95399,41.72051],[-117.95393,41.72063],[-117.95382,41.72093],[-117.95373,41.7212],[-117.95361,41.72153],[-117.95345,41.72213],[-117.95326,41.7227],[-117.95319,41.72297],[-117.95293,41.72357],[-117.95287,41.72366],[-117.95239,41.72417],[-117.95203,41.7245],[-117.95195,41.72459],[-117.95189,41.72468],[-117.95164,41.72514],[-117.95156,41.72529],[-117.95153,41.72536],[-117.95144,41.72554],[-117.95125,41.72598],[-117.95115,41.72621],[-117.95059,41.72736],[-117.95055,41.72746],[-117.95053,41.72756],[-117.95052,41.72767],[-117.95048,41.72782],[-117.95042,41.72799],[-117.95022,41.72847],[-117.95018,41.72858],[-117.95015,41.7287],[-117.95011,41.72894],[-117.95007,41.72902],[-117.94973,41.72956],[-117.94956,41.72989],[-117.94953,41.72995],[-117.94953,41.73067],[-117.94952,41.7308],[-117.94939,41.73121],[-117.94939,41.73126],[-117.94939,41.73137],[-117.94941,41.73156],[-117.94948,41.73275],[-117.94948,41.73299],[-117.94947,41.73309],[-117.94939,41.73337],[-117.94937,41.73343],[-117.94937,41.73346],[-117.94938,41.73352],[-117.94951,41.73395],[-117.94952,41.73406],[-117.94953,41.73468],[-117.94954,41.73481],[-117.94962,41.73513],[-117.94963,41.7352],[-117.94965,41.73532],[-117.9497,41.73558],[-117.94972,41.73565],[-117.95,41.73623],[-117.95024,41.7368],[-117.95031,41.737],[-117.95055,41.73774],[-117.95059,41.73792],[-117.9506,41.73813],[-117.95058,41.73833],[-117.9505,41.73886],[-117.95049,41.73892],[-117.9505,41.73899],[-117.95051,41.73905],[-117.95057,41.73925],[-117.95065,41.73938],[-117.95085,41.73966],[-117.95091,41.73976],[-117.95098,41.73989],[-117.95121,41.74048],[-117.95125,41.74056],[-117.95128,41.74063],[-117.95129,41.74071],[-117.9513,41.74078],[-117.95129,41.74141],[-117.9513,41.74166],[-117.95132,41.74185],[-117.95141,41.74235],[-117.95143,41.74248],[-117.95146,41.74288],[-117.9515,41.74335],[-117.95149,41.74358],[-117.95147,41.74382],[-117.95141,41.74422],[-117.95136,41.7444],[-117.95117,41.74482],[-117.95102,41.74521],[-117.95086,41.7457],[-117.95078,41.74597],[-117.95064,41.74651],[-117.95056,41.74677],[-117.95048,41.74701],[-117.95046,41.74708],[-117.95043,41.7473],[-117.9504,41.74747],[-117.95037,41.74771],[-117.95036,41.74785],[-117.95035,41.74793],[-117.95036,41.74802],[-117.95041,41.74827],[-117.95051,41.74857],[-117.95056,41.74875],[-117.95057,41.74903],[-117.95058,41.74917],[-117.95061,41.74933],[-117.95071,41.74973],[-117.95072,41.74983],[-117.95071,41.75014],[-117.95073,41.75038],[-117.95077,41.75086],[-117.95075,41.75096],[-117.95072,41.75104],[-117.95068,41.75112],[-117.95063,41.75119],[-117.95056,41.75126],[-117.95049,41.75133],[-117.94987,41.75174],[-117.94966,41.75193],[-117.9492,41.75245],[-117.94914,41.75254],[-117.94909,41.75263],[-117.94901,41.75287],[-117.94898,41.75297],[-117.9489,41.75349],[-117.94889,41.7536],[-117.94887,41.75372],[-117.94882,41.75384],[-117.94854,41.75445],[-117.94841,41.75476],[-117.94831,41.75509],[-117.94822,41.75542],[-117.94816,41.75568],[-117.94796,41.75639],[-117.94793,41.75645],[-117.94789,41.75654],[-117.94754,41.75732],[-117.94738,41.75772],[-117.94734,41.75789],[-117.94728,41.75834],[-117.94726,41.75845],[-117.94723,41.75854],[-117.94718,41.75862],[-117.94676,41.7593],[-117.94669,41.75939],[-117.94661,41.75949],[-117.9465,41.75961],[-117.9464,41.75972],[-117.94631,41.75981],[-117.94599,41.76007],[-117.94572,41.76033],[-117.94551,41.76053],[-117.94548,41.76057],[-117.94543,41.76064],[-117.94481,41.7617],[-117.94468,41.76189],[-117.94449,41.76215],[-117.94419,41.76259],[-117.94401,41.76285],[-117.94365,41.76331],[-117.94336,41.76369],[-117.94318,41.76395],[-117.94247,41.76485],[-117.94239,41.76493],[-117.9416,41.76577],[-117.9405,41.76678],[-117.93964,41.76743],[-117.93939,41.76763],[-117.93911,41.76783],[-117.93891,41.76797],[-117.93876,41.76812],[-117.93873,41.76815],[-117.9386,41.76825],[-117.93798,41.76882],[-117.93762,41.76915],[-117.93747,41.76932],[-117.93741,41.76939],[-117.93718,41.7697],[-117.93707,41.76988],[-117.93702,41.76996],[-117.93698,41.77003],[-117.9369,41.77025],[-117.93676,41.77054],[-117.93653,41.77112],[-117.93624,41.77181],[-117.93602,41.77236],[-117.93594,41.77253],[-117.93582,41.77282],[-117.93557,41.77344],[-117.93533,41.77399],[-117.93523,41.77423],[-117.93521,41.77434],[-117.93519,41.77447],[-117.93518,41.77472],[-117.93519,41.77494],[-117.9352,41.77506],[-117.93522,41.77515],[-117.93524,41.77524],[-117.93531,41.77544],[-117.93535,41.77551],[-117.93541,41.77561],[-117.93547,41.77571],[-117.93561,41.77588],[-117.93566,41.77596],[-117.9357,41.77605],[-117.93573,41.77628],[-117.93573,41.77717],[-117.93576,41.77778],[-117.93576,41.77792],[-117.93574,41.77816],[-117.93569,41.77842],[-117.93564,41.77862],[-117.9356,41.77877],[-117.93542,41.77926],[-117.9353,41.77955],[-117.93526,41.77969],[-117.93524,41.7798],[-117.93523,41.77988],[-117.93522,41.77996],[-117.93523,41.78003],[-117.93524,41.7801],[-117.93528,41.78019],[-117.93538,41.78038],[-117.93554,41.78063],[-117.93565,41.78078],[-117.93578,41.78095],[-117.93601,41.78124],[-117.93645,41.78186],[-117.93665,41.78213],[-117.93707,41.78271],[-117.93712,41.78281],[-117.93724,41.78303],[-117.9373,41.78316],[-117.93769,41.7838],[-117.93802,41.78441],[-117.93831,41.78499],[-117.93882,41.78603],[-117.93928,41.78675],[-117.93958,41.78727],[-117.93968,41.78749],[-117.93993,41.78791],[-117.94013,41.78829],[-117.94043,41.78882],[-117.94056,41.78902],[-117.9407,41.78921],[-117.94098,41.78968],[-117.94122,41.79009],[-117.94234,41.79091],[-117.94275,41.79117],[-117.9433,41.79157],[-117.94416,41.79213],[-117.94493,41.79261],[-117.9453,41.79287],[-117.94586,41.79329],[-117.94632,41.79371],[-117.94662,41.79402],[-117.94715,41.79459],[-117.94833,41.79583],[-117.94896,41.79648],[-117.94958,41.79714],[-117.95051,41.79809],[-117.95082,41.79843],[-117.95136,41.79903],[-117.95263,41.80031],[-117.95323,41.80098],[-117.95345,41.80119],[-117.95369,41.80142],[-117.95427,41.80206],[-117.95523,41.80307],[-117.95556,41.8034],[-117.95593,41.80379],[-117.95668,41.80456],[-117.95698,41.8049],[-117.95754,41.80549],[-117.95817,41.80613],[-117.95903,41.80706],[-117.95926,41.80728],[-117.96,41.80805],[-117.96035,41.8084],[-117.96076,41.80884],[-117.96098,41.80909],[-117.96114,41.80927],[-117.96156,41.80969],[-117.96212,41.81027],[-117.96238,41.81056],[-117.96249,41.81068],[-117.96269,41.81091],[-117.96283,41.81106],[-117.963,41.81121],[-117.96324,41.81145],[-117.96344,41.81168],[-117.96423,41.81252],[-117.96447,41.81278],[-117.96483,41.81322],[-117.96556,41.81397],[-117.9668,41.81529],[-117.9737,41.82249],[-117.97404,41.82287],[-117.97415,41.82306],[-117.98039,41.8366],[-117.98085,41.83758],[-117.97857,41.84162],[-117.97855,41.84183],[-117.97786,41.8422],[-117.97673,41.84244],[-117.95573,41.85099],[-117.95442,41.85153],[-117.95422,41.85162],[-117.9534,41.85204],[-117.95304,41.85222],[-117.95198,41.85272],[-117.95155,41.8529],[-117.95135,41.85298],[-117.95116,41.85306],[-117.95048,41.85332],[-117.94913,41.85387],[-117.94861,41.85406],[-117.94783,41.85435],[-117.94742,41.85451],[-117.94502,41.8553],[-117.94449,41.8555],[-117.94401,41.85567],[-117.94367,41.85581],[-117.94339,41.85594],[-117.94266,41.85625],[-117.94235,41.85637],[-117.94192,41.85652],[-117.94142,41.85671],[-117.94102,41.85687],[-117.94069,41.85703],[-117.94031,41.8572],[-117.93972,41.85749],[-117.93951,41.85761],[-117.93932,41.85772],[-117.9379,41.85865],[-117.93741,41.85898],[-117.93632,41.85971],[-117.93582,41.86006],[-117.93547,41.86033],[-117.93521,41.86055],[-117.93507,41.86067],[-117.9344,41.86133],[-117.93338,41.8623],[-117.93242,41.86325],[-117.93152,41.86432],[-117.93091,41.865],[-117.93033,41.86564],[-117.92985,41.86623],[-117.92917,41.86698],[-117.92846,41.86787],[-117.92811,41.86837],[-117.92765,41.86897],[-117.92732,41.86944],[-117.92706,41.86983],[-117.92676,41.87016],[-117.92646,41.87052],[-117.92618,41.87083],[-117.9254,41.87156],[-117.92467,41.87221],[-117.92403,41.8728],[-117.92336,41.87344],[-117.92307,41.87371],[-117.92238,41.87432],[-117.92128,41.87533],[-117.92111,41.87548],[-117.9205,41.87597],[-117.92028,41.87616],[-117.91974,41.87665],[-117.91839,41.87793],[-117.91682,41.8794],[-117.91651,41.8797],[-117.91615,41.88002],[-117.91471,41.88138],[-117.91447,41.88161],[-117.91394,41.8821],[-117.91369,41.88234],[-117.91297,41.88303],[-117.91173,41.88422],[-117.91065,41.88524],[-117.90923,41.8866],[-117.90779,41.88794],[-117.90693,41.88875],[-117.90666,41.88902],[-117.90652,41.88914],[-117.90646,41.8892],[-117.9064,41.88925],[-117.90586,41.88976],[-117.90545,41.89015],[-117.90469,41.8909],[-117.90408,41.89147],[-117.90315,41.89233],[-117.90267,41.89279],[-117.90247,41.89299],[-117.90126,41.89411],[-117.90114,41.89421],[-117.90102,41.89431],[-117.90086,41.89442],[-117.90071,41.89451],[-117.90056,41.8946],[-117.90039,41.89468],[-117.89899,41.89529],[-117.8966,41.89628],[-117.8952,41.89683],[-117.89437,41.89718],[-117.89266,41.89786],[-117.89161,41.89829],[-117.89098,41.89853],[-117.89062,41.89868],[-117.89041,41.89878],[-117.89021,41.89889],[-117.88993,41.89905],[-117.88972,41.8992],[-117.88804,41.90027],[-117.88778,41.90044],[-117.88745,41.90066],[-117.88668,41.90118],[-117.88633,41.90146],[-117.88588,41.90186],[-117.88547,41.90221],[-117.88516,41.90246],[-117.88441,41.90312],[-117.88326,41.90409],[-117.88141,41.90569],[-117.88034,41.90659],[-117.87775,41.90885],[-117.87747,41.9091],[-117.87703,41.90952],[-117.87664,41.90994],[-117.87626,41.91035],[-117.87545,41.91121],[-117.87434,41.91235],[-117.87367,41.91301],[-117.87305,41.9136],[-117.87233,41.91425],[-117.87102,41.91543],[-117.87034,41.91601],[-117.86931,41.91683],[-117.86919,41.91692],[-117.86877,41.9172],[-117.86837,41.91744],[-117.86735,41.91796],[-117.86632,41.91846],[-117.86586,41.91866],[-117.86556,41.91878],[-117.86517,41.91893],[-117.86395,41.91933],[-117.86258,41.91981],[-117.86182,41.92008],[-117.86162,41.92014],[-117.8615,41.92018],[-117.86134,41.92021],[-117.86117,41.92023],[-117.86101,41.92023],[-117.86084,41.92022],[-117.86068,41.9202],[-117.86029,41.92012],[-117.85986,41.92007],[-117.85971,41.92006],[-117.85941,41.92005],[-117.85907,41.92007],[-117.85864,41.9201],[-117.85843,41.92012],[-117.85812,41.92016],[-117.85749,41.92025],[-117.8572,41.92028],[-117.85699,41.9203],[-117.85679,41.9203],[-117.85619,41.92027],[-117.85596,41.92028],[-117.85575,41.92031],[-117.85484,41.92049],[-117.85453,41.92054],[-117.85391,41.92062],[-117.85372,41.92064],[-117.85353,41.92067],[-117.85338,41.9207],[-117.85328,41.92074],[-117.85324,41.92075],[-117.85318,41.9208],[-117.85313,41.92084],[-117.8531,41.92089],[-117.85308,41.92098],[-117.85309,41.92104],[-117.85317,41.9213],[-117.85317,41.92134],[-117.85316,41.92142],[-117.85313,41.9215],[-117.8531,41.92154],[-117.85307,41.92158],[-117.853,41.92163],[-117.8529,41.92167],[-117.8519,41.92207],[-117.85173,41.92215],[-117.85161,41.92221],[-117.8515,41.92229],[-117.85138,41.92238],[-117.8512,41.92252],[-117.85099,41.92268],[-117.8507,41.92295],[-117.85051,41.92315],[-117.84987,41.92381],[-117.84947,41.92419],[-117.84911,41.92455],[-117.849,41.92468],[-117.8489,41.92483],[-117.84847,41.92558],[-117.84836,41.92576],[-117.84811,41.92629],[-117.84782,41.92702],[-117.84759,41.92764],[-117.84736,41.92827],[-117.84707,41.92909],[-117.84697,41.92933],[-117.8469,41.92949],[-117.8468,41.92966],[-117.84662,41.92994],[-117.84649,41.93011],[-117.84633,41.93027],[-117.84624,41.93035],[-117.84605,41.93049],[-117.84591,41.93057],[-117.84574,41.93065],[-117.84475,41.93111],[-117.84455,41.93121],[-117.84402,41.93148],[-117.84286,41.93212],[-117.84273,41.93218],[-117.83918,41.93423],[-117.83852,41.9346],[-117.83723,41.93527],[-117.83676,41.93553],[-117.83644,41.93571],[-117.83607,41.93594],[-117.83574,41.93614],[-117.83562,41.93624],[-117.83556,41.93629],[-117.83552,41.93633],[-117.83548,41.9364],[-117.83546,41.93644],[-117.83545,41.93651],[-117.83546,41.93659],[-117.83561,41.93697],[-117.83573,41.93724],[-117.83575,41.93731],[-117.83577,41.93743],[-117.83577,41.93783],[-117.83576,41.93849],[-117.83577,41.93916],[-117.83576,41.93931],[-117.83572,41.93941],[-117.83567,41.9395],[-117.83543,41.93992],[-117.83533,41.94008],[-117.83525,41.94016],[-117.83513,41.94026],[-117.83506,41.94029],[-117.835,41.94033],[-117.83492,41.94035],[-117.83484,41.94038],[-117.83309,41.94071],[-117.83274,41.94079],[-117.83214,41.94094],[-117.83192,41.94101],[-117.83155,41.94113],[-117.83086,41.94139],[-117.83068,41.94145],[-117.83004,41.94168],[-117.82982,41.9418],[-117.8297,41.94188],[-117.82959,41.94195],[-117.82952,41.94201],[-117.82935,41.94218],[-117.82922,41.94232],[-117.8291,41.94245],[-117.82901,41.94254],[-117.82894,41.94262],[-117.82878,41.94275],[-117.82845,41.94301],[-117.8283,41.94312],[-117.82809,41.94324],[-117.82798,41.9433],[-117.82787,41.94334],[-117.82775,41.94339],[-117.82755,41.94345],[-117.82728,41.94353],[-117.82711,41.94358],[-117.82656,41.94378],[-117.82592,41.94405],[-117.82576,41.94413],[-117.82565,41.94419],[-117.82556,41.94425],[-117.82547,41.94433],[-117.8254,41.94441],[-117.82529,41.94456],[-117.8251,41.94483],[-117.82493,41.94507],[-117.82481,41.94521],[-117.82452,41.94549],[-117.82439,41.94559],[-117.82429,41.94566],[-117.82385,41.9459],[-117.82352,41.94607]]}},{"type":"Feature","properties":{"name":"(unnamed public road)","road_class":"track","source":"OpenStreetMap","source_detail":"osm way 14342629","source_tile":"176/380","surface_inferred":true},"geometry":{"type":"LineString","coordinates":[[-118.12403,41.9973],[-118.12389,41.99721],[-118.12371,41.99706],[-118.12362,41.99695],[-118.12353,41.99681],[-118.12351,41.99676],[-118.12345,41.99646],[-118.12341,41.99627],[-118.12332,41.99605],[-118.12316,41.99574],[-118.123,41.99536],[-118.12275,41.99483],[-118.12259,41.99447],[-118.1225,41.99429],[-118.12243,41.99419],[-118.12234,41.99408],[-118.12221,41.99393],[-118.12214,41.99384],[-118.1221,41.99378],[-118.12191,41.99321],[-118.12185,41.99301],[-118.1218,41.99277],[-118.12171,41.99251],[-118.12166,41.99242],[-118.12129,41.99182],[-118.12082,41.99094],[-118.1207,41.99072]]}},{"type":"Feature","properties":{"name":"(unnamed public road)","road_class":"track","source":"OpenStreetMap","source_detail":"osm way 14343423","source_tile":"176/380","surface_inferred":true},"geometry":{"type":"LineString","coordinates":[[-118.10695,41.99736],[-118.10756,41.99722],[-118.1084,41.99708],[-118.10861,41.99703],[-118.10905,41.9969],[-118.10916,41.99687],[-118.10929,41.99685],[-118.10936,41.99684],[-118.10943,41.99685],[-118.10956,41.99687],[-118.10967,41.99687],[-118.10979,41.99686],[-118.1099,41.99685],[-118.11002,41.99683],[-118.1105,41.99669],[-118.11115,41.99652],[-118.11235,41.99613],[-118.11296,41.99592],[-118.11326,41.99584],[-118.11343,41.9958],[-118.1136,41.99578],[-118.11377,41.99578],[-118.11398,41.99579],[-118.11419,41.99579],[-118.11487,41.99578],[-118.11531,41.99575],[-118.11549,41.99576],[-118.11554,41.99575],[-118.1156,41.99575],[-118.11567,41.99573],[-118.11577,41.99569],[-118.11585,41.99567],[-118.11594,41.99565],[-118.11602,41.99564],[-118.11611,41.99564],[-118.11625,41.99562],[-118.11644,41.99559],[-118.11653,41.99557],[-118.11668,41.99553],[-118.117,41.99541],[-118.11733,41.99528],[-118.1178,41.99512],[-118.1188,41.99492],[-118.11916,41.99485],[-118.11943,41.99477],[-118.11984,41.99461],[-118.12023,41.99443],[-118.12041,41.99433],[-118.12062,41.99419],[-118.12088,41.994],[-118.12116,41.99386],[-118.12121,41.99382],[-118.12125,41.99379],[-118.12132,41.99371],[-118.12137,41.99362],[-118.12141,41.99353],[-118.12144,41.99348],[-118.12148,41.99344],[-118.12153,41.9934],[-118.12172,41.9932],[-118.12178,41.99311],[-118.12185,41.99301]]}},{"type":"Feature","properties":{"name":"(unnamed public road)","road_class":"track","source":"OpenStreetMap","source_detail":"osm way 14344203","source_tile":"176/380","surface_inferred":true},"geometry":{"type":"LineString","coordinates":[[-118.12103,41.98968],[-118.12125,41.9897],[-118.12135,41.9897],[-118.12149,41.98971],[-118.12157,41.98973],[-118.12164,41.98976],[-118.12167,41.98978],[-118.12174,41.98985],[-118.12178,41.98991],[-118.12182,41.98998],[-118.12192,41.99013],[-118.12198,41.99024],[-118.12201,41.99031],[-118.12203,41.99042],[-118.12205,41.99048],[-118.1221,41.99053],[-118.12215,41.99057],[-118.1222,41.9906],[-118.12231,41.99065]]}},{"type":"Feature","properties":{"name":"(unnamed public road)","road_class":"track","source":"OpenStreetMap","source_detail":"osm way 14344210","source_tile":"176/380","surface_inferred":true},"geometry":{"type":"LineString","coordinates":[[-118.1211,41.94371],[-118.1211,41.94378],[-118.12107,41.94388],[-118.12106,41.94394],[-118.1211,41.94403],[-118.12112,41.94412],[-118.12112,41.94421],[-118.12112,41.9443],[-118.1211,41.94444],[-118.12108,41.94471],[-118.12104,41.94522],[-118.12098,41.94548],[-118.12092,41.94567],[-118.1209,41.94572],[-118.12087,41.94581],[-118.12081,41.94606],[-118.12074,41.94628],[-118.12065,41.94662],[-118.12055,41.94709],[-118.12046,41.94752],[-118.12037,41.94786],[-118.12033,41.94804],[-118.12029,41.94826],[-118.12027,41.9483],[-118.12015,41.94848],[-118.12014,41.94855],[-118.12021,41.94867],[-118.12028,41.94875],[-118.12038,41.94883],[-118.12048,41.94889],[-118.12072,41.94901],[-118.12084,41.94908],[-118.12107,41.94926],[-118.12114,41.94929],[-118.12122,41.94932],[-118.12131,41.94934],[-118.12139,41.94934],[-118.12162,41.94933],[-118.1218,41.94933],[-118.12197,41.94936],[-118.12218,41.94939],[-118.12236,41.94942],[-118.12283,41.94946],[-118.1231,41.94946],[-118.12349,41.94944],[-118.12393,41.9494],[-118.12398,41.9494],[-118.12403,41.94942],[-118.12407,41.94945],[-118.1242,41.94962],[-118.12427,41.94971],[-118.12431,41.94979],[-118.12434,41.94988],[-118.12436,41.94997],[-118.1244,41.95045],[-118.12438,41.95064],[-118.12436,41.95078],[-118.12429,41.95136],[-118.12428,41.95167],[-118.12432,41.9521],[-118.12436,41.95272],[-118.12434,41.95308],[-118.12432,41.95321],[-118.1243,41.95331],[-118.12426,41.95342],[-118.12421,41.95357],[-118.12414,41.95407],[-118.12412,41.95425],[-118.1241,41.95442],[-118.12409,41.95449],[-118.12405,41.95458],[-118.124,41.95468],[-118.12394,41.95476],[-118.12388,41.95484],[-118.1238,41.95491],[-118.12375,41.95497],[-118.12371,41.95503],[-118.12352,41.95539],[-118.12334,41.95588],[-118.12312,41.95641],[-118.12311,41.95646],[-118.1231,41.95652],[-118.12311,41.95657],[-118.12313,41.95666],[-118.12319,41.95682],[-118.12327,41.95721],[-118.12329,41.95738],[-118.12329,41.95752],[-118.12329,41.95759],[-118.1233,41.95793],[-118.1232,41.95889],[-118.12314,41.95923],[-118.12306,41.95951],[-118.12305,41.95968],[-118.12307,41.95983],[-118.12306,41.96008],[-118.12304,41.96068],[-118.12297,41.96123],[-118.12292,41.96153],[-118.12285,41.96209],[-118.12281,41.96249],[-118.12274,41.9628],[-118.12257,41.96349],[-118.12234,41.96425],[-118.12217,41.96463],[-118.12213,41.96469],[-118.12211,41.96475],[-118.12205,41.96509],[-118.12202,41.9652],[-118.12195,41.96531],[-118.12192,41.9654],[-118.12192,41.96544],[-118.12185,41.9657],[-118.12183,41.96576],[-118.12181,41.96586],[-118.1218,41.96594],[-118.12178,41.96601],[-118.12174,41.9661],[-118.12164,41.96621],[-118.12159,41.96626],[-118.12155,41.9663],[-118.12152,41.96635],[-118.12149,41.96641],[-118.12129,41.96699],[-118.12122,41.96714],[-118.12116,41.96731],[-118.12111,41.96753],[-118.1211,41.96762],[-118.12108,41.96771],[-118.12104,41.96778],[-118.12096,41.96793],[-118.12093,41.96801],[-118.12092,41.96808],[-118.12095,41.96823],[-118.12105,41.96851],[-118.1212,41.96883],[-118.12125,41.96899],[-118.12126,41.96912],[-118.12126,41.96918],[-118.12123,41.96926],[-118.12121,41.96932],[-118.12111,41.96946],[-118.12106,41.96956],[-118.12103,41.96964],[-118.12101,41.96972],[-118.12098,41.96996]]}},{"type":"Feature","properties":{"name":"(unnamed public road)","road_class":"track","source":"OpenStreetMap","source_detail":"osm way 41375748","source_tile":"176/380","surface_inferred":true},"geometry":{"type":"LineString","coordinates":[[-118.117,41.99541],[-118.11754,41.99494],[-118.11817,41.99433],[-118.11909,41.99345],[-118.11974,41.99266],[-118.12004,41.99232],[-118.12012,41.99203],[-118.12037,41.99172],[-118.12047,41.99149],[-118.12082,41.99094]]}},{"type":"Feature","properties":{"name":"Disaster Peak Road","road_class":"track","tracktype":"grade4","source":"OpenStreetMap","source_detail":"osm way 209746395","source_tile":"176/380","surface_inferred":true},"geometry":{"type":"LineString","coordinates":[[-117.80223,42.00096],[-117.80171,42.00085],[-117.80069,42.00066],[-117.79209,41.99895],[-117.79037,41.99862],[-117.78917,41.99841],[-117.78912,41.99829]]}},{"type":"Feature","properties":{"name":"(unnamed public road)","road_class":"track","source":"OpenStreetMap","source_detail":"osm way 209746400","source_tile":"176/380","surface_inferred":true},"geometry":{"type":"LineString","coordinates":[[-117.81494,41.92459],[-117.81511,41.9243],[-117.81523,41.92356],[-117.81513,41.9228],[-117.81522,41.92258],[-117.81579,41.92203],[-117.81612,41.92155],[-117.8164,41.92117],[-117.81761,41.92009],[-117.81787,41.91968],[-117.81805,41.91914],[-117.8181,41.91831],[-117.81822,41.91786],[-117.81837,41.91763],[-117.81841,41.91756],[-117.81841,41.91728],[-117.81819,41.91706],[-117.81788,41.91695],[-117.81753,41.91693],[-117.8171,41.91698],[-117.81681,41.91699]]}},{"type":"Feature","properties":{"name":"Flat Top Road","road_class":"track","surface":"dirt","tracktype":"grade5","source":"OpenStreetMap","source_detail":"osm way 302678581","source_tile":"176/380"},"geometry":{"type":"LineString","coordinates":[[-117.82321,42.13652],[-117.82432,42.13589],[-117.8309,42.13231],[-117.83445,42.13029],[-117.83648,42.12925],[-117.8367,42.12906],[-117.83685,42.12882],[-117.83717,42.1287],[-117.84193,42.12768],[-117.85133,42.1255],[-117.85515,42.12461],[-117.85584,42.12451],[-117.8562,42.1244],[-117.85723,42.12405],[-117.86052,42.12304],[-117.86072,42.12299],[-117.86089,42.12293],[-117.86093,42.12288],[-117.86093,42.12281],[-117.86085,42.12267],[-117.86052,42.12227],[-117.86021,42.12184],[-117.85939,42.1207],[-117.8583,42.11924],[-117.85655,42.11702],[-117.85454,42.1144],[-117.85288,42.11228],[-117.85209,42.11119],[-117.85191,42.11102],[-117.85158,42.11086],[-117.85151,42.11078],[-117.85139,42.11065],[-117.85128,42.11051],[-117.85117,42.11038],[-117.85112,42.11023],[-117.85112,42.10996],[-117.85107,42.10984],[-117.84931,42.10752],[-117.8485,42.10649],[-117.84687,42.10434],[-117.84517,42.10211],[-117.84376,42.10026],[-117.84219,42.09821],[-117.8406,42.09611],[-117.83852,42.09339],[-117.8381,42.09284],[-117.83746,42.092],[-117.83578,42.08986],[-117.83417,42.08774],[-117.83312,42.08634],[-117.8326,42.08566],[-117.83136,42.08403],[-117.82998,42.0822],[-117.82816,42.0798],[-117.82674,42.07793],[-117.82527,42.07607],[-117.825,42.07574],[-117.82488,42.07555],[-117.82473,42.07516],[-117.82414,42.07376],[-117.82319,42.07152],[-117.82229,42.0695],[-117.8212,42.06707],[-117.82044,42.0654],[-117.82041,42.06526],[-117.8204,42.06498],[-117.82038,42.06489],[-117.82028,42.06473],[-117.82009,42.06452],[-117.81994,42.06432],[-117.81931,42.06304],[-117.81763,42.05957],[-117.81635,42.05681],[-117.81526,42.05457],[-117.81484,42.05373],[-117.81424,42.05236],[-117.8139,42.05163],[-117.81304,42.0495],[-117.81222,42.04735],[-117.81156,42.04561],[-117.81068,42.04327],[-117.80986,42.04111],[-117.80904,42.03902],[-117.80816,42.03645],[-117.80754,42.03443],[-117.80709,42.03295],[-117.80678,42.03199],[-117.80641,42.0309],[-117.80601,42.02969],[-117.8058,42.0291],[-117.8055,42.02819],[-117.80532,42.02763],[-117.80519,42.0274],[-117.8051,42.02717],[-117.80503,42.02688],[-117.80495,42.02674],[-117.80478,42.02654],[-117.80432,42.02599],[-117.80418,42.02581],[-117.80402,42.02551],[-117.80368,42.02453],[-117.80352,42.02409],[-117.80318,42.02314],[-117.8025,42.02121],[-117.80222,42.02045],[-117.80201,42.01984],[-117.80187,42.01956],[-117.80162,42.01917],[-117.80129,42.0184],[-117.80111,42.01798],[-117.80083,42.0173],[-117.80071,42.01701],[-117.80057,42.01676],[-117.80048,42.01659],[-117.80047,42.0165],[-117.8005,42.01642],[-117.80055,42.01636],[-117.80066,42.01629],[-117.80077,42.01622],[-117.80084,42.01613],[-117.80089,42.01598],[-117.80099,42.01585],[-117.80107,42.01576],[-117.80128,42.01554],[-117.80138,42.01537],[-117.8015,42.01509],[-117.80156,42.01499],[-117.80167,42.01491],[-117.80177,42.01483],[-117.80181,42.01476],[-117.8018,42.01466],[-117.80174,42.01455],[-117.80152,42.01424],[-117.80144,42.0141],[-117.80131,42.01398],[-117.80126,42.01392],[-117.80124,42.01384],[-117.80124,42.01377],[-117.80133,42.0136],[-117.80134,42.0135],[-117.80131,42.01343],[-117.80121,42.01332],[-117.8011,42.01321],[-117.80102,42.0131],[-117.80089,42.01278],[-117.80076,42.01257],[-117.80066,42.01246],[-117.80039,42.01227],[-117.79968,42.0118],[-117.79948,42.01162],[-117.79941,42.01153],[-117.79934,42.01138],[-117.79927,42.01129],[-117.79917,42.01123],[-117.79904,42.01117],[-117.79883,42.01112],[-117.7987,42.01105],[-117.79858,42.01093],[-117.7984,42.01067],[-117.79821,42.01036],[-117.7981,42.01017],[-117.798,42.00992],[-117.79779,42.00947],[-117.7976,42.00897],[-117.7975,42.00862]]}},{"type":"Feature","properties":{"name":"(unnamed public road)","road_class":"track","tracktype":"grade5","source":"OpenStreetMap","source_detail":"osm way 302688002","source_tile":"176/380","surface_inferred":true},"geometry":{"type":"LineString","coordinates":[[-117.86763,42.02036],[-117.86711,42.02045],[-117.86654,42.02057],[-117.86572,42.0208],[-117.86537,42.02091],[-117.86502,42.0209],[-117.86489,42.02085],[-117.86485,42.02073],[-117.86481,42.02003],[-117.86473,42.01936],[-117.86463,42.01628],[-117.86437,42.01389],[-117.86429,42.01315],[-117.86393,42.01215],[-117.86287,42.01005],[-117.86168,42.00792],[-117.86129,42.00733],[-117.86069,42.00661],[-117.86054,42.00634],[-117.86047,42.0061],[-117.86049,42.00578],[-117.86071,42.005],[-117.86083,42.00471],[-117.86096,42.00454],[-117.86117,42.00446],[-117.86348,42.004],[-117.86417,42.00396],[-117.8675,42.00415],[-117.87026,42.00419],[-117.87088,42.00416]]}},{"type":"Feature","properties":{"name":"(unnamed public road)","road_class":"track","tracktype":"grade5","source":"OpenStreetMap","source_detail":"osm way 302916211","source_tile":"176/380","surface_inferred":true},"geometry":{"type":"LineString","coordinates":[[-117.86948,42.01634],[-117.86955,42.01608],[-117.86947,42.01549],[-117.86939,42.0151],[-117.86933,42.01494],[-117.86924,42.01477],[-117.86914,42.01458],[-117.86911,42.01451],[-117.86912,42.01444],[-117.86921,42.01435]]}},{"type":"Feature","properties":{"name":"(unnamed public road)","road_class":"track","tracktype":"grade5","source":"OpenStreetMap","source_detail":"osm way 302918938","source_tile":"176/380","surface_inferred":true},"geometry":{"type":"LineString","coordinates":[[-117.88441,42.03498],[-117.88474,42.03366],[-117.88501,42.03253],[-117.88515,42.03212],[-117.88533,42.03158],[-117.88552,42.03066],[-117.88564,42.0302],[-117.88577,42.02997],[-117.88598,42.02967],[-117.88618,42.02926],[-117.88639,42.02862],[-117.88652,42.02813],[-117.88659,42.0277],[-117.88665,42.02733],[-117.88673,42.02687],[-117.88681,42.02648],[-117.88681,42.02605],[-117.88678,42.02522]]}},{"type":"Feature","properties":{"name":"Bretz Pipeline Road","road_class":"track","surface":"ground","tracktype":"grade5","source":"OpenStreetMap","source_detail":"osm way 302919618","source_tile":"176/380"},"geometry":{"type":"LineString","coordinates":[[-117.89607,42.00883],[-117.8958,42.00913],[-117.89571,42.00937],[-117.89571,42.00954],[-117.8959,42.01001],[-117.89605,42.01049],[-117.89611,42.01114],[-117.89604,42.01163],[-117.89576,42.01239],[-117.89542,42.01336],[-117.89537,42.01369],[-117.89542,42.01423],[-117.89567,42.01604],[-117.89585,42.01718],[-117.89582,42.0175],[-117.89556,42.01797],[-117.89513,42.01861],[-117.89399,42.01986],[-117.89383,42.02011],[-117.89356,42.0208],[-117.89336,42.02139],[-117.89307,42.02188],[-117.89273,42.02229],[-117.89129,42.0237],[-117.89054,42.02447],[-117.89039,42.02476],[-117.88993,42.02605],[-117.88985,42.02631],[-117.88951,42.02721],[-117.88917,42.02821],[-117.88893,42.02896],[-117.88862,42.02982],[-117.88704,42.03426],[-117.88697,42.03433],[-117.88608,42.0346],[-117.88441,42.03498],[-117.88434,42.03513],[-117.88397,42.03651],[-117.88377,42.037],[-117.88361,42.0374],[-117.8834,42.03774],[-117.88319,42.03797],[-117.88301,42.03819],[-117.88208,42.0395],[-117.88166,42.04002],[-117.88122,42.04045],[-117.88063,42.04089],[-117.87827,42.04257],[-117.87809,42.04269],[-117.87787,42.04301],[-117.87712,42.04421],[-117.87692,42.04469],[-117.87673,42.04514],[-117.87661,42.04541],[-117.87614,42.04661],[-117.87601,42.04716],[-117.87559,42.04822],[-117.87512,42.04943],[-117.87466,42.0502],[-117.87434,42.05066],[-117.87377,42.05139],[-117.87346,42.05186],[-117.8731,42.05256],[-117.87289,42.05328],[-117.87253,42.05424]]}},{"type":"Feature","properties":{"name":"(unnamed public road)","road_class":"track","tracktype":"grade5","source":"OpenStreetMap","source_detail":"osm way 302921406","source_tile":"176/380","surface_inferred":true},"geometry":{"type":"LineString","coordinates":[[-117.90134,42.03063],[-117.90075,42.0312],[-117.90062,42.03136],[-117.90053,42.03151],[-117.89977,42.03297],[-117.8996,42.03324],[-117.89938,42.03348],[-117.89929,42.03359],[-117.89917,42.03365],[-117.899,42.03371],[-117.89857,42.03379],[-117.89761,42.03387],[-117.89612,42.03395],[-117.8932,42.03415],[-117.89101,42.03429],[-117.88697,42.03433]]}},{"type":"Feature","properties":{"name":"(unnamed public road)","road_class":"track","tracktype":"grade5","source":"OpenStreetMap","source_detail":"osm way 302923540","source_tile":"176/380","surface_inferred":true},"geometry":{"type":"LineString","coordinates":[[-117.8962,42.01416],[-117.89641,42.0146],[-117.89658,42.01491],[-117.89667,42.01529],[-117.89674,42.01546],[-117.89688,42.01563],[-117.89732,42.01596],[-117.89741,42.0161],[-117.89754,42.01663],[-117.89784,42.01752],[-117.89787,42.01773],[-117.8978,42.01788],[-117.89715,42.01883],[-117.89704,42.01908],[-117.89702,42.01939],[-117.8971,42.01956],[-117.89726,42.01972],[-117.8978,42.02015],[-117.89787,42.0203],[-117.89788,42.02045],[-117.89785,42.02101],[-117.89775,42.02236],[-117.89764,42.02308],[-117.89758,42.02333],[-117.89754,42.02366],[-117.89753,42.02412],[-117.89739,42.02488],[-117.89715,42.02597],[-117.89711,42.02619],[-117.89711,42.0264],[-117.89716,42.02665],[-117.89726,42.02697]]}},{"type":"Feature","properties":{"name":"(unnamed public road)","road_class":"track","tracktype":"grade5","source":"OpenStreetMap","source_detail":"osm way 302923541","source_tile":"176/380","surface_inferred":true},"geometry":{"type":"LineString","coordinates":[[-117.90494,42.01827],[-117.90496,42.01917],[-117.90495,42.01924],[-117.90492,42.01939],[-117.90479,42.01962],[-117.90461,42.01981],[-117.90434,42.02011],[-117.90426,42.02024],[-117.90423,42.02037],[-117.9043,42.02128],[-117.90441,42.02259],[-117.90456,42.0239],[-117.90464,42.02443],[-117.90476,42.02534]]}},{"type":"Feature","properties":{"name":"(unnamed public road)","road_class":"track","tracktype":"grade5","source":"OpenStreetMap","source_detail":"osm way 302923542","source_tile":"176/380","surface_inferred":true},"geometry":{"type":"LineString","coordinates":[[-117.90495,42.01924],[-117.90556,42.01946],[-117.90572,42.01956],[-117.90587,42.01975],[-117.90614,42.02031],[-117.90626,42.02049],[-117.90641,42.02067],[-117.90652,42.02087],[-117.90656,42.0211],[-117.90657,42.02128],[-117.90662,42.0215],[-117.90662,42.02175],[-117.90659,42.02267],[-117.90663,42.02292],[-117.90664,42.02312],[-117.90662,42.02332],[-117.90662,42.0237],[-117.90669,42.02423],[-117.90671,42.02442],[-117.90663,42.02464],[-117.90659,42.02473],[-117.90654,42.02485],[-117.90632,42.02538]]}},{"type":"Feature","properties":{"name":"(unnamed public road)","road_class":"track","tracktype":"grade5","source":"OpenStreetMap","source_detail":"osm way 302923618","source_tile":"176/380","surface_inferred":true},"geometry":{"type":"LineString","coordinates":[[-117.90647,42.02539],[-117.90639,42.02593],[-117.9063,42.02647],[-117.90617,42.02704],[-117.90574,42.02904],[-117.90532,42.03072],[-117.90497,42.0323],[-117.90489,42.03262],[-117.90482,42.03282],[-117.90475,42.03294],[-117.9046,42.0331],[-117.90432,42.03332]]}},{"type":"Feature","properties":{"name":"(unnamed public road)","road_class":"track","tracktype":"grade5","source":"OpenStreetMap","source_detail":"osm way 302926621","source_tile":"176/380","surface_inferred":true},"geometry":{"type":"LineString","coordinates":[[-117.9117,42.03227],[-117.91142,42.03286],[-117.91121,42.03344],[-117.91111,42.03385],[-117.91107,42.03406],[-117.91104,42.03439],[-117.91107,42.0347],[-117.91135,42.03593],[-117.91145,42.03642],[-117.91148,42.03692],[-117.91145,42.03717],[-117.91131,42.03758],[-117.91122,42.03798],[-117.9112,42.03827],[-117.91123,42.03854],[-117.91128,42.03889],[-117.91137,42.03924],[-117.91146,42.03972],[-117.91151,42.03995],[-117.91153,42.04052],[-117.91158,42.04167],[-117.91165,42.04258],[-117.91169,42.04275],[-117.91179,42.0429],[-117.91194,42.04301],[-117.91209,42.04312],[-117.91212,42.04324],[-117.91212,42.04412],[-117.91205,42.04492],[-117.91198,42.04535],[-117.91198,42.04579],[-117.91198,42.04627],[-117.91194,42.04643],[-117.91184,42.04663],[-117.9116,42.0469],[-117.91139,42.04711],[-117.91123,42.04723],[-117.91113,42.0473],[-117.9111,42.04737],[-117.91115,42.04742],[-117.91127,42.04742],[-117.91145,42.04738],[-117.91162,42.04738],[-117.91183,42.04749],[-117.91189,42.04758],[-117.9119,42.0477],[-117.91178,42.0482],[-117.91178,42.04831],[-117.91181,42.04839],[-117.91191,42.04841],[-117.91205,42.04835],[-117.91223,42.04833],[-117.91249,42.04839],[-117.91291,42.04859],[-117.91299,42.04869],[-117.91303,42.04885],[-117.91297,42.04924],[-117.91298,42.04933],[-117.91303,42.04939],[-117.91312,42.0494],[-117.91328,42.04935],[-117.91355,42.04928],[-117.91395,42.04925],[-117.91435,42.04929],[-117.91462,42.0494],[-117.91506,42.04966],[-117.91551,42.04987],[-117.91597,42.05021],[-117.91615,42.05041],[-117.91631,42.05085],[-117.91637,42.05107],[-117.91645,42.05114],[-117.91657,42.05118],[-117.91668,42.05118],[-117.91684,42.05114],[-117.91702,42.05109],[-117.9172,42.05109],[-117.91743,42.05113],[-117.91781,42.05125],[-117.91802,42.05133],[-117.91816,42.05143],[-117.91822,42.05158],[-117.91825,42.05184],[-117.91821,42.05207],[-117.91803,42.05245],[-117.91777,42.05288],[-117.91771,42.05306],[-117.91766,42.05328],[-117.91769,42.05342],[-117.91774,42.05356],[-117.91773,42.0537],[-117.91776,42.05382],[-117.91788,42.05396],[-117.91795,42.0541],[-117.91796,42.05428],[-117.9179,42.05456],[-117.91793,42.05473]]}},{"type":"Feature","properties":{"name":"(unnamed public road)","road_class":"track","tracktype":"grade5","source":"OpenStreetMap","source_detail":"osm way 302926622","source_tile":"176/380","surface_inferred":true},"geometry":{"type":"LineString","coordinates":[[-117.9117,42.03227],[-117.91158,42.03242],[-117.91127,42.03264],[-117.91028,42.03324],[-117.90703,42.03525],[-117.90603,42.03585],[-117.9054,42.03622],[-117.90495,42.03649],[-117.90482,42.03659],[-117.90473,42.03668],[-117.90469,42.03677],[-117.90467,42.03691],[-117.90465,42.03808],[-117.90465,42.03862],[-117.90471,42.03884],[-117.90483,42.0391],[-117.90535,42.04004],[-117.90556,42.04042],[-117.90563,42.0408],[-117.90564,42.0413],[-117.90555,42.04166],[-117.90539,42.04201],[-117.90525,42.04224],[-117.90518,42.04253],[-117.90509,42.04301],[-117.905,42.04328],[-117.90481,42.04353],[-117.90467,42.04367],[-117.90435,42.04388],[-117.90415,42.04406],[-117.90399,42.04425],[-117.90392,42.04439],[-117.90391,42.04462],[-117.90401,42.04492],[-117.90431,42.04591],[-117.90433,42.04605],[-117.90424,42.04618],[-117.90386,42.04648],[-117.90369,42.04656],[-117.90358,42.04657],[-117.90348,42.04654],[-117.90337,42.04647],[-117.9033,42.04636],[-117.90312,42.04596],[-117.90303,42.04577],[-117.9029,42.0456],[-117.90273,42.04544],[-117.90241,42.04511],[-117.90206,42.04471],[-117.90195,42.04462],[-117.90174,42.04457],[-117.90134,42.04455],[-117.90121,42.04457],[-117.90109,42.04465],[-117.90091,42.04484],[-117.90078,42.04491],[-117.90066,42.04493],[-117.90033,42.04487],[-117.89999,42.04479],[-117.89983,42.04478],[-117.89915,42.0448],[-117.89901,42.0448],[-117.89889,42.04476],[-117.89882,42.0447],[-117.89875,42.04435],[-117.89876,42.04421],[-117.89885,42.04403],[-117.89901,42.04369],[-117.89908,42.04336],[-117.89906,42.04314],[-117.89898,42.04287],[-117.89888,42.04258],[-117.89874,42.04238],[-117.89856,42.04222],[-117.89848,42.04218],[-117.89839,42.04218],[-117.8983,42.04222],[-117.89784,42.04279]]}},{"type":"Feature","properties":{"name":"(unnamed public road)","road_class":"track","tracktype":"grade5","source":"OpenStreetMap","source_detail":"osm way 302949178","source_tile":"176/380","surface_inferred":true},"geometry":{"type":"LineString","coordinates":[[-117.9303,42.00295],[-117.93028,42.00315],[-117.93028,42.00363],[-117.93034,42.00384],[-117.93047,42.00402],[-117.93054,42.00413],[-117.93057,42.00432],[-117.93067,42.00458],[-117.93092,42.00495],[-117.93125,42.00523],[-117.93147,42.00536],[-117.93183,42.00551],[-117.93204,42.00564],[-117.93244,42.00596],[-117.93275,42.00619],[-117.93333,42.00649],[-117.93359,42.00662],[-117.93364,42.00673],[-117.93364,42.00687],[-117.93363,42.00725],[-117.93363,42.00745],[-117.9337,42.00761],[-117.93402,42.00797],[-117.93405,42.00806],[-117.93405,42.00819],[-117.93412,42.0083],[-117.93427,42.00841],[-117.93475,42.00866],[-117.93494,42.0088],[-117.93504,42.00893],[-117.93524,42.00952],[-117.93529,42.00975],[-117.93524,42.00992],[-117.93512,42.01025],[-117.93495,42.01055],[-117.93482,42.01089],[-117.9348,42.01129],[-117.93481,42.01173],[-117.93479,42.012],[-117.93458,42.01245],[-117.93451,42.01271],[-117.93447,42.01297],[-117.93442,42.01322],[-117.9343,42.01345],[-117.93416,42.01367],[-117.93405,42.01383],[-117.93396,42.01415],[-117.93392,42.01428],[-117.93396,42.01448],[-117.93403,42.01467],[-117.93419,42.01483],[-117.93425,42.0149],[-117.93427,42.01511],[-117.93433,42.01522],[-117.93442,42.01528],[-117.93459,42.01541],[-117.93463,42.01551],[-117.93461,42.01563],[-117.93452,42.01574],[-117.93435,42.01586],[-117.9343,42.01596],[-117.93431,42.01609],[-117.9344,42.01628],[-117.93452,42.01643],[-117.93466,42.01653],[-117.93469,42.01662],[-117.93466,42.01676],[-117.93457,42.01694],[-117.93443,42.01714],[-117.93443,42.01724],[-117.93449,42.01735],[-117.93461,42.01758],[-117.93481,42.01809],[-117.93494,42.01847],[-117.93495,42.01863],[-117.93486,42.01879],[-117.93455,42.01922],[-117.93447,42.01939],[-117.93445,42.01963],[-117.93441,42.01984],[-117.93438,42.02007]]}},{"type":"Feature","properties":{"name":"Indian Creek Loop Road","road_class":"track","surface":"gravel","tracktype":"grade2","source":"OpenStreetMap","source_detail":"osm way 302957279","source_tile":"176/380"},"geometry":{"type":"LineString","coordinates":[[-118.03226,42.04773],[-118.0325,42.04761],[-118.03271,42.04755],[-118.03314,42.04747],[-118.03347,42.04745],[-118.03381,42.04743],[-118.03413,42.04739],[-118.03441,42.04733],[-118.03464,42.04731],[-118.03481,42.04731],[-118.03503,42.04735],[-118.03564,42.04744],[-118.03605,42.04746],[-118.03628,42.04744],[-118.03654,42.04738],[-118.03692,42.04727],[-118.03743,42.04714],[-118.03806,42.04705],[-118.03853,42.04697],[-118.03881,42.04689],[-118.03909,42.0468],[-118.03921,42.04673],[-118.03956,42.04647],[-118.03972,42.04633],[-118.03994,42.04594],[-118.04116,42.04381],[-118.04144,42.04337],[-118.04161,42.04313],[-118.0418,42.04293],[-118.04348,42.04149],[-118.04519,42.04008],[-118.04617,42.03925],[-118.04636,42.03913],[-118.04655,42.03903],[-118.04732,42.03878],[-118.04834,42.03841],[-118.04868,42.03824],[-118.04887,42.03811],[-118.04908,42.03788],[-118.05003,42.03643],[-118.05075,42.03511],[-118.05088,42.03491],[-118.05123,42.03469],[-118.05267,42.03396],[-118.056,42.03251],[-118.05673,42.03221]]}},{"type":"Feature","properties":{"name":"(unnamed public road)","road_class":"track","tracktype":"grade5","source":"OpenStreetMap","source_detail":"osm way 302959221","source_tile":"176/380","surface_inferred":true},"geometry":{"type":"LineString","coordinates":[[-118.01694,42.00722],[-118.01866,42.00903],[-118.01963,42.01004],[-118.02008,42.01055],[-118.02027,42.01083],[-118.02053,42.01137],[-118.02071,42.01172],[-118.02073,42.01191],[-118.02072,42.01212],[-118.02077,42.01225],[-118.0209,42.01242],[-118.02096,42.01255],[-118.02101,42.01268],[-118.02106,42.01279],[-118.02114,42.01285],[-118.02122,42.01296],[-118.02175,42.01411],[-118.02212,42.01497],[-118.02247,42.01567],[-118.02266,42.01592],[-118.02296,42.0162],[-118.02371,42.01694],[-118.0253,42.01853],[-118.02601,42.01924],[-118.02662,42.01984],[-118.02697,42.02021],[-118.02726,42.02044],[-118.02762,42.02062],[-118.02812,42.02084],[-118.02865,42.02109],[-118.02931,42.02147],[-118.02977,42.02172]]}},{"type":"Feature","properties":{"name":"(unnamed public road)","road_class":"track","tracktype":"grade5","source":"OpenStreetMap","source_detail":"osm way 302959434","source_tile":"176/380","surface_inferred":true},"geometry":{"type":"LineString","coordinates":[[-118.03794,42.01824],[-118.03736,42.01797],[-118.03671,42.01757],[-118.0364,42.01725],[-118.03579,42.0166],[-118.03495,42.01576],[-118.0344,42.01531],[-118.03413,42.01513],[-118.03391,42.01505],[-118.03337,42.01492],[-118.03315,42.01485],[-118.03298,42.01475],[-118.03279,42.01463],[-118.0324,42.01433],[-118.03209,42.01395],[-118.03189,42.01365],[-118.03155,42.01297],[-118.03144,42.01268],[-118.03117,42.01205],[-118.03106,42.01194],[-118.03077,42.01175],[-118.03053,42.01155],[-118.03027,42.01124],[-118.02998,42.01086],[-118.02989,42.01079],[-118.02978,42.01076],[-118.02852,42.01094],[-118.02503,42.0115],[-118.02451,42.01161],[-118.02424,42.01162],[-118.02412,42.01161]]}},{"type":"Feature","properties":{"name":"(unnamed public road)","road_class":"track","tracktype":"grade5","source":"OpenStreetMap","source_detail":"osm way 302959437","source_tile":"176/380","surface_inferred":true},"geometry":{"type":"LineString","coordinates":[[-118.02396,42.01115],[-118.02412,42.01161],[-118.02441,42.01248],[-118.02448,42.01303],[-118.02462,42.01362],[-118.02491,42.01429],[-118.02528,42.01479],[-118.02556,42.01511],[-118.02575,42.01535],[-118.02586,42.01554],[-118.02591,42.01566],[-118.026,42.01571],[-118.02611,42.0157],[-118.02655,42.01554],[-118.02691,42.01535],[-118.02733,42.0152],[-118.02779,42.01512],[-118.02957,42.01504],[-118.03028,42.01499],[-118.03083,42.0149],[-118.03127,42.0148],[-118.03162,42.01476],[-118.03234,42.01478],[-118.03315,42.01485]]}},{"type":"Feature","properties":{"name":"Payne Creek Road","road_class":"track","tracktype":"grade5","source":"OpenStreetMap","source_detail":"osm way 302959804","source_tile":"176/380","surface_inferred":true},"geometry":{"type":"LineString","coordinates":[[-118.03953,42.01673],[-118.04005,42.01694],[-118.04035,42.01711],[-118.04084,42.01747],[-118.04123,42.01789],[-118.04153,42.0181],[-118.0422,42.01855],[-118.04269,42.01901],[-118.04288,42.01919],[-118.04333,42.01958],[-118.04429,42.02014],[-118.0449,42.02053],[-118.04562,42.0209],[-118.04602,42.02113],[-118.04624,42.02132],[-118.04641,42.02156],[-118.04655,42.02176],[-118.04672,42.02191],[-118.0469,42.02203],[-118.04703,42.02216],[-118.04717,42.02235],[-118.04731,42.02245],[-118.04754,42.02253],[-118.04778,42.0226],[-118.0483,42.02294],[-118.04869,42.02332],[-118.04931,42.02396],[-118.0497,42.02431],[-118.05019,42.0249],[-118.05065,42.02536],[-118.05155,42.02629],[-118.05198,42.02676],[-118.05223,42.02715],[-118.05248,42.02744],[-118.05275,42.02774],[-118.05327,42.02835],[-118.05408,42.02925],[-118.0546,42.02976],[-118.05517,42.03047],[-118.05574,42.03099],[-118.05614,42.03132],[-118.0563,42.03151],[-118.05649,42.03182],[-118.05665,42.03206],[-118.05673,42.03221],[-118.05691,42.03244],[-118.05801,42.03381],[-118.0589,42.03488],[-118.06035,42.03671],[-118.0611,42.03777],[-118.0617,42.03857],[-118.06231,42.03931],[-118.06268,42.03969],[-118.06326,42.04013],[-118.0636,42.0404],[-118.06405,42.04067],[-118.0642,42.04079],[-118.06434,42.04099],[-118.06465,42.04135],[-118.06496,42.04168],[-118.06513,42.04194],[-118.06538,42.04231],[-118.06553,42.04246],[-118.06599,42.04278],[-118.06686,42.04353],[-118.06737,42.04391],[-118.06771,42.04424],[-118.0682,42.04463],[-118.0687,42.04494],[-118.06903,42.04522],[-118.06933,42.04553],[-118.06968,42.04583],[-118.07033,42.04628],[-118.07095,42.04672],[-118.07149,42.04719],[-118.07166,42.04742],[-118.07175,42.04762],[-118.07185,42.04793],[-118.07196,42.04831],[-118.07213,42.04867],[-118.0726,42.04948],[-118.07293,42.0499],[-118.07356,42.05056],[-118.07424,42.05137],[-118.07438,42.05158],[-118.07445,42.05182],[-118.07456,42.052],[-118.07542,42.0527],[-118.07582,42.05293],[-118.07662,42.05341],[-118.07686,42.05357],[-118.07698,42.05378],[-118.07714,42.05412],[-118.07752,42.05457],[-118.07794,42.05492],[-118.07858,42.05529],[-118.07906,42.05558],[-118.07921,42.05572],[-118.07936,42.05599],[-118.07951,42.05625],[-118.07963,42.05635],[-118.07999,42.0565],[-118.08092,42.05674],[-118.0832,42.05708],[-118.08377,42.05719],[-118.08451,42.05744],[-118.08642,42.05807],[-118.08732,42.05845],[-118.08858,42.05909],[-118.08892,42.05922],[-118.0892,42.05927],[-118.08947,42.05927],[-118.08975,42.05924],[-118.09014,42.05912],[-118.09053,42.05896],[-118.0907,42.05892],[-118.09087,42.05894],[-118.09123,42.05912],[-118.09136,42.05923],[-118.09149,42.05952],[-118.09177,42.05995],[-118.09216,42.0603],[-118.09306,42.06089],[-118.0936,42.0612],[-118.09412,42.0614],[-118.09448,42.06151],[-118.09508,42.06179],[-118.09626,42.06259],[-118.09707,42.06304],[-118.09785,42.06355],[-118.09903,42.06445],[-118.1,42.06535],[-118.10096,42.06646],[-118.1017,42.06739],[-118.10216,42.06816],[-118.10242,42.06866],[-118.10269,42.06911],[-118.10276,42.06938],[-118.10277,42.06962],[-118.10284,42.06974],[-118.10302,42.06998],[-118.10307,42.07014],[-118.10314,42.07084],[-118.10314,42.07172],[-118.103,42.07298],[-118.10287,42.07434],[-118.10284,42.07494],[-118.10278,42.07524],[-118.10263,42.07551],[-118.10244,42.07584],[-118.10237,42.07603],[-118.10235,42.07626],[-118.10245,42.07666],[-118.10276,42.07783]]}},{"type":"Feature","properties":{"name":"(unnamed public road)","road_class":"track","tracktype":"grade5","source":"OpenStreetMap","source_detail":"osm way 302960364","source_tile":"176/380","surface_inferred":true},"geometry":{"type":"LineString","coordinates":[[-118.0473,42.01206],[-118.04717,42.01192],[-118.04705,42.01187],[-118.04655,42.01169],[-118.04603,42.01146],[-118.04579,42.01137],[-118.04558,42.01129],[-118.04515,42.01119],[-118.04491,42.01112],[-118.04474,42.01103],[-118.04449,42.0109],[-118.04392,42.01068],[-118.04342,42.01047],[-118.04285,42.01019],[-118.04246,42.00995],[-118.04236,42.00987],[-118.04229,42.00971],[-118.04229,42.00911],[-118.04225,42.00895],[-118.04214,42.00879],[-118.04186,42.00852],[-118.04172,42.00833],[-118.04169,42.00815],[-118.04166,42.00793]]}},{"type":"Feature","properties":{"name":"(unnamed public road)","road_class":"track","tracktype":"grade5","source":"OpenStreetMap","source_detail":"osm way 302960365","source_tile":"176/380","surface_inferred":true},"geometry":{"type":"LineString","coordinates":[[-118.03923,42.0083],[-118.04078,42.00809],[-118.04166,42.00793],[-118.04208,42.00785],[-118.0423,42.00784],[-118.04281,42.00781],[-118.04314,42.00777],[-118.04335,42.0077],[-118.04369,42.00754],[-118.0442,42.00738],[-118.04502,42.00714],[-118.04643,42.00679],[-118.04733,42.00653],[-118.04784,42.00632],[-118.04836,42.00614],[-118.04888,42.00599],[-118.04966,42.00584],[-118.04993,42.0058],[-118.05017,42.00584],[-118.05049,42.00592],[-118.05075,42.00605],[-118.05099,42.00628],[-118.05124,42.00648],[-118.05148,42.00661],[-118.05167,42.0067],[-118.05178,42.00675]]}},{"type":"Feature","properties":{"name":"(unnamed public road)","road_class":"track","tracktype":"grade5","source":"OpenStreetMap","source_detail":"osm way 302960463","source_tile":"176/380","surface_inferred":true},"geometry":{"type":"LineString","coordinates":[[-118.05383,42.00652],[-118.05366,42.00643],[-118.05352,42.00639],[-118.05335,42.00636],[-118.05302,42.00642],[-118.05178,42.00675],[-118.04813,42.00764]]}},{"type":"Feature","properties":{"name":"(unnamed public road)","road_class":"track","tracktype":"grade5","source":"OpenStreetMap","source_detail":"osm way 302960809","source_tile":"176/380","surface_inferred":true},"geometry":{"type":"LineString","coordinates":[[-118.07119,42.00508],[-118.07104,42.00564],[-118.07097,42.00583],[-118.07086,42.006],[-118.07063,42.00628],[-118.07021,42.0067],[-118.06988,42.00706],[-118.06973,42.00724],[-118.06964,42.00747],[-118.06953,42.00773],[-118.06946,42.00789],[-118.06939,42.00801],[-118.06936,42.00811],[-118.06933,42.00823],[-118.06923,42.00841]]}},{"type":"Feature","properties":{"name":"(unnamed public road)","road_class":"track","tracktype":"grade5","source":"OpenStreetMap","source_detail":"osm way 302961255","source_tile":"176/380","surface_inferred":true},"geometry":{"type":"LineString","coordinates":[[-118.08012,42.02093],[-118.08086,42.0207],[-118.0817,42.02056],[-118.08361,42.0203]]}},{"type":"Feature","properties":{"name":"Turner Ranch Road","road_class":"track","tracktype":"grade5","source":"OpenStreetMap","source_detail":"osm way 302961256","source_tile":"176/380","surface_inferred":true},"geometry":{"type":"LineString","coordinates":[[-118.08271,42.00917],[-118.08266,42.00939],[-118.08261,42.00955],[-118.08251,42.00969],[-118.08219,42.01009],[-118.082,42.01035],[-118.08192,42.0105],[-118.08187,42.01068],[-118.08167,42.01144],[-118.08145,42.01211],[-118.08129,42.0126],[-118.0811,42.01302],[-118.081,42.01328],[-118.0806,42.01435],[-118.08037,42.01506],[-118.08031,42.0153],[-118.08028,42.0154],[-118.0802,42.01553],[-118.0801,42.01568],[-118.07991,42.01606],[-118.07981,42.01634],[-118.07978,42.0165],[-118.07974,42.017],[-118.07966,42.01748],[-118.07963,42.01769],[-118.07964,42.01818],[-118.07967,42.01889],[-118.0797,42.01944],[-118.07975,42.0197],[-118.07991,42.0202],[-118.08007,42.02076],[-118.08012,42.02093],[-118.08012,42.02103],[-118.08008,42.02111],[-118.08001,42.02117],[-118.07987,42.02123],[-118.07944,42.02135],[-118.07925,42.02143],[-118.07914,42.02149],[-118.07886,42.0217],[-118.07837,42.02213]]}},{"type":"Feature","properties":{"name":"Turner Ranch Road","road_class":"track","tracktype":"grade2","source":"OpenStreetMap","source_detail":"osm way 302961503","source_tile":"176/380","surface_inferred":true},"geometry":{"type":"LineString","coordinates":[[-118.10834,42.01348],[-118.10779,42.01338],[-118.10732,42.01331],[-118.10678,42.01318],[-118.10643,42.01302],[-118.10615,42.01294],[-118.10588,42.01291],[-118.10538,42.01288],[-118.10504,42.01281],[-118.10484,42.01276],[-118.10467,42.01277],[-118.10414,42.01279],[-118.10394,42.01279],[-118.10386,42.01283],[-118.10384,42.0129],[-118.10388,42.01298],[-118.10393,42.01315],[-118.10393,42.01328],[-118.10386,42.01339],[-118.10372,42.01356],[-118.10361,42.01362],[-118.10349,42.01364],[-118.10335,42.01363],[-118.10323,42.01361],[-118.10292,42.01345],[-118.10275,42.0134],[-118.10255,42.0134],[-118.10239,42.01341],[-118.10223,42.01346],[-118.10188,42.01359],[-118.10165,42.0137],[-118.10151,42.01373],[-118.10127,42.01374],[-118.10105,42.01375]]}},{"type":"Feature","properties":{"name":"(unnamed public road)","road_class":"track","tracktype":"grade5","source":"OpenStreetMap","source_detail":"osm way 302963630","source_tile":"176/380","surface_inferred":true},"geometry":{"type":"LineString","coordinates":[[-118.10118,42.01381],[-118.10113,42.01394],[-118.10118,42.01411],[-118.10136,42.01447],[-118.10142,42.01474],[-118.10155,42.01535],[-118.10167,42.0156],[-118.10175,42.01581],[-118.10184,42.01604],[-118.10196,42.0162],[-118.10265,42.01717],[-118.10376,42.01871],[-118.10494,42.02041],[-118.10526,42.02094],[-118.10571,42.02193],[-118.10613,42.02293],[-118.10637,42.02351],[-118.10659,42.02431],[-118.10699,42.02552],[-118.10718,42.02603],[-118.1073,42.0265],[-118.10743,42.02713],[-118.10762,42.02793],[-118.10777,42.029],[-118.10808,42.0304],[-118.10824,42.03094],[-118.10859,42.03204],[-118.10882,42.03255],[-118.10908,42.03297],[-118.1096,42.03375],[-118.1098,42.03412],[-118.11001,42.03463],[-118.11034,42.03564],[-118.11042,42.03597],[-118.11044,42.03626],[-118.11037,42.03661],[-118.11025,42.03705],[-118.11025,42.03714],[-118.11035,42.03736],[-118.11043,42.0375]]}},{"type":"Feature","properties":{"name":"(unnamed public road)","road_class":"track","tracktype":"grade5","source":"OpenStreetMap","source_detail":"osm way 302963631","source_tile":"176/380","surface_inferred":true},"geometry":{"type":"LineString","coordinates":[[-118.10627,42.01529],[-118.10653,42.01547],[-118.10688,42.01563],[-118.10707,42.01573],[-118.10718,42.01581],[-118.1072,42.01587],[-118.10722,42.01605],[-118.10723,42.01618],[-118.10728,42.01627],[-118.10738,42.01632],[-118.10776,42.01635],[-118.10807,42.01637],[-118.10819,42.0164],[-118.10885,42.0168],[-118.10984,42.01735],[-118.11045,42.01764],[-118.11096,42.01786],[-118.1115,42.01814],[-118.11184,42.01837],[-118.11204,42.01851],[-118.11235,42.01866],[-118.11272,42.0189],[-118.11281,42.01898],[-118.11295,42.01912],[-118.11376,42.02005],[-118.11427,42.02048],[-118.11505,42.02119],[-118.11571,42.02164],[-118.11619,42.02191],[-118.11683,42.02227],[-118.11708,42.02245]]}},{"type":"Feature","properties":{"name":"(unnamed public road)","road_class":"track","tracktype":"grade5","source":"OpenStreetMap","source_detail":"osm way 302963632","source_tile":"176/380","surface_inferred":true},"geometry":{"type":"LineString","coordinates":[[-118.11281,42.01898],[-118.11287,42.01918],[-118.1129,42.01939],[-118.11298,42.01962],[-118.11321,42.02022],[-118.1133,42.0206],[-118.11337,42.02075],[-118.11344,42.02088],[-118.11345,42.02102],[-118.11347,42.02147],[-118.11355,42.0216],[-118.11366,42.02171],[-118.11383,42.02182],[-118.11412,42.02195],[-118.11441,42.02213],[-118.11488,42.02245],[-118.11609,42.02343],[-118.11695,42.02406]]}},{"type":"Feature","properties":{"name":"(unnamed public road)","road_class":"track","tracktype":"grade5","source":"OpenStreetMap","source_detail":"osm way 302963633","source_tile":"176/380","surface_inferred":true},"geometry":{"type":"LineString","coordinates":[[-118.10997,42.0137],[-118.11058,42.01379],[-118.11105,42.01389],[-118.11153,42.01405],[-118.11188,42.01416],[-118.11273,42.01435],[-118.11403,42.01458],[-118.11434,42.01464],[-118.1145,42.01464],[-118.11484,42.01456],[-118.1151,42.01449],[-118.11528,42.01448],[-118.11542,42.0145],[-118.1155,42.01455],[-118.11551,42.01463],[-118.1154,42.01485],[-118.11522,42.0151],[-118.11519,42.01518],[-118.11521,42.01529],[-118.11529,42.01539],[-118.11586,42.01581],[-118.11716,42.01676],[-118.11817,42.0175],[-118.11842,42.01761],[-118.11857,42.01772],[-118.11881,42.01797],[-118.11942,42.01841],[-118.12048,42.0193]]}},{"type":"Feature","properties":{"name":"(unnamed public road)","road_class":"track","tracktype":"grade5","source":"OpenStreetMap","source_detail":"osm way 302964085","source_tile":"176/380","surface_inferred":true},"geometry":{"type":"LineString","coordinates":[[-118.10695,41.99736],[-118.10646,41.99743],[-118.10603,41.99746],[-118.10495,41.99757],[-118.1043,41.99766],[-118.10409,41.99775],[-118.10378,41.99798],[-118.10339,41.99827],[-118.10317,41.99838],[-118.10279,41.99848],[-118.10222,41.9986],[-118.10175,41.99873],[-118.10085,41.99893],[-118.10053,41.99898],[-118.09999,41.99898],[-118.09927,41.99894],[-118.0989,41.99889],[-118.09848,41.99889],[-118.098,41.99894],[-118.09693,41.99903],[-118.09573,41.9991],[-118.095,41.99916],[-118.09446,41.99929],[-118.09267,41.99982],[-118.08951,42.0006],[-118.08802,42.00093],[-118.08733,42.00115]]}},{"type":"Feature","properties":{"name":"(unnamed public road)","road_class":"track","tracktype":"grade5","source":"OpenStreetMap","source_detail":"osm way 302964129","source_tile":"176/380","surface_inferred":true},"geometry":{"type":"LineString","coordinates":[[-118.10767,42.00427],[-118.11013,42.00358],[-118.1112,42.0032],[-118.11284,42.00244],[-118.11434,42.00181],[-118.11648,42.00092],[-118.11784,42.00033],[-118.11913,41.99966],[-118.11967,41.99942],[-118.12122,41.99894],[-118.12234,41.99865],[-118.12289,41.99855],[-118.12353,41.99851],[-118.12415,41.9985],[-118.12471,41.99854]]}},{"type":"Feature","properties":{"name":"Mine Creek Road","road_class":"track","tracktype":"grade5","source":"OpenStreetMap","source_detail":"osm way 302965697","source_tile":"176/380","surface_inferred":true},"geometry":{"type":"LineString","coordinates":[[-118.07837,42.02213],[-118.07789,42.02259],[-118.07733,42.02303],[-118.0766,42.02357],[-118.07602,42.02391],[-118.0755,42.02419],[-118.07462,42.02459],[-118.07336,42.02516],[-118.07195,42.02574],[-118.07096,42.02608],[-118.06954,42.02653],[-118.0678,42.02701],[-118.06531,42.02773],[-118.06236,42.02876],[-118.06076,42.02935],[-118.06007,42.02963],[-118.05962,42.02987],[-118.05933,42.03006],[-118.05912,42.03025],[-118.05896,42.03041],[-118.05891,42.03052],[-118.0589,42.03062],[-118.05894,42.03071],[-118.05904,42.03079],[-118.05909,42.03083],[-118.05914,42.0309],[-118.05911,42.03097],[-118.05903,42.03109],[-118.0589,42.03117],[-118.05872,42.03122],[-118.05859,42.03128],[-118.0582,42.03153],[-118.05773,42.03183],[-118.05761,42.03189],[-118.0575,42.03192],[-118.05739,42.03192],[-118.05725,42.03195],[-118.05673,42.03221]]}},{"type":"Feature","properties":{"name":"(unnamed public road)","road_class":"track","source":"OpenStreetMap","source_detail":"osm way 313453455","source_tile":"176/380","surface_inferred":true},"geometry":{"type":"LineString","coordinates":[[-117.82217,41.94267],[-117.82243,41.94262],[-117.82367,41.94229],[-117.82386,41.94224],[-117.824,41.94221],[-117.82419,41.94218],[-117.82474,41.94212],[-117.82534,41.94203],[-117.82572,41.94198],[-117.82635,41.9419],[-117.82708,41.94184],[-117.82842,41.94175],[-117.83004,41.94168]]}},{"type":"Feature","properties":{"name":"(unnamed public road)","road_class":"track","source":"OpenStreetMap","source_detail":"osm way 495984271","source_tile":"176/380","surface_inferred":true},"geometry":{"type":"LineString","coordinates":[[-117.81725,41.91421],[-117.81719,41.91404],[-117.81714,41.91383],[-117.81713,41.91373],[-117.81713,41.9136],[-117.81714,41.91348],[-117.81718,41.9131],[-117.81724,41.91299],[-117.8172,41.91224],[-117.81718,41.91216],[-117.81706,41.9121]]}},{"type":"Feature","properties":{"name":"Flat Creek Road","road_class":"track","source":"OpenStreetMap","source_detail":"osm way 495984966","source_tile":"177/381","surface_inferred":true},"geometry":{"type":"LineString","coordinates":[[-117.74851,41.76929],[-117.77438,41.77842],[-117.7858,41.78053],[-117.78644,41.77976]]}},{"type":"Feature","properties":{"name":"(unnamed public road)","road_class":"track","source":"OpenStreetMap","source_detail":"osm way 501290148","source_tile":"176/380","surface_inferred":true},"geometry":{"type":"LineString","coordinates":[[-117.8832,41.89765],[-117.88298,41.89755],[-117.88164,41.89726],[-117.88137,41.897],[-117.88118,41.89679],[-117.88107,41.89646],[-117.8809,41.89648],[-117.8808,41.89649],[-117.88075,41.89649],[-117.88021,41.89647],[-117.88001,41.89648],[-117.87981,41.8965],[-117.87961,41.89654],[-117.87954,41.89657],[-117.87943,41.8966],[-117.87931,41.89662],[-117.87919,41.89663],[-117.8791,41.89664],[-117.87893,41.89664],[-117.87884,41.89664],[-117.87874,41.89662],[-117.8786,41.89662],[-117.87852,41.89663],[-117.87821,41.89669],[-117.8781,41.89672],[-117.87797,41.89677],[-117.87736,41.89713],[-117.87716,41.89729],[-117.87696,41.89742],[-117.87675,41.89755],[-117.87666,41.89758],[-117.87659,41.89759],[-117.87653,41.89759],[-117.87646,41.89758],[-117.87625,41.89751],[-117.87556,41.89723],[-117.8752,41.8971],[-117.87501,41.89701],[-117.87486,41.89694],[-117.87471,41.89685],[-117.8746,41.89678],[-117.87437,41.89661],[-117.87432,41.89655],[-117.87427,41.89651],[-117.87421,41.89648],[-117.87415,41.89645],[-117.87408,41.89642],[-117.87378,41.89634],[-117.8736,41.89629],[-117.87339,41.89621],[-117.87322,41.89612],[-117.87304,41.89606],[-117.87273,41.89596],[-117.87258,41.89593],[-117.87241,41.8959],[-117.87143,41.89578],[-117.8713,41.89575],[-117.87121,41.89572],[-117.87093,41.89566],[-117.87078,41.89563],[-117.87053,41.8956],[-117.87006,41.89552],[-117.86978,41.89546],[-117.86922,41.89539],[-117.86898,41.89534],[-117.86886,41.89533],[-117.86868,41.89534],[-117.86859,41.89534],[-117.86851,41.89532],[-117.86842,41.89531],[-117.86834,41.89528],[-117.86794,41.89513],[-117.86752,41.89499],[-117.86701,41.89485],[-117.86682,41.89478],[-117.86657,41.89467],[-117.86627,41.89456],[-117.86581,41.89441],[-117.86513,41.89423],[-117.86488,41.89417],[-117.86468,41.89413],[-117.86449,41.89411],[-117.86401,41.8941],[-117.86378,41.8941],[-117.86362,41.89412],[-117.86343,41.89416],[-117.86329,41.89419],[-117.86294,41.89432],[-117.86266,41.89446],[-117.86223,41.89469],[-117.86185,41.8949],[-117.86153,41.89508],[-117.86084,41.89544],[-117.86066,41.89554],[-117.86044,41.89564],[-117.86037,41.89567],[-117.86012,41.89582],[-117.85924,41.89633],[-117.85867,41.89669],[-117.85827,41.89692],[-117.8581,41.89701],[-117.85795,41.89708],[-117.85756,41.89724],[-117.85741,41.89731],[-117.85709,41.89748],[-117.85665,41.89773],[-117.85642,41.89784],[-117.85591,41.89808],[-117.85575,41.89818],[-117.8556,41.89829],[-117.85551,41.89837],[-117.85537,41.89846],[-117.85512,41.8986],[-117.85502,41.89864],[-117.85451,41.89884],[-117.85401,41.89899],[-117.85372,41.89909],[-117.85358,41.89915],[-117.85319,41.89936],[-117.85306,41.89941],[-117.8529,41.8995],[-117.85283,41.89954],[-117.85274,41.89961],[-117.85265,41.89968],[-117.85188,41.90063],[-117.85155,41.90097],[-117.85128,41.90133],[-117.85115,41.90147],[-117.85104,41.90157],[-117.85091,41.90166],[-117.85078,41.90174],[-117.85063,41.90183],[-117.85038,41.90195],[-117.85028,41.90199],[-117.85004,41.90207],[-117.84932,41.90225],[-117.8487,41.90238],[-117.84823,41.90247],[-117.84748,41.90265],[-117.84703,41.90274],[-117.84544,41.90309]]}},{"type":"Feature","properties":{"name":"(unnamed public road)","road_class":"track","source":"OpenStreetMap","source_detail":"osm way 501290149","source_tile":"176/380","surface_inferred":true},"geometry":{"type":"LineString","coordinates":[[-117.83321,41.90593],[-117.83276,41.90618],[-117.83253,41.9063],[-117.83233,41.90643],[-117.83208,41.90645],[-117.83169,41.90671],[-117.83147,41.90714],[-117.8314,41.9073],[-117.83135,41.90743],[-117.83125,41.90776],[-117.83122,41.90787],[-117.8312,41.90799],[-117.83119,41.90815],[-117.83118,41.9082],[-117.83116,41.90825],[-117.83114,41.9083],[-117.83099,41.90853],[-117.83021,41.90958],[-117.83008,41.90975],[-117.8299,41.90995],[-117.82987,41.91],[-117.82984,41.91006],[-117.82982,41.91011],[-117.82981,41.91017],[-117.82974,41.91087],[-117.82972,41.91102],[-117.82968,41.91122],[-117.82963,41.91136],[-117.82957,41.91149],[-117.82948,41.91161],[-117.82937,41.91173],[-117.82925,41.91184],[-117.82915,41.91192],[-117.82867,41.91232],[-117.82844,41.91253],[-117.82819,41.91272],[-117.82799,41.91284],[-117.8278,41.91294],[-117.82753,41.91308],[-117.82719,41.91327],[-117.82657,41.91365],[-117.82651,41.91369],[-117.82628,41.91385],[-117.82609,41.91396],[-117.82599,41.91401],[-117.82586,41.91405],[-117.82573,41.91409],[-117.82559,41.91412],[-117.82544,41.91413],[-117.82525,41.91414],[-117.82443,41.91414],[-117.82101,41.91416],[-117.81973,41.91415],[-117.81818,41.91415],[-117.81774,41.91416],[-117.81759,41.91417],[-117.81747,41.91418],[-117.81725,41.91421]]}},{"type":"Feature","properties":{"name":"(unnamed public road)","road_class":"track","source":"OpenStreetMap","source_detail":"osm way 501290150","source_tile":"176/380","surface_inferred":true},"geometry":{"type":"LineString","coordinates":[[-117.8832,41.89765],[-117.88328,41.89769],[-117.88337,41.89772],[-117.88342,41.89773],[-117.88349,41.89774],[-117.88354,41.89774],[-117.88366,41.89775],[-117.88378,41.89778],[-117.88388,41.89782],[-117.88402,41.89793],[-117.88411,41.89798],[-117.8843,41.89806],[-117.88449,41.89813],[-117.88455,41.89817],[-117.88458,41.8982],[-117.88461,41.89826],[-117.88461,41.8983],[-117.8846,41.89835],[-117.88453,41.89852],[-117.88448,41.8986],[-117.88439,41.89873],[-117.88427,41.89887],[-117.88409,41.89903],[-117.88393,41.89921],[-117.88383,41.89935],[-117.88366,41.89968],[-117.88359,41.89981],[-117.88336,41.90013],[-117.88329,41.90027],[-117.88327,41.90032],[-117.88326,41.90039],[-117.88327,41.90066],[-117.88327,41.90077],[-117.88323,41.90132],[-117.88323,41.90206],[-117.88324,41.90216],[-117.88328,41.90231],[-117.88332,41.90267],[-117.88332,41.90288],[-117.88329,41.90304],[-117.88321,41.90329],[-117.88319,41.9034],[-117.88318,41.90348],[-117.88319,41.90366],[-117.88323,41.90398],[-117.88326,41.90409]]}},{"type":"Feature","properties":{"name":"(unnamed public road)","road_class":"track","source":"OpenStreetMap","source_detail":"osm way 501290151","source_tile":"176/380","surface_inferred":true},"geometry":{"type":"LineString","coordinates":[[-117.81706,41.9121],[-117.81704,41.91214],[-117.81692,41.91231],[-117.81678,41.91247],[-117.81665,41.91258],[-117.81654,41.91267],[-117.81643,41.91273],[-117.81633,41.91278],[-117.81613,41.91286],[-117.81597,41.91291],[-117.81589,41.91295],[-117.81573,41.91305],[-117.81565,41.91313],[-117.81545,41.91336],[-117.81533,41.91352],[-117.81526,41.91363],[-117.81518,41.91381],[-117.81512,41.91404],[-117.81511,41.9141],[-117.81512,41.91418],[-117.81514,41.91425],[-117.81528,41.91454],[-117.81531,41.91464],[-117.81534,41.91485],[-117.81534,41.9151],[-117.81534,41.91541],[-117.81534,41.91557],[-117.81532,41.91571],[-117.8153,41.91586],[-117.81526,41.91599],[-117.81518,41.91624],[-117.81502,41.91667],[-117.81501,41.91674],[-117.815,41.9168],[-117.81501,41.91686],[-117.81504,41.91692],[-117.81507,41.91697],[-117.81514,41.91702],[-117.81522,41.91705],[-117.81532,41.91707],[-117.81543,41.91708],[-117.81562,41.91708],[-117.81598,41.91706],[-117.81664,41.91702],[-117.81671,41.91701],[-117.81681,41.91699]]}}]}