{"type":"FeatureCollection","features":[{"type":"Feature","properties":{"name":"Powerline Road","road_class":"track","source":"OpenStreetMap","source_detail":"osm way 955170751","source_tile":"172/385","surface_inferred":true},"geometry":{"type":"LineString","coordinates":[[-119.5598,40.87604],[-119.55959,40.87573],[-119.55869,40.87496],[-119.55843,40.8747],[-119.55787,40.87401],[-119.55759,40.87363],[-119.55699,40.87286],[-119.55675,40.87259],[-119.5537,40.86876],[-119.55264,40.86747],[-119.55239,40.86712],[-119.55236,40.86706],[-119.55236,40.867],[-119.55147,40.86589],[-119.55113,40.86551],[-119.5511,40.86544],[-119.55092,40.86519],[-119.55055,40.86462],[-119.55044,40.86438],[-119.54965,40.86375],[-119.54946,40.86349],[-119.54916,40.86301],[-119.54898,40.86282],[-119.54897,40.86275],[-119.54857,40.86222],[-119.54825,40.86186],[-119.54819,40.86182],[-119.54735,40.8606],[-119.54719,40.8604],[-119.5469,40.86014],[-119.54654,40.85998],[-119.54645,40.85998],[-119.54621,40.85994],[-119.546,40.85988],[-119.5459,40.85984],[-119.54582,40.85978],[-119.54566,40.85958],[-119.54565,40.85953],[-119.54553,40.8594],[-119.54526,40.859],[-119.54478,40.85837],[-119.54396,40.85736],[-119.54388,40.85722],[-119.54337,40.8566],[-119.54261,40.85565],[-119.54185,40.85465],[-119.54157,40.85426],[-119.54153,40.85423],[-119.54124,40.85388],[-119.54115,40.85372],[-119.54082,40.85334],[-119.53959,40.85181],[-119.53903,40.85111],[-119.53781,40.84956],[-119.53772,40.84943],[-119.53765,40.84936],[-119.53755,40.84926],[-119.53709,40.84866],[-119.53585,40.8471],[-119.53563,40.84683],[-119.53557,40.84671],[-119.53517,40.84627],[-119.53502,40.84603],[-119.5349,40.84591],[-119.53445,40.84532],[-119.53279,40.84325],[-119.5326,40.84311],[-119.53255,40.84304],[-119.53205,40.84248],[-119.53179,40.84216],[-119.53153,40.84146],[-119.53146,40.84066],[-119.53124,40.84031],[-119.5312,40.84014],[-119.53046,40.8385],[-119.53039,40.83842],[-119.53012,40.83825],[-119.52973,40.83824],[-119.5286,40.83834],[-119.52824,40.83841],[-119.52812,40.83838],[-119.52804,40.83825],[-119.52808,40.83811],[-119.52819,40.83799],[-119.5285,40.83783],[-119.5287,40.83765],[-119.52878,40.83747],[-119.52873,40.83738],[-119.52866,40.83732],[-119.52781,40.83702],[-119.52731,40.83673],[-119.52722,40.83663],[-119.5268,40.8358],[-119.52657,40.8354],[-119.52629,40.8351],[-119.5262,40.83495],[-119.52616,40.83478],[-119.52616,40.83437],[-119.5262,40.83388],[-119.52629,40.83321],[-119.52634,40.83311],[-119.5265,40.8329],[-119.52658,40.83276],[-119.52662,40.83263],[-119.52661,40.83258],[-119.52657,40.83254],[-119.5265,40.83251],[-119.5261,40.83252],[-119.52582,40.8325],[-119.52502,40.83224],[-119.52455,40.83177],[-119.52436,40.83168],[-119.52415,40.83166],[-119.52401,40.83164],[-119.52307,40.83172],[-119.52292,40.83169],[-119.52282,40.83164],[-119.52277,40.83157],[-119.52277,40.8315],[-119.52281,40.83141],[-119.52293,40.83124],[-119.52296,40.83114],[-119.52296,40.83097],[-119.52273,40.83039],[-119.52249,40.83012],[-119.52174,40.82976],[-119.5213,40.82967],[-119.51956,40.82915],[-119.5192,40.82899],[-119.51909,40.8289],[-119.51904,40.8288],[-119.51901,40.8287],[-119.51902,40.82862],[-119.51917,40.82825],[-119.51948,40.82797],[-119.51979,40.8277],[-119.52032,40.82721],[-119.52045,40.82709],[-119.52064,40.82688],[-119.52071,40.82673],[-119.52072,40.82656],[-119.52068,40.82647],[-119.52052,40.82627],[-119.52019,40.82597],[-119.52001,40.82583],[-119.51958,40.82562],[-119.51899,40.82529],[-119.51876,40.82519],[-119.51854,40.82514],[-119.51823,40.82509],[-119.51792,40.82506],[-119.51779,40.82502],[-119.51772,40.82495],[-119.51748,40.82413],[-119.51721,40.82384],[-119.51717,40.82378],[-119.51685,40.82362],[-119.5164,40.82362],[-119.51614,40.82365],[-119.51582,40.82367],[-119.51561,40.82371],[-119.51553,40.82374],[-119.515,40.8239],[-119.51475,40.82407],[-119.51463,40.82408],[-119.51444,40.82408],[-119.51434,40.82405],[-119.51428,40.824],[-119.51426,40.82395],[-119.51426,40.82386],[-119.51435,40.82372],[-119.51446,40.8236],[-119.51492,40.82323],[-119.51502,40.82311],[-119.51508,40.82301],[-119.51514,40.82279],[-119.51515,40.82234],[-119.51529,40.82194],[-119.51551,40.8216],[-119.51571,40.82146],[-119.51582,40.82134],[-119.51585,40.82122],[-119.5158,40.82111],[-119.51568,40.82071],[-119.51566,40.82013],[-119.51561,40.82006],[-119.51546,40.81996],[-119.51539,40.81994],[-119.51507,40.81986],[-119.51444,40.81979],[-119.51409,40.81956],[-119.51357,40.81906],[-119.51327,40.81891],[-119.51268,40.81868],[-119.51246,40.81862],[-119.51235,40.81858],[-119.51172,40.81837],[-119.51157,40.81827],[-119.51144,40.81816],[-119.51127,40.81792],[-119.51107,40.81756],[-119.51096,40.8173],[-119.51084,40.81715],[-119.51037,40.81703],[-119.5103,40.81703],[-119.51008,40.81701],[-119.50986,40.81695],[-119.50853,40.81625],[-119.50832,40.81608],[-119.5082,40.81588],[-119.50816,40.81568],[-119.50817,40.81551],[-119.50826,40.81511],[-119.50831,40.81484],[-119.50845,40.81433],[-119.50847,40.81417],[-119.50841,40.81381],[-119.50808,40.8132],[-119.50741,40.8124],[-119.50628,40.81092],[-119.50621,40.81083],[-119.50563,40.8103],[-119.50553,40.81022],[-119.5054,40.81013],[-119.50531,40.80998],[-119.50527,40.80985],[-119.50527,40.80972],[-119.50531,40.80961],[-119.50537,40.80949],[-119.50538,40.80936],[-119.50536,40.80913],[-119.50522,40.809],[-119.50511,40.8088],[-119.5049,40.80846],[-119.50475,40.80817],[-119.50449,40.80705],[-119.50432,40.80652],[-119.50413,40.80613],[-119.50403,40.806],[-119.50384,40.80586],[-119.50258,40.80553],[-119.5022,40.80536],[-119.50197,40.80529],[-119.50173,40.80522],[-119.50146,40.80521],[-119.50099,40.8052],[-119.50076,40.80517],[-119.50055,40.80508],[-119.50019,40.80482],[-119.50023,40.80465],[-119.50048,40.80416],[-119.5006,40.80383],[-119.50064,40.80371],[-119.50095,40.80345],[-119.50102,40.80334],[-119.50101,40.80328],[-119.50097,40.80323],[-119.50058,40.80285],[-119.50042,40.80245],[-119.49935,40.80199],[-119.49859,40.80172],[-119.49793,40.80134],[-119.49748,40.80074],[-119.49732,40.80057],[-119.49725,40.80033],[-119.49725,40.80012],[-119.49729,40.79972],[-119.49733,40.7991],[-119.49737,40.7989],[-119.49754,40.79852],[-119.49754,40.79839],[-119.4975,40.79832],[-119.49738,40.7982],[-119.49729,40.79814],[-119.497,40.79806],[-119.49687,40.79804],[-119.49666,40.79804],[-119.49616,40.79808],[-119.49604,40.79806],[-119.49596,40.79798],[-119.49559,40.79733],[-119.49552,40.79719],[-119.49552,40.79708],[-119.49561,40.79662],[-119.49561,40.79622],[-119.49567,40.79575],[-119.49567,40.79564],[-119.49563,40.79553],[-119.49553,40.79545],[-119.49514,40.79524],[-119.49471,40.79521],[-119.49423,40.79536],[-119.49415,40.79538],[-119.49401,40.79537],[-119.49388,40.79532],[-119.49369,40.7952],[-119.49335,40.79486],[-119.49298,40.79424],[-119.49275,40.79396],[-119.49208,40.79323],[-119.49123,40.7924],[-119.49079,40.79191],[-119.4901,40.79102],[-119.48988,40.79067],[-119.48981,40.79062],[-119.48953,40.79039],[-119.4891,40.78991],[-119.48904,40.78987],[-119.4885,40.78915],[-119.48744,40.78801],[-119.48728,40.78782],[-119.48723,40.78774],[-119.48715,40.78766],[-119.48706,40.78763],[-119.48688,40.78762],[-119.48647,40.78753],[-119.48622,40.78738],[-119.48547,40.7865],[-119.48507,40.78597],[-119.485,40.7859],[-119.48489,40.78583],[-119.48455,40.78568],[-119.48439,40.78563],[-119.48428,40.78563],[-119.4839,40.78569],[-119.48375,40.7857],[-119.4836,40.78567],[-119.48353,40.78564],[-119.48346,40.78559],[-119.4834,40.7855],[-119.48339,40.78535],[-119.48349,40.78515],[-119.48373,40.78486],[-119.4838,40.78477],[-119.48383,40.7847],[-119.48384,40.78458],[-119.48384,40.78449],[-119.48383,40.78436],[-119.48379,40.78426],[-119.48372,40.78418],[-119.48353,40.78405],[-119.48343,40.78397],[-119.48334,40.78388],[-119.48323,40.78376],[-119.48293,40.78346],[-119.48287,40.78341],[-119.48277,40.78335],[-119.48264,40.78329],[-119.48249,40.78325],[-119.48234,40.78321],[-119.48219,40.78316],[-119.48202,40.78311],[-119.48188,40.78306],[-119.48177,40.78302],[-119.48172,40.78298],[-119.48165,40.7829],[-119.48157,40.7828],[-119.48144,40.78268],[-119.48138,40.78261],[-119.48133,40.78253],[-119.4813,40.78246],[-119.4813,40.78236],[-119.4813,40.7822],[-119.4813,40.78212],[-119.4813,40.78208],[-119.48128,40.78204],[-119.48116,40.78181],[-119.48109,40.78167],[-119.48104,40.78155],[-119.48101,40.78149],[-119.481,40.78143],[-119.481,40.78135],[-119.48106,40.78129],[-119.48107,40.78125],[-119.48112,40.78116],[-119.48116,40.78108],[-119.48122,40.78096],[-119.48125,40.78086],[-119.48126,40.78075],[-119.48124,40.78069],[-119.4812,40.78061],[-119.4811,40.78053],[-119.481,40.78044],[-119.48079,40.7803],[-119.48062,40.78017],[-119.48046,40.78007],[-119.48012,40.77987],[-119.47999,40.77976],[-119.47987,40.77968],[-119.47976,40.77959],[-119.47959,40.77947],[-119.47939,40.7793],[-119.47917,40.77913],[-119.47905,40.77904],[-119.47886,40.77889],[-119.47865,40.77873],[-119.47835,40.77851],[-119.47819,40.77839],[-119.47801,40.77826],[-119.4779,40.77818],[-119.47773,40.77807],[-119.47758,40.77796],[-119.47744,40.77786],[-119.47736,40.77778],[-119.47728,40.77768],[-119.4772,40.77756],[-119.47714,40.77746],[-119.47707,40.77732],[-119.47702,40.77717],[-119.47696,40.777],[-119.47689,40.77683],[-119.4768,40.77667],[-119.47672,40.77648],[-119.47663,40.77631],[-119.47656,40.77616],[-119.47651,40.77608],[-119.47649,40.776],[-119.47649,40.77592],[-119.47652,40.7758],[-119.47656,40.77563],[-119.47661,40.77543],[-119.47663,40.77529],[-119.47665,40.77512],[-119.47664,40.77503],[-119.47661,40.77495],[-119.47656,40.77487],[-119.47648,40.7748],[-119.47637,40.77469],[-119.47621,40.77457],[-119.4761,40.77445],[-119.47596,40.7743],[-119.47585,40.77418],[-119.47581,40.77414],[-119.47564,40.77393],[-119.47555,40.77381],[-119.47548,40.77373],[-119.47534,40.77361],[-119.47519,40.7735],[-119.47503,40.77337],[-119.47473,40.77319],[-119.47455,40.77307],[-119.47442,40.77299],[-119.47434,40.77295],[-119.4742,40.77289],[-119.47397,40.7728],[-119.47378,40.77271],[-119.47364,40.77263],[-119.47347,40.77251],[-119.47328,40.77237],[-119.47303,40.77218],[-119.47282,40.77202],[-119.47262,40.77187],[-119.47245,40.77177],[-119.47228,40.77164],[-119.47215,40.77154],[-119.47205,40.77144],[-119.47189,40.77133],[-119.47176,40.77125],[-119.47154,40.77114],[-119.4713,40.77103],[-119.47103,40.77093],[-119.47081,40.77084],[-119.47065,40.77077],[-119.47049,40.77063],[-119.47036,40.77047],[-119.47021,40.7703],[-119.47018,40.77024],[-119.47012,40.77011],[-119.47012,40.77],[-119.47015,40.7699],[-119.47021,40.76978],[-119.47026,40.76971],[-119.47035,40.76965],[-119.47049,40.76953],[-119.47056,40.7694],[-119.47059,40.76926],[-119.4706,40.76914],[-119.4706,40.76906],[-119.47059,40.76897],[-119.47062,40.76889],[-119.47067,40.76877],[-119.4707,40.76871],[-119.47072,40.76863],[-119.4707,40.76852],[-119.47065,40.76841],[-119.47055,40.76831],[-119.47039,40.76815],[-119.47026,40.76798],[-119.47014,40.76784],[-119.47004,40.76773],[-119.46995,40.76769],[-119.46978,40.76763],[-119.46962,40.76757],[-119.46948,40.7675],[-119.46932,40.76738],[-119.46915,40.76725],[-119.46898,40.7671],[-119.46882,40.76696],[-119.46867,40.76683],[-119.46859,40.76676],[-119.46844,40.76667],[-119.46827,40.76665],[-119.4681,40.76663],[-119.46793,40.76659],[-119.46782,40.76653],[-119.46773,40.76649],[-119.46762,40.7664],[-119.4675,40.76631],[-119.46736,40.76622],[-119.46721,40.76612],[-119.46714,40.7661],[-119.46695,40.76607],[-119.46676,40.76604],[-119.46667,40.76601],[-119.46659,40.76597],[-119.46653,40.7659],[-119.46648,40.76579],[-119.46649,40.76572],[-119.46653,40.76563],[-119.46658,40.76555],[-119.46665,40.76548],[-119.46677,40.76538],[-119.46684,40.76531],[-119.46692,40.76521],[-119.46696,40.76513],[-119.46699,40.76506],[-119.46697,40.76491],[-119.46694,40.76478],[-119.46691,40.76468],[-119.46686,40.7646],[-119.46672,40.76449],[-119.46655,40.76442],[-119.46636,40.76436],[-119.46609,40.76429],[-119.46584,40.76421],[-119.46562,40.76416],[-119.46547,40.76409],[-119.46536,40.76401],[-119.46525,40.76392],[-119.4651,40.7638],[-119.46499,40.76365],[-119.46497,40.76355],[-119.46499,40.76339],[-119.46502,40.76322],[-119.4651,40.76308],[-119.46517,40.76297],[-119.46526,40.76284],[-119.46529,40.76272],[-119.4653,40.7626],[-119.46524,40.76248],[-119.46517,40.76234],[-119.46515,40.76226],[-119.46511,40.76217],[-119.46507,40.76212],[-119.46498,40.76206],[-119.46487,40.76201],[-119.46471,40.76194],[-119.46449,40.7619],[-119.4643,40.76184],[-119.46415,40.76179],[-119.46395,40.76174],[-119.46369,40.7617],[-119.46336,40.76167],[-119.46324,40.76163],[-119.46311,40.76158],[-119.46301,40.76148],[-119.46298,40.76136],[-119.46304,40.76126],[-119.46313,40.76114],[-119.4633,40.76099],[-119.4634,40.7609],[-119.46346,40.76081],[-119.46352,40.76071],[-119.46361,40.76061],[-119.46368,40.76056],[-119.4638,40.76051],[-119.46393,40.76044],[-119.46413,40.76032],[-119.46432,40.76018],[-119.46444,40.76007],[-119.4645,40.75999],[-119.46457,40.75984],[-119.46463,40.7597],[-119.46465,40.75961],[-119.46467,40.75953],[-119.46463,40.75947],[-119.46455,40.75939],[-119.46444,40.75927],[-119.46434,40.75922],[-119.46417,40.75918],[-119.46395,40.75914],[-119.46366,40.75907],[-119.46336,40.75901],[-119.46306,40.75894],[-119.4629,40.75891],[-119.46271,40.75885],[-119.46253,40.75879],[-119.46243,40.75878],[-119.46231,40.7588],[-119.46222,40.75883],[-119.46216,40.75887],[-119.46207,40.75897],[-119.46192,40.75919],[-119.46181,40.75932],[-119.46167,40.75943],[-119.4615,40.75957],[-119.46136,40.75967],[-119.46124,40.75973],[-119.46092,40.75987],[-119.46069,40.75996],[-119.46046,40.76004],[-119.46027,40.76008],[-119.46007,40.76011],[-119.45998,40.76013],[-119.45988,40.76012],[-119.45979,40.76009],[-119.4597,40.76002],[-119.45965,40.7599],[-119.45958,40.75974],[-119.45951,40.7596],[-119.45942,40.75945],[-119.45933,40.75932],[-119.45925,40.75918],[-119.45914,40.75905],[-119.45905,40.75896],[-119.45895,40.75888],[-119.45873,40.75874],[-119.45823,40.75871],[-119.4574,40.75884],[-119.45673,40.75885],[-119.45623,40.75891],[-119.45525,40.75909],[-119.45497,40.75911],[-119.45407,40.75901],[-119.4538,40.75897],[-119.45351,40.75886],[-119.45331,40.75866],[-119.45336,40.75838],[-119.45346,40.75825],[-119.45356,40.75819],[-119.45386,40.75807],[-119.45416,40.75793],[-119.45482,40.75756],[-119.45539,40.75722],[-119.45759,40.75574],[-119.4584,40.75509],[-119.45832,40.75492],[-119.45824,40.75484],[-119.45748,40.75449],[-119.45727,40.75436],[-119.45716,40.75425],[-119.45698,40.75377],[-119.45632,40.75243],[-119.4559,40.75162],[-119.45555,40.75088],[-119.45535,40.75021],[-119.45505,40.74932],[-119.45532,40.74897],[-119.45535,40.74876],[-119.45524,40.74863],[-119.45511,40.74859],[-119.45456,40.74853],[-119.45428,40.74847],[-119.45366,40.74835],[-119.45275,40.74814],[-119.45251,40.74807],[-119.45243,40.74802],[-119.45237,40.74795],[-119.45229,40.74726],[-119.45216,40.74711],[-119.45188,40.74704],[-119.45175,40.74705],[-119.45163,40.74709],[-119.4514,40.74726],[-119.45104,40.74752],[-119.45064,40.74769],[-119.45045,40.74774],[-119.45026,40.74775],[-119.45018,40.74774],[-119.44982,40.74757],[-119.4497,40.74753],[-119.44951,40.7475],[-119.44885,40.74746],[-119.44869,40.74742],[-119.44852,40.74726],[-119.44865,40.74691],[-119.44884,40.74663],[-119.44936,40.746],[-119.45007,40.74504],[-119.45056,40.74446],[-119.45062,40.74437],[-119.45063,40.74431],[-119.45059,40.74425],[-119.45049,40.74416],[-119.45035,40.74408],[-119.45019,40.74408],[-119.44989,40.74415],[-119.4496,40.74416],[-119.44945,40.74413],[-119.44941,40.74411],[-119.44936,40.74405],[-119.44931,40.74397],[-119.4492,40.74364],[-119.44917,40.74337],[-119.44917,40.74322],[-119.44911,40.74307],[-119.44904,40.74297],[-119.44879,40.74269],[-119.4483,40.7423],[-119.4482,40.74218],[-119.44815,40.74208],[-119.44812,40.74198],[-119.44813,40.74181],[-119.44828,40.74147],[-119.44833,40.74122],[-119.44827,40.74111],[-119.44804,40.7409],[-119.44789,40.74083],[-119.44778,40.7408],[-119.44748,40.74076],[-119.44724,40.74075],[-119.44703,40.74072],[-119.4469,40.74067],[-119.4466,40.7405],[-119.44623,40.74027],[-119.44609,40.74016],[-119.44596,40.74],[-119.44586,40.73951],[-119.44577,40.73933],[-119.44551,40.73888],[-119.44538,40.7384],[-119.44532,40.73828],[-119.44532,40.7382],[-119.44526,40.73796],[-119.44522,40.73668],[-119.44494,40.73605],[-119.44477,40.73588],[-119.44443,40.7358],[-119.44394,40.73561],[-119.44336,40.7352],[-119.44316,40.735],[-119.44284,40.73461],[-119.44295,40.73406],[-119.44283,40.73369],[-119.4428,40.73353],[-119.44281,40.73344],[-119.44289,40.73323],[-119.44295,40.73303],[-119.44299,40.73231],[-119.44297,40.73219],[-119.44259,40.73163],[-119.44193,40.731],[-119.44165,40.73069],[-119.44106,40.73027],[-119.44093,40.73022],[-119.44003,40.73016],[-119.43974,40.73026],[-119.43941,40.73025],[-119.43881,40.73003],[-119.43866,40.72992],[-119.43847,40.7297],[-119.43828,40.72953],[-119.43787,40.72901],[-119.43783,40.72872],[-119.43801,40.72811],[-119.438,40.72766],[-119.43792,40.7273],[-119.43801,40.72695],[-119.43815,40.72653],[-119.43816,40.72633],[-119.43812,40.72601],[-119.43804,40.72571],[-119.43796,40.72553],[-119.43784,40.72536],[-119.43772,40.72522],[-119.43763,40.72509],[-119.43743,40.72468],[-119.43728,40.7245],[-119.4371,40.72437],[-119.43664,40.72417],[-119.43655,40.72409],[-119.43651,40.72402],[-119.43654,40.72366],[-119.43651,40.72362],[-119.43644,40.72355],[-119.43587,40.72327],[-119.43576,40.72323],[-119.43536,40.72318],[-119.435,40.72318],[-119.4349,40.72313],[-119.43479,40.72307],[-119.4347,40.72293],[-119.43459,40.72259],[-119.43455,40.72226],[-119.43456,40.72219],[-119.43447,40.72183],[-119.43438,40.72168],[-119.43425,40.72154],[-119.43384,40.72127],[-119.43368,40.72114],[-119.43355,40.72108],[-119.43344,40.72105],[-119.43309,40.72099],[-119.43252,40.72094],[-119.43236,40.72088],[-119.43227,40.72082],[-119.43222,40.72076],[-119.43219,40.72066],[-119.4322,40.72052],[-119.43227,40.72024],[-119.43245,40.71969],[-119.43245,40.71947],[-119.43242,40.71925],[-119.43236,40.71901],[-119.43215,40.71853],[-119.43213,40.71844],[-119.43179,40.71764],[-119.43168,40.71723],[-119.43163,40.7172],[-119.43151,40.71707],[-119.43128,40.71694],[-119.43029,40.71659],[-119.43018,40.71654],[-119.42995,40.71634],[-119.42975,40.71612],[-119.42892,40.71509],[-119.42873,40.71485],[-119.42797,40.71396],[-119.42785,40.71383],[-119.42769,40.71377],[-119.4271,40.71371],[-119.42705,40.71369],[-119.42682,40.71366],[-119.42673,40.7136],[-119.42666,40.71351],[-119.42635,40.7122],[-119.42623,40.71177],[-119.42595,40.71136],[-119.42491,40.71007],[-119.42442,40.70943],[-119.42399,40.70892],[-119.42371,40.70855],[-119.42362,40.70847],[-119.42346,40.70837],[-119.42328,40.70823],[-119.42308,40.70782],[-119.42266,40.70722],[-119.42217,40.70663],[-119.42164,40.70594],[-119.42089,40.70506],[-119.42082,40.70494],[-119.42072,40.70483],[-119.42055,40.70461],[-119.42,40.70389],[-119.4197,40.70353],[-119.41862,40.70219],[-119.41851,40.70206],[-119.41836,40.70186],[-119.41823,40.70172],[-119.41778,40.70113],[-119.41725,40.70045],[-119.4154,40.69815],[-119.41418,40.69661],[-119.4133,40.69549],[-119.41244,40.69442],[-119.4123,40.69427],[-119.41193,40.69379],[-119.41137,40.69311],[-119.40926,40.69043],[-119.40923,40.6904],[-119.40827,40.68921],[-119.40822,40.68918],[-119.40819,40.689],[-119.40575,40.68601],[-119.40519,40.68534],[-119.40512,40.68523],[-119.40506,40.68509],[-119.40501,40.6849],[-119.40489,40.6841],[-119.40459,40.6829],[-119.40447,40.68253],[-119.40447,40.68218],[-119.4045,40.68115],[-119.40457,40.68111],[-119.40461,40.68108],[-119.40503,40.68087],[-119.40511,40.6808],[-119.40517,40.68067],[-119.40515,40.67922],[-119.4053,40.67809],[-119.40561,40.67665],[-119.40564,40.6766],[-119.40575,40.67615],[-119.40579,40.67594],[-119.40579,40.67585],[-119.40575,40.6757],[-119.40562,40.67541],[-119.40557,40.67527],[-119.40557,40.6751],[-119.40564,40.67439],[-119.40572,40.67398],[-119.40606,40.67301],[-119.40613,40.67276],[-119.4061,40.67222],[-119.40592,40.67139],[-119.40591,40.6712],[-119.40595,40.67103],[-119.40601,40.67092],[-119.40636,40.67049],[-119.40648,40.67028],[-119.40641,40.67022],[-119.40636,40.67004],[-119.40619,40.66961],[-119.4061,40.66933],[-119.40597,40.66849],[-119.4058,40.66774],[-119.40578,40.66752],[-119.40578,40.66742],[-119.40574,40.66713],[-119.40574,40.66685],[-119.4058,40.66651],[-119.40609,40.66582],[-119.40617,40.6655],[-119.40618,40.66534],[-119.40614,40.66457],[-119.40623,40.66384],[-119.40621,40.66363],[-119.40627,40.66288],[-119.40643,40.66077],[-119.40639,40.66014],[-119.40644,40.65978],[-119.40672,40.65928],[-119.40679,40.65898],[-119.40677,40.65874],[-119.40673,40.65852],[-119.40671,40.65816],[-119.40668,40.65774],[-119.40672,40.6573],[-119.40672,40.65718],[-119.40674,40.6571],[-119.40679,40.657],[-119.40713,40.65669],[-119.40718,40.65655],[-119.40717,40.65627],[-119.4071,40.65548],[-119.40706,40.65533],[-119.40698,40.65509],[-119.40698,40.65481],[-119.40702,40.65467],[-119.40709,40.65454],[-119.40719,40.65444],[-119.40725,40.65441],[-119.40754,40.65416],[-119.4078,40.6539],[-119.40786,40.65377],[-119.40785,40.65339],[-119.40763,40.65269],[-119.40758,40.65257],[-119.40753,40.65239],[-119.4075,40.65194],[-119.40733,40.65158]]}},{"type":"Feature","properties":{"name":"(unnamed public road)","road_class":"track","source":"OpenStreetMap","source_detail":"osm way 14374371","source_tile":"172/386","surface_inferred":true},"geometry":{"type":"LineString","coordinates":[[-119.52178,40.42033],[-119.52184,40.42086],[-119.52202,40.42124],[-119.52289,40.42177],[-119.52366,40.42198],[-119.52537,40.42271],[-119.52597,40.42305],[-119.5266,40.42319],[-119.52887,40.42436],[-119.5295,40.42452],[-119.52995,40.42486],[-119.53105,40.42504],[-119.53177,40.42539],[-119.53234,40.42596],[-119.53255,40.42651],[-119.53285,40.42687],[-119.533,40.42747],[-119.53369,40.42763],[-119.53455,40.42811],[-119.53506,40.42859],[-119.53545,40.429],[-119.53593,40.43015],[-119.53704,40.43115],[-119.5374,40.43149],[-119.53881,40.43373],[-119.53929,40.43606],[-119.53878,40.43785],[-119.53812,40.43871],[-119.5382,40.43943],[-119.53869,40.44031],[-119.53971,40.44105],[-119.54125,40.44167],[-119.54339,40.44246],[-119.54574,40.44355],[-119.54834,40.44452],[-119.54973,40.44535],[-119.55063,40.44649],[-119.55131,40.44774],[-119.55169,40.44865],[-119.55153,40.45049],[-119.55173,40.45105],[-119.55173,40.45123],[-119.55174,40.45227],[-119.55166,40.45413],[-119.55141,40.45598],[-119.55196,40.45794],[-119.55338,40.45975],[-119.55535,40.46097],[-119.55676,40.46236],[-119.55677,40.46361],[-119.5564,40.4647],[-119.55559,40.46556],[-119.55337,40.46744]]}},{"type":"Feature","properties":{"name":"(unnamed public road)","road_class":"track","source":"OpenStreetMap","source_detail":"osm way 14379757","source_tile":"172/385","surface_inferred":true},"geometry":{"type":"LineString","coordinates":[[-119.53939,40.5503],[-119.53888,40.5497],[-119.5384,40.54913],[-119.53771,40.54886],[-119.53702,40.54824],[-119.53693,40.54792],[-119.53618,40.54714],[-119.53603,40.54661],[-119.53585,40.54652],[-119.53582,40.54618],[-119.53558,40.54568],[-119.53588,40.5449],[-119.53588,40.54469],[-119.53573,40.54462],[-119.53522,40.54469],[-119.53448,40.54515],[-119.53288,40.54565],[-119.53208,40.54597],[-119.53109,40.54602],[-119.52998,40.54661],[-119.52974,40.547],[-119.52959,40.5475],[-119.52935,40.5478],[-119.52896,40.54803],[-119.52791,40.54769],[-119.52725,40.5478],[-119.52581,40.54876],[-119.52374,40.54988],[-119.52308,40.55018],[-119.52095,40.55082],[-119.5196,40.55084],[-119.51888,40.55102],[-119.51801,40.5515],[-119.51789,40.55168],[-119.51738,40.55191],[-119.51663,40.55198],[-119.51534,40.55319],[-119.51486,40.55354],[-119.51462,40.55392],[-119.51411,40.5542],[-119.51321,40.55447],[-119.51135,40.5545]]}},{"type":"Feature","properties":{"name":"(unnamed public road)","road_class":"track","source":"OpenStreetMap","source_detail":"osm way 197863486","source_tile":"172/385","surface_inferred":true},"geometry":{"type":"LineString","coordinates":[[-119.52179,40.59573],[-119.53239,40.59082],[-119.53311,40.59043],[-119.53527,40.58901],[-119.53762,40.58734],[-119.53935,40.58611],[-119.53992,40.58588],[-119.54304,40.58371],[-119.54523,40.58266],[-119.54649,40.58234],[-119.54766,40.58138],[-119.54862,40.58074],[-119.54895,40.58058],[-119.54946,40.58033],[-119.55045,40.58014],[-119.55111,40.57973],[-119.55159,40.5787],[-119.55279,40.57772],[-119.55465,40.57687],[-119.55507,40.57648],[-119.5554,40.57594],[-119.55681,40.57484],[-119.55724,40.57437],[-119.5575,40.57411],[-119.55846,40.57367],[-119.5587,40.57344],[-119.56047,40.57225],[-119.56194,40.57074],[-119.56242,40.57042],[-119.56272,40.57006],[-119.56317,40.56969],[-119.56341,40.56939],[-119.5635,40.56934],[-119.56392,40.5691],[-119.56605,40.56825],[-119.56808,40.56718],[-119.56874,40.56656],[-119.56877,40.56603],[-119.56856,40.56562],[-119.56847,40.56329],[-119.56868,40.56281],[-119.56976,40.56169],[-119.57105,40.56155],[-119.57171,40.56139],[-119.57216,40.56112],[-119.57366,40.55986],[-119.57457,40.55917],[-119.57738,40.55707],[-119.57918,40.55556],[-119.57993,40.5545],[-119.58092,40.55366],[-119.58142,40.55288],[-119.58169,40.55217],[-119.58175,40.55126],[-119.58328,40.54911],[-119.58397,40.54833],[-119.58476,40.54765],[-119.58559,40.54693],[-119.58703,40.54586],[-119.58796,40.54497],[-119.58874,40.54467],[-119.58913,40.54435],[-119.59024,40.54433],[-119.59101,40.5441],[-119.59314,40.54378],[-119.59501,40.54324],[-119.59587,40.543],[-119.59647,40.5427],[-119.59722,40.54222],[-119.60168,40.53966],[-119.60243,40.53906],[-119.60273,40.53892],[-119.60336,40.53831],[-119.60637,40.53603],[-119.60747,40.5352],[-119.60846,40.53412],[-119.60944,40.5333],[-119.60952,40.53249],[-119.60956,40.53204],[-119.60971,40.53165],[-119.6098,40.53046],[-119.61055,40.52888],[-119.61145,40.52806],[-119.61199,40.52701],[-119.61268,40.52554],[-119.61292,40.5246],[-119.61321,40.52433],[-119.61363,40.52367],[-119.61405,40.52328],[-119.61456,40.52305],[-119.61473,40.5229],[-119.61492,40.52273],[-119.61615,40.52174],[-119.61696,40.52135],[-119.61849,40.52106],[-119.61933,40.52071],[-119.62009,40.52049],[-119.62271,40.51971],[-119.62367,40.51927],[-119.6252,40.51831],[-119.62554,40.51792],[-119.62563,40.51712],[-119.62603,40.51681],[-119.62671,40.51589],[-119.62758,40.51557],[-119.63071,40.51214],[-119.63457,40.50791],[-119.63523,40.50585],[-119.6355,40.50519],[-119.63571,40.50418],[-119.63618,40.50381],[-119.63652,40.50354],[-119.63841,40.5019],[-119.63919,40.50153],[-119.64009,40.50038],[-119.64006,40.4999],[-119.64,40.49934],[-119.64024,40.49891],[-119.64108,40.49888],[-119.64144,40.4987],[-119.64177,40.49863]]}},{"type":"Feature","properties":{"name":"(unnamed public road)","road_class":"track","source":"OpenStreetMap","source_detail":"osm way 14364520","source_tile":"172/385","surface_inferred":true},"geometry":{"type":"LineString","coordinates":[[-119.22078,40.71655],[-119.22079,40.71712],[-119.22116,40.71778],[-119.22141,40.71845],[-119.22186,40.71872],[-119.22263,40.71932],[-119.22297,40.71973],[-119.22401,40.72167],[-119.22438,40.72232],[-119.22501,40.72317],[-119.22544,40.72358],[-119.22565,40.72373],[-119.22584,40.72385],[-119.22625,40.72387],[-119.22688,40.72353],[-119.22796,40.72325],[-119.25102,40.71846],[-119.2558,40.71762],[-119.26269,40.71595],[-119.26681,40.71511],[-119.26825,40.71493],[-119.27568,40.71342],[-119.2803,40.71278],[-119.28824,40.71132],[-119.29314,40.71086],[-119.29882,40.70997],[-119.30171,40.70942],[-119.30183,40.70949]]}},{"type":"Feature","properties":{"name":"(unnamed public road)","road_class":"track","source":"OpenStreetMap","source_detail":"osm way 14365333","source_tile":"173/384","surface_inferred":true},"geometry":{"type":"LineString","coordinates":[[-119.31225,40.70665],[-119.30519,40.70855],[-119.30336,40.70928],[-119.30183,40.70949],[-119.30168,40.70967],[-119.2975,40.71116],[-119.29446,40.71205],[-119.29308,40.71262],[-119.28322,40.7161],[-119.28042,40.71697],[-119.27721,40.71779],[-119.27516,40.71852],[-119.27411,40.71898],[-119.27038,40.72028],[-119.26897,40.72087],[-119.26208,40.72316],[-119.25745,40.72528],[-119.25102,40.72855],[-119.23732,40.7358],[-119.21565,40.74687],[-119.19733,40.7562],[-119.19065,40.75935],[-119.17665,40.76519],[-119.17636,40.76531],[-119.17558,40.76558],[-119.17485,40.76585],[-119.17127,40.76733],[-119.16814,40.76877],[-119.16483,40.77005],[-119.15397,40.77515],[-119.14989,40.77702],[-119.14792,40.77753],[-119.13498,40.78148],[-119.13077,40.78265],[-119.12601,40.78363],[-119.12276,40.78429],[-119.11819,40.78502],[-119.11096,40.78585],[-119.10468,40.78592],[-119.102,40.78604],[-119.09381,40.78618],[-119.08743,40.78599],[-119.0859,40.78583],[-119.08454,40.78556]]}},{"type":"Feature","properties":{"name":"(unnamed public road)","road_class":"track","access":"yes","source":"OpenStreetMap","source_detail":"osm way 14367892","source_tile":"172/385","surface_inferred":true},"geometry":{"type":"LineString","coordinates":[[-119.315,40.71078],[-119.31233,40.71193],[-119.31096,40.71256],[-119.3092,40.71333],[-119.30564,40.71487],[-119.30135,40.71676],[-119.29956,40.71759],[-119.29812,40.71832],[-119.29499,40.72011],[-119.29087,40.72255],[-119.28814,40.7243],[-119.28678,40.72526],[-119.2862,40.72569],[-119.28404,40.72756],[-119.2829,40.7287],[-119.28145,40.73022],[-119.27897,40.73293],[-119.27529,40.73676],[-119.27312,40.73918],[-119.27186,40.74063],[-119.27093,40.74164],[-119.26861,40.74434],[-119.26823,40.7448],[-119.2678,40.74537],[-119.26702,40.74635],[-119.26656,40.74692],[-119.26626,40.74732],[-119.26593,40.74769]]}},{"type":"Feature","properties":{"name":"(unnamed public road)","road_class":"track","source":"OpenStreetMap","source_detail":"osm way 14367904","source_tile":"173/384","surface_inferred":true},"geometry":{"type":"LineString","coordinates":[[-119.3123,40.70821],[-119.30892,40.70928],[-119.30444,40.71102],[-119.30102,40.71221],[-119.29861,40.71313],[-119.29119,40.71651],[-119.28593,40.71886],[-119.28129,40.7209],[-119.2809,40.7212],[-119.26283,40.72897],[-119.26133,40.72974],[-119.25718,40.73162],[-119.25203,40.73349],[-119.25102,40.73393],[-119.24947,40.73454],[-119.23515,40.74027],[-119.23305,40.74112],[-119.21595,40.74836],[-119.20662,40.75254],[-119.19879,40.75606],[-119.18921,40.76041],[-119.18416,40.76275],[-119.17796,40.76538],[-119.1722,40.76741],[-119.16814,40.76877]]}},{"type":"Feature","properties":{"name":"(unnamed public road)","road_class":"track","source":"OpenStreetMap","source_detail":"osm way 255635174","source_tile":"172/385","surface_inferred":true},"geometry":{"type":"LineString","coordinates":[[-119.3464,40.69711],[-119.34483,40.69786],[-119.34363,40.69849],[-119.34176,40.69948],[-119.34099,40.69992],[-119.3396,40.70066],[-119.33852,40.70131],[-119.33651,40.70244],[-119.33555,40.70297],[-119.33443,40.70358],[-119.33215,40.70479],[-119.32096,40.71095],[-119.31533,40.7141],[-119.31301,40.71544],[-119.31222,40.71586]]}},{"type":"Feature","properties":{"name":"(unnamed public road)","road_class":"track","source":"OpenStreetMap","source_detail":"osm way 1222082428","source_tile":"172/385","surface_inferred":true},"geometry":{"type":"LineString","coordinates":[[-119.43168,40.71723],[-119.43173,40.71717],[-119.43189,40.71675],[-119.43189,40.7167],[-119.43235,40.71609],[-119.43254,40.71592],[-119.43269,40.71585],[-119.43302,40.71574],[-119.43359,40.71561],[-119.43379,40.71555],[-119.43386,40.7155],[-119.43424,40.7151],[-119.43469,40.71476],[-119.43488,40.71465],[-119.4356,40.7143],[-119.43597,40.71416],[-119.43617,40.71396],[-119.43676,40.71324],[-119.43687,40.71314],[-119.43732,40.71282],[-119.43767,40.71252],[-119.43984,40.71146],[-119.44012,40.71145],[-119.44031,40.71137],[-119.44045,40.71124],[-119.44077,40.71089],[-119.44105,40.71055],[-119.44137,40.71039],[-119.44187,40.70995],[-119.4423,40.70932]]}},{"type":"Feature","properties":{"name":"(unnamed public road)","road_class":"track","source":"OpenStreetMap","source_detail":"osm way 1222082433","source_tile":"172/385","surface_inferred":true},"geometry":{"type":"LineString","coordinates":[[-119.46152,40.71217],[-119.46112,40.71246],[-119.461,40.71275],[-119.46078,40.71303],[-119.46052,40.71352],[-119.46039,40.7142],[-119.46028,40.7147],[-119.46014,40.71494],[-119.45997,40.71526],[-119.45976,40.71577],[-119.45939,40.71646],[-119.4591,40.71688],[-119.45865,40.71748],[-119.45797,40.71863],[-119.45771,40.71887],[-119.4576,40.71904],[-119.45695,40.71951],[-119.45682,40.71964],[-119.45669,40.71987],[-119.45664,40.72003],[-119.45657,40.72016],[-119.45634,40.72039],[-119.45623,40.72059],[-119.45591,40.72101],[-119.45546,40.72168],[-119.45507,40.72233],[-119.45482,40.72281],[-119.45466,40.72307],[-119.45423,40.72361],[-119.45371,40.72414],[-119.45366,40.72422],[-119.45297,40.72568],[-119.45281,40.72622],[-119.45277,40.72661],[-119.45276,40.72667],[-119.45273,40.72683],[-119.45265,40.727],[-119.45239,40.72743],[-119.45232,40.72794],[-119.45222,40.72836],[-119.4521,40.72957],[-119.45192,40.72985],[-119.45181,40.7301],[-119.45144,40.7304],[-119.45135,40.7305],[-119.45114,40.73089],[-119.45104,40.73103],[-119.45086,40.73122],[-119.45067,40.73161],[-119.45062,40.73177],[-119.45061,40.73191],[-119.45055,40.73205],[-119.45038,40.73233],[-119.45038,40.73258],[-119.45022,40.73303],[-119.45015,40.73312],[-119.44989,40.73336],[-119.44977,40.73353],[-119.44974,40.73362],[-119.44973,40.73378],[-119.4496,40.73407],[-119.44955,40.73429],[-119.44951,40.73438],[-119.44946,40.73443],[-119.44914,40.73463],[-119.44899,40.73479],[-119.44887,40.73493],[-119.44844,40.73526],[-119.44838,40.73538],[-119.44834,40.73561],[-119.44831,40.73568],[-119.44825,40.73572],[-119.44798,40.73583],[-119.44736,40.7362],[-119.44714,40.73637],[-119.44706,40.73645],[-119.44692,40.73663],[-119.4468,40.73687],[-119.44661,40.73703],[-119.44649,40.7372],[-119.44633,40.73729],[-119.44601,40.7374],[-119.44586,40.73746],[-119.44526,40.73796],[-119.44466,40.73847],[-119.44439,40.73875],[-119.44336,40.73963],[-119.44318,40.73978],[-119.44284,40.73989],[-119.44252,40.74011],[-119.44214,40.74019],[-119.44177,40.74023],[-119.44116,40.74044],[-119.44105,40.74047],[-119.44074,40.74051],[-119.44064,40.74054],[-119.44038,40.74065],[-119.44006,40.74073],[-119.43984,40.74085],[-119.43974,40.74088],[-119.43957,40.74088],[-119.43938,40.74084],[-119.4393,40.74084],[-119.4392,40.74088],[-119.43903,40.74103],[-119.43864,40.7413],[-119.43837,40.74141],[-119.43816,40.74156],[-119.43794,40.74202]]}},{"type":"Feature","properties":{"name":"(unnamed public road)","road_class":"track","source":"OpenStreetMap","source_detail":"osm way 1222082434","source_tile":"172/385","surface_inferred":true},"geometry":{"type":"LineString","coordinates":[[-119.44012,40.71145],[-119.44084,40.71227],[-119.44162,40.71298],[-119.44192,40.71326],[-119.44203,40.71336],[-119.44268,40.71396],[-119.44336,40.7146],[-119.4441,40.71527],[-119.44434,40.71552],[-119.44516,40.71698],[-119.44576,40.71743],[-119.4458,40.71755],[-119.44578,40.71792],[-119.44583,40.71818],[-119.4461,40.71846],[-119.44636,40.71871],[-119.4465,40.71918],[-119.44655,40.71928],[-119.44653,40.71936],[-119.44658,40.7196],[-119.44765,40.72148],[-119.44766,40.72153],[-119.44781,40.72178],[-119.4479,40.72196],[-119.44798,40.72208],[-119.4483,40.72243],[-119.44852,40.7227],[-119.44878,40.72288],[-119.44897,40.72316],[-119.44942,40.72373],[-119.44946,40.72383],[-119.4495,40.72404],[-119.44966,40.72449],[-119.44964,40.72477],[-119.44987,40.72503],[-119.44998,40.72531],[-119.45017,40.72557],[-119.45036,40.72575],[-119.45057,40.72613],[-119.45075,40.72631],[-119.451,40.72652],[-119.45108,40.7266],[-119.45126,40.7269],[-119.45146,40.72714],[-119.45155,40.72729],[-119.45166,40.72751],[-119.45204,40.72803],[-119.45222,40.72836]]}},{"type":"Feature","properties":{"name":"(unnamed public road)","road_class":"track","source":"OpenStreetMap","source_detail":"osm way 14364379","source_tile":"172/386","surface_inferred":true},"geometry":{"type":"LineString","coordinates":[[-119.31744,40.47898],[-119.31831,40.47804],[-119.31882,40.47767],[-119.31891,40.47745],[-119.31918,40.47729],[-119.3196,40.47685],[-119.32122,40.4755],[-119.32155,40.47498],[-119.32175,40.47481],[-119.32217,40.47418],[-119.32226,40.47374],[-119.32289,40.47324],[-119.32307,40.47285],[-119.32349,40.47191],[-119.3234,40.47136],[-119.32316,40.47084],[-119.32331,40.47013],[-119.32331,40.46937],[-119.32337,40.46925],[-119.32376,40.46843],[-119.32424,40.46699],[-119.32445,40.46553],[-119.32514,40.46333],[-119.32568,40.46175],[-119.32568,40.46134],[-119.32588,40.45992],[-119.32615,40.45903],[-119.32657,40.45757],[-119.32688,40.45609],[-119.32705,40.45526],[-119.32741,40.45434],[-119.32765,40.45329],[-119.32783,40.45309],[-119.32804,40.45254],[-119.32867,40.45139],[-119.32885,40.45034],[-119.32918,40.44872],[-119.32944,40.44833],[-119.32977,40.4476],[-119.32965,40.44668],[-119.32992,40.4451],[-119.33013,40.44485],[-119.33058,40.44394],[-119.3312,40.44273],[-119.33119,40.44231],[-119.33127,40.44207],[-119.33176,40.4404],[-119.33198,40.43978],[-119.33223,40.43921],[-119.33228,40.43888],[-119.33272,40.43752],[-119.33289,40.43689],[-119.33297,40.43665],[-119.33308,40.43648],[-119.33333,40.43616],[-119.33331,40.43579],[-119.33324,40.4355],[-119.33303,40.43485],[-119.33297,40.43465]]}},{"type":"Feature","properties":{"name":"(unnamed public road)","road_class":"track","source":"OpenStreetMap","source_detail":"osm way 14364625","source_tile":"173/385","surface_inferred":true},"geometry":{"type":"LineString","coordinates":[[-119.17262,40.5355],[-119.17861,40.53534],[-119.18228,40.53525],[-119.18255,40.5354],[-119.18264,40.53568],[-119.1826,40.54476],[-119.18258,40.54988]]}},{"type":"Feature","properties":{"name":"(unnamed public road)","road_class":"track","surface":"unpaved","source":"OpenStreetMap","source_detail":"osm way 14364887","source_tile":"173/385"},"geometry":{"type":"LineString","coordinates":[[-119.11748,40.49986],[-119.11745,40.50017],[-119.11741,40.50062],[-119.11717,40.50069],[-119.11691,40.50565],[-119.11676,40.50632],[-119.11673,40.50803],[-119.11664,40.50833],[-119.11652,40.51092],[-119.11637,40.51158],[-119.11633,40.51225],[-119.1162,40.51446],[-119.11596,40.51554],[-119.11577,40.51787],[-119.11575,40.51808],[-119.11587,40.51833],[-119.11581,40.51968],[-119.11569,40.51979],[-119.1156,40.52402],[-119.11551,40.52471],[-119.11561,40.52672],[-119.11519,40.52871],[-119.11516,40.53066],[-119.11555,40.53137],[-119.11549,40.53242],[-119.11525,40.5332],[-119.11486,40.53386],[-119.11471,40.53432],[-119.11408,40.53548],[-119.11409,40.53626],[-119.11409,40.53674],[-119.11421,40.53981],[-119.11418,40.54253],[-119.1143,40.54306],[-119.11418,40.54363],[-119.11421,40.54392],[-119.11433,40.54406],[-119.11427,40.54596],[-119.11436,40.54619],[-119.11499,40.54692],[-119.11502,40.54717],[-119.11631,40.54829],[-119.11649,40.54854],[-119.11615,40.54923],[-119.11589,40.54944],[-119.1147,40.55003],[-119.1141,40.55049],[-119.11383,40.55108],[-119.11368,40.55216],[-119.11395,40.55358],[-119.11428,40.55429],[-119.11419,40.55502],[-119.11395,40.55541],[-119.11323,40.55598],[-119.11308,40.55625],[-119.11323,40.55685],[-119.11284,40.55772],[-119.11266,40.55877],[-119.11267,40.55891],[-119.11269,40.55955],[-119.11284,40.55996],[-119.11317,40.56039],[-119.11369,40.56083],[-119.1138,40.56156],[-119.11372,40.5627],[-119.11297,40.5638],[-119.11285,40.56415],[-119.11282,40.56497],[-119.113,40.56572],[-119.11306,40.56732],[-119.11318,40.56861],[-119.11276,40.56906],[-119.11265,40.56943],[-119.11264,40.56947],[-119.1126,40.5708],[-119.11241,40.57145],[-119.11237,40.57278],[-119.11233,40.57334],[-119.11211,40.57499],[-119.11163,40.57627],[-119.11166,40.57698],[-119.11187,40.57762],[-119.11181,40.58055],[-119.11166,40.58373],[-119.11175,40.58389],[-119.11177,40.58434],[-119.11178,40.58453],[-119.11175,40.58544],[-119.11158,40.58693],[-119.11133,40.58729],[-119.11134,40.58821],[-119.11161,40.58851],[-119.11203,40.58871],[-119.11266,40.58892],[-119.11317,40.58883],[-119.11371,40.58855],[-119.11455,40.58841],[-119.11513,40.58847],[-119.11611,40.58857],[-119.11712,40.58853],[-119.11747,40.58844],[-119.1193,40.58851],[-119.12041,40.58876],[-119.12211,40.58951],[-119.1226,40.58967],[-119.12299,40.58963],[-119.12402,40.58989],[-119.12462,40.59014],[-119.12486,40.59046],[-119.12484,40.59104],[-119.12445,40.59129],[-119.12445,40.59157],[-119.12477,40.59172],[-119.12497,40.59174],[-119.1254,40.59193],[-119.12568,40.59221],[-119.12593,40.59266],[-119.12692,40.59327],[-119.12813,40.59349],[-119.12854,40.59348],[-119.12883,40.59355],[-119.12903,40.59349],[-119.12917,40.59335],[-119.12962,40.59292],[-119.13031,40.59237],[-119.13155,40.59148],[-119.13179,40.59138],[-119.13228,40.59137],[-119.13269,40.59128],[-119.1335,40.59126],[-119.13436,40.5913],[-119.13476,40.59128],[-119.13499,40.59115],[-119.13572,40.59067],[-119.13614,40.59052],[-119.13725,40.59036],[-119.13799,40.5904],[-119.13845,40.59034],[-119.13891,40.59013],[-119.13929,40.58971],[-119.13984,40.589],[-119.14027,40.58875],[-119.14131,40.58839],[-119.14243,40.58814],[-119.14266,40.58813],[-119.14279,40.58822],[-119.14297,40.58865],[-119.14315,40.58873],[-119.14355,40.58874],[-119.14406,40.58879],[-119.14497,40.58908],[-119.14521,40.58914],[-119.14543,40.58905],[-119.14595,40.58857],[-119.14603,40.58834],[-119.14724,40.58773],[-119.14802,40.58757],[-119.14923,40.58723],[-119.14948,40.58721],[-119.15017,40.58739],[-119.15054,40.58745],[-119.15078,40.58754],[-119.15107,40.58784],[-119.15138,40.5881],[-119.15292,40.58882],[-119.15313,40.58885],[-119.1535,40.5887],[-119.15434,40.58849],[-119.15471,40.58847],[-119.15505,40.58853],[-119.15569,40.58879],[-119.15595,40.58879],[-119.1573,40.58871],[-119.15757,40.5887],[-119.15805,40.5889],[-119.16042,40.58891],[-119.16236,40.58895],[-119.16311,40.58902],[-119.16355,40.58896],[-119.16462,40.58895],[-119.16695,40.589],[-119.16818,40.5892],[-119.16854,40.58918],[-119.17033,40.58907],[-119.17102,40.58901],[-119.17424,40.58907],[-119.17452,40.58917],[-119.17476,40.58917],[-119.17503,40.58919],[-119.17588,40.58921],[-119.17662,40.58901],[-119.17775,40.58908],[-119.17802,40.58915],[-119.17833,40.58913],[-119.17868,40.58912],[-119.17969,40.58919],[-119.18009,40.58922],[-119.18052,40.58927]]}},{"type":"Feature","properties":{"name":"(unnamed public road)","road_class":"track","source":"OpenStreetMap","source_detail":"osm way 14365726","source_tile":"172/385","surface_inferred":true},"geometry":{"type":"LineString","coordinates":[[-119.33523,40.50823],[-119.33464,40.50816],[-119.33387,40.50773],[-119.33224,40.50682],[-119.33182,40.5067],[-119.32964,40.50668],[-119.3282,40.50638],[-119.32775,40.50647]]}},{"type":"Feature","properties":{"name":"(unnamed public road)","road_class":"track","surface":"unpaved","source":"OpenStreetMap","source_detail":"osm way 14365742","source_tile":"172/385"},"geometry":{"type":"LineString","coordinates":[[-119.32757,40.50359],[-119.32739,40.50412],[-119.32754,40.50469],[-119.32763,40.50617],[-119.32775,40.50647],[-119.32772,40.50666],[-119.32652,40.50743],[-119.3254,40.50761],[-119.32481,40.50786],[-119.32357,40.50807],[-119.32222,40.50854],[-119.32163,40.50884],[-119.32078,40.509],[-119.3191,40.50911],[-119.31854,40.50897],[-119.31639,40.50881],[-119.31462,40.5084],[-119.3122,40.50846],[-119.31218,40.50896]]}},{"type":"Feature","properties":{"name":"(unnamed public road)","road_class":"track","source":"OpenStreetMap","source_detail":"osm way 14365781","source_tile":"172/385","surface_inferred":true},"geometry":{"type":"LineString","coordinates":[[-119.32715,40.48685],[-119.32895,40.48632],[-119.32997,40.48586],[-119.33038,40.48582],[-119.3311,40.4854],[-119.33143,40.48515],[-119.33227,40.48486],[-119.33275,40.48479],[-119.33311,40.48465],[-119.33365,40.48458],[-119.33404,40.48444],[-119.33446,40.48442],[-119.33653,40.48355],[-119.33706,40.48332],[-119.33862,40.48291],[-119.34132,40.4822],[-119.34383,40.48115],[-119.34557,40.48071],[-119.34772,40.4798],[-119.35153,40.47778],[-119.35246,40.47712],[-119.35452,40.47668],[-119.35689,40.47572],[-119.358,40.47501],[-119.35862,40.47474],[-119.35901,40.47449],[-119.36,40.4743],[-119.36102,40.47389],[-119.36216,40.47389],[-119.36692,40.47341],[-119.36866,40.47343],[-119.37316,40.47372],[-119.37324,40.47372],[-119.37381,40.47389]]}},{"type":"Feature","properties":{"name":"(unnamed public road)","road_class":"track","source":"OpenStreetMap","source_detail":"osm way 14366089","source_tile":"172/385","surface_inferred":true},"geometry":{"type":"LineString","coordinates":[[-119.3007,40.49673],[-119.30054,40.49659],[-119.3003,40.49628],[-119.3,40.49585],[-119.29974,40.49543],[-119.29955,40.49508],[-119.2994,40.49475],[-119.29929,40.49444],[-119.2992,40.49418],[-119.29912,40.49374],[-119.29908,40.49348],[-119.29896,40.49307],[-119.29893,40.49288],[-119.29895,40.49227],[-119.29894,40.49214],[-119.29887,40.49163],[-119.29876,40.49132],[-119.29869,40.49099],[-119.2986,40.49013],[-119.29859,40.48988],[-119.29857,40.48966],[-119.29853,40.4894],[-119.29842,40.489],[-119.29838,40.48877],[-119.29836,40.48873],[-119.29833,40.48869],[-119.29824,40.48863],[-119.29808,40.48857],[-119.29795,40.48851],[-119.2979,40.48849],[-119.29783,40.48843],[-119.29778,40.48838],[-119.29774,40.48832],[-119.29771,40.48823],[-119.2977,40.48814],[-119.29777,40.48774],[-119.29778,40.48759],[-119.29778,40.4874],[-119.29778,40.48727],[-119.29777,40.48722],[-119.29757,40.48692],[-119.29749,40.48672],[-119.29745,40.48654],[-119.29746,40.48651],[-119.2975,40.48649],[-119.29772,40.4864],[-119.29799,40.48633],[-119.29804,40.48634],[-119.29816,40.48639],[-119.29845,40.48653],[-119.29859,40.48659],[-119.29875,40.48663],[-119.29905,40.48666],[-119.29928,40.48669],[-119.29964,40.48679],[-119.29982,40.48683],[-119.29996,40.48688],[-119.30019,40.4867],[-119.30035,40.4864],[-119.30044,40.4863],[-119.30046,40.48626],[-119.30058,40.48619],[-119.30066,40.48616],[-119.30074,40.48611],[-119.30077,40.48607],[-119.30078,40.48603],[-119.30075,40.48595],[-119.30064,40.48584],[-119.30061,40.48579],[-119.3006,40.48573],[-119.30063,40.48569],[-119.30089,40.48546],[-119.30117,40.48519],[-119.30126,40.48514],[-119.30189,40.485],[-119.30196,40.48498],[-119.30211,40.48491],[-119.30219,40.48486],[-119.30224,40.48481],[-119.30232,40.48469],[-119.30234,40.48462],[-119.30233,40.48445],[-119.3023,40.48427],[-119.30225,40.4841],[-119.30221,40.48373],[-119.30222,40.48359],[-119.30224,40.48346],[-119.30229,40.48332],[-119.30248,40.48293],[-119.30252,40.48288],[-119.3028,40.48264],[-119.30313,40.48222],[-119.30352,40.48175],[-119.30381,40.48129],[-119.30409,40.48091],[-119.30438,40.48045],[-119.30444,40.48037],[-119.30461,40.48006],[-119.30478,40.47982],[-119.30492,40.47954],[-119.30498,40.47933],[-119.30511,40.47877],[-119.30519,40.47826],[-119.30526,40.47801],[-119.30525,40.47793]]}},{"type":"Feature","properties":{"name":"(unnamed public road)","road_class":"track","source":"OpenStreetMap","source_detail":"osm way 14366093","source_tile":"172/385","surface_inferred":true},"geometry":{"type":"LineString","coordinates":[[-119.30034,40.47667],[-119.30047,40.47668],[-119.30087,40.47678],[-119.30099,40.47682],[-119.30135,40.47696],[-119.30155,40.47701],[-119.30191,40.47703],[-119.30201,40.47705],[-119.3024,40.47717],[-119.30261,40.47725],[-119.3028,40.4773],[-119.30302,40.47733],[-119.30322,40.47734],[-119.30343,40.47738],[-119.30357,40.47742],[-119.30366,40.47745],[-119.30392,40.47749],[-119.30431,40.4776],[-119.30461,40.47775],[-119.30469,40.47778],[-119.30506,40.47787],[-119.30525,40.47793],[-119.30557,40.47802],[-119.30702,40.4786],[-119.30729,40.47868],[-119.30764,40.47875],[-119.30791,40.47881],[-119.30819,40.47885],[-119.30873,40.4789],[-119.309,40.47894],[-119.30918,40.47894],[-119.30932,40.47893],[-119.30951,40.47889],[-119.30983,40.47888],[-119.3101,40.47889],[-119.3107,40.47893],[-119.31093,40.47892],[-119.3113,40.47883],[-119.31145,40.47878],[-119.31181,40.47875],[-119.3123,40.47878],[-119.31265,40.47878],[-119.31278,40.47876],[-119.31294,40.47872],[-119.31305,40.4787],[-119.31351,40.47867],[-119.31397,40.47869],[-119.31422,40.47868],[-119.3143,40.47866],[-119.31451,40.4786],[-119.31465,40.47857],[-119.315,40.4786],[-119.31523,40.4786],[-119.31578,40.47854],[-119.31623,40.47845],[-119.31733,40.478],[-119.31809,40.47777],[-119.31882,40.47767],[-119.31945,40.47763],[-119.3196,40.47754],[-119.32158,40.47729],[-119.32295,40.47729]]}},{"type":"Feature","properties":{"name":"(unnamed public road)","road_class":"unclassified","surface":"unpaved","source":"OpenStreetMap","source_detail":"osm way 14366097","source_tile":"173/385"},"geometry":{"type":"LineString","coordinates":[[-119.11928,40.47146],[-119.11952,40.47148],[-119.11973,40.47152],[-119.11997,40.47156],[-119.12245,40.47214],[-119.12378,40.47247],[-119.12499,40.47275],[-119.12526,40.47282],[-119.12586,40.47296],[-119.12841,40.47356],[-119.13027,40.47402],[-119.13607,40.4754],[-119.13747,40.47574],[-119.14331,40.47714],[-119.14473,40.47747],[-119.14537,40.47763],[-119.14592,40.47776],[-119.14636,40.47787],[-119.14985,40.47871],[-119.15031,40.47883],[-119.15267,40.47938],[-119.15441,40.47981],[-119.15578,40.48014],[-119.15655,40.48031],[-119.1578,40.48062],[-119.15861,40.48081],[-119.1594,40.48101],[-119.16062,40.48129],[-119.16156,40.4815],[-119.16354,40.48196],[-119.16584,40.48246],[-119.16638,40.48259],[-119.16865,40.48316],[-119.16951,40.48337],[-119.1711,40.48374],[-119.17378,40.48441],[-119.17491,40.4847],[-119.17607,40.48497],[-119.17745,40.48532],[-119.17961,40.48586],[-119.18066,40.48618],[-119.18349,40.48714],[-119.18466,40.48753],[-119.18587,40.48793],[-119.1865,40.48815],[-119.18715,40.48836],[-119.18889,40.48896],[-119.19166,40.48987],[-119.19333,40.49045],[-119.19432,40.49075],[-119.19772,40.49191],[-119.19833,40.49213],[-119.19855,40.49221],[-119.1988,40.49227],[-119.19917,40.49233],[-119.19945,40.49236],[-119.19966,40.49236],[-119.20185,40.49215],[-119.20367,40.49201],[-119.2042,40.49196],[-119.20507,40.49188],[-119.20579,40.4918],[-119.20614,40.49178],[-119.20692,40.49171],[-119.20722,40.49171],[-119.2075,40.49173],[-119.20814,40.4917],[-119.2096,40.49126],[-119.21047,40.49111],[-119.21085,40.491],[-119.21108,40.4909],[-119.21164,40.49053],[-119.21208,40.49031],[-119.21239,40.49007],[-119.21254,40.48986],[-119.21263,40.48967],[-119.21268,40.48942],[-119.21286,40.48898],[-119.21329,40.48829],[-119.2141,40.48788],[-119.21506,40.48746],[-119.2156,40.48705],[-119.21784,40.48598],[-119.21889,40.48591],[-119.21937,40.48559],[-119.22043,40.48455],[-119.22091,40.48422],[-119.22119,40.48407],[-119.22169,40.48398],[-119.22287,40.48387],[-119.22313,40.48391],[-119.22363,40.48392],[-119.2264,40.48372],[-119.22829,40.48358],[-119.22877,40.48352],[-119.22904,40.48351],[-119.22976,40.48344],[-119.23065,40.48333],[-119.23121,40.48323],[-119.23207,40.48306],[-119.2337,40.48269],[-119.23411,40.48258],[-119.23459,40.48248],[-119.23524,40.48232],[-119.23597,40.48214],[-119.23728,40.48183],[-119.23806,40.48162],[-119.23826,40.48153],[-119.23902,40.48116],[-119.23963,40.48083],[-119.24121,40.47985],[-119.24196,40.47928],[-119.24232,40.47891],[-119.24275,40.47832],[-119.24316,40.47799],[-119.24382,40.47771],[-119.24429,40.47756],[-119.24524,40.4773],[-119.24677,40.47697],[-119.24745,40.47689],[-119.24848,40.47689],[-119.24929,40.4769],[-119.25086,40.47668],[-119.25125,40.47648],[-119.25146,40.47615],[-119.25155,40.47553],[-119.25182,40.47504],[-119.25226,40.47419],[-119.25231,40.47409],[-119.25254,40.47383],[-119.25265,40.4737],[-119.25268,40.47361],[-119.25256,40.47336],[-119.25251,40.47294],[-119.25244,40.47263],[-119.2522,40.47198],[-119.25213,40.47169],[-119.25206,40.47121],[-119.25195,40.4709],[-119.25169,40.47037],[-119.25162,40.47007],[-119.25172,40.46974],[-119.25176,40.46969],[-119.25181,40.46962],[-119.25232,40.46907],[-119.25256,40.46887],[-119.25303,40.46855],[-119.25364,40.46806],[-119.25401,40.46773],[-119.25422,40.46743],[-119.25465,40.46639],[-119.25475,40.46606],[-119.25486,40.46486],[-119.25492,40.46435],[-119.25541,40.46294],[-119.25558,40.46237],[-119.25572,40.46227],[-119.25633,40.46184],[-119.25723,40.46109],[-119.25738,40.46094],[-119.2574,40.4608],[-119.25733,40.46068],[-119.25713,40.46054],[-119.25678,40.46037],[-119.25638,40.46015],[-119.25619,40.45991],[-119.25595,40.45967],[-119.25424,40.45792],[-119.25383,40.45743],[-119.2536,40.45713],[-119.25355,40.45693],[-119.25352,40.45646],[-119.25341,40.45591],[-119.25333,40.45489],[-119.25325,40.45463],[-119.25323,40.45445],[-119.2533,40.45428],[-119.25329,40.45413],[-119.25313,40.45395],[-119.25299,40.45379],[-119.25294,40.45356],[-119.25277,40.45343],[-119.25242,40.4532],[-119.25231,40.45298],[-119.25219,40.45278],[-119.2519,40.45253],[-119.25186,40.45232],[-119.2519,40.45208],[-119.2518,40.45164],[-119.2517,40.45119],[-119.25158,40.451],[-119.25157,40.45079],[-119.2516,40.45058],[-119.25178,40.45001],[-119.25198,40.44978],[-119.25234,40.44939],[-119.25287,40.44892],[-119.25305,40.44873],[-119.25323,40.44835],[-119.25355,40.44769],[-119.2538,40.44734],[-119.25407,40.44713],[-119.25435,40.44689],[-119.2546,40.44646],[-119.25482,40.44598],[-119.25487,40.44575],[-119.25487,40.44543],[-119.25502,40.44514],[-119.25514,40.44496],[-119.25535,40.44489],[-119.25572,40.44487],[-119.25588,40.44488],[-119.25603,40.44478],[-119.25632,40.44453],[-119.25708,40.44398],[-119.25733,40.44384],[-119.25744,40.44373],[-119.25744,40.44358],[-119.25729,40.44342],[-119.25715,40.44311],[-119.25717,40.44285],[-119.2574,40.44242],[-119.25769,40.44204],[-119.25783,40.44195],[-119.258,40.44178],[-119.25823,40.44167],[-119.25831,40.44165],[-119.25847,40.44166],[-119.25858,40.44173],[-119.25869,40.44188],[-119.25886,40.44203],[-119.25919,40.4421],[-119.25949,40.44211],[-119.25986,40.442],[-119.26015,40.44189],[-119.26028,40.44178],[-119.26029,40.44151],[-119.26029,40.44139],[-119.26017,40.44129],[-119.25994,40.44115],[-119.25988,40.44091],[-119.25999,40.44073],[-119.26024,40.44042],[-119.26038,40.44015],[-119.26048,40.43993],[-119.26068,40.43979],[-119.26093,40.43971],[-119.26119,40.43978],[-119.26152,40.43985],[-119.26172,40.43984],[-119.26189,40.43971],[-119.2623,40.43961],[-119.26299,40.43967],[-119.26331,40.43976],[-119.26352,40.43986],[-119.26367,40.43993],[-119.26379,40.43994],[-119.26391,40.43989],[-119.26385,40.43976],[-119.26359,40.43954],[-119.2632,40.43918],[-119.26292,40.4388],[-119.26281,40.43844],[-119.2629,40.43815],[-119.26313,40.43763],[-119.26334,40.43716],[-119.26342,40.43679],[-119.2635,40.43657],[-119.26379,40.4364],[-119.26425,40.43592],[-119.2645,40.43552],[-119.26473,40.43515],[-119.2648,40.43481],[-119.26504,40.43444],[-119.26538,40.43405],[-119.26575,40.43386],[-119.26606,40.43374],[-119.26609,40.43373],[-119.26639,40.43347],[-119.26661,40.43316],[-119.26674,40.43275],[-119.2669,40.43245],[-119.26701,40.43237],[-119.26714,40.43227],[-119.26749,40.43206],[-119.26804,40.43179],[-119.26844,40.43154],[-119.26905,40.43135],[-119.26934,40.43125],[-119.26967,40.43098],[-119.27001,40.43079],[-119.27024,40.43051],[-119.2704,40.43038],[-119.27077,40.43022],[-119.27112,40.43013],[-119.27134,40.43],[-119.27156,40.42969],[-119.27173,40.4294],[-119.27186,40.42924],[-119.27204,40.42911],[-119.2723,40.42899],[-119.27247,40.4288],[-119.27277,40.42842],[-119.27314,40.42804],[-119.27338,40.42791],[-119.27376,40.42782],[-119.27411,40.42771],[-119.27434,40.42753],[-119.27455,40.42735],[-119.27503,40.427],[-119.27517,40.42681],[-119.27513,40.42659],[-119.27504,40.42645],[-119.27497,40.42631],[-119.27503,40.42616],[-119.27543,40.42572],[-119.27618,40.42501],[-119.27631,40.42473],[-119.27639,40.42435],[-119.27662,40.42406],[-119.27703,40.42371],[-119.27737,40.42345],[-119.27771,40.42338],[-119.27823,40.42333],[-119.27862,40.42337],[-119.27929,40.42356],[-119.28012,40.42379],[-119.28054,40.42398],[-119.28085,40.42432],[-119.28118,40.42468],[-119.2815,40.42486],[-119.28195,40.42502],[-119.28279,40.42531],[-119.28309,40.4255],[-119.28327,40.42562],[-119.28349,40.42564],[-119.28377,40.4256],[-119.2841,40.42566],[-119.28505,40.426],[-119.28555,40.42621],[-119.28638,40.4264],[-119.28704,40.42642],[-119.28783,40.42648],[-119.28838,40.42664],[-119.28877,40.42692],[-119.28908,40.42729],[-119.28916,40.42758],[-119.28928,40.42784],[-119.28951,40.42799],[-119.29025,40.42833],[-119.29062,40.4286],[-119.29086,40.42886],[-119.29108,40.42898],[-119.29147,40.42905],[-119.29175,40.4291],[-119.29239,40.42949],[-119.29283,40.42967],[-119.29296,40.42985],[-119.29305,40.43006],[-119.29329,40.43014],[-119.29356,40.43013],[-119.29376,40.43008],[-119.29398,40.43012],[-119.2942,40.43025],[-119.29451,40.43035],[-119.29499,40.43042],[-119.29564,40.43043],[-119.29615,40.43049],[-119.29652,40.4306],[-119.29712,40.43063],[-119.29769,40.43081],[-119.29828,40.43089],[-119.29871,40.43092],[-119.29945,40.43086],[-119.29999,40.4309],[-119.30065,40.43101],[-119.30076,40.43102],[-119.30122,40.43103],[-119.30191,40.43114],[-119.30228,40.43113],[-119.30264,40.43109],[-119.30294,40.43112],[-119.30385,40.43127],[-119.30593,40.43164],[-119.30826,40.43198],[-119.30874,40.43194],[-119.30947,40.43176],[-119.31091,40.43154],[-119.3119,40.43138],[-119.31351,40.43111],[-119.31443,40.43099],[-119.31548,40.43092],[-119.31712,40.43078],[-119.31815,40.43076],[-119.31889,40.43081],[-119.31974,40.43095],[-119.32046,40.43108],[-119.32201,40.43143],[-119.3229,40.43165],[-119.32428,40.43199],[-119.32517,40.43234],[-119.32589,40.43271],[-119.32691,40.43316],[-119.32716,40.43332],[-119.32863,40.43401],[-119.32918,40.43418],[-119.32995,40.43431],[-119.33149,40.4344],[-119.33254,40.43444],[-119.33287,40.43454],[-119.33297,40.43465],[-119.33311,40.43479],[-119.33321,40.43489],[-119.33368,40.43533],[-119.33401,40.43566]]}},{"type":"Feature","properties":{"name":"(unnamed public road)","road_class":"track","source":"OpenStreetMap","source_detail":"osm way 14366402","source_tile":"172/385","surface_inferred":true},"geometry":{"type":"LineString","coordinates":[[-119.22668,40.59011],[-119.22788,40.59002],[-119.2298,40.59009],[-119.23133,40.59031],[-119.23454,40.59121],[-119.23526,40.59109],[-119.23543,40.59104],[-119.23754,40.59043],[-119.2382,40.59054],[-119.23856,40.59068],[-119.23958,40.59086],[-119.2415,40.5907],[-119.24204,40.59083],[-119.24264,40.59077],[-119.24375,40.59042],[-119.24588,40.59015],[-119.24702,40.59015],[-119.24861,40.59035],[-119.249,40.59053],[-119.24942,40.59085],[-119.24966,40.59117],[-119.25005,40.59147],[-119.25066,40.59175]]}},{"type":"Feature","properties":{"name":"(unnamed public road)","road_class":"track","source":"OpenStreetMap","source_detail":"osm way 14366514","source_tile":"172/385","surface_inferred":true},"geometry":{"type":"LineString","coordinates":[[-119.33461,40.49982],[-119.33354,40.49952],[-119.33165,40.49906],[-119.32913,40.49853],[-119.32733,40.49856],[-119.32721,40.49858],[-119.32464,40.4992],[-119.32275,40.49908],[-119.32239,40.499],[-119.32218,40.49895]]}},{"type":"Feature","properties":{"name":"(unnamed public road)","road_class":"track","source":"OpenStreetMap","source_detail":"osm way 14366660","source_tile":"172/385","surface_inferred":true},"geometry":{"type":"LineString","coordinates":[[-119.25325,40.48556],[-119.2531,40.48567],[-119.25293,40.48578],[-119.2527,40.48589],[-119.25245,40.48597],[-119.25222,40.48603],[-119.25193,40.48607],[-119.25144,40.48613],[-119.25132,40.48615],[-119.25108,40.48622],[-119.25078,40.48636],[-119.25013,40.48665],[-119.24779,40.48758],[-119.24749,40.48768],[-119.24694,40.48776],[-119.24678,40.48781],[-119.24656,40.4879],[-119.24534,40.4884],[-119.24503,40.48853],[-119.24451,40.48871],[-119.24429,40.48877],[-119.24332,40.48908],[-119.2428,40.48923],[-119.2426,40.48931],[-119.2424,40.48942],[-119.24232,40.48945],[-119.24219,40.48947],[-119.24198,40.48945],[-119.24175,40.48944],[-119.24147,40.48946],[-119.24139,40.48947],[-119.24123,40.48953],[-119.24107,40.48965],[-119.24094,40.48972],[-119.24076,40.48979],[-119.24035,40.4899],[-119.24002,40.49001],[-119.23978,40.49013],[-119.23967,40.49017],[-119.23939,40.49025],[-119.23866,40.49044],[-119.2377,40.49069],[-119.23758,40.49071],[-119.23687,40.49082],[-119.23673,40.49086],[-119.23639,40.49099],[-119.23613,40.49108],[-119.23572,40.49121],[-119.23556,40.49128],[-119.23502,40.49145],[-119.23488,40.49151],[-119.23414,40.49172],[-119.23311,40.49209],[-119.23241,40.49238],[-119.23225,40.49244],[-119.23208,40.49249],[-119.23195,40.49252],[-119.23185,40.49254],[-119.23058,40.49304],[-119.23003,40.49327],[-119.2299,40.49331],[-119.22941,40.49338],[-119.22924,40.49343],[-119.22892,40.49359],[-119.22875,40.4937],[-119.22859,40.49382],[-119.22844,40.49392],[-119.22791,40.49413],[-119.22733,40.49435],[-119.22662,40.49463],[-119.22579,40.49502],[-119.22496,40.49536],[-119.22453,40.49527],[-119.22213,40.49468],[-119.22147,40.49454],[-119.22073,40.49439],[-119.21949,40.49426],[-119.21576,40.49389],[-119.21532,40.49383],[-119.21364,40.49365],[-119.21325,40.49359],[-119.21314,40.49356],[-119.21281,40.49344],[-119.21024,40.4924],[-119.20996,40.49231],[-119.20946,40.49219],[-119.2086,40.49199],[-119.20793,40.49182],[-119.2075,40.49173]]}},{"type":"Feature","properties":{"name":"(unnamed public road)","road_class":"track","source":"OpenStreetMap","source_detail":"osm way 14366775","source_tile":"173/385","surface_inferred":true},"geometry":{"type":"LineString","coordinates":[[-119.17527,40.62526],[-119.17588,40.6256],[-119.17647,40.62564],[-119.17722,40.62539],[-119.17771,40.62509],[-119.17851,40.62486],[-119.17889,40.62504],[-119.1793,40.62538],[-119.1794,40.62546],[-119.17953,40.62571],[-119.17974,40.62585],[-119.18087,40.62645],[-119.18188,40.62677],[-119.18266,40.62697],[-119.18311,40.62696],[-119.1842,40.62664],[-119.18465,40.62651],[-119.18531,40.62648],[-119.18564,40.62654],[-119.18585,40.62655],[-119.18664,40.62638],[-119.18754,40.62618],[-119.18793,40.62605],[-119.18856,40.62595],[-119.18889,40.62587],[-119.18934,40.62589],[-119.18978,40.62575],[-119.19011,40.62577],[-119.19112,40.62563],[-119.19167,40.62541],[-119.19216,40.62508],[-119.19373,40.62485],[-119.1942,40.62486],[-119.19493,40.62459],[-119.19589,40.62445],[-119.19879,40.62352],[-119.19983,40.62316],[-119.20032,40.62289],[-119.20082,40.62295],[-119.20119,40.62296],[-119.20146,40.62289],[-119.20221,40.6224],[-119.20249,40.62233],[-119.20272,40.62232],[-119.20348,40.62245],[-119.20369,40.62237],[-119.20437,40.62202],[-119.20574,40.62134],[-119.20699,40.62088],[-119.20875,40.62044],[-119.2095,40.62031],[-119.21262,40.62008],[-119.21547,40.61996],[-119.21913,40.61955],[-119.22065,40.61957],[-119.22219,40.61971],[-119.22338,40.61992],[-119.2242,40.62038],[-119.2253,40.62066],[-119.22617,40.6208],[-119.22637,40.62079],[-119.22654,40.6207],[-119.22674,40.6204],[-119.22714,40.62024],[-119.22832,40.6202],[-119.22861,40.62026],[-119.22911,40.62058],[-119.23018,40.62064],[-119.23081,40.62089],[-119.23107,40.62095],[-119.23171,40.62108],[-119.23263,40.62134],[-119.23279,40.62134]]}},{"type":"Feature","properties":{"name":"(unnamed public road)","road_class":"track","source":"OpenStreetMap","source_detail":"osm way 14366898","source_tile":"172/385","surface_inferred":true},"geometry":{"type":"LineString","coordinates":[[-119.29645,40.49603],[-119.29637,40.49605],[-119.29582,40.4961],[-119.29569,40.49614],[-119.29542,40.49633],[-119.29525,40.49647],[-119.29515,40.49652],[-119.29502,40.49656],[-119.29469,40.49661],[-119.2946,40.49665],[-119.29456,40.49668],[-119.29448,40.49665],[-119.29434,40.49664],[-119.29423,40.49666],[-119.29408,40.4967],[-119.29399,40.49669],[-119.29393,40.49668],[-119.29387,40.49663],[-119.29376,40.49648],[-119.29375,40.49639],[-119.29374,40.49626],[-119.29367,40.49609],[-119.29364,40.496],[-119.29361,40.49594],[-119.29357,40.4959],[-119.29355,40.49582],[-119.29355,40.49577],[-119.29365,40.49538],[-119.29365,40.49508],[-119.29369,40.49492],[-119.2938,40.49466],[-119.29391,40.49451],[-119.29396,40.49448],[-119.29405,40.49447],[-119.2941,40.49449],[-119.29415,40.49452],[-119.29422,40.49472],[-119.29426,40.49478],[-119.29432,40.49482],[-119.29438,40.49485],[-119.29479,40.49491],[-119.29494,40.49491],[-119.29516,40.49484],[-119.29537,40.49483],[-119.29546,40.49485],[-119.29555,40.49488],[-119.29561,40.49491],[-119.29573,40.49506],[-119.2958,40.49511],[-119.29607,40.49517],[-119.29627,40.49521],[-119.29633,40.49524],[-119.29636,40.49529],[-119.29639,40.49536]]}},{"type":"Feature","properties":{"name":"(unnamed public road)","road_class":"track","source":"OpenStreetMap","source_detail":"osm way 14366900","source_tile":"172/385","surface_inferred":true},"geometry":{"type":"LineString","coordinates":[[-119.30483,40.4999],[-119.30477,40.49945],[-119.30456,40.49929],[-119.30435,40.49876],[-119.3037,40.49852],[-119.30317,40.49782],[-119.3025,40.49728],[-119.30213,40.4973],[-119.30164,40.49704],[-119.30084,40.49685],[-119.3007,40.49673],[-119.30025,40.49656],[-119.3001,40.49649],[-119.29972,40.49634],[-119.29945,40.49628],[-119.2993,40.49625],[-119.29926,40.49626],[-119.2988,40.49632],[-119.29847,40.49635],[-119.29775,40.49645],[-119.29761,40.49645],[-119.29752,40.49644],[-119.29739,40.49637],[-119.29685,40.49614],[-119.29661,40.49606],[-119.29645,40.49603],[-119.29624,40.49589],[-119.2962,40.49586],[-119.29617,40.49581],[-119.29614,40.49568],[-119.29614,40.49564],[-119.29628,40.49546],[-119.29639,40.49536],[-119.29648,40.4953],[-119.29654,40.49524],[-119.29686,40.49478],[-119.29694,40.49462],[-119.29702,40.49456],[-119.29711,40.49454],[-119.2972,40.49454],[-119.29766,40.49458],[-119.29782,40.49459],[-119.29798,40.49458],[-119.29814,40.49455],[-119.29837,40.49449],[-119.29883,40.4943],[-119.2992,40.49418]]}},{"type":"Feature","properties":{"name":"(unnamed public road)","road_class":"track","source":"OpenStreetMap","source_detail":"osm way 14366901","source_tile":"172/385","surface_inferred":true},"geometry":{"type":"LineString","coordinates":[[-119.30435,40.49876],[-119.30498,40.49883],[-119.30522,40.49879],[-119.30549,40.49885],[-119.30615,40.49946],[-119.30612,40.4999]]}},{"type":"Feature","properties":{"name":"(unnamed public road)","road_class":"track","source":"OpenStreetMap","source_detail":"osm way 14367023","source_tile":"172/385","surface_inferred":true},"geometry":{"type":"LineString","coordinates":[[-119.33182,40.5067],[-119.33185,40.50654],[-119.3285,40.50455],[-119.32796,40.5038],[-119.32793,40.50359]]}},{"type":"Feature","properties":{"name":"(unnamed public road)","road_class":"track","source":"OpenStreetMap","source_detail":"osm way 14367025","source_tile":"172/385","surface_inferred":true},"geometry":{"type":"LineString","coordinates":[[-119.30203,40.50092],[-119.30211,40.50104],[-119.30221,40.50112],[-119.3023,40.50114],[-119.30242,40.50114],[-119.30262,40.50109],[-119.30323,40.50088],[-119.30341,40.50084],[-119.30393,40.50078],[-119.30445,40.5008],[-119.30472,40.50082],[-119.30517,40.50087],[-119.30564,40.501],[-119.30572,40.50104],[-119.30604,40.50119],[-119.30611,40.50123],[-119.30632,40.5014]]}},{"type":"Feature","properties":{"name":"(unnamed public road)","road_class":"track","source":"OpenStreetMap","source_detail":"osm way 14367141","source_tile":"172/385","surface_inferred":true},"geometry":{"type":"LineString","coordinates":[[-119.23433,40.50978],[-119.23445,40.50985],[-119.2346,40.5104],[-119.23457,40.51083],[-119.234,40.51165],[-119.23379,40.51241],[-119.2338,40.51337],[-119.23389,40.51344],[-119.23409,40.5146],[-119.23392,40.51582],[-119.23359,40.51689],[-119.23377,40.5171],[-119.2338,40.51746],[-119.23395,40.51772],[-119.23539,40.51893],[-119.23709,40.5189],[-119.23862,40.51908],[-119.23916,40.51947],[-119.23964,40.51966],[-119.24156,40.51991],[-119.2421,40.52011],[-119.24365,40.52132],[-119.2445,40.52199],[-119.24504,40.52309],[-119.24549,40.52418],[-119.24585,40.52453],[-119.24639,40.52544],[-119.24666,40.52567]]}},{"type":"Feature","properties":{"name":"(unnamed public road)","road_class":"track","source":"OpenStreetMap","source_detail":"osm way 14367146","source_tile":"173/385","surface_inferred":true},"geometry":{"type":"LineString","coordinates":[[-119.17791,40.64346],[-119.17841,40.64462],[-119.17873,40.64552],[-119.17917,40.64671],[-119.17937,40.64732],[-119.1804,40.65024],[-119.17971,40.65173],[-119.17844,40.65479],[-119.17816,40.65506]]}},{"type":"Feature","properties":{"name":"(unnamed public road)","road_class":"track","source":"OpenStreetMap","source_detail":"osm way 14367604","source_tile":"173/385","surface_inferred":true},"geometry":{"type":"LineString","coordinates":[[-119.22437,40.64679],[-119.22326,40.64709],[-119.22223,40.64706],[-119.22124,40.64672],[-119.2207,40.64677],[-119.21935,40.64716],[-119.21827,40.64732],[-119.21755,40.64764],[-119.2171,40.648],[-119.21608,40.64844],[-119.21353,40.64849],[-119.21067,40.64919],[-119.20977,40.64917],[-119.20836,40.64894],[-119.20779,40.64874],[-119.20728,40.64878],[-119.20635,40.64906],[-119.20518,40.64913],[-119.20437,40.64892],[-119.2035,40.6489],[-119.20161,40.6486],[-119.19791,40.64874],[-119.19659,40.64856],[-119.1941,40.64835],[-119.19281,40.64808],[-119.19148,40.64814],[-119.18941,40.64792],[-119.18902,40.64812],[-119.18839,40.64869],[-119.18749,40.64991],[-119.18695,40.65048],[-119.18614,40.65174],[-119.18554,40.65235],[-119.18497,40.65338],[-119.18386,40.65425],[-119.18369,40.65451],[-119.18356,40.65471],[-119.18362,40.65501],[-119.18347,40.65592],[-119.18377,40.65729],[-119.18389,40.65757],[-119.18392,40.6586],[-119.18419,40.65963],[-119.18614,40.66276],[-119.18618,40.66285],[-119.18686,40.66427],[-119.18716,40.66461],[-119.18758,40.66567],[-119.18764,40.66667],[-119.18788,40.66736],[-119.18803,40.6677],[-119.18794,40.668],[-119.188,40.66962],[-119.18707,40.67314],[-119.18668,40.67388],[-119.18629,40.67461],[-119.18596,40.67578],[-119.18593,40.67632],[-119.18575,40.67671],[-119.18524,40.67742],[-119.185,40.67788],[-119.18452,40.67847],[-119.18461,40.67882],[-119.18519,40.67906],[-119.18539,40.67917],[-119.18548,40.67923],[-119.18554,40.67927],[-119.18557,40.67933],[-119.18558,40.67938],[-119.18556,40.67946],[-119.18552,40.67952],[-119.18548,40.67956],[-119.18543,40.67961],[-119.18533,40.67965],[-119.18523,40.67968],[-119.18512,40.67969],[-119.18503,40.67967],[-119.18495,40.67963],[-119.1848,40.67957],[-119.18464,40.67957],[-119.18456,40.67954],[-119.18446,40.67949],[-119.18441,40.67947],[-119.18434,40.67947],[-119.18428,40.6795],[-119.18422,40.67956],[-119.18418,40.67961],[-119.18418,40.67969],[-119.18421,40.67979],[-119.18432,40.68002],[-119.18437,40.68021],[-119.18442,40.68056],[-119.18444,40.68081],[-119.18443,40.68093],[-119.18436,40.68107],[-119.1843,40.68117],[-119.18424,40.68123],[-119.18419,40.68127],[-119.18412,40.68129],[-119.18404,40.68131],[-119.18367,40.68154],[-119.18367,40.68181],[-119.18391,40.68218],[-119.18398,40.68259],[-119.18394,40.68385],[-119.18373,40.68444],[-119.18371,40.68509],[-119.18346,40.68605],[-119.1831,40.68925],[-119.18301,40.68941],[-119.18292,40.69138],[-119.18268,40.69326],[-119.18249,40.69407],[-119.18235,40.69454],[-119.18205,40.696],[-119.18198,40.69699],[-119.18185,40.69769],[-119.18156,40.69919],[-119.1813,40.70132],[-119.18124,40.70267],[-119.18114,40.70317],[-119.18107,40.7033],[-119.18083,40.70363],[-119.17998,40.70439],[-119.17923,40.70576],[-119.17917,40.70851],[-119.17896,40.7089],[-119.17829,40.70942],[-119.17814,40.70963],[-119.17739,40.71022],[-119.17722,40.71045],[-119.17718,40.7105],[-119.17691,40.71237],[-119.17595,40.71473],[-119.17553,40.71525],[-119.17481,40.7191],[-119.1749,40.72021],[-119.17511,40.72189],[-119.1754,40.72328],[-119.17562,40.72479],[-119.17579,40.72523],[-119.17594,40.7259],[-119.17606,40.7269],[-119.17664,40.72812],[-119.17691,40.72869],[-119.17711,40.72932],[-119.17744,40.73028],[-119.1776,40.73136],[-119.1779,40.73249],[-119.17797,40.73281],[-119.1779,40.7331]]}},{"type":"Feature","properties":{"name":"(unnamed public road)","road_class":"track","source":"OpenStreetMap","source_detail":"osm way 14367609","source_tile":"172/385","surface_inferred":true},"geometry":{"type":"LineString","coordinates":[[-119.24183,40.70296],[-119.24201,40.70311],[-119.24204,40.70348],[-119.24198,40.70417],[-119.2418,40.70467],[-119.24183,40.70508],[-119.24283,40.70652],[-119.24286,40.70794],[-119.24268,40.70845],[-119.24241,40.70987],[-119.24241,40.71044],[-119.24277,40.71064]]}},{"type":"Feature","properties":{"name":"(unnamed public road)","road_class":"track","source":"OpenStreetMap","source_detail":"osm way 14367716","source_tile":"173/385","surface_inferred":true},"geometry":{"type":"LineString","coordinates":[[-119.16195,40.52962],[-119.16261,40.52995],[-119.16474,40.53101],[-119.16502,40.53121],[-119.16561,40.53161],[-119.16669,40.53266],[-119.16774,40.5341],[-119.16833,40.53563],[-119.16842,40.53563],[-119.17262,40.5355],[-119.17529,40.53403],[-119.17592,40.53364],[-119.17658,40.53335],[-119.17776,40.53299],[-119.17793,40.53294],[-119.17982,40.5322],[-119.18028,40.53192],[-119.18309,40.53042],[-119.18425,40.5298],[-119.18686,40.52818],[-119.18968,40.52612],[-119.1913,40.52534],[-119.1917,40.52511],[-119.19388,40.52385],[-119.19562,40.52317],[-119.19624,40.52276],[-119.19846,40.52186],[-119.20122,40.52113],[-119.20368,40.52008],[-119.2044,40.51992],[-119.20589,40.51923],[-119.20739,40.51813],[-119.20805,40.51788],[-119.21228,40.51669],[-119.21402,40.51607],[-119.21593,40.51556],[-119.21902,40.51472],[-119.22073,40.51447],[-119.2217,40.5144],[-119.22238,40.51436],[-119.22331,40.51417],[-119.22414,40.51362],[-119.22586,40.51283],[-119.22687,40.51237],[-119.22786,40.51205],[-119.22939,40.5114],[-119.23092,40.51088],[-119.23283,40.51047],[-119.23364,40.51019],[-119.23433,40.50978],[-119.23454,40.5093],[-119.23497,40.50917],[-119.23573,40.50952],[-119.23652,40.50964],[-119.23725,40.50963],[-119.23846,40.50949],[-119.23904,40.50924],[-119.23937,40.50887],[-119.23978,40.50818],[-119.24036,40.50773],[-119.24099,40.50737],[-119.24179,40.50675],[-119.24234,40.50586],[-119.24262,40.50574]]}},{"type":"Feature","properties":{"name":"(unnamed public road)","road_class":"track","source":"OpenStreetMap","source_detail":"osm way 14368087","source_tile":"173/385","surface_inferred":true},"geometry":{"type":"LineString","coordinates":[[-119.18362,40.65501],[-119.18359,40.65506],[-119.18355,40.6551],[-119.18343,40.65516],[-119.18328,40.65521],[-119.18312,40.65525],[-119.18277,40.65531],[-119.18234,40.65539],[-119.18184,40.65554],[-119.1816,40.6556],[-119.18144,40.65561],[-119.18125,40.65558],[-119.18099,40.65547],[-119.18079,40.6554],[-119.18059,40.65536],[-119.18043,40.65541],[-119.18017,40.65551],[-119.17983,40.65567],[-119.17955,40.6559],[-119.17944,40.65606],[-119.17925,40.65621],[-119.17899,40.65629],[-119.17869,40.65623],[-119.17805,40.65632]]}},{"type":"Feature","properties":{"name":"(unnamed public road)","road_class":"unclassified","surface":"unpaved","source":"OpenStreetMap","source_detail":"osm way 14368435","source_tile":"173/386"},"geometry":{"type":"LineString","coordinates":[[-119.08162,40.2521],[-119.08183,40.25207],[-119.08255,40.25246],[-119.08315,40.25297],[-119.0836,40.25308],[-119.085,40.25292],[-119.08658,40.25351],[-119.08697,40.25358],[-119.08765,40.25347],[-119.08843,40.25322],[-119.08989,40.25381],[-119.09058,40.25409],[-119.09118,40.25413],[-119.09237,40.25447],[-119.09375,40.2547],[-119.09443,40.25468],[-119.09492,40.25475],[-119.09569,40.25486],[-119.09613,40.255],[-119.09661,40.2553],[-119.09718,40.2561],[-119.09724,40.25651],[-119.09748,40.25685],[-119.0976,40.25717],[-119.09784,40.25756],[-119.09853,40.25841],[-119.09942,40.25978],[-119.10011,40.26049],[-119.10089,40.26113],[-119.10095,40.26131],[-119.10304,40.26367],[-119.10393,40.26454],[-119.1048,40.26547],[-119.10683,40.26749],[-119.10725,40.26865],[-119.10743,40.26984],[-119.10809,40.2708],[-119.10824,40.27119],[-119.1086,40.27146],[-119.10872,40.27188],[-119.10928,40.27263],[-119.10982,40.27391],[-119.11,40.27476],[-119.10985,40.27549],[-119.10991,40.27604],[-119.11018,40.27695],[-119.11066,40.27812],[-119.11033,40.27931],[-119.11039,40.27974],[-119.11069,40.28057],[-119.11123,40.28281],[-119.11162,40.28345],[-119.1121,40.28432],[-119.11243,40.28487],[-119.11264,40.28567],[-119.11324,40.28649],[-119.11401,40.2877],[-119.11473,40.28949],[-119.11524,40.29022],[-119.11536,40.29063],[-119.11566,40.29109],[-119.11607,40.29259],[-119.11641,40.29381],[-119.11814,40.29642],[-119.12015,40.29998],[-119.12104,40.30122],[-119.12558,40.30748],[-119.12608,40.308],[-119.12698,40.30949],[-119.12795,40.31115],[-119.12849,40.31195],[-119.12889,40.31262],[-119.12973,40.31373],[-119.12972,40.31404],[-119.12954,40.31644],[-119.12925,40.32081],[-119.12919,40.32179],[-119.12909,40.32321],[-119.12899,40.32481],[-119.12882,40.32745],[-119.12874,40.3288],[-119.12864,40.33031],[-119.12827,40.33593],[-119.12808,40.33896],[-119.12791,40.34159],[-119.12763,40.34561],[-119.12754,40.34738],[-119.12743,40.34897],[-119.12734,40.35056],[-119.12702,40.35524],[-119.12692,40.35676],[-119.1268,40.35856],[-119.12677,40.35902],[-119.12631,40.36609],[-119.12626,40.36677],[-119.12594,40.3718],[-119.12586,40.37294],[-119.12574,40.37487],[-119.12537,40.38066],[-119.12478,40.38943],[-119.12467,40.39108],[-119.12445,40.39421],[-119.12425,40.39704],[-119.12383,40.4031],[-119.12327,40.41102],[-119.12208,40.42783],[-119.12197,40.42972],[-119.12186,40.43122],[-119.12175,40.43278],[-119.12166,40.43442],[-119.12121,40.44125],[-119.121,40.44478],[-119.12088,40.44651],[-119.12059,40.45106],[-119.12048,40.45298],[-119.12016,40.45766],[-119.11995,40.4612],[-119.11977,40.4638],[-119.11955,40.46746],[-119.11928,40.47146],[-119.11913,40.47393],[-119.11907,40.47486],[-119.11905,40.47519],[-119.11901,40.47597],[-119.11892,40.47735],[-119.11891,40.47765],[-119.11883,40.47868],[-119.11877,40.47963],[-119.11862,40.4818],[-119.11857,40.48265],[-119.11858,40.48297],[-119.11856,40.48311],[-119.11863,40.48333],[-119.1188,40.48383],[-119.11941,40.48556],[-119.12054,40.48871],[-119.12076,40.48934],[-119.12172,40.49202],[-119.12195,40.49264],[-119.12329,40.49642],[-119.12419,40.4989],[-119.12438,40.49944],[-119.12458,40.49997],[-119.12543,40.50237],[-119.12566,40.50302],[-119.12581,40.50335],[-119.12595,40.50356],[-119.1261,40.50375],[-119.1272,40.50487],[-119.12748,40.50519],[-119.12832,40.50607],[-119.12884,40.50663],[-119.12948,40.5073],[-119.13034,40.50821],[-119.13079,40.5087],[-119.13102,40.50889],[-119.1312,40.50901],[-119.13147,40.50915],[-119.13174,40.50925],[-119.13228,40.50937],[-119.1332,40.50957],[-119.13392,40.5097],[-119.13647,40.51022],[-119.13694,40.5103],[-119.13801,40.51053],[-119.13862,40.51064],[-119.13887,40.5107],[-119.13918,40.5108],[-119.13971,40.51099],[-119.14123,40.5116],[-119.14159,40.51174],[-119.14205,40.51194],[-119.14265,40.51221],[-119.14289,40.51235],[-119.14328,40.5126],[-119.14392,40.51308],[-119.14572,40.51445],[-119.14671,40.51519],[-119.14708,40.51545],[-119.14744,40.51573],[-119.14812,40.51622],[-119.14892,40.51683],[-119.15044,40.51794],[-119.15074,40.51819],[-119.15116,40.51849],[-119.15147,40.51873],[-119.15212,40.51923],[-119.15231,40.51937],[-119.15412,40.52072],[-119.15649,40.52264],[-119.15684,40.52293],[-119.15905,40.52473],[-119.15976,40.52529],[-119.16014,40.52562],[-119.16021,40.52569],[-119.16034,40.52585],[-119.16044,40.52604],[-119.16055,40.52633],[-119.16071,40.52685],[-119.16079,40.52718],[-119.16108,40.52808],[-119.16128,40.5286],[-119.16141,40.52887],[-119.16167,40.52929],[-119.16195,40.52962],[-119.16237,40.53011],[-119.16253,40.53034],[-119.16273,40.53058],[-119.16297,40.53094],[-119.16475,40.53322],[-119.16893,40.53856],[-119.16952,40.5392],[-119.16998,40.53984],[-119.17322,40.54901],[-119.17334,40.54936],[-119.17353,40.54997],[-119.17383,40.55068],[-119.17391,40.55087],[-119.17484,40.55366],[-119.17619,40.55743],[-119.17649,40.55839],[-119.17733,40.56055],[-119.17804,40.56269],[-119.17845,40.56376],[-119.17902,40.5652],[-119.17948,40.56623],[-119.17972,40.56691],[-119.17996,40.56759],[-119.18027,40.56827],[-119.1805,40.56898],[-119.18158,40.57155],[-119.18201,40.57262],[-119.18255,40.57419],[-119.18287,40.57493],[-119.18298,40.57572],[-119.18305,40.57644],[-119.18296,40.57875],[-119.18289,40.57899],[-119.18266,40.57978],[-119.18269,40.58069],[-119.18296,40.58172],[-119.18302,40.5841],[-119.18308,40.58546],[-119.18297,40.58603],[-119.18272,40.58656],[-119.18218,40.58729],[-119.18052,40.58927],[-119.18035,40.58948],[-119.17858,40.5916],[-119.17833,40.59198],[-119.17816,40.59241],[-119.17808,40.59283],[-119.17776,40.60101],[-119.17789,40.60137],[-119.17813,40.60174],[-119.17847,40.60208],[-119.17898,40.60254],[-119.17926,40.60285],[-119.17944,40.60319],[-119.17955,40.60369],[-119.17938,40.6056],[-119.17878,40.61549],[-119.17875,40.61611],[-119.17867,40.6168],[-119.1784,40.61731],[-119.17786,40.61805],[-119.17606,40.62029],[-119.17582,40.62159],[-119.17529,40.6249],[-119.17527,40.62526],[-119.17506,40.62722],[-119.17522,40.62784],[-119.1755,40.62849],[-119.17604,40.6294],[-119.17628,40.62997],[-119.17632,40.63066],[-119.17615,40.63357],[-119.17599,40.6363],[-119.17596,40.63692],[-119.17592,40.63863],[-119.1759,40.63914],[-119.17596,40.63981],[-119.17658,40.64086],[-119.17738,40.6422],[-119.17778,40.64287],[-119.17791,40.64346],[-119.17791,40.64512],[-119.17796,40.64619],[-119.17807,40.65019],[-119.17823,40.65433],[-119.17816,40.65506],[-119.17805,40.65632],[-119.17755,40.65983],[-119.1774,40.66036],[-119.17705,40.66115],[-119.17551,40.66465],[-119.17346,40.66992],[-119.17315,40.6703],[-119.17203,40.67155],[-119.16933,40.67466],[-119.1678,40.67743],[-119.16745,40.67801],[-119.16662,40.67946],[-119.16607,40.68063],[-119.16596,40.68103],[-119.16599,40.68171],[-119.16666,40.68527],[-119.16691,40.68665],[-119.16704,40.68724],[-119.16734,40.6891],[-119.16896,40.69797],[-119.17056,40.70666],[-119.17165,40.71164],[-119.17174,40.71217],[-119.1721,40.71363],[-119.17222,40.71419],[-119.17238,40.71467],[-119.17252,40.71584],[-119.17251,40.7171],[-119.17257,40.71957],[-119.17291,40.72079],[-119.17444,40.72563],[-119.17467,40.72639],[-119.17642,40.73171],[-119.17651,40.73191],[-119.17717,40.73424],[-119.17827,40.73748],[-119.17829,40.73769]]}},{"type":"Feature","properties":{"name":"(unnamed public road)","road_class":"track","source":"OpenStreetMap","source_detail":"osm way 14368745","source_tile":"172/385","surface_inferred":true},"geometry":{"type":"LineString","coordinates":[[-119.25814,40.69111],[-119.25926,40.69254],[-119.25992,40.69344],[-119.26029,40.69397],[-119.26145,40.69534],[-119.26284,40.69654],[-119.26377,40.69714],[-119.26487,40.69743]]}},{"type":"Feature","properties":{"name":"(unnamed public road)","road_class":"track","source":"OpenStreetMap","source_detail":"osm way 14368747","source_tile":"172/385","surface_inferred":true},"geometry":{"type":"LineString","coordinates":[[-119.29793,40.64548],[-119.2981,40.64565],[-119.29821,40.64581],[-119.2984,40.64613],[-119.29847,40.64624],[-119.29855,40.64631],[-119.29885,40.64648],[-119.29901,40.64661],[-119.29915,40.64673],[-119.29928,40.64682],[-119.29953,40.64694],[-119.29971,40.64701],[-119.30008,40.6471],[-119.30057,40.64724],[-119.3007,40.6473],[-119.30096,40.64736],[-119.30132,40.6475],[-119.30161,40.64759],[-119.30171,40.64764],[-119.30206,40.64776],[-119.30236,40.64785],[-119.30272,40.64796],[-119.30296,40.64798],[-119.30307,40.64803],[-119.30327,40.64815],[-119.30339,40.64821],[-119.30357,40.64826],[-119.30387,40.64832],[-119.30399,40.64837],[-119.30406,40.64841],[-119.30409,40.64847]]}},{"type":"Feature","properties":{"name":"(unnamed public road)","road_class":"track","source":"OpenStreetMap","source_detail":"osm way 14369181","source_tile":"172/385","surface_inferred":true},"geometry":{"type":"LineString","coordinates":[[-119.32175,40.47481],[-119.32256,40.47626],[-119.32295,40.47729],[-119.32352,40.47843],[-119.32361,40.47944],[-119.32424,40.48152],[-119.32466,40.48216],[-119.32476,40.48263],[-119.32496,40.48296],[-119.32508,40.48335],[-119.32562,40.48415],[-119.32613,40.48543],[-119.32715,40.48685],[-119.32988,40.49055],[-119.33015,40.49085],[-119.33042,40.49134],[-119.332,40.4935],[-119.33252,40.49396],[-119.33305,40.49487],[-119.33374,40.49709],[-119.33402,40.49755],[-119.33419,40.49785],[-119.33451,40.49807],[-119.33467,40.49819]]}},{"type":"Feature","properties":{"name":"(unnamed public road)","road_class":"track","surface":"unpaved","source":"OpenStreetMap","source_detail":"osm way 14369331","source_tile":"172/385"},"geometry":{"type":"LineString","coordinates":[[-119.27305,40.54679],[-119.27295,40.54658],[-119.27278,40.54647],[-119.27267,40.54633],[-119.27253,40.54629],[-119.27243,40.54633],[-119.27244,40.54641],[-119.27255,40.5465],[-119.27305,40.54679],[-119.27326,40.54692],[-119.27329,40.54707],[-119.27332,40.54718],[-119.27337,40.54723],[-119.27376,40.54725],[-119.27412,40.54718],[-119.27433,40.54724],[-119.2747,40.54741],[-119.27503,40.54752],[-119.27534,40.54771],[-119.27599,40.54807],[-119.27606,40.5481],[-119.27621,40.54817],[-119.27655,40.54827],[-119.27702,40.54853],[-119.27755,40.54876],[-119.27783,40.54883],[-119.27844,40.54885],[-119.27893,40.54868],[-119.27908,40.54868],[-119.27918,40.54872],[-119.27941,40.54884],[-119.27959,40.5489],[-119.27999,40.54908],[-119.28048,40.54941],[-119.28062,40.54952],[-119.28087,40.54973],[-119.28109,40.55003],[-119.28121,40.5502],[-119.28164,40.55053],[-119.28174,40.5506],[-119.28203,40.55084],[-119.28232,40.55103],[-119.28242,40.55108],[-119.28258,40.55111],[-119.2828,40.55112],[-119.28312,40.55115],[-119.28343,40.5512],[-119.28374,40.55127],[-119.28415,40.55126],[-119.28444,40.55126],[-119.2848,40.5513],[-119.28579,40.55162],[-119.28614,40.55175],[-119.28648,40.55195],[-119.28655,40.55198],[-119.28686,40.55203],[-119.28721,40.55211],[-119.28773,40.55218],[-119.28822,40.5523],[-119.28846,40.55237],[-119.28891,40.55261],[-119.28948,40.55287],[-119.28986,40.55292],[-119.29041,40.5531],[-119.29079,40.55326],[-119.29131,40.55368],[-119.29159,40.55402],[-119.29174,40.55418],[-119.29183,40.55428],[-119.29208,40.55448],[-119.29242,40.55467],[-119.29307,40.55443],[-119.29331,40.55446],[-119.29356,40.55439],[-119.29387,40.55426],[-119.2942,40.55428],[-119.29438,40.55429],[-119.29465,40.55433],[-119.29496,40.55447],[-119.29509,40.5546],[-119.29521,40.5548],[-119.29565,40.55503],[-119.29587,40.55516],[-119.29601,40.55522],[-119.29612,40.55523],[-119.29625,40.55512],[-119.29645,40.55492],[-119.29672,40.55473],[-119.29712,40.55459],[-119.29723,40.55448],[-119.2973,40.55428],[-119.29738,40.55423],[-119.29759,40.55418],[-119.29808,40.5541],[-119.29831,40.5541],[-119.29853,40.55411],[-119.29869,40.55421],[-119.29895,40.55441],[-119.29907,40.55463],[-119.29915,40.55471],[-119.29943,40.55488],[-119.2997,40.55509],[-119.29985,40.55536],[-119.29998,40.55545],[-119.30026,40.55556],[-119.30048,40.55564],[-119.30072,40.55568],[-119.30112,40.5559],[-119.30126,40.55595],[-119.3014,40.55598],[-119.30162,40.55606],[-119.30187,40.55604],[-119.30209,40.55599],[-119.30224,40.55584],[-119.30236,40.55565],[-119.30245,40.55556],[-119.30261,40.5554],[-119.30269,40.55534],[-119.30302,40.55525],[-119.30363,40.55496],[-119.30415,40.55457],[-119.30441,40.55441],[-119.30472,40.55442],[-119.30503,40.55451],[-119.30522,40.55452],[-119.30543,40.55443],[-119.30559,40.5544],[-119.3057,40.55441],[-119.30575,40.55452],[-119.30578,40.55466],[-119.30585,40.55472],[-119.30615,40.55486],[-119.30625,40.55493],[-119.30633,40.55504],[-119.30644,40.55508],[-119.30664,40.55508],[-119.30697,40.55495],[-119.30718,40.55489],[-119.30736,40.55489],[-119.30748,40.55493],[-119.30764,40.55504],[-119.30787,40.55509],[-119.30811,40.55512],[-119.30832,40.55512],[-119.3085,40.55511],[-119.30861,40.5552],[-119.30879,40.55534],[-119.30896,40.55545],[-119.3091,40.55555],[-119.3094,40.55563],[-119.3098,40.55558],[-119.30999,40.55558],[-119.31026,40.55569],[-119.31042,40.55578],[-119.31052,40.55594],[-119.31074,40.55605],[-119.31095,40.55615],[-119.31141,40.55615],[-119.31191,40.55622],[-119.31219,40.55626],[-119.31234,40.55632],[-119.31244,40.55646],[-119.31257,40.55655],[-119.31278,40.55704],[-119.31305,40.55748],[-119.31314,40.5578],[-119.31327,40.558],[-119.31332,40.55812],[-119.31333,40.55832],[-119.31329,40.55853],[-119.31333,40.55866],[-119.31351,40.55878],[-119.31365,40.55885],[-119.31372,40.55888],[-119.31376,40.55892],[-119.3138,40.55897],[-119.31388,40.55905],[-119.31415,40.55932],[-119.31435,40.55944],[-119.31478,40.55965],[-119.31494,40.55968],[-119.31568,40.55953],[-119.31589,40.55953],[-119.31604,40.55956],[-119.31614,40.55961],[-119.31645,40.55985],[-119.31665,40.55999],[-119.31718,40.56042],[-119.31735,40.56051],[-119.31748,40.56055],[-119.3177,40.56058],[-119.31804,40.56066],[-119.31827,40.56066],[-119.31837,40.56067],[-119.31848,40.56071],[-119.31883,40.5609],[-119.31902,40.56097],[-119.31918,40.56102],[-119.31966,40.56108],[-119.31975,40.56111],[-119.32009,40.56133],[-119.3208,40.56158],[-119.32112,40.56175],[-119.32191,40.56215],[-119.3226,40.56245],[-119.32271,40.56253],[-119.3228,40.56266],[-119.32297,40.56296],[-119.32332,40.56304],[-119.32396,40.56338],[-119.32405,40.56346],[-119.32414,40.56358],[-119.32423,40.56368],[-119.32447,40.56383],[-119.3246,40.56389],[-119.325,40.56403],[-119.32552,40.56428],[-119.32569,40.56432],[-119.32598,40.56434],[-119.32626,40.56444],[-119.32646,40.56447],[-119.32664,40.56452],[-119.32712,40.5648],[-119.32744,40.56492],[-119.32754,40.56499],[-119.32766,40.56511],[-119.32786,40.56525],[-119.32853,40.56548]]}},{"type":"Feature","properties":{"name":"(unnamed public road)","road_class":"track","source":"OpenStreetMap","source_detail":"osm way 14369332","source_tile":"172/385","surface_inferred":true},"geometry":{"type":"LineString","coordinates":[[-119.18107,40.7033],[-119.1816,40.70342],[-119.1827,40.70373],[-119.18376,40.70407],[-119.18511,40.70435],[-119.18674,40.70429],[-119.18732,40.70425],[-119.18806,40.70453],[-119.18884,40.70467],[-119.1893,40.70484],[-119.18968,40.70435],[-119.19013,40.70452],[-119.19086,40.7047],[-119.19174,40.70489],[-119.19243,40.70524],[-119.19275,40.70532],[-119.19291,40.70525],[-119.19297,40.70476],[-119.19312,40.70439],[-119.19317,40.70432],[-119.19327,40.70427],[-119.19334,40.70424],[-119.19338,40.70419],[-119.19348,40.70401],[-119.19359,40.70393],[-119.19374,40.7039],[-119.19417,40.7039],[-119.19449,40.70392],[-119.19467,40.70397],[-119.1948,40.70398],[-119.19492,40.70396],[-119.19518,40.70391],[-119.19574,40.70387],[-119.19717,40.7041],[-119.1979,40.704],[-119.19949,40.70392],[-119.1999,40.70384],[-119.20137,40.70333],[-119.20321,40.70338],[-119.20415,40.70348],[-119.20462,40.70395],[-119.20477,40.70432],[-119.20498,40.70483],[-119.20521,40.7054],[-119.2055,40.70565],[-119.20562,40.70593],[-119.20582,40.70618],[-119.20701,40.70653]]}},{"type":"Feature","properties":{"name":"(unnamed public road)","road_class":"track","source":"OpenStreetMap","source_detail":"osm way 14369491","source_tile":"172/385","surface_inferred":true},"geometry":{"type":"LineString","coordinates":[[-119.29996,40.48688],[-119.30027,40.48699],[-119.30048,40.48704],[-119.30069,40.48708],[-119.30109,40.48713],[-119.30133,40.48713],[-119.3016,40.48711],[-119.30193,40.48712],[-119.30201,40.48713],[-119.30239,40.48713],[-119.30312,40.48709],[-119.30334,40.48709],[-119.30359,40.48712],[-119.30376,40.48716],[-119.304,40.48725],[-119.30407,40.48728],[-119.30427,40.4874],[-119.30438,40.48744],[-119.30449,40.48746],[-119.30473,40.48747],[-119.30501,40.48744],[-119.30523,40.48745],[-119.30559,40.48749],[-119.30579,40.48753],[-119.30596,40.48758],[-119.3063,40.48773],[-119.30653,40.48784],[-119.30664,40.48788],[-119.30702,40.48799],[-119.30731,40.48806],[-119.30758,40.48808],[-119.30778,40.48808],[-119.30797,40.48806],[-119.30891,40.48806],[-119.30922,40.48803],[-119.31069,40.48801],[-119.3123,40.48799],[-119.31346,40.48797],[-119.31397,40.48799],[-119.31438,40.48805],[-119.31447,40.48805],[-119.31621,40.48832],[-119.31715,40.48847],[-119.3177,40.48852],[-119.31877,40.48855],[-119.31915,40.4885],[-119.31944,40.48849],[-119.32043,40.4885],[-119.32087,40.48858],[-119.32123,40.48867],[-119.32462,40.48989],[-119.32637,40.49052],[-119.32694,40.49065],[-119.33042,40.49134],[-119.33092,40.49145],[-119.33125,40.49158],[-119.33169,40.49181],[-119.33338,40.49267],[-119.33461,40.49325]]}},{"type":"Feature","properties":{"name":"(unnamed public road)","road_class":"track","source":"OpenStreetMap","source_detail":"osm way 14370008","source_tile":"172/385","surface_inferred":true},"geometry":{"type":"LineString","coordinates":[[-119.18668,40.67388],[-119.18926,40.67431],[-119.19056,40.67477]]}},{"type":"Feature","properties":{"name":"(unnamed public road)","road_class":"track","surface":"unpaved","source":"OpenStreetMap","source_detail":"osm way 14370012","source_tile":"172/385"},"geometry":{"type":"LineString","coordinates":[[-119.30606,40.50448],[-119.30664,40.50388],[-119.30717,40.50343],[-119.3074,40.50329],[-119.30761,40.50313],[-119.30775,40.503],[-119.30778,40.50295],[-119.30785,40.5028],[-119.30788,40.50262],[-119.30789,40.50246],[-119.30787,40.50237],[-119.30774,40.50184],[-119.30771,40.50165],[-119.3077,40.50139],[-119.30772,40.50119],[-119.30771,40.50113],[-119.30767,40.50099],[-119.30755,40.50076],[-119.30737,40.50053],[-119.30726,40.50041],[-119.30703,40.50026],[-119.30684,40.50017],[-119.30667,40.50013],[-119.30659,40.50012],[-119.30651,40.50015],[-119.30642,40.50021],[-119.30634,40.50031],[-119.3063,40.5004],[-119.30625,40.5006],[-119.30624,40.5007],[-119.3063,40.50106],[-119.30632,40.50125],[-119.30632,40.5014],[-119.30633,40.50162],[-119.30641,40.50218],[-119.30642,40.50241],[-119.3065,40.50319],[-119.30648,40.50345],[-119.30645,40.50359],[-119.30639,40.50373],[-119.30629,40.50393],[-119.30616,40.5042],[-119.30606,40.50448],[-119.306,40.50474],[-119.30598,40.50489],[-119.30602,40.50532]]}},{"type":"Feature","properties":{"name":"(unnamed public road)","road_class":"track","source":"OpenStreetMap","source_detail":"osm way 14370257","source_tile":"172/385","surface_inferred":true},"geometry":{"type":"LineString","coordinates":[[-119.30675,40.58357],[-119.3067,40.58355],[-119.30665,40.58354],[-119.306,40.58357],[-119.30568,40.5836],[-119.30555,40.58366],[-119.30538,40.58367],[-119.30529,40.58369],[-119.305,40.58379],[-119.3049,40.58382],[-119.30478,40.58382],[-119.30457,40.5839],[-119.30447,40.58394],[-119.30439,40.58396],[-119.30432,40.58395],[-119.30425,40.58391],[-119.30414,40.58384],[-119.30406,40.58381]]}},{"type":"Feature","properties":{"name":"(unnamed public road)","road_class":"track","source":"OpenStreetMap","source_detail":"osm way 14370261","source_tile":"172/385","surface_inferred":true},"geometry":{"type":"LineString","coordinates":[[-119.31294,40.58352],[-119.31272,40.58335],[-119.31232,40.58289],[-119.31222,40.58289],[-119.31206,40.58289],[-119.31168,40.58293],[-119.31133,40.58299],[-119.31116,40.58305],[-119.31102,40.58308],[-119.31055,40.58315],[-119.31045,40.58318],[-119.31036,40.58319],[-119.31021,40.58319],[-119.31007,40.58318],[-119.3099,40.58318],[-119.30973,40.58321],[-119.30939,40.58322],[-119.30904,40.5832],[-119.30877,40.5832],[-119.3086,40.58321],[-119.3083,40.58326],[-119.30756,40.58333],[-119.3072,40.58338],[-119.30698,40.58342],[-119.30686,40.58347],[-119.30682,40.58349],[-119.30676,40.58354],[-119.30675,40.58357]]}},{"type":"Feature","properties":{"name":"(unnamed public road)","road_class":"track","source":"OpenStreetMap","source_detail":"osm way 14370266","source_tile":"172/385","surface_inferred":true},"geometry":{"type":"LineString","coordinates":[[-119.30942,40.57207],[-119.30957,40.57202],[-119.30974,40.57198],[-119.3099,40.57193],[-119.31022,40.57177],[-119.3106,40.57163],[-119.31076,40.57158],[-119.3114,40.57127],[-119.31166,40.57111],[-119.31186,40.57105],[-119.31205,40.57102],[-119.31225,40.57097],[-119.31296,40.5707]]}},{"type":"Feature","properties":{"name":"(unnamed public road)","road_class":"track","surface":"unpaved","source":"OpenStreetMap","source_detail":"osm way 14370306","source_tile":"172/385"},"geometry":{"type":"LineString","coordinates":[[-119.25037,40.51515],[-119.25024,40.515],[-119.25011,40.51492],[-119.25002,40.51487],[-119.24989,40.51484],[-119.24975,40.51484],[-119.24968,40.51482],[-119.24946,40.51465],[-119.24938,40.51456],[-119.24933,40.51449],[-119.24927,40.51442],[-119.24909,40.5143],[-119.24891,40.5141],[-119.24876,40.51398],[-119.24867,40.51387],[-119.24859,40.5138],[-119.2484,40.51354],[-119.2483,40.51322],[-119.24826,40.51302],[-119.2482,40.51251],[-119.24815,40.51227],[-119.24806,40.51206],[-119.24796,40.5118],[-119.24791,40.5117],[-119.24783,40.51161],[-119.24773,40.51153],[-119.24765,40.51143],[-119.24752,40.51118],[-119.24734,40.51093],[-119.24711,40.51067],[-119.24696,40.51048],[-119.24684,40.51035],[-119.24673,40.51024],[-119.24656,40.51011],[-119.24647,40.51005],[-119.24626,40.50995],[-119.24593,40.50982],[-119.2458,40.50975],[-119.2457,40.50964],[-119.24551,40.50937],[-119.24542,40.50932],[-119.24529,40.50927],[-119.24494,40.50919],[-119.24416,40.50899],[-119.24406,40.50899],[-119.24394,40.50901],[-119.24366,40.50912],[-119.24343,40.50919],[-119.24333,40.50919],[-119.24323,40.50917],[-119.24307,40.50919],[-119.24301,40.50917],[-119.24297,40.50913],[-119.24297,40.50904],[-119.2429,40.50881],[-119.24287,40.50873],[-119.24283,40.50854],[-119.24286,40.50818],[-119.24282,40.5081],[-119.24281,40.508],[-119.24284,40.5077],[-119.24284,40.50732],[-119.24286,40.50718],[-119.24281,40.50667],[-119.24279,40.50655],[-119.2428,40.50633],[-119.24277,40.50619],[-119.24262,40.50585],[-119.24262,40.50574],[-119.24261,40.50562],[-119.24263,40.50547],[-119.24261,40.50521],[-119.24256,40.50498],[-119.24258,40.50487],[-119.24264,40.50477],[-119.24283,40.50456],[-119.24295,40.50448],[-119.24322,40.50425],[-119.24353,40.50397],[-119.24365,40.50391],[-119.24374,40.50384],[-119.24386,40.50371],[-119.24395,40.5036],[-119.24401,40.5035],[-119.2441,40.50321],[-119.24428,40.50285],[-119.24446,40.50263],[-119.2445,40.50259],[-119.24489,40.502],[-119.24521,40.50146],[-119.24545,40.50096],[-119.24552,40.50071],[-119.24555,40.50064],[-119.24561,40.50055],[-119.2459,40.49989],[-119.24596,40.49976],[-119.24617,40.49912],[-119.24624,40.49888],[-119.24633,40.49866],[-119.24639,40.49844],[-119.24647,40.4982],[-119.24666,40.49781],[-119.24673,40.49771],[-119.24688,40.49752],[-119.24698,40.49742],[-119.24726,40.4971],[-119.24744,40.49688],[-119.24755,40.49672],[-119.24773,40.49637],[-119.24777,40.49625],[-119.24778,40.49587],[-119.2478,40.4958],[-119.24783,40.49571],[-119.24813,40.49511],[-119.24818,40.49493],[-119.24822,40.49474],[-119.24835,40.49445],[-119.24849,40.49424],[-119.2489,40.49336],[-119.24927,40.4927],[-119.24937,40.49254],[-119.24971,40.49213],[-119.24991,40.49172],[-119.25007,40.49136],[-119.2502,40.49105],[-119.2503,40.49091],[-119.2504,40.49073],[-119.25053,40.49054],[-119.25081,40.49006],[-119.25089,40.48989],[-119.25095,40.48982],[-119.25106,40.48971],[-119.25123,40.48956],[-119.25142,40.48932],[-119.25161,40.48903],[-119.25182,40.48875],[-119.25188,40.48861],[-119.25216,40.48812],[-119.25235,40.48773],[-119.2525,40.48753],[-119.25259,40.48742],[-119.25264,40.48733],[-119.25268,40.48714],[-119.25273,40.48689],[-119.25278,40.48671],[-119.25287,40.48654],[-119.2529,40.48644],[-119.25297,40.48624],[-119.25301,40.48609],[-119.25325,40.48556],[-119.25363,40.4845],[-119.25423,40.48362],[-119.25423,40.48313],[-119.25402,40.48277],[-119.25347,40.48001],[-119.2535,40.47927],[-119.25321,40.47785],[-119.25313,40.47743],[-119.25294,40.47648],[-119.25295,40.47632],[-119.25284,40.47612],[-119.25286,40.47582],[-119.25276,40.47531],[-119.25265,40.47488],[-119.2526,40.47443],[-119.25252,40.47416],[-119.25255,40.47401],[-119.25254,40.47383]]}},{"type":"Feature","properties":{"name":"(unnamed public road)","road_class":"track","source":"OpenStreetMap","source_detail":"osm way 14370396","source_tile":"172/385","surface_inferred":true},"geometry":{"type":"LineString","coordinates":[[-119.2473,40.61663],[-119.2467,40.61683],[-119.24585,40.61718],[-119.24548,40.61729],[-119.24489,40.61771],[-119.24448,40.6179],[-119.243,40.61868],[-119.243,40.61876],[-119.24274,40.61891],[-119.24252,40.61897],[-119.24201,40.61903],[-119.24154,40.61919],[-119.23994,40.61956],[-119.23926,40.61981],[-119.23734,40.62017],[-119.23652,40.62027],[-119.23613,40.62046],[-119.23568,40.62045],[-119.23489,40.62065],[-119.23398,40.62101],[-119.23323,40.62112],[-119.23279,40.62134],[-119.23261,40.62149],[-119.23105,40.62263],[-119.22736,40.62449],[-119.22661,40.6249],[-119.22513,40.62566],[-119.22484,40.62582],[-119.22294,40.62666],[-119.22093,40.62776],[-119.22036,40.62817],[-119.21913,40.62879],[-119.21852,40.62921],[-119.21835,40.62932],[-119.21751,40.62959],[-119.21697,40.63],[-119.21634,40.6303],[-119.21466,40.63083],[-119.21283,40.63161],[-119.2119,40.63238],[-119.21049,40.63305],[-119.20893,40.63401],[-119.20809,40.63437],[-119.20731,40.63488],[-119.20587,40.63554],[-119.20376,40.63634],[-119.20169,40.63762],[-119.20127,40.63794],[-119.20049,40.6382],[-119.19977,40.63833],[-119.19635,40.64019],[-119.19311,40.64252],[-119.1925,40.64318],[-119.19157,40.64389],[-119.19073,40.64531],[-119.19016,40.64611],[-119.18971,40.6472],[-119.18941,40.64792]]}},{"type":"Feature","properties":{"name":"(unnamed public road)","road_class":"track","source":"OpenStreetMap","source_detail":"osm way 14370634","source_tile":"172/385","surface_inferred":true},"geometry":{"type":"LineString","coordinates":[[-119.31297,40.583],[-119.31232,40.58289]]}},{"type":"Feature","properties":{"name":"(unnamed public road)","road_class":"track","source":"OpenStreetMap","source_detail":"osm way 14370669","source_tile":"172/385","surface_inferred":true},"geometry":{"type":"LineString","coordinates":[[-119.30837,40.50625],[-119.30855,40.50594],[-119.3086,40.50592],[-119.30868,40.50587],[-119.30875,40.50578],[-119.30888,40.50554],[-119.30902,40.50527],[-119.30912,40.50512],[-119.30916,40.50503],[-119.30921,40.50486],[-119.30932,40.50467],[-119.3097,40.50417],[-119.30989,40.5039],[-119.31008,40.50371],[-119.31043,40.50335],[-119.31093,40.50292],[-119.31109,40.50274],[-119.31129,40.50249],[-119.31155,40.50215],[-119.31168,40.50203],[-119.31179,40.5019],[-119.31185,40.50185],[-119.31202,40.50174],[-119.31216,40.50168],[-119.31239,40.50155],[-119.31243,40.50151],[-119.31269,40.50121],[-119.31279,40.5011],[-119.3129,40.50102],[-119.31301,40.50096],[-119.31317,40.50089],[-119.31324,40.50085],[-119.31335,40.50077],[-119.31351,40.50067],[-119.31386,40.50044],[-119.3141,40.50028],[-119.31431,40.50017],[-119.3144,40.50009],[-119.31445,40.49997],[-119.3145,40.4998],[-119.31451,40.4997],[-119.31451,40.49955],[-119.31453,40.4995],[-119.31463,40.49931],[-119.31466,40.49916],[-119.31463,40.49859],[-119.31462,40.49845],[-119.31462,40.49831],[-119.3147,40.49788],[-119.31476,40.49762],[-119.31478,40.49746],[-119.31478,40.4974],[-119.31476,40.4973],[-119.3147,40.49712],[-119.31468,40.49691],[-119.31469,40.49643],[-119.31431,40.49511],[-119.31424,40.49366],[-119.31454,40.49082],[-119.31442,40.49062],[-119.31407,40.49036],[-119.31398,40.49005],[-119.31443,40.48855],[-119.31446,40.48837],[-119.31447,40.48805],[-119.31467,40.48738],[-119.31483,40.48585],[-119.31476,40.48541],[-119.31513,40.48412],[-119.31508,40.48378],[-119.31517,40.4836],[-119.31511,40.48307],[-119.3152,40.48177],[-119.3153,40.48074],[-119.31539,40.47997],[-119.31578,40.47854],[-119.31602,40.47792],[-119.3164,40.4756],[-119.31654,40.47302],[-119.31654,40.47296],[-119.31669,40.47262],[-119.31669,40.47228],[-119.31798,40.46857],[-119.31872,40.46635],[-119.31975,40.46326],[-119.32058,40.46178],[-119.3219,40.45901],[-119.32283,40.4578],[-119.32301,40.45727],[-119.32317,40.45568],[-119.32319,40.45549],[-119.32304,40.45286],[-119.32214,40.45062],[-119.32163,40.44993],[-119.32091,40.44964],[-119.31966,40.44907],[-119.31849,40.44851],[-119.31807,40.44828],[-119.31694,40.44792],[-119.31662,40.44779],[-119.31642,40.44771],[-119.31608,40.44758],[-119.31566,40.44748],[-119.3152,40.44735],[-119.31495,40.44729]]}},{"type":"Feature","properties":{"name":"(unnamed public road)","road_class":"track","surface":"unpaved","source":"OpenStreetMap","source_detail":"osm way 14370773","source_tile":"172/385"},"geometry":{"type":"LineString","coordinates":[[-119.22311,40.53681],[-119.22292,40.53714],[-119.22261,40.53748],[-119.22235,40.53765],[-119.22199,40.53775],[-119.22185,40.5378],[-119.22182,40.53791],[-119.2219,40.53799],[-119.22217,40.53802],[-119.22267,40.5381],[-119.2231,40.53826],[-119.22364,40.53855],[-119.22409,40.53887],[-119.22446,40.53924],[-119.22497,40.53963],[-119.22524,40.53992],[-119.22562,40.5402],[-119.22588,40.54044],[-119.22624,40.5405],[-119.22636,40.5406],[-119.22686,40.5408],[-119.22691,40.54091],[-119.22669,40.54154],[-119.2265,40.54171],[-119.22605,40.54259],[-119.22605,40.54299],[-119.22592,40.54338],[-119.2256,40.54382],[-119.2252,40.54417],[-119.22476,40.54503],[-119.22489,40.54537],[-119.2251,40.54591],[-119.22537,40.54642],[-119.22548,40.54684],[-119.22543,40.54727],[-119.22592,40.54815],[-119.22637,40.54895],[-119.22666,40.54932],[-119.22699,40.5495],[-119.22714,40.54954],[-119.22723,40.54963],[-119.22718,40.54975],[-119.22708,40.55031],[-119.22724,40.55065],[-119.22722,40.551],[-119.22717,40.55116],[-119.22724,40.55138],[-119.22725,40.55156],[-119.22733,40.55192],[-119.22756,40.55255],[-119.2276,40.55271],[-119.22769,40.55311],[-119.22784,40.55344],[-119.22801,40.55399],[-119.22846,40.55539],[-119.22906,40.55658],[-119.22912,40.55701],[-119.22957,40.55763],[-119.22963,40.55822],[-119.22974,40.55842],[-119.22996,40.5588],[-119.23023,40.56021],[-119.23026,40.56117],[-119.23038,40.56143],[-119.23044,40.56214],[-119.23066,40.56238],[-119.23076,40.56266],[-119.23087,40.56303],[-119.2308,40.56347],[-119.23083,40.56401],[-119.23116,40.56515],[-119.23104,40.56591],[-119.23095,40.56687],[-119.23062,40.56765],[-119.22912,40.56891],[-119.2281,40.56945],[-119.22787,40.57046],[-119.2279,40.57126],[-119.22799,40.57439],[-119.22799,40.5757],[-119.22838,40.57671],[-119.22856,40.57691],[-119.22865,40.57764],[-119.22805,40.5795],[-119.22733,40.58107],[-119.22724,40.58176],[-119.22727,40.58293],[-119.22742,40.58368],[-119.22728,40.58419],[-119.22683,40.58485],[-119.22719,40.58775],[-119.22735,40.58891],[-119.22726,40.58903],[-119.22703,40.58929],[-119.22674,40.58963],[-119.22668,40.59011],[-119.22629,40.5907],[-119.22587,40.59116],[-119.22524,40.59162],[-119.22491,40.5924],[-119.22371,40.59382],[-119.22341,40.59448],[-119.22329,40.59466],[-119.22242,40.5953],[-119.22185,40.59613],[-119.22065,40.59723],[-119.2202,40.59876],[-119.22047,40.5992],[-119.22047,40.59937],[-119.22041,40.59969],[-119.22008,40.60022],[-119.22026,40.60118],[-119.22024,40.60253],[-119.21999,40.604],[-119.22003,40.60493],[-119.22027,40.60585],[-119.2203,40.6067],[-119.22038,40.60689],[-119.22039,40.60722],[-119.22078,40.60751],[-119.22096,40.608],[-119.22145,40.609],[-119.22152,40.6097],[-119.22175,40.61045],[-119.22213,40.61168],[-119.22224,40.61222],[-119.22257,40.61307],[-119.22312,40.61392],[-119.22333,40.61414],[-119.22335,40.61441],[-119.22357,40.61502],[-119.22399,40.61568],[-119.22429,40.61612],[-119.22473,40.61638],[-119.2255,40.6171],[-119.22599,40.61768],[-119.22622,40.61795],[-119.22643,40.619],[-119.22694,40.61942],[-119.22723,40.61978],[-119.22767,40.62002],[-119.22832,40.6202]]}},{"type":"Feature","properties":{"name":"(unnamed public road)","road_class":"track","surface":"unpaved","source":"OpenStreetMap","source_detail":"osm way 14371160","source_tile":"172/385"},"geometry":{"type":"LineString","coordinates":[[-119.45888,40.63656],[-119.45868,40.63654],[-119.45845,40.63653],[-119.45818,40.63655],[-119.45788,40.63657],[-119.45655,40.63665],[-119.45515,40.63661],[-119.45445,40.63654],[-119.45384,40.6365],[-119.45166,40.63614],[-119.45132,40.63619],[-119.4508,40.63632],[-119.45016,40.63652],[-119.44974,40.63668],[-119.44947,40.63681],[-119.4491,40.63686],[-119.44761,40.63689],[-119.44728,40.63702],[-119.44666,40.6374],[-119.44582,40.63787],[-119.44495,40.63831],[-119.44335,40.63915],[-119.44178,40.63999],[-119.44019,40.64081],[-119.43628,40.64285],[-119.43487,40.64363],[-119.43404,40.64412],[-119.43149,40.6455],[-119.43069,40.646],[-119.42959,40.64672],[-119.42885,40.64717],[-119.42837,40.64739],[-119.42502,40.64932],[-119.42427,40.64973],[-119.42393,40.6499],[-119.42278,40.65037],[-119.42151,40.65091],[-119.42115,40.65114],[-119.42076,40.65127],[-119.42013,40.65146],[-119.41939,40.65163],[-119.41883,40.65173],[-119.41868,40.65172],[-119.41853,40.65167],[-119.4184,40.65155],[-119.41825,40.65149],[-119.41803,40.65149],[-119.41786,40.65144],[-119.41757,40.65123],[-119.41727,40.65108],[-119.41722,40.65111],[-119.41713,40.65116],[-119.41706,40.6514],[-119.41667,40.65193],[-119.41651,40.65203],[-119.41609,40.65204],[-119.41584,40.65205],[-119.41565,40.65211],[-119.41545,40.65221],[-119.41528,40.65225],[-119.41513,40.65224],[-119.41487,40.65213],[-119.41473,40.65203],[-119.41465,40.65197],[-119.41445,40.65186],[-119.41436,40.65184],[-119.41415,40.65184],[-119.41401,40.65188],[-119.41381,40.65197],[-119.4137,40.652],[-119.41314,40.65216],[-119.41279,40.65228],[-119.41244,40.65224],[-119.41223,40.65224],[-119.41208,40.65224],[-119.41162,40.65213],[-119.41026,40.65206],[-119.41001,40.65199],[-119.40971,40.65194],[-119.4088,40.6519],[-119.40778,40.65172],[-119.40761,40.65165],[-119.40733,40.65158],[-119.40703,40.65123],[-119.4068,40.65103],[-119.40631,40.65074],[-119.40613,40.65058],[-119.40586,40.65028],[-119.40564,40.64994],[-119.40546,40.6499],[-119.40509,40.64987],[-119.40474,40.64993],[-119.40367,40.65046],[-119.40267,40.65085],[-119.40225,40.65099],[-119.40173,40.65122],[-119.40151,40.65127],[-119.40127,40.65132],[-119.40099,40.6514],[-119.40062,40.65149],[-119.40028,40.65154],[-119.39981,40.65159],[-119.39951,40.6516],[-119.39929,40.65163],[-119.39888,40.6517],[-119.39848,40.65184],[-119.3973,40.65227],[-119.39635,40.65269],[-119.39542,40.65318]]}},{"type":"Feature","properties":{"name":"(unnamed public road)","road_class":"track","surface":"unpaved","source":"OpenStreetMap","source_detail":"osm way 14371166","source_tile":"172/385"},"geometry":{"type":"LineString","coordinates":[[-119.2011,40.68371],[-119.20032,40.68497],[-119.19972,40.68556],[-119.19855,40.68639],[-119.19714,40.6873],[-119.19416,40.6885],[-119.19378,40.68868],[-119.19301,40.68913],[-119.19221,40.68931],[-119.19149,40.68956],[-119.19139,40.68962],[-119.19125,40.6897],[-119.19055,40.69001],[-119.18672,40.69109],[-119.18645,40.69124],[-119.18632,40.69129],[-119.18493,40.69162],[-119.18413,40.69201],[-119.18368,40.69244],[-119.18322,40.69291],[-119.18301,40.69337],[-119.18267,40.69385],[-119.18249,40.69407]]}},{"type":"Feature","properties":{"name":"(unnamed public road)","road_class":"track","source":"OpenStreetMap","source_detail":"osm way 14371674","source_tile":"172/385","surface_inferred":true},"geometry":{"type":"LineString","coordinates":[[-119.32496,40.48296],[-119.32688,40.48245],[-119.32895,40.48193],[-119.32975,40.48184],[-119.33026,40.48165],[-119.33089,40.48163],[-119.3323,40.48133],[-119.33437,40.4814]]}},{"type":"Feature","properties":{"name":"(unnamed public road)","road_class":"track","source":"OpenStreetMap","source_detail":"osm way 14371719","source_tile":"172/385","surface_inferred":true},"geometry":{"type":"LineString","coordinates":[[-119.52901,40.55805],[-119.52757,40.55812],[-119.5273,40.55823],[-119.52673,40.55825],[-119.5261,40.55727],[-119.5261,40.55692],[-119.5255,40.55642],[-119.52464,40.55608],[-119.52446,40.55578],[-119.52398,40.55542],[-119.5235,40.55539],[-119.5229,40.55596],[-119.52272,40.55633],[-119.52239,40.55647],[-119.52101,40.55649],[-119.52053,40.55628],[-119.51945,40.55608],[-119.51657,40.55564],[-119.51585,40.55562],[-119.51507,40.5558],[-119.51432,40.55585],[-119.51321,40.55559],[-119.51279,40.55534],[-119.51267,40.55516],[-119.51225,40.55495],[-119.51156,40.55477],[-119.51135,40.5545],[-119.50997,40.55461],[-119.50964,40.55475],[-119.5088,40.55493],[-119.50854,40.55479],[-119.50841,40.55472],[-119.5083,40.55456],[-119.50746,40.55376],[-119.50719,40.5534],[-119.50671,40.55305],[-119.5062,40.55312],[-119.5059,40.55335],[-119.505,40.55344],[-119.50416,40.55362],[-119.50392,40.55358],[-119.50374,40.55335],[-119.50269,40.55255],[-119.50176,40.55218],[-119.50102,40.55146],[-119.50032,40.55078],[-119.50005,40.55033],[-119.4993,40.54964],[-119.49842,40.54898],[-119.49684,40.54854],[-119.49633,40.54817],[-119.49603,40.54795],[-119.49546,40.54779],[-119.49375,40.54784],[-119.4932,40.5481],[-119.493,40.5482],[-119.49216,40.54884],[-119.49126,40.54921],[-119.48994,40.55013],[-119.48958,40.55026],[-119.4888,40.55038],[-119.48796,40.55033],[-119.48511,40.54981],[-119.48412,40.54919],[-119.48125,40.54933],[-119.48053,40.54949],[-119.47987,40.54977],[-119.47909,40.55011],[-119.47648,40.55107],[-119.47465,40.55244],[-119.47399,40.5531],[-119.4721,40.55423],[-119.46911,40.55624],[-119.46587,40.55848],[-119.46518,40.5591],[-119.46386,40.55997],[-119.46131,40.56194],[-119.46032,40.5631],[-119.4599,40.5637],[-119.45906,40.56603],[-119.45906,40.56632],[-119.45903,40.56708],[-119.45894,40.5672],[-119.45867,40.56823],[-119.45865,40.56909],[-119.45856,40.5693],[-119.45868,40.5723],[-119.45907,40.57367],[-119.45919,40.57488],[-119.4597,40.57712],[-119.4597,40.57973],[-119.45961,40.58019],[-119.45976,40.58115],[-119.45976,40.58211],[-119.45988,40.58222],[-119.45988,40.58302],[-119.46027,40.58394],[-119.4603,40.58503],[-119.46015,40.5854],[-119.4603,40.5867],[-119.46075,40.58744],[-119.46075,40.58853],[-119.46057,40.58922],[-119.46054,40.58988],[-119.46039,40.59032],[-119.46024,40.59171],[-119.46009,40.59201],[-119.45988,40.59331],[-119.45952,40.59425],[-119.45925,40.59562],[-119.45926,40.59732],[-119.45875,40.59784],[-119.4583,40.59876],[-119.45818,40.60002],[-119.458,40.60072],[-119.45794,40.601],[-119.4578,40.60104],[-119.45758,40.60111],[-119.45665,40.60207],[-119.44615,40.61051],[-119.44093,40.61493],[-119.43872,40.61657],[-119.4376,40.61758],[-119.43715,40.61806],[-119.437,40.61937],[-119.4369,40.62019],[-119.43689,40.62184]]}},{"type":"Feature","properties":{"name":"(unnamed public road)","road_class":"track","source":"OpenStreetMap","source_detail":"osm way 14371751","source_tile":"172/385","surface_inferred":true},"geometry":{"type":"LineString","coordinates":[[-119.46083,40.47645],[-119.4587,40.47642],[-119.45852,40.47847],[-119.45751,40.48254],[-119.45742,40.48353],[-119.45743,40.48435],[-119.45731,40.48483],[-119.45731,40.48652],[-119.45713,40.48691],[-119.45695,40.48771],[-119.45696,40.48788],[-119.45698,40.48801],[-119.45701,40.48826],[-119.45686,40.48979],[-119.45692,40.49034],[-119.45687,40.49099],[-119.45668,40.4916],[-119.45641,40.49231],[-119.45629,40.49311],[-119.45602,40.49416],[-119.45605,40.49455],[-119.45587,40.49556],[-119.45605,40.49643],[-119.45623,40.49793],[-119.4562,40.49924],[-119.4559,40.4999],[-119.45548,40.50105],[-119.45542,40.50149],[-119.45506,40.5025],[-119.45506,40.50318],[-119.45542,40.50396],[-119.45578,40.50451],[-119.45641,40.50609],[-119.45647,40.50645],[-119.45695,40.50778],[-119.45704,40.50826],[-119.45734,40.5089],[-119.45848,40.51055],[-119.45869,40.51077],[-119.45902,40.51137],[-119.45881,40.51253],[-119.45887,40.51372],[-119.45845,40.51487],[-119.45839,40.51569],[-119.45818,40.5162],[-119.45821,40.51709],[-119.45794,40.51866],[-119.45764,40.51967],[-119.4577,40.52084],[-119.45785,40.52134],[-119.4592,40.52258],[-119.46016,40.52338],[-119.46244,40.52537],[-119.46343,40.5266],[-119.46421,40.52738],[-119.46618,40.53001],[-119.46685,40.53175],[-119.46706,40.53191],[-119.46706,40.53225],[-119.46727,40.53275],[-119.46736,40.5328],[-119.46751,40.53341],[-119.4676,40.53346],[-119.46811,40.5352],[-119.46817,40.53616],[-119.46829,40.53655],[-119.46859,40.53872],[-119.4688,40.53925],[-119.46877,40.54007],[-119.46865,40.54055],[-119.46865,40.54169],[-119.46886,40.54224],[-119.46931,40.54272],[-119.46922,40.54512],[-119.4691,40.54613],[-119.46907,40.54769],[-119.46934,40.54798],[-119.46936,40.54806],[-119.4694,40.54823],[-119.4691,40.54897],[-119.46889,40.55027],[-119.46886,40.55107],[-119.46874,40.55137],[-119.46872,40.55349],[-119.4686,40.55411],[-119.46884,40.55494],[-119.46887,40.55601],[-119.46911,40.55624]]}},{"type":"Feature","properties":{"name":"(unnamed public road)","road_class":"track","source":"OpenStreetMap","source_detail":"osm way 14371978","source_tile":"172/385","surface_inferred":true},"geometry":{"type":"LineString","coordinates":[[-119.29569,40.49614],[-119.29573,40.49607],[-119.29591,40.49589],[-119.29609,40.49569],[-119.29614,40.49564]]}},{"type":"Feature","properties":{"name":"(unnamed public road)","road_class":"track","source":"OpenStreetMap","source_detail":"osm way 14371999","source_tile":"172/385","surface_inferred":true},"geometry":{"type":"LineString","coordinates":[[-119.48053,40.65059],[-119.48041,40.65075],[-119.48293,40.65207],[-119.48347,40.65221],[-119.48392,40.65216],[-119.48663,40.65093],[-119.48786,40.65056],[-119.48939,40.64992],[-119.49023,40.64946],[-119.50062,40.63999]]}},{"type":"Feature","properties":{"name":"(unnamed public road)","road_class":"track","source":"OpenStreetMap","source_detail":"osm way 14372003","source_tile":"172/385","surface_inferred":true},"geometry":{"type":"LineString","coordinates":[[-119.48075,40.65066],[-119.48053,40.65059],[-119.48007,40.65044],[-119.47846,40.6496],[-119.47798,40.64916],[-119.47782,40.64904],[-119.47743,40.64872],[-119.4771,40.64851],[-119.47675,40.64839],[-119.47628,40.64825],[-119.47584,40.64809],[-119.4756,40.64791],[-119.47539,40.64764],[-119.47526,40.64743],[-119.47501,40.64725],[-119.47471,40.64709],[-119.47425,40.64669],[-119.47394,40.64649],[-119.47329,40.64589],[-119.4728,40.64562],[-119.47253,40.64547],[-119.47215,40.64525],[-119.47148,40.64491],[-119.47114,40.64476],[-119.47063,40.64469],[-119.47014,40.64467],[-119.46975,40.64455],[-119.46869,40.64415],[-119.46816,40.64396],[-119.46726,40.64353],[-119.46657,40.64313],[-119.46596,40.64271],[-119.46536,40.64231],[-119.46472,40.64185],[-119.46436,40.64141],[-119.46425,40.64097],[-119.46421,40.6407],[-119.46403,40.64041],[-119.46396,40.64015],[-119.46388,40.63995],[-119.46341,40.63956],[-119.46315,40.63933],[-119.46274,40.63913],[-119.46247,40.63898],[-119.46229,40.63882],[-119.4621,40.63859],[-119.46182,40.63837],[-119.46158,40.63824],[-119.46123,40.63806],[-119.46054,40.63758],[-119.45948,40.6369],[-119.45888,40.63656],[-119.45866,40.63643],[-119.45784,40.63587],[-119.45541,40.63422],[-119.45457,40.63368],[-119.45396,40.63334],[-119.45348,40.63314],[-119.45235,40.63258],[-119.45145,40.63218],[-119.45065,40.63172],[-119.44996,40.6315],[-119.44936,40.63113],[-119.44582,40.62868],[-119.44407,40.6274],[-119.4431,40.62648],[-119.44162,40.62581],[-119.44095,40.62546],[-119.43988,40.62475],[-119.43966,40.6246],[-119.43908,40.6242],[-119.43643,40.62226],[-119.43631,40.62244],[-119.43618,40.6226],[-119.43594,40.62283],[-119.43562,40.62302],[-119.43531,40.62315],[-119.43506,40.62321],[-119.43474,40.62338],[-119.43454,40.62349],[-119.43441,40.62357],[-119.43402,40.62373],[-119.43354,40.62389],[-119.43301,40.62403],[-119.43261,40.62413],[-119.43191,40.62423],[-119.43149,40.62429],[-119.43062,40.62452],[-119.43005,40.62466],[-119.42955,40.6248],[-119.42932,40.62487],[-119.42908,40.62488],[-119.42887,40.62492],[-119.42856,40.6251],[-119.4283,40.62536],[-119.42788,40.62554],[-119.42763,40.62564],[-119.42728,40.62583],[-119.42699,40.62601],[-119.42672,40.62608],[-119.42645,40.62611],[-119.42614,40.62611],[-119.4259,40.62612],[-119.42567,40.62619],[-119.42546,40.62628],[-119.42523,40.62643],[-119.42504,40.62659],[-119.42487,40.62671],[-119.42473,40.62678],[-119.42462,40.62683],[-119.42425,40.62694],[-119.42347,40.6271],[-119.42296,40.62721],[-119.42286,40.62726],[-119.42279,40.6273],[-119.42256,40.62748],[-119.42244,40.6276],[-119.42185,40.62816],[-119.42139,40.62871],[-119.42082,40.62931],[-119.42037,40.62975],[-119.41991,40.63012],[-119.41922,40.6308],[-119.41862,40.63137],[-119.41781,40.63188],[-119.41754,40.63212],[-119.41724,40.63275],[-119.41693,40.63335],[-119.41632,40.63452],[-119.41596,40.63507],[-119.41553,40.63574],[-119.4151,40.63671],[-119.41506,40.63678],[-119.41488,40.63721],[-119.41457,40.63766],[-119.41422,40.63812],[-119.4138,40.63846],[-119.41337,40.63877],[-119.41139,40.64004],[-119.41057,40.64058],[-119.40841,40.64217],[-119.40743,40.64294],[-119.40691,40.64335],[-119.40648,40.64376],[-119.40549,40.64458],[-119.40481,40.64519],[-119.40399,40.6459],[-119.40369,40.64623],[-119.40347,40.64644],[-119.40333,40.64666],[-119.40323,40.64682],[-119.40321,40.6469],[-119.40323,40.64709],[-119.40332,40.64724],[-119.40342,40.64745],[-119.40345,40.64764],[-119.4034,40.64787],[-119.40335,40.64814],[-119.40332,40.64825],[-119.40345,40.64842],[-119.40381,40.64864],[-119.40403,40.64873],[-119.40426,40.64879],[-119.40459,40.64889],[-119.40484,40.64898],[-119.40503,40.6492],[-119.40513,40.64937],[-119.40517,40.64948],[-119.40506,40.6496],[-119.40496,40.64971],[-119.40474,40.64993]]}},{"type":"Feature","properties":{"name":"(unnamed public road)","road_class":"track","source":"OpenStreetMap","source_detail":"osm way 14372193","source_tile":"172/385","surface_inferred":true},"geometry":{"type":"LineString","coordinates":[[-119.29456,40.49668],[-119.29463,40.4967],[-119.29476,40.49672],[-119.29489,40.49671],[-119.29518,40.49666],[-119.29534,40.49662],[-119.29557,40.49652],[-119.29568,40.49648],[-119.29585,40.49646],[-119.29596,40.49646],[-119.29617,40.49649],[-119.29636,40.49653],[-119.29742,40.49669],[-119.29785,40.49674],[-119.29857,40.49678],[-119.29905,40.49688],[-119.2992,40.49694],[-119.29924,40.49698],[-119.29928,40.49709],[-119.29933,40.49741],[-119.29935,40.49746],[-119.29937,40.49748],[-119.29945,40.49751],[-119.2997,40.49757],[-119.2998,40.49763],[-119.29986,40.49768],[-119.29997,40.49782],[-119.30015,40.4982],[-119.30031,40.49848],[-119.30037,40.4986],[-119.30046,40.49887],[-119.30052,40.49898],[-119.30058,40.49905],[-119.30071,40.49914],[-119.3009,40.49924],[-119.30098,40.4993],[-119.30104,40.49941],[-119.30111,40.49959],[-119.30115,40.49976],[-119.30115,40.50019],[-119.30113,40.50023],[-119.30109,40.50026],[-119.30092,40.5003],[-119.30078,40.50033],[-119.30044,40.5005],[-119.30041,40.50055],[-119.30039,40.50061],[-119.30032,40.50074],[-119.30019,40.50115],[-119.30007,40.50134],[-119.29995,40.5015],[-119.2999,40.50154],[-119.29985,40.50157],[-119.29977,40.50161],[-119.29966,40.50164],[-119.29955,40.50166],[-119.29904,40.50171],[-119.29891,40.50174],[-119.29887,40.50176],[-119.29879,40.50182],[-119.29861,40.50219],[-119.29861,40.50226],[-119.29865,40.50235],[-119.29893,40.50264],[-119.2992,40.50289],[-119.29935,40.50302],[-119.29958,40.50315],[-119.29985,40.50327],[-119.30071,40.50359],[-119.30195,40.50404],[-119.30231,40.50412],[-119.30264,40.50422],[-119.30309,40.5044],[-119.3035,40.50455],[-119.30387,40.50465],[-119.30443,40.50478],[-119.30479,40.50485],[-119.30522,40.50497],[-119.30535,40.50504],[-119.3055,40.50514],[-119.30602,40.50532]]}},{"type":"Feature","properties":{"name":"(unnamed public road)","road_class":"track","source":"OpenStreetMap","source_detail":"osm way 14372277","source_tile":"173/385","surface_inferred":true},"geometry":{"type":"LineString","coordinates":[[-119.22496,40.49536],[-119.22442,40.49555],[-119.22262,40.49621],[-119.2215,40.49662],[-119.22119,40.49672],[-119.22086,40.49686],[-119.22063,40.497],[-119.22033,40.49712],[-119.22022,40.49717],[-119.22009,40.49725],[-119.21981,40.49747],[-119.21933,40.49773],[-119.21902,40.49788],[-119.21881,40.49796],[-119.21803,40.4982],[-119.21711,40.49847],[-119.2165,40.49868],[-119.21635,40.49875],[-119.21621,40.49883],[-119.21577,40.49921],[-119.21554,40.49941],[-119.21538,40.49956],[-119.21517,40.49983],[-119.21496,40.50006],[-119.2147,40.5003],[-119.21425,40.50062],[-119.21416,40.5007],[-119.21389,40.50102],[-119.21343,40.50147],[-119.21328,40.50165],[-119.21308,40.50196],[-119.21302,40.50203],[-119.21283,40.5022],[-119.2119,40.5029],[-119.21156,40.50317],[-119.21128,40.50336],[-119.21066,40.50371],[-119.21035,40.50387],[-119.21,40.50407],[-119.20965,40.50425],[-119.2095,40.50431],[-119.20918,40.50439],[-119.2089,40.50448],[-119.2088,40.50454],[-119.20848,40.50483],[-119.20835,40.50493],[-119.2081,40.50508],[-119.20734,40.50546],[-119.20705,40.50556],[-119.20672,40.50564],[-119.20596,40.50576],[-119.20571,40.50581],[-119.20507,40.50598],[-119.20489,40.50606],[-119.20482,40.50611],[-119.20461,40.50637],[-119.20444,40.50651],[-119.20358,40.50711],[-119.20309,40.50744],[-119.20258,40.50773],[-119.20193,40.50807],[-119.20163,40.5082],[-119.20159,40.50821],[-119.20138,40.50822],[-119.20112,40.50826],[-119.20091,40.50834],[-119.20079,40.50842],[-119.20064,40.50856],[-119.20053,40.50863],[-119.20032,40.5087],[-119.20008,40.50883],[-119.1997,40.50911],[-119.19956,40.50917],[-119.19929,40.5092],[-119.19866,40.50923],[-119.19811,40.50928],[-119.1979,40.50932],[-119.19776,40.50938],[-119.19762,40.50948],[-119.19739,40.50969],[-119.19732,40.50975],[-119.19715,40.50982],[-119.1968,40.50991],[-119.19656,40.51],[-119.19638,40.51008],[-119.19602,40.51028],[-119.19571,40.51041],[-119.19521,40.51059],[-119.1945,40.51088],[-119.19426,40.51098],[-119.19397,40.51109],[-119.19378,40.51114],[-119.19332,40.5112],[-119.19313,40.51124],[-119.1927,40.51138],[-119.19251,40.51146],[-119.19236,40.51154],[-119.19175,40.51193],[-119.19157,40.51203],[-119.19132,40.51212],[-119.19097,40.51223],[-119.18991,40.51248],[-119.18905,40.51265],[-119.18886,40.51268],[-119.18846,40.51277],[-119.18776,40.51298],[-119.18718,40.51317],[-119.18667,40.51335],[-119.18568,40.51371],[-119.18548,40.51376],[-119.18528,40.51381],[-119.18474,40.51387],[-119.1846,40.51392],[-119.18385,40.51429],[-119.18302,40.51465],[-119.18274,40.51476],[-119.18246,40.51488],[-119.18182,40.51517],[-119.1814,40.51532],[-119.18129,40.51537],[-119.18105,40.51552],[-119.18064,40.51578],[-119.17983,40.51633],[-119.1795,40.51658],[-119.17878,40.51707],[-119.17798,40.51764],[-119.17748,40.51798],[-119.1772,40.5182],[-119.17702,40.51835],[-119.17559,40.5193],[-119.17529,40.51947],[-119.17463,40.51983],[-119.17445,40.51995],[-119.17333,40.52087],[-119.17288,40.52121],[-119.17161,40.5221],[-119.17097,40.52252],[-119.17061,40.52282],[-119.17031,40.52303],[-119.17008,40.52321],[-119.16972,40.52356],[-119.16954,40.5237],[-119.16909,40.52403],[-119.16804,40.52475],[-119.16777,40.52495],[-119.16722,40.52541],[-119.16678,40.52575],[-119.16561,40.52656],[-119.16544,40.52667],[-119.16501,40.52702],[-119.16458,40.52733],[-119.16388,40.52777],[-119.16315,40.52827],[-119.16301,40.52835],[-119.16272,40.52855],[-119.16254,40.5287],[-119.16231,40.52893],[-119.16213,40.52908],[-119.162,40.52917],[-119.16183,40.52924],[-119.16167,40.52929],[-119.16153,40.52937],[-119.16145,40.52944],[-119.1613,40.52966],[-119.16118,40.52989],[-119.16113,40.52996],[-119.16107,40.53002],[-119.16101,40.53007],[-119.16093,40.53012],[-119.16077,40.53018],[-119.16037,40.53026],[-119.16022,40.53033],[-119.15956,40.53082],[-119.15949,40.53086],[-119.15911,40.53105],[-119.15903,40.5311],[-119.15896,40.53117],[-119.15886,40.53135],[-119.15882,40.53141],[-119.15879,40.53159],[-119.15873,40.53173],[-119.15858,40.53197],[-119.15822,40.53248],[-119.15806,40.53264],[-119.15776,40.53287],[-119.15714,40.53343],[-119.15659,40.53388],[-119.15641,40.53399],[-119.15589,40.53425],[-119.15556,40.53441],[-119.15521,40.5346],[-119.15507,40.53468],[-119.15475,40.53491],[-119.15439,40.5352],[-119.15357,40.5359],[-119.15343,40.53602],[-119.15336,40.53611],[-119.15306,40.53655],[-119.15297,40.53666],[-119.15285,40.53674],[-119.15273,40.53682],[-119.15224,40.53707],[-119.15205,40.53716],[-119.15169,40.5373],[-119.15159,40.53739],[-119.15142,40.5376],[-119.15137,40.53765],[-119.15118,40.53773],[-119.15019,40.53813],[-119.15001,40.53822],[-119.14961,40.53848],[-119.14915,40.53883],[-119.14877,40.53898],[-119.14866,40.53903],[-119.14855,40.53909],[-119.14846,40.53916],[-119.14837,40.53925],[-119.14796,40.53958],[-119.14757,40.53988],[-119.14701,40.54037],[-119.14642,40.54086],[-119.14574,40.54145],[-119.14511,40.54198],[-119.14436,40.54266],[-119.1435,40.54337],[-119.14226,40.54445],[-119.14179,40.54485],[-119.14149,40.54509],[-119.14133,40.54524],[-119.14102,40.54555],[-119.14064,40.54591],[-119.14006,40.54645],[-119.13987,40.54663],[-119.13954,40.54704],[-119.13858,40.54801],[-119.13845,40.54817],[-119.1384,40.54822],[-119.13836,40.54828],[-119.13749,40.54921],[-119.13566,40.55083],[-119.13389,40.55245],[-119.13318,40.55309],[-119.13285,40.55345],[-119.13278,40.55355],[-119.13249,40.55393],[-119.13214,40.55436],[-119.13186,40.55469],[-119.13142,40.55517],[-119.13041,40.55624],[-119.12932,40.55729],[-119.12887,40.55778],[-119.12845,40.55827],[-119.12841,40.55835],[-119.12835,40.5585],[-119.12809,40.55902],[-119.12805,40.55908],[-119.12793,40.55918],[-119.12775,40.5593],[-119.1271,40.55994],[-119.12638,40.56071],[-119.12598,40.5612],[-119.12557,40.56169],[-119.12549,40.5618],[-119.12533,40.56218],[-119.12519,40.5624],[-119.12486,40.56283],[-119.12466,40.563],[-119.12417,40.5633],[-119.12405,40.56339],[-119.1229,40.56444],[-119.12214,40.56507],[-119.12191,40.56524],[-119.1218,40.56531],[-119.1215,40.56541],[-119.12134,40.5655],[-119.12116,40.56564],[-119.12072,40.566],[-119.12038,40.5663],[-119.11994,40.56666],[-119.11954,40.56695],[-119.1179,40.56825],[-119.11696,40.56895],[-119.1168,40.56905],[-119.11662,40.56916],[-119.11646,40.56919],[-119.11627,40.56918],[-119.11611,40.5692],[-119.11604,40.56936],[-119.11607,40.56958],[-119.11598,40.56974],[-119.11585,40.56983],[-119.11446,40.57105],[-119.11237,40.57278],[-119.11188,40.57314],[-119.11144,40.57343],[-119.11129,40.57354],[-119.11117,40.57366],[-119.11098,40.57388],[-119.1106,40.57426],[-119.10959,40.57517],[-119.10902,40.5757],[-119.10889,40.57581],[-119.1078,40.57659],[-119.10689,40.57733],[-119.10641,40.57769],[-119.10598,40.57807],[-119.10587,40.57813],[-119.1057,40.57821],[-119.10562,40.57823],[-119.10531,40.5783],[-119.10524,40.57834],[-119.10502,40.57847],[-119.10458,40.5788],[-119.10282,40.58028],[-119.1018,40.58109],[-119.10043,40.5821],[-119.09943,40.58279],[-119.09823,40.58354],[-119.09664,40.58449],[-119.09592,40.585],[-119.09513,40.58563],[-119.09477,40.58591],[-119.09315,40.58723],[-119.09297,40.58736],[-119.09283,40.58748],[-119.09268,40.58764],[-119.09198,40.58844],[-119.09171,40.58877],[-119.09142,40.58924],[-119.09092,40.58986],[-119.09025,40.59072],[-119.09003,40.59103],[-119.08961,40.59177],[-119.08923,40.59254],[-119.08919,40.59266],[-119.08912,40.59329],[-119.08911,40.59336],[-119.08904,40.59346],[-119.08901,40.5935],[-119.08885,40.59361],[-119.08858,40.59395],[-119.08854,40.594],[-119.08845,40.59429],[-119.08833,40.59472],[-119.08829,40.59479],[-119.08774,40.59536],[-119.08765,40.59548],[-119.08717,40.596],[-119.08692,40.59623],[-119.08682,40.59631],[-119.08662,40.59651],[-119.08627,40.59703],[-119.08612,40.59727],[-119.08606,40.59734],[-119.08548,40.59794],[-119.08531,40.59813],[-119.08515,40.59835],[-119.08505,40.59855],[-119.08485,40.59901],[-119.0847,40.59928],[-119.08426,40.59999],[-119.08413,40.60017],[-119.08399,40.6003],[-119.0837,40.60052],[-119.08363,40.6006],[-119.08348,40.60085],[-119.08335,40.60102],[-119.08268,40.60171],[-119.08234,40.60213],[-119.08158,40.60321],[-119.08149,40.60341],[-119.08129,40.60376],[-119.08083,40.60449],[-119.08041,40.60494],[-119.08002,40.60538],[-119.07955,40.60583],[-119.07932,40.60611],[-119.07893,40.60648],[-119.0788,40.60664],[-119.07845,40.60711],[-119.07803,40.60762],[-119.07769,40.60801],[-119.07717,40.60857],[-119.07642,40.60961],[-119.07599,40.61012],[-119.07576,40.61041],[-119.07559,40.61071],[-119.07532,40.61106],[-119.0751,40.61131],[-119.075,40.61144],[-119.07482,40.61178],[-119.07462,40.61213],[-119.07385,40.61326],[-119.07372,40.61363],[-119.07363,40.61378],[-119.07335,40.61411],[-119.07284,40.61488],[-119.07215,40.61554],[-119.07194,40.61588],[-119.07167,40.61627],[-119.07147,40.61663],[-119.07139,40.61669],[-119.07135,40.61674],[-119.0713,40.61678],[-119.07106,40.61718],[-119.07077,40.61758],[-119.0702,40.61823],[-119.06993,40.61861],[-119.0698,40.61878],[-119.06949,40.61932],[-119.06915,40.6198],[-119.06897,40.62007],[-119.0686,40.62053],[-119.06806,40.62114],[-119.06764,40.62168],[-119.06732,40.62202],[-119.06715,40.62223],[-119.06699,40.62249],[-119.06685,40.62267],[-119.06666,40.62287],[-119.06656,40.623],[-119.06643,40.62321],[-119.06629,40.62348],[-119.06614,40.62394],[-119.06608,40.62405],[-119.06578,40.62443],[-119.0657,40.62452],[-119.06558,40.62459],[-119.06523,40.62478],[-119.06505,40.6249],[-119.06495,40.62502],[-119.06479,40.62524],[-119.06466,40.62537],[-119.06428,40.62567],[-119.06417,40.62578],[-119.06396,40.62606],[-119.06363,40.6264],[-119.06355,40.62651],[-119.0634,40.62673],[-119.06331,40.62684],[-119.06285,40.62726],[-119.06247,40.62758],[-119.06211,40.62791],[-119.06171,40.62837],[-119.06156,40.6286],[-119.06142,40.62875],[-119.06116,40.62895],[-119.06104,40.62908],[-119.06068,40.62953],[-119.06055,40.62974],[-119.06045,40.62989],[-119.06036,40.63001],[-119.06019,40.63014],[-119.05988,40.63034],[-119.05984,40.63038],[-119.05972,40.63051],[-119.05957,40.63068],[-119.0593,40.63095],[-119.05916,40.63112],[-119.0589,40.63131],[-119.05876,40.63143],[-119.0587,40.6315],[-119.05853,40.63179],[-119.05842,40.63195],[-119.05821,40.6322],[-119.058,40.6324],[-119.05761,40.63283],[-119.05754,40.63289],[-119.05745,40.63296],[-119.05725,40.63314],[-119.05707,40.63333],[-119.05668,40.63391],[-119.05641,40.63439],[-119.05614,40.63471],[-119.05606,40.6348],[-119.05582,40.63512],[-119.05536,40.63558],[-119.05526,40.63567],[-119.05508,40.63583],[-119.05498,40.63597],[-119.05475,40.63632],[-119.05466,40.63659],[-119.05446,40.63687],[-119.05438,40.63707],[-119.05416,40.63766],[-119.05411,40.63785],[-119.05397,40.63817],[-119.05389,40.6384],[-119.05384,40.63867],[-119.05379,40.63933],[-119.05373,40.6397],[-119.05369,40.64009],[-119.05369,40.64029],[-119.05366,40.64036],[-119.05357,40.6405],[-119.05343,40.64076],[-119.05336,40.64086],[-119.05332,40.64095],[-119.05332,40.64105],[-119.05338,40.64152],[-119.05336,40.64159],[-119.05327,40.64172],[-119.05309,40.64195],[-119.05281,40.64225],[-119.05276,40.64233],[-119.05258,40.64268],[-119.05227,40.64309],[-119.05214,40.64336],[-119.05182,40.64369],[-119.05156,40.64393],[-119.05112,40.64431],[-119.05092,40.64449],[-119.05082,40.64461],[-119.05065,40.64482],[-119.05053,40.64493],[-119.05047,40.64498],[-119.05031,40.64509],[-119.05015,40.64524],[-119.05006,40.6453],[-119.04993,40.64535],[-119.04967,40.64541],[-119.04879,40.64554],[-119.04859,40.64557],[-119.04845,40.64558],[-119.0483,40.64556],[-119.04802,40.64555],[-119.04772,40.64552],[-119.04755,40.64552],[-119.0474,40.64554],[-119.04669,40.64571],[-119.04639,40.6458],[-119.04567,40.64604],[-119.04532,40.64614],[-119.04503,40.64618],[-119.04497,40.64619],[-119.04469,40.64629],[-119.04429,40.6464],[-119.04384,40.64657],[-119.04358,40.64667],[-119.04327,40.64682],[-119.0427,40.64699],[-119.04201,40.64723],[-119.04109,40.64759],[-119.03991,40.64812],[-119.03973,40.64821],[-119.03793,40.64912],[-119.03719,40.64948],[-119.03695,40.64958],[-119.03667,40.64973],[-119.03626,40.64992],[-119.03605,40.65002],[-119.03582,40.65011],[-119.03556,40.65024],[-119.03516,40.65044],[-119.03492,40.65056],[-119.03444,40.65082],[-119.03388,40.65108],[-119.03361,40.6512],[-119.03327,40.65138],[-119.03304,40.65151],[-119.03281,40.65167],[-119.03254,40.65192],[-119.03214,40.65222],[-119.03197,40.65235],[-119.0319,40.65239],[-119.03177,40.65244],[-119.03143,40.65253],[-119.03092,40.65272],[-119.03014,40.65302],[-119.02981,40.65317],[-119.02971,40.65323],[-119.02953,40.65336],[-119.02912,40.65358],[-119.02781,40.65439],[-119.02755,40.65456],[-119.02738,40.65467],[-119.02733,40.65472],[-119.02728,40.65477],[-119.02722,40.65489],[-119.02711,40.65525],[-119.0267,40.65609],[-119.02661,40.65624],[-119.02639,40.65646],[-119.02617,40.65665],[-119.02553,40.65717],[-119.02449,40.65812],[-119.02414,40.6584],[-119.0237,40.65885],[-119.02342,40.65921],[-119.02314,40.65954],[-119.02302,40.65973],[-119.02284,40.66011],[-119.02274,40.66051],[-119.02262,40.66079],[-119.02252,40.66098],[-119.02238,40.66122],[-119.02203,40.66168],[-119.02176,40.66206],[-119.02141,40.66248],[-119.02102,40.66299],[-119.02085,40.66319],[-119.02045,40.66358],[-119.01998,40.66397],[-119.01982,40.66418],[-119.01977,40.66423],[-119.01964,40.66431],[-119.01938,40.66441],[-119.01929,40.66446],[-119.01911,40.66458],[-119.01899,40.66468],[-119.01872,40.66489],[-119.01854,40.66501],[-119.01832,40.66516],[-119.01789,40.66543],[-119.01753,40.66561],[-119.01733,40.66574],[-119.01723,40.66585],[-119.0171,40.66594],[-119.01687,40.66606],[-119.01654,40.6662],[-119.01648,40.66625],[-119.01619,40.66638],[-119.01576,40.66654],[-119.0149,40.66695],[-119.01423,40.66728],[-119.01346,40.66764],[-119.0132,40.66778],[-119.0131,40.66786],[-119.0124,40.66819],[-119.0109,40.66883],[-119.00994,40.66928],[-119.0098,40.66936],[-119.00959,40.66936],[-119.00931,40.66938],[-119.00911,40.66942],[-119.00901,40.66943],[-119.00882,40.66939],[-119.0085,40.6694],[-119.00725,40.66949],[-119.00704,40.66953],[-119.00683,40.66959],[-119.00664,40.66962],[-119.00633,40.66961],[-119.00603,40.66963],[-119.00579,40.66966],[-119.00553,40.66974],[-119.00512,40.66997],[-119.00449,40.67061],[-119.00428,40.67082],[-119.00348,40.67157],[-119.00321,40.67179],[-119.00308,40.67189],[-119.0026,40.67221],[-119.00229,40.67239],[-119.0017,40.67268],[-119.00034,40.67328],[-119.0002,40.67334],[-118.99947,40.67364],[-118.9987,40.67401],[-118.99858,40.6741],[-118.99815,40.67445],[-118.99729,40.67522],[-118.99685,40.67559],[-118.99599,40.67637],[-118.9955,40.67679],[-118.995,40.67719],[-118.99436,40.67772],[-118.99292,40.67886],[-118.99257,40.67916],[-118.99232,40.67934],[-118.99206,40.67949],[-118.99197,40.67953],[-118.99167,40.67972],[-118.9915,40.67988],[-118.9914,40.68001],[-118.99089,40.68077],[-118.99049,40.68132],[-118.98941,40.68292],[-118.98861,40.68418],[-118.98781,40.68537],[-118.98766,40.68562],[-118.98728,40.6862],[-118.98706,40.68649],[-118.98642,40.68729],[-118.98596,40.68781],[-118.98504,40.6888],[-118.98495,40.68898],[-118.98487,40.68915],[-118.9842,40.69013],[-118.98404,40.69034],[-118.98372,40.69071],[-118.98323,40.69122],[-118.98292,40.69151],[-118.98265,40.69179],[-118.9824,40.69199],[-118.98214,40.69215],[-118.98198,40.69223],[-118.98176,40.69241],[-118.98138,40.69277],[-118.98126,40.69291],[-118.98097,40.69331],[-118.98067,40.69368],[-118.98057,40.69386],[-118.98048,40.69416],[-118.98045,40.69432],[-118.98043,40.6945],[-118.98039,40.69464],[-118.9803,40.69482],[-118.98014,40.69505],[-118.98002,40.69536],[-118.97985,40.6957],[-118.97965,40.69604],[-118.97957,40.69624],[-118.97945,40.69679],[-118.97937,40.69706],[-118.97932,40.69742],[-118.97926,40.69765],[-118.97915,40.69799],[-118.97904,40.69847],[-118.97884,40.6992],[-118.97877,40.69939],[-118.97849,40.70001],[-118.97832,40.70045],[-118.97817,40.70088],[-118.97811,40.70112],[-118.97808,40.70139],[-118.97809,40.70211],[-118.97812,40.70233],[-118.97819,40.7026],[-118.97818,40.70272],[-118.97797,40.70345],[-118.97789,40.70389],[-118.9778,40.70417],[-118.97762,40.70465],[-118.97759,40.70482],[-118.97739,40.70622],[-118.97723,40.70726],[-118.97717,40.7075],[-118.97717,40.70771],[-118.9772,40.70807],[-118.97718,40.70836],[-118.97715,40.70851],[-118.97695,40.70928],[-118.97675,40.71026],[-118.97671,40.71049],[-118.97664,40.71084],[-118.97655,40.71138],[-118.97645,40.71175],[-118.97644,40.7119],[-118.97651,40.71245],[-118.9765,40.71261],[-118.97644,40.71275],[-118.97632,40.71296]]}},{"type":"Feature","properties":{"name":"(unnamed public road)","road_class":"track","source":"OpenStreetMap","source_detail":"osm way 14372429","source_tile":"172/385","surface_inferred":true},"geometry":{"type":"LineString","coordinates":[[-119.30452,40.52348],[-119.3048,40.52383],[-119.30548,40.52452],[-119.30554,40.52458],[-119.30575,40.5247],[-119.30615,40.52492],[-119.30646,40.52506],[-119.30664,40.52518],[-119.30677,40.52528],[-119.30688,40.5254],[-119.30704,40.5256],[-119.30719,40.52575],[-119.30765,40.52608],[-119.30778,40.5262],[-119.30791,40.5263],[-119.30822,40.52648],[-119.30889,40.52694],[-119.30911,40.52712],[-119.30937,40.52732],[-119.30965,40.52748],[-119.31013,40.52772],[-119.31044,40.52789],[-119.31071,40.52801],[-119.31177,40.52842],[-119.31212,40.52853],[-119.31302,40.52889]]}},{"type":"Feature","properties":{"name":"(unnamed public road)","road_class":"track","source":"OpenStreetMap","source_detail":"osm way 14372446","source_tile":"172/385","surface_inferred":true},"geometry":{"type":"LineString","coordinates":[[-119.25037,40.51515],[-119.2504,40.51527],[-119.25046,40.51558],[-119.25049,40.51577],[-119.25073,40.51597],[-119.25092,40.5161],[-119.25119,40.51621],[-119.2519,40.51641],[-119.25239,40.51658],[-119.25261,40.51662],[-119.25277,40.51655],[-119.25294,40.5161],[-119.25315,40.51561],[-119.25334,40.51536],[-119.25359,40.51451],[-119.25365,40.51415],[-119.2535,40.51386],[-119.2531,40.51343],[-119.25292,40.51316],[-119.25278,40.51277],[-119.25291,40.5126],[-119.25307,40.51244],[-119.25329,40.51228],[-119.25362,40.51222],[-119.2538,40.51221],[-119.25393,40.51219],[-119.25399,40.51212],[-119.25414,40.51211],[-119.25494,40.51209],[-119.25523,40.51211],[-119.25544,40.51217],[-119.2556,40.51217],[-119.25577,40.5122],[-119.25595,40.51235],[-119.25633,40.5124],[-119.2567,40.51218],[-119.257,40.51188],[-119.25818,40.51153],[-119.25843,40.51138],[-119.25865,40.51124],[-119.25898,40.51093],[-119.25923,40.51078],[-119.25956,40.51062],[-119.25981,40.51062],[-119.26001,40.51057],[-119.26015,40.51039],[-119.26074,40.51006],[-119.26121,40.50974],[-119.26124,40.50957],[-119.26139,40.50954],[-119.26154,40.50956],[-119.26182,40.50965],[-119.26193,40.5096],[-119.26204,40.50931],[-119.26245,40.50909],[-119.26299,40.50878],[-119.26348,40.5086],[-119.26378,40.50844],[-119.26444,40.50826],[-119.26485,40.50818],[-119.26519,40.50792],[-119.26552,40.50771],[-119.26581,40.50757],[-119.26601,40.50748],[-119.26618,40.50735],[-119.26644,40.50724],[-119.26668,40.50711],[-119.26689,40.50706],[-119.26705,40.50706],[-119.2671,40.50725],[-119.26729,40.50757],[-119.26732,40.50777],[-119.26716,40.50794],[-119.267,40.50814],[-119.26697,40.50829],[-119.26712,40.50848],[-119.26728,40.50862],[-119.26737,40.50884],[-119.26748,40.50985],[-119.26811,40.51042],[-119.26853,40.51104],[-119.26871,40.51145],[-119.26874,40.51198],[-119.26916,40.51308],[-119.26949,40.51365],[-119.26973,40.51427],[-119.26976,40.51571],[-119.26952,40.51621],[-119.2697,40.51671],[-119.26955,40.51852],[-119.26961,40.51914],[-119.26979,40.51948],[-119.27069,40.52003],[-119.27161,40.52023],[-119.27236,40.52028],[-119.27326,40.52099],[-119.27353,40.52154],[-119.2735,40.52193],[-119.27329,40.52243],[-119.27335,40.52264],[-119.27458,40.52344],[-119.27575,40.52381],[-119.27671,40.52369],[-119.27743,40.52369],[-119.27848,40.52349],[-119.28019,40.52365],[-119.28213,40.5233],[-119.28327,40.5234],[-119.28486,40.52335],[-119.28585,40.52351],[-119.28681,40.52344],[-119.28738,40.52358],[-119.28765,40.52385],[-119.28774,40.52459],[-119.28843,40.52529],[-119.28834,40.52564],[-119.28807,40.52609],[-119.28801,40.52644],[-119.28894,40.52722],[-119.28912,40.52749],[-119.28911,40.52866],[-119.2892,40.52891],[-119.28969,40.52916],[-119.2901,40.53005],[-119.29073,40.5306],[-119.2913,40.53083],[-119.29205,40.53129],[-119.29223,40.53234],[-119.29271,40.53278],[-119.29316,40.533],[-119.29361,40.53344],[-119.29454,40.53374],[-119.29535,40.53392],[-119.29631,40.53444],[-119.29708,40.53471]]}},{"type":"Feature","properties":{"name":"(unnamed public road)","road_class":"track","source":"OpenStreetMap","source_detail":"osm way 14372453","source_tile":"172/385","surface_inferred":true},"geometry":{"type":"LineString","coordinates":[[-119.25125,40.47648],[-119.25248,40.47651],[-119.25294,40.47648]]}},{"type":"Feature","properties":{"name":"(unnamed public road)","road_class":"track","source":"OpenStreetMap","source_detail":"osm way 14372529","source_tile":"172/385","surface_inferred":true},"geometry":{"type":"LineString","coordinates":[[-119.23892,40.54701],[-119.23859,40.54749],[-119.23784,40.54811],[-119.23721,40.54887],[-119.23697,40.549],[-119.2367,40.54908],[-119.23624,40.54913],[-119.23569,40.54912],[-119.23541,40.54906],[-119.23497,40.54903],[-119.23471,40.54919],[-119.23417,40.54941],[-119.23353,40.54975],[-119.23277,40.55023],[-119.2315,40.55074],[-119.23109,40.55079],[-119.22945,40.55081],[-119.22873,40.55087],[-119.22814,40.55083],[-119.22722,40.551]]}},{"type":"Feature","properties":{"name":"(unnamed public road)","road_class":"track","source":"OpenStreetMap","source_detail":"osm way 14372715","source_tile":"172/385","surface_inferred":true},"geometry":{"type":"LineString","coordinates":[[-119.31469,40.49643],[-119.31505,40.49612],[-119.31566,40.49603],[-119.3162,40.49609],[-119.31698,40.49595],[-119.31729,40.49578],[-119.31801,40.49581],[-119.31843,40.49598],[-119.31886,40.49655],[-119.31851,40.49805],[-119.3184,40.49822],[-119.31847,40.49913],[-119.31856,40.49926],[-119.31883,40.49921],[-119.31907,40.49901],[-119.31982,40.49869],[-119.32019,40.49868],[-119.32049,40.49881],[-119.32079,40.49873],[-119.32106,40.49886],[-119.32167,40.49896],[-119.32218,40.49895],[-119.32233,40.49903],[-119.32248,40.49911],[-119.32272,40.49953],[-119.3228,40.4999],[-119.32286,40.50027],[-119.32334,40.50062],[-119.32412,40.50094],[-119.32451,40.50128],[-119.32487,40.50142],[-119.32544,40.50197],[-119.32652,40.50233],[-119.32682,40.50261],[-119.32691,40.50334],[-119.32703,40.5035],[-119.32757,40.50359],[-119.32793,40.50359]]}},{"type":"Feature","properties":{"name":"(unnamed public road)","road_class":"track","source":"OpenStreetMap","source_detail":"osm way 14373563","source_tile":"172/385","surface_inferred":true},"geometry":{"type":"LineString","coordinates":[[-119.24365,40.52132],[-119.24472,40.52133],[-119.24544,40.52144],[-119.24595,40.52148],[-119.24695,40.52151],[-119.24735,40.52185],[-119.24775,40.52254],[-119.24811,40.52281],[-119.2489,40.52282],[-119.24937,40.52296],[-119.24971,40.5231],[-119.25023,40.52305],[-119.25061,40.52296],[-119.25101,40.52302]]}},{"type":"Feature","properties":{"name":"(unnamed public road)","road_class":"track","source":"OpenStreetMap","source_detail":"osm way 14373788","source_tile":"172/385","surface_inferred":true},"geometry":{"type":"LineString","coordinates":[[-119.31294,40.58352],[-119.31356,40.58364]]}},{"type":"Feature","properties":{"name":"(unnamed public road)","road_class":"track","source":"OpenStreetMap","source_detail":"osm way 14373949","source_tile":"172/385","surface_inferred":true},"geometry":{"type":"LineString","coordinates":[[-119.315,40.71078],[-119.31621,40.71028],[-119.32083,40.70804],[-119.32236,40.70717],[-119.32689,40.70478],[-119.32708,40.70466],[-119.32731,40.70456],[-119.32812,40.70413],[-119.33,40.70338],[-119.3306,40.70314],[-119.33381,40.70178],[-119.33744,40.70044],[-119.33879,40.69985],[-119.34136,40.69887],[-119.34296,40.69834],[-119.34368,40.69809]]}},{"type":"Feature","properties":{"name":"(unnamed public road)","road_class":"track","source":"OpenStreetMap","source_detail":"osm way 14374116","source_tile":"172/385","surface_inferred":true},"geometry":{"type":"LineString","coordinates":[[-119.30912,40.50512],[-119.30832,40.50485],[-119.30796,40.50469],[-119.30789,40.50468],[-119.30783,40.50469],[-119.3078,40.5047],[-119.30779,40.50474],[-119.30779,40.50484],[-119.30788,40.50536],[-119.30801,40.50574],[-119.30804,40.50582]]}},{"type":"Feature","properties":{"name":"(unnamed public road)","road_class":"track","source":"OpenStreetMap","source_detail":"osm way 14374119","source_tile":"172/385","surface_inferred":true},"geometry":{"type":"LineString","coordinates":[[-119.32754,40.50469],[-119.32832,40.50464],[-119.3285,40.50455]]}},{"type":"Feature","properties":{"name":"(unnamed public road)","road_class":"track","source":"OpenStreetMap","source_detail":"osm way 14374160","source_tile":"172/385","surface_inferred":true},"geometry":{"type":"LineString","coordinates":[[-119.30195,40.50404],[-119.30174,40.50424],[-119.30168,40.50428],[-119.30163,40.50431],[-119.30153,40.50432],[-119.30139,40.50432],[-119.3013,40.5043],[-119.30122,40.50427],[-119.30105,40.50426],[-119.30092,40.50428],[-119.30079,40.50428],[-119.30058,40.50426],[-119.30044,40.50423],[-119.30024,40.50418],[-119.30008,40.50417],[-119.29986,40.50417],[-119.29968,40.50415],[-119.29951,40.50412],[-119.29939,40.50411],[-119.29929,40.50413],[-119.29844,40.5044],[-119.2982,40.50444],[-119.29786,40.50447],[-119.29773,40.5045],[-119.29744,40.50462],[-119.29735,40.50465],[-119.29689,40.50473],[-119.29648,40.50479],[-119.29634,40.50482],[-119.29619,40.50489],[-119.29588,40.50505],[-119.29572,40.50511],[-119.29553,40.50515],[-119.29542,40.50519],[-119.29527,40.50528],[-119.29508,40.50542],[-119.29476,40.50561],[-119.29454,40.50571],[-119.29439,40.50576],[-119.29358,40.50599],[-119.29263,40.5063],[-119.29249,40.50637],[-119.29237,40.50647],[-119.29214,40.50672],[-119.29189,40.50694],[-119.29168,40.50715],[-119.29145,40.50741],[-119.29093,40.50789],[-119.29038,40.50841],[-119.28996,40.50878],[-119.2899,40.50886],[-119.28982,40.50901],[-119.28975,40.50909],[-119.28947,40.50934],[-119.28931,40.50952],[-119.28909,40.5098],[-119.28897,40.50993],[-119.28884,40.51004]]}},{"type":"Feature","properties":{"name":"(unnamed public road)","road_class":"track","source":"OpenStreetMap","source_detail":"osm way 14376958","source_tile":"172/385","surface_inferred":true},"geometry":{"type":"LineString","coordinates":[[-119.45794,40.601],[-119.45791,40.60148],[-119.45689,40.6034],[-119.4565,40.60539],[-119.45656,40.60711],[-119.45644,40.60921],[-119.45587,40.61109],[-119.45602,40.61241],[-119.45566,40.61292],[-119.45503,40.61349],[-119.45416,40.61413],[-119.45281,40.61479],[-119.45125,40.61543],[-119.4511,40.61557],[-119.44969,40.61623],[-119.44888,40.61678],[-119.44837,40.61724],[-119.44798,40.61779],[-119.44768,40.61802],[-119.44609,40.61879],[-119.44519,40.61975],[-119.44447,40.6201],[-119.4436,40.62101],[-119.44102,40.62298],[-119.4409,40.62323],[-119.44075,40.62333],[-119.44069,40.62337],[-119.44039,40.62335],[-119.43979,40.62307],[-119.43886,40.62225],[-119.43751,40.62191],[-119.43689,40.62184],[-119.43677,40.62191],[-119.43666,40.62201],[-119.43654,40.62214],[-119.43643,40.62226]]}},{"type":"Feature","properties":{"name":"(unnamed public road)","road_class":"track","source":"OpenStreetMap","source_detail":"osm way 14378115","source_tile":"172/385","surface_inferred":true},"geometry":{"type":"LineString","coordinates":[[-119.31696,40.5296],[-119.31729,40.53051],[-119.31795,40.53127],[-119.32011,40.53202],[-119.32044,40.53232],[-119.32038,40.53252],[-119.32017,40.53266],[-119.31891,40.53291],[-119.31864,40.53305],[-119.31855,40.53397],[-119.31939,40.53497],[-119.31951,40.53525],[-119.31966,40.53559],[-119.31987,40.53577],[-119.32269,40.53634],[-119.32308,40.5366],[-119.3232,40.5368],[-119.32317,40.53698],[-119.32269,40.53724],[-119.3214,40.53762],[-119.32143,40.53769]]}},{"type":"Feature","properties":{"name":"(unnamed public road)","road_class":"track","source":"OpenStreetMap","source_detail":"osm way 14378122","source_tile":"172/385","surface_inferred":true},"geometry":{"type":"LineString","coordinates":[[-119.31951,40.53525],[-119.31711,40.53547],[-119.31588,40.53529],[-119.31501,40.535],[-119.31394,40.53403],[-119.31382,40.53367],[-119.31387,40.53337],[-119.3145,40.53305],[-119.31513,40.53291],[-119.31768,40.53314],[-119.31864,40.53305]]}},{"type":"Feature","properties":{"name":"(unnamed public road)","road_class":"track","source":"OpenStreetMap","source_detail":"osm way 14378269","source_tile":"172/385","surface_inferred":true},"geometry":{"type":"LineString","coordinates":[[-119.3123,40.70821],[-119.31892,40.70596],[-119.32308,40.70455],[-119.33136,40.70197],[-119.33564,40.70059],[-119.33714,40.7001],[-119.3407,40.699],[-119.34136,40.69887]]}},{"type":"Feature","properties":{"name":"(unnamed public road)","road_class":"track","source":"OpenStreetMap","source_detail":"osm way 14378272","source_tile":"172/385","surface_inferred":true},"geometry":{"type":"LineString","coordinates":[[-119.31225,40.70665],[-119.32058,40.70383],[-119.32169,40.70333],[-119.32322,40.7028],[-119.32692,40.70189],[-119.33257,40.70012],[-119.33708,40.69921],[-119.3434,40.69769],[-119.34426,40.69749],[-119.34515,40.69726]]}},{"type":"Feature","properties":{"name":"Gays","road_class":"track","source":"OpenStreetMap","source_detail":"osm way 14378371","source_tile":"172/385","surface_inferred":true},"geometry":{"type":"LineString","coordinates":[[-119.30675,40.58357],[-119.30677,40.58363],[-119.30682,40.58368],[-119.30691,40.58369],[-119.30704,40.5837],[-119.30726,40.58367],[-119.30738,40.58368],[-119.30754,40.58372],[-119.3076,40.58376],[-119.30765,40.58384],[-119.30772,40.58387],[-119.30782,40.58389],[-119.30792,40.58389],[-119.30811,40.58388],[-119.30835,40.58388],[-119.30898,40.58383],[-119.30934,40.58378],[-119.30993,40.58379],[-119.31025,40.58384],[-119.31059,40.58392],[-119.31074,40.58394],[-119.31137,40.58392],[-119.31197,40.58388],[-119.3122,40.5839],[-119.3124,40.58395],[-119.31294,40.58399]]}},{"type":"Feature","properties":{"name":"(unnamed public road)","road_class":"track","source":"OpenStreetMap","source_detail":"osm way 14379133","source_tile":"172/385","surface_inferred":true},"geometry":{"type":"LineString","coordinates":[[-119.33492,40.59619],[-119.33511,40.59615],[-119.3352,40.59611],[-119.33526,40.59604],[-119.33535,40.59591],[-119.33547,40.59582],[-119.33558,40.59579],[-119.33577,40.59579],[-119.33612,40.59583],[-119.33647,40.5959],[-119.33676,40.59593],[-119.33717,40.59592],[-119.33753,40.59588],[-119.33789,40.59583],[-119.33831,40.59582],[-119.33908,40.5958],[-119.33953,40.59575],[-119.3397,40.59581],[-119.33981,40.5959],[-119.33992,40.59606],[-119.33999,40.59664],[-119.34006,40.59689],[-119.34022,40.59755],[-119.34032,40.59787],[-119.34041,40.59823],[-119.34046,40.59839],[-119.3405,40.59857],[-119.34085,40.60012],[-119.34101,40.60102],[-119.34102,40.60117],[-119.34103,40.60127],[-119.34108,40.60141],[-119.34113,40.60176],[-119.34112,40.6019],[-119.34115,40.60207],[-119.34129,40.60239],[-119.34164,40.60392],[-119.34174,40.60438],[-119.34168,40.60453],[-119.34168,40.60467],[-119.34175,40.60485],[-119.34184,40.60504],[-119.34193,40.60529],[-119.34197,40.60554],[-119.34198,40.60572],[-119.34206,40.60594],[-119.34208,40.60609],[-119.34215,40.60636],[-119.34221,40.60665],[-119.34226,40.60699],[-119.34227,40.60731],[-119.34231,40.60752],[-119.34247,40.60785],[-119.34254,40.60815],[-119.34264,40.60842],[-119.34265,40.60866],[-119.34274,40.60897],[-119.34279,40.60929]]}},{"type":"Feature","properties":{"name":"(unnamed public road)","road_class":"track","source":"OpenStreetMap","source_detail":"osm way 14379758","source_tile":"172/385","surface_inferred":true},"geometry":{"type":"LineString","coordinates":[[-119.52728,40.55082],[-119.52635,40.55084],[-119.52515,40.55036],[-119.52392,40.55027],[-119.52374,40.55034],[-119.52317,40.55031],[-119.52308,40.55018]]}},{"type":"Feature","properties":{"name":"(unnamed public road)","road_class":"track","source":"OpenStreetMap","source_detail":"osm way 14380547","source_tile":"172/385","surface_inferred":true},"geometry":{"type":"LineString","coordinates":[[-119.37381,40.47389],[-119.37379,40.47387],[-119.37225,40.4729],[-119.37105,40.47272],[-119.37057,40.47244],[-119.36961,40.47139],[-119.36922,40.47119],[-119.36841,40.47039],[-119.36683,40.46924],[-119.36617,40.46901],[-119.36458,40.46822],[-119.36371,40.46746],[-119.36254,40.46682],[-119.36149,40.4665],[-119.36006,40.46582],[-119.35972,40.46567],[-119.35814,40.46495],[-119.35793,40.46486],[-119.35748,40.46454],[-119.35727,40.46442],[-119.35676,40.46415],[-119.35655,40.46399]]}},{"type":"Feature","properties":{"name":"(unnamed public road)","road_class":"track","source":"OpenStreetMap","source_detail":"osm way 14381184","source_tile":"172/385","surface_inferred":true},"geometry":{"type":"LineString","coordinates":[[-119.3622,40.46315],[-119.36209,40.4636],[-119.36149,40.4665],[-119.36131,40.46719],[-119.36128,40.46771],[-119.36125,40.46781],[-119.36084,40.4692],[-119.36075,40.46982],[-119.36054,40.47147],[-119.36009,40.47355],[-119.36,40.4743]]}},{"type":"Feature","properties":{"name":"(unnamed public road)","road_class":"track","source":"OpenStreetMap","source_detail":"osm way 14381597","source_tile":"172/385","surface_inferred":true},"geometry":{"type":"LineString","coordinates":[[-119.46872,40.55349],[-119.46908,40.55356],[-119.47052,40.55409],[-119.4721,40.55423]]}},{"type":"Feature","properties":{"name":"(unnamed public road)","road_class":"track","source":"OpenStreetMap","source_detail":"osm way 14381762","source_tile":"172/385","surface_inferred":true},"geometry":{"type":"LineString","coordinates":[[-119.31304,40.5231],[-119.31316,40.52326],[-119.31493,40.52457],[-119.31601,40.52475],[-119.31802,40.52474],[-119.31859,40.5249],[-119.31931,40.52529],[-119.31946,40.52547],[-119.31955,40.52582],[-119.31945,40.52726],[-119.3196,40.52763],[-119.31993,40.52779]]}},{"type":"Feature","properties":{"name":"Empire Ranch Road","road_class":"track","source":"OpenStreetMap","source_detail":"osm way 14386565","source_tile":"172/385","surface_inferred":true},"geometry":{"type":"LineString","coordinates":[[-119.37381,40.47389],[-119.37401,40.47402],[-119.37414,40.47409],[-119.3743,40.47415],[-119.37447,40.47422],[-119.37465,40.47431],[-119.37491,40.47442],[-119.37511,40.47452],[-119.37538,40.47464],[-119.37572,40.47474],[-119.3759,40.47481],[-119.37625,40.47499],[-119.37669,40.4752],[-119.37693,40.47537],[-119.37724,40.47559],[-119.3775,40.4757],[-119.37781,40.47577],[-119.37823,40.47583],[-119.37876,40.47596],[-119.37916,40.4761],[-119.37945,40.47624],[-119.37987,40.47656],[-119.38014,40.47671],[-119.38049,40.47686],[-119.38096,40.47704],[-119.3815,40.47735],[-119.38204,40.47763],[-119.38277,40.47797],[-119.38342,40.47823],[-119.38368,40.47832],[-119.38392,40.47839],[-119.38446,40.47866],[-119.38476,40.47877],[-119.38535,40.47895],[-119.38579,40.47909],[-119.38654,40.47927],[-119.38692,40.47935],[-119.38724,40.4794],[-119.38773,40.47955],[-119.38804,40.47962],[-119.38832,40.47969],[-119.38884,40.47983],[-119.389,40.47985],[-119.38944,40.47983],[-119.39014,40.47984],[-119.39053,40.47989],[-119.39098,40.48004],[-119.39132,40.48004],[-119.39173,40.48002],[-119.39228,40.48006],[-119.39277,40.48015],[-119.3932,40.48018],[-119.3936,40.48014],[-119.39404,40.48008],[-119.3946,40.48001],[-119.39515,40.4799],[-119.39559,40.47984],[-119.39611,40.47987],[-119.39666,40.48002],[-119.39704,40.48016],[-119.39777,40.48057],[-119.3983,40.48089],[-119.39867,40.48109],[-119.39903,40.48123],[-119.39939,40.48143],[-119.39992,40.48161],[-119.40055,40.48183],[-119.40128,40.48192],[-119.40192,40.48201],[-119.40242,40.48205],[-119.40295,40.48213],[-119.4034,40.48223],[-119.40375,40.48229],[-119.40399,40.48233],[-119.40442,40.48249],[-119.40466,40.48263],[-119.40484,40.4829],[-119.40505,40.48313],[-119.40518,40.48323],[-119.40538,40.48355],[-119.40557,40.48378],[-119.40582,40.484],[-119.40598,40.4841],[-119.40624,40.48418],[-119.40665,40.48431],[-119.40704,40.48439],[-119.40728,40.48445],[-119.40756,40.48452],[-119.40805,40.48455],[-119.40836,40.48461],[-119.40881,40.48475],[-119.40932,40.48486],[-119.40968,40.48496],[-119.40994,40.48501],[-119.41042,40.48505],[-119.41078,40.4851],[-119.41119,40.48523],[-119.41159,40.48532],[-119.41193,40.48545],[-119.41229,40.48555],[-119.41276,40.48562],[-119.41313,40.4857],[-119.41348,40.48572],[-119.41391,40.48574],[-119.41413,40.48579],[-119.41453,40.48589],[-119.41485,40.48596],[-119.41533,40.48605],[-119.41578,40.48615],[-119.41623,40.48621],[-119.41671,40.48633],[-119.41711,40.48638],[-119.41752,40.48646],[-119.41806,40.48658],[-119.41845,40.48666],[-119.419,40.48675],[-119.41944,40.48687],[-119.41986,40.48696],[-119.42027,40.48714],[-119.42073,40.48729],[-119.42123,40.48742],[-119.42168,40.48759],[-119.42218,40.48775],[-119.42243,40.48782],[-119.42278,40.48794],[-119.42334,40.48819],[-119.42386,40.48841],[-119.42454,40.48866],[-119.42483,40.48877],[-119.42547,40.48898],[-119.42567,40.48902],[-119.42598,40.48907],[-119.42667,40.48929],[-119.42695,40.48942],[-119.42728,40.48973],[-119.42755,40.48994],[-119.42764,40.49],[-119.42783,40.4901],[-119.42818,40.49025],[-119.42851,40.49046],[-119.42879,40.49053],[-119.42925,40.49063],[-119.42955,40.49069]]}},{"type":"Feature","properties":{"name":"Farm District Road","road_class":"track","source":"OpenStreetMap","source_detail":"osm way 14390693","source_tile":"172/385","surface_inferred":true},"geometry":{"type":"LineString","coordinates":[[-119.46083,40.47645],[-119.46082,40.46915],[-119.46085,40.46196],[-119.46079,40.45843],[-119.46065,40.45537],[-119.4609,40.45492],[-119.46086,40.4489],[-119.46079,40.4477],[-119.46082,40.44736]]}},{"type":"Feature","properties":{"name":"(unnamed public road)","road_class":"track","source":"OpenStreetMap","source_detail":"osm way 197861916","source_tile":"172/385","surface_inferred":true},"geometry":{"type":"LineString","coordinates":[[-119.37963,40.53794],[-119.38495,40.53263],[-119.38903,40.5286],[-119.39727,40.52034],[-119.4047,40.51292],[-119.41191,40.50573],[-119.42008,40.49753],[-119.427,40.49064],[-119.42764,40.49],[-119.43339,40.48423],[-119.43746,40.48017]]}},{"type":"Feature","properties":{"name":"(unnamed public road)","road_class":"track","source":"OpenStreetMap","source_detail":"osm way 255635173","source_tile":"172/385","surface_inferred":true},"geometry":{"type":"LineString","coordinates":[[-119.32708,40.70466],[-119.31892,40.70596]]}},{"type":"Feature","properties":{"name":"(unnamed public road)","road_class":"track","source":"OpenStreetMap","source_detail":"osm way 255635175","source_tile":"172/385","surface_inferred":true},"geometry":{"type":"LineString","coordinates":[[-119.35081,40.69684],[-119.35057,40.6969],[-119.35038,40.69692],[-119.35018,40.6969],[-119.34999,40.69686],[-119.34982,40.6968],[-119.34967,40.69677],[-119.34949,40.69673],[-119.3493,40.69666],[-119.34927,40.6966]]}},{"type":"Feature","properties":{"name":"(unnamed public road)","road_class":"track","source":"OpenStreetMap","source_detail":"osm way 255635176","source_tile":"172/385","surface_inferred":true},"geometry":{"type":"LineString","coordinates":[[-119.36072,40.68141],[-119.3608,40.68154],[-119.36086,40.68168],[-119.36082,40.68182]]}},{"type":"Feature","properties":{"name":"(unnamed public road)","road_class":"track","source":"OpenStreetMap","source_detail":"osm way 255635177","source_tile":"172/385","surface_inferred":true},"geometry":{"type":"LineString","coordinates":[[-119.34967,40.69677],[-119.34973,40.69668]]}},{"type":"Feature","properties":{"name":"(unnamed public road)","road_class":"track","source":"OpenStreetMap","source_detail":"osm way 255635179","source_tile":"172/385","surface_inferred":true},"geometry":{"type":"LineString","coordinates":[[-119.35585,40.69119],[-119.35604,40.69135],[-119.35618,40.69148],[-119.35632,40.6916],[-119.35638,40.69168],[-119.35644,40.69188],[-119.35656,40.69216],[-119.35665,40.69227],[-119.35675,40.69234],[-119.35697,40.69242],[-119.35708,40.69248],[-119.35717,40.6926],[-119.35734,40.69275],[-119.35747,40.69294],[-119.35752,40.69302],[-119.35765,40.69306],[-119.35778,40.69311],[-119.35785,40.69323],[-119.35797,40.69335],[-119.35803,40.69354],[-119.35814,40.69368],[-119.35823,40.69385],[-119.35829,40.694],[-119.35832,40.69409],[-119.35838,40.69419],[-119.35851,40.69435],[-119.35858,40.6945],[-119.35863,40.69461],[-119.3587,40.69469],[-119.35884,40.69475],[-119.3589,40.6948],[-119.35901,40.69493],[-119.35907,40.69497],[-119.35918,40.69505]]}},{"type":"Feature","properties":{"name":"(unnamed public road)","road_class":"track","source":"OpenStreetMap","source_detail":"osm way 255635180","source_tile":"172/385","surface_inferred":true},"geometry":{"type":"LineString","coordinates":[[-119.35609,40.69059],[-119.35615,40.69028],[-119.35624,40.68988],[-119.35627,40.68969],[-119.35632,40.68947],[-119.35638,40.68931],[-119.35654,40.6891],[-119.35687,40.68875],[-119.35696,40.68863],[-119.35706,40.68847],[-119.35733,40.68809],[-119.35768,40.6877],[-119.35787,40.68753],[-119.35828,40.68712],[-119.35877,40.68661],[-119.35886,40.68648],[-119.35897,40.68633],[-119.35967,40.68554],[-119.35989,40.68534],[-119.36025,40.68498],[-119.36044,40.6848],[-119.36071,40.6845],[-119.36077,40.68436],[-119.36083,40.68419],[-119.36082,40.68393],[-119.36073,40.68369],[-119.36048,40.6832],[-119.36043,40.68311],[-119.3602,40.6827],[-119.36008,40.68244],[-119.36006,40.68228],[-119.36007,40.68217],[-119.36012,40.68207],[-119.3602,40.68193],[-119.36047,40.68162],[-119.36072,40.68141],[-119.36109,40.68105],[-119.36126,40.68076],[-119.36129,40.68063]]}},{"type":"Feature","properties":{"name":"(unnamed public road)","road_class":"track","source":"OpenStreetMap","source_detail":"osm way 255635181","source_tile":"172/385","surface_inferred":true},"geometry":{"type":"LineString","coordinates":[[-119.34506,40.69758],[-119.34595,40.69726],[-119.3464,40.69711],[-119.34658,40.69699]]}},{"type":"Feature","properties":{"name":"(unnamed public road)","road_class":"track","source":"OpenStreetMap","source_detail":"osm way 255635182","source_tile":"172/385","surface_inferred":true},"geometry":{"type":"LineString","coordinates":[[-119.35245,40.69489],[-119.35272,40.69477],[-119.3528,40.6947],[-119.35312,40.6944],[-119.35318,40.69435],[-119.35336,40.69417],[-119.35396,40.6936],[-119.35436,40.69314],[-119.35493,40.69259],[-119.35546,40.69181],[-119.35566,40.69154],[-119.35577,40.69138],[-119.35585,40.69119],[-119.35593,40.69104],[-119.35606,40.69067],[-119.35609,40.69059],[-119.35559,40.6903],[-119.35547,40.69021],[-119.35538,40.69006],[-119.35532,40.68998],[-119.35521,40.68992]]}},{"type":"Feature","properties":{"name":"3-Mile Access","road_class":"track","surface":"unpaved","tracktype":"grade2","source":"OpenStreetMap","source_detail":"osm way 255635183","source_tile":"172/385"},"geometry":{"type":"LineString","coordinates":[[-119.3511,40.69687],[-119.35132,40.6969]]}},{"type":"Feature","properties":{"name":"(unnamed public road)","road_class":"track","source":"OpenStreetMap","source_detail":"osm way 255635184","source_tile":"172/385","surface_inferred":true},"geometry":{"type":"LineString","coordinates":[[-119.3511,40.69687],[-119.35081,40.69684],[-119.35072,40.69683],[-119.34997,40.69673],[-119.34973,40.69668],[-119.34952,40.69664],[-119.34927,40.6966],[-119.34918,40.69659],[-119.34879,40.69655],[-119.34829,40.69655],[-119.34775,40.69666],[-119.3472,40.6968],[-119.34658,40.69699],[-119.34561,40.69715],[-119.34515,40.69726]]}},{"type":"Feature","properties":{"name":"(unnamed public road)","road_class":"track","source":"OpenStreetMap","source_detail":"osm way 255635186","source_tile":"172/385","surface_inferred":true},"geometry":{"type":"LineString","coordinates":[[-119.34506,40.69758],[-119.34404,40.69797],[-119.34368,40.69809]]}},{"type":"Feature","properties":{"name":"Guru Road","road_class":"track","surface":"unpaved","tracktype":"grade2","source":"OpenStreetMap","source_detail":"osm way 255635187","source_tile":"172/385"},"geometry":{"type":"LineString","coordinates":[[-119.36129,40.68063],[-119.36133,40.68048],[-119.36132,40.68029],[-119.36126,40.67999],[-119.36122,40.67982],[-119.36117,40.67956],[-119.36115,40.67938],[-119.36118,40.67914],[-119.36116,40.67894],[-119.36117,40.67866],[-119.3611,40.67811]]}},{"type":"Feature","properties":{"name":"(unnamed public road)","road_class":"track","source":"OpenStreetMap","source_detail":"osm way 285153471","source_tile":"172/385","surface_inferred":true},"geometry":{"type":"LineString","coordinates":[[-119.33288,40.57235],[-119.33317,40.57199],[-119.3335,40.57167]]}},{"type":"Feature","properties":{"name":"(unnamed public road)","road_class":"track","surface":"unpaved","source":"OpenStreetMap","source_detail":"osm way 285153473","source_tile":"172/385"},"geometry":{"type":"LineString","coordinates":[[-119.33267,40.57232],[-119.33259,40.5725],[-119.33261,40.5726],[-119.33271,40.57276],[-119.33279,40.57296],[-119.33292,40.57344],[-119.33302,40.57368],[-119.33313,40.57388],[-119.33317,40.57406],[-119.3332,40.57431],[-119.33337,40.57461],[-119.33342,40.57471],[-119.33353,40.57489],[-119.3337,40.57511],[-119.33386,40.57523],[-119.33398,40.57527],[-119.33412,40.57525],[-119.33425,40.57521],[-119.33472,40.57499],[-119.33483,40.57494],[-119.33568,40.57463],[-119.33586,40.57449]]}},{"type":"Feature","properties":{"name":"(unnamed public road)","road_class":"track","source":"OpenStreetMap","source_detail":"osm way 285153680","source_tile":"172/385","surface_inferred":true},"geometry":{"type":"LineString","coordinates":[[-119.32839,40.5034],[-119.32972,40.50352],[-119.3311,40.50378],[-119.33193,40.5039],[-119.33411,40.50409],[-119.33484,40.50416]]}},{"type":"Feature","properties":{"name":"(unnamed public road)","road_class":"track","surface":"gravel","tracktype":"grade2","source":"OpenStreetMap","source_detail":"osm way 289297463","source_tile":"172/385"},"geometry":{"type":"LineString","coordinates":[[-119.36054,40.65349],[-119.36001,40.65378],[-119.35995,40.65382],[-119.35993,40.65387],[-119.35992,40.65391],[-119.35988,40.65413]]}},{"type":"Feature","properties":{"name":"(unnamed public road)","road_class":"track","tracktype":"grade4","source":"OpenStreetMap","source_detail":"osm way 289297465","source_tile":"172/385","surface_inferred":true},"geometry":{"type":"LineString","coordinates":[[-119.3053,40.64825],[-119.30543,40.64854],[-119.30558,40.64872],[-119.30853,40.65123],[-119.30977,40.65248],[-119.31022,40.65262],[-119.31111,40.65343],[-119.31282,40.65492],[-119.31315,40.65511],[-119.31338,40.65517],[-119.31454,40.65537],[-119.31539,40.65561]]}},{"type":"Feature","properties":{"name":"(unnamed public road)","road_class":"track","surface":"unpaved","source":"OpenStreetMap","source_detail":"osm way 289297488","source_tile":"172/385"},"geometry":{"type":"LineString","coordinates":[[-119.3702,40.66176],[-119.37045,40.66176],[-119.37077,40.66159]]}},{"type":"Feature","properties":{"name":"(unnamed public road)","road_class":"track","source":"OpenStreetMap","source_detail":"osm way 289297491","source_tile":"172/385","surface_inferred":true},"geometry":{"type":"LineString","coordinates":[[-119.36135,40.67771],[-119.35921,40.67759],[-119.3576,40.67761]]}},{"type":"Feature","properties":{"name":"(unnamed public road)","road_class":"track","surface":"unpaved","source":"OpenStreetMap","source_detail":"osm way 289297493","source_tile":"172/385"},"geometry":{"type":"LineString","coordinates":[[-119.37312,40.65328],[-119.37247,40.65308],[-119.37183,40.65295],[-119.37134,40.65282],[-119.37097,40.65274],[-119.36834,40.6522],[-119.36502,40.65152],[-119.36444,40.65142],[-119.36424,40.65141]]}},{"type":"Feature","properties":{"name":"(unnamed public road)","road_class":"track","surface":"unpaved","source":"OpenStreetMap","source_detail":"osm way 289297496","source_tile":"172/385"},"geometry":{"type":"LineString","coordinates":[[-119.36982,40.66158],[-119.3702,40.66176],[-119.3703,40.66199],[-119.3704,40.6622]]}},{"type":"Feature","properties":{"name":"(unnamed public road)","road_class":"track","surface":"compacted","tracktype":"grade3","source":"OpenStreetMap","source_detail":"osm way 302716540","source_tile":"172/385"},"geometry":{"type":"LineString","coordinates":[[-119.34706,40.64548],[-119.34769,40.64687],[-119.34819,40.64796],[-119.34912,40.64999],[-119.34918,40.65027],[-119.34912,40.65053],[-119.34801,40.6518],[-119.34782,40.65211],[-119.34798,40.65249]]}},{"type":"Feature","properties":{"name":"(unnamed public road)","road_class":"track","surface":"unpaved","source":"OpenStreetMap","source_detail":"osm way 302716544","source_tile":"172/385"},"geometry":{"type":"LineString","coordinates":[[-119.3543,40.65536],[-119.3548,40.65585],[-119.35511,40.65598],[-119.35525,40.65611],[-119.35529,40.65626],[-119.35531,40.65703],[-119.35528,40.65715],[-119.35516,40.65728],[-119.35494,40.6574],[-119.35461,40.65754],[-119.35448,40.65758],[-119.35427,40.65772],[-119.35414,40.65786],[-119.35405,40.65803],[-119.35401,40.65822],[-119.35395,40.65832],[-119.35382,40.65837],[-119.35364,40.65841]]}},{"type":"Feature","properties":{"name":"(unnamed public road)","road_class":"track","source":"OpenStreetMap","source_detail":"osm way 352574875","source_tile":"172/385","surface_inferred":true},"geometry":{"type":"LineString","coordinates":[[-119.45698,40.48801],[-119.44449,40.48314],[-119.44217,40.48219],[-119.44115,40.48191],[-119.44016,40.4814],[-119.43914,40.48097],[-119.43777,40.48025],[-119.43746,40.48017],[-119.43651,40.48003],[-119.43613,40.47987],[-119.43503,40.47934],[-119.43441,40.47911],[-119.43316,40.47867],[-119.43143,40.4779],[-119.43024,40.47762],[-119.42898,40.47704],[-119.42728,40.47622],[-119.42654,40.47596],[-119.42598,40.47573],[-119.42515,40.47523],[-119.42459,40.4749],[-119.42425,40.47458],[-119.42403,40.47411],[-119.42367,40.47366],[-119.42339,40.47301],[-119.42298,40.4722],[-119.42223,40.47178],[-119.42097,40.47098],[-119.42002,40.47059],[-119.41945,40.47016],[-119.41586,40.46708],[-119.41393,40.46535],[-119.41337,40.4651],[-119.41272,40.46497],[-119.4124,40.46481],[-119.41209,40.46443],[-119.41169,40.46359],[-119.41055,40.46169],[-119.41043,40.4613],[-119.41077,40.46073],[-119.41073,40.46046],[-119.41007,40.45794],[-119.40951,40.45684],[-119.40866,40.45538],[-119.40858,40.4551],[-119.4087,40.4546],[-119.4088,40.45437]]}},{"type":"Feature","properties":{"name":"(unnamed public road)","road_class":"track","source":"OpenStreetMap","source_detail":"osm way 352574883","source_tile":"172/386","surface_inferred":true},"geometry":{"type":"LineString","coordinates":[[-119.45122,40.43283],[-119.45122,40.47647],[-119.45133,40.48533]]}},{"type":"Feature","properties":{"name":"(unnamed public road)","road_class":"track","source":"OpenStreetMap","source_detail":"osm way 353900225","source_tile":"172/385","surface_inferred":true},"geometry":{"type":"LineString","coordinates":[[-119.4058,40.66389],[-119.40589,40.66383],[-119.40598,40.66377],[-119.4061,40.6637],[-119.40621,40.66363],[-119.40627,40.66359],[-119.40648,40.66344],[-119.40672,40.66328],[-119.40695,40.66314],[-119.40717,40.66296],[-119.4074,40.66277],[-119.40756,40.66262],[-119.40769,40.66249],[-119.40781,40.6624],[-119.40795,40.66225],[-119.40805,40.66215],[-119.40812,40.66201],[-119.40816,40.6619],[-119.40823,40.66181],[-119.40844,40.66171],[-119.40852,40.66163],[-119.40859,40.66156],[-119.40877,40.66138],[-119.40906,40.661],[-119.40915,40.66085],[-119.40934,40.66064],[-119.4095,40.66047],[-119.40961,40.6604],[-119.40971,40.66032],[-119.40987,40.66026],[-119.41003,40.6602],[-119.41015,40.66014],[-119.41026,40.66004],[-119.41032,40.65997],[-119.41037,40.65992],[-119.41046,40.65986],[-119.41062,40.65971],[-119.41121,40.65909],[-119.41133,40.65899],[-119.41151,40.65881],[-119.41162,40.65867],[-119.41177,40.65849],[-119.41191,40.65835],[-119.41203,40.65824],[-119.41215,40.65814],[-119.41223,40.65803],[-119.41228,40.65792],[-119.41252,40.65756],[-119.41262,40.6574],[-119.41273,40.65728],[-119.41293,40.65712],[-119.41307,40.65699],[-119.41315,40.6569],[-119.4132,40.65676],[-119.41336,40.65665],[-119.41347,40.6566],[-119.4136,40.6565],[-119.41374,40.65635],[-119.41387,40.65622],[-119.414,40.65611],[-119.41412,40.65596],[-119.41417,40.65586],[-119.4142,40.65575],[-119.41421,40.65551],[-119.41426,40.65534],[-119.41434,40.65498],[-119.41434,40.65489],[-119.41428,40.65473],[-119.41419,40.6546],[-119.41411,40.65448],[-119.41408,40.65441],[-119.41405,40.65424],[-119.41404,40.65408],[-119.41408,40.65378],[-119.41407,40.65364],[-119.41406,40.65359],[-119.41407,40.65345],[-119.41411,40.65337],[-119.41421,40.65327],[-119.41436,40.65312],[-119.41441,40.65304],[-119.41445,40.65291],[-119.41445,40.65267],[-119.41449,40.65249],[-119.4145,40.65236],[-119.41452,40.65224],[-119.41458,40.65215],[-119.41466,40.65208],[-119.41473,40.65203]]}},{"type":"Feature","properties":{"name":"(unnamed public road)","road_class":"track","surface":"gravel","tracktype":"grade2","source":"OpenStreetMap","source_detail":"osm way 365455826","source_tile":"172/385"},"geometry":{"type":"LineString","coordinates":[[-119.35988,40.65413],[-119.35994,40.6545],[-119.36013,40.65485],[-119.36031,40.65481],[-119.36036,40.65457],[-119.36022,40.65428],[-119.36008,40.65416],[-119.35988,40.65413]]}},{"type":"Feature","properties":{"name":"(unnamed public road)","road_class":"track","source":"OpenStreetMap","source_detail":"osm way 483337092","source_tile":"172/385","surface_inferred":true},"geometry":{"type":"LineString","coordinates":[[-119.47782,40.64904],[-119.47802,40.64901],[-119.47824,40.64896],[-119.47838,40.64886],[-119.47864,40.64875],[-119.4797,40.6493],[-119.48053,40.64977],[-119.48109,40.65009],[-119.48127,40.65013],[-119.4814,40.65012],[-119.48172,40.65003],[-119.4827,40.65016],[-119.4831,40.65016],[-119.4837,40.65013],[-119.48416,40.65027],[-119.48456,40.65041],[-119.48488,40.65045],[-119.48528,40.6504],[-119.48547,40.65036],[-119.48606,40.65039],[-119.48618,40.65031],[-119.48624,40.65015],[-119.48629,40.64993],[-119.48657,40.64975],[-119.48813,40.6491],[-119.49029,40.6479],[-119.49067,40.64751],[-119.49106,40.64678],[-119.49133,40.64665],[-119.4922,40.6456],[-119.4948,40.64385],[-119.49508,40.64349],[-119.49517,40.64308],[-119.49542,40.64187],[-119.49607,40.64092],[-119.49655,40.63992],[-119.49918,40.63521],[-119.50003,40.63357],[-119.5011,40.63193],[-119.50212,40.62977],[-119.50263,40.62886],[-119.5032,40.62816],[-119.50368,40.62745],[-119.50446,40.62484],[-119.50458,40.62394],[-119.50476,40.62316],[-119.50509,40.62239],[-119.50582,40.62032],[-119.50661,40.61897],[-119.50796,40.61682],[-119.50979,40.61291],[-119.51007,40.61234],[-119.51035,40.61097],[-119.51071,40.61004],[-119.51077,40.60978],[-119.51079,40.60948],[-119.51073,40.60927],[-119.51071,40.60891],[-119.51074,40.6082],[-119.51095,40.60746],[-119.51113,40.60677],[-119.51135,40.60563],[-119.51147,40.60529],[-119.51188,40.6038],[-119.51236,40.60225],[-119.51254,40.60188],[-119.51282,40.60148],[-119.51399,40.60026],[-119.51489,40.59923],[-119.51543,40.59891],[-119.5162,40.59852],[-119.51759,40.59791],[-119.5201,40.59665],[-119.52179,40.59573]]}},{"type":"Feature","properties":{"name":"(unnamed public road)","road_class":"track","surface":"unpaved","source":"OpenStreetMap","source_detail":"osm way 550707039","source_tile":"172/385"},"geometry":{"type":"LineString","coordinates":[[-119.3461,40.57963],[-119.34612,40.58102],[-119.34613,40.5817],[-119.34605,40.58178],[-119.34584,40.58164]]}},{"type":"Feature","properties":{"name":"(unnamed public road)","road_class":"track","source":"OpenStreetMap","source_detail":"osm way 759223287","source_tile":"172/385","surface_inferred":true},"geometry":{"type":"LineString","coordinates":[[-119.32272,40.52043],[-119.32416,40.52242],[-119.32447,40.52272],[-119.32467,40.52309],[-119.32478,40.5233],[-119.32476,40.5234],[-119.32468,40.52367],[-119.32326,40.52511],[-119.32137,40.52656],[-119.31993,40.52779],[-119.31981,40.52806],[-119.31918,40.52848],[-119.31696,40.5296],[-119.31612,40.52964],[-119.31302,40.52889]]}},{"type":"Feature","properties":{"name":"(unnamed public road)","road_class":"track","source":"OpenStreetMap","source_detail":"osm way 759223292","source_tile":"172/385","surface_inferred":true},"geometry":{"type":"LineString","coordinates":[[-119.31019,40.5078],[-119.31003,40.50781],[-119.30995,40.5078],[-119.30981,40.50774],[-119.30955,40.50758],[-119.30933,40.5075],[-119.30923,40.50749],[-119.30912,40.50753],[-119.30906,40.50758],[-119.30879,40.50782],[-119.30871,40.50788],[-119.30866,40.5079],[-119.30853,40.50791],[-119.3085,40.50793],[-119.30846,40.50798],[-119.30842,40.5081],[-119.30833,40.50828],[-119.30826,40.50838],[-119.30809,40.50855],[-119.30792,40.50882],[-119.30779,40.50902],[-119.30775,40.50907],[-119.3076,40.50929],[-119.30758,40.50937],[-119.30759,40.50944],[-119.30767,40.50964],[-119.30768,40.5097],[-119.30768,40.50977],[-119.30757,40.51003],[-119.30756,40.5101],[-119.30762,40.51032],[-119.30766,40.51045],[-119.30772,40.51065],[-119.30775,40.51071],[-119.3078,40.51076],[-119.30819,40.51105],[-119.30839,40.51118],[-119.30856,40.51128],[-119.30877,40.51145],[-119.30883,40.51152],[-119.30885,40.51157],[-119.30886,40.51163],[-119.30886,40.51169],[-119.30874,40.51213],[-119.30874,40.51225],[-119.30878,40.51232],[-119.3088,40.51236],[-119.30886,40.51245],[-119.30889,40.51255],[-119.30889,40.51273],[-119.30884,40.5129],[-119.30867,40.51325],[-119.30866,40.51332],[-119.30864,40.5134],[-119.30864,40.51346],[-119.30866,40.51355],[-119.30875,40.51371],[-119.30883,40.51375],[-119.3089,40.51377],[-119.30905,40.51376],[-119.30911,40.51375],[-119.30935,40.51363],[-119.30958,40.51358],[-119.30987,40.51356],[-119.31,40.51357],[-119.31015,40.51359],[-119.31029,40.51364],[-119.31041,40.51367],[-119.31064,40.51377],[-119.31082,40.51391],[-119.31095,40.51403],[-119.311,40.51411],[-119.31104,40.51422],[-119.31106,40.51431],[-119.31103,40.51452],[-119.31093,40.51472],[-119.31085,40.51485],[-119.31084,40.51491],[-119.31085,40.51497],[-119.31088,40.51504],[-119.31092,40.51508],[-119.31118,40.51527],[-119.31121,40.51533],[-119.31122,40.51537],[-119.31118,40.51545],[-119.31091,40.5156],[-119.31076,40.51566],[-119.31069,40.51568],[-119.31062,40.51568],[-119.31053,40.51569],[-119.31041,40.51575],[-119.31034,40.51581],[-119.3103,40.51586],[-119.31018,40.51611],[-119.30999,40.51645],[-119.30984,40.51663],[-119.30974,40.51671],[-119.30953,40.51693],[-119.30949,40.517],[-119.30948,40.51704],[-119.30949,40.51708],[-119.30953,40.51712],[-119.30957,40.51718],[-119.3096,40.5173],[-119.30958,40.51743],[-119.30939,40.51771],[-119.30929,40.51797],[-119.30915,40.51828],[-119.30913,40.51835],[-119.30914,40.51841],[-119.30917,40.51847],[-119.30925,40.51857],[-119.30957,40.51884],[-119.30973,40.51902],[-119.30982,40.5191],[-119.30991,40.51913],[-119.31,40.51923],[-119.31005,40.51926],[-119.31011,40.51928],[-119.31022,40.51931],[-119.31033,40.51935],[-119.31045,40.51941],[-119.31054,40.51947],[-119.31067,40.51954],[-119.31082,40.5196],[-119.31095,40.51964],[-119.31115,40.51973],[-119.31129,40.51982],[-119.31148,40.51991],[-119.31157,40.51999],[-119.31162,40.52012],[-119.31158,40.52037],[-119.31158,40.52043],[-119.31161,40.5205],[-119.31167,40.52056],[-119.31174,40.52061],[-119.31182,40.52065],[-119.31189,40.52071],[-119.31194,40.52078],[-119.31203,40.52092],[-119.31215,40.52118],[-119.31228,40.52133],[-119.31239,40.52197],[-119.31283,40.52282],[-119.31304,40.5231]]}},{"type":"Feature","properties":{"name":"(unnamed public road)","road_class":"track","source":"OpenStreetMap","source_detail":"osm way 759223293","source_tile":"172/385","surface_inferred":true},"geometry":{"type":"LineString","coordinates":[[-119.30613,40.50552],[-119.30634,40.50608],[-119.30666,40.50643]]}},{"type":"Feature","properties":{"name":"(unnamed public road)","road_class":"track","source":"OpenStreetMap","source_detail":"osm way 759224200","source_tile":"172/385","surface_inferred":true},"geometry":{"type":"LineString","coordinates":[[-119.34633,40.58289],[-119.34637,40.58343],[-119.3464,40.58398],[-119.34641,40.58408],[-119.34656,40.58433],[-119.34678,40.58456],[-119.3468,40.5847],[-119.34684,40.58527],[-119.34693,40.58543],[-119.34699,40.58557],[-119.34708,40.58591],[-119.34716,40.58633],[-119.34723,40.58702],[-119.34755,40.58799],[-119.34754,40.58809],[-119.34739,40.58853],[-119.3474,40.58868],[-119.34745,40.5889],[-119.34755,40.58909],[-119.34762,40.58932],[-119.34763,40.58955],[-119.34756,40.58977],[-119.34747,40.58999],[-119.34761,40.59044],[-119.34761,40.59057],[-119.34757,40.59077],[-119.34762,40.59132],[-119.34769,40.59188],[-119.34786,40.59287],[-119.34792,40.59306],[-119.34799,40.59362],[-119.3481,40.59451],[-119.34823,40.59575],[-119.34828,40.59664],[-119.34833,40.59772],[-119.34847,40.59879],[-119.34863,40.60005],[-119.34874,40.60047],[-119.34874,40.6015],[-119.34888,40.60237],[-119.34898,40.60336],[-119.34915,40.60494],[-119.34938,40.60671],[-119.34949,40.60769],[-119.34966,40.60806],[-119.34972,40.60848],[-119.34971,40.60892],[-119.34971,40.60922],[-119.34979,40.60992],[-119.34985,40.61015],[-119.34987,40.61044],[-119.34987,40.6112],[-119.34989,40.6114],[-119.3499,40.61147],[-119.34998,40.61224]]}},{"type":"Feature","properties":{"name":"(unnamed public road)","road_class":"track","source":"OpenStreetMap","source_detail":"osm way 759225074","source_tile":"172/385","surface_inferred":true},"geometry":{"type":"LineString","coordinates":[[-119.33489,40.62005],[-119.33537,40.62034],[-119.33563,40.62053],[-119.33592,40.6209],[-119.33627,40.62161],[-119.33661,40.62214],[-119.33707,40.62267],[-119.33759,40.62332],[-119.33795,40.62391],[-119.33818,40.62435],[-119.33858,40.62537],[-119.33936,40.62754],[-119.33994,40.62913],[-119.34074,40.63141],[-119.34168,40.63379],[-119.34235,40.63521],[-119.34349,40.63773],[-119.34491,40.64092],[-119.34662,40.6446],[-119.34706,40.64548]]}},{"type":"Feature","properties":{"name":"(unnamed public road)","road_class":"track","surface":"unpaved","source":"OpenStreetMap","source_detail":"osm way 759225079","source_tile":"172/385"},"geometry":{"type":"LineString","coordinates":[[-119.33592,40.6209],[-119.3355,40.61976],[-119.33519,40.61891],[-119.33512,40.61839],[-119.3351,40.61763],[-119.33518,40.60913],[-119.33512,40.60893],[-119.3352,40.60861],[-119.3353,40.60074],[-119.33527,40.59976],[-119.33521,40.59957],[-119.33528,40.59933],[-119.33532,40.59839],[-119.33533,40.59715],[-119.33535,40.59591],[-119.33536,40.59312],[-119.33537,40.59202],[-119.33552,40.59027],[-119.33589,40.5886],[-119.33591,40.58816],[-119.33595,40.58465]]}},{"type":"Feature","properties":{"name":"El Tren Street","road_class":"track","surface":"compacted","tracktype":"grade2","source":"OpenStreetMap","source_detail":"osm way 911413460","source_tile":"172/385"},"geometry":{"type":"LineString","coordinates":[[-119.35918,40.64934],[-119.35923,40.64919],[-119.3594,40.64904],[-119.36079,40.64834],[-119.36088,40.64831],[-119.36102,40.64837]]}},{"type":"Feature","properties":{"name":"Coyote Street","road_class":"track","surface":"unpaved","source":"OpenStreetMap","source_detail":"osm way 911413462","source_tile":"172/385"},"geometry":{"type":"LineString","coordinates":[[-119.3638,40.65157],[-119.36394,40.65155],[-119.36424,40.65141]]}},{"type":"Feature","properties":{"name":"(unnamed public road)","road_class":"track","surface":"fine_gravel","tracktype":"grade2","source":"OpenStreetMap","source_detail":"osm way 911413464","source_tile":"172/385"},"geometry":{"type":"LineString","coordinates":[[-119.36097,40.65328],[-119.36054,40.65349]]}},{"type":"Feature","properties":{"name":"(unnamed public road)","road_class":"track","surface":"unpaved","source":"OpenStreetMap","source_detail":"osm way 923226224","source_tile":"172/385"},"geometry":{"type":"LineString","coordinates":[[-119.39756,40.67293],[-119.39775,40.67288],[-119.39788,40.67281],[-119.39801,40.67271],[-119.3981,40.67262],[-119.39816,40.67253],[-119.39821,40.67241],[-119.39827,40.67202],[-119.39835,40.67189],[-119.39837,40.67172],[-119.39841,40.67154],[-119.3985,40.67139],[-119.39864,40.67112],[-119.39889,40.67083],[-119.39903,40.67069],[-119.39913,40.67048],[-119.39921,40.67032],[-119.39931,40.67018],[-119.39946,40.67],[-119.39952,40.66994],[-119.39962,40.66974],[-119.39973,40.6695],[-119.39982,40.66933],[-119.39994,40.66916],[-119.4002,40.66889],[-119.40063,40.66841],[-119.4007,40.66835],[-119.40081,40.66821],[-119.4009,40.66807],[-119.40095,40.66794],[-119.40104,40.66784],[-119.40115,40.66772],[-119.40123,40.66763],[-119.40137,40.66756]]}},{"type":"Feature","properties":{"name":"(unnamed public road)","road_class":"track","source":"OpenStreetMap","source_detail":"osm way 923226225","source_tile":"172/385","surface_inferred":true},"geometry":{"type":"LineString","coordinates":[[-119.40137,40.66756],[-119.40146,40.66751]]}},{"type":"Feature","properties":{"name":"(unnamed public road)","road_class":"track","source":"OpenStreetMap","source_detail":"osm way 923226226","source_tile":"172/385","surface_inferred":true},"geometry":{"type":"LineString","coordinates":[[-119.40146,40.66751],[-119.40149,40.66749],[-119.40173,40.66735],[-119.40202,40.66717],[-119.40229,40.66697],[-119.4025,40.66681],[-119.4028,40.66665],[-119.40298,40.66654],[-119.40314,40.66645],[-119.40336,40.66636],[-119.40354,40.66628],[-119.40368,40.66619],[-119.40383,40.66608],[-119.40396,40.66595],[-119.40408,40.6658],[-119.40421,40.66563],[-119.40445,40.6654],[-119.40462,40.66525],[-119.40478,40.66507],[-119.40494,40.66491],[-119.40507,40.66477],[-119.40515,40.66467],[-119.40522,40.66457],[-119.40533,40.66448],[-119.40541,40.66442],[-119.40552,40.66431],[-119.4056,40.66418],[-119.40565,40.66407],[-119.40571,40.66398],[-119.40574,40.66395]]}},{"type":"Feature","properties":{"name":"(unnamed public road)","road_class":"track","source":"OpenStreetMap","source_detail":"osm way 923226227","source_tile":"172/385","surface_inferred":true},"geometry":{"type":"LineString","coordinates":[[-119.40574,40.66395],[-119.4058,40.66389]]}},{"type":"Feature","properties":{"name":"(unnamed public road)","road_class":"track","surface":"unpaved","source":"OpenStreetMap","source_detail":"osm way 923226228","source_tile":"172/385"},"geometry":{"type":"LineString","coordinates":[[-119.43682,40.70244],[-119.43676,40.70252],[-119.4366,40.7027],[-119.43648,40.70282],[-119.43638,40.70294],[-119.43623,40.70311],[-119.43611,40.70328],[-119.43604,40.70338],[-119.43598,40.70348],[-119.43589,40.7037],[-119.4358,40.70395],[-119.43575,40.70407],[-119.4357,40.70423],[-119.43563,40.70449],[-119.43558,40.7047],[-119.43556,40.70481],[-119.43554,40.70496],[-119.43555,40.70511],[-119.43556,40.70527],[-119.43559,40.7055],[-119.43559,40.70561],[-119.43557,40.70573],[-119.43552,40.70585],[-119.43547,40.70593],[-119.43542,40.70599],[-119.43534,40.70609],[-119.43505,40.70639],[-119.43484,40.70662],[-119.43463,40.70679]]}},{"type":"Feature","properties":{"name":"(unnamed public road)","road_class":"track","surface":"unpaved","source":"OpenStreetMap","source_detail":"osm way 923226229","source_tile":"172/385"},"geometry":{"type":"LineString","coordinates":[[-119.46559,40.70799],[-119.46415,40.71038],[-119.46377,40.7125]]}},{"type":"Feature","properties":{"name":"(unnamed public road)","road_class":"track","surface":"unpaved","source":"OpenStreetMap","source_detail":"osm way 955170724","source_tile":"172/385"},"geometry":{"type":"LineString","coordinates":[[-119.37096,40.64731],[-119.37035,40.64865],[-119.37018,40.64891],[-119.36992,40.6492],[-119.36986,40.64934],[-119.36987,40.64939],[-119.36981,40.64977],[-119.36977,40.64988],[-119.36976,40.65018],[-119.36982,40.65031],[-119.37005,40.65048],[-119.37051,40.65071],[-119.37177,40.65138],[-119.37187,40.65144],[-119.37216,40.65162],[-119.37239,40.65179],[-119.37246,40.65186],[-119.3725,40.65196],[-119.37254,40.65241],[-119.37262,40.65255],[-119.37289,40.65284],[-119.37305,40.65308],[-119.37312,40.65328],[-119.37316,40.65331],[-119.3735,40.6538],[-119.37366,40.65405],[-119.37404,40.65462],[-119.37408,40.65491],[-119.37405,40.65524],[-119.37394,40.65543],[-119.3736,40.6557]]}},{"type":"Feature","properties":{"name":"(unnamed public road)","road_class":"track","surface":"unpaved","source":"OpenStreetMap","source_detail":"osm way 955170725","source_tile":"172/385"},"geometry":{"type":"LineString","coordinates":[[-119.37404,40.65462],[-119.37528,40.65464],[-119.37547,40.65464],[-119.37557,40.65461],[-119.37729,40.65434],[-119.37772,40.65432],[-119.37834,40.6543],[-119.379,40.6544],[-119.38005,40.65466],[-119.38061,40.65484],[-119.38641,40.65699]]}},{"type":"Feature","properties":{"name":"(unnamed public road)","road_class":"track","surface":"unpaved","source":"OpenStreetMap","source_detail":"osm way 955170726","source_tile":"172/385"},"geometry":{"type":"LineString","coordinates":[[-119.37547,40.65464],[-119.375,40.65483],[-119.37471,40.65505],[-119.37426,40.65548]]}},{"type":"Feature","properties":{"name":"(unnamed public road)","road_class":"track","surface":"unpaved","source":"OpenStreetMap","source_detail":"osm way 955170727","source_tile":"172/385"},"geometry":{"type":"LineString","coordinates":[[-119.41506,40.63678],[-119.41483,40.6367],[-119.41452,40.63649],[-119.41434,40.63642],[-119.41416,40.63638],[-119.41381,40.63634],[-119.41368,40.63634],[-119.41358,40.63636],[-119.41331,40.63646],[-119.41315,40.63651],[-119.41299,40.63653],[-119.41269,40.63653],[-119.41222,40.63645],[-119.41061,40.63614],[-119.41007,40.63606],[-119.40962,40.63601],[-119.40921,40.63601],[-119.40811,40.63609],[-119.40693,40.63613],[-119.4062,40.63619],[-119.4054,40.63629],[-119.40505,40.63637],[-119.40484,40.63645],[-119.40458,40.63657],[-119.40415,40.63681],[-119.40364,40.63704],[-119.40289,40.63743],[-119.40221,40.63783],[-119.40166,40.63813],[-119.40149,40.63825],[-119.39945,40.63955],[-119.39806,40.6404],[-119.3975,40.64069],[-119.39734,40.6408],[-119.39725,40.64089],[-119.39655,40.64122],[-119.3958,40.6415],[-119.39437,40.64202],[-119.39397,40.6422],[-119.39369,40.64226],[-119.39341,40.64234],[-119.39281,40.64259],[-119.39241,40.64277],[-119.39131,40.64335],[-119.39097,40.64356],[-119.39046,40.64384],[-119.39029,40.64395],[-119.39018,40.64407],[-119.38995,40.64424],[-119.3899,40.64425],[-119.3898,40.64436],[-119.38969,40.64454],[-119.38963,40.6446],[-119.38922,40.64478],[-119.38903,40.64489],[-119.38895,40.64496],[-119.3888,40.64515],[-119.3887,40.64537],[-119.38857,40.64562],[-119.38822,40.64603],[-119.38813,40.64621],[-119.38805,40.64632],[-119.38795,40.64641],[-119.38782,40.64649],[-119.38685,40.64731],[-119.38562,40.64826],[-119.38517,40.64865],[-119.38488,40.64884],[-119.38432,40.64914],[-119.38379,40.64949],[-119.38366,40.64957],[-119.38325,40.64996],[-119.38308,40.65008],[-119.3828,40.65025],[-119.38249,40.65059],[-119.38244,40.65083],[-119.38234,40.65099],[-119.38228,40.65105],[-119.38225,40.65108],[-119.38191,40.65126],[-119.38174,40.65141],[-119.38152,40.65153],[-119.38145,40.65158],[-119.3813,40.65175],[-119.38112,40.65206],[-119.38108,40.65209],[-119.38099,40.65219],[-119.38097,40.65223],[-119.38042,40.65272],[-119.38027,40.65278],[-119.38011,40.65289],[-119.37989,40.6531],[-119.37919,40.6539],[-119.37894,40.65406],[-119.37851,40.65419],[-119.37843,40.65425],[-119.37834,40.6543]]}},{"type":"Feature","properties":{"name":"(unnamed public road)","road_class":"track","surface":"unpaved","source":"OpenStreetMap","source_detail":"osm way 955170728","source_tile":"172/385"},"geometry":{"type":"LineString","coordinates":[[-119.37772,40.65432],[-119.37784,40.65442],[-119.37786,40.65459],[-119.37781,40.65494],[-119.37784,40.65509],[-119.37796,40.65532]]}},{"type":"Feature","properties":{"name":"(unnamed public road)","road_class":"track","surface":"unpaved","source":"OpenStreetMap","source_detail":"osm way 955170729","source_tile":"172/385"},"geometry":{"type":"LineString","coordinates":[[-119.37729,40.65434],[-119.37718,40.65408],[-119.37713,40.65397],[-119.37708,40.65385],[-119.37712,40.65363]]}},{"type":"Feature","properties":{"name":"(unnamed public road)","road_class":"track","surface":"unpaved","source":"OpenStreetMap","source_detail":"osm way 955170730","source_tile":"172/385"},"geometry":{"type":"LineString","coordinates":[[-119.3765,40.65269],[-119.37638,40.65279],[-119.37624,40.65283],[-119.37611,40.65289],[-119.37599,40.65303],[-119.37587,40.65309],[-119.3757,40.65309],[-119.37553,40.65308],[-119.37533,40.65312],[-119.37508,40.65319],[-119.37487,40.65328],[-119.3739,40.65367],[-119.3735,40.6538]]}},{"type":"Feature","properties":{"name":"(unnamed public road)","road_class":"track","surface":"compacted","tracktype":"grade2","source":"OpenStreetMap","source_detail":"osm way 955170734","source_tile":"172/385"},"geometry":{"type":"LineString","coordinates":[[-119.3505,40.65448],[-119.34951,40.65476],[-119.34826,40.6551],[-119.34805,40.65511],[-119.34773,40.65507],[-119.34752,40.65497],[-119.34723,40.65477]]}},{"type":"Feature","properties":{"name":"(unnamed public road)","road_class":"track","source":"OpenStreetMap","source_detail":"osm way 955170738","source_tile":"172/385","surface_inferred":true},"geometry":{"type":"LineString","coordinates":[[-119.37073,40.66367],[-119.37041,40.66378]]}},{"type":"Feature","properties":{"name":"(unnamed public road)","road_class":"track","surface":"unpaved","source":"OpenStreetMap","source_detail":"osm way 955170739","source_tile":"172/385"},"geometry":{"type":"LineString","coordinates":[[-119.3647,40.6747],[-119.36476,40.67452],[-119.36478,40.6745],[-119.36504,40.67396],[-119.36513,40.67375],[-119.3654,40.67312],[-119.3656,40.67287],[-119.36577,40.67262],[-119.36593,40.67215],[-119.36611,40.67165],[-119.36627,40.6714],[-119.36628,40.67128],[-119.3662,40.67105],[-119.36614,40.67075],[-119.36626,40.67007],[-119.36635,40.6696],[-119.36656,40.66901],[-119.36672,40.66873],[-119.36741,40.66779],[-119.36787,40.66725],[-119.36869,40.66647],[-119.36935,40.66571],[-119.36958,40.66528],[-119.36972,40.66491],[-119.36985,40.66439],[-119.36992,40.66368],[-119.36995,40.66318],[-119.3699,40.66263],[-119.36982,40.66197]]}},{"type":"Feature","properties":{"name":"(unnamed public road)","road_class":"track","source":"OpenStreetMap","source_detail":"osm way 955170742","source_tile":"172/385","surface_inferred":true},"geometry":{"type":"LineString","coordinates":[[-119.34421,40.71178],[-119.34407,40.71163],[-119.34401,40.71132],[-119.34379,40.71098],[-119.34317,40.71005],[-119.34303,40.70981],[-119.34284,40.70978],[-119.34229,40.70985],[-119.34208,40.70986],[-119.34158,40.70982],[-119.34117,40.70982],[-119.34081,40.71002],[-119.34022,40.71037],[-119.3395,40.71067],[-119.33927,40.71077]]}},{"type":"Feature","properties":{"name":"(unnamed public road)","road_class":"track","source":"OpenStreetMap","source_detail":"osm way 955170743","source_tile":"172/385","surface_inferred":true},"geometry":{"type":"LineString","coordinates":[[-119.34421,40.71178],[-119.34335,40.71183],[-119.34228,40.712],[-119.34101,40.71208],[-119.33986,40.71209],[-119.33817,40.71206],[-119.33807,40.71191],[-119.33788,40.71169]]}},{"type":"Feature","properties":{"name":"(unnamed public road)","road_class":"track","surface":"unpaved","source":"OpenStreetMap","source_detail":"osm way 955865436","source_tile":"173/385"},"geometry":{"type":"LineString","coordinates":[[-119.17391,40.55087],[-119.1748,40.55126],[-119.17599,40.55158],[-119.17742,40.55186],[-119.17882,40.55199],[-119.18072,40.55203],[-119.1819,40.55213],[-119.1828,40.55229],[-119.18439,40.55247],[-119.18531,40.55264],[-119.18809,40.55271],[-119.18847,40.55275],[-119.18908,40.55274],[-119.19008,40.55265],[-119.19045,40.55253],[-119.19069,40.55261],[-119.191,40.5526],[-119.19303,40.55286],[-119.19355,40.55306],[-119.19475,40.55315],[-119.19643,40.55303],[-119.19665,40.55305],[-119.1971,40.55335],[-119.19756,40.55336],[-119.19862,40.55318],[-119.19891,40.55325],[-119.1994,40.55323],[-119.19989,40.5534],[-119.20102,40.55316],[-119.20327,40.55295],[-119.20496,40.55276],[-119.20531,40.55278],[-119.20865,40.55266],[-119.20969,40.55271],[-119.21011,40.55284],[-119.21113,40.55286],[-119.21197,40.55271],[-119.21336,40.55269],[-119.21478,40.55267],[-119.21618,40.55283],[-119.21822,40.55289],[-119.21928,40.55279],[-119.21993,40.55286],[-119.22144,40.55263],[-119.22211,40.55232],[-119.22252,40.5481],[-119.22443,40.54572]]}},{"type":"Feature","properties":{"name":"(unnamed public road)","road_class":"track","surface":"unpaved","source":"OpenStreetMap","source_detail":"osm way 955865437","source_tile":"172/385"},"geometry":{"type":"LineString","coordinates":[[-119.2367,40.54908],[-119.23715,40.54968],[-119.23736,40.54984],[-119.23755,40.54993],[-119.23831,40.5502],[-119.23845,40.5503],[-119.23863,40.55049],[-119.23884,40.55063],[-119.23894,40.55072],[-119.239,40.55082],[-119.23923,40.55151],[-119.23935,40.55193],[-119.23966,40.55279],[-119.23976,40.55313],[-119.23995,40.55346],[-119.24013,40.55386],[-119.2404,40.55437],[-119.24056,40.55461],[-119.24081,40.55492],[-119.2411,40.5552],[-119.24121,40.55527],[-119.24183,40.55556],[-119.24234,40.55583],[-119.2426,40.55597],[-119.24339,40.55636],[-119.24344,40.55639],[-119.24347,40.55644],[-119.24347,40.55651],[-119.24343,40.55667],[-119.24341,40.557],[-119.24335,40.55743],[-119.2433,40.55762],[-119.24325,40.55791],[-119.24316,40.55817],[-119.24309,40.55846],[-119.24306,40.55904],[-119.24299,40.55938],[-119.24283,40.55968],[-119.24279,40.55984],[-119.24277,40.56012],[-119.2427,40.56047],[-119.2427,40.56059],[-119.24274,40.56084],[-119.24263,40.56118]]}},{"type":"Feature","properties":{"name":"(unnamed public road)","road_class":"track","source":"OpenStreetMap","source_detail":"osm way 955865438","source_tile":"172/385","surface_inferred":true},"geometry":{"type":"LineString","coordinates":[[-119.24066,40.54458],[-119.24021,40.54506],[-119.23982,40.54564],[-119.23961,40.54625],[-119.23955,40.54637],[-119.2393,40.54655],[-119.23924,40.54666],[-119.23892,40.54701]]}},{"type":"Feature","properties":{"name":"(unnamed public road)","road_class":"track","surface":"unpaved","source":"OpenStreetMap","source_detail":"osm way 955865440","source_tile":"172/385"},"geometry":{"type":"LineString","coordinates":[[-119.24781,40.55904],[-119.24772,40.55944],[-119.24769,40.55947],[-119.24731,40.56018],[-119.24732,40.56024]]}},{"type":"Feature","properties":{"name":"(unnamed public road)","road_class":"track","surface":"unpaved","source":"OpenStreetMap","source_detail":"osm way 955865441","source_tile":"172/385"},"geometry":{"type":"LineString","coordinates":[[-119.27972,40.54949],[-119.27969,40.54953],[-119.27958,40.54958],[-119.27947,40.54961],[-119.27865,40.55006],[-119.27845,40.55023],[-119.27836,40.5504],[-119.27836,40.55048],[-119.2784,40.55068],[-119.27831,40.55088],[-119.27811,40.55123],[-119.278,40.55163],[-119.27803,40.55179],[-119.27821,40.5523],[-119.27818,40.55238],[-119.27808,40.55247],[-119.27792,40.5525],[-119.27776,40.55257],[-119.27744,40.55276],[-119.27726,40.55291],[-119.27713,40.55297],[-119.27674,40.55315],[-119.27649,40.55321],[-119.27635,40.55321],[-119.27622,40.55319],[-119.27575,40.55304],[-119.27555,40.55302],[-119.27545,40.55305],[-119.27536,40.5531],[-119.27524,40.55319],[-119.27491,40.55335],[-119.27457,40.55355],[-119.27413,40.55375],[-119.27323,40.55425],[-119.27254,40.55446],[-119.27231,40.55455],[-119.27145,40.55485],[-119.27074,40.55499],[-119.26993,40.5552],[-119.26939,40.55529],[-119.26895,40.55543],[-119.26869,40.55548],[-119.26835,40.55552],[-119.26758,40.55553],[-119.26674,40.55547],[-119.26661,40.55549],[-119.26646,40.55556],[-119.26611,40.55577],[-119.26517,40.55615],[-119.26494,40.5562],[-119.26423,40.55625],[-119.26409,40.55629],[-119.26318,40.55664],[-119.2627,40.55685],[-119.26171,40.55723],[-119.26152,40.55727],[-119.26114,40.55733],[-119.26073,40.55745],[-119.26028,40.55762],[-119.26018,40.55767],[-119.26004,40.55778],[-119.25977,40.55788],[-119.2596,40.55798],[-119.25953,40.558],[-119.25926,40.55806],[-119.2591,40.55815],[-119.25899,40.55819],[-119.25888,40.55821],[-119.25872,40.55821],[-119.25851,40.55818],[-119.25842,40.55818],[-119.25832,40.55821],[-119.25794,40.55836],[-119.25703,40.55857],[-119.25682,40.55863],[-119.25668,40.5587],[-119.25657,40.55873],[-119.25638,40.55872],[-119.25599,40.55865],[-119.25592,40.55863],[-119.25565,40.55862],[-119.25501,40.55869],[-119.2546,40.55876],[-119.25389,40.55881],[-119.25362,40.55885],[-119.25307,40.55902],[-119.25289,40.55903],[-119.25238,40.559],[-119.25214,40.559],[-119.25145,40.55913],[-119.25108,40.55925],[-119.25077,40.55932],[-119.25063,40.55938],[-119.25045,40.55949],[-119.25023,40.55969],[-119.25,40.55982],[-119.24962,40.56],[-119.24938,40.56019],[-119.2492,40.56038],[-119.24904,40.56046],[-119.24896,40.56049],[-119.24888,40.56049],[-119.24824,40.56039],[-119.24768,40.56019],[-119.24732,40.56024],[-119.24694,40.56053],[-119.24649,40.5608],[-119.24622,40.56096],[-119.24529,40.56113]]}},{"type":"Feature","properties":{"name":"(unnamed public road)","road_class":"track","surface":"unpaved","source":"OpenStreetMap","source_detail":"osm way 955865442","source_tile":"172/385"},"geometry":{"type":"LineString","coordinates":[[-119.27844,40.54885],[-119.27912,40.54916],[-119.27932,40.54929],[-119.27951,40.54946],[-119.27965,40.54947],[-119.27972,40.54949]]}},{"type":"Feature","properties":{"name":"(unnamed public road)","road_class":"track","surface":"unpaved","source":"OpenStreetMap","source_detail":"osm way 955865443","source_tile":"172/385"},"geometry":{"type":"LineString","coordinates":[[-119.28048,40.54941],[-119.28036,40.54943],[-119.27993,40.54946],[-119.27972,40.54949]]}},{"type":"Feature","properties":{"name":"(unnamed public road)","road_class":"track","surface":"unpaved","source":"OpenStreetMap","source_detail":"osm way 955865444","source_tile":"172/385"},"geometry":{"type":"LineString","coordinates":[[-119.27951,40.54946],[-119.2795,40.54952],[-119.27947,40.54961]]}},{"type":"Feature","properties":{"name":"(unnamed public road)","road_class":"track","surface":"unpaved","source":"OpenStreetMap","source_detail":"osm way 955880270","source_tile":"172/385"},"geometry":{"type":"LineString","coordinates":[[-119.27831,40.55088],[-119.27762,40.55043],[-119.27733,40.55027],[-119.27688,40.55014],[-119.27658,40.55005],[-119.27606,40.54987],[-119.27574,40.54973],[-119.27545,40.54968],[-119.27523,40.54961],[-119.27498,40.54959],[-119.27478,40.54951],[-119.27446,40.54951],[-119.27391,40.54943],[-119.2734,40.54946],[-119.27297,40.5495],[-119.27277,40.54957]]}},{"type":"Feature","properties":{"name":"(unnamed public road)","road_class":"track","surface":"unpaved","source":"OpenStreetMap","source_detail":"osm way 955887644","source_tile":"172/385"},"geometry":{"type":"LineString","coordinates":[[-119.32885,40.56695],[-119.32878,40.56697],[-119.32818,40.56686],[-119.32762,40.56672],[-119.32654,40.56656],[-119.3262,40.56653],[-119.32539,40.56653],[-119.32497,40.56651],[-119.32451,40.56654],[-119.32431,40.56654],[-119.32361,40.56648],[-119.32304,40.56646],[-119.32249,40.56644],[-119.32161,40.56631],[-119.32115,40.5662],[-119.32068,40.56612],[-119.3203,40.56602],[-119.31972,40.56591],[-119.31938,40.56584],[-119.31888,40.5658],[-119.31784,40.56563],[-119.31713,40.56509],[-119.31699,40.56481],[-119.31638,40.56415],[-119.31624,40.56404],[-119.31611,40.56397],[-119.31591,40.56391],[-119.3154,40.56385],[-119.31522,40.56387]]}},{"type":"Feature","properties":{"name":"(unnamed public road)","road_class":"track","surface":"unpaved","source":"OpenStreetMap","source_detail":"osm way 955887645","source_tile":"172/385"},"geometry":{"type":"LineString","coordinates":[[-119.32905,40.56714],[-119.3292,40.56736],[-119.32976,40.56793],[-119.32984,40.56803],[-119.3302,40.56837],[-119.33024,40.56839],[-119.33028,40.56843],[-119.33076,40.56888],[-119.33124,40.56934],[-119.33133,40.56948]]}},{"type":"Feature","properties":{"name":"(unnamed public road)","road_class":"track","surface":"unpaved","source":"OpenStreetMap","source_detail":"osm way 955887646","source_tile":"172/385"},"geometry":{"type":"LineString","coordinates":[[-119.33133,40.56948],[-119.33178,40.57027],[-119.33219,40.57104],[-119.33249,40.57132],[-119.3332,40.5719],[-119.33317,40.57199]]}},{"type":"Feature","properties":{"name":"(unnamed public road)","road_class":"track","surface":"unpaved","source":"OpenStreetMap","source_detail":"osm way 955887647","source_tile":"172/385"},"geometry":{"type":"LineString","coordinates":[[-119.32984,40.56803],[-119.32977,40.56825],[-119.32974,40.5686],[-119.32976,40.56883],[-119.32975,40.56918],[-119.32971,40.56931],[-119.32967,40.56941],[-119.32943,40.56978],[-119.3294,40.56985],[-119.32941,40.56992],[-119.32947,40.57002],[-119.32956,40.57009],[-119.32967,40.57014],[-119.33003,40.57025],[-119.33012,40.57031],[-119.33014,40.57036],[-119.33012,40.57053],[-119.33014,40.57063],[-119.33021,40.57075],[-119.33031,40.57085],[-119.33043,40.5709],[-119.33073,40.57087],[-119.33114,40.57061],[-119.33117,40.57058],[-119.33122,40.57057],[-119.33125,40.57054],[-119.33178,40.57027]]}},{"type":"Feature","properties":{"name":"(unnamed public road)","road_class":"track","surface":"unpaved","source":"OpenStreetMap","source_detail":"osm way 955887648","source_tile":"172/385"},"geometry":{"type":"LineString","coordinates":[[-119.33267,40.57232],[-119.33271,40.57222],[-119.33261,40.57214],[-119.33192,40.57196],[-119.33188,40.57195],[-119.3317,40.57186],[-119.33163,40.57181],[-119.33157,40.57175],[-119.33142,40.57161],[-119.33123,40.57128],[-119.33114,40.57114],[-119.33095,40.57099],[-119.33073,40.57087]]}},{"type":"Feature","properties":{"name":"(unnamed public road)","road_class":"track","surface":"unpaved","source":"OpenStreetMap","source_detail":"osm way 955887650","source_tile":"172/385"},"geometry":{"type":"LineString","coordinates":[[-119.33207,40.57619],[-119.33205,40.57572],[-119.33206,40.57562],[-119.3321,40.57556],[-119.33212,40.57541],[-119.33227,40.57503],[-119.3323,40.57474],[-119.332,40.57455],[-119.33174,40.57447],[-119.33107,40.57443],[-119.3307,40.57437],[-119.33026,40.57424],[-119.33,40.57421],[-119.32952,40.57418],[-119.32879,40.57419],[-119.32868,40.57417],[-119.32836,40.57405],[-119.3282,40.57401],[-119.32775,40.57393],[-119.32749,40.57385],[-119.32702,40.57381],[-119.32667,40.57372],[-119.32648,40.57372],[-119.32612,40.5738],[-119.32595,40.57378],[-119.32561,40.57367],[-119.32488,40.57349],[-119.32434,40.57328],[-119.32359,40.57305],[-119.3235,40.57301],[-119.32312,40.57276],[-119.32291,40.57266],[-119.32262,40.57256],[-119.32127,40.57217],[-119.32108,40.5721],[-119.32084,40.57198],[-119.32058,40.57189],[-119.3203,40.57185],[-119.31973,40.5718],[-119.31848,40.57173],[-119.31821,40.57168],[-119.31741,40.57148],[-119.31657,40.57131],[-119.31623,40.57117],[-119.31597,40.57103],[-119.31584,40.57091],[-119.31568,40.57071],[-119.31561,40.57063],[-119.31528,40.57049],[-119.31447,40.5703],[-119.31351,40.57043],[-119.31312,40.57056],[-119.31296,40.5707]]}},{"type":"Feature","properties":{"name":"(unnamed public road)","road_class":"track","surface":"unpaved","source":"OpenStreetMap","source_detail":"osm way 955887651","source_tile":"172/385"},"geometry":{"type":"LineString","coordinates":[[-119.3323,40.57474],[-119.33273,40.57473],[-119.33306,40.57468],[-119.33342,40.57471],[-119.33414,40.57478],[-119.33465,40.57491],[-119.33483,40.57494]]}},{"type":"Feature","properties":{"name":"(unnamed public road)","road_class":"track","surface":"unpaved","source":"OpenStreetMap","source_detail":"osm way 955887652","source_tile":"172/385"},"geometry":{"type":"LineString","coordinates":[[-119.3321,40.57556],[-119.33558,40.57566]]}},{"type":"Feature","properties":{"name":"(unnamed public road)","road_class":"track","surface":"unpaved","source":"OpenStreetMap","source_detail":"osm way 955887653","source_tile":"172/385"},"geometry":{"type":"LineString","coordinates":[[-119.31447,40.5703],[-119.31447,40.57018],[-119.31427,40.5697],[-119.31392,40.56915],[-119.31383,40.56908],[-119.3137,40.569],[-119.31352,40.56893],[-119.31326,40.56885],[-119.31318,40.5688],[-119.31291,40.56854],[-119.3129,40.56849],[-119.31298,40.56838],[-119.31303,40.56814],[-119.31321,40.56798],[-119.31334,40.56772],[-119.31344,40.56762],[-119.31351,40.56742],[-119.31359,40.56733],[-119.3136,40.56723],[-119.31374,40.56702],[-119.31384,40.56693],[-119.31387,40.56678],[-119.31402,40.56653],[-119.3141,40.56624],[-119.31429,40.56577],[-119.31443,40.56563],[-119.31467,40.5655],[-119.31472,40.56543],[-119.3147,40.56531],[-119.31477,40.56514],[-119.31478,40.56496],[-119.31489,40.56475]]}},{"type":"Feature","properties":{"name":"(unnamed public road)","road_class":"track","surface":"unpaved","source":"OpenStreetMap","source_detail":"osm way 955887654","source_tile":"172/385"},"geometry":{"type":"LineString","coordinates":[[-119.24563,40.56018],[-119.24554,40.56045],[-119.24548,40.56084],[-119.24529,40.56113],[-119.24479,40.56151],[-119.24445,40.56166],[-119.24437,40.56165],[-119.24429,40.56162],[-119.24394,40.56142],[-119.24381,40.56138],[-119.24309,40.56135],[-119.24263,40.56118],[-119.24235,40.56113],[-119.24219,40.56114],[-119.24091,40.56142],[-119.23988,40.56159],[-119.23832,40.5618],[-119.23719,40.56192],[-119.23548,40.56197],[-119.23513,40.56193],[-119.23476,40.56187],[-119.23436,40.56186],[-119.2339,40.56179],[-119.23375,40.56179],[-119.23317,40.56186],[-119.23273,40.5619],[-119.23187,40.56204],[-119.23066,40.56238]]}},{"type":"Feature","properties":{"name":"(unnamed public road)","road_class":"track","surface":"unpaved","source":"OpenStreetMap","source_detail":"osm way 955887655","source_tile":"172/385"},"geometry":{"type":"LineString","coordinates":[[-119.18289,40.57899],[-119.18322,40.57895],[-119.18387,40.5788],[-119.18421,40.57874],[-119.18437,40.57871],[-119.18489,40.57862],[-119.18706,40.57841],[-119.18792,40.57836],[-119.18896,40.57825],[-119.18919,40.57817],[-119.18971,40.57782],[-119.19084,40.57673],[-119.19113,40.57655],[-119.19133,40.57649],[-119.19156,40.57646],[-119.19185,40.57645],[-119.192,40.57642],[-119.19218,40.57633],[-119.19231,40.57621],[-119.19241,40.57607],[-119.19253,40.57577],[-119.19259,40.57546],[-119.19271,40.57504],[-119.19277,40.57453],[-119.19289,40.57426],[-119.19309,40.57365],[-119.1932,40.57229],[-119.19321,40.57145],[-119.19321,40.57114],[-119.19316,40.57088],[-119.19317,40.57005],[-119.19312,40.56766],[-119.19316,40.56704],[-119.19311,40.56667],[-119.19313,40.56623],[-119.19315,40.56379],[-119.19312,40.56327],[-119.19315,40.56299],[-119.19317,40.56264]]}},{"type":"Feature","properties":{"name":"(unnamed public road)","road_class":"track","surface":"unpaved","source":"OpenStreetMap","source_detail":"osm way 955887656","source_tile":"172/385"},"geometry":{"type":"LineString","coordinates":[[-119.18971,40.57782],[-119.19013,40.57785],[-119.19061,40.57796],[-119.19118,40.57817],[-119.19161,40.57836],[-119.19193,40.57852],[-119.19206,40.57855],[-119.19233,40.57852],[-119.19246,40.57849],[-119.19277,40.5783],[-119.19293,40.57823],[-119.19332,40.57817],[-119.19383,40.57805],[-119.19389,40.57805],[-119.19397,40.57808],[-119.19406,40.57819],[-119.1944,40.57842]]}},{"type":"Feature","properties":{"name":"(unnamed public road)","road_class":"track","surface":"unpaved","source":"OpenStreetMap","source_detail":"osm way 955887657","source_tile":"172/385"},"geometry":{"type":"LineString","coordinates":[[-119.20093,40.56995],[-119.1988,40.57052],[-119.19762,40.57087],[-119.19711,40.57105],[-119.1966,40.57126],[-119.19609,40.5715],[-119.19577,40.57168],[-119.19561,40.57175],[-119.19513,40.57189],[-119.19432,40.57208],[-119.19406,40.57229],[-119.19403,40.57254],[-119.19385,40.57294],[-119.19358,40.57341],[-119.19344,40.57354],[-119.19309,40.57365]]}},{"type":"Feature","properties":{"name":"(unnamed public road)","road_class":"track","surface":"unpaved","source":"OpenStreetMap","source_detail":"osm way 955887658","source_tile":"173/385"},"geometry":{"type":"LineString","coordinates":[[-119.17845,40.56376],[-119.17919,40.56369],[-119.17958,40.56368],[-119.17992,40.5636],[-119.18037,40.56332],[-119.18123,40.56294],[-119.18238,40.56272],[-119.18294,40.56257],[-119.18356,40.5625],[-119.18364,40.56248],[-119.18396,40.56232],[-119.18407,40.56229],[-119.18423,40.56228],[-119.18461,40.56231],[-119.18508,40.56224],[-119.18534,40.56219],[-119.18563,40.56225],[-119.18589,40.56224],[-119.18596,40.56226],[-119.18606,40.56232],[-119.18615,40.5624],[-119.1863,40.56259],[-119.18643,40.56265],[-119.18689,40.5628],[-119.18712,40.56291],[-119.1872,40.56292],[-119.18786,40.56291],[-119.18806,40.56294],[-119.18822,40.56294],[-119.18876,40.56288],[-119.18972,40.56283],[-119.19146,40.56267],[-119.19317,40.56264],[-119.19454,40.56249],[-119.19531,40.56236],[-119.19564,40.56227],[-119.19595,40.56216],[-119.19628,40.56201],[-119.19654,40.56193],[-119.19694,40.56183],[-119.19736,40.56176],[-119.19753,40.5617],[-119.19778,40.5616],[-119.19796,40.56155],[-119.19809,40.56154],[-119.19843,40.56155],[-119.19882,40.56163],[-119.19917,40.56177],[-119.19964,40.56201],[-119.1999,40.56211],[-119.20014,40.56217],[-119.20057,40.56224],[-119.20066,40.56227],[-119.2008,40.5623],[-119.20189,40.56237],[-119.20227,40.56241],[-119.20263,40.56247],[-119.20281,40.56247],[-119.20315,40.56242],[-119.20406,40.56239],[-119.20431,40.56242],[-119.20449,40.56242],[-119.20499,40.56235],[-119.20546,40.56224],[-119.20586,40.56219],[-119.20606,40.56212],[-119.20695,40.56178],[-119.20763,40.56146],[-119.20881,40.56096],[-119.20934,40.56077],[-119.21011,40.56053],[-119.21054,40.56035],[-119.21083,40.56029],[-119.21181,40.56017],[-119.21334,40.55986],[-119.21361,40.55983],[-119.21448,40.55981],[-119.21476,40.55977],[-119.21575,40.55942],[-119.21627,40.55927],[-119.21658,40.55922],[-119.21698,40.55913],[-119.21751,40.55905],[-119.21805,40.55892],[-119.21857,40.55887],[-119.21888,40.5588],[-119.21967,40.55868],[-119.21985,40.55863],[-119.22012,40.55853],[-119.22033,40.55844],[-119.22051,40.55826],[-119.22155,40.55763],[-119.22183,40.55736],[-119.22199,40.55725],[-119.22215,40.55717],[-119.2223,40.55705],[-119.22248,40.55687],[-119.22273,40.55671],[-119.22315,40.55641],[-119.22363,40.55623],[-119.22395,40.55612],[-119.22425,40.55595],[-119.22474,40.55572],[-119.22542,40.55552],[-119.22599,40.55533],[-119.22605,40.55528],[-119.22609,40.55523],[-119.22612,40.55508],[-119.22617,40.55502],[-119.22662,40.55482],[-119.22686,40.5547],[-119.22703,40.55458],[-119.2274,40.55438],[-119.22754,40.55426],[-119.22801,40.55399]]}},{"type":"Feature","properties":{"name":"(unnamed public road)","road_class":"track","source":"OpenStreetMap","source_detail":"osm way 955946474","source_tile":"172/385","surface_inferred":true},"geometry":{"type":"LineString","coordinates":[[-119.19833,40.49213],[-119.19828,40.49186],[-119.19786,40.49171],[-119.19704,40.49114],[-119.19655,40.49027],[-119.19605,40.4899],[-119.19574,40.48951]]}},{"type":"Feature","properties":{"name":"(unnamed public road)","road_class":"track","surface":"unpaved","source":"OpenStreetMap","source_detail":"osm way 955946475","source_tile":"172/385"},"geometry":{"type":"LineString","coordinates":[[-119.18466,40.48753],[-119.18484,40.48746],[-119.18664,40.48714],[-119.18688,40.48706],[-119.18737,40.48693],[-119.18755,40.48692],[-119.18791,40.48692],[-119.18855,40.48685],[-119.1888,40.48681],[-119.18946,40.48667],[-119.19071,40.48643],[-119.19181,40.48617],[-119.19276,40.48591],[-119.19404,40.48563],[-119.19452,40.48565],[-119.19475,40.48566],[-119.19681,40.48584],[-119.19726,40.48585],[-119.19819,40.48584]]}},{"type":"Feature","properties":{"name":"(unnamed public road)","road_class":"unclassified","surface":"unpaved","source":"OpenStreetMap","source_detail":"osm way 955946476","source_tile":"172/385"},"geometry":{"type":"LineString","coordinates":[[-119.21329,40.48829],[-119.21215,40.48843],[-119.21192,40.48844],[-119.21186,40.48846],[-119.21113,40.48853],[-119.21044,40.48858],[-119.21009,40.48862],[-119.20854,40.48879],[-119.20826,40.48889],[-119.20765,40.48929],[-119.20593,40.49123],[-119.20507,40.49188]]}},{"type":"Feature","properties":{"name":"(unnamed public road)","road_class":"track","surface":"unpaved","source":"OpenStreetMap","source_detail":"osm way 955946477","source_tile":"172/385"},"geometry":{"type":"LineString","coordinates":[[-119.19333,40.49045],[-119.19386,40.4903],[-119.19477,40.4901],[-119.19574,40.48951],[-119.19623,40.48935],[-119.19649,40.48923],[-119.19695,40.48881],[-119.1977,40.48804],[-119.19789,40.48735],[-119.19801,40.48662],[-119.19795,40.48612],[-119.19819,40.48584],[-119.19892,40.48572],[-119.19944,40.48557],[-119.2,40.48544],[-119.20184,40.48532],[-119.20237,40.48538],[-119.20293,40.48527],[-119.20386,40.48522],[-119.20556,40.48487],[-119.20747,40.48463],[-119.21009,40.48434],[-119.21092,40.48423],[-119.21161,40.4841],[-119.21287,40.48392],[-119.21359,40.48392],[-119.21431,40.48369],[-119.2147,40.4836],[-119.21513,40.48314],[-119.21527,40.48296],[-119.21544,40.48275],[-119.21659,40.48233],[-119.21737,40.48201],[-119.21795,40.48203],[-119.21835,40.48225],[-119.21845,40.48251],[-119.21864,40.48255],[-119.21946,40.48259],[-119.21991,40.48257],[-119.22018,40.4827],[-119.22043,40.48282],[-119.22087,40.48286],[-119.22132,40.48307],[-119.22233,40.4836],[-119.22287,40.48387]]}},{"type":"Feature","properties":{"name":"(unnamed public road)","road_class":"track","surface":"unpaved","source":"OpenStreetMap","source_detail":"osm way 955946478","source_tile":"172/385"},"geometry":{"type":"LineString","coordinates":[[-119.25231,40.47409],[-119.25246,40.47415],[-119.25252,40.47416]]}},{"type":"Feature","properties":{"name":"(unnamed public road)","road_class":"track","surface":"unpaved","source":"OpenStreetMap","source_detail":"osm way 955946479","source_tile":"172/385"},"geometry":{"type":"LineString","coordinates":[[-119.26002,40.47368],[-119.25877,40.4728],[-119.25829,40.47239],[-119.25825,40.4723],[-119.25825,40.47217],[-119.25822,40.47209],[-119.25818,40.47206],[-119.25799,40.47198],[-119.25793,40.4719],[-119.25795,40.47175],[-119.25781,40.47139],[-119.25781,40.471],[-119.25776,40.4709],[-119.25769,40.4708],[-119.25753,40.47066],[-119.25739,40.47041],[-119.25727,40.47023],[-119.25722,40.47011],[-119.25718,40.4699],[-119.25714,40.46979],[-119.25707,40.46974],[-119.25683,40.4696],[-119.2567,40.46955],[-119.25659,40.46955],[-119.25599,40.46963],[-119.25533,40.46969],[-119.25451,40.46982],[-119.25409,40.46985],[-119.25326,40.46983],[-119.25267,40.4697],[-119.25181,40.46962]]}},{"type":"Feature","properties":{"name":"(unnamed public road)","road_class":"track","surface":"unpaved","source":"OpenStreetMap","source_detail":"osm way 955946480","source_tile":"172/385"},"geometry":{"type":"LineString","coordinates":[[-119.25155,40.46967],[-119.25163,40.46972],[-119.25169,40.46972],[-119.25176,40.46969]]}},{"type":"Feature","properties":{"name":"(unnamed public road)","road_class":"track","surface":"unpaved","source":"OpenStreetMap","source_detail":"osm way 955946481","source_tile":"172/385"},"geometry":{"type":"LineString","coordinates":[[-119.25111,40.46784],[-119.25095,40.46793],[-119.25044,40.46822],[-119.24963,40.4688],[-119.24944,40.46891],[-119.24934,40.46899],[-119.24907,40.46912],[-119.24823,40.46943],[-119.24814,40.46944],[-119.24749,40.46941],[-119.24726,40.46941],[-119.24697,40.46936],[-119.24687,40.4694],[-119.24678,40.46947],[-119.24636,40.46965],[-119.24626,40.46965],[-119.24613,40.46962],[-119.24601,40.46956],[-119.24593,40.46953],[-119.24535,40.46946],[-119.24522,40.46941],[-119.24487,40.46927],[-119.24468,40.46917],[-119.24458,40.46909],[-119.24403,40.46858],[-119.24386,40.46847],[-119.24354,40.46842],[-119.24256,40.46816]]}},{"type":"Feature","properties":{"name":"(unnamed public road)","road_class":"unclassified","surface":"unpaved","source":"OpenStreetMap","source_detail":"osm way 955946482","source_tile":"172/385"},"geometry":{"type":"LineString","coordinates":[[-119.25162,40.47007],[-119.25157,40.46976],[-119.25155,40.46967],[-119.25146,40.46934],[-119.25115,40.46825],[-119.25109,40.46798],[-119.25111,40.46784],[-119.2512,40.46775],[-119.25155,40.46738],[-119.25196,40.46688],[-119.2522,40.46641],[-119.25228,40.46628],[-119.25243,40.46604],[-119.25245,40.4659],[-119.25246,40.46583],[-119.25246,40.46542],[-119.2524,40.4652],[-119.25237,40.46491],[-119.25255,40.4645],[-119.25282,40.46418],[-119.25293,40.464],[-119.25295,40.46378],[-119.2531,40.46339],[-119.25314,40.46305],[-119.25313,40.46281],[-119.25309,40.46239],[-119.25289,40.462],[-119.25271,40.46162],[-119.25246,40.46148],[-119.25191,40.46129],[-119.25177,40.46119],[-119.25168,40.46106],[-119.25148,40.46069],[-119.25132,40.4603],[-119.25123,40.45998],[-119.25115,40.45978],[-119.25108,40.45935],[-119.25101,40.45886],[-119.25098,40.45836],[-119.251,40.45825],[-119.25109,40.45795],[-119.25107,40.45763],[-119.25093,40.45713],[-119.2507,40.4565],[-119.25053,40.45624],[-119.25042,40.45608],[-119.25039,40.45593],[-119.25044,40.45581],[-119.25072,40.4555],[-119.2508,40.45529],[-119.25083,40.45491],[-119.25071,40.45381],[-119.25051,40.45135],[-119.25047,40.45106],[-119.25049,40.45082],[-119.25056,40.45069],[-119.2506,40.45062]]}},{"type":"Feature","properties":{"name":"(unnamed public road)","road_class":"track","surface":"unpaved","source":"OpenStreetMap","source_detail":"osm way 955946483","source_tile":"172/385"},"geometry":{"type":"LineString","coordinates":[[-119.23446,40.46125],[-119.23496,40.46149],[-119.23594,40.46177],[-119.23615,40.46188],[-119.23668,40.46231],[-119.23671,40.46236],[-119.23671,40.46257],[-119.23674,40.46266],[-119.23691,40.46288],[-119.23716,40.46312],[-119.23733,40.46326],[-119.23771,40.4635],[-119.23814,40.46379],[-119.23848,40.46399],[-119.23867,40.46413],[-119.2388,40.4642],[-119.23923,40.46437],[-119.23958,40.46449],[-119.23992,40.46464],[-119.24014,40.46472],[-119.24065,40.46493],[-119.24135,40.46514],[-119.24159,40.46523],[-119.2422,40.46551],[-119.24264,40.46574],[-119.24315,40.46595],[-119.24347,40.46613],[-119.24381,40.46629],[-119.24433,40.46642],[-119.24564,40.46679],[-119.24712,40.46734],[-119.24726,40.46736],[-119.24737,40.46736],[-119.24837,40.46716],[-119.24911,40.46704],[-119.24963,40.4669],[-119.25027,40.46677],[-119.25049,40.46667],[-119.25065,40.46656],[-119.25073,40.46653],[-119.25076,40.4665],[-119.25119,40.46626],[-119.25146,40.4662],[-119.25245,40.4659]]}},{"type":"Feature","properties":{"name":"(unnamed public road)","road_class":"track","surface":"unpaved","source":"OpenStreetMap","source_detail":"osm way 955946484","source_tile":"172/385"},"geometry":{"type":"LineString","coordinates":[[-119.25056,40.45069],[-119.25013,40.45069],[-119.24905,40.45085],[-119.24747,40.45093],[-119.24732,40.45096],[-119.24709,40.45104],[-119.24698,40.45105],[-119.2467,40.45104],[-119.24626,40.45099],[-119.24608,40.45099],[-119.24597,40.45096],[-119.2459,40.45096],[-119.24566,40.45092],[-119.24474,40.45064],[-119.24345,40.45034],[-119.24274,40.4501]]}},{"type":"Feature","properties":{"name":"(unnamed public road)","road_class":"unclassified","surface":"unpaved","source":"OpenStreetMap","source_detail":"osm way 955946486","source_tile":"172/386"},"geometry":{"type":"LineString","coordinates":[[-119.23209,40.43582],[-119.23294,40.43581],[-119.23373,40.43585],[-119.23433,40.43585],[-119.2347,40.4359],[-119.23534,40.43604],[-119.23586,40.43612],[-119.23631,40.43621],[-119.23726,40.43628],[-119.23813,40.43642],[-119.23868,40.43644],[-119.23895,40.43642],[-119.23944,40.43637],[-119.23991,40.43639],[-119.24072,40.43671],[-119.24106,40.43681],[-119.24137,40.43688],[-119.24173,40.4371],[-119.24242,40.43734],[-119.24287,40.43745],[-119.24359,40.43763],[-119.24398,40.43763],[-119.24423,40.43758],[-119.24442,40.43744],[-119.24459,40.43719],[-119.24477,40.43714],[-119.2449,40.43715],[-119.24499,40.43731],[-119.24487,40.43769],[-119.24487,40.43791],[-119.24488,40.43823],[-119.24479,40.43845],[-119.24471,40.43864],[-119.24457,40.4389],[-119.24454,40.43906],[-119.24457,40.43919],[-119.24471,40.43937],[-119.24486,40.43957],[-119.24496,40.43977],[-119.24511,40.44039],[-119.24515,40.44057],[-119.24522,40.44091],[-119.24526,40.44112],[-119.24548,40.44155],[-119.24569,40.44197],[-119.24584,40.44217],[-119.24612,40.44249],[-119.24626,40.44271],[-119.24633,40.44286],[-119.24634,40.44301],[-119.24627,40.44322],[-119.24614,40.44355],[-119.24607,40.44388],[-119.24606,40.4441],[-119.24611,40.44469],[-119.24616,40.44526],[-119.24625,40.44574],[-119.24631,40.44595],[-119.24643,40.44645],[-119.24659,40.44676],[-119.24678,40.447],[-119.24722,40.44743],[-119.24813,40.44819],[-119.2493,40.44938],[-119.2501,40.45019],[-119.25039,40.45047],[-119.2506,40.45062],[-119.25082,40.45067],[-119.25086,40.45069],[-119.25141,40.4509],[-119.25158,40.451]]}},{"type":"Feature","properties":{"name":"(unnamed public road)","road_class":"track","surface":"unpaved","source":"OpenStreetMap","source_detail":"osm way 955946491","source_tile":"172/385"},"geometry":{"type":"LineString","coordinates":[[-119.27915,40.45098],[-119.27982,40.45159],[-119.27989,40.45163],[-119.28013,40.4517],[-119.28021,40.45174],[-119.28049,40.452],[-119.28078,40.45219],[-119.28082,40.45224],[-119.28087,40.45242],[-119.28095,40.45273],[-119.28084,40.4531],[-119.28082,40.45319],[-119.28087,40.45338],[-119.28087,40.45347],[-119.28084,40.4536],[-119.28085,40.45375],[-119.28104,40.45432],[-119.28111,40.45467],[-119.28125,40.45507],[-119.28131,40.45544],[-119.28127,40.45557],[-119.28115,40.45592],[-119.28113,40.45604],[-119.28112,40.45635],[-119.2809,40.45714],[-119.28073,40.45749],[-119.28051,40.45774],[-119.28025,40.45815],[-119.28023,40.4582],[-119.28025,40.4584],[-119.28023,40.4586],[-119.28021,40.45877],[-119.28017,40.45885],[-119.28007,40.45895],[-119.2799,40.45907],[-119.27965,40.4593],[-119.27928,40.45948],[-119.27915,40.45953],[-119.27906,40.45954],[-119.27889,40.45954],[-119.2787,40.45955],[-119.27847,40.45954],[-119.27825,40.45956],[-119.27804,40.45963],[-119.27778,40.45976],[-119.27744,40.46],[-119.27723,40.46018],[-119.27715,40.46023],[-119.27694,40.4603],[-119.27682,40.46038],[-119.2766,40.46058],[-119.27634,40.46087],[-119.27624,40.46093],[-119.27597,40.46102],[-119.27584,40.4611],[-119.27577,40.46119],[-119.27565,40.46147],[-119.2756,40.46153],[-119.2754,40.46173],[-119.27531,40.46184],[-119.27524,40.46209],[-119.27516,40.46217],[-119.27498,40.46226],[-119.2742,40.4624],[-119.27409,40.46253],[-119.27318,40.46287],[-119.27297,40.46287],[-119.2727,40.46282],[-119.27249,40.46282],[-119.27158,40.46295],[-119.27073,40.46314],[-119.27013,40.46316],[-119.26935,40.46327],[-119.26909,40.46321],[-119.26861,40.46302],[-119.26834,40.46281],[-119.26817,40.46264],[-119.26758,40.46244],[-119.26741,40.46236],[-119.2674,40.46227],[-119.26743,40.4621],[-119.26741,40.46205],[-119.26735,40.46198],[-119.26691,40.46173],[-119.26674,40.46169],[-119.26579,40.46158],[-119.26567,40.46154],[-119.26546,40.46139],[-119.2653,40.4613],[-119.26491,40.46117],[-119.26419,40.46101],[-119.26377,40.46094],[-119.26364,40.4609],[-119.26349,40.46082],[-119.26322,40.46074],[-119.26307,40.46074],[-119.26255,40.46088],[-119.26242,40.46088],[-119.26208,40.46082],[-119.26204,40.46081],[-119.26183,40.46078],[-119.26161,40.46073],[-119.26118,40.46067],[-119.26079,40.46066],[-119.26014,40.46055],[-119.2598,40.46057],[-119.25919,40.46066],[-119.25853,40.46069],[-119.2582,40.46061],[-119.25788,40.46059],[-119.25762,40.46064],[-119.25738,40.46094]]}},{"type":"Feature","properties":{"name":"(unnamed public road)","road_class":"track","surface":"unpaved","source":"OpenStreetMap","source_detail":"osm way 955946492","source_tile":"172/385"},"geometry":{"type":"LineString","coordinates":[[-119.26935,40.46327],[-119.26956,40.46351],[-119.26972,40.46386],[-119.26974,40.4639],[-119.26981,40.46393],[-119.26998,40.46397],[-119.27003,40.46402],[-119.27006,40.4641],[-119.27005,40.46414],[-119.27001,40.46422],[-119.26985,40.46437],[-119.26979,40.46449],[-119.26975,40.46473],[-119.26979,40.46486],[-119.26985,40.46494],[-119.26992,40.46498],[-119.27004,40.46502],[-119.27014,40.46509],[-119.27026,40.46551],[-119.27027,40.46563],[-119.2703,40.46574],[-119.27039,40.46583],[-119.27057,40.46594],[-119.27066,40.46601],[-119.27089,40.46623],[-119.27105,40.46642],[-119.27111,40.46657],[-119.27114,40.46673],[-119.27117,40.46716],[-119.27115,40.46738],[-119.2711,40.46748],[-119.27102,40.46755],[-119.27071,40.46777],[-119.2707,40.46787],[-119.27076,40.46799],[-119.27086,40.46813],[-119.27103,40.4683],[-119.2711,40.46841],[-119.27121,40.46866],[-119.27129,40.46878],[-119.27151,40.46903],[-119.27169,40.46927],[-119.27183,40.46941],[-119.27195,40.4695],[-119.27239,40.46976],[-119.27249,40.46986],[-119.27266,40.47018],[-119.2728,40.47034],[-119.27306,40.47057],[-119.27321,40.47064],[-119.27359,40.47072],[-119.27396,40.47098],[-119.27405,40.47124],[-119.27448,40.47175],[-119.27472,40.4722],[-119.27517,40.47267],[-119.27542,40.47298],[-119.27549,40.47309],[-119.27567,40.47348],[-119.27571,40.4736],[-119.27572,40.4738],[-119.27565,40.47402],[-119.27558,40.47414],[-119.27542,40.47434]]}},{"type":"Feature","properties":{"name":"(unnamed public road)","road_class":"track","surface":"unpaved","source":"OpenStreetMap","source_detail":"osm way 955946493","source_tile":"172/385"},"geometry":{"type":"LineString","coordinates":[[-119.28341,40.46579],[-119.2834,40.46559],[-119.28334,40.4654],[-119.28326,40.46526],[-119.28316,40.46517],[-119.28307,40.46511],[-119.28296,40.46499],[-119.28274,40.46422],[-119.28257,40.46385],[-119.28245,40.46365],[-119.28234,40.46351],[-119.28224,40.46342],[-119.28189,40.4632],[-119.28167,40.46312],[-119.28132,40.46301],[-119.28084,40.46276],[-119.28023,40.46259],[-119.27967,40.46246],[-119.27945,40.46242],[-119.27922,40.46243],[-119.27902,40.46248],[-119.27881,40.46251],[-119.27842,40.46252],[-119.27761,40.46248],[-119.27729,40.46242],[-119.27713,40.46242],[-119.27654,40.46247],[-119.27594,40.46263],[-119.27587,40.46263],[-119.27558,40.46253],[-119.27537,40.46247],[-119.2751,40.46244],[-119.27493,40.46245],[-119.27436,40.46255],[-119.27409,40.46253]]}},{"type":"Feature","properties":{"name":"(unnamed public road)","road_class":"track","surface":"unpaved","source":"OpenStreetMap","source_detail":"osm way 955946494","source_tile":"172/385"},"geometry":{"type":"LineString","coordinates":[[-119.28049,40.452],[-119.28004,40.45198],[-119.2799,40.4519],[-119.27984,40.45185],[-119.27971,40.45177],[-119.2791,40.45158]]}},{"type":"Feature","properties":{"name":"(unnamed public road)","road_class":"track","surface":"unpaved","source":"OpenStreetMap","source_detail":"osm way 955946495","source_tile":"172/386"},"geometry":{"type":"LineString","coordinates":[[-119.26473,40.43515],[-119.26526,40.43552],[-119.26593,40.43589],[-119.26618,40.436],[-119.2664,40.43612],[-119.26658,40.43615],[-119.26688,40.43618],[-119.26736,40.43628],[-119.26758,40.43627],[-119.26801,40.43626],[-119.2681,40.4364],[-119.26809,40.43654],[-119.26811,40.43671],[-119.26829,40.43688],[-119.26838,40.43703],[-119.26847,40.43715],[-119.26853,40.43734],[-119.26873,40.43744],[-119.26896,40.43756],[-119.26911,40.43767],[-119.26936,40.43774],[-119.26971,40.43787],[-119.2702,40.43819],[-119.27038,40.43836],[-119.27042,40.43843],[-119.27123,40.43905],[-119.27139,40.43921],[-119.27173,40.43926],[-119.27219,40.43943],[-119.27245,40.43947],[-119.27259,40.43951],[-119.2731,40.43972],[-119.27338,40.43986],[-119.27351,40.4399],[-119.27374,40.43993],[-119.27421,40.43991],[-119.27436,40.43994],[-119.275,40.44028],[-119.27512,40.44036],[-119.27524,40.4404],[-119.27541,40.4404],[-119.27553,40.44043],[-119.27572,40.44059],[-119.2758,40.44068],[-119.27577,40.44101],[-119.27569,40.44131],[-119.27559,40.44163],[-119.27557,40.44191],[-119.27564,40.44227],[-119.2758,40.44279],[-119.27576,40.44311],[-119.2758,40.44329],[-119.27608,40.44366],[-119.27637,40.4441],[-119.2765,40.44431],[-119.27654,40.44448],[-119.27654,40.4446],[-119.27668,40.44513],[-119.27665,40.4454],[-119.27666,40.44556],[-119.27679,40.44601],[-119.27691,40.44624],[-119.27709,40.44646],[-119.27749,40.44695],[-119.27756,40.44709],[-119.2776,40.44715],[-119.27781,40.4474],[-119.27807,40.44788],[-119.27829,40.44819],[-119.27844,40.44846],[-119.27863,40.44874],[-119.27872,40.4489],[-119.27878,40.44908],[-119.27915,40.45098],[-119.27913,40.45102],[-119.2791,40.45114],[-119.2791,40.45158],[-119.27883,40.45218],[-119.27859,40.45232],[-119.27823,40.45241],[-119.27796,40.45244],[-119.27788,40.45246],[-119.27696,40.45281],[-119.27539,40.45365],[-119.27484,40.45406],[-119.27458,40.45431],[-119.27441,40.45454],[-119.27418,40.45499],[-119.27405,40.45515],[-119.27365,40.45536],[-119.27337,40.45556],[-119.27308,40.45569],[-119.27281,40.45576],[-119.27265,40.45583],[-119.27256,40.4559],[-119.27241,40.45603],[-119.27228,40.45614],[-119.27222,40.45614],[-119.27215,40.45613],[-119.27119,40.45581],[-119.27087,40.45532]]}},{"type":"Feature","properties":{"name":"(unnamed public road)","road_class":"track","surface":"unpaved","source":"OpenStreetMap","source_detail":"osm way 955946496","source_tile":"172/385"},"geometry":{"type":"LineString","coordinates":[[-119.27259,40.4514],[-119.27271,40.45154],[-119.27292,40.45164],[-119.27312,40.45183],[-119.27335,40.45195],[-119.27362,40.45216],[-119.27379,40.45236],[-119.27411,40.45264],[-119.27434,40.45281],[-119.27446,40.45292],[-119.27454,40.45303],[-119.27461,40.45314],[-119.27468,40.45322],[-119.27509,40.45353],[-119.27539,40.45365]]}},{"type":"Feature","properties":{"name":"(unnamed public road)","road_class":"unclassified","surface":"unpaved","source":"OpenStreetMap","source_detail":"osm way 955949763","source_tile":"172/385"},"geometry":{"type":"LineString","coordinates":[[-119.25198,40.44978],[-119.25165,40.45],[-119.25109,40.45035],[-119.25093,40.45048],[-119.25082,40.45067]]}},{"type":"Feature","properties":{"name":"(unnamed public road)","road_class":"track","surface":"unpaved","source":"OpenStreetMap","source_detail":"osm way 955949764","source_tile":"172/385"},"geometry":{"type":"LineString","coordinates":[[-119.2516,40.45058],[-119.25192,40.45068],[-119.25383,40.45071],[-119.25402,40.45066],[-119.25418,40.45054],[-119.2549,40.45006],[-119.25526,40.4498],[-119.25576,40.44938],[-119.25604,40.44888],[-119.25622,40.44878],[-119.25687,40.4488]]}},{"type":"Feature","properties":{"name":"(unnamed public road)","road_class":"track","surface":"unpaved","source":"OpenStreetMap","source_detail":"osm way 955949765","source_tile":"172/386"},"geometry":{"type":"LineString","coordinates":[[-119.25588,40.44488],[-119.25603,40.44562],[-119.25617,40.44593],[-119.25639,40.44695],[-119.25646,40.44729],[-119.25665,40.4477],[-119.2567,40.4481],[-119.25687,40.4488],[-119.25705,40.44914],[-119.25719,40.44955],[-119.25753,40.45003],[-119.25755,40.45009],[-119.25757,40.45029],[-119.2577,40.45062],[-119.25772,40.45072],[-119.25779,40.4509],[-119.25798,40.45124],[-119.25809,40.45159],[-119.25821,40.45183],[-119.25834,40.45199],[-119.25859,40.45224],[-119.25873,40.45241],[-119.25878,40.45252],[-119.25881,40.45274],[-119.25884,40.45281],[-119.25903,40.45309],[-119.25948,40.45358],[-119.25987,40.45385],[-119.26005,40.45386],[-119.26023,40.45377],[-119.26035,40.45372],[-119.26048,40.45367],[-119.26103,40.4537],[-119.26135,40.45374],[-119.2615,40.45381],[-119.26158,40.45381],[-119.26175,40.4537],[-119.26198,40.4536],[-119.26224,40.45361],[-119.26285,40.45376],[-119.26371,40.45396],[-119.26409,40.454],[-119.26444,40.45403],[-119.26465,40.45409],[-119.26481,40.45408]]}},{"type":"Feature","properties":{"name":"(unnamed public road)","road_class":"track","surface":"unpaved","source":"OpenStreetMap","source_detail":"osm way 955949766","source_tile":"172/386"},"geometry":{"type":"LineString","coordinates":[[-119.26391,40.43989],[-119.264,40.43995],[-119.26414,40.44018],[-119.26415,40.44029],[-119.2641,40.44057],[-119.26412,40.44065],[-119.26422,40.44082],[-119.26422,40.44086],[-119.26415,40.44108],[-119.26417,40.44125],[-119.26414,40.44139],[-119.26403,40.44151],[-119.264,40.44157],[-119.26401,40.44162],[-119.26404,40.44168],[-119.26424,40.44187],[-119.26442,40.44207],[-119.26448,40.44221],[-119.26451,40.4424],[-119.26455,40.44249],[-119.26462,40.44253],[-119.26472,40.44257],[-119.26496,40.44257],[-119.2651,40.44268],[-119.26514,40.44275],[-119.26514,40.44283],[-119.26508,40.44306],[-119.26501,40.44324],[-119.26484,40.44383],[-119.26472,40.4441],[-119.26469,40.44424],[-119.26454,40.44444],[-119.2644,40.44489],[-119.2644,40.44505],[-119.26448,40.44527],[-119.26453,40.44535],[-119.26469,40.4455],[-119.26474,40.44558],[-119.26476,40.44564],[-119.26474,40.44573],[-119.26464,40.44594],[-119.26462,40.44603],[-119.26465,40.44629],[-119.26464,40.44652],[-119.2645,40.44668],[-119.26439,40.44695],[-119.26411,40.4475],[-119.26397,40.44764],[-119.26369,40.44784],[-119.26323,40.44799],[-119.26293,40.44831],[-119.2629,40.4484],[-119.263,40.44869],[-119.26299,40.4488],[-119.26296,40.44887],[-119.26275,40.44919],[-119.26255,40.44935],[-119.26237,40.44953],[-119.26221,40.44978],[-119.26203,40.44998],[-119.26174,40.45022],[-119.26153,40.45055],[-119.26148,40.45067],[-119.26146,40.45082],[-119.26139,40.45098],[-119.26136,40.45109],[-119.26134,40.45145],[-119.26128,40.45159],[-119.26121,40.45165],[-119.261,40.45175],[-119.26073,40.45192],[-119.26049,40.45202],[-119.26036,40.4521],[-119.26024,40.4522],[-119.26016,40.4523],[-119.26011,40.45242],[-119.26006,40.45329],[-119.26011,40.45353],[-119.25987,40.45385],[-119.25978,40.45411],[-119.25953,40.45484],[-119.25953,40.455],[-119.25957,40.45529],[-119.25954,40.45546],[-119.25942,40.45575],[-119.25921,40.45611],[-119.25912,40.45632],[-119.25888,40.45666],[-119.25882,40.45676],[-119.25881,40.45682],[-119.25869,40.45702],[-119.25867,40.45722],[-119.25872,40.45745],[-119.25871,40.45757],[-119.25865,40.45766]]}},{"type":"Feature","properties":{"name":"(unnamed public road)","road_class":"track","surface":"unpaved","source":"OpenStreetMap","source_detail":"osm way 955949768","source_tile":"172/385"},"geometry":{"type":"LineString","coordinates":[[-119.2658,40.44889],[-119.26559,40.44886],[-119.26509,40.44887],[-119.26499,40.44884],[-119.26458,40.44865],[-119.26435,40.4486],[-119.26405,40.44859],[-119.26396,40.44857],[-119.26386,40.44853],[-119.2638,40.44848],[-119.26376,40.44843],[-119.26365,40.44816],[-119.26369,40.44784]]}},{"type":"Feature","properties":{"name":"(unnamed public road)","road_class":"track","surface":"unpaved","source":"OpenStreetMap","source_detail":"osm way 955949771","source_tile":"172/386"},"geometry":{"type":"LineString","coordinates":[[-119.28958,40.4487],[-119.28947,40.44852],[-119.28946,40.44837],[-119.28954,40.44817],[-119.28955,40.44808],[-119.28951,40.44792],[-119.28961,40.44771],[-119.28977,40.44746],[-119.28994,40.44716],[-119.28998,40.44701],[-119.29009,40.44687],[-119.29017,40.44675],[-119.29014,40.44625],[-119.29012,40.44597],[-119.29015,40.44568],[-119.29003,40.44523],[-119.28985,40.44482],[-119.28985,40.44472],[-119.28996,40.44457],[-119.29002,40.44443],[-119.28996,40.44427],[-119.28979,40.4441],[-119.28969,40.44394],[-119.28968,40.44378],[-119.28985,40.44349],[-119.28991,40.44339],[-119.28984,40.4432],[-119.28976,40.44295],[-119.28973,40.44265],[-119.28975,40.44219],[-119.28981,40.44259],[-119.28994,40.44277],[-119.29013,40.44292],[-119.29054,40.44323],[-119.29073,40.44338],[-119.29076,40.4435],[-119.29071,40.44366],[-119.29071,40.44371],[-119.29078,40.44371],[-119.29095,40.44361],[-119.29122,40.44344],[-119.29135,40.44333],[-119.29164,40.44295],[-119.29192,40.44269],[-119.29201,40.44262],[-119.29201,40.44255],[-119.29182,40.44219],[-119.29175,40.44201],[-119.29172,40.4418],[-119.29173,40.44171],[-119.29179,40.44159],[-119.29188,40.44144],[-119.29193,40.44136],[-119.29196,40.44124],[-119.29208,40.44115],[-119.29216,40.44107],[-119.29215,40.44096],[-119.29217,40.44086],[-119.29215,40.44067],[-119.29223,40.4406],[-119.29243,40.44037],[-119.29247,40.44018],[-119.29237,40.44012],[-119.29226,40.44006],[-119.29227,40.43992],[-119.29224,40.43973],[-119.29223,40.43967],[-119.29215,40.43943],[-119.29202,40.43911],[-119.29224,40.43836],[-119.29252,40.43795],[-119.29258,40.43776],[-119.29265,40.43753],[-119.29265,40.43739],[-119.29247,40.43719],[-119.29225,40.43681],[-119.2922,40.43669],[-119.29216,40.43634],[-119.29203,40.43613],[-119.29188,40.4359],[-119.29155,40.43544],[-119.2913,40.4351],[-119.29132,40.43499],[-119.2914,40.43486],[-119.29149,40.43473],[-119.29168,40.43445]]}},{"type":"Feature","properties":{"name":"(unnamed public road)","road_class":"track","surface":"unpaved","source":"OpenStreetMap","source_detail":"osm way 955949772","source_tile":"172/386"},"geometry":{"type":"LineString","coordinates":[[-119.29247,40.44018],[-119.29252,40.44013],[-119.29296,40.43994],[-119.29308,40.43993],[-119.29331,40.43994],[-119.29373,40.4401],[-119.29482,40.44069],[-119.29494,40.44073],[-119.29512,40.44073],[-119.29533,40.44071],[-119.29541,40.44071],[-119.29571,40.44072],[-119.29588,40.44071],[-119.29606,40.44075],[-119.29615,40.44081],[-119.29623,40.4409],[-119.29626,40.44098],[-119.29633,40.4413],[-119.2964,40.44145],[-119.29644,40.44161],[-119.29652,40.44174],[-119.29657,40.44188],[-119.29657,40.4423],[-119.2964,40.44249],[-119.2961,40.443],[-119.29606,40.44314],[-119.29603,40.44326],[-119.29592,40.44344],[-119.29587,40.44368],[-119.29587,40.44376],[-119.29595,40.44397],[-119.29604,40.44458],[-119.29605,40.44515],[-119.2961,40.44526],[-119.29627,40.44556],[-119.29634,40.44592],[-119.29655,40.44643],[-119.29667,40.44664],[-119.29679,40.4467],[-119.29694,40.44674],[-119.29704,40.44682],[-119.29722,40.44686],[-119.29754,40.44692],[-119.29774,40.44695],[-119.29786,40.44703],[-119.29792,40.44714],[-119.29794,40.4473],[-119.29802,40.44738],[-119.29817,40.44748],[-119.2984,40.4475],[-119.29861,40.44755],[-119.2988,40.44762],[-119.29889,40.44772],[-119.29909,40.44778],[-119.29928,40.44782],[-119.29933,40.44795],[-119.29952,40.448],[-119.29975,40.44805],[-119.29977,40.44812],[-119.29973,40.44821],[-119.29966,40.4483],[-119.29961,40.44849],[-119.29955,40.44866],[-119.29955,40.44885]]}},{"type":"Feature","properties":{"name":"(unnamed public road)","road_class":"track","surface":"unpaved","source":"OpenStreetMap","source_detail":"osm way 955949773","source_tile":"172/386"},"geometry":{"type":"LineString","coordinates":[[-119.29275,40.45278],[-119.29256,40.4529],[-119.29234,40.45302],[-119.29233,40.45315],[-119.29226,40.45322],[-119.2921,40.45326],[-119.29195,40.45322],[-119.29187,40.45312],[-119.29185,40.45295],[-119.29182,40.45282],[-119.2917,40.45274],[-119.29152,40.45273],[-119.29149,40.4528],[-119.2916,40.45291],[-119.29169,40.45307],[-119.29168,40.45323],[-119.29165,40.45331],[-119.29141,40.45334],[-119.29126,40.45337],[-119.2911,40.45351],[-119.29094,40.45366],[-119.29096,40.45373],[-119.29108,40.45381],[-119.29111,40.45394],[-119.29124,40.45398],[-119.29141,40.45409],[-119.29167,40.45416],[-119.29186,40.45424],[-119.29201,40.45442],[-119.29219,40.45453],[-119.29226,40.45463],[-119.29222,40.45474],[-119.29225,40.4548],[-119.29241,40.45482],[-119.29248,40.45486],[-119.29252,40.455],[-119.2926,40.455],[-119.29295,40.45499],[-119.29329,40.45493],[-119.29357,40.45483],[-119.29372,40.45471],[-119.29397,40.45452],[-119.29451,40.45424],[-119.29484,40.45413],[-119.29509,40.45403],[-119.2953,40.45407],[-119.29567,40.45401],[-119.29612,40.45398],[-119.29635,40.45397],[-119.29642,40.45389],[-119.29645,40.45372],[-119.29643,40.45352],[-119.29641,40.45335],[-119.29651,40.45296],[-119.29654,40.45278],[-119.29651,40.45271],[-119.29624,40.45268],[-119.29603,40.45271],[-119.29594,40.45277],[-119.29591,40.45288],[-119.2958,40.45289],[-119.29572,40.45286],[-119.29561,40.45277],[-119.29549,40.45275],[-119.29531,40.45279],[-119.29522,40.45275],[-119.29521,40.45266],[-119.2953,40.45257],[-119.29531,40.45249],[-119.29523,40.45228],[-119.29498,40.45215],[-119.29455,40.45182],[-119.29449,40.45175],[-119.29448,40.45171],[-119.29451,40.45158],[-119.2947,40.45132],[-119.29492,40.45109],[-119.29515,40.45089],[-119.29546,40.45068],[-119.29573,40.45044],[-119.29592,40.45031],[-119.2964,40.44989],[-119.29684,40.44965],[-119.29727,40.44948],[-119.29747,40.44941],[-119.29797,40.44927],[-119.29872,40.44914],[-119.29955,40.44885],[-119.29961,40.44883],[-119.29974,40.44881],[-119.29985,40.44878],[-119.29992,40.44878],[-119.3001,40.44871],[-119.30051,40.44843],[-119.30087,40.44826],[-119.30124,40.44806],[-119.3014,40.448],[-119.30184,40.44797],[-119.30205,40.44792],[-119.30217,40.44785],[-119.30234,40.44768],[-119.30254,40.44764],[-119.30273,40.44752],[-119.303,40.44744],[-119.30317,40.44734],[-119.30344,40.4473],[-119.30384,40.44725],[-119.30416,40.44731],[-119.30438,40.44737],[-119.30458,40.44738],[-119.30474,40.44731],[-119.30487,40.44724],[-119.30498,40.447],[-119.30522,40.44675],[-119.30568,40.44647],[-119.30613,40.44624],[-119.30644,40.44614],[-119.30658,40.44617],[-119.30697,40.44632],[-119.30708,40.44639],[-119.30716,40.44646],[-119.30732,40.44645],[-119.30753,40.44639],[-119.30771,40.44637],[-119.30804,40.44637],[-119.30822,40.44633],[-119.30845,40.44625],[-119.30875,40.44621],[-119.3091,40.44623],[-119.3093,40.44633],[-119.30959,40.44634],[-119.31013,40.44633],[-119.31043,40.44636],[-119.31091,40.44643],[-119.31118,40.44652],[-119.31166,40.44658],[-119.31197,40.44661],[-119.31219,40.4467],[-119.31253,40.44688],[-119.3128,40.44701],[-119.31304,40.44706],[-119.31344,40.4471],[-119.31403,40.44715],[-119.31453,40.44717],[-119.31495,40.44729],[-119.31551,40.44725],[-119.31603,40.44707],[-119.31833,40.4463],[-119.31889,40.44619],[-119.32041,40.44573],[-119.32142,40.44537],[-119.32184,40.44526],[-119.32218,40.44509],[-119.3231,40.44466],[-119.32364,40.44421],[-119.32424,40.4438],[-119.32517,40.44315],[-119.32577,40.44264],[-119.32625,40.44242],[-119.32705,40.44211],[-119.32804,40.44169],[-119.32905,40.44133],[-119.33018,40.44093],[-119.33159,40.4405],[-119.33176,40.4404]]}},{"type":"Feature","properties":{"name":"(unnamed public road)","road_class":"track","source":"OpenStreetMap","source_detail":"osm way 955954216","source_tile":"172/385","surface_inferred":true},"geometry":{"type":"LineString","coordinates":[[-119.24201,40.61903],[-119.24227,40.61863],[-119.2425,40.61858],[-119.24275,40.61863],[-119.243,40.61868]]}},{"type":"Feature","properties":{"name":"(unnamed public road)","road_class":"track","surface":"unpaved","source":"OpenStreetMap","source_detail":"osm way 955961613","source_tile":"172/385"},"geometry":{"type":"LineString","coordinates":[[-119.25973,40.69027],[-119.25865,40.68904],[-119.25851,40.68894],[-119.25792,40.68873],[-119.25716,40.68858],[-119.25689,40.6885],[-119.25639,40.68826],[-119.25629,40.6882],[-119.2562,40.68811],[-119.25599,40.68774],[-119.25591,40.68764],[-119.25551,40.68734],[-119.2553,40.68722],[-119.25504,40.68717],[-119.25427,40.68711],[-119.25371,40.6869]]}},{"type":"Feature","properties":{"name":"(unnamed public road)","road_class":"track","surface":"unpaved","source":"OpenStreetMap","source_detail":"osm way 955961614","source_tile":"172/385"},"geometry":{"type":"LineString","coordinates":[[-119.25371,40.6869],[-119.25338,40.68697],[-119.25271,40.68692],[-119.2525,40.68695],[-119.2523,40.68691],[-119.25218,40.68694],[-119.25207,40.68701],[-119.25165,40.68715],[-119.25118,40.68715]]}},{"type":"Feature","properties":{"name":"(unnamed public road)","road_class":"track","surface":"unpaved","source":"OpenStreetMap","source_detail":"osm way 955961615","source_tile":"172/385"},"geometry":{"type":"LineString","coordinates":[[-119.25371,40.6869],[-119.25409,40.68655],[-119.25447,40.68589],[-119.25465,40.68545],[-119.25477,40.68496],[-119.25486,40.68479],[-119.25513,40.68444],[-119.25514,40.68408],[-119.25511,40.68393],[-119.25501,40.68367]]}},{"type":"Feature","properties":{"name":"(unnamed public road)","road_class":"track","surface":"unpaved","source":"OpenStreetMap","source_detail":"osm way 955961616","source_tile":"172/385"},"geometry":{"type":"LineString","coordinates":[[-119.21168,40.71159],[-119.21146,40.71152],[-119.21119,40.71149],[-119.21066,40.7115],[-119.21043,40.71153],[-119.21011,40.71161],[-119.20986,40.71163],[-119.20945,40.71158],[-119.20894,40.71156],[-119.20869,40.71152],[-119.20846,40.71144],[-119.20833,40.71136],[-119.20815,40.71117],[-119.20794,40.711],[-119.20751,40.71087],[-119.20745,40.71082],[-119.20733,40.71069],[-119.20706,40.71052],[-119.207,40.71044],[-119.20701,40.71021],[-119.207,40.71017],[-119.20684,40.71],[-119.20679,40.70991],[-119.2068,40.7098],[-119.20696,40.70942],[-119.20705,40.7085],[-119.20704,40.7084],[-119.20684,40.70797],[-119.20684,40.70757],[-119.20682,40.70748],[-119.2067,40.70724],[-119.20664,40.70717],[-119.2065,40.70705],[-119.20612,40.7068],[-119.20554,40.70632],[-119.20536,40.70614],[-119.20528,40.70602],[-119.20493,40.70564],[-119.20488,40.70555],[-119.20481,40.70535],[-119.20498,40.70483]]}},{"type":"Feature","properties":{"name":"(unnamed public road)","road_class":"track","source":"OpenStreetMap","source_detail":"osm way 1030285389","source_tile":"172/385","surface_inferred":true},"geometry":{"type":"LineString","coordinates":[[-119.33696,40.52941],[-119.33709,40.52958],[-119.33721,40.52975],[-119.33732,40.52993],[-119.33743,40.53011]]}},{"type":"Feature","properties":{"name":"(unnamed public road)","road_class":"track","source":"OpenStreetMap","source_detail":"osm way 1172875415","source_tile":"172/385","surface_inferred":true},"geometry":{"type":"LineString","coordinates":[[-119.33267,40.57232],[-119.33288,40.57235],[-119.33423,40.57284]]}},{"type":"Feature","properties":{"name":"(unnamed public road)","road_class":"track","surface":"unpaved","source":"OpenStreetMap","source_detail":"osm way 1172875416","source_tile":"172/385"},"geometry":{"type":"LineString","coordinates":[[-119.33595,40.58465],[-119.335,40.58464]]}},{"type":"Feature","properties":{"name":"(unnamed public road)","road_class":"track","surface":"unpaved","source":"OpenStreetMap","source_detail":"osm way 1172875431","source_tile":"172/385"},"geometry":{"type":"LineString","coordinates":[[-119.32905,40.56714],[-119.32899,40.56707],[-119.32885,40.56695],[-119.3285,40.56657],[-119.3283,40.56613],[-119.32831,40.56596],[-119.32853,40.56548]]}},{"type":"Feature","properties":{"name":"(unnamed public road)","road_class":"track","surface":"unpaved","source":"OpenStreetMap","source_detail":"osm way 1172875435","source_tile":"172/385"},"geometry":{"type":"LineString","coordinates":[[-119.33107,40.56781],[-119.33055,40.56756],[-119.33044,40.56751],[-119.33032,40.56747],[-119.3302,40.56744],[-119.33005,40.5674],[-119.32991,40.56738],[-119.32976,40.56736],[-119.32965,40.56735],[-119.32955,40.56733],[-119.32945,40.56731],[-119.32935,40.56727],[-119.32925,40.56723],[-119.32916,40.56718],[-119.32907,40.56713],[-119.32899,40.56707]]}},{"type":"Feature","properties":{"name":"(unnamed public road)","road_class":"track","surface":"unpaved","source":"OpenStreetMap","source_detail":"osm way 1172875436","source_tile":"172/385"},"geometry":{"type":"LineString","coordinates":[[-119.32988,40.56379],[-119.33004,40.56085],[-119.33005,40.55927],[-119.33005,40.55906],[-119.33004,40.55884],[-119.33002,40.55862],[-119.32999,40.55841],[-119.32994,40.55816],[-119.32988,40.55791],[-119.32981,40.55767],[-119.32973,40.55742],[-119.32957,40.55698],[-119.32939,40.55653],[-119.32799,40.5533],[-119.32784,40.55294],[-119.32771,40.55259],[-119.3276,40.55229],[-119.32749,40.55199],[-119.3274,40.55169]]}},{"type":"Feature","properties":{"name":"(unnamed public road)","road_class":"track","surface":"compacted","tracktype":"grade3","source":"OpenStreetMap","source_detail":"osm way 1172875529","source_tile":"172/385"},"geometry":{"type":"LineString","coordinates":[[-119.35597,40.65],[-119.35398,40.651],[-119.35391,40.65103],[-119.35384,40.65105],[-119.35377,40.65107],[-119.35369,40.65109],[-119.3536,40.6511],[-119.35351,40.6511],[-119.35334,40.6511],[-119.35324,40.6511],[-119.35319,40.6511],[-119.35314,40.65112],[-119.35311,40.65113],[-119.35308,40.65115],[-119.35305,40.65117],[-119.35277,40.65149],[-119.35268,40.65158],[-119.35259,40.65166],[-119.35247,40.65174],[-119.35235,40.65181],[-119.3518,40.65215],[-119.3517,40.65222],[-119.35159,40.65228],[-119.35145,40.65235],[-119.3513,40.65242],[-119.35107,40.65253],[-119.35097,40.65256],[-119.35086,40.6526],[-119.35077,40.65262],[-119.35067,40.65264],[-119.35057,40.65265],[-119.34986,40.65274],[-119.34979,40.65275],[-119.34973,40.65277],[-119.34966,40.65278],[-119.34959,40.65281],[-119.34952,40.65284],[-119.34949,40.65285],[-119.34946,40.65286],[-119.34942,40.65286],[-119.34938,40.65286],[-119.34934,40.65285],[-119.34839,40.65243],[-119.34833,40.65242],[-119.34828,40.65241],[-119.34822,40.65241],[-119.34817,40.65242],[-119.3481,40.65243],[-119.34804,40.65246],[-119.34798,40.65249]]}},{"type":"Feature","properties":{"name":"(unnamed public road)","road_class":"track","surface":"dirt","source":"OpenStreetMap","source_detail":"osm way 1203855311","source_tile":"172/385"},"geometry":{"type":"LineString","coordinates":[[-119.44016,40.70174],[-119.44007,40.70181],[-119.43997,40.70186],[-119.43986,40.70193],[-119.43976,40.70199],[-119.43966,40.70204],[-119.43952,40.70212],[-119.43937,40.70222],[-119.43926,40.70229],[-119.43916,40.70235],[-119.43905,40.70242],[-119.43893,40.7025],[-119.43874,40.70261],[-119.43861,40.7027],[-119.4385,40.70278],[-119.43841,40.70282],[-119.43829,40.70288],[-119.43819,40.70291],[-119.43807,40.70294],[-119.43796,40.70298],[-119.43786,40.70301],[-119.43773,40.70307],[-119.43762,40.70312],[-119.43748,40.70316],[-119.43735,40.70318],[-119.43724,40.70318],[-119.437,40.70318],[-119.43679,40.70318],[-119.4366,40.70318],[-119.43645,40.70321],[-119.43627,40.70324],[-119.43611,40.70328]]}},{"type":"Feature","properties":{"name":"(unnamed public road)","road_class":"track","surface":"dirt","source":"OpenStreetMap","source_detail":"osm way 1203855312","source_tile":"172/385"},"geometry":{"type":"LineString","coordinates":[[-119.39502,40.66989],[-119.39492,40.66993],[-119.39482,40.66996],[-119.39472,40.66998],[-119.39462,40.67001],[-119.39448,40.67004],[-119.39434,40.67005],[-119.3942,40.67004],[-119.39408,40.67003],[-119.39398,40.67002],[-119.39373,40.66997],[-119.39357,40.66995],[-119.39343,40.66996],[-119.39325,40.66996],[-119.39318,40.66995],[-119.39305,40.66991],[-119.3929,40.66988],[-119.39279,40.66986],[-119.39259,40.6698],[-119.39241,40.66975],[-119.39231,40.66973],[-119.39224,40.6697],[-119.39214,40.66968],[-119.39201,40.66966],[-119.3919,40.66966],[-119.3918,40.66967],[-119.39173,40.66969],[-119.39166,40.66972],[-119.39159,40.66975],[-119.39147,40.6698],[-119.39138,40.66983],[-119.39127,40.66983],[-119.39114,40.66985],[-119.39101,40.66986],[-119.39086,40.66987],[-119.39078,40.66989],[-119.39069,40.66989],[-119.39057,40.66989],[-119.39045,40.66986],[-119.39034,40.66986],[-119.39021,40.66986],[-119.39013,40.66988],[-119.39005,40.6699],[-119.38997,40.66992],[-119.38989,40.66992],[-119.38981,40.66992],[-119.38973,40.66992],[-119.38966,40.6699],[-119.38959,40.66988],[-119.38952,40.66985],[-119.38944,40.66981],[-119.38936,40.66977],[-119.38928,40.66975],[-119.38912,40.66971],[-119.38899,40.66968],[-119.38889,40.66966],[-119.38878,40.66966],[-119.38864,40.66967],[-119.38854,40.66968],[-119.38839,40.6697],[-119.38826,40.66969],[-119.3881,40.66967],[-119.38797,40.66967],[-119.38785,40.66968],[-119.38771,40.6697],[-119.38762,40.66972],[-119.38753,40.66972],[-119.38741,40.66972],[-119.3873,40.66971],[-119.38724,40.6697],[-119.38718,40.66966],[-119.38707,40.66961],[-119.387,40.66958],[-119.38688,40.66953],[-119.38678,40.6695],[-119.38667,40.66947],[-119.38656,40.66944],[-119.38649,40.66938],[-119.38637,40.66933],[-119.38628,40.66932],[-119.38617,40.6693],[-119.38606,40.66928],[-119.38601,40.66924],[-119.38595,40.66918],[-119.38587,40.6691],[-119.38579,40.66907],[-119.38567,40.66904],[-119.38558,40.66904]]}},{"type":"Feature","properties":{"name":"(unnamed public road)","road_class":"track","surface":"dirt","source":"OpenStreetMap","source_detail":"osm way 1204250224","source_tile":"172/385"},"geometry":{"type":"LineString","coordinates":[[-119.31794,40.61744],[-119.31792,40.61738],[-119.31792,40.61731],[-119.31794,40.61723],[-119.31796,40.61713],[-119.31799,40.61703],[-119.31804,40.61692],[-119.31807,40.61682],[-119.31808,40.61677],[-119.31809,40.61669],[-119.31808,40.61662],[-119.31805,40.61656],[-119.318,40.61651],[-119.31795,40.61647],[-119.31781,40.61637],[-119.31772,40.61632],[-119.31764,40.61627],[-119.31756,40.61622],[-119.31743,40.61613],[-119.31734,40.61609],[-119.31724,40.61604],[-119.31714,40.616],[-119.317,40.61594],[-119.3169,40.61591],[-119.31684,40.61587],[-119.31677,40.61583],[-119.31672,40.61581]]}},{"type":"Feature","properties":{"name":"(unnamed public road)","road_class":"track","surface":"dirt","source":"OpenStreetMap","source_detail":"osm way 1204250225","source_tile":"172/385"},"geometry":{"type":"LineString","coordinates":[[-119.33043,40.62036],[-119.33035,40.62028],[-119.33027,40.62024],[-119.33011,40.62017],[-119.32998,40.6201],[-119.32982,40.62001],[-119.32962,40.6199],[-119.32939,40.61977],[-119.32924,40.61967],[-119.32909,40.61955],[-119.32895,40.61944],[-119.32876,40.61925],[-119.32863,40.61915],[-119.32849,40.61904],[-119.32835,40.61894],[-119.32826,40.61889],[-119.32814,40.61885],[-119.32803,40.61879],[-119.32791,40.61871],[-119.32776,40.61858],[-119.32764,40.61848],[-119.32759,40.61843],[-119.3275,40.61839],[-119.32734,40.61834],[-119.32718,40.61831],[-119.32704,40.61829],[-119.32688,40.61824],[-119.32674,40.61821],[-119.32658,40.61819],[-119.32649,40.61816],[-119.32641,40.6181],[-119.32634,40.61804],[-119.32622,40.61799],[-119.32613,40.61795],[-119.32602,40.61791],[-119.32594,40.61784],[-119.32588,40.61778],[-119.32577,40.6177],[-119.32568,40.61766],[-119.32554,40.61761],[-119.3254,40.61757],[-119.32528,40.61756],[-119.3252,40.61757],[-119.32512,40.6176],[-119.32505,40.61762],[-119.32498,40.61763],[-119.32493,40.61762],[-119.32484,40.61759],[-119.32473,40.61756],[-119.32459,40.61752],[-119.32445,40.61747],[-119.32437,40.6174],[-119.32427,40.61733],[-119.32419,40.61729],[-119.32406,40.61725],[-119.32388,40.61721],[-119.32369,40.6172],[-119.32354,40.61721],[-119.32342,40.61721],[-119.32333,40.61719],[-119.32315,40.61715],[-119.3229,40.61708],[-119.32264,40.617],[-119.32251,40.61697],[-119.32242,40.61697],[-119.32235,40.61699],[-119.32225,40.61703],[-119.3221,40.61711],[-119.32201,40.61715],[-119.32188,40.61718],[-119.32168,40.61721],[-119.32138,40.61721],[-119.32113,40.61721],[-119.32098,40.6172],[-119.32087,40.61723],[-119.32058,40.6173],[-119.32039,40.61733],[-119.32018,40.61734],[-119.31999,40.61734],[-119.31981,40.61735],[-119.31954,40.61741],[-119.31941,40.61743],[-119.31924,40.61742],[-119.31896,40.61743],[-119.3187,40.61745],[-119.31853,40.61747],[-119.31837,40.61746],[-119.31818,40.61746],[-119.31802,40.61745],[-119.31794,40.61744],[-119.31784,40.61749],[-119.31771,40.61758],[-119.31755,40.61767],[-119.31742,40.61771],[-119.31728,40.61775],[-119.3172,40.61781],[-119.31712,40.6179],[-119.31704,40.61801],[-119.31692,40.61813],[-119.31683,40.61819],[-119.3167,40.61825],[-119.31654,40.61833],[-119.31641,40.61837],[-119.31628,40.6184],[-119.31615,40.61843],[-119.31602,40.61848],[-119.31586,40.61856],[-119.31575,40.61861],[-119.31561,40.61863],[-119.31543,40.61866],[-119.31524,40.61871],[-119.31508,40.61876],[-119.31492,40.61879],[-119.31479,40.61878],[-119.31468,40.61877],[-119.31454,40.61876],[-119.31441,40.61879],[-119.31427,40.61883],[-119.31416,40.61884],[-119.31402,40.61883],[-119.31388,40.61884],[-119.31383,40.61886],[-119.31377,40.61892],[-119.31373,40.61896],[-119.31363,40.61899],[-119.31353,40.61899],[-119.31337,40.61898],[-119.31309,40.61898],[-119.31294,40.61899],[-119.31286,40.61904],[-119.31279,40.61909],[-119.31271,40.61911],[-119.31252,40.61911],[-119.3124,40.61912],[-119.3123,40.61914],[-119.3122,40.61912],[-119.31211,40.61907],[-119.31205,40.61902],[-119.312,40.61894],[-119.31202,40.61888],[-119.31207,40.61879],[-119.31212,40.61871],[-119.31214,40.61865],[-119.31218,40.61854],[-119.31219,40.61843],[-119.31217,40.61837],[-119.31208,40.61828],[-119.312,40.61825],[-119.31195,40.6182],[-119.31193,40.6181],[-119.31192,40.61795]]}},{"type":"Feature","properties":{"name":"(unnamed public road)","road_class":"track","surface":"unpaved","source":"OpenStreetMap","source_detail":"osm way 1209482128","source_tile":"172/385"},"geometry":{"type":"LineString","coordinates":[[-119.34608,40.57838],[-119.34609,40.57917]]}},{"type":"Feature","properties":{"name":"(unnamed public road)","road_class":"track","surface":"unpaved","source":"OpenStreetMap","source_detail":"osm way 1209482129","source_tile":"172/385"},"geometry":{"type":"LineString","coordinates":[[-119.34609,40.57917],[-119.34609,40.57954],[-119.3461,40.57963]]}},{"type":"Feature","properties":{"name":"(unnamed public road)","road_class":"track","surface":"unpaved","source":"OpenStreetMap","source_detail":"osm way 1209482135","source_tile":"172/385"},"geometry":{"type":"LineString","coordinates":[[-119.34519,40.57903],[-119.34533,40.5792]]}},{"type":"Feature","properties":{"name":"(unnamed public road)","road_class":"track","surface":"unpaved","source":"OpenStreetMap","source_detail":"osm way 1209482136","source_tile":"172/385"},"geometry":{"type":"LineString","coordinates":[[-119.34253,40.57664],[-119.34231,40.57688],[-119.34222,40.57704],[-119.34222,40.57773],[-119.34219,40.57812],[-119.34208,40.57865]]}},{"type":"Feature","properties":{"name":"(unnamed public road)","road_class":"track","source":"OpenStreetMap","source_detail":"osm way 1222082435","source_tile":"172/385","surface_inferred":true},"geometry":{"type":"LineString","coordinates":[[-119.40661,40.64862],[-119.40685,40.64898],[-119.40746,40.64953],[-119.40748,40.6496],[-119.40748,40.6497],[-119.40745,40.64977],[-119.40723,40.65005],[-119.40711,40.65025],[-119.40704,40.65058],[-119.40703,40.65123]]}},{"type":"Feature","properties":{"name":"(unnamed public road)","road_class":"track","source":"OpenStreetMap","source_detail":"osm way 1222082436","source_tile":"172/385","surface_inferred":true},"geometry":{"type":"LineString","coordinates":[[-119.42473,40.62678],[-119.42457,40.62706],[-119.42311,40.62871],[-119.42293,40.6289],[-119.42257,40.6293],[-119.42221,40.62967],[-119.42165,40.63036],[-119.42161,40.63039],[-119.42108,40.63093],[-119.42016,40.63172],[-119.42014,40.63176],[-119.41986,40.63198],[-119.4196,40.63227],[-119.41953,40.6323],[-119.41883,40.63298],[-119.41881,40.63303],[-119.41836,40.6333],[-119.41823,40.63342],[-119.4181,40.63364],[-119.41787,40.63423],[-119.41769,40.63473],[-119.41756,40.63491],[-119.41694,40.63557],[-119.41449,40.63829],[-119.41389,40.63892],[-119.41368,40.6392],[-119.41365,40.63922],[-119.41331,40.64049],[-119.4132,40.64069],[-119.41238,40.64155],[-119.41121,40.64291],[-119.41065,40.64343],[-119.41016,40.64391],[-119.40953,40.64465],[-119.40865,40.64554],[-119.40856,40.64565],[-119.40849,40.64583],[-119.40849,40.64597],[-119.40853,40.64614],[-119.40858,40.64657],[-119.40857,40.64673],[-119.40851,40.64691],[-119.40842,40.64708],[-119.40835,40.64716],[-119.40809,40.64732],[-119.40732,40.6474],[-119.40711,40.64749],[-119.40705,40.64755],[-119.40699,40.64767],[-119.40674,40.64846],[-119.40661,40.64862],[-119.40587,40.64917],[-119.40578,40.64923],[-119.40576,40.64927],[-119.40546,40.64949],[-119.40534,40.64957],[-119.40496,40.64971]]}},{"type":"Feature","properties":{"name":"(unnamed public road)","road_class":"track","source":"OpenStreetMap","source_detail":"osm way 1222082437","source_tile":"172/385","surface_inferred":true},"geometry":{"type":"LineString","coordinates":[[-119.40674,40.64846],[-119.40723,40.6484],[-119.40764,40.64842],[-119.40787,40.64835],[-119.40822,40.64836],[-119.40833,40.64834],[-119.40854,40.64828],[-119.40883,40.6481],[-119.40898,40.64806],[-119.40917,40.64803],[-119.40946,40.64805],[-119.41028,40.64821],[-119.41094,40.64822]]}},{"type":"Feature","properties":{"name":"(unnamed public road)","road_class":"track","source":"OpenStreetMap","source_detail":"osm way 1222082438","source_tile":"172/385","surface_inferred":true},"geometry":{"type":"LineString","coordinates":[[-119.41365,40.63922],[-119.41359,40.63918],[-119.41337,40.63877]]}},{"type":"Feature","properties":{"name":"(unnamed public road)","road_class":"track","source":"OpenStreetMap","source_detail":"osm way 1222082439","source_tile":"172/385","surface_inferred":true},"geometry":{"type":"LineString","coordinates":[[-119.41468,40.62188],[-119.41698,40.62338],[-119.42007,40.62536],[-119.42189,40.62657],[-119.42206,40.62667],[-119.42262,40.62704],[-119.42286,40.62726]]}},{"type":"Feature","properties":{"name":"(unnamed public road)","road_class":"track","source":"OpenStreetMap","source_detail":"osm way 1222082440","source_tile":"172/385","surface_inferred":true},"geometry":{"type":"LineString","coordinates":[[-119.42763,40.62564],[-119.42787,40.62509],[-119.42816,40.62481],[-119.42839,40.62463],[-119.42855,40.62454],[-119.42919,40.62424],[-119.43078,40.62339],[-119.43104,40.62322],[-119.43165,40.62271],[-119.432,40.62245],[-119.43235,40.62213],[-119.43246,40.62199],[-119.43256,40.62171],[-119.43267,40.62144],[-119.4328,40.62128],[-119.43306,40.62112],[-119.4336,40.62094],[-119.43366,40.62092],[-119.43395,40.62086],[-119.43422,40.62085],[-119.4344,40.62088],[-119.4349,40.62113],[-119.43654,40.62214]]}},{"type":"Feature","properties":{"name":"(unnamed public road)","road_class":"track","source":"OpenStreetMap","source_detail":"osm way 1222082441","source_tile":"172/385","surface_inferred":true},"geometry":{"type":"LineString","coordinates":[[-119.43966,40.6246],[-119.43898,40.62446],[-119.43804,40.62459],[-119.43771,40.62459],[-119.43736,40.62454],[-119.43686,40.62445],[-119.43662,40.62438],[-119.43626,40.62419],[-119.43611,40.62413],[-119.43593,40.62408],[-119.43569,40.62406],[-119.4355,40.62401],[-119.43501,40.62366],[-119.43454,40.62349]]}},{"type":"Feature","properties":{"name":"(unnamed public road)","road_class":"track","source":"OpenStreetMap","source_detail":"osm way 1222082442","source_tile":"172/385","surface_inferred":true},"geometry":{"type":"LineString","coordinates":[[-119.41722,40.65111],[-119.41753,40.6504],[-119.41779,40.6501],[-119.41813,40.64981],[-119.41819,40.64975],[-119.41822,40.64963],[-119.41822,40.64938],[-119.41827,40.64927],[-119.41847,40.64909],[-119.41868,40.64884],[-119.41922,40.64839],[-119.41942,40.64827],[-119.42019,40.64793],[-119.42072,40.64768],[-119.42122,40.64756],[-119.42156,40.6473],[-119.42203,40.64682],[-119.42245,40.64651],[-119.42257,40.6464],[-119.42284,40.64603],[-119.42298,40.64565],[-119.42336,40.64502],[-119.42349,40.64467],[-119.4236,40.64454],[-119.42468,40.64362],[-119.42522,40.64321],[-119.42602,40.6425],[-119.42688,40.64182],[-119.42707,40.64164],[-119.42742,40.64121],[-119.42751,40.64115],[-119.42778,40.64105],[-119.42789,40.64097],[-119.42812,40.64077],[-119.42841,40.64056],[-119.42853,40.64044],[-119.42907,40.64001],[-119.42964,40.63965],[-119.43063,40.63909],[-119.43116,40.63876],[-119.43123,40.63873],[-119.43158,40.63867],[-119.43168,40.63864],[-119.43178,40.63859],[-119.43199,40.6384],[-119.43224,40.6381],[-119.43235,40.638],[-119.43299,40.63752],[-119.43344,40.63714],[-119.43374,40.63686],[-119.43389,40.63676],[-119.43407,40.63668],[-119.43413,40.63663],[-119.43417,40.63658],[-119.43424,40.63638],[-119.43429,40.63628],[-119.43439,40.63614],[-119.43451,40.63602],[-119.43468,40.6359],[-119.43496,40.63576],[-119.43502,40.63571],[-119.4351,40.63539],[-119.43536,40.63493],[-119.43556,40.63452],[-119.43564,40.63442],[-119.4358,40.6343],[-119.43587,40.63423],[-119.43595,40.63396],[-119.43597,40.63366],[-119.43602,40.63352],[-119.43609,40.6334],[-119.43635,40.63305],[-119.43649,40.63269],[-119.43656,40.63237],[-119.43661,40.63193],[-119.43673,40.63155],[-119.43675,40.63135],[-119.4368,40.63107],[-119.43691,40.63067],[-119.43702,40.63047],[-119.43703,40.63012],[-119.4372,40.62925],[-119.43737,40.62806],[-119.43744,40.6278],[-119.43753,40.62762],[-119.43768,40.62746],[-119.43784,40.62736],[-119.43809,40.62727],[-119.43825,40.62719],[-119.43838,40.62709],[-119.43855,40.62693],[-119.43883,40.62675],[-119.43898,40.62662],[-119.43911,40.62642],[-119.43941,40.62583],[-119.43966,40.62528],[-119.43986,40.62498],[-119.43988,40.62475]]}},{"type":"Feature","properties":{"name":"(unnamed public road)","road_class":"track","source":"OpenStreetMap","source_detail":"osm way 1222082443","source_tile":"172/385","surface_inferred":true},"geometry":{"type":"LineString","coordinates":[[-119.42293,40.6289],[-119.42288,40.62884],[-119.42284,40.62867],[-119.4225,40.62792],[-119.42244,40.6276]]}},{"type":"Feature","properties":{"name":"(unnamed public road)","road_class":"track","surface":"unpaved","source":"OpenStreetMap","source_detail":"osm way 1222099444","source_tile":"172/385"},"geometry":{"type":"LineString","coordinates":[[-119.22699,40.5495],[-119.22721,40.54946],[-119.2274,40.54942],[-119.22752,40.54938],[-119.22758,40.54944],[-119.22756,40.54954],[-119.22738,40.54963],[-119.22718,40.54975]]}},{"type":"Feature","properties":{"name":"(unnamed public road)","road_class":"track","surface":"unpaved","source":"OpenStreetMap","source_detail":"osm way 1222099445","source_tile":"172/385"},"geometry":{"type":"LineString","coordinates":[[-119.23359,40.51689],[-119.23332,40.51696],[-119.23302,40.5174],[-119.23242,40.51781],[-119.23235,40.51813],[-119.23233,40.51822],[-119.2308,40.51948],[-119.23035,40.51991],[-119.23011,40.52076],[-119.22939,40.52147],[-119.22862,40.52186],[-119.22829,40.52209],[-119.22697,40.52254],[-119.22625,40.52316],[-119.22617,40.5232],[-119.22514,40.52364],[-119.22454,40.52373],[-119.22364,40.52412],[-119.22139,40.52465],[-119.22082,40.5249],[-119.22061,40.52508],[-119.22011,40.52611],[-119.21978,40.52679],[-119.21986,40.52745],[-119.21984,40.52852],[-119.2199,40.52896],[-119.22007,40.52923],[-119.22008,40.52943],[-119.2203,40.52972],[-119.22051,40.53007],[-119.22079,40.53021],[-119.22104,40.53064],[-119.22159,40.53133],[-119.22163,40.53164],[-119.22172,40.53187],[-119.22206,40.53213],[-119.22228,40.53237],[-119.2224,40.53257],[-119.22293,40.53289],[-119.22308,40.53302],[-119.2233,40.53342],[-119.22338,40.53382],[-119.22335,40.53409],[-119.22366,40.53463],[-119.22399,40.5349],[-119.22401,40.5351],[-119.22383,40.53531],[-119.22338,40.53565],[-119.22311,40.53681]]}},{"type":"Feature","properties":{"name":"(unnamed public road)","road_class":"track","source":"OpenStreetMap","source_detail":"osm way 1222099446","source_tile":"172/385","surface_inferred":true},"geometry":{"type":"LineString","coordinates":[[-119.22311,40.53681],[-119.22305,40.53756],[-119.22304,40.53784],[-119.223,40.538],[-119.22302,40.5381],[-119.2231,40.53826]]}},{"type":"Feature","properties":{"name":"(unnamed public road)","road_class":"track","surface":"unpaved","source":"OpenStreetMap","source_detail":"osm way 1292951017","source_tile":"172/385"},"geometry":{"type":"LineString","coordinates":[[-119.36367,40.65568],[-119.36373,40.65578],[-119.36384,40.65584],[-119.36403,40.65592],[-119.36444,40.6561],[-119.36539,40.65659],[-119.36617,40.65693],[-119.36656,40.65709],[-119.36689,40.6572],[-119.36707,40.65725],[-119.36726,40.65726],[-119.36766,40.65723]]}},{"type":"Feature","properties":{"name":"(unnamed public road)","road_class":"track","surface":"unpaved","source":"OpenStreetMap","source_detail":"osm way 1292951018","source_tile":"172/385"},"geometry":{"type":"LineString","coordinates":[[-119.37122,40.65907],[-119.3716,40.65924]]}},{"type":"Feature","properties":{"name":"(unnamed public road)","road_class":"track","surface":"unpaved","source":"OpenStreetMap","source_detail":"osm way 1292951019","source_tile":"172/385"},"geometry":{"type":"LineString","coordinates":[[-119.37046,40.65891],[-119.37028,40.6588],[-119.36976,40.65843],[-119.368,40.65735],[-119.36779,40.65727],[-119.36766,40.65723]]}},{"type":"Feature","properties":{"name":"(unnamed public road)","road_class":"track","surface":"unpaved","source":"OpenStreetMap","source_detail":"osm way 1292951020","source_tile":"172/385"},"geometry":{"type":"LineString","coordinates":[[-119.36766,40.65723],[-119.36817,40.65718],[-119.36946,40.65699],[-119.37021,40.65686],[-119.37093,40.6567],[-119.37112,40.65667]]}},{"type":"Feature","properties":{"name":"(unnamed public road)","road_class":"track","surface":"unpaved","source":"OpenStreetMap","source_detail":"osm way 1292951021","source_tile":"172/385"},"geometry":{"type":"LineString","coordinates":[[-119.37062,40.65847],[-119.37028,40.65839],[-119.3702,40.65838],[-119.37006,40.65838],[-119.36989,40.65842],[-119.36976,40.65843]]}},{"type":"Feature","properties":{"name":"(unnamed public road)","road_class":"track","surface":"unpaved","source":"OpenStreetMap","source_detail":"osm way 1292951022","source_tile":"172/385"},"geometry":{"type":"LineString","coordinates":[[-119.36814,40.6602],[-119.36721,40.66017],[-119.36679,40.66019],[-119.36605,40.66019],[-119.36595,40.66018],[-119.36589,40.66011],[-119.3659,40.65875],[-119.36592,40.65845],[-119.3659,40.65833],[-119.3658,40.65822],[-119.36573,40.65816],[-119.36565,40.65811]]}},{"type":"Feature","properties":{"name":"(unnamed public road)","road_class":"track","surface":"unpaved","source":"OpenStreetMap","source_detail":"osm way 1292951024","source_tile":"172/385"},"geometry":{"type":"LineString","coordinates":[[-119.37595,40.65374],[-119.37621,40.65362],[-119.3765,40.65352],[-119.37673,40.65379],[-119.37686,40.65389],[-119.37699,40.65394],[-119.37713,40.65397]]}},{"type":"Feature","properties":{"name":"(unnamed public road)","road_class":"track","surface":"unpaved","source":"OpenStreetMap","source_detail":"osm way 1292951026","source_tile":"172/385"},"geometry":{"type":"LineString","coordinates":[[-119.36953,40.66619],[-119.37038,40.66494],[-119.37061,40.66433],[-119.37073,40.66367],[-119.37088,40.66331],[-119.37094,40.66317]]}},{"type":"Feature","properties":{"name":"(unnamed public road)","road_class":"track","surface":"unpaved","source":"OpenStreetMap","source_detail":"osm way 1292951028","source_tile":"172/385"},"geometry":{"type":"LineString","coordinates":[[-119.37406,40.66331],[-119.37456,40.66329],[-119.37525,40.66322]]}},{"type":"Feature","properties":{"name":"El Rancho Avenue","road_class":"track","surface":"unpaved","source":"OpenStreetMap","source_detail":"osm way 1292951029","source_tile":"172/385"},"geometry":{"type":"LineString","coordinates":[[-119.36522,40.64979],[-119.36507,40.64986]]}},{"type":"Feature","properties":{"name":"El Tren Street","road_class":"track","surface":"unpaved","source":"OpenStreetMap","source_detail":"osm way 1292951032","source_tile":"172/385"},"geometry":{"type":"LineString","coordinates":[[-119.35593,40.65083],[-119.35569,40.65083],[-119.35553,40.65088],[-119.35543,40.65096],[-119.3553,40.65107],[-119.35458,40.65145],[-119.35455,40.65151],[-119.35453,40.65161],[-119.35453,40.6517]]}},{"type":"Feature","properties":{"name":"(unnamed public road)","road_class":"track","surface":"unpaved","source":"OpenStreetMap","source_detail":"osm way 1510191781","source_tile":"172/385"},"geometry":{"type":"LineString","coordinates":[[-119.36231,40.67629],[-119.3627,40.67611],[-119.36315,40.67568],[-119.36348,40.6754],[-119.36358,40.67533],[-119.36374,40.675],[-119.36392,40.67453],[-119.36398,40.67445],[-119.36422,40.67399],[-119.36436,40.6738],[-119.36461,40.67371],[-119.36496,40.67372],[-119.36513,40.67375]]}},{"type":"Feature","properties":{"name":"(unnamed public road)","road_class":"track","source":"OpenStreetMap","source_detail":"osm way 1510191782","source_tile":"172/385","surface_inferred":true},"geometry":{"type":"LineString","coordinates":[[-119.36358,40.67533],[-119.36367,40.67537]]}},{"type":"Feature","properties":{"name":"(unnamed public road)","road_class":"track","source":"OpenStreetMap","source_detail":"osm way 1518748384","source_tile":"172/385","surface_inferred":true},"geometry":{"type":"LineString","coordinates":[[-119.31297,40.583],[-119.31347,40.58302],[-119.31363,40.58303],[-119.31382,40.58302],[-119.31407,40.58298],[-119.31426,40.58298],[-119.31443,40.583],[-119.31474,40.58307],[-119.31486,40.58308],[-119.31507,40.5831],[-119.31529,40.5831],[-119.31554,40.58311],[-119.31575,40.58313],[-119.31585,40.58313],[-119.31626,40.58305],[-119.31648,40.58305],[-119.31678,40.583],[-119.31711,40.58297],[-119.31731,40.58297],[-119.31752,40.583],[-119.3177,40.58299],[-119.318,40.58297],[-119.31814,40.58294],[-119.31835,40.58291],[-119.31857,40.5829],[-119.31926,40.58284],[-119.32051,40.58266],[-119.32062,40.58262],[-119.32077,40.58259],[-119.32095,40.58256],[-119.3211,40.58251],[-119.32127,40.58247],[-119.3214,40.58246],[-119.32161,40.58246],[-119.32176,40.58245],[-119.32191,40.58238],[-119.32219,40.5822],[-119.32229,40.58217],[-119.32242,40.58215],[-119.32265,40.58215],[-119.3228,40.58214],[-119.32301,40.5821],[-119.32357,40.58203],[-119.32373,40.58202],[-119.32424,40.58196],[-119.32447,40.58193],[-119.32479,40.58185],[-119.32517,40.58179],[-119.32536,40.58177],[-119.32547,40.58178],[-119.32595,40.58183],[-119.3266,40.58192],[-119.32676,40.58194],[-119.32703,40.58193],[-119.32791,40.58186],[-119.32843,40.58178],[-119.32861,40.58173],[-119.32881,40.58172],[-119.32912,40.58171],[-119.32964,40.58165],[-119.33018,40.58158],[-119.33041,40.58155],[-119.33067,40.58154],[-119.33121,40.58154],[-119.33141,40.58149],[-119.33151,40.58139],[-119.33159,40.58133],[-119.3317,40.58129],[-119.33184,40.58128],[-119.33196,40.58131],[-119.33206,40.58134],[-119.33214,40.58135],[-119.33245,40.58133],[-119.33269,40.58137],[-119.33289,40.58139],[-119.33302,40.5814],[-119.33326,40.58138],[-119.3346,40.58116],[-119.33503,40.58105]]}}]}