{"type":"FeatureCollection","features":[{"type":"Feature","properties":{"name":"Mc Pherson Grade","road_class":"track","surface":"unpaved","source":"Caltrans All Roads + OpenStreetMap explicit surface","source_detail":"osm way 10463413; Caltrans All Roads public-network geometry match","source_tile":"174/395","public_network_source":"Caltrans All Roads (ARNOLD/HPMS)","surface_source":"OpenStreetMap explicit surface tag","caltrans_match_coverage":0.996,"verified_length_m":18159},"geometry":{"type":"LineString","coordinates":[[-118.8263,37.88909],[-118.82635,37.8892],[-118.82673,37.89007],[-118.82677,37.89014],[-118.82682,37.89023],[-118.82697,37.89042],[-118.82823,37.89159],[-118.82913,37.89237],[-118.83164,37.89466],[-118.83247,37.89542],[-118.83529,37.89798],[-118.83544,37.89809],[-118.83559,37.89817],[-118.83582,37.89832],[-118.83625,37.89869],[-118.83693,37.89929],[-118.83977,37.90173],[-118.84,37.90194],[-118.84017,37.9021],[-118.84031,37.90227],[-118.84043,37.90247],[-118.84059,37.90285],[-118.84158,37.90496],[-118.84227,37.9064],[-118.84268,37.90733],[-118.84285,37.90766],[-118.84304,37.9081],[-118.84375,37.90958],[-118.84382,37.90971],[-118.84415,37.91022],[-118.84422,37.91036],[-118.84483,37.91163],[-118.84535,37.91266],[-118.84588,37.91378],[-118.84616,37.91451],[-118.84626,37.91488],[-118.84631,37.91525],[-118.84634,37.91562],[-118.84646,37.91619],[-118.84651,37.91635],[-118.84683,37.91692],[-118.84694,37.91717],[-118.84698,37.91728],[-118.84704,37.91755],[-118.84713,37.91774],[-118.84772,37.91859],[-118.84779,37.91868],[-118.84797,37.91884],[-118.84811,37.91899],[-118.84826,37.91923],[-118.84853,37.91979],[-118.84893,37.92069],[-118.84902,37.92086],[-118.84913,37.92104],[-118.84924,37.92117],[-118.84963,37.92162],[-118.85006,37.92227],[-118.85015,37.92243],[-118.85021,37.92255],[-118.85028,37.92273],[-118.85042,37.92331],[-118.85046,37.92378],[-118.85046,37.92412],[-118.85047,37.92441],[-118.85051,37.92465],[-118.85061,37.92546],[-118.85084,37.92619],[-118.85118,37.92732],[-118.85139,37.92792],[-118.85152,37.92822],[-118.85167,37.92854],[-118.85191,37.92912],[-118.85211,37.92955],[-118.85225,37.92992],[-118.85238,37.93027],[-118.85258,37.93105],[-118.85269,37.93139],[-118.8528,37.93159],[-118.85294,37.9318],[-118.85312,37.93202],[-118.85319,37.93208],[-118.85335,37.93218],[-118.85363,37.93232],[-118.85465,37.93282],[-118.85519,37.93306],[-118.85535,37.93312],[-118.85555,37.93318],[-118.85596,37.93327],[-118.85608,37.93331],[-118.85623,37.93337],[-118.85631,37.93342],[-118.85645,37.93354],[-118.85659,37.93369],[-118.85665,37.93378],[-118.85679,37.93412],[-118.85681,37.93426],[-118.85686,37.93441],[-118.85705,37.93486],[-118.85734,37.93572],[-118.85789,37.93715],[-118.85797,37.93751],[-118.85799,37.93754],[-118.85805,37.93765],[-118.85814,37.93787],[-118.8585,37.93892],[-118.85876,37.93959],[-118.85941,37.94147],[-118.85965,37.94221],[-118.85996,37.943],[-118.86002,37.94307],[-118.86029,37.94337],[-118.86049,37.94357],[-118.86064,37.94383],[-118.86072,37.94391],[-118.86095,37.94412],[-118.86101,37.94424],[-118.86106,37.94454],[-118.86117,37.94482],[-118.86124,37.94492],[-118.86145,37.94517],[-118.86156,37.94525],[-118.86167,37.9453],[-118.86179,37.94533],[-118.86192,37.94534],[-118.86213,37.94533],[-118.86247,37.94526],[-118.86347,37.94499],[-118.86363,37.94497],[-118.86375,37.94497],[-118.86387,37.94497],[-118.86399,37.94499],[-118.86439,37.94508],[-118.86466,37.94515],[-118.86486,37.94519],[-118.86508,37.94526],[-118.86539,37.94537],[-118.86573,37.94552],[-118.86593,37.94561],[-118.86616,37.94578],[-118.86627,37.94588],[-118.86637,37.94593],[-118.86643,37.94594],[-118.8665,37.94595],[-118.86681,37.94596],[-118.86698,37.94595],[-118.86709,37.94593],[-118.86758,37.94578],[-118.86819,37.94564],[-118.86829,37.94559],[-118.86838,37.94553],[-118.8685,37.9454],[-118.86863,37.9453],[-118.86879,37.94523],[-118.86896,37.94519],[-118.86926,37.94518],[-118.86941,37.94516],[-118.86958,37.94511],[-118.86964,37.94507],[-118.86972,37.94499],[-118.86978,37.9449],[-118.86984,37.94475],[-118.86985,37.94468],[-118.86986,37.94435],[-118.86982,37.94412],[-118.86982,37.944],[-118.86982,37.94387],[-118.86985,37.94374],[-118.86989,37.94361],[-118.86994,37.9435],[-118.87002,37.94339],[-118.8701,37.94328],[-118.8702,37.94318],[-118.87043,37.94303],[-118.8707,37.9429],[-118.87107,37.94274],[-118.87184,37.9425],[-118.87257,37.94227],[-118.87281,37.94222],[-118.873,37.94219],[-118.87356,37.94216],[-118.87395,37.94217],[-118.87412,37.94217],[-118.87427,37.94215],[-118.87441,37.94213],[-118.87499,37.94206],[-118.87525,37.94204],[-118.87587,37.94203],[-118.87646,37.94205],[-118.87668,37.94206],[-118.87712,37.94214],[-118.87735,37.94219],[-118.87798,37.9424],[-118.87848,37.94266],[-118.87874,37.94284],[-118.87897,37.94302],[-118.87931,37.94338],[-118.87972,37.94399],[-118.87992,37.94434],[-118.88,37.94453],[-118.88008,37.94481],[-118.88013,37.94512],[-118.88013,37.9453],[-118.88006,37.94572],[-118.88003,37.94582],[-118.87999,37.94601],[-118.87998,37.94627],[-118.88025,37.94719],[-118.88033,37.94754],[-118.88039,37.94775],[-118.88044,37.94788],[-118.88052,37.94798],[-118.88065,37.94809],[-118.88075,37.94814],[-118.88084,37.94817],[-118.88098,37.94824],[-118.88113,37.94828],[-118.88118,37.94828],[-118.88129,37.94826],[-118.88134,37.94824],[-118.88143,37.94818],[-118.88149,37.94811],[-118.88155,37.94801],[-118.88157,37.94783],[-118.88152,37.94754],[-118.88148,37.94704],[-118.88156,37.94621],[-118.88163,37.94571],[-118.88168,37.94542],[-118.88174,37.94526],[-118.88199,37.94461],[-118.8821,37.94435],[-118.88222,37.94418],[-118.88235,37.94398],[-118.88254,37.9436],[-118.8828,37.94326],[-118.88299,37.94309],[-118.88329,37.94276],[-118.88361,37.94233],[-118.88372,37.94212],[-118.88373,37.94204],[-118.88372,37.94197],[-118.88369,37.94189],[-118.8836,37.94179],[-118.88316,37.94148],[-118.88305,37.94141],[-118.883,37.94137],[-118.88289,37.94129],[-118.88279,37.94118],[-118.88272,37.94109],[-118.88268,37.94094],[-118.88267,37.9408],[-118.88271,37.94071],[-118.88277,37.94062],[-118.88281,37.94059],[-118.88289,37.94056],[-118.88316,37.94057],[-118.8833,37.9406],[-118.88367,37.94065],[-118.88398,37.94061],[-118.88453,37.94056],[-118.88634,37.94046],[-118.88796,37.94034],[-118.88803,37.94033],[-118.88948,37.94021],[-118.89268,37.94002],[-118.89554,37.93981],[-118.89652,37.93976],[-118.89699,37.93973],[-118.89745,37.93967],[-118.89777,37.93961],[-118.89812,37.93953],[-118.89924,37.93925],[-118.90022,37.93901],[-118.90203,37.93851],[-118.90392,37.93802],[-118.9049,37.93774],[-118.90578,37.93742],[-118.90837,37.93641],[-118.90876,37.93623],[-118.90914,37.93607],[-118.90958,37.93592],[-118.91252,37.93472],[-118.91344,37.93436],[-118.91436,37.93402],[-118.91535,37.93364],[-118.91647,37.9332],[-118.91756,37.93273],[-118.91857,37.93234],[-118.91888,37.93223],[-118.91962,37.93194],[-118.92009,37.93181],[-118.92038,37.93175],[-118.92067,37.93167],[-118.92426,37.93075],[-118.92431,37.93073],[-118.92509,37.93053],[-118.92551,37.93046],[-118.92587,37.93035],[-118.928,37.92982],[-118.9281,37.9298],[-118.9282,37.92978],[-118.92838,37.92971],[-118.92892,37.92939],[-118.92906,37.92928],[-118.92913,37.92921],[-118.92942,37.92878],[-118.92955,37.92862],[-118.92966,37.92854],[-118.92984,37.92846],[-118.92996,37.92838],[-118.93006,37.92833],[-118.93017,37.9283],[-118.93028,37.92829],[-118.93067,37.92832],[-118.93088,37.92835],[-118.93148,37.92843],[-118.93196,37.92858],[-118.93205,37.92861],[-118.93219,37.92869],[-118.9323,37.92879],[-118.93238,37.9289],[-118.93244,37.92904],[-118.93261,37.92941],[-118.9331,37.93039],[-118.93333,37.93092],[-118.93344,37.93122],[-118.93367,37.93177],[-118.93374,37.93201],[-118.93379,37.93216],[-118.93402,37.93258],[-118.93413,37.93291],[-118.93419,37.93319],[-118.93421,37.93326],[-118.93455,37.93393],[-118.93471,37.93431],[-118.93481,37.93459],[-118.93483,37.93477],[-118.93524,37.93575],[-118.93559,37.93666],[-118.93601,37.93753],[-118.93619,37.93803],[-118.93632,37.93838],[-118.9366,37.93892],[-118.93676,37.93922],[-118.93693,37.93951],[-118.93715,37.9398],[-118.93752,37.94024],[-118.9376,37.9403],[-118.9377,37.94034],[-118.9378,37.94037],[-118.93792,37.94038],[-118.93803,37.94037],[-118.93879,37.94016],[-118.93882,37.94015],[-118.93911,37.94009],[-118.9393,37.94004],[-118.93979,37.93992],[-118.94029,37.93984],[-118.94238,37.93944],[-118.94307,37.93932],[-118.944,37.93916],[-118.94489,37.93869],[-118.94508,37.93862],[-118.94529,37.93859],[-118.94546,37.93865],[-118.94577,37.93883],[-118.94644,37.93872],[-118.94796,37.93846],[-118.94927,37.93821],[-118.95113,37.93787],[-118.95199,37.93773],[-118.95413,37.93736],[-118.95475,37.93723]]}},{"type":"Feature","properties":{"name":"(unnamed public road)","road_class":"track","surface":"fine_gravel","tracktype":"grade4","source":"Caltrans All Roads + OpenStreetMap explicit surface","source_detail":"osm way 10447128; Caltrans All Roads public-network geometry match","source_tile":"173/396","public_network_source":"Caltrans All Roads (ARNOLD/HPMS)","surface_source":"OpenStreetMap explicit surface tag","caltrans_match_coverage":0.991,"verified_length_m":2974},"geometry":{"type":"LineString","coordinates":[[-118.96953,37.73358],[-118.96962,37.73354],[-118.96973,37.73348],[-118.96982,37.73345],[-118.96993,37.73344],[-118.97003,37.73342],[-118.97015,37.73335],[-118.97023,37.73328],[-118.97029,37.7332],[-118.97034,37.73307],[-118.9704,37.73259],[-118.97042,37.73221],[-118.97047,37.73183],[-118.97061,37.73106],[-118.97082,37.73039],[-118.97085,37.73024],[-118.97092,37.73012],[-118.97156,37.72825],[-118.97162,37.72804],[-118.97176,37.72757],[-118.97184,37.72732],[-118.97219,37.72638],[-118.97235,37.72585],[-118.97241,37.7257],[-118.97248,37.72555],[-118.97256,37.72541],[-118.97269,37.72522],[-118.97283,37.72507],[-118.97303,37.72488],[-118.97338,37.72447],[-118.97396,37.72389],[-118.97405,37.72378],[-118.9742,37.72353],[-118.97432,37.72332],[-118.9746,37.72295],[-118.97463,37.7229],[-118.97476,37.72237],[-118.97485,37.72209],[-118.97488,37.72201],[-118.97491,37.72193],[-118.97495,37.72177],[-118.97496,37.72155],[-118.97495,37.72131],[-118.97479,37.72081],[-118.97473,37.72042],[-118.97469,37.72033],[-118.97464,37.72019],[-118.97452,37.71989],[-118.97437,37.71906],[-118.97432,37.71869],[-118.97431,37.71846],[-118.97431,37.71819],[-118.97437,37.71804],[-118.97441,37.71791],[-118.97441,37.71782],[-118.97444,37.71758],[-118.97447,37.7174],[-118.97458,37.71723],[-118.97479,37.71697],[-118.97506,37.71657],[-118.97515,37.71641],[-118.97519,37.71632],[-118.97519,37.71621],[-118.97518,37.71613],[-118.97513,37.71596],[-118.97508,37.71584],[-118.97502,37.71577],[-118.97492,37.7157],[-118.97478,37.71565],[-118.97469,37.71562],[-118.97451,37.71555],[-118.97438,37.71549],[-118.97428,37.71542],[-118.97424,37.71536],[-118.97414,37.71504],[-118.97412,37.71494],[-118.97414,37.71486],[-118.97418,37.71478],[-118.97424,37.71472],[-118.97447,37.71454],[-118.97455,37.71446],[-118.97465,37.71431],[-118.97495,37.71388],[-118.97512,37.71366],[-118.9752,37.71347],[-118.97531,37.71315],[-118.97541,37.71277],[-118.9754,37.71267],[-118.97535,37.71252],[-118.97523,37.71238],[-118.9749,37.71211],[-118.97482,37.712],[-118.97479,37.71194],[-118.97478,37.71186],[-118.97481,37.71179],[-118.97486,37.71173],[-118.97517,37.71148],[-118.97571,37.71109],[-118.97606,37.71087],[-118.97619,37.71081],[-118.97683,37.7106],[-118.97753,37.71039],[-118.97789,37.71026]]}},{"type":"Feature","properties":{"name":"(unnamed public road)","road_class":"track","surface":"unpaved","source":"Caltrans All Roads + OpenStreetMap explicit surface","source_detail":"osm way 10447895; Caltrans All Roads public-network geometry match","source_tile":"173/396","public_network_source":"Caltrans All Roads (ARNOLD/HPMS)","surface_source":"OpenStreetMap explicit surface tag","caltrans_match_coverage":1.0,"verified_length_m":5615},"geometry":{"type":"LineString","coordinates":[[-118.95241,37.70913],[-118.9523,37.70916],[-118.95217,37.7092],[-118.952,37.70932],[-118.95195,37.70936],[-118.95189,37.7094],[-118.95168,37.70951],[-118.95136,37.70965],[-118.95042,37.71005],[-118.95003,37.71028],[-118.95,37.71029],[-118.94996,37.71031],[-118.94977,37.71037],[-118.94964,37.71038],[-118.94931,37.71035],[-118.94883,37.71033],[-118.94858,37.71035],[-118.9482,37.71043],[-118.94772,37.71055],[-118.94692,37.71082],[-118.94626,37.71109],[-118.94616,37.71115],[-118.94609,37.71123],[-118.94604,37.71132],[-118.94602,37.71141],[-118.94603,37.71153],[-118.94606,37.71165],[-118.94612,37.71176],[-118.94621,37.71186],[-118.94668,37.71215],[-118.94679,37.71221],[-118.94691,37.7123],[-118.94696,37.71243],[-118.94696,37.71253],[-118.94693,37.71261],[-118.94685,37.71307],[-118.94684,37.71322],[-118.94687,37.71356],[-118.9469,37.71372],[-118.94695,37.71384],[-118.94715,37.7142],[-118.9472,37.71441],[-118.94735,37.71464],[-118.9474,37.7147],[-118.94753,37.71478],[-118.94763,37.71482],[-118.94774,37.71483],[-118.94797,37.71481],[-118.94823,37.71474],[-118.94842,37.71471],[-118.94857,37.7147],[-118.94861,37.71471],[-118.94869,37.71476],[-118.94881,37.71491],[-118.94903,37.71534],[-118.94905,37.71542],[-118.94907,37.71558],[-118.94899,37.71636],[-118.94894,37.71657],[-118.94885,37.71678],[-118.94875,37.71694],[-118.94862,37.71708],[-118.94833,37.71732],[-118.94821,37.71742],[-118.94785,37.71768],[-118.94756,37.71782],[-118.94709,37.71799],[-118.94664,37.71802],[-118.94631,37.718],[-118.94556,37.71795],[-118.94527,37.71794],[-118.94492,37.71796],[-118.94419,37.71807],[-118.94409,37.71807],[-118.94371,37.71814],[-118.94357,37.71819],[-118.94348,37.71824],[-118.94312,37.71845],[-118.94298,37.71851],[-118.94263,37.71861],[-118.9422,37.71868],[-118.9418,37.71869],[-118.94137,37.71868],[-118.94074,37.71863],[-118.94034,37.71858],[-118.94009,37.71851],[-118.93985,37.7184],[-118.93969,37.71831],[-118.93904,37.71789],[-118.93893,37.71784],[-118.93882,37.71781],[-118.93872,37.71781],[-118.93864,37.71784],[-118.93856,37.71789],[-118.93851,37.71795],[-118.93849,37.71801],[-118.93846,37.71822],[-118.93846,37.71849],[-118.93849,37.71869],[-118.93855,37.7189],[-118.93857,37.71904],[-118.93858,37.71918],[-118.93858,37.71928],[-118.93854,37.71942],[-118.93846,37.71957],[-118.93826,37.71978],[-118.9382,37.71982],[-118.93809,37.71985],[-118.93749,37.7199],[-118.93725,37.71995],[-118.93712,37.71999],[-118.93703,37.72003],[-118.93692,37.72011],[-118.93681,37.72025],[-118.93677,37.72034],[-118.9367,37.72055],[-118.93664,37.72069],[-118.93659,37.72075],[-118.9365,37.72085],[-118.93609,37.72113],[-118.9356,37.72143],[-118.93537,37.7216],[-118.93505,37.72181],[-118.93456,37.72219],[-118.93444,37.72226],[-118.9342,37.72237],[-118.93326,37.72259],[-118.93287,37.7227],[-118.93273,37.72276],[-118.93237,37.72293],[-118.93213,37.72307],[-118.93176,37.72333],[-118.93138,37.72364],[-118.93071,37.72419],[-118.93035,37.72451],[-118.92987,37.72486],[-118.92952,37.72507],[-118.92881,37.72548],[-118.92869,37.72554],[-118.92805,37.7258],[-118.92762,37.72591],[-118.92748,37.72593],[-118.92731,37.72593],[-118.92688,37.72587],[-118.92616,37.72568],[-118.92524,37.72549],[-118.9249,37.72547],[-118.92454,37.7255],[-118.92436,37.72554],[-118.92405,37.72565],[-118.92351,37.72577],[-118.92287,37.72582],[-118.92251,37.72587],[-118.92225,37.72595],[-118.92192,37.72608],[-118.92174,37.72617],[-118.92158,37.72626],[-118.92141,37.72639],[-118.92131,37.72645],[-118.92112,37.72654],[-118.92102,37.72661],[-118.92092,37.72669],[-118.92081,37.72685],[-118.92062,37.72727],[-118.92055,37.72737],[-118.92033,37.72756],[-118.91988,37.72787],[-118.91976,37.72797],[-118.91963,37.7281],[-118.91958,37.72819],[-118.91953,37.72838],[-118.91947,37.72873],[-118.91953,37.72888],[-118.91973,37.72928],[-118.92024,37.73044],[-118.92029,37.73063],[-118.92028,37.73119],[-118.92024,37.73152],[-118.92021,37.73165],[-118.91987,37.73259],[-118.9198,37.73271],[-118.91966,37.73284],[-118.91953,37.73292],[-118.91947,37.73294],[-118.91945,37.73286],[-118.91935,37.73267],[-118.91927,37.73259],[-118.91918,37.73252],[-118.91897,37.73239],[-118.91888,37.73232],[-118.91888,37.73228],[-118.91881,37.73214],[-118.91873,37.73205],[-118.9186,37.73196],[-118.91837,37.73185],[-118.91805,37.73164],[-118.91788,37.73156],[-118.91775,37.73147],[-118.91765,37.73135],[-118.91756,37.73123],[-118.9172,37.73081],[-118.91676,37.73042],[-118.91658,37.73031]]}},{"type":"Feature","properties":{"name":"Lookout Mountain Bypass","road_class":"track","surface":"unpaved","source":"Caltrans All Roads + OpenStreetMap explicit surface","source_detail":"osm way 10450710; Caltrans All Roads public-network geometry match","source_tile":"173/396","public_network_source":"Caltrans All Roads (ARNOLD/HPMS)","surface_source":"OpenStreetMap explicit surface tag","caltrans_match_coverage":1.0,"verified_length_m":5161},"geometry":{"type":"LineString","coordinates":[[-118.93238,37.7491],[-118.93236,37.74891],[-118.93235,37.74867],[-118.93237,37.74851],[-118.9325,37.74816],[-118.93254,37.74791],[-118.93257,37.74783],[-118.93265,37.74774],[-118.93269,37.74771],[-118.93271,37.74768],[-118.93275,37.74755],[-118.9328,37.74749],[-118.93286,37.74745],[-118.9331,37.74732],[-118.93351,37.74692],[-118.93367,37.74669],[-118.93375,37.74662],[-118.93383,37.74656],[-118.93389,37.74651],[-118.93393,37.74645],[-118.93396,37.74633],[-118.93396,37.7462],[-118.93395,37.74615],[-118.9339,37.74602],[-118.93389,37.74595],[-118.93389,37.74583],[-118.93386,37.74567],[-118.93387,37.74556],[-118.9338,37.74527],[-118.93377,37.74507],[-118.93358,37.74444],[-118.93354,37.74423],[-118.93354,37.74412],[-118.93356,37.74405],[-118.93365,37.7439],[-118.93381,37.74369],[-118.93422,37.74308],[-118.93437,37.74287],[-118.93444,37.74261],[-118.93447,37.74252],[-118.93467,37.74208],[-118.93471,37.74201],[-118.93509,37.74164],[-118.93534,37.74126],[-118.93561,37.74098],[-118.93577,37.74085],[-118.93587,37.74079],[-118.93606,37.74068],[-118.93629,37.74055],[-118.93644,37.7404],[-118.93657,37.7403],[-118.93711,37.74005],[-118.93744,37.73983],[-118.93748,37.73979],[-118.9375,37.73971],[-118.93749,37.73963],[-118.93746,37.73955],[-118.93738,37.73948],[-118.93716,37.73929],[-118.93713,37.73921],[-118.93715,37.73917],[-118.93722,37.73912],[-118.93737,37.7391],[-118.93755,37.73915],[-118.93781,37.7392],[-118.9381,37.73924],[-118.93832,37.7393],[-118.93854,37.7393],[-118.939,37.73927],[-118.93927,37.73924],[-118.93959,37.73916],[-118.94,37.73901],[-118.94041,37.7389],[-118.94067,37.73884],[-118.94092,37.73882],[-118.94133,37.73887],[-118.9416,37.73893],[-118.94177,37.73897],[-118.94205,37.73906],[-118.94239,37.73927],[-118.94253,37.73932],[-118.9427,37.73934],[-118.94288,37.73934],[-118.94329,37.73929],[-118.94396,37.73918],[-118.9442,37.73917],[-118.94439,37.73913],[-118.94461,37.73908],[-118.94468,37.73905],[-118.94476,37.73898],[-118.94488,37.73881],[-118.94497,37.73871],[-118.94521,37.73853],[-118.94551,37.73835],[-118.9463,37.73796],[-118.9466,37.73783],[-118.94669,37.73777],[-118.94696,37.73751],[-118.94729,37.73715],[-118.94767,37.73678],[-118.94778,37.73668],[-118.94798,37.73654],[-118.94825,37.73642],[-118.94848,37.73626],[-118.94883,37.73593],[-118.94928,37.7356],[-118.94959,37.73532],[-118.94972,37.73516],[-118.94977,37.73512],[-118.94992,37.73506],[-118.9503,37.73501],[-118.95054,37.73494],[-118.95068,37.73488],[-118.95089,37.73473],[-118.95111,37.73448],[-118.95127,37.73434],[-118.95152,37.73415],[-118.95161,37.73406],[-118.95172,37.73391],[-118.95196,37.73374],[-118.95205,37.73369],[-118.95219,37.73363],[-118.9524,37.73356],[-118.95297,37.73349],[-118.95321,37.7334],[-118.95335,37.73336],[-118.95339,37.73335],[-118.95365,37.73303],[-118.95377,37.73291],[-118.95396,37.73278],[-118.95412,37.73263],[-118.95442,37.73227],[-118.95448,37.73223],[-118.95465,37.73216],[-118.95481,37.73211],[-118.95509,37.73204],[-118.95569,37.73181],[-118.95594,37.7317],[-118.95609,37.73161],[-118.95615,37.73155],[-118.95619,37.73148],[-118.9564,37.73108],[-118.95648,37.73083],[-118.95653,37.73049],[-118.95655,37.73018],[-118.95657,37.72892],[-118.95655,37.72873],[-118.9564,37.72827],[-118.95632,37.72804],[-118.95613,37.72771],[-118.95602,37.72747],[-118.95592,37.72722],[-118.95561,37.72658],[-118.9555,37.72638],[-118.95547,37.72627],[-118.95545,37.72601],[-118.95538,37.72565],[-118.9553,37.72538],[-118.95527,37.72527],[-118.95524,37.7248],[-118.95521,37.7247],[-118.95514,37.7246],[-118.95502,37.72447],[-118.95455,37.72403],[-118.95409,37.72339],[-118.95399,37.7232],[-118.95389,37.72298],[-118.95382,37.72277],[-118.95372,37.72257],[-118.9534,37.72212],[-118.95335,37.72198],[-118.95329,37.72187],[-118.95323,37.7218],[-118.95302,37.72163],[-118.95286,37.72152],[-118.95232,37.72125],[-118.95185,37.72094],[-118.95138,37.72071],[-118.95089,37.72041],[-118.95077,37.72031],[-118.95066,37.72021],[-118.95057,37.7201],[-118.95035,37.71976],[-118.9502,37.71957],[-118.95012,37.7195],[-118.95002,37.7194],[-118.94976,37.71919],[-118.94968,37.7191],[-118.94949,37.71881],[-118.94931,37.71845],[-118.94887,37.71763],[-118.94873,37.71733],[-118.94862,37.71708]]}},{"type":"Feature","properties":{"name":"Lookout Mountain Road","road_class":"track","surface":"unpaved","source":"Caltrans All Roads + OpenStreetMap explicit surface","source_detail":"osm way 10453052; Caltrans All Roads public-network geometry match","source_tile":"173/396","public_network_source":"Caltrans All Roads (ARNOLD/HPMS)","surface_source":"OpenStreetMap explicit surface tag","caltrans_match_coverage":1.0,"verified_length_m":3225},"geometry":{"type":"LineString","coordinates":[[-118.94709,37.71799],[-118.94671,37.71818],[-118.94637,37.71834],[-118.94623,37.71839],[-118.94476,37.71873],[-118.94463,37.71875],[-118.94451,37.71876],[-118.94408,37.71873],[-118.94396,37.71874],[-118.94379,37.71879],[-118.94365,37.71888],[-118.9435,37.71901],[-118.94341,37.71908],[-118.94326,37.71916],[-118.94306,37.71924],[-118.94213,37.71945],[-118.94174,37.71959],[-118.94074,37.7201],[-118.94041,37.72033],[-118.94033,37.7204],[-118.94016,37.72062],[-118.94005,37.72097],[-118.94003,37.72109],[-118.94002,37.72132],[-118.94003,37.72152],[-118.94007,37.7217],[-118.94017,37.72188],[-118.94025,37.72197],[-118.94036,37.72205],[-118.94048,37.7221],[-118.94056,37.72208],[-118.94063,37.72204],[-118.9407,37.72197],[-118.9408,37.72173],[-118.94089,37.72155],[-118.94099,37.72142],[-118.94113,37.72127],[-118.94122,37.72122],[-118.94132,37.7212],[-118.94144,37.72121],[-118.94155,37.72124],[-118.94228,37.72162],[-118.94323,37.72214],[-118.94434,37.72265],[-118.94477,37.72288],[-118.94509,37.7231],[-118.94515,37.72313],[-118.9452,37.72313],[-118.94558,37.72313],[-118.9457,37.72313],[-118.94586,37.72318],[-118.94619,37.72335],[-118.94643,37.72349],[-118.94663,37.72363],[-118.9467,37.72366],[-118.94675,37.72368],[-118.94693,37.72369],[-118.947,37.72372],[-118.94705,37.72377],[-118.94706,37.72384],[-118.94704,37.72389],[-118.94699,37.72393],[-118.94691,37.72396],[-118.94682,37.72398],[-118.94672,37.72396],[-118.94652,37.72389],[-118.94633,37.72378],[-118.94617,37.72371],[-118.946,37.72365],[-118.94587,37.72362],[-118.94573,37.72361],[-118.94565,37.72362],[-118.94557,37.72364],[-118.94522,37.72384],[-118.94513,37.72387],[-118.94504,37.72387],[-118.94493,37.72387],[-118.94465,37.72387],[-118.94436,37.72395],[-118.94421,37.72402],[-118.94382,37.72448],[-118.94375,37.72454],[-118.94353,37.72465],[-118.94322,37.72478],[-118.9429,37.72489],[-118.9427,37.72497],[-118.94248,37.7251],[-118.94234,37.72519],[-118.94215,37.72527],[-118.9421,37.7253],[-118.94204,37.72538],[-118.94196,37.72579],[-118.9419,37.7262],[-118.94223,37.72662],[-118.94268,37.72692],[-118.94319,37.72708],[-118.94509,37.72741],[-118.94536,37.72742],[-118.94595,37.72728],[-118.94654,37.72702],[-118.9474,37.72703],[-118.94793,37.7272],[-118.94823,37.72752],[-118.9485,37.72783],[-118.94857,37.72816],[-118.94855,37.72911],[-118.94843,37.7294],[-118.9482,37.72968],[-118.94787,37.73005],[-118.94772,37.73013],[-118.94757,37.73007],[-118.94765,37.7298]]}},{"type":"Feature","properties":{"name":"Deadman Creek Road","road_class":"unclassified","surface":"unpaved","source":"Caltrans All Roads + OpenStreetMap explicit surface","source_detail":"osm way 10462572; Caltrans All Roads public-network geometry match","source_tile":"173/396","public_network_source":"Caltrans All Roads (ARNOLD/HPMS)","surface_source":"OpenStreetMap explicit surface tag","caltrans_match_coverage":1.0,"verified_length_m":7873},"geometry":{"type":"LineString","coordinates":[[-119.05635,37.71234],[-119.05619,37.71231],[-119.05609,37.71229],[-119.05596,37.71226],[-119.05563,37.71186],[-119.05542,37.71163],[-119.05531,37.71152],[-119.05443,37.71071],[-119.05343,37.70983],[-119.05283,37.70936],[-119.05097,37.7081],[-119.04962,37.70732],[-119.04921,37.70715],[-119.0489,37.70706],[-119.04857,37.70699],[-119.04825,37.70695],[-119.04791,37.70694],[-119.04758,37.70695],[-119.04725,37.70699],[-119.04693,37.70706],[-119.04662,37.70716],[-119.04622,37.70733],[-119.04399,37.70816],[-119.0437,37.70827],[-119.04351,37.70837],[-119.04206,37.70928],[-119.04139,37.70976],[-119.04098,37.71014],[-119.04062,37.71053],[-119.04037,37.71098],[-119.04031,37.71114],[-119.04028,37.7112],[-119.04021,37.71136],[-119.04007,37.71157],[-119.03991,37.71176],[-119.03973,37.71195],[-119.03961,37.71204],[-119.03903,37.7124],[-119.03883,37.71249],[-119.03873,37.71256],[-119.03864,37.71263],[-119.03855,37.71273],[-119.03844,37.71291],[-119.03842,37.71299],[-119.03833,37.71315],[-119.03823,37.71325],[-119.03766,37.71362],[-119.03711,37.71397],[-119.03656,37.7143],[-119.03529,37.71499],[-119.03475,37.71542],[-119.03383,37.716],[-119.03302,37.71644],[-119.03058,37.71775],[-119.03017,37.71811],[-119.02983,37.71852],[-119.02969,37.71878],[-119.02975,37.71925],[-119.02965,37.71942],[-119.02952,37.71956],[-119.02882,37.71977],[-119.02828,37.71986],[-119.02793,37.71987],[-119.02699,37.71979],[-119.02637,37.71972],[-119.02556,37.71964],[-119.02523,37.71949],[-119.02507,37.71938],[-119.02491,37.71919],[-119.02478,37.71908],[-119.02456,37.71898],[-119.02443,37.71894],[-119.0237,37.71856],[-119.02344,37.71845],[-119.02266,37.71817],[-119.02257,37.71815],[-119.02232,37.71812],[-119.02221,37.71809],[-119.02214,37.71807],[-119.02195,37.71798],[-119.02182,37.71792],[-119.02175,37.7179],[-119.02157,37.71789],[-119.02114,37.71789],[-119.02087,37.71791],[-119.02038,37.71796],[-119.0202,37.71797],[-119.01977,37.71803],[-119.0195,37.71812],[-119.01903,37.7183],[-119.0185,37.71862],[-119.01833,37.71873],[-119.01824,37.7188],[-119.01791,37.71892],[-119.01777,37.71894],[-119.01763,37.71895],[-119.0175,37.71893],[-119.01744,37.71894],[-119.01731,37.71898],[-119.01706,37.71908],[-119.01627,37.71954],[-119.01565,37.71993],[-119.01512,37.72031],[-119.01495,37.72044],[-119.01488,37.72051],[-119.0146,37.72093],[-119.0144,37.72119],[-119.01419,37.72142],[-119.01402,37.72157],[-119.01386,37.72169],[-119.01364,37.72176],[-119.01339,37.72181],[-119.01301,37.72186],[-119.01246,37.72191],[-119.01188,37.72192],[-119.0115,37.72191],[-119.01126,37.72193],[-119.01078,37.72196],[-119.01018,37.72198],[-119.00814,37.72208],[-119.00806,37.72209],[-119.00452,37.72221],[-119.004,37.72224],[-119.00078,37.72237],[-119.00032,37.72239],[-118.99958,37.72243],[-118.9988,37.72247],[-118.9986,37.7225],[-118.99829,37.7226],[-118.99781,37.72284],[-118.99769,37.72292],[-118.99709,37.72345],[-118.99649,37.72405],[-118.99635,37.7242],[-118.99592,37.72458],[-118.99579,37.72472],[-118.99456,37.72585],[-118.99436,37.72606],[-118.9941,37.72628],[-118.99307,37.72732],[-118.99303,37.72736],[-118.99306,37.72775],[-118.99307,37.7278],[-118.99314,37.72793],[-118.99326,37.72806],[-118.99351,37.72829],[-118.99376,37.72855],[-118.9943,37.72906],[-118.99437,37.72909],[-118.99446,37.72911],[-118.99463,37.72911],[-118.99496,37.72912],[-118.99512,37.72914],[-118.99537,37.72919],[-118.99546,37.72923],[-118.99554,37.72928],[-118.9956,37.72935],[-118.99563,37.7294],[-118.99586,37.72969],[-118.99603,37.72988],[-118.99615,37.73005],[-118.99618,37.73011],[-118.9962,37.73021],[-118.99623,37.73069],[-118.99624,37.73078],[-118.99631,37.7313],[-118.99644,37.7318],[-118.99648,37.73202],[-118.99671,37.73299],[-118.99684,37.73347],[-118.99689,37.73375],[-118.99701,37.73418],[-118.99706,37.73433],[-118.99709,37.7345],[-118.99708,37.73466],[-118.99704,37.73492]]}},{"type":"Feature","properties":{"name":"3S06","road_class":"track","surface":"unpaved","tracktype":"grade2","source":"Caltrans All Roads + OpenStreetMap explicit surface","source_detail":"osm way 203192135; Caltrans All Roads public-network geometry match","source_tile":"173/396","public_network_source":"Caltrans All Roads (ARNOLD/HPMS)","surface_source":"OpenStreetMap explicit surface tag","caltrans_match_coverage":1.0,"verified_length_m":9954},"geometry":{"type":"LineString","coordinates":[[-118.86717,37.7079],[-118.86721,37.708],[-118.8672,37.70813],[-118.86716,37.70826],[-118.86711,37.70836],[-118.86683,37.70906],[-118.86672,37.70946],[-118.86659,37.71008],[-118.86658,37.71054],[-118.86661,37.71079],[-118.8666,37.71086],[-118.86657,37.71094],[-118.8665,37.71101],[-118.8664,37.71104],[-118.8662,37.71107],[-118.86607,37.7111],[-118.86586,37.71117],[-118.8657,37.71124],[-118.86557,37.71133],[-118.8655,37.71142],[-118.86534,37.71175],[-118.86527,37.71192],[-118.86519,37.71226],[-118.86517,37.71249],[-118.86515,37.71255],[-118.86512,37.71259],[-118.86495,37.71276],[-118.86489,37.71286],[-118.86487,37.71297],[-118.86492,37.71328],[-118.86494,37.71346],[-118.86491,37.71359],[-118.86481,37.71384],[-118.86472,37.71396],[-118.86455,37.71415],[-118.86444,37.71423],[-118.86433,37.7143],[-118.86407,37.71441],[-118.86327,37.71469],[-118.86311,37.71476],[-118.8629,37.71489],[-118.86261,37.71495],[-118.86247,37.71504],[-118.86231,37.71521],[-118.86217,37.71541],[-118.8621,37.71548],[-118.86177,37.71576],[-118.86172,37.71583],[-118.86169,37.71588],[-118.86165,37.71599],[-118.86155,37.71666],[-118.86157,37.71678],[-118.86186,37.71729],[-118.86195,37.7175],[-118.86198,37.71772],[-118.86197,37.71787],[-118.86187,37.71814],[-118.86171,37.71845],[-118.86169,37.71851],[-118.86169,37.71859],[-118.8617,37.71865],[-118.86174,37.71874],[-118.86185,37.71889],[-118.86189,37.71893],[-118.86204,37.71903],[-118.86217,37.71908],[-118.86372,37.71951],[-118.86397,37.7196],[-118.86417,37.7197],[-118.86428,37.71977],[-118.8646,37.72004],[-118.86469,37.72013],[-118.86493,37.72045],[-118.86528,37.72102],[-118.86565,37.7215],[-118.86619,37.72208],[-118.86638,37.72228],[-118.86665,37.72248],[-118.86684,37.72258],[-118.86706,37.72265],[-118.86716,37.72266],[-118.86762,37.7227],[-118.86808,37.72264],[-118.86833,37.72264],[-118.86857,37.72269],[-118.86876,37.72276],[-118.86898,37.72288],[-118.86959,37.72329],[-118.86964,37.72334],[-118.86977,37.72349],[-118.86993,37.72374],[-118.87015,37.72416],[-118.8703,37.72433],[-118.87045,37.72445],[-118.87062,37.72454],[-118.87092,37.72463],[-118.87143,37.72475],[-118.87191,37.72488],[-118.87254,37.72502],[-118.87271,37.72506],[-118.87295,37.72515],[-118.87304,37.72519],[-118.87342,37.72545],[-118.8737,37.72557],[-118.874,37.72567],[-118.87405,37.72568],[-118.87415,37.72567],[-118.87443,37.72563],[-118.87511,37.72549],[-118.87683,37.72508],[-118.87716,37.72503],[-118.87762,37.72501],[-118.87815,37.72498],[-118.87901,37.72488],[-118.87919,37.72489],[-118.87932,37.72491],[-118.87948,37.72496],[-118.87962,37.72502],[-118.88003,37.72524],[-118.88028,37.72533],[-118.88078,37.72543],[-118.88106,37.72549],[-118.88141,37.72555],[-118.88152,37.72555],[-118.8816,37.72554],[-118.88224,37.72537],[-118.88252,37.72535],[-118.88367,37.72518],[-118.88417,37.72512],[-118.8848,37.725],[-118.88522,37.72494],[-118.88562,37.72479],[-118.88588,37.72471],[-118.88624,37.72457],[-118.88639,37.7245],[-118.88666,37.72432],[-118.88693,37.72413],[-118.8872,37.72395],[-118.88749,37.72371],[-118.88807,37.72314],[-118.88854,37.72265],[-118.88862,37.72252],[-118.88886,37.72212],[-118.88903,37.72179],[-118.88924,37.72143],[-118.88956,37.72098],[-118.88966,37.72088],[-118.89023,37.72035],[-118.89031,37.72025],[-118.89064,37.71975],[-118.8908,37.71952],[-118.8911,37.71939],[-118.89132,37.71933],[-118.89149,37.71931],[-118.89183,37.71932],[-118.89291,37.71946],[-118.89362,37.71959],[-118.89399,37.71964],[-118.89485,37.71969],[-118.89599,37.71976],[-118.89635,37.71979],[-118.89697,37.71989],[-118.89758,37.71994],[-118.89795,37.72],[-118.89818,37.72001],[-118.89913,37.72011],[-118.90005,37.72022],[-118.90064,37.72026],[-118.90096,37.72032],[-118.90177,37.72055],[-118.90207,37.72062],[-118.9032,37.72079],[-118.90339,37.72081],[-118.90433,37.72092],[-118.90477,37.721],[-118.90506,37.72103],[-118.90534,37.72107],[-118.90563,37.72112],[-118.90574,37.72116],[-118.90629,37.72138],[-118.90659,37.72147],[-118.90682,37.72153],[-118.90708,37.72155],[-118.90765,37.72158],[-118.9087,37.72159],[-118.90896,37.72158],[-118.90914,37.72156],[-118.90934,37.72152],[-118.90959,37.72145],[-118.90978,37.72136],[-118.9099,37.72129],[-118.91009,37.72113],[-118.91024,37.72098],[-118.91029,37.72092],[-118.91076,37.7201],[-118.91117,37.71956],[-118.9114,37.7192],[-118.91145,37.71917],[-118.9119,37.71874],[-118.91212,37.71857],[-118.91229,37.71846],[-118.91269,37.71825],[-118.913,37.71813],[-118.91333,37.71805],[-118.9137,37.71796],[-118.91395,37.71788],[-118.91426,37.71774],[-118.91456,37.71757],[-118.91477,37.71742],[-118.91488,37.7173],[-118.91501,37.71709],[-118.9151,37.71686],[-118.91521,37.71641],[-118.91528,37.71613],[-118.91534,37.71605],[-118.91541,37.71599],[-118.91552,37.71594],[-118.9157,37.71592],[-118.91585,37.71594],[-118.91615,37.71601],[-118.91654,37.71612],[-118.9169,37.71623],[-118.91714,37.71633],[-118.91732,37.71641],[-118.91783,37.71672],[-118.9182,37.71691],[-118.91854,37.71702],[-118.9187,37.71705],[-118.91892,37.71708],[-118.91952,37.71709],[-118.91985,37.71708],[-118.92105,37.71694],[-118.92196,37.71681],[-118.92203,37.71679],[-118.92207,37.71676],[-118.92218,37.71667],[-118.92224,37.71654],[-118.92227,37.71632],[-118.9223,37.71618],[-118.92233,37.71614],[-118.92243,37.71601],[-118.92255,37.71594],[-118.92263,37.71591],[-118.9228,37.71586],[-118.92316,37.71583],[-118.92389,37.71578],[-118.92455,37.7157],[-118.92498,37.71569],[-118.92531,37.71571],[-118.92563,37.71576],[-118.92697,37.71614],[-118.9281,37.71644],[-118.92863,37.71661],[-118.92882,37.71666],[-118.92919,37.71676],[-118.92965,37.71684],[-118.92986,37.71689],[-118.93007,37.71698],[-118.93015,37.71704],[-118.93026,37.71717],[-118.93032,37.71731],[-118.93035,37.71749],[-118.93033,37.71767],[-118.93031,37.71777],[-118.93022,37.71801],[-118.93015,37.71811],[-118.93008,37.71818],[-118.92978,37.71838],[-118.92954,37.71852],[-118.92936,37.71864],[-118.92928,37.71871],[-118.92921,37.71878],[-118.92909,37.71903],[-118.92887,37.71951],[-118.92877,37.71978],[-118.9287,37.72003],[-118.9287,37.7203],[-118.92875,37.72099],[-118.92881,37.7214],[-118.9288,37.72151],[-118.92871,37.72169],[-118.92829,37.72233],[-118.92817,37.72248],[-118.92806,37.72257],[-118.92781,37.72274],[-118.92773,37.7228],[-118.92752,37.72307],[-118.92715,37.72359],[-118.92706,37.72368],[-118.92694,37.72378],[-118.92671,37.72391],[-118.92648,37.72399],[-118.92589,37.72409],[-118.92564,37.72415],[-118.92515,37.72423],[-118.92445,37.7243],[-118.92402,37.72444],[-118.92348,37.72466],[-118.9232,37.7248],[-118.92296,37.72492],[-118.92282,37.72501],[-118.9227,37.72511],[-118.92264,37.72517],[-118.92255,37.7253],[-118.92253,37.72537],[-118.92252,37.72545],[-118.92251,37.72587]]}},{"type":"Feature","properties":{"name":"(unnamed public road)","road_class":"track","surface":"fine_gravel","tracktype":"grade4","source":"Caltrans All Roads + OpenStreetMap explicit surface","source_detail":"osm way 863418350; Caltrans All Roads public-network geometry match","source_tile":"173/396","public_network_source":"Caltrans All Roads (ARNOLD/HPMS)","surface_source":"OpenStreetMap explicit surface tag","caltrans_match_coverage":0.946,"verified_length_m":4248},"geometry":{"type":"LineString","coordinates":[[-118.98104,37.74489],[-118.98074,37.74465],[-118.98008,37.7436],[-118.97995,37.74336],[-118.97957,37.74274],[-118.97952,37.74266],[-118.97917,37.74213],[-118.97892,37.74175],[-118.97882,37.7416],[-118.9787,37.74144],[-118.97867,37.74136],[-118.97862,37.74131],[-118.97859,37.74124],[-118.97848,37.7411],[-118.97841,37.74096],[-118.97838,37.74066],[-118.97838,37.74045],[-118.97835,37.74032],[-118.97831,37.74029],[-118.97825,37.74024],[-118.978,37.74012],[-118.97795,37.7401],[-118.97763,37.7399],[-118.97758,37.73989],[-118.97739,37.73975],[-118.97734,37.73971],[-118.97715,37.73924],[-118.97705,37.73905],[-118.97667,37.73864],[-118.97638,37.73822],[-118.97637,37.73818],[-118.97629,37.73809],[-118.97618,37.73791],[-118.97613,37.73786],[-118.97587,37.73746],[-118.97538,37.73671],[-118.97508,37.73624],[-118.97506,37.73621],[-118.97394,37.73466],[-118.97307,37.73329],[-118.97184,37.73149],[-118.97136,37.73081],[-118.97104,37.73026],[-118.97092,37.73012],[-118.97073,37.72991],[-118.97031,37.72942],[-118.96988,37.72882],[-118.96973,37.72864],[-118.96964,37.72859],[-118.96939,37.72849],[-118.96928,37.72844],[-118.96923,37.72841],[-118.96919,37.72836],[-118.969,37.72813],[-118.96882,37.72785],[-118.96862,37.72758],[-118.96847,37.72743],[-118.96842,37.72738],[-118.96823,37.72726],[-118.96772,37.72686],[-118.96754,37.72674],[-118.96742,37.72664],[-118.96721,37.72639],[-118.96666,37.72585],[-118.96636,37.7256],[-118.96596,37.72536],[-118.96546,37.72487],[-118.96492,37.72439],[-118.96475,37.72426],[-118.96459,37.72417],[-118.96448,37.72409],[-118.96442,37.72403],[-118.96427,37.72386],[-118.96365,37.72332],[-118.96328,37.72303],[-118.96273,37.72256],[-118.9624,37.72226],[-118.96235,37.72224],[-118.96227,37.72218],[-118.96211,37.722],[-118.96208,37.72194],[-118.96196,37.72176],[-118.96172,37.72163],[-118.9616,37.72153],[-118.96143,37.72136],[-118.96137,37.72132],[-118.9613,37.72129],[-118.96121,37.7213],[-118.96114,37.72128],[-118.96079,37.72099],[-118.96073,37.72092],[-118.96065,37.72076],[-118.96059,37.72059],[-118.96053,37.72046],[-118.96047,37.72036],[-118.96036,37.72023],[-118.96031,37.72015],[-118.96023,37.71994],[-118.9601,37.7195],[-118.95995,37.71948],[-118.95976,37.71938],[-118.9596,37.7193],[-118.9594,37.71919],[-118.95933,37.71902],[-118.95923,37.7189],[-118.95916,37.71883],[-118.95904,37.71858],[-118.95895,37.71843],[-118.95879,37.71834],[-118.95871,37.71818],[-118.95842,37.71788],[-118.95828,37.71767],[-118.95805,37.7173],[-118.958,37.71716],[-118.958,37.71704],[-118.95796,37.71697],[-118.95786,37.71695],[-118.9577,37.71691],[-118.95755,37.71673],[-118.95739,37.71653],[-118.95712,37.71622],[-118.95698,37.71605],[-118.95676,37.7158],[-118.95672,37.71575],[-118.9567,37.71563],[-118.95662,37.7155],[-118.95657,37.71544],[-118.95643,37.71532],[-118.95635,37.71519],[-118.95627,37.71506],[-118.95624,37.71489],[-118.95621,37.71471],[-118.95619,37.7146],[-118.9561,37.7145],[-118.95605,37.71443],[-118.95602,37.71439],[-118.95584,37.71427],[-118.95572,37.71422],[-118.95547,37.71408],[-118.95537,37.71395],[-118.95531,37.7138],[-118.95513,37.71365],[-118.95505,37.71358]]}},{"type":"Feature","properties":{"name":"East Shore Road","road_class":"track","surface":"dirt","source":"Caltrans All Roads + OpenStreetMap explicit surface","source_detail":"osm way 10448053; Caltrans All Roads public-network geometry match","source_tile":"173/395","public_network_source":"Caltrans All Roads (ARNOLD/HPMS)","surface_source":"OpenStreetMap explicit surface tag","caltrans_match_coverage":0.998,"verified_length_m":17289},"geometry":{"type":"LineString","coordinates":[[-119.01333,37.93848],[-119.01223,37.93851],[-119.01202,37.9385],[-119.01124,37.93853],[-119.01019,37.93853],[-119.01,37.93855],[-119.00987,37.93858],[-119.00956,37.93866],[-119.00912,37.93881],[-119.00883,37.93888],[-119.0084,37.93893],[-119.00772,37.93899],[-119.00739,37.93903],[-119.0071,37.9391],[-119.00658,37.93921],[-119.00638,37.93922],[-119.00605,37.93926],[-119.00553,37.93931],[-119.00501,37.93933],[-119.00457,37.93936],[-119.00413,37.93941],[-119.00368,37.93948],[-119.00321,37.93953],[-119.00275,37.93955],[-119.00228,37.93955],[-119.00183,37.9396],[-119.00113,37.93962],[-119.00098,37.93963],[-119.00085,37.93963],[-119.00073,37.93962],[-119.00042,37.93954],[-119.00024,37.93951],[-119.0,37.9395],[-118.99949,37.93956],[-118.99906,37.93964],[-118.99873,37.93972],[-118.9983,37.93986],[-118.99769,37.94008],[-118.99682,37.94035],[-118.99474,37.94122],[-118.99326,37.94182],[-118.993,37.9419],[-118.99275,37.94196],[-118.99251,37.94198],[-118.99206,37.94199],[-118.99188,37.94202],[-118.9916,37.94213],[-118.99084,37.94245],[-118.98973,37.94283],[-118.98951,37.94293],[-118.98927,37.94309],[-118.98919,37.94314],[-118.989,37.94323],[-118.98871,37.94343],[-118.98828,37.94364],[-118.9881,37.9437],[-118.9876,37.94385],[-118.98743,37.94389],[-118.98689,37.94396],[-118.98613,37.94419],[-118.98586,37.94423],[-118.98515,37.94451],[-118.98445,37.94477],[-118.98351,37.94511],[-118.98306,37.94531],[-118.98276,37.94544],[-118.98241,37.94555],[-118.98153,37.94581],[-118.98139,37.94585],[-118.98126,37.94589],[-118.98108,37.94591],[-118.98064,37.94595],[-118.98048,37.946],[-118.97984,37.94631],[-118.97966,37.9464],[-118.97928,37.94656],[-118.97885,37.94667],[-118.97874,37.94674],[-118.97828,37.94701],[-118.97817,37.94707],[-118.978,37.94715],[-118.97769,37.94737],[-118.97743,37.94747],[-118.97725,37.94755],[-118.97709,37.94757],[-118.97679,37.94759],[-118.97662,37.9477],[-118.97578,37.948],[-118.97538,37.94815],[-118.97522,37.94825],[-118.97505,37.9484],[-118.9747,37.94857],[-118.97441,37.94872],[-118.97417,37.94889],[-118.9739,37.94905],[-118.9735,37.94919],[-118.97308,37.94944],[-118.97281,37.94957],[-118.97235,37.94991],[-118.97226,37.94999],[-118.97208,37.95005],[-118.97174,37.95009],[-118.97159,37.95016],[-118.97145,37.9502],[-118.97136,37.95025],[-118.97127,37.95033],[-118.97109,37.95041],[-118.97077,37.95046],[-118.97049,37.95061],[-118.97022,37.95071],[-118.97004,37.95078],[-118.96983,37.95086],[-118.96954,37.95103],[-118.96904,37.95126],[-118.96891,37.95132],[-118.9687,37.95146],[-118.9685,37.95155],[-118.96832,37.9516],[-118.96807,37.95166],[-118.96768,37.95172],[-118.96746,37.95181],[-118.96686,37.95204],[-118.96647,37.95222],[-118.96635,37.95228],[-118.96615,37.95238],[-118.96594,37.95255],[-118.96586,37.95259],[-118.96564,37.95269],[-118.96539,37.95276],[-118.96513,37.95286],[-118.96502,37.95291],[-118.96473,37.9531],[-118.96451,37.95322],[-118.96419,37.95336],[-118.96409,37.95339],[-118.96338,37.95356],[-118.96323,37.95362],[-118.963,37.95378],[-118.96272,37.9539],[-118.96245,37.95401],[-118.96222,37.95415],[-118.96204,37.95422],[-118.96166,37.9544],[-118.96122,37.95464],[-118.96094,37.95474],[-118.96069,37.95485],[-118.96045,37.95498],[-118.95988,37.95533],[-118.95956,37.95551],[-118.95926,37.95566],[-118.95906,37.95573],[-118.9588,37.95586],[-118.95854,37.95602],[-118.95841,37.9561],[-118.95822,37.95622],[-118.9581,37.95626],[-118.95736,37.95665],[-118.95724,37.95669],[-118.95631,37.95711],[-118.95595,37.95732],[-118.95562,37.95758],[-118.9554,37.9577],[-118.95515,37.95786],[-118.95463,37.95815],[-118.95449,37.95821],[-118.95434,37.95832],[-118.9541,37.95843],[-118.95396,37.95853],[-118.95388,37.95857],[-118.95344,37.95886],[-118.95322,37.95894],[-118.95274,37.95935],[-118.95267,37.95942],[-118.95229,37.95997],[-118.95216,37.96012],[-118.95204,37.9602],[-118.95194,37.96028],[-118.95146,37.96055],[-118.9514,37.9606],[-118.95133,37.9607],[-118.95122,37.96084],[-118.95113,37.9609],[-118.95093,37.96099],[-118.95077,37.9611],[-118.95071,37.96115],[-118.95056,37.96132],[-118.95048,37.96138],[-118.95041,37.96141],[-118.94991,37.96172],[-118.94964,37.96184],[-118.94936,37.96194],[-118.94919,37.96201],[-118.94899,37.96212],[-118.94891,37.96218],[-118.94862,37.96229],[-118.94851,37.96238],[-118.94843,37.96243],[-118.9483,37.96247],[-118.94817,37.96247],[-118.94801,37.96251],[-118.94783,37.96258],[-118.9476,37.96265],[-118.94674,37.96278],[-118.94663,37.96282],[-118.94653,37.96288],[-118.94645,37.96295],[-118.94639,37.96303],[-118.94632,37.96324],[-118.94624,37.96333],[-118.94613,37.9634],[-118.94602,37.96344],[-118.94595,37.96345],[-118.94551,37.96345],[-118.94532,37.96341],[-118.94503,37.96332],[-118.94487,37.96329],[-118.94475,37.96328],[-118.94465,37.96328],[-118.9444,37.96332],[-118.94411,37.96336],[-118.94317,37.96344],[-118.94287,37.96349],[-118.94264,37.96355],[-118.9424,37.96365],[-118.94194,37.96388],[-118.94155,37.96406],[-118.94119,37.96429],[-118.94106,37.96434],[-118.94101,37.96436],[-118.94046,37.96471],[-118.94034,37.96475],[-118.94006,37.96479],[-118.93966,37.9649],[-118.93958,37.9649],[-118.93949,37.96488],[-118.93935,37.96481],[-118.93914,37.96477],[-118.93892,37.96476],[-118.9386,37.96478],[-118.93825,37.96487],[-118.93802,37.96498],[-118.93788,37.96502],[-118.93783,37.96504],[-118.93771,37.96517],[-118.93762,37.96523],[-118.93753,37.96526],[-118.93693,37.96543],[-118.93618,37.9657],[-118.93551,37.96598],[-118.93505,37.96606],[-118.93463,37.96616],[-118.93447,37.96623],[-118.93409,37.96641],[-118.93389,37.96648],[-118.93368,37.96652],[-118.93355,37.96652],[-118.93343,37.9665],[-118.93333,37.9665],[-118.93324,37.96654],[-118.93317,37.9666],[-118.93312,37.96674],[-118.93306,37.96683],[-118.933,37.9669],[-118.93291,37.96697],[-118.93275,37.96704],[-118.93257,37.9672],[-118.93243,37.96728],[-118.93231,37.96737],[-118.93216,37.96749],[-118.93202,37.96765],[-118.93161,37.96799],[-118.93126,37.96836],[-118.93089,37.96876],[-118.93064,37.96905],[-118.93012,37.96948],[-118.92996,37.96969],[-118.92951,37.97047],[-118.92931,37.97084],[-118.92927,37.97098],[-118.92917,37.97119],[-118.92901,37.9716],[-118.92901,37.9717],[-118.92902,37.97189],[-118.929,37.97208],[-118.92901,37.9722],[-118.929,37.97229],[-118.92896,37.97235],[-118.92885,37.97257],[-118.92879,37.97267],[-118.92869,37.97274],[-118.92847,37.97281],[-118.92817,37.97287],[-118.92792,37.97291],[-118.92779,37.97295],[-118.92771,37.97294],[-118.92759,37.97292],[-118.92724,37.97287],[-118.92713,37.97288],[-118.92702,37.97291],[-118.92692,37.97295],[-118.92683,37.97302],[-118.92673,37.97315],[-118.92667,37.97321],[-118.92652,37.97331],[-118.92603,37.97346],[-118.92549,37.97373],[-118.92496,37.97398],[-118.92446,37.97424],[-118.92399,37.97454],[-118.92355,37.97485],[-118.92313,37.97524],[-118.92305,37.97529],[-118.92293,37.97535],[-118.92277,37.97539],[-118.92261,37.97545],[-118.92253,37.97547],[-118.92245,37.97551],[-118.92203,37.97578],[-118.92169,37.97601],[-118.92148,37.97622],[-118.92136,37.97631],[-118.92122,37.97637],[-118.92096,37.97646],[-118.92017,37.97688],[-118.91971,37.97706],[-118.91942,37.97712],[-118.9193,37.97717],[-118.9191,37.97726],[-118.91898,37.97736],[-118.91892,37.97742],[-118.91885,37.97756],[-118.91867,37.97801],[-118.91859,37.97816],[-118.91853,37.97828],[-118.9185,37.97846],[-118.91841,37.97871],[-118.9183,37.97901],[-118.91824,37.97925],[-118.91809,37.97967],[-118.91798,37.97989],[-118.91791,37.97995],[-118.91781,37.98005],[-118.91766,37.98014],[-118.91751,37.98022],[-118.91707,37.98065],[-118.91704,37.9807],[-118.91694,37.98081],[-118.91682,37.98089],[-118.91668,37.98096],[-118.91638,37.98104],[-118.91624,37.9811],[-118.91603,37.98124],[-118.91591,37.98132],[-118.91584,37.98141],[-118.91579,37.9815],[-118.91571,37.9818],[-118.91572,37.98211],[-118.91558,37.98264],[-118.91546,37.983],[-118.91537,37.98325],[-118.91533,37.98337],[-118.91525,37.98351],[-118.91491,37.98389],[-118.91465,37.98418],[-118.91451,37.98431],[-118.91444,37.98435],[-118.91434,37.98439],[-118.91422,37.9845],[-118.91413,37.98458],[-118.91402,37.98461],[-118.91352,37.98481],[-118.91321,37.98496],[-118.91295,37.98512],[-118.9128,37.98521],[-118.91245,37.98546],[-118.91229,37.98552],[-118.91191,37.98564],[-118.91183,37.98568],[-118.91167,37.98579],[-118.91158,37.98588],[-118.9115,37.98595],[-118.91137,37.98602],[-118.91121,37.98613],[-118.91106,37.98628],[-118.91095,37.98645],[-118.91089,37.98657],[-118.91075,37.98671],[-118.9107,37.98682],[-118.91057,37.98697],[-118.91034,37.98711],[-118.90989,37.98743],[-118.90982,37.98752],[-118.90975,37.98764],[-118.90967,37.98773],[-118.90945,37.98792],[-118.90929,37.98803],[-118.90917,37.98815],[-118.90907,37.98827],[-118.90899,37.98842],[-118.90891,37.98847],[-118.9086,37.98857],[-118.90833,37.98867],[-118.90817,37.98877],[-118.9081,37.98882],[-118.90798,37.98895],[-118.9079,37.98909],[-118.90786,37.98925],[-118.90787,37.98971],[-118.90784,37.99],[-118.90786,37.99014],[-118.90798,37.9905],[-118.90802,37.99059],[-118.90808,37.99085],[-118.90808,37.9909],[-118.90803,37.991],[-118.908,37.99126],[-118.90796,37.99134],[-118.90782,37.99149],[-118.90762,37.99171],[-118.90756,37.99179],[-118.9074,37.99204],[-118.90733,37.99211],[-118.90722,37.99226],[-118.9071,37.99248],[-118.90704,37.99263],[-118.90699,37.99272],[-118.90673,37.9931],[-118.90665,37.99327],[-118.9066,37.99348],[-118.90658,37.99357],[-118.90658,37.99376],[-118.90657,37.99389],[-118.90642,37.99432],[-118.90631,37.99453],[-118.90618,37.99468],[-118.90605,37.99477],[-118.90586,37.99501],[-118.90556,37.99527],[-118.90543,37.99542],[-118.90522,37.99569],[-118.90475,37.99613],[-118.9044,37.99642],[-118.90422,37.99658],[-118.90411,37.99669],[-118.90403,37.99674],[-118.90374,37.99684],[-118.90364,37.99688],[-118.90352,37.99696],[-118.90343,37.99704],[-118.90334,37.99713],[-118.90168,37.99845],[-118.90138,37.9987],[-118.90118,37.99888],[-118.90087,37.99927],[-118.90077,37.99938],[-118.90032,37.99988],[-118.90007,38.0001],[-118.89973,38.00037],[-118.8996,38.00046],[-118.89921,38.00069],[-118.899,38.00083],[-118.89875,38.00101],[-118.89861,38.00111],[-118.89834,38.00136],[-118.89819,38.00146],[-118.89788,38.00162],[-118.89761,38.00173],[-118.89753,38.00179],[-118.89744,38.0019],[-118.89741,38.00199],[-118.89736,38.00217],[-118.89719,38.0025],[-118.89702,38.00271],[-118.89678,38.00297],[-118.89664,38.00316],[-118.89645,38.00359],[-118.89601,38.00454],[-118.89597,38.00472],[-118.89581,38.0052],[-118.89569,38.00546],[-118.89566,38.00554],[-118.89561,38.00583],[-118.89544,38.00632],[-118.89532,38.00658],[-118.89526,38.00677],[-118.89524,38.00688],[-118.89527,38.00702],[-118.89528,38.00714],[-118.89524,38.0073],[-118.89518,38.00735],[-118.89513,38.00738],[-118.895,38.00743],[-118.89493,38.00747],[-118.89487,38.00753],[-118.89484,38.00758],[-118.89481,38.00778],[-118.89482,38.0079],[-118.89489,38.00829],[-118.8949,38.00851],[-118.89491,38.0093],[-118.89494,38.00993],[-118.895,38.01068],[-118.89509,38.01121],[-118.89521,38.0116],[-118.89522,38.01174],[-118.89519,38.0119],[-118.89522,38.01212],[-118.89535,38.01263],[-118.89535,38.01272],[-118.89531,38.01288],[-118.89529,38.01302],[-118.89528,38.01322],[-118.8953,38.01332],[-118.89539,38.01358],[-118.89551,38.01429],[-118.89564,38.01446],[-118.89571,38.01461],[-118.89576,38.01477],[-118.89592,38.01513],[-118.89607,38.01536],[-118.89629,38.01584],[-118.89641,38.01605],[-118.89647,38.01611],[-118.89731,38.01776],[-118.89756,38.01831],[-118.89765,38.01856],[-118.89772,38.01886],[-118.89778,38.01924],[-118.89791,38.01962],[-118.89812,38.02035],[-118.89853,38.02151],[-118.89861,38.02166],[-118.89872,38.02187],[-118.89879,38.02204],[-118.8992,38.02278],[-118.89936,38.02313],[-118.89965,38.02384],[-118.89974,38.02412],[-118.89982,38.02456],[-118.90014,38.02548],[-118.90045,38.02619],[-118.90069,38.02665],[-118.90077,38.02686],[-118.90081,38.02718],[-118.90079,38.02772],[-118.90078,38.02855],[-118.90074,38.02934],[-118.90054,38.03066],[-118.90042,38.03117],[-118.90034,38.03141],[-118.90023,38.03164],[-118.90019,38.03177],[-118.90018,38.032],[-118.9002,38.0322],[-118.90026,38.03256],[-118.90029,38.03301],[-118.89988,38.0337],[-118.89975,38.03413],[-118.89975,38.03444],[-118.89977,38.03463],[-118.89983,38.03503],[-118.89995,38.03529],[-118.90017,38.03579],[-118.90014,38.03597],[-118.89984,38.03615],[-118.89993,38.03635],[-118.90013,38.03668]]}},{"type":"Feature","properties":{"name":"Parker Lake Road","road_class":"unclassified","surface":"gravel","source":"Caltrans All Roads + OpenStreetMap explicit surface","source_detail":"osm way 10445339; Caltrans All Roads public-network geometry match","source_tile":"173/395","public_network_source":"Caltrans All Roads (ARNOLD/HPMS)","surface_source":"OpenStreetMap explicit surface tag","caltrans_match_coverage":1.0,"verified_length_m":3516},"geometry":{"type":"LineString","coordinates":[[-119.11665,37.86596],[-119.11705,37.86526],[-119.11717,37.86504],[-119.11729,37.86488],[-119.11779,37.86425],[-119.11794,37.86404],[-119.11812,37.86376],[-119.11844,37.86323],[-119.1187,37.86275],[-119.11962,37.86138],[-119.11978,37.86122],[-119.11987,37.86115],[-119.11999,37.86102],[-119.12018,37.86082],[-119.12029,37.86071],[-119.12037,37.86067],[-119.1205,37.86063],[-119.1207,37.86059],[-119.12087,37.86055],[-119.12099,37.86049],[-119.12109,37.8604],[-119.12116,37.86031],[-119.12124,37.86014],[-119.12133,37.85984],[-119.12141,37.85946],[-119.12145,37.85931],[-119.12146,37.85881],[-119.12148,37.85875],[-119.12152,37.85871],[-119.12157,37.85867],[-119.12163,37.85865],[-119.12192,37.85865],[-119.12238,37.85863],[-119.1225,37.8586],[-119.12273,37.85852],[-119.12285,37.85845],[-119.1231,37.85827],[-119.12354,37.85796],[-119.12382,37.85782],[-119.12391,37.85779],[-119.12403,37.85777],[-119.12428,37.8577],[-119.12438,37.85766],[-119.12463,37.85751],[-119.12499,37.85731],[-119.12543,37.85701],[-119.12552,37.85698],[-119.12564,37.85696],[-119.12573,37.85698],[-119.12582,37.85701],[-119.12597,37.85714],[-119.12607,37.85724],[-119.12619,37.85734],[-119.12628,37.85743],[-119.12643,37.85758],[-119.12646,37.85764],[-119.12651,37.85785],[-119.12653,37.85808],[-119.12662,37.85871],[-119.12671,37.85961],[-119.12675,37.86009],[-119.12677,37.8606],[-119.12674,37.86099],[-119.12671,37.8612],[-119.12663,37.86155],[-119.12636,37.86234],[-119.12613,37.86289],[-119.126,37.8633],[-119.12594,37.86355],[-119.12586,37.86389],[-119.12585,37.86401],[-119.12587,37.86415],[-119.12592,37.86421],[-119.12596,37.86425],[-119.12604,37.86427],[-119.12615,37.86427],[-119.12638,37.86422],[-119.12662,37.86416],[-119.12711,37.86398],[-119.12775,37.86363],[-119.12814,37.8634],[-119.12834,37.86329],[-119.12917,37.86296],[-119.12932,37.8629],[-119.12996,37.86255],[-119.13021,37.86243],[-119.13045,37.86231],[-119.13055,37.86224],[-119.13106,37.86186],[-119.13172,37.86137],[-119.1318,37.86129],[-119.13231,37.86069],[-119.13258,37.86034],[-119.13305,37.85965],[-119.1333,37.85925],[-119.1335,37.85895],[-119.13383,37.85858],[-119.1343,37.85795],[-119.13444,37.85782],[-119.13464,37.85771],[-119.13561,37.85711],[-119.13589,37.85697],[-119.13619,37.85686],[-119.13667,37.85666]]}},{"type":"Feature","properties":{"name":"Crater Mountain Road","road_class":"track","surface":"dirt","source":"Caltrans All Roads + OpenStreetMap explicit surface","source_detail":"osm way 10447856; Caltrans All Roads public-network geometry match","source_tile":"173/395","public_network_source":"Caltrans All Roads (ARNOLD/HPMS)","surface_source":"OpenStreetMap explicit surface tag","caltrans_match_coverage":0.999,"verified_length_m":2746},"geometry":{"type":"LineString","coordinates":[[-119.04248,37.889],[-119.04229,37.88879],[-119.04206,37.88858],[-119.04188,37.8884],[-119.04131,37.88776],[-119.04104,37.8875],[-119.04048,37.88713],[-119.04014,37.88694],[-119.03995,37.88686],[-119.0397,37.88678],[-119.03925,37.88664],[-119.03883,37.88651],[-119.03873,37.8865],[-119.03851,37.88651],[-119.03787,37.88654],[-119.03757,37.88653],[-119.0373,37.8865],[-119.03624,37.88625],[-119.03526,37.88598],[-119.03436,37.88574],[-119.03388,37.8856],[-119.03319,37.88545],[-119.03287,37.88535],[-119.03256,37.88528],[-119.03233,37.88523],[-119.03182,37.8851],[-119.03023,37.88475],[-119.0288,37.88445],[-119.02842,37.88436],[-119.02798,37.88428],[-119.02734,37.88413],[-119.02682,37.88403],[-119.02644,37.88394],[-119.02588,37.88373],[-119.02517,37.88347],[-119.02458,37.88323],[-119.02402,37.88298],[-119.02389,37.88294],[-119.0235,37.8828],[-119.02243,37.88232],[-119.02176,37.88206],[-119.02166,37.88205],[-119.02149,37.88206],[-119.02133,37.88211],[-119.0212,37.88216],[-119.02094,37.88232],[-119.02069,37.88248],[-119.02057,37.88261],[-119.02027,37.88297],[-119.01963,37.88359],[-119.01959,37.88361],[-119.01947,37.88364],[-119.01926,37.88365],[-119.01887,37.88365],[-119.01834,37.88358],[-119.01826,37.88358],[-119.01798,37.88357],[-119.01784,37.88358],[-119.01778,37.8836],[-119.01773,37.88361],[-119.01764,37.88367],[-119.01757,37.88375],[-119.01748,37.88404],[-119.0174,37.88438],[-119.01735,37.88447],[-119.01718,37.88462],[-119.01709,37.88468],[-119.01665,37.88488],[-119.01657,37.88493],[-119.01647,37.88496],[-119.01605,37.88505],[-119.01584,37.88508],[-119.01569,37.88513],[-119.01554,37.88524]]}},{"type":"Feature","properties":{"name":"Big Springs Road","road_class":"unclassified","surface":"unpaved","source":"Caltrans All Roads + OpenStreetMap explicit surface","source_detail":"osm way 10447944; Caltrans All Roads public-network geometry match","source_tile":"173/395","public_network_source":"Caltrans All Roads (ARNOLD/HPMS)","surface_source":"OpenStreetMap explicit surface tag","caltrans_match_coverage":1.0,"verified_length_m":8501},"geometry":{"type":"LineString","coordinates":[[-118.93887,37.74761],[-118.9389,37.74777],[-118.93896,37.74792],[-118.93899,37.74806],[-118.939,37.74813],[-118.93882,37.74842],[-118.93877,37.74849],[-118.93821,37.74899],[-118.9381,37.74911],[-118.93803,37.74923],[-118.93801,37.74931],[-118.93797,37.74941],[-118.93794,37.7496],[-118.93795,37.74971],[-118.93801,37.74994],[-118.93803,37.75],[-118.93811,37.75024],[-118.93816,37.75034],[-118.93819,37.75039],[-118.93831,37.7505],[-118.93859,37.75072],[-118.93949,37.75133],[-118.93959,37.7514],[-118.93997,37.75164],[-118.94044,37.75198],[-118.941,37.7525],[-118.94111,37.75263],[-118.94128,37.75283],[-118.94136,37.75292],[-118.94168,37.75325],[-118.942,37.75362],[-118.9423,37.75397],[-118.9423,37.75398],[-118.94257,37.75431],[-118.94271,37.75453],[-118.94282,37.75469],[-118.94289,37.75477],[-118.94291,37.75479],[-118.94299,37.75487],[-118.94312,37.75503],[-118.94337,37.75528],[-118.9435,37.75537],[-118.94356,37.75541],[-118.94363,37.75546],[-118.944,37.75569],[-118.94426,37.75589],[-118.94457,37.75621],[-118.94469,37.75633],[-118.94477,37.75646],[-118.94482,37.75657],[-118.94483,37.75669],[-118.94479,37.7568],[-118.94471,37.75687],[-118.94445,37.75709],[-118.9444,37.75716],[-118.94427,37.75747],[-118.94418,37.75773],[-118.9441,37.75787],[-118.94345,37.75891],[-118.94342,37.75895],[-118.94338,37.75899],[-118.94322,37.75908],[-118.94308,37.75913],[-118.94299,37.75914],[-118.94287,37.75916],[-118.94265,37.75918],[-118.94256,37.75919],[-118.94243,37.75923],[-118.94234,37.75928],[-118.94227,37.75936],[-118.94225,37.75942],[-118.94224,37.75955],[-118.94223,37.75989],[-118.94224,37.75996],[-118.94224,37.76],[-118.9423,37.76014],[-118.94233,37.7602],[-118.94241,37.76028],[-118.94295,37.76074],[-118.94312,37.76091],[-118.94339,37.76124],[-118.9436,37.76153],[-118.94364,37.76163],[-118.94371,37.76186],[-118.94395,37.76247],[-118.94407,37.76265],[-118.94414,37.76273],[-118.94447,37.76303],[-118.94473,37.76324],[-118.94478,37.76329],[-118.94483,37.76336],[-118.94487,37.76346],[-118.94497,37.76378],[-118.945,37.76448],[-118.94499,37.76458],[-118.94496,37.76472],[-118.94486,37.76492],[-118.94476,37.7651],[-118.94459,37.76531],[-118.94429,37.76552],[-118.94413,37.7656],[-118.94374,37.76576],[-118.94366,37.76579],[-118.94354,37.76585],[-118.94341,37.76597],[-118.94338,37.76603],[-118.94335,37.76622],[-118.94335,37.76662],[-118.94341,37.76738],[-118.94343,37.76751],[-118.94346,37.7676],[-118.94357,37.76777],[-118.94366,37.76796],[-118.94367,37.76802],[-118.94365,37.7681],[-118.94362,37.76818],[-118.94355,37.7683],[-118.9434,37.76849],[-118.94337,37.76857],[-118.94335,37.76865],[-118.94338,37.76873],[-118.94345,37.76886],[-118.94371,37.76922],[-118.94397,37.76947],[-118.9441,37.76958],[-118.94424,37.76974],[-118.94432,37.76989],[-118.94435,37.76999],[-118.94439,37.77016],[-118.94441,37.77055],[-118.94445,37.77065],[-118.94457,37.77086],[-118.94473,37.77105],[-118.94477,37.7711],[-118.94486,37.77147],[-118.94506,37.7719],[-118.94516,37.77205],[-118.94527,37.77216],[-118.94563,37.77244],[-118.94577,37.77253],[-118.94603,37.77267],[-118.94633,37.77287],[-118.9464,37.77295],[-118.9464,37.773],[-118.94639,37.77306],[-118.94637,37.77314],[-118.94636,37.77318],[-118.94627,37.77332],[-118.94602,37.77363],[-118.94593,37.77384],[-118.94589,37.77399],[-118.94591,37.77408],[-118.94594,37.77416],[-118.946,37.77424],[-118.94617,37.77438],[-118.9463,37.77446],[-118.94645,37.77454],[-118.94686,37.77471],[-118.94698,37.77477],[-118.94707,37.77483],[-118.94713,37.77488],[-118.94734,37.77513],[-118.94743,37.77525],[-118.9476,37.77558],[-118.94774,37.77597],[-118.94774,37.77604],[-118.9477,37.77611],[-118.94766,37.77614],[-118.9476,37.77616],[-118.94752,37.77614],[-118.94743,37.77609],[-118.94688,37.77573],[-118.94647,37.77548],[-118.94606,37.77526],[-118.94597,37.77522],[-118.94539,37.77508],[-118.94497,37.77503],[-118.94477,37.77502],[-118.94464,37.77503],[-118.94447,37.77507],[-118.94437,37.77506],[-118.94411,37.77497],[-118.94394,37.77495],[-118.94372,37.77494],[-118.9436,37.77497],[-118.94348,37.77501],[-118.94334,37.7751],[-118.94328,37.77516],[-118.94326,37.77524],[-118.94326,37.77532],[-118.9433,37.77541],[-118.9434,37.77556],[-118.94347,37.77564],[-118.94364,37.77573],[-118.94382,37.77579],[-118.94404,37.77584],[-118.94419,37.77589],[-118.94433,37.77597],[-118.94445,37.77607],[-118.94477,37.77645],[-118.94484,37.77656],[-118.9449,37.77668],[-118.94494,37.7768],[-118.94502,37.77716],[-118.94504,37.77735],[-118.94504,37.77749],[-118.94502,37.77753],[-118.94497,37.77758],[-118.9449,37.77762],[-118.94435,37.77798],[-118.94418,37.77812],[-118.94406,37.77816],[-118.94397,37.77816],[-118.94353,37.77808],[-118.94344,37.77806],[-118.94325,37.77806],[-118.94293,37.77812],[-118.94281,37.77816],[-118.94263,37.77824],[-118.94227,37.77849],[-118.94178,37.77887],[-118.94131,37.77928],[-118.94124,37.77938],[-118.9412,37.77947],[-118.94115,37.77994],[-118.94101,37.78034],[-118.94085,37.78086],[-118.94083,37.78089],[-118.94073,37.781],[-118.9406,37.78109],[-118.93979,37.78143],[-118.93957,37.78154],[-118.93933,37.7817],[-118.93921,37.7818],[-118.93913,37.7819],[-118.93908,37.782],[-118.93908,37.78212],[-118.93934,37.7835],[-118.93936,37.78375],[-118.93917,37.78391],[-118.93902,37.78403],[-118.93847,37.78436],[-118.93828,37.78458],[-118.93816,37.78476],[-118.93804,37.7851],[-118.93787,37.78579],[-118.93769,37.78613],[-118.9376,37.78623],[-118.93744,37.78638],[-118.93673,37.78703],[-118.93644,37.78736],[-118.9364,37.78742],[-118.93603,37.7879],[-118.93584,37.78822],[-118.93569,37.78847],[-118.93535,37.78918],[-118.93505,37.78991],[-118.93489,37.79026],[-118.93457,37.79078],[-118.93414,37.79188],[-118.93412,37.79202],[-118.93406,37.79285],[-118.93403,37.79368],[-118.93402,37.79435],[-118.93399,37.79558],[-118.934,37.79609],[-118.93399,37.79627],[-118.93388,37.7968],[-118.93386,37.79714],[-118.93387,37.79722],[-118.9339,37.79746],[-118.934,37.79802],[-118.9341,37.7985],[-118.93416,37.79929],[-118.93432,37.80006],[-118.93433,37.80018],[-118.9343,37.80038],[-118.93417,37.80103],[-118.93409,37.80159],[-118.93407,37.80173],[-118.93403,37.80189],[-118.93389,37.80229],[-118.93374,37.80252],[-118.93361,37.80281],[-118.93341,37.80349],[-118.93337,37.80407],[-118.93336,37.80455],[-118.93338,37.80497],[-118.93346,37.80523],[-118.93355,37.80541],[-118.93366,37.80559],[-118.93407,37.80608],[-118.93429,37.8063],[-118.93487,37.80679],[-118.93493,37.80692],[-118.93494,37.80702],[-118.93498,37.80799],[-118.93493,37.80844]]}},{"type":"Feature","properties":{"name":"Pumice Mine Road","road_class":"unclassified","surface":"unpaved","source":"Caltrans All Roads + OpenStreetMap explicit surface","source_detail":"osm way 10448515; Caltrans All Roads public-network geometry match","source_tile":"173/395","public_network_source":"Caltrans All Roads (ARNOLD/HPMS)","surface_source":"OpenStreetMap explicit surface tag","caltrans_match_coverage":1.0,"verified_length_m":6170},"geometry":{"type":"LineString","coordinates":[[-119.00113,37.83713],[-119.00104,37.83705],[-119.00094,37.83695],[-119.0004,37.83653],[-119.00019,37.83636],[-119.00001,37.83615],[-118.99993,37.83602],[-118.9997,37.83549],[-118.99964,37.83532],[-118.99962,37.83513],[-118.99963,37.83501],[-118.99966,37.83491],[-118.99967,37.83482],[-118.99965,37.83473],[-118.9996,37.83461],[-118.99954,37.83451],[-118.99945,37.8343],[-118.99943,37.83417],[-118.99942,37.83398],[-118.99942,37.83353],[-118.99939,37.83319],[-118.99939,37.83295],[-118.99945,37.83252],[-118.99971,37.83174],[-118.99986,37.83137],[-119.0,37.83107],[-119.00017,37.83079],[-119.00038,37.83051],[-119.00101,37.82943],[-119.00131,37.8289],[-119.0014,37.82871],[-119.00142,37.82863],[-119.00149,37.82783],[-119.00152,37.82757],[-119.00154,37.82741],[-119.00162,37.82719],[-119.00173,37.82698],[-119.00178,37.82691],[-119.00193,37.82683],[-119.00209,37.82675],[-119.00293,37.82653],[-119.00371,37.8263],[-119.00396,37.82621],[-119.00406,37.82616],[-119.00417,37.8261],[-119.0046,37.82574],[-119.00485,37.8255],[-119.00495,37.82539],[-119.00506,37.82526],[-119.00514,37.82512],[-119.00531,37.82475],[-119.00542,37.82456],[-119.00573,37.82417],[-119.00598,37.8239],[-119.00626,37.82362],[-119.00676,37.82324],[-119.00689,37.82316],[-119.00714,37.82302],[-119.00731,37.82295],[-119.00795,37.82274],[-119.00819,37.82268],[-119.00837,37.82265],[-119.00858,37.82263],[-119.00892,37.82262],[-119.00911,37.8226],[-119.00929,37.82257],[-119.00938,37.82254],[-119.00949,37.82249],[-119.00958,37.82244],[-119.00974,37.82233],[-119.01053,37.82169],[-119.01121,37.82111],[-119.0118,37.82053],[-119.01234,37.81992],[-119.01328,37.81877],[-119.01379,37.81821],[-119.01405,37.81796],[-119.01425,37.81781],[-119.01439,37.81771],[-119.01451,37.81765],[-119.01632,37.8168],[-119.01716,37.81642],[-119.0187,37.81555],[-119.0192,37.81525],[-119.01946,37.8151],[-119.02018,37.81462],[-119.02092,37.81422],[-119.02172,37.81385],[-119.02249,37.81354],[-119.0231,37.81332],[-119.02317,37.8133],[-119.0233,37.81326],[-119.0235,37.81323],[-119.02361,37.81323],[-119.0238,37.81326],[-119.0239,37.81328],[-119.02399,37.81331],[-119.02445,37.81342],[-119.02461,37.81343],[-119.02473,37.81341],[-119.02505,37.81328],[-119.02576,37.81292],[-119.02595,37.81281],[-119.02624,37.81258],[-119.02669,37.81199],[-119.02715,37.81144],[-119.02731,37.81121],[-119.02743,37.81108],[-119.02769,37.81087],[-119.0278,37.81082],[-119.02844,37.81059],[-119.0292,37.8103],[-119.02951,37.81021],[-119.02967,37.81018],[-119.02982,37.81016],[-119.03099,37.81022],[-119.03133,37.81028],[-119.03161,37.81041],[-119.03191,37.81058],[-119.03249,37.81094],[-119.03281,37.81116],[-119.03326,37.81156],[-119.03345,37.81175],[-119.03366,37.81199],[-119.03389,37.81239],[-119.03404,37.8128],[-119.03416,37.81318],[-119.03421,37.81357],[-119.03422,37.81406],[-119.03424,37.81419],[-119.03428,37.8143],[-119.03438,37.8144],[-119.0345,37.81449],[-119.03462,37.81455],[-119.03482,37.81461],[-119.03513,37.81467],[-119.03532,37.81469],[-119.03557,37.81469],[-119.03596,37.81467],[-119.03737,37.81314],[-119.03771,37.81273],[-119.03801,37.81232],[-119.03852,37.8115],[-119.03894,37.81073],[-119.03907,37.81052],[-119.03915,37.81039],[-119.03933,37.81005],[-119.03944,37.80989],[-119.03964,37.80964],[-119.03992,37.80921],[-119.03999,37.80908],[-119.04006,37.80899],[-119.04024,37.80878],[-119.04065,37.80841],[-119.04116,37.80789],[-119.04125,37.80783]]}},{"type":"Feature","properties":{"name":"(unnamed public road)","road_class":"track","surface":"unpaved","source":"Caltrans All Roads + OpenStreetMap explicit surface","source_detail":"osm way 10449776; Caltrans All Roads public-network geometry match","source_tile":"173/395","public_network_source":"Caltrans All Roads (ARNOLD/HPMS)","surface_source":"OpenStreetMap explicit surface tag","caltrans_match_coverage":1.0,"verified_length_m":1397},"geometry":{"type":"LineString","coordinates":[[-118.99148,37.80834],[-118.99095,37.80831],[-118.99083,37.80829],[-118.99061,37.80824],[-118.99036,37.80814],[-118.99027,37.80809],[-118.99018,37.80802],[-118.99004,37.80788],[-118.98952,37.80723],[-118.98931,37.807],[-118.98919,37.80681],[-118.98903,37.80645],[-118.98889,37.80616],[-118.98876,37.80587],[-118.98844,37.80523],[-118.98807,37.80453],[-118.98785,37.8042],[-118.98753,37.80367],[-118.98727,37.80328],[-118.98718,37.80317],[-118.98703,37.80297],[-118.98675,37.8027],[-118.98607,37.80216],[-118.98587,37.80199],[-118.98555,37.80169],[-118.98534,37.80149],[-118.98523,37.80143],[-118.98453,37.80155],[-118.98414,37.80155],[-118.98404,37.80118],[-118.98426,37.80067],[-118.98425,37.80055],[-118.98417,37.80045],[-118.98406,37.80033],[-118.98406,37.80023],[-118.9842,37.79968],[-118.98428,37.79944],[-118.98437,37.79908],[-118.98439,37.79879]]}},{"type":"Feature","properties":{"name":"(unnamed public road)","road_class":"track","surface":"unpaved","source":"Caltrans All Roads + OpenStreetMap explicit surface","source_detail":"osm way 10450000; Caltrans All Roads public-network geometry match","source_tile":"173/395","public_network_source":"Caltrans All Roads (ARNOLD/HPMS)","surface_source":"OpenStreetMap explicit surface tag","caltrans_match_coverage":1.0,"verified_length_m":592},"geometry":{"type":"LineString","coordinates":[[-119.00418,37.79674],[-119.00383,37.79662],[-119.00336,37.79669],[-119.00289,37.79678],[-119.00241,37.79684],[-119.00176,37.79687],[-119.00146,37.79686],[-119.00116,37.79682],[-119.0008,37.79674],[-118.99994,37.79664],[-118.99966,37.79658],[-118.99958,37.79657],[-118.99928,37.79649],[-118.99883,37.79635],[-118.998,37.79613],[-118.99768,37.79601]]}},{"type":"Feature","properties":{"name":"(unnamed public road)","road_class":"unclassified","surface":"unpaved","source":"Caltrans All Roads + OpenStreetMap explicit surface","source_detail":"osm way 10450684; Caltrans All Roads public-network geometry match","source_tile":"173/395","public_network_source":"Caltrans All Roads (ARNOLD/HPMS)","surface_source":"OpenStreetMap explicit surface tag","caltrans_match_coverage":1.0,"verified_length_m":1345},"geometry":{"type":"LineString","coordinates":[[-119.00113,37.83713],[-119.00141,37.83741],[-119.00146,37.83745],[-119.00156,37.83749],[-119.0017,37.83753],[-119.00189,37.83756],[-119.00204,37.83755],[-119.00232,37.83753],[-119.00277,37.83751],[-119.00288,37.83752],[-119.00299,37.83755],[-119.00305,37.83759],[-119.0031,37.83766],[-119.00316,37.83778],[-119.00317,37.83784],[-119.00314,37.83793],[-119.00305,37.83805],[-119.00259,37.83857],[-119.00231,37.83892],[-119.00228,37.839],[-119.00223,37.83913],[-119.00221,37.83923],[-119.00221,37.83932],[-119.00224,37.83952],[-119.00229,37.83962],[-119.00242,37.83983],[-119.00253,37.83994],[-119.00273,37.84012],[-119.00305,37.84037],[-119.00312,37.84045],[-119.00317,37.84052],[-119.00319,37.84058],[-119.0032,37.8409],[-119.00322,37.8411],[-119.00338,37.84154],[-119.00365,37.84269],[-119.00365,37.84277],[-119.00362,37.84284],[-119.00358,37.84289],[-119.00352,37.84294],[-119.00331,37.84302],[-119.00289,37.84314],[-119.00273,37.8432],[-119.00256,37.84329],[-119.00178,37.84378],[-119.00146,37.844],[-119.00116,37.84415],[-119.0009,37.84435],[-119.00075,37.8445],[-119.00041,37.84488],[-118.99951,37.84601]]}},{"type":"Feature","properties":{"name":"FR 2S149","road_class":"track","surface":"fine_gravel","tracktype":"grade2","motor_vehicle":"designated","source":"Caltrans All Roads + OpenStreetMap explicit surface","source_detail":"osm way 10450731; Caltrans All Roads public-network geometry match","source_tile":"173/395","public_network_source":"Caltrans All Roads (ARNOLD/HPMS)","surface_source":"OpenStreetMap explicit surface tag","caltrans_match_coverage":1.0,"verified_length_m":758},"geometry":{"type":"LineString","coordinates":[[-118.9032,37.74692],[-118.90292,37.74707],[-118.90276,37.74717],[-118.90259,37.74729],[-118.90239,37.74745],[-118.90192,37.74791],[-118.90106,37.7487],[-118.90041,37.74931],[-118.89977,37.74992],[-118.89969,37.75],[-118.89964,37.75006],[-118.89958,37.75017],[-118.89955,37.75022],[-118.8995,37.75025],[-118.89943,37.75029],[-118.89932,37.75036],[-118.89925,37.75041],[-118.89917,37.75049],[-118.89907,37.75059],[-118.899,37.75066],[-118.89891,37.75073],[-118.89877,37.75086],[-118.89854,37.75106],[-118.89839,37.7512],[-118.89825,37.75134],[-118.89798,37.75158],[-118.89771,37.75183],[-118.89762,37.75191],[-118.89757,37.75196],[-118.8975,37.75202]]}},{"type":"Feature","properties":{"name":"(unnamed public road)","road_class":"track","surface":"unpaved","tracktype":"grade2","source":"Caltrans All Roads + OpenStreetMap explicit surface","source_detail":"osm way 10451676; Caltrans All Roads public-network geometry match","source_tile":"173/395","public_network_source":"Caltrans All Roads (ARNOLD/HPMS)","surface_source":"OpenStreetMap explicit surface tag","caltrans_match_coverage":1.0,"verified_length_m":1871},"geometry":{"type":"LineString","coordinates":[[-118.98937,37.77389],[-118.98943,37.77402],[-118.98959,37.77418],[-118.98973,37.77426],[-118.98984,37.77435],[-118.98989,37.7744],[-118.99015,37.77478],[-118.99043,37.77528],[-118.99052,37.77541],[-118.99059,37.77546],[-118.99068,37.7755],[-118.99077,37.77551],[-118.99083,37.77551],[-118.99102,37.77546],[-118.9912,37.77538],[-118.99133,37.77528],[-118.99156,37.77514],[-118.99198,37.77481],[-118.99206,37.77474],[-118.99212,37.77466],[-118.99219,37.77454],[-118.99225,37.77443],[-118.99228,37.77431],[-118.99231,37.77399],[-118.99236,37.77388],[-118.99244,37.7738],[-118.99255,37.77373],[-118.99267,37.77362],[-118.99299,37.77325],[-118.99319,37.77309],[-118.99332,37.77299],[-118.99342,37.77294],[-118.99359,37.77289],[-118.99397,37.77271],[-118.994,37.77269],[-118.9942,37.77253],[-118.99452,37.77226],[-118.99461,37.77215],[-118.99464,37.77205],[-118.99469,37.77143],[-118.99474,37.77133],[-118.99494,37.77099],[-118.99502,37.77083],[-118.99509,37.77067],[-118.99517,37.77059],[-118.99524,37.77053],[-118.9953,37.77048],[-118.99537,37.77037],[-118.99546,37.77018],[-118.99551,37.77001],[-118.99551,37.76994],[-118.99554,37.76975],[-118.99559,37.76905],[-118.99559,37.76881],[-118.99554,37.76849],[-118.99543,37.76795],[-118.9954,37.76765],[-118.99533,37.76731],[-118.99522,37.76687],[-118.99496,37.766],[-118.99484,37.76548],[-118.99476,37.76499],[-118.99472,37.76483],[-118.99446,37.76415],[-118.99424,37.76359],[-118.99416,37.76334],[-118.99412,37.7631],[-118.99413,37.76303],[-118.99416,37.76295],[-118.99435,37.76261],[-118.99438,37.76255],[-118.99442,37.76249],[-118.99443,37.76248],[-118.9945,37.76236]]}},{"type":"Feature","properties":{"name":"(unnamed public road)","road_class":"track","surface":"unpaved","source":"Caltrans All Roads + OpenStreetMap explicit surface","source_detail":"osm way 10452949; Caltrans All Roads public-network geometry match","source_tile":"173/395","public_network_source":"Caltrans All Roads (ARNOLD/HPMS)","surface_source":"OpenStreetMap explicit surface tag","caltrans_match_coverage":1.0,"verified_length_m":6535},"geometry":{"type":"LineString","coordinates":[[-118.92749,37.7883],[-118.92738,37.78809],[-118.92723,37.78779],[-118.92706,37.78733],[-118.92698,37.78702],[-118.92692,37.78662],[-118.92692,37.78659],[-118.92689,37.7862],[-118.92684,37.78583],[-118.92682,37.78558],[-118.92687,37.78529],[-118.9269,37.78522],[-118.92691,37.78516],[-118.92693,37.78504],[-118.92688,37.7847],[-118.92682,37.78444],[-118.92681,37.78425],[-118.92682,37.78404],[-118.92683,37.78396],[-118.92688,37.78384],[-118.92695,37.78372],[-118.927,37.78362],[-118.92702,37.78348],[-118.92706,37.78337],[-118.92714,37.78326],[-118.92734,37.78304],[-118.92767,37.78272],[-118.9278,37.78255],[-118.9281,37.782],[-118.92824,37.7817],[-118.92831,37.78163],[-118.92835,37.78157],[-118.92853,37.78143],[-118.92863,37.78137],[-118.92881,37.78129],[-118.92895,37.78124],[-118.92905,37.78118],[-118.92937,37.78088],[-118.92968,37.78055],[-118.92983,37.78044],[-118.93003,37.78025],[-118.93009,37.78018],[-118.93011,37.78013],[-118.93015,37.78002],[-118.93023,37.77968],[-118.93026,37.77928],[-118.9303,37.77908],[-118.93031,37.77895],[-118.9303,37.77885],[-118.93028,37.77875],[-118.93015,37.77835],[-118.92981,37.77747],[-118.92978,37.77734],[-118.92978,37.77721],[-118.92979,37.77703],[-118.92986,37.77665],[-118.92989,37.77657],[-118.92991,37.7764],[-118.92987,37.776],[-118.92992,37.7755],[-118.92991,37.77512],[-118.92993,37.77487],[-118.93002,37.77443],[-118.93003,37.77425],[-118.93003,37.77392],[-118.92998,37.77362],[-118.92997,37.77322],[-118.92995,37.77311],[-118.92991,37.773],[-118.92985,37.77288],[-118.9297,37.77253],[-118.92946,37.77177],[-118.92941,37.7717],[-118.92935,37.77163],[-118.92901,37.77139],[-118.92893,37.77129],[-118.92889,37.77117],[-118.92889,37.77107],[-118.92891,37.77102],[-118.9295,37.77046],[-118.9297,37.7703],[-118.93019,37.76998],[-118.9306,37.76973],[-118.93069,37.76965],[-118.93073,37.76955],[-118.93075,37.76936],[-118.9307,37.76889],[-118.93061,37.76848],[-118.93054,37.76832],[-118.93046,37.76821],[-118.92981,37.76754],[-118.92961,37.76737],[-118.92946,37.76722],[-118.92886,37.76661],[-118.9287,37.76649],[-118.92853,37.76638],[-118.92803,37.76598],[-118.92769,37.76563],[-118.92732,37.76519],[-118.92695,37.76468],[-118.92676,37.76449],[-118.92662,37.76435],[-118.92641,37.76416],[-118.92632,37.7641],[-118.92621,37.76399],[-118.92606,37.76372],[-118.92601,37.76367],[-118.92595,37.76364],[-118.92581,37.76358],[-118.92561,37.76351],[-118.92547,37.76348],[-118.92529,37.76346],[-118.9244,37.76332],[-118.92432,37.76332],[-118.92419,37.76333],[-118.92414,37.76335],[-118.92409,37.7634],[-118.92409,37.76346],[-118.9241,37.76348],[-118.92418,37.76357],[-118.92432,37.76368],[-118.92462,37.7639],[-118.92491,37.76417],[-118.92515,37.76446],[-118.92539,37.76473],[-118.9255,37.7649],[-118.92558,37.76507],[-118.92582,37.76575],[-118.92585,37.7659],[-118.92586,37.76606],[-118.92585,37.76622],[-118.92579,37.76673],[-118.92579,37.76731],[-118.92576,37.7674],[-118.9257,37.76748],[-118.92547,37.76762],[-118.92531,37.76772],[-118.92515,37.76779],[-118.92498,37.76784],[-118.92486,37.76785],[-118.9248,37.76784],[-118.92472,37.76784],[-118.92458,37.7678],[-118.92444,37.76774],[-118.92433,37.76766],[-118.92383,37.76711],[-118.92369,37.76697],[-118.92353,37.76684],[-118.92343,37.76678],[-118.92325,37.76669],[-118.92303,37.7666],[-118.92278,37.76653],[-118.92249,37.76647],[-118.92206,37.76641],[-118.92131,37.76638],[-118.92021,37.76643],[-118.91992,37.76644],[-118.91947,37.76642],[-118.91897,37.7664],[-118.91837,37.76643],[-118.91815,37.76646],[-118.91792,37.76651],[-118.91747,37.76665],[-118.91726,37.7667],[-118.91701,37.76673],[-118.91681,37.76678],[-118.91672,37.76682],[-118.91661,37.76688],[-118.9165,37.76698],[-118.91639,37.76715],[-118.91576,37.76785],[-118.9155,37.76819],[-118.91546,37.76829],[-118.91545,37.76839],[-118.91544,37.76877],[-118.91541,37.76889],[-118.9152,37.76926],[-118.91508,37.76949],[-118.91502,37.76968],[-118.91498,37.76985],[-118.91497,37.77005],[-118.91508,37.77094],[-118.91508,37.77095],[-118.91509,37.77102],[-118.91512,37.7711],[-118.91518,37.7712],[-118.91555,37.77174],[-118.91562,37.77182],[-118.916,37.77217],[-118.91612,37.77228],[-118.91626,37.77245],[-118.91632,37.77257],[-118.91635,37.77265],[-118.91653,37.77347],[-118.91664,37.77386],[-118.91672,37.77416],[-118.91678,37.7744],[-118.91681,37.7745],[-118.9169,37.77461],[-118.91695,37.77466],[-118.91715,37.77479],[-118.91726,37.77487],[-118.91734,37.77495],[-118.91739,37.77502],[-118.91748,37.77515],[-118.91754,37.77527],[-118.91757,37.77536],[-118.91758,37.77545],[-118.91757,37.77558],[-118.91737,37.77606],[-118.91735,37.77615],[-118.91735,37.77625],[-118.91736,37.77643],[-118.91745,37.77672],[-118.91752,37.77692],[-118.91761,37.77716],[-118.91765,37.77729],[-118.91774,37.77749],[-118.91792,37.77783],[-118.91813,37.77844],[-118.91849,37.77932],[-118.91858,37.77957],[-118.91859,37.77962],[-118.91864,37.77984],[-118.91871,37.78001],[-118.91888,37.78026],[-118.91911,37.78055],[-118.91931,37.78084],[-118.91966,37.78151],[-118.91971,37.7816],[-118.91983,37.78172],[-118.9202,37.78204],[-118.9203,37.78209],[-118.92039,37.78211],[-118.92052,37.78212],[-118.92064,37.78211],[-118.92085,37.78207]]}},{"type":"Feature","properties":{"name":"02S135","road_class":"track","surface":"fine_gravel","tracktype":"grade4","source":"Caltrans All Roads + OpenStreetMap explicit surface","source_detail":"osm way 10453260; Caltrans All Roads public-network geometry match","source_tile":"173/395","public_network_source":"Caltrans All Roads (ARNOLD/HPMS)","surface_source":"OpenStreetMap explicit surface tag","caltrans_match_coverage":1.0,"verified_length_m":1141},"geometry":{"type":"LineString","coordinates":[[-118.96377,37.73933],[-118.96378,37.73939],[-118.9638,37.73948],[-118.9637,37.73967],[-118.96363,37.73986],[-118.96346,37.74007],[-118.9633,37.74034],[-118.96288,37.74114],[-118.96278,37.74134],[-118.96264,37.74167],[-118.96238,37.74217],[-118.96217,37.74252],[-118.96193,37.74282],[-118.96187,37.74297],[-118.96184,37.74318],[-118.96171,37.7439],[-118.96165,37.74404],[-118.96154,37.74435],[-118.96145,37.74482],[-118.96142,37.74563],[-118.9614,37.74568],[-118.96128,37.74589],[-118.96101,37.74621],[-118.9608,37.74664],[-118.96077,37.74674],[-118.96077,37.74682],[-118.96078,37.74693],[-118.96081,37.74696],[-118.96093,37.74704],[-118.96127,37.74719],[-118.96164,37.74731],[-118.96181,37.74739],[-118.96202,37.74754],[-118.96206,37.74761],[-118.96206,37.74766],[-118.96202,37.74775],[-118.96197,37.74781],[-118.96168,37.74805],[-118.96159,37.74815],[-118.96152,37.74827],[-118.96149,37.74844]]}},{"type":"Feature","properties":{"name":"(unnamed public road)","road_class":"track","surface":"fine_gravel","tracktype":"grade4","source":"Caltrans All Roads + OpenStreetMap explicit surface","source_detail":"osm way 10453752; Caltrans All Roads public-network geometry match","source_tile":"173/395","public_network_source":"Caltrans All Roads (ARNOLD/HPMS)","surface_source":"OpenStreetMap explicit surface tag","caltrans_match_coverage":1.0,"verified_length_m":713},"geometry":{"type":"LineString","coordinates":[[-118.97092,37.73012],[-118.97115,37.73025],[-118.97154,37.73064],[-118.97215,37.7311],[-118.97286,37.73151],[-118.97297,37.73159],[-118.97305,37.73167],[-118.97329,37.73195],[-118.97339,37.73209],[-118.9734,37.73211],[-118.97345,37.73217],[-118.97385,37.73262],[-118.97418,37.73295],[-118.97444,37.73327],[-118.97465,37.73351],[-118.97495,37.7339],[-118.97508,37.73405],[-118.97522,37.73423],[-118.97539,37.73449],[-118.97549,37.73467],[-118.97558,37.73484],[-118.97581,37.73516]]}},{"type":"Feature","properties":{"name":"Navy Beach Parking East Road","road_class":"track","surface":"dirt","source":"Caltrans All Roads + OpenStreetMap explicit surface","source_detail":"osm way 10454500; Caltrans All Roads public-network geometry match","source_tile":"173/395","public_network_source":"Caltrans All Roads (ARNOLD/HPMS)","surface_source":"OpenStreetMap explicit surface tag","caltrans_match_coverage":0.963,"verified_length_m":1101},"geometry":{"type":"LineString","coordinates":[[-119.01296,37.94027],[-119.01144,37.94041],[-119.01054,37.94051],[-119.00997,37.94057],[-119.00889,37.94065],[-119.00749,37.94078],[-119.00549,37.94093],[-119.00533,37.94092],[-119.00483,37.94079],[-119.00476,37.94078],[-119.00468,37.94079],[-119.00459,37.9408],[-119.0045,37.94082],[-119.00423,37.94092],[-119.00368,37.94111],[-119.00295,37.94132],[-119.00288,37.94136],[-119.00283,37.94142],[-119.00281,37.9415],[-119.00278,37.94172],[-119.00278,37.94187],[-119.00281,37.94212],[-119.00288,37.94247],[-119.00303,37.94288],[-119.00276,37.94293]]}},{"type":"Feature","properties":{"name":"FR 2S141","road_class":"track","surface":"ground","tracktype":"grade3","motor_vehicle":"designated","source":"Caltrans All Roads + OpenStreetMap explicit surface","source_detail":"osm way 10454603; Caltrans All Roads public-network geometry match","source_tile":"173/395","public_network_source":"Caltrans All Roads (ARNOLD/HPMS)","surface_source":"OpenStreetMap explicit surface tag","caltrans_match_coverage":1.0,"verified_length_m":505},"geometry":{"type":"LineString","coordinates":[[-118.94571,37.74541],[-118.94595,37.74533],[-118.94608,37.74528],[-118.94616,37.74527],[-118.94624,37.74527],[-118.94633,37.74528],[-118.94646,37.74532],[-118.94657,37.74535],[-118.94667,37.74538],[-118.94678,37.7454],[-118.94688,37.74541],[-118.94703,37.74541],[-118.94713,37.74541],[-118.94722,37.74543],[-118.94731,37.74545],[-118.94743,37.74551],[-118.94766,37.74562],[-118.94776,37.74567],[-118.94786,37.7457],[-118.948,37.74572],[-118.94818,37.74575],[-118.94856,37.74582],[-118.94864,37.74583],[-118.94876,37.74584],[-118.94889,37.74584],[-118.94901,37.74584],[-118.94912,37.74586],[-118.94935,37.7459],[-118.94943,37.74591],[-118.9495,37.74595],[-118.94965,37.74602],[-118.94983,37.74612],[-118.95004,37.74622],[-118.95013,37.74627],[-118.95017,37.74632],[-118.95023,37.74639],[-118.95028,37.74643],[-118.95036,37.74648],[-118.95048,37.74651],[-118.95058,37.74653],[-118.95078,37.74653],[-118.95088,37.74654],[-118.95092,37.74656],[-118.95095,37.74658],[-118.95096,37.7466]]}},{"type":"Feature","properties":{"name":"Bald Mountain Springs Road","road_class":"unclassified","surface":"unpaved","source":"Caltrans All Roads + OpenStreetMap explicit surface","source_detail":"osm way 10457060; Caltrans All Roads public-network geometry match","source_tile":"173/395","public_network_source":"Caltrans All Roads (ARNOLD/HPMS)","surface_source":"OpenStreetMap explicit surface tag","caltrans_match_coverage":1.0,"verified_length_m":2570},"geometry":{"type":"LineString","coordinates":[[-118.90007,37.79901],[-118.90003,37.79895],[-118.89982,37.79867],[-118.89944,37.7983],[-118.89884,37.79775],[-118.89831,37.7973],[-118.8975,37.79665],[-118.89693,37.79623],[-118.89624,37.79569],[-118.89484,37.79441],[-118.89435,37.79397],[-118.89418,37.79381],[-118.89368,37.79333],[-118.89345,37.79314],[-118.89322,37.79295],[-118.89311,37.79288],[-118.89223,37.79246],[-118.89213,37.79243],[-118.89195,37.79238],[-118.89156,37.79232],[-118.89089,37.79228],[-118.89033,37.79226],[-118.89013,37.79224],[-118.89005,37.79222],[-118.88922,37.79187],[-118.88883,37.79174],[-118.88837,37.79163],[-118.88817,37.79162],[-118.88787,37.79162],[-118.8877,37.79159],[-118.88749,37.79152],[-118.88738,37.79146],[-118.88725,37.79137],[-118.88702,37.79119],[-118.88689,37.79107],[-118.88654,37.7907],[-118.88586,37.78991],[-118.88572,37.78978],[-118.8856,37.7897],[-118.88548,37.78964],[-118.88475,37.78936],[-118.88399,37.78912],[-118.88371,37.78901],[-118.8835,37.7889],[-118.88305,37.78865],[-118.88284,37.78855],[-118.88273,37.78852],[-118.88253,37.78848],[-118.8824,37.78849],[-118.88224,37.78853],[-118.88215,37.78858],[-118.88205,37.78867],[-118.88194,37.78879],[-118.88183,37.78898],[-118.88179,37.78912],[-118.8818,37.78935],[-118.88198,37.79007],[-118.88213,37.79047],[-118.88231,37.79101],[-118.88246,37.79156],[-118.88281,37.79248],[-118.88283,37.79258],[-118.88283,37.7927],[-118.88282,37.79284],[-118.88278,37.79294],[-118.88272,37.79302],[-118.88262,37.79311]]}},{"type":"Feature","properties":{"name":"Rush Creek Road","road_class":"unclassified","surface":"unpaved","source":"Caltrans All Roads + OpenStreetMap explicit surface","source_detail":"osm way 10457116; Caltrans All Roads public-network geometry match","source_tile":"173/395","public_network_source":"Caltrans All Roads (ARNOLD/HPMS)","surface_source":"OpenStreetMap explicit surface tag","caltrans_match_coverage":1.0,"verified_length_m":3941},"geometry":{"type":"LineString","coordinates":[[-119.05769,37.94743],[-119.05776,37.94729],[-119.05803,37.94682],[-119.05808,37.94676],[-119.05815,37.9467],[-119.05822,37.94667],[-119.0584,37.94662],[-119.05893,37.94639],[-119.05924,37.94623],[-119.05941,37.94613],[-119.05948,37.94605],[-119.05965,37.94584],[-119.05995,37.94551],[-119.0603,37.94517],[-119.06063,37.94487],[-119.06087,37.94461],[-119.06091,37.94455],[-119.06094,37.94445],[-119.06096,37.94427],[-119.06095,37.94408],[-119.06096,37.94394],[-119.06097,37.94389],[-119.06129,37.94338],[-119.06144,37.94317],[-119.06154,37.943],[-119.06173,37.94258],[-119.06183,37.94239],[-119.06189,37.94222],[-119.06197,37.94206],[-119.06208,37.9419],[-119.06221,37.94158],[-119.06236,37.94128],[-119.06242,37.94119],[-119.06279,37.94071],[-119.06314,37.94029],[-119.06363,37.93985],[-119.06399,37.93962],[-119.06418,37.9395],[-119.06439,37.93937],[-119.0645,37.9393],[-119.06499,37.93906],[-119.06525,37.93894],[-119.0655,37.93886],[-119.06628,37.93869],[-119.06642,37.93864],[-119.06653,37.93858],[-119.06661,37.93851],[-119.06715,37.93797],[-119.06805,37.93695],[-119.06812,37.93682],[-119.06816,37.93669],[-119.06818,37.93649],[-119.06822,37.93639],[-119.06824,37.93635],[-119.06828,37.93632],[-119.0683,37.93628],[-119.06833,37.93622],[-119.06842,37.93591],[-119.06855,37.93563],[-119.06862,37.93551],[-119.06871,37.93532],[-119.06877,37.93514],[-119.06879,37.93501],[-119.06905,37.93422],[-119.06913,37.93388],[-119.06921,37.93362],[-119.06923,37.93351],[-119.06936,37.93324],[-119.06943,37.93312],[-119.06953,37.93282],[-119.06957,37.93233],[-119.06957,37.93191],[-119.06962,37.93153],[-119.06968,37.9313],[-119.06974,37.93114],[-119.06994,37.93076],[-119.06997,37.93066],[-119.06997,37.93057],[-119.06991,37.9303],[-119.06991,37.93025],[-119.06999,37.93007],[-119.07017,37.92975],[-119.07021,37.92962],[-119.07019,37.92954],[-119.07011,37.92934],[-119.07006,37.92896],[-119.07003,37.92883],[-119.06998,37.92867],[-119.06995,37.92854],[-119.06992,37.92845],[-119.06987,37.9281],[-119.06988,37.92787],[-119.0699,37.92779],[-119.06991,37.92774],[-119.06994,37.92768],[-119.07004,37.92754],[-119.07031,37.92718],[-119.0704,37.92706],[-119.07064,37.92675],[-119.07071,37.92669],[-119.07082,37.92661],[-119.0723,37.92606],[-119.07261,37.92592],[-119.07279,37.92583],[-119.07315,37.92562],[-119.07349,37.92539],[-119.07364,37.92532],[-119.07384,37.92525],[-119.0739,37.92522],[-119.07399,37.92517],[-119.07405,37.92516],[-119.07433,37.92507],[-119.07472,37.92491],[-119.07484,37.92485],[-119.0749,37.92481],[-119.07503,37.9247],[-119.07518,37.9245],[-119.07528,37.92441],[-119.07534,37.92436],[-119.0756,37.92426],[-119.07572,37.92419],[-119.07588,37.92403],[-119.07616,37.92372],[-119.07639,37.92343],[-119.07671,37.92305],[-119.07697,37.92272],[-119.07748,37.92217],[-119.07823,37.92177],[-119.07853,37.92158],[-119.07871,37.9214],[-119.07877,37.92133],[-119.07888,37.92123],[-119.07898,37.92116],[-119.07918,37.92104],[-119.07952,37.92092],[-119.08017,37.92063],[-119.08028,37.92057],[-119.0805,37.92042],[-119.08084,37.92023],[-119.08127,37.91997]]}},{"type":"Feature","properties":{"name":"(unnamed public road)","road_class":"track","surface":"ground","source":"Caltrans All Roads + OpenStreetMap explicit surface","source_detail":"osm way 10458253; Caltrans All Roads public-network geometry match","source_tile":"173/395","public_network_source":"Caltrans All Roads (ARNOLD/HPMS)","surface_source":"OpenStreetMap explicit surface tag","caltrans_match_coverage":1.0,"verified_length_m":1720},"geometry":{"type":"LineString","coordinates":[[-119.11962,37.95278],[-119.1195,37.95246],[-119.1192,37.95165],[-119.11913,37.95156],[-119.11902,37.95138],[-119.11894,37.95123],[-119.11865,37.95068],[-119.11861,37.95058],[-119.11855,37.95051],[-119.11845,37.95041],[-119.11827,37.95027],[-119.11821,37.95019],[-119.11814,37.95011],[-119.11811,37.95004],[-119.1181,37.94994],[-119.11812,37.9496],[-119.11813,37.94933],[-119.11813,37.94926],[-119.11815,37.9492],[-119.11821,37.94915],[-119.11828,37.94911],[-119.11844,37.94906],[-119.11858,37.94901],[-119.11864,37.94898],[-119.11868,37.94893],[-119.11871,37.94888],[-119.11875,37.94876],[-119.11879,37.94869],[-119.11884,37.94862],[-119.11897,37.94848],[-119.1191,37.94831],[-119.11919,37.94816],[-119.11925,37.94801],[-119.11929,37.94785],[-119.11932,37.94769],[-119.11933,37.94752],[-119.11933,37.94734],[-119.11934,37.94722],[-119.11938,37.94707],[-119.1194,37.94697],[-119.11942,37.94682],[-119.11944,37.94655],[-119.11946,37.94638],[-119.1195,37.94621],[-119.11956,37.94601],[-119.11964,37.94584],[-119.1198,37.94556],[-119.11997,37.94522],[-119.12011,37.94492],[-119.1202,37.94477],[-119.12035,37.94455],[-119.12052,37.94434],[-119.12076,37.9441],[-119.12107,37.94381],[-119.1213,37.94358],[-119.12149,37.94341],[-119.12168,37.94328],[-119.12183,37.9432],[-119.12192,37.94313],[-119.12198,37.94301],[-119.12201,37.94289],[-119.12202,37.94279],[-119.1221,37.94258],[-119.12211,37.94248],[-119.12212,37.9424],[-119.12215,37.94232],[-119.12221,37.94228],[-119.12229,37.94222],[-119.12243,37.94214],[-119.12265,37.94203],[-119.12288,37.9419],[-119.12301,37.94183],[-119.12312,37.9418],[-119.12333,37.94179],[-119.12352,37.94178],[-119.12366,37.94179],[-119.12386,37.94186],[-119.12399,37.94191],[-119.12406,37.94191],[-119.12414,37.94188],[-119.12434,37.9418],[-119.12447,37.94177],[-119.12457,37.94178],[-119.1247,37.94182],[-119.12481,37.94186],[-119.12492,37.94188],[-119.1251,37.9419],[-119.12519,37.94192],[-119.12526,37.94195],[-119.12532,37.94199],[-119.12541,37.94201],[-119.12553,37.94202],[-119.12563,37.942],[-119.1257,37.94197],[-119.12572,37.94193],[-119.12571,37.94188],[-119.12565,37.94179],[-119.12558,37.94165],[-119.12552,37.94156],[-119.12551,37.9415],[-119.12553,37.94144],[-119.12567,37.94138]]}},{"type":"Feature","properties":{"name":"Glass Creek Road","road_class":"track","surface":"fine_gravel","tracktype":"grade2","source":"Caltrans All Roads + OpenStreetMap explicit surface","source_detail":"osm way 10458379; Caltrans All Roads public-network geometry match","source_tile":"173/395","public_network_source":"Caltrans All Roads (ARNOLD/HPMS)","surface_source":"OpenStreetMap explicit surface tag","caltrans_match_coverage":1.0,"verified_length_m":702},"geometry":{"type":"LineString","coordinates":[[-118.9846,37.75187],[-118.98554,37.7518],[-118.9862,37.75173],[-118.98633,37.75173],[-118.98638,37.75173],[-118.98666,37.75174],[-118.98711,37.75171],[-118.98737,37.75169],[-118.98771,37.75167],[-118.98804,37.75164],[-118.98896,37.75149],[-118.98912,37.75145],[-118.98931,37.7514],[-118.98961,37.75122],[-118.9898,37.7511],[-118.99013,37.75099],[-118.99045,37.7508],[-118.99081,37.75053],[-118.99121,37.7504],[-118.99134,37.7504],[-118.99165,37.75046],[-118.99178,37.7505],[-118.99193,37.75054],[-118.99203,37.75054],[-118.99209,37.75054]]}},{"type":"Feature","properties":{"name":"1504","road_class":"unclassified","surface":"unpaved","source":"Caltrans All Roads + OpenStreetMap explicit surface","source_detail":"osm way 10460395; Caltrans All Roads public-network geometry match","source_tile":"173/395","public_network_source":"Caltrans All Roads (ARNOLD/HPMS)","surface_source":"OpenStreetMap explicit surface tag","caltrans_match_coverage":1.0,"verified_length_m":4624},"geometry":{"type":"LineString","coordinates":[[-118.86802,37.84818],[-118.86806,37.84845],[-118.86808,37.8487],[-118.86807,37.84885],[-118.86809,37.8491],[-118.86813,37.84939],[-118.86831,37.84988],[-118.86835,37.85027],[-118.86848,37.85077],[-118.86879,37.8515],[-118.86898,37.85187],[-118.86928,37.85245],[-118.86932,37.85259],[-118.86939,37.85307],[-118.8695,37.85339],[-118.86963,37.85369],[-118.86974,37.85398],[-118.86997,37.85463],[-118.87021,37.85536],[-118.87024,37.85551],[-118.87025,37.85569],[-118.87037,37.85671],[-118.87051,37.8573],[-118.87067,37.85775],[-118.87074,37.85796],[-118.87087,37.85842],[-118.87095,37.85883],[-118.87106,37.85947],[-118.87117,37.86021],[-118.87133,37.86135],[-118.87139,37.8619],[-118.87147,37.86231],[-118.87157,37.86262],[-118.87172,37.86292],[-118.87194,37.86351],[-118.87219,37.86405],[-118.87235,37.86442],[-118.87249,37.86486],[-118.87259,37.86506],[-118.87271,37.86526],[-118.87301,37.86564],[-118.87372,37.86637],[-118.87507,37.86751],[-118.87553,37.86788],[-118.87584,37.86815],[-118.87665,37.86899],[-118.87685,37.86923],[-118.87703,37.86949],[-118.87746,37.87024],[-118.87781,37.87091],[-118.87802,37.87124],[-118.87822,37.87163],[-118.87834,37.87201],[-118.87841,37.87228],[-118.87847,37.87283],[-118.87848,37.87289],[-118.87853,37.87318],[-118.87866,37.87358],[-118.87876,37.87378],[-118.87903,37.87419],[-118.87993,37.87526],[-118.88025,37.87555],[-118.88099,37.87645],[-118.88112,37.87667],[-118.88121,37.87687],[-118.88136,37.87708],[-118.88151,37.87723],[-118.88181,37.87748],[-118.88234,37.87796],[-118.88284,37.87844],[-118.88327,37.87881],[-118.88338,37.87887],[-118.88351,37.87892],[-118.88412,37.87903],[-118.88449,37.87908],[-118.88473,37.87909],[-118.88496,37.87908],[-118.88514,37.87904],[-118.88597,37.87874],[-118.88643,37.87861],[-118.88689,37.87845],[-118.88837,37.87792],[-118.8893,37.87762],[-118.89104,37.8771],[-118.892,37.87677],[-118.89269,37.87657]]}},{"type":"Feature","properties":{"name":"Cain Ranch Road","road_class":"unclassified","surface":"unpaved","access":"permissive","source":"Caltrans All Roads + OpenStreetMap explicit surface","source_detail":"osm way 10460657; Caltrans All Roads public-network geometry match","source_tile":"173/395","public_network_source":"Caltrans All Roads (ARNOLD/HPMS)","surface_source":"OpenStreetMap explicit surface tag","caltrans_match_coverage":1.0,"verified_length_m":2303},"geometry":{"type":"LineString","coordinates":[[-119.10561,37.90998],[-119.10557,37.90984],[-119.10556,37.90974],[-119.10556,37.90961],[-119.10558,37.90947],[-119.10559,37.90936],[-119.10558,37.90926],[-119.10556,37.90914],[-119.10552,37.90902],[-119.10548,37.90892],[-119.1054,37.90879],[-119.10526,37.90859],[-119.10518,37.90844],[-119.10506,37.90825],[-119.10463,37.9075],[-119.10441,37.90714],[-119.1043,37.90693],[-119.10408,37.90655],[-119.10382,37.90613],[-119.10356,37.90569],[-119.10332,37.90524],[-119.10305,37.90476],[-119.10251,37.90382],[-119.10212,37.90317],[-119.10193,37.90284],[-119.10174,37.90252],[-119.10118,37.90153],[-119.10054,37.90043],[-119.10027,37.89997],[-119.0999,37.89934],[-119.09922,37.89819],[-119.09867,37.89727],[-119.09807,37.89626],[-119.09744,37.89519],[-119.09734,37.89503],[-119.09726,37.89491],[-119.09719,37.89484],[-119.0971,37.89474],[-119.097,37.89465],[-119.09684,37.89453],[-119.09672,37.89442],[-119.0966,37.89429],[-119.09646,37.89414],[-119.09635,37.89399],[-119.09601,37.89353],[-119.0958,37.89324],[-119.09565,37.89305],[-119.09533,37.89268],[-119.09523,37.89253],[-119.09507,37.89231],[-119.09499,37.89219],[-119.09491,37.89206],[-119.09485,37.89191],[-119.09477,37.89172],[-119.09472,37.89158],[-119.09467,37.89146],[-119.09466,37.89137],[-119.09465,37.89121]]}},{"type":"Feature","properties":{"name":"1556","road_class":"unclassified","surface":"unpaved","source":"Caltrans All Roads + OpenStreetMap explicit surface","source_detail":"osm way 10460758; Caltrans All Roads public-network geometry match","source_tile":"173/395","public_network_source":"Caltrans All Roads (ARNOLD/HPMS)","surface_source":"OpenStreetMap explicit surface tag","caltrans_match_coverage":1.0,"verified_length_m":1848},"geometry":{"type":"LineString","coordinates":[[-118.83685,37.8434],[-118.83693,37.84338],[-118.83705,37.84334],[-118.83716,37.84328],[-118.83727,37.84319],[-118.83775,37.8429],[-118.83827,37.84249],[-118.83859,37.84247],[-118.83871,37.84244],[-118.83892,37.84237],[-118.83902,37.84232],[-118.83946,37.84204],[-118.83976,37.8418],[-118.84023,37.84132],[-118.84033,37.84124],[-118.84044,37.84117],[-118.84055,37.84111],[-118.84198,37.84064],[-118.8421,37.84059],[-118.84221,37.84053],[-118.84232,37.84046],[-118.84245,37.84036],[-118.84311,37.83989],[-118.84321,37.83977],[-118.84328,37.83964],[-118.84332,37.8395],[-118.84332,37.83937],[-118.84335,37.83924],[-118.8434,37.8391],[-118.84345,37.83898],[-118.84389,37.83832],[-118.8441,37.8379],[-118.84448,37.83683],[-118.84466,37.83655],[-118.8447,37.83644],[-118.84479,37.83616],[-118.84483,37.83608],[-118.8449,37.83597],[-118.84511,37.83576],[-118.84531,37.83551],[-118.84553,37.83516],[-118.84582,37.83457],[-118.84589,37.83445],[-118.84597,37.83434],[-118.8469,37.83341],[-118.84744,37.83293],[-118.84779,37.83264],[-118.84789,37.83255],[-118.84799,37.8324],[-118.84805,37.83228],[-118.84807,37.83221],[-118.84808,37.83209],[-118.84807,37.83199],[-118.84804,37.83184],[-118.84797,37.83165],[-118.84779,37.83119],[-118.84773,37.83101],[-118.84764,37.83054]]}},{"type":"Feature","properties":{"name":"Log Cabin Mine Road","road_class":"track","surface":"unpaved","tracktype":"grade2","source":"Caltrans All Roads + OpenStreetMap explicit surface","source_detail":"osm way 10461511; Caltrans All Roads public-network geometry match","source_tile":"173/395","public_network_source":"Caltrans All Roads (ARNOLD/HPMS)","surface_source":"OpenStreetMap explicit surface tag","caltrans_match_coverage":1.0,"verified_length_m":4918},"geometry":{"type":"LineString","coordinates":[[-119.17558,37.97901],[-119.17513,37.97872],[-119.17487,37.97852],[-119.17475,37.97836],[-119.17462,37.97833],[-119.17424,37.97815],[-119.17409,37.97805],[-119.174,37.97794],[-119.17391,37.97773],[-119.17387,37.97766],[-119.17368,37.97751],[-119.17359,37.9774],[-119.17351,37.97727],[-119.17341,37.97718],[-119.17318,37.97703],[-119.17314,37.97698],[-119.17304,37.97682],[-119.17298,37.97678],[-119.17258,37.9765],[-119.17253,37.97645],[-119.17242,37.97627],[-119.17236,37.97615],[-119.17232,37.97602],[-119.17228,37.97596],[-119.1722,37.97585],[-119.17175,37.97505],[-119.17154,37.97467],[-119.17131,37.97433],[-119.17104,37.974],[-119.17078,37.97366],[-119.1705,37.97332],[-119.17002,37.97293],[-119.16991,37.97286],[-119.16969,37.97276],[-119.16871,37.97239],[-119.16859,37.97236],[-119.16849,37.9723],[-119.16841,37.97223],[-119.16835,37.97214],[-119.16831,37.97205],[-119.1682,37.9717],[-119.16807,37.97135],[-119.16805,37.97126],[-119.16804,37.97105],[-119.16801,37.97095],[-119.16797,37.97087],[-119.1679,37.97079],[-119.16779,37.97072],[-119.16771,37.97065],[-119.16766,37.97058],[-119.16737,37.97004],[-119.1671,37.96959],[-119.16697,37.96933],[-119.16662,37.96881],[-119.16644,37.96848],[-119.16629,37.96826],[-119.16609,37.968],[-119.16538,37.96708],[-119.16525,37.96692],[-119.16511,37.96662],[-119.16495,37.96616],[-119.16493,37.96599],[-119.16494,37.96584],[-119.16496,37.96579],[-119.16498,37.96577],[-119.16505,37.96574],[-119.16506,37.96572],[-119.16514,37.96566],[-119.16517,37.96562],[-119.16518,37.96554],[-119.16519,37.9654],[-119.16518,37.9653],[-119.16514,37.96522],[-119.16487,37.96493],[-119.16424,37.96448],[-119.16416,37.96444],[-119.1641,37.96444],[-119.16404,37.96446],[-119.16401,37.9645],[-119.164,37.96497],[-119.16399,37.965],[-119.16398,37.96502],[-119.16391,37.96504],[-119.16359,37.96506],[-119.16318,37.96512],[-119.16305,37.9651],[-119.16293,37.96505],[-119.16221,37.96465],[-119.16165,37.96418],[-119.16146,37.96394],[-119.16103,37.96349],[-119.16099,37.96339],[-119.16094,37.96334],[-119.16082,37.96329],[-119.16058,37.96314],[-119.16002,37.96283],[-119.15987,37.96269],[-119.1597,37.96255],[-119.15959,37.96249],[-119.15902,37.96229],[-119.15867,37.96211],[-119.15853,37.96205],[-119.15823,37.96196],[-119.15789,37.96189],[-119.15776,37.96189],[-119.15758,37.96188],[-119.15748,37.96186],[-119.1572,37.96173],[-119.15664,37.96153],[-119.15632,37.96139],[-119.15627,37.96135],[-119.15618,37.96126],[-119.15578,37.96075],[-119.15551,37.96037],[-119.15537,37.96008],[-119.15534,37.95987],[-119.15531,37.95981],[-119.15525,37.95972],[-119.15523,37.95969],[-119.15521,37.95956],[-119.15515,37.9594],[-119.15513,37.95936],[-119.15507,37.95931],[-119.15494,37.95922],[-119.15486,37.95917],[-119.15477,37.95913],[-119.15467,37.95911],[-119.15459,37.95907],[-119.15451,37.95903],[-119.15435,37.95889],[-119.15423,37.95881],[-119.1541,37.95869],[-119.15403,37.95852],[-119.154,37.95848],[-119.15395,37.95845],[-119.15386,37.95836],[-119.15383,37.95831],[-119.15381,37.95822],[-119.15376,37.9581],[-119.15367,37.95799],[-119.15336,37.95776],[-119.153,37.95747],[-119.15286,37.95738],[-119.1524,37.95711],[-119.1521,37.95692],[-119.15203,37.95687],[-119.15201,37.95682],[-119.15195,37.95669],[-119.15176,37.95654],[-119.15167,37.95642],[-119.15162,37.95634],[-119.15148,37.9562],[-119.15115,37.95581],[-119.15094,37.9554],[-119.1509,37.95527],[-119.15075,37.95457],[-119.1507,37.9542],[-119.15073,37.95407],[-119.15079,37.95395],[-119.1508,37.95387],[-119.15078,37.95376],[-119.15058,37.95345],[-119.15041,37.95306],[-119.15027,37.95282],[-119.15015,37.95267],[-119.15008,37.95252],[-119.14986,37.95186],[-119.1498,37.95163],[-119.14979,37.95153],[-119.14988,37.95042],[-119.14987,37.95018],[-119.14986,37.95012],[-119.14965,37.94969],[-119.14944,37.94907],[-119.14944,37.94888],[-119.14952,37.94846],[-119.14959,37.94823],[-119.14961,37.94793],[-119.1496,37.94783],[-119.14958,37.94773],[-119.14955,37.94764],[-119.14947,37.94749],[-119.14935,37.94717],[-119.14933,37.94704],[-119.14936,37.94663],[-119.14932,37.94653],[-119.14925,37.94644],[-119.14875,37.94599],[-119.14864,37.94585],[-119.14858,37.94569],[-119.14852,37.94545],[-119.14835,37.94515]]}},{"type":"Feature","properties":{"name":"Picnic Grounds Road","road_class":"unclassified","surface":"unpaved","source":"Caltrans All Roads + OpenStreetMap explicit surface","source_detail":"osm way 10462083; Caltrans All Roads public-network geometry match","source_tile":"173/395","public_network_source":"Caltrans All Roads (ARNOLD/HPMS)","surface_source":"OpenStreetMap explicit surface tag","caltrans_match_coverage":1.0,"verified_length_m":8204},"geometry":{"type":"LineString","coordinates":[[-119.1015,37.94324],[-119.10111,37.94326],[-119.10081,37.94329],[-119.10022,37.94335],[-119.09967,37.94344],[-119.09678,37.94394],[-119.09541,37.94419],[-119.09435,37.9444],[-119.09343,37.94458],[-119.09327,37.94462],[-119.09266,37.94474],[-119.09222,37.9448],[-119.09198,37.94481],[-119.09179,37.94479],[-119.09158,37.9447],[-119.08993,37.94384],[-119.08971,37.94379],[-119.08955,37.94378],[-119.08942,37.94381],[-119.08925,37.94389],[-119.08861,37.9443],[-119.0885,37.9444],[-119.08844,37.94453],[-119.08824,37.94527],[-119.08816,37.94576],[-119.08814,37.94616],[-119.08813,37.9471],[-119.08808,37.94806],[-119.08805,37.94838],[-119.08801,37.9486],[-119.08801,37.94878],[-119.08805,37.94925],[-119.08816,37.94996],[-119.08874,37.95283],[-119.0889,37.95353],[-119.0891,37.95426],[-119.08915,37.95452],[-119.08947,37.95689],[-119.08964,37.95774],[-119.08987,37.95821],[-119.09008,37.95868],[-119.09042,37.95934],[-119.09054,37.95951],[-119.09109,37.96021],[-119.09152,37.96074],[-119.0921,37.96144],[-119.09446,37.96354],[-119.09508,37.96418],[-119.09599,37.96504],[-119.09698,37.96575],[-119.0972,37.96588],[-119.09768,37.96612],[-119.09787,37.9662],[-119.09867,37.96644],[-119.1004,37.96684],[-119.10072,37.96694],[-119.10148,37.96726],[-119.10248,37.96773],[-119.1034,37.96819],[-119.1038,37.96842],[-119.1045,37.96886],[-119.10483,37.96912],[-119.10512,37.9694],[-119.10524,37.96954],[-119.10558,37.97003],[-119.10577,37.97039],[-119.10604,37.97102],[-119.10648,37.9721],[-119.1066,37.97244],[-119.10682,37.97289],[-119.10688,37.97298],[-119.10696,37.97305],[-119.10705,37.9731],[-119.10721,37.97315],[-119.10733,37.97316],[-119.10827,37.97311],[-119.10857,37.97313],[-119.1089,37.97322],[-119.10946,37.97345],[-119.10963,37.97347],[-119.1098,37.97347],[-119.11005,37.97347],[-119.11024,37.97355],[-119.11065,37.97375],[-119.11087,37.97381],[-119.11111,37.97388],[-119.11401,37.97452],[-119.11495,37.97471],[-119.11559,37.97484],[-119.11675,37.97503],[-119.11735,37.97511],[-119.1177,37.97512],[-119.11795,37.97511],[-119.11838,37.97502],[-119.1188,37.97488],[-119.11894,37.97479],[-119.11907,37.97468],[-119.11919,37.97449],[-119.11922,37.97422],[-119.11919,37.97398],[-119.11916,37.97336],[-119.11919,37.97322],[-119.11926,37.9731],[-119.11936,37.97298],[-119.11947,37.9729],[-119.11972,37.97277],[-119.12067,37.97231],[-119.12115,37.97205],[-119.12202,37.9712],[-119.12217,37.97109],[-119.12226,37.97104],[-119.12245,37.97097],[-119.12275,37.97093],[-119.12351,37.97096],[-119.12437,37.97094],[-119.12789,37.97086],[-119.12824,37.97088],[-119.12919,37.97098],[-119.12978,37.97106],[-119.13042,37.97117],[-119.13079,37.97117],[-119.131,37.97115],[-119.13141,37.97152],[-119.13187,37.97191],[-119.13196,37.97201],[-119.13223,37.9724],[-119.13227,37.97247],[-119.13234,37.97286],[-119.13237,37.97381],[-119.13242,37.97401],[-119.13253,37.97427],[-119.13272,37.97456],[-119.13287,37.97473],[-119.13304,37.9749],[-119.13324,37.97504],[-119.13373,37.97532],[-119.13385,37.97542],[-119.13384,37.97584],[-119.13388,37.97596],[-119.134,37.97612],[-119.13456,37.97649]]}},{"type":"Feature","properties":{"name":"Sage Hen Meadows Road","road_class":"unclassified","surface":"unpaved","source":"Caltrans All Roads + OpenStreetMap explicit surface","source_detail":"osm way 10462435; Caltrans All Roads public-network geometry match","source_tile":"173/395","public_network_source":"Caltrans All Roads (ARNOLD/HPMS)","surface_source":"OpenStreetMap explicit surface tag","caltrans_match_coverage":1.0,"verified_length_m":7124},"geometry":{"type":"LineString","coordinates":[[-118.86501,37.89091],[-118.86522,37.89051],[-118.86536,37.89028],[-118.86662,37.88865],[-118.86706,37.88798],[-118.86737,37.8875],[-118.86767,37.88695],[-118.8689,37.88489],[-118.86943,37.88394],[-118.86987,37.88298],[-118.87061,37.88143],[-118.87099,37.88064],[-118.87138,37.87968],[-118.87148,37.87936],[-118.8717,37.87888],[-118.87181,37.87867],[-118.87187,37.87848],[-118.87196,37.87797],[-118.87196,37.87778],[-118.87189,37.87744],[-118.87189,37.87727],[-118.87191,37.87709],[-118.87191,37.87699],[-118.87187,37.8768],[-118.87164,37.87602],[-118.87156,37.87583],[-118.87104,37.87499],[-118.87096,37.87483],[-118.87092,37.87471],[-118.8709,37.8746],[-118.87081,37.87381],[-118.87082,37.87369],[-118.87084,37.87356],[-118.87088,37.87345],[-118.8709,37.87325],[-118.87089,37.87318],[-118.87088,37.87303],[-118.87083,37.87289],[-118.87077,37.87277],[-118.87067,37.87266],[-118.87014,37.87217],[-118.86975,37.87186],[-118.8696,37.87177],[-118.86935,37.87164],[-118.8691,37.87157],[-118.86897,37.87151],[-118.86885,37.87143],[-118.86861,37.87116],[-118.8685,37.87107],[-118.86835,37.87097],[-118.86773,37.87092],[-118.86743,37.87091],[-118.8671,37.87092],[-118.86697,37.87096],[-118.86683,37.87101],[-118.86662,37.87112],[-118.8665,37.87115],[-118.86638,37.87116],[-118.86626,37.87115],[-118.86619,37.87114],[-118.86605,37.87109],[-118.86591,37.87106],[-118.86578,37.87106],[-118.86565,37.87109],[-118.86552,37.87113],[-118.86542,37.87119],[-118.86528,37.87125],[-118.86506,37.87131],[-118.86495,37.87132],[-118.86465,37.87133],[-118.86446,37.87136],[-118.86428,37.87139],[-118.86417,37.87142],[-118.86352,37.8717],[-118.86336,37.87175],[-118.86311,37.8718],[-118.86265,37.87193],[-118.8625,37.87198],[-118.86213,37.87209],[-118.86191,37.87213],[-118.86172,37.87213],[-118.86163,37.87212],[-118.8615,37.87209],[-118.86084,37.87189],[-118.86047,37.87182],[-118.85986,37.87173],[-118.85964,37.87167],[-118.85942,37.87157],[-118.85928,37.87147],[-118.85915,37.87134],[-118.8591,37.87124],[-118.85907,37.87114],[-118.85908,37.87054],[-118.8591,37.87017],[-118.8591,37.86988],[-118.85905,37.86966],[-118.859,37.86957],[-118.85886,37.86937],[-118.85878,37.86929],[-118.85869,37.86922],[-118.85864,37.86919],[-118.85843,37.86912],[-118.85819,37.86908],[-118.85756,37.86906],[-118.85719,37.86905],[-118.85686,37.86901],[-118.85658,37.86895],[-118.85643,37.8689],[-118.85621,37.86882],[-118.85594,37.86867],[-118.85566,37.86849],[-118.85533,37.86823],[-118.85513,37.86801],[-118.85498,37.86783],[-118.85449,37.86714],[-118.85413,37.86673],[-118.85367,37.8663],[-118.8531,37.86581],[-118.85262,37.86538],[-118.85216,37.86491],[-118.85175,37.86453],[-118.85149,37.86426],[-118.85129,37.86403],[-118.85102,37.86369],[-118.85086,37.86347],[-118.85073,37.86325],[-118.85042,37.86256],[-118.85031,37.86238],[-118.85007,37.8621],[-118.84998,37.86195],[-118.84974,37.86142],[-118.84956,37.86085],[-118.84936,37.86028],[-118.84904,37.85885],[-118.8489,37.85844],[-118.84869,37.85801],[-118.84835,37.85745],[-118.8482,37.85715],[-118.84807,37.85677],[-118.84804,37.85662],[-118.84798,37.85616],[-118.8479,37.85574],[-118.84776,37.85534],[-118.84749,37.85471],[-118.8473,37.85427],[-118.84716,37.85395],[-118.84643,37.85258],[-118.84606,37.85182],[-118.84586,37.85144],[-118.84577,37.85135],[-118.84566,37.85127],[-118.84555,37.85122],[-118.84541,37.85113],[-118.84529,37.85104],[-118.84517,37.85091],[-118.84486,37.85051],[-118.84476,37.85034],[-118.84468,37.85018],[-118.84462,37.85003],[-118.84448,37.84969],[-118.84441,37.84955],[-118.84422,37.84927],[-118.84418,37.84917],[-118.84412,37.8488],[-118.84408,37.84868],[-118.84404,37.84859],[-118.84394,37.84845],[-118.84298,37.84757],[-118.84284,37.84745],[-118.84264,37.84727],[-118.84247,37.84711],[-118.8423,37.84689],[-118.84207,37.84653],[-118.84187,37.84613],[-118.84159,37.84573],[-118.841,37.845],[-118.84083,37.84485],[-118.84072,37.84478],[-118.8406,37.84472],[-118.84023,37.84457],[-118.83967,37.84441],[-118.8395,37.8444],[-118.83917,37.84443],[-118.83893,37.8444],[-118.83877,37.84437],[-118.83813,37.84418],[-118.83763,37.84396]]}},{"type":"Feature","properties":{"name":"Sand Flat Cutoff","road_class":"unclassified","surface":"unpaved","source":"Caltrans All Roads + OpenStreetMap explicit surface","source_detail":"osm way 10462498; Caltrans All Roads public-network geometry match","source_tile":"173/395","public_network_source":"Caltrans All Roads (ARNOLD/HPMS)","surface_source":"OpenStreetMap explicit surface tag","caltrans_match_coverage":1.0,"verified_length_m":3333},"geometry":{"type":"LineString","coordinates":[[-118.93856,37.84801],[-118.93847,37.84812],[-118.93842,37.84821],[-118.93841,37.84831],[-118.93837,37.84892],[-118.93836,37.84902],[-118.93833,37.84909],[-118.9383,37.84915],[-118.93821,37.84927],[-118.9381,37.84946],[-118.93768,37.85006],[-118.93746,37.85033],[-118.9374,37.85039],[-118.93723,37.85057],[-118.93588,37.85184],[-118.93559,37.8521],[-118.93496,37.85261],[-118.93436,37.85303],[-118.93386,37.85333],[-118.93366,37.85343],[-118.93317,37.85368],[-118.93266,37.85387],[-118.93239,37.85396],[-118.93191,37.85408],[-118.93149,37.8542],[-118.93071,37.85443],[-118.93026,37.85451],[-118.92969,37.85465],[-118.92849,37.8549],[-118.9283,37.85496],[-118.9281,37.8551],[-118.92761,37.85542],[-118.92691,37.85593],[-118.92635,37.85632],[-118.92578,37.85669],[-118.92526,37.85703],[-118.92467,37.85745],[-118.92456,37.85753],[-118.92428,37.85768],[-118.92419,37.85774],[-118.92375,37.85803],[-118.9237,37.85808],[-118.92345,37.85837],[-118.92326,37.8587],[-118.92278,37.85959],[-118.92271,37.85976],[-118.92266,37.86003],[-118.92251,37.86082],[-118.92245,37.86108],[-118.92212,37.86159],[-118.92183,37.86196],[-118.92155,37.86238],[-118.92147,37.86254],[-118.92101,37.86385],[-118.92082,37.86438],[-118.92063,37.865],[-118.92055,37.86514],[-118.92047,37.86525],[-118.9203,37.86539],[-118.92013,37.86549],[-118.91996,37.86558],[-118.9195,37.86577],[-118.91876,37.86606],[-118.91837,37.86618],[-118.91824,37.86621],[-118.91809,37.86623],[-118.91786,37.86622],[-118.91706,37.86611],[-118.91641,37.866],[-118.91636,37.86599],[-118.91561,37.86585],[-118.91538,37.86582],[-118.91518,37.86581],[-118.91432,37.86583],[-118.91405,37.86582],[-118.91389,37.86581],[-118.91373,37.86578],[-118.91331,37.86563],[-118.9132,37.86559],[-118.91309,37.86557]]}},{"type":"Feature","properties":{"name":"Sand Flat Cutoff","road_class":"unclassified","surface":"unpaved","source":"Caltrans All Roads + OpenStreetMap explicit surface","source_detail":"osm way 10462500; Caltrans All Roads public-network geometry match","source_tile":"173/395","public_network_source":"Caltrans All Roads (ARNOLD/HPMS)","surface_source":"OpenStreetMap explicit surface tag","caltrans_match_coverage":1.0,"verified_length_m":3919},"geometry":{"type":"LineString","coordinates":[[-118.93005,37.8149],[-118.93043,37.81579],[-118.93055,37.81603],[-118.93065,37.81615],[-118.93078,37.8163],[-118.93101,37.81654],[-118.93168,37.81711],[-118.93179,37.81719],[-118.93199,37.81732],[-118.93266,37.81767],[-118.93298,37.81787],[-118.9331,37.81798],[-118.93319,37.8181],[-118.9334,37.81859],[-118.93365,37.81924],[-118.93386,37.81975],[-118.93414,37.82027],[-118.93432,37.82063],[-118.93461,37.82136],[-118.93465,37.82162],[-118.93463,37.82187],[-118.93459,37.82218],[-118.9346,37.82253],[-118.9346,37.82269],[-118.93462,37.82288],[-118.93467,37.82305],[-118.93481,37.82336],[-118.93499,37.82409],[-118.93502,37.82423],[-118.93511,37.82456],[-118.93547,37.82554],[-118.93574,37.82621],[-118.93582,37.82645],[-118.93591,37.82693],[-118.93597,37.82775],[-118.93596,37.82807],[-118.93592,37.82827],[-118.93586,37.82847],[-118.93572,37.82876],[-118.9357,37.82884],[-118.93568,37.82894],[-118.93567,37.8293],[-118.93571,37.82996],[-118.93573,37.83055],[-118.93569,37.83113],[-118.93567,37.8317],[-118.93566,37.83178],[-118.93544,37.83256],[-118.93519,37.83372],[-118.93506,37.83411],[-118.93498,37.83426],[-118.9349,37.8344],[-118.93484,37.8345],[-118.9348,37.83467],[-118.93479,37.83525],[-118.93475,37.83545],[-118.93462,37.83579],[-118.93449,37.83618],[-118.93438,37.83649],[-118.93432,37.83671],[-118.93428,37.83694],[-118.93428,37.83725],[-118.93434,37.83786],[-118.9344,37.83837],[-118.93441,37.83862],[-118.93438,37.83946],[-118.93435,37.83963],[-118.93432,37.83975],[-118.93431,37.83985],[-118.93431,37.83996],[-118.93434,37.84028],[-118.93437,37.84046],[-118.93443,37.84068],[-118.93464,37.84124],[-118.93471,37.84157],[-118.93476,37.84187],[-118.93481,37.84205],[-118.93509,37.84263],[-118.93529,37.8431],[-118.93536,37.84325],[-118.93564,37.84371],[-118.9361,37.84416],[-118.93654,37.84463],[-118.93675,37.84497],[-118.93682,37.84514],[-118.93718,37.84604],[-118.93726,37.84642],[-118.93732,37.84662],[-118.93738,37.84674],[-118.93752,37.84687],[-118.93762,37.847],[-118.93794,37.84745],[-118.9381,37.84762],[-118.93829,37.84779],[-118.93856,37.84801]]}},{"type":"Feature","properties":{"name":"Horse Meadows Road","road_class":"track","surface":"ground","tracktype":"grade3","access":"permissive","source":"Caltrans All Roads + OpenStreetMap explicit surface","source_detail":"osm way 10462853; Caltrans All Roads public-network geometry match","source_tile":"173/395","public_network_source":"Caltrans All Roads (ARNOLD/HPMS)","surface_source":"OpenStreetMap explicit surface tag","caltrans_match_coverage":1.0,"verified_length_m":884},"geometry":{"type":"LineString","coordinates":[[-119.13188,37.92565],[-119.13185,37.92571],[-119.13181,37.92574],[-119.13175,37.92577],[-119.13164,37.9258],[-119.13123,37.92589],[-119.13112,37.92592],[-119.13103,37.92595],[-119.13093,37.92599],[-119.13082,37.92604],[-119.13043,37.92625],[-119.13029,37.92632],[-119.13017,37.9264],[-119.13001,37.92651],[-119.12964,37.92677],[-119.12948,37.92687],[-119.12934,37.92695],[-119.1292,37.92703],[-119.12906,37.92709],[-119.12879,37.92722],[-119.12865,37.92729],[-119.12851,37.92737],[-119.12842,37.92742],[-119.12833,37.92749],[-119.12816,37.92761],[-119.12806,37.92767],[-119.12791,37.92776],[-119.12776,37.92787],[-119.12747,37.92805],[-119.12731,37.92815],[-119.12723,37.92821],[-119.12714,37.92829],[-119.12702,37.92838],[-119.12691,37.92848],[-119.1266,37.92872],[-119.12645,37.92882],[-119.12602,37.92915],[-119.12582,37.9293],[-119.12574,37.92937],[-119.12566,37.92944],[-119.12558,37.92952],[-119.1255,37.92959],[-119.12539,37.92967],[-119.12523,37.9298],[-119.12515,37.92986],[-119.12511,37.9299],[-119.12508,37.92995],[-119.12505,37.93001],[-119.12501,37.93005],[-119.12495,37.93009],[-119.12486,37.93013],[-119.12472,37.9302],[-119.12464,37.93024],[-119.12455,37.93031],[-119.12423,37.93052],[-119.12412,37.93059]]}},{"type":"Feature","properties":{"name":"Road 2S50","road_class":"track","surface":"unpaved","source":"Caltrans All Roads + OpenStreetMap explicit surface","source_detail":"osm way 10463034; Caltrans All Roads public-network geometry match","source_tile":"173/395","public_network_source":"Caltrans All Roads (ARNOLD/HPMS)","surface_source":"OpenStreetMap explicit surface tag","caltrans_match_coverage":0.934,"verified_length_m":2103},"geometry":{"type":"LineString","coordinates":[[-119.01833,37.71873],[-119.01845,37.71889],[-119.01842,37.719],[-119.01838,37.7191],[-119.01814,37.71943],[-119.01799,37.7196],[-119.01775,37.71989],[-119.0177,37.71999],[-119.01769,37.72006],[-119.01775,37.72086],[-119.01774,37.72122],[-119.01757,37.72132],[-119.01701,37.72146],[-119.01692,37.72152],[-119.0169,37.72156],[-119.01689,37.72163],[-119.01692,37.72169],[-119.01699,37.72176],[-119.01704,37.7218],[-119.01719,37.72186],[-119.01734,37.72187],[-119.01765,37.72181],[-119.01779,37.7218],[-119.01804,37.72183],[-119.01821,37.72197],[-119.01834,37.7221],[-119.0184,37.72223],[-119.01842,37.72238],[-119.01842,37.7225],[-119.01841,37.72256],[-119.01841,37.72278],[-119.01844,37.72284],[-119.01851,37.72291],[-119.01856,37.72294],[-119.01882,37.72306],[-119.019,37.7231],[-119.01922,37.72313],[-119.01933,37.72313],[-119.01952,37.72311],[-119.01964,37.72311],[-119.01972,37.72313],[-119.01977,37.72316],[-119.01978,37.7232],[-119.01976,37.72338],[-119.0197,37.72365],[-119.01967,37.72373],[-119.0196,37.72387],[-119.01949,37.72401],[-119.01931,37.72433],[-119.01901,37.72492],[-119.01881,37.72524],[-119.01866,37.72535],[-119.01841,37.72554],[-119.0178,37.72594],[-119.0177,37.726],[-119.01729,37.7262],[-119.01719,37.72627],[-119.01714,37.72635],[-119.01713,37.72639],[-119.01716,37.72652],[-119.01729,37.72696],[-119.01733,37.72723],[-119.01738,37.72742],[-119.01746,37.72765],[-119.01761,37.72821],[-119.01763,37.72828],[-119.01768,37.72833],[-119.01807,37.72865],[-119.01822,37.72874],[-119.01871,37.72896],[-119.01926,37.72924],[-119.01987,37.72951],[-119.02017,37.72962],[-119.02038,37.72966],[-119.02091,37.7297],[-119.02153,37.7297],[-119.02167,37.72968],[-119.02176,37.72964],[-119.02183,37.72957],[-119.0219,37.72948],[-119.02196,37.72938],[-119.02199,37.72928],[-119.02199,37.72912],[-119.02201,37.72905],[-119.0221,37.72897],[-119.02223,37.72892],[-119.02233,37.7289],[-119.02244,37.7289],[-119.02263,37.72893],[-119.02295,37.729],[-119.02341,37.72908],[-119.02421,37.72932]]}},{"type":"Feature","properties":{"name":"Pilot Spring Road","road_class":"unclassified","surface":"unpaved","source":"Caltrans All Roads + OpenStreetMap explicit surface","source_detail":"osm way 10463126; Caltrans All Roads public-network geometry match","source_tile":"173/395","public_network_source":"Caltrans All Roads (ARNOLD/HPMS)","surface_source":"OpenStreetMap explicit surface tag","caltrans_match_coverage":1.0,"verified_length_m":3943},"geometry":{"type":"LineString","coordinates":[[-118.90423,37.86617],[-118.90355,37.86636],[-118.90313,37.86646],[-118.90269,37.86655],[-118.90184,37.86675],[-118.90147,37.8668],[-118.9012,37.86681],[-118.90077,37.8668],[-118.90031,37.86674],[-118.89924,37.86655],[-118.89709,37.86607],[-118.8966,37.86573],[-118.8963,37.8655],[-118.89591,37.86512],[-118.89575,37.86494],[-118.89547,37.86469],[-118.89528,37.86457],[-118.89483,37.86443],[-118.89464,37.86436],[-118.89446,37.86425],[-118.89351,37.86347],[-118.89236,37.86264],[-118.89217,37.86246],[-118.89166,37.86196],[-118.89114,37.8616],[-118.89039,37.86105],[-118.88968,37.86067],[-118.88881,37.86012],[-118.88834,37.8598],[-118.88817,37.85972],[-118.88799,37.85968],[-118.8878,37.85964],[-118.88767,37.8596],[-118.88754,37.85955],[-118.88733,37.85944],[-118.88648,37.85876],[-118.88584,37.85833],[-118.88541,37.858],[-118.88479,37.8576],[-118.88463,37.85752],[-118.88451,37.85745],[-118.8844,37.85736],[-118.88419,37.85715],[-118.88403,37.85696],[-118.88392,37.85678],[-118.88347,37.85642],[-118.88329,37.85624],[-118.88311,37.85601],[-118.88255,37.85512],[-118.88246,37.85501],[-118.88237,37.85493],[-118.88193,37.85462],[-118.88174,37.85452],[-118.88154,37.85444],[-118.88126,37.85436],[-118.87964,37.85403],[-118.87923,37.8539],[-118.87887,37.85374],[-118.87799,37.85319],[-118.87653,37.85244],[-118.8759,37.85206],[-118.87583,37.852],[-118.87561,37.85188],[-118.87469,37.85149],[-118.87436,37.85133],[-118.87387,37.85113],[-118.87288,37.8508],[-118.87264,37.85069],[-118.87246,37.85056],[-118.87191,37.85023],[-118.87176,37.85012],[-118.87157,37.84994],[-118.87145,37.84984],[-118.87131,37.84975],[-118.87091,37.84955],[-118.8707,37.84942],[-118.87029,37.84908],[-118.87012,37.84898],[-118.86926,37.84857],[-118.86802,37.84818]]}},{"type":"Feature","properties":{"name":"Pilot Spring Road","road_class":"unclassified","surface":"unpaved","source":"Caltrans All Roads + OpenStreetMap explicit surface","source_detail":"osm way 10463142; Caltrans All Roads public-network geometry match","source_tile":"173/395","public_network_source":"Caltrans All Roads (ARNOLD/HPMS)","surface_source":"OpenStreetMap explicit surface tag","caltrans_match_coverage":1.0,"verified_length_m":4908},"geometry":{"type":"LineString","coordinates":[[-118.86802,37.84818],[-118.86793,37.84752],[-118.86783,37.84691],[-118.86783,37.84681],[-118.86785,37.84671],[-118.8679,37.84665],[-118.868,37.84637],[-118.86824,37.84536],[-118.86843,37.84479],[-118.86867,37.84434],[-118.86893,37.84389],[-118.86915,37.8434],[-118.86939,37.84301],[-118.86966,37.8426],[-118.87008,37.8421],[-118.87013,37.84202],[-118.87015,37.84194],[-118.87016,37.84133],[-118.87018,37.8412],[-118.87051,37.84028],[-118.8706,37.84013],[-118.87072,37.84],[-118.87086,37.83988],[-118.87098,37.83975],[-118.87106,37.83962],[-118.87109,37.83949],[-118.87109,37.83933],[-118.87105,37.83922],[-118.87078,37.83882],[-118.87055,37.83831],[-118.87033,37.83789],[-118.86993,37.8373],[-118.86971,37.83703],[-118.86968,37.83696],[-118.86967,37.83684],[-118.86969,37.83675],[-118.8697,37.83665],[-118.86967,37.83655],[-118.8695,37.83631],[-118.86937,37.83604],[-118.86915,37.83577],[-118.86911,37.83567],[-118.8691,37.83555],[-118.86912,37.83548],[-118.86921,37.83531],[-118.86921,37.8352],[-118.86909,37.83478],[-118.86908,37.8347],[-118.86919,37.83408],[-118.86919,37.83398],[-118.86909,37.83367],[-118.86904,37.83338],[-118.86901,37.83306],[-118.86895,37.83259],[-118.86891,37.83248],[-118.86889,37.83236],[-118.86888,37.83225],[-118.86889,37.83207],[-118.86916,37.83165],[-118.86938,37.83141],[-118.86946,37.83127],[-118.86951,37.8311],[-118.8695,37.83094],[-118.86946,37.83079],[-118.86935,37.83059],[-118.86934,37.83049],[-118.86945,37.83014],[-118.86947,37.82997],[-118.86942,37.82941],[-118.86943,37.82928],[-118.86948,37.82907],[-118.86966,37.82876],[-118.86986,37.82829],[-118.86989,37.82813],[-118.86989,37.82799],[-118.86987,37.82782],[-118.86977,37.82746],[-118.86978,37.82737],[-118.86981,37.8273],[-118.86988,37.82725],[-118.87002,37.82722],[-118.8701,37.82715],[-118.87016,37.82706],[-118.87022,37.82677],[-118.8702,37.82642],[-118.87015,37.82624],[-118.87017,37.82619],[-118.8702,37.82616],[-118.87026,37.82615],[-118.87068,37.82623],[-118.8709,37.82626],[-118.871,37.82624],[-118.87107,37.82621],[-118.87117,37.8261],[-118.87121,37.82605],[-118.87126,37.82589],[-118.87128,37.82528],[-118.87127,37.82521],[-118.87122,37.8251],[-118.87096,37.82467],[-118.87069,37.82436],[-118.86985,37.82328],[-118.86981,37.82318],[-118.8698,37.82311],[-118.86987,37.823],[-118.86998,37.8229],[-118.87002,37.82283],[-118.87006,37.82266],[-118.87017,37.82239],[-118.87044,37.82121],[-118.87045,37.82095],[-118.87043,37.8209],[-118.87028,37.82051],[-118.87021,37.82037],[-118.87016,37.82032],[-118.87007,37.82025],[-118.86994,37.8202],[-118.86889,37.81989],[-118.86866,37.8198],[-118.86859,37.81976],[-118.86855,37.81972],[-118.86824,37.81936],[-118.8682,37.81927],[-118.86819,37.81918],[-118.86822,37.81909],[-118.86833,37.81897],[-118.86841,37.81891],[-118.86902,37.81862],[-118.8691,37.81858],[-118.86918,37.81849],[-118.86978,37.81635],[-118.87004,37.81556],[-118.87038,37.8147],[-118.87042,37.8145],[-118.87039,37.81402],[-118.87039,37.8136],[-118.87013,37.81306],[-118.8701,37.81283],[-118.87,37.81247],[-118.87007,37.81204],[-118.87042,37.81137],[-118.87055,37.81121],[-118.87092,37.81081],[-118.87135,37.81043],[-118.87173,37.81015],[-118.872,37.80992],[-118.8721,37.80982],[-118.87214,37.80975],[-118.87221,37.80958],[-118.87222,37.80946],[-118.87219,37.80931],[-118.87225,37.80908],[-118.87224,37.80896],[-118.87218,37.80874],[-118.87221,37.80865],[-118.87228,37.80853]]}},{"type":"Feature","properties":{"name":"Logging Camp Road","road_class":"unclassified","surface":"unpaved","source":"Caltrans All Roads + OpenStreetMap explicit surface","source_detail":"osm way 10463442; Caltrans All Roads public-network geometry match","source_tile":"173/395","public_network_source":"Caltrans All Roads (ARNOLD/HPMS)","surface_source":"OpenStreetMap explicit surface tag","caltrans_match_coverage":1.0,"verified_length_m":7550},"geometry":{"type":"LineString","coordinates":[[-118.92684,37.81799],[-118.92643,37.81823],[-118.92597,37.81846],[-118.92544,37.81871],[-118.92469,37.81911],[-118.92445,37.81923],[-118.9241,37.81937],[-118.92389,37.81944],[-118.92174,37.82005],[-118.92094,37.82037],[-118.92083,37.82042],[-118.92074,37.82048],[-118.92065,37.82055],[-118.92058,37.82062],[-118.9203,37.82102],[-118.92003,37.82154],[-118.91948,37.82231],[-118.91918,37.82287],[-118.91891,37.82343],[-118.91865,37.82391],[-118.91838,37.82438],[-118.91814,37.82473],[-118.91805,37.82487],[-118.91762,37.82549],[-118.91725,37.82592],[-118.91707,37.82618],[-118.91701,37.82626],[-118.91699,37.82641],[-118.917,37.82681],[-118.91701,37.82693],[-118.91706,37.82748],[-118.91711,37.82761],[-118.91714,37.82766],[-118.91728,37.8279],[-118.91734,37.82795],[-118.9177,37.82824],[-118.91782,37.82834],[-118.91815,37.82866],[-118.91863,37.82921],[-118.91898,37.82967],[-118.91921,37.83003],[-118.91939,37.83036],[-118.91945,37.83047],[-118.91982,37.83098],[-118.92022,37.83158],[-118.92044,37.83196],[-118.92057,37.83224],[-118.9207,37.83252],[-118.92113,37.83316],[-118.92159,37.83388],[-118.92176,37.83435],[-118.92191,37.8349],[-118.92196,37.83503],[-118.92229,37.83553],[-118.92238,37.83572],[-118.92257,37.83628],[-118.92266,37.83674],[-118.92267,37.83689],[-118.92266,37.83715],[-118.92269,37.83725],[-118.92288,37.83762],[-118.92292,37.83773],[-118.92294,37.83785],[-118.92294,37.83804],[-118.92286,37.83867],[-118.92288,37.83879],[-118.92292,37.83897],[-118.92295,37.83908],[-118.92298,37.83927],[-118.92296,37.83939],[-118.92279,37.84016],[-118.92258,37.8409],[-118.92241,37.84142],[-118.92219,37.84195],[-118.92204,37.84247],[-118.92177,37.84309],[-118.9216,37.84343],[-118.92155,37.84352],[-118.92147,37.84364],[-118.92086,37.84459],[-118.92072,37.84477],[-118.9205,37.84504],[-118.92007,37.84552],[-118.91998,37.84563],[-118.91989,37.84573],[-118.91978,37.84581],[-118.9196,37.84592],[-118.91884,37.84632],[-118.91848,37.84655],[-118.91839,37.84662],[-118.91827,37.84668],[-118.91788,37.84676],[-118.9175,37.84681],[-118.91683,37.84685],[-118.9159,37.84689],[-118.91575,37.84692],[-118.91548,37.84697],[-118.91529,37.84703],[-118.91469,37.84723],[-118.91279,37.84779],[-118.91198,37.84801],[-118.91102,37.84826],[-118.91067,37.84832],[-118.91036,37.84837],[-118.90887,37.84847],[-118.90783,37.84855],[-118.90753,37.84859],[-118.90715,37.84868],[-118.90667,37.84882],[-118.90637,37.84894],[-118.90597,37.84915],[-118.90545,37.84943],[-118.90521,37.84956],[-118.90476,37.84984],[-118.90467,37.84991],[-118.90457,37.85003],[-118.90453,37.85019],[-118.90452,37.85079],[-118.90447,37.85095],[-118.90444,37.85103],[-118.90438,37.85112],[-118.9043,37.85118],[-118.90416,37.85127],[-118.90402,37.85134],[-118.90387,37.8514],[-118.90377,37.85142],[-118.903,37.85155],[-118.90211,37.8516],[-118.90152,37.85161],[-118.9008,37.85157],[-118.89849,37.85113],[-118.89837,37.85111],[-118.8976,37.851],[-118.89723,37.85093],[-118.897,37.85086],[-118.89642,37.85061],[-118.89591,37.85032],[-118.89574,37.85025],[-118.8955,37.85021],[-118.8954,37.85022],[-118.89531,37.85025],[-118.89523,37.8503],[-118.89494,37.85076],[-118.89483,37.85087],[-118.89468,37.85098],[-118.89444,37.8511],[-118.8943,37.8512],[-118.89419,37.85131],[-118.89413,37.85142],[-118.89408,37.85152],[-118.89404,37.85165],[-118.89399,37.85175],[-118.89393,37.85184],[-118.89383,37.85196],[-118.89373,37.85205],[-118.89346,37.85226],[-118.89323,37.85241],[-118.89306,37.8525],[-118.8929,37.85257],[-118.89202,37.85285],[-118.89163,37.85297],[-118.89074,37.85323],[-118.89018,37.85334],[-118.88999,37.85337],[-118.88987,37.8534],[-118.88981,37.85341],[-118.88964,37.85346],[-118.88943,37.85355],[-118.88903,37.85375],[-118.88833,37.8541],[-118.88768,37.85438],[-118.88709,37.85465],[-118.88696,37.85469],[-118.88677,37.85472],[-118.88667,37.85473],[-118.88648,37.85471],[-118.88619,37.85465],[-118.88601,37.8546],[-118.88577,37.8545],[-118.88556,37.85438],[-118.88552,37.85437],[-118.8855,37.85438],[-118.88545,37.85441],[-118.88536,37.8545],[-118.8851,37.85498],[-118.8849,37.85536],[-118.88482,37.85554],[-118.88466,37.8559],[-118.88459,37.856],[-118.88452,37.85609],[-118.88413,37.85649],[-118.88392,37.85678],[-118.8838,37.85725],[-118.88359,37.85764]]}},{"type":"Feature","properties":{"name":"Test Station Road","road_class":"unclassified","surface":"compacted","tracktype":"grade2","source":"Caltrans All Roads + OpenStreetMap explicit surface","source_detail":"osm way 24815290; Caltrans All Roads public-network geometry match","source_tile":"173/395","public_network_source":"Caltrans All Roads (ARNOLD/HPMS)","surface_source":"OpenStreetMap explicit surface tag","caltrans_match_coverage":1.0,"verified_length_m":990},"geometry":{"type":"LineString","coordinates":[[-119.02311,37.92793],[-119.02305,37.9283],[-119.02303,37.92884],[-119.02304,37.92899],[-119.02317,37.92969],[-119.02318,37.92983],[-119.02317,37.92995],[-119.02312,37.93011],[-119.02287,37.93105],[-119.02265,37.93183],[-119.0226,37.93206],[-119.02262,37.93216],[-119.02266,37.93224],[-119.02271,37.93232],[-119.02303,37.93264],[-119.02355,37.9331],[-119.0237,37.93327],[-119.02377,37.93337],[-119.02382,37.93348],[-119.02386,37.93359],[-119.02388,37.93369],[-119.02395,37.93443],[-119.02397,37.93452],[-119.02401,37.93462],[-119.02419,37.93493],[-119.02431,37.93514],[-119.02443,37.93541],[-119.02462,37.93596],[-119.02477,37.93638]]}},{"type":"Feature","properties":{"name":"Panum Crater West Road","road_class":"track","surface":"dirt","tracktype":"grade4","source":"Caltrans All Roads + OpenStreetMap explicit surface","source_detail":"osm way 39277258; Caltrans All Roads public-network geometry match","source_tile":"173/395","public_network_source":"Caltrans All Roads (ARNOLD/HPMS)","surface_source":"OpenStreetMap explicit surface tag","caltrans_match_coverage":1.0,"verified_length_m":1526},"geometry":{"type":"LineString","coordinates":[[-119.05038,37.92482],[-119.05038,37.9247],[-119.05039,37.92465],[-119.05036,37.92441],[-119.05042,37.92418],[-119.05043,37.92377],[-119.05041,37.92357],[-119.05033,37.92312],[-119.05033,37.923],[-119.05043,37.92267],[-119.05045,37.9223],[-119.05052,37.92179],[-119.05061,37.9215],[-119.05057,37.92097],[-119.05053,37.9207],[-119.05048,37.92033],[-119.05045,37.92019],[-119.05041,37.91967],[-119.0504,37.91927],[-119.05042,37.91902],[-119.05048,37.91868],[-119.05047,37.91824],[-119.05045,37.91708],[-119.0505,37.91603],[-119.05048,37.91454],[-119.05049,37.91402],[-119.05049,37.91359],[-119.05053,37.91243],[-119.05052,37.91179],[-119.0505,37.91149],[-119.05043,37.91107]]}},{"type":"Feature","properties":{"name":"Panum Crater Road","road_class":"unclassified","surface":"gravel","source":"Caltrans All Roads + OpenStreetMap explicit surface","source_detail":"osm way 39277262; Caltrans All Roads public-network geometry match","source_tile":"173/395","public_network_source":"Caltrans All Roads (ARNOLD/HPMS)","surface_source":"OpenStreetMap explicit surface tag","caltrans_match_coverage":1.0,"verified_length_m":1396},"geometry":{"type":"LineString","coordinates":[[-119.04657,37.91399],[-119.04668,37.91424],[-119.04698,37.91567],[-119.04703,37.91581],[-119.04705,37.91595],[-119.04709,37.91649],[-119.04726,37.91751],[-119.04721,37.91783],[-119.04706,37.91844],[-119.04703,37.91862],[-119.04699,37.91918],[-119.04689,37.91983],[-119.04673,37.92055],[-119.04672,37.92066],[-119.04673,37.92077],[-119.04686,37.92128],[-119.04708,37.92215],[-119.04718,37.92241],[-119.04725,37.92255],[-119.04734,37.92289],[-119.04746,37.92321],[-119.04749,37.92335],[-119.0475,37.92368],[-119.04749,37.92425],[-119.0475,37.92471],[-119.04751,37.92483],[-119.04754,37.92496],[-119.04757,37.92499],[-119.0478,37.92511],[-119.04828,37.92526],[-119.04857,37.92533],[-119.04895,37.92549],[-119.04908,37.92555],[-119.04922,37.92561]]}},{"type":"Feature","properties":{"name":"West Portal Road","road_class":"track","surface":"unpaved","source":"Caltrans All Roads + OpenStreetMap explicit surface","source_detail":"osm way 72939043; Caltrans All Roads public-network geometry match","source_tile":"173/395","public_network_source":"Caltrans All Roads (ARNOLD/HPMS)","surface_source":"OpenStreetMap explicit surface tag","caltrans_match_coverage":1.0,"verified_length_m":3024},"geometry":{"type":"LineString","coordinates":[[-119.05951,37.85786],[-119.05968,37.85798],[-119.05971,37.85804],[-119.05972,37.85813],[-119.05975,37.85821],[-119.05978,37.85825],[-119.05989,37.85832],[-119.05992,37.85835],[-119.06016,37.85868],[-119.06028,37.85879],[-119.06081,37.85912],[-119.06091,37.85921],[-119.061,37.85925],[-119.0612,37.85932],[-119.06145,37.85934],[-119.06149,37.85936],[-119.06167,37.85955],[-119.06172,37.85962],[-119.06174,37.85974],[-119.06177,37.85978],[-119.06193,37.85995],[-119.06224,37.86015],[-119.06264,37.86044],[-119.06303,37.86072],[-119.06603,37.86271],[-119.06745,37.8637],[-119.06795,37.86402],[-119.06834,37.8643],[-119.06878,37.86459],[-119.06955,37.86515],[-119.06995,37.86538],[-119.07027,37.8656],[-119.07037,37.86573],[-119.0712,37.86632],[-119.07132,37.86641],[-119.07173,37.86672],[-119.07178,37.86675],[-119.07222,37.8671],[-119.07268,37.86743],[-119.07349,37.86805],[-119.07391,37.86831],[-119.07428,37.86851],[-119.07462,37.86868],[-119.07496,37.86882],[-119.07563,37.86905],[-119.07661,37.86929],[-119.07842,37.86965],[-119.07904,37.86979],[-119.08018,37.86997],[-119.08192,37.87033],[-119.08406,37.87076],[-119.08526,37.87099],[-119.08587,37.87112],[-119.08612,37.87116],[-119.08623,37.87119],[-119.0863,37.87121],[-119.08635,37.87122],[-119.08645,37.87125],[-119.08684,37.87141],[-119.08704,37.8715],[-119.08726,37.87157],[-119.08753,37.87159],[-119.08783,37.87158],[-119.08791,37.87158]]}},{"type":"Feature","properties":{"name":"2S140","road_class":"track","surface":"fine_gravel","tracktype":"grade4","source":"Caltrans All Roads + OpenStreetMap explicit surface","source_detail":"osm way 73068837; Caltrans All Roads public-network geometry match","source_tile":"173/395","public_network_source":"Caltrans All Roads (ARNOLD/HPMS)","surface_source":"OpenStreetMap explicit surface tag","caltrans_match_coverage":1.0,"verified_length_m":640},"geometry":{"type":"LineString","coordinates":[[-118.94943,37.74591],[-118.94947,37.74587],[-118.94951,37.74584],[-118.9496,37.74579],[-118.9497,37.74571],[-118.94979,37.74563],[-118.94997,37.7455],[-118.95012,37.74538],[-118.95023,37.7453],[-118.95026,37.74525],[-118.95031,37.74517],[-118.95037,37.74508],[-118.95045,37.74501],[-118.9505,37.74497],[-118.9506,37.74492],[-118.95085,37.74483],[-118.95155,37.74456],[-118.95178,37.74448],[-118.95191,37.74446],[-118.95201,37.74445],[-118.95216,37.74445],[-118.95225,37.74444],[-118.95236,37.7444],[-118.95246,37.74435],[-118.95254,37.74427],[-118.95259,37.74422],[-118.95262,37.74415],[-118.95267,37.74406],[-118.95272,37.74399],[-118.95279,37.74392],[-118.95287,37.74386],[-118.95297,37.74379],[-118.95307,37.74371],[-118.95313,37.74363],[-118.9532,37.74355],[-118.95326,37.74345],[-118.95332,37.74335],[-118.9534,37.74325],[-118.95349,37.74316],[-118.95359,37.7431],[-118.95371,37.74305],[-118.95383,37.74301],[-118.95397,37.74299],[-118.9546,37.74291],[-118.95468,37.74289],[-118.95475,37.74286],[-118.9548,37.74281],[-118.95486,37.74277],[-118.95494,37.74272],[-118.95503,37.74268]]}},{"type":"Feature","properties":{"name":"(unnamed public road)","road_class":"track","surface":"fine_gravel","tracktype":"grade4","source":"Caltrans All Roads + OpenStreetMap explicit surface","source_detail":"osm way 73068854; Caltrans All Roads public-network geometry match","source_tile":"173/395","public_network_source":"Caltrans All Roads (ARNOLD/HPMS)","surface_source":"OpenStreetMap explicit surface tag","caltrans_match_coverage":0.872,"verified_length_m":1019},"geometry":{"type":"LineString","coordinates":[[-118.96178,37.72986],[-118.96175,37.7302],[-118.96172,37.73055],[-118.96177,37.73102],[-118.96169,37.73145],[-118.96175,37.7319],[-118.962,37.73217],[-118.96225,37.73239],[-118.9631,37.73328],[-118.96334,37.73351],[-118.96377,37.73393],[-118.96389,37.73408],[-118.96468,37.73485],[-118.96481,37.73499],[-118.96495,37.7352],[-118.96506,37.73542],[-118.96533,37.73576],[-118.96545,37.73589],[-118.96593,37.73629],[-118.96611,37.73646],[-118.96622,37.73656],[-118.96643,37.73671],[-118.96656,37.73681],[-118.96672,37.7369],[-118.96683,37.73695],[-118.96696,37.73699],[-118.96708,37.73701],[-118.9672,37.73702],[-118.96741,37.73701],[-118.96752,37.737],[-118.96764,37.73697]]}},{"type":"Feature","properties":{"name":"(unnamed public road)","road_class":"unclassified","surface":"unpaved","source":"Caltrans All Roads + OpenStreetMap explicit surface","source_detail":"osm way 202923142; Caltrans All Roads public-network geometry match","source_tile":"173/395","public_network_source":"Caltrans All Roads (ARNOLD/HPMS)","surface_source":"OpenStreetMap explicit surface tag","caltrans_match_coverage":1.0,"verified_length_m":1271},"geometry":{"type":"LineString","coordinates":[[-118.87219,37.86405],[-118.87437,37.86365],[-118.87523,37.86345],[-118.87555,37.86335],[-118.87591,37.86319],[-118.87675,37.86266],[-118.87686,37.86259],[-118.87727,37.86232],[-118.87757,37.86213],[-118.87774,37.86198],[-118.87818,37.86151],[-118.87842,37.86121],[-118.87881,37.86073],[-118.87894,37.86062],[-118.87913,37.86051],[-118.8797,37.86028],[-118.88,37.86018],[-118.88058,37.85999],[-118.88109,37.85978],[-118.88148,37.85955],[-118.88167,37.85942],[-118.88186,37.85924],[-118.88221,37.8588],[-118.88236,37.85865],[-118.88307,37.8581],[-118.88359,37.85764]]}},{"type":"Feature","properties":{"name":"Test Station Road","road_class":"unclassified","surface":"unpaved","source":"Caltrans All Roads + OpenStreetMap explicit surface","source_detail":"osm way 209268313; Caltrans All Roads public-network geometry match","source_tile":"173/395","public_network_source":"Caltrans All Roads (ARNOLD/HPMS)","surface_source":"OpenStreetMap explicit surface tag","caltrans_match_coverage":1.0,"verified_length_m":6080},"geometry":{"type":"LineString","coordinates":[[-119.02477,37.93638],[-119.02496,37.93635],[-119.02516,37.93635],[-119.02542,37.93644],[-119.02583,37.93655],[-119.02621,37.93665],[-119.02681,37.9368],[-119.02703,37.93687],[-119.02773,37.93705],[-119.02839,37.93726],[-119.02887,37.93742],[-119.02935,37.93762],[-119.0298,37.93789],[-119.03014,37.9381],[-119.03039,37.9382],[-119.03062,37.93828],[-119.03095,37.93837],[-119.03154,37.93852],[-119.03207,37.93867],[-119.03295,37.9389],[-119.03339,37.93904],[-119.03434,37.93939],[-119.03491,37.93962],[-119.03526,37.93973],[-119.0358,37.93988],[-119.03622,37.94001],[-119.0369,37.94022],[-119.03744,37.94039],[-119.038,37.94057],[-119.03925,37.94105],[-119.03958,37.94114],[-119.04017,37.94124],[-119.04107,37.94136],[-119.0413,37.94142],[-119.04138,37.94145],[-119.04172,37.94153],[-119.04227,37.9417],[-119.0431,37.94204],[-119.04464,37.94271],[-119.04719,37.94388],[-119.04764,37.94409],[-119.04798,37.94426],[-119.0482,37.94443],[-119.0485,37.94473],[-119.04906,37.94529],[-119.04946,37.94564],[-119.05031,37.94629],[-119.05055,37.94645],[-119.05089,37.9466],[-119.05134,37.94673],[-119.05169,37.9468],[-119.05201,37.94683],[-119.05236,37.94683],[-119.05265,37.94683],[-119.05292,37.94685],[-119.05323,37.94692],[-119.05351,37.94698],[-119.05383,37.94705],[-119.05446,37.94712],[-119.05522,37.94722],[-119.05601,37.94731],[-119.05711,37.94741],[-119.0576,37.94742],[-119.05769,37.94743],[-119.05785,37.94744],[-119.05808,37.94747],[-119.06019,37.94773],[-119.06029,37.94774],[-119.06111,37.94782],[-119.06181,37.94784],[-119.06268,37.9478],[-119.06341,37.94776],[-119.06458,37.94765],[-119.06554,37.94756],[-119.066,37.9475],[-119.06913,37.94667],[-119.06992,37.94646],[-119.07028,37.94633],[-119.07062,37.94621],[-119.071,37.94613],[-119.07334,37.9457],[-119.07408,37.94551],[-119.07445,37.94542],[-119.07484,37.9454],[-119.07573,37.94541],[-119.07792,37.94547],[-119.07891,37.94549],[-119.08003,37.94552],[-119.08189,37.94555],[-119.08349,37.94559],[-119.08357,37.94559],[-119.08424,37.9456],[-119.08503,37.94562],[-119.08574,37.94562],[-119.08603,37.94565],[-119.0862,37.9457],[-119.08635,37.94576],[-119.08645,37.94582],[-119.08653,37.94589],[-119.08661,37.94597],[-119.08668,37.94605],[-119.08676,37.94617],[-119.08692,37.94655],[-119.08726,37.94728],[-119.08737,37.94749],[-119.08758,37.94786],[-119.08765,37.94796],[-119.08775,37.94804],[-119.08785,37.94808],[-119.08798,37.94809],[-119.08808,37.94806]]}},{"type":"Feature","properties":{"name":"Navy Beach Parking Road","road_class":"track","surface":"compacted","tracktype":"grade2","source":"Caltrans All Roads + OpenStreetMap explicit surface","source_detail":"osm way 257321855; Caltrans All Roads public-network geometry match","source_tile":"173/395","public_network_source":"Caltrans All Roads (ARNOLD/HPMS)","surface_source":"OpenStreetMap explicit surface tag","caltrans_match_coverage":1.0,"verified_length_m":1696},"geometry":{"type":"LineString","coordinates":[[-119.02303,37.92759],[-119.0228,37.92765],[-119.02256,37.92769],[-119.02235,37.92772],[-119.02219,37.92783],[-119.02207,37.92798],[-119.02133,37.92888],[-119.02075,37.92959],[-119.0202,37.93024],[-119.01857,37.93221],[-119.01643,37.93475],[-119.01548,37.93587],[-119.01443,37.93714],[-119.01333,37.93848],[-119.01319,37.93866],[-119.01308,37.93885],[-119.01302,37.93904],[-119.01298,37.93925],[-119.01297,37.93964],[-119.01296,37.94027]]}},{"type":"Feature","properties":{"name":"(unnamed public road)","road_class":"track","surface":"unpaved","tracktype":"grade3","source":"Caltrans All Roads + OpenStreetMap explicit surface","source_detail":"osm way 344005420; Caltrans All Roads public-network geometry match","source_tile":"173/395","public_network_source":"Caltrans All Roads (ARNOLD/HPMS)","surface_source":"OpenStreetMap explicit surface tag","caltrans_match_coverage":1.0,"verified_length_m":1316},"geometry":{"type":"LineString","coordinates":[[-119.13438,37.93597],[-119.13413,37.93602],[-119.13407,37.93603],[-119.13401,37.93603],[-119.13365,37.93607],[-119.1332,37.93604],[-119.1327,37.93603],[-119.13231,37.93608],[-119.1319,37.93621],[-119.13133,37.93643],[-119.13108,37.93652],[-119.13083,37.9366],[-119.13032,37.93676],[-119.12992,37.93692],[-119.12935,37.93716],[-119.12904,37.93727],[-119.1287,37.93748],[-119.12837,37.93766],[-119.1281,37.93778],[-119.12781,37.93801],[-119.12737,37.93825],[-119.12692,37.93843],[-119.12662,37.93855],[-119.12623,37.93865],[-119.12582,37.93879],[-119.12558,37.93893],[-119.12532,37.93914],[-119.12505,37.93928],[-119.12479,37.93931],[-119.12454,37.93924],[-119.12433,37.9391],[-119.12413,37.93892],[-119.12391,37.93877],[-119.12363,37.93868],[-119.12339,37.93864],[-119.12312,37.93867],[-119.12282,37.93873],[-119.1226,37.93877],[-119.12243,37.93883],[-119.12225,37.93897],[-119.12211,37.93912],[-119.12192,37.93927],[-119.12173,37.93937],[-119.1215,37.93948],[-119.12146,37.93975]]}},{"type":"Feature","properties":{"name":"(unnamed public road)","road_class":"track","surface":"unpaved","source":"Caltrans All Roads + OpenStreetMap explicit surface","source_detail":"osm way 364614154; Caltrans All Roads public-network geometry match","source_tile":"173/395","public_network_source":"Caltrans All Roads (ARNOLD/HPMS)","surface_source":"OpenStreetMap explicit surface tag","caltrans_match_coverage":0.895,"verified_length_m":4737},"geometry":{"type":"LineString","coordinates":[[-119.11013,37.82276],[-119.11007,37.82279],[-119.10994,37.82285],[-119.1099,37.82299],[-119.10988,37.82322],[-119.10969,37.82351],[-119.10963,37.82353],[-119.1095,37.82357],[-119.10932,37.82362],[-119.10879,37.82378],[-119.10867,37.82381],[-119.10848,37.82388],[-119.10828,37.82404],[-119.10829,37.82421],[-119.1084,37.82446],[-119.10846,37.82463],[-119.1087,37.82476],[-119.1087,37.82486],[-119.1087,37.82506],[-119.1088,37.8254],[-119.10878,37.82565],[-119.10889,37.82592],[-119.10905,37.82619],[-119.10919,37.82629],[-119.10917,37.82668],[-119.10909,37.82699],[-119.10903,37.82735],[-119.10891,37.82763],[-119.10898,37.82783],[-119.10883,37.82808],[-119.10878,37.82832],[-119.10892,37.8287],[-119.10899,37.82901],[-119.10916,37.82923],[-119.10955,37.82959],[-119.10969,37.82989],[-119.10965,37.82999],[-119.10931,37.83008],[-119.10909,37.83006],[-119.10892,37.83012],[-119.1088,37.83049],[-119.10864,37.83083],[-119.10836,37.83122],[-119.1082,37.83133],[-119.10805,37.8315],[-119.10798,37.8316],[-119.10752,37.83203],[-119.10678,37.83289],[-119.10636,37.83347],[-119.10585,37.83435],[-119.10582,37.83439],[-119.10573,37.83451],[-119.1056,37.8347],[-119.10545,37.83488],[-119.10539,37.83503],[-119.10535,37.83515],[-119.10535,37.83533],[-119.10538,37.83552],[-119.10536,37.83566],[-119.10528,37.83583],[-119.10518,37.83597],[-119.10513,37.83611],[-119.10515,37.83629],[-119.10515,37.83637],[-119.10512,37.8371],[-119.10511,37.83745],[-119.10508,37.8379],[-119.10504,37.83833],[-119.10498,37.83884],[-119.10489,37.83951],[-119.10483,37.83991],[-119.10474,37.84022],[-119.10472,37.84034],[-119.1047,37.84056],[-119.10461,37.84134],[-119.10445,37.84216],[-119.10445,37.84222],[-119.1044,37.84236],[-119.10431,37.84246],[-119.10414,37.84255],[-119.10409,37.84261],[-119.10404,37.84272],[-119.10394,37.84279],[-119.10354,37.8429],[-119.1035,37.84293],[-119.1034,37.84299],[-119.10329,37.84309],[-119.10309,37.84328],[-119.10307,37.84337],[-119.10296,37.84365],[-119.10288,37.84385],[-119.10279,37.84403],[-119.10269,37.84419],[-119.1026,37.84433],[-119.10252,37.84448],[-119.10247,37.84467],[-119.10239,37.84507],[-119.10224,37.84563],[-119.10211,37.84612],[-119.10204,37.84642],[-119.10199,37.84665],[-119.10196,37.84679],[-119.10195,37.847],[-119.10195,37.84732],[-119.10198,37.84757],[-119.10201,37.84781],[-119.10201,37.84795],[-119.10202,37.84814],[-119.10203,37.84836],[-119.10208,37.84871],[-119.10207,37.84913],[-119.10207,37.84938],[-119.10205,37.84977],[-119.10203,37.85024],[-119.10198,37.85054],[-119.10195,37.85092],[-119.10192,37.85126],[-119.10187,37.85153],[-119.10186,37.85178],[-119.10181,37.85207],[-119.10179,37.85222],[-119.10175,37.85242],[-119.1017,37.85257],[-119.10165,37.8527],[-119.10157,37.85289],[-119.10147,37.85311],[-119.10141,37.85324],[-119.10131,37.85337],[-119.10118,37.85355],[-119.10106,37.85366],[-119.10094,37.85374],[-119.10087,37.85384],[-119.10078,37.85412],[-119.10065,37.85441],[-119.10054,37.85456],[-119.10032,37.85488],[-119.10009,37.85508],[-119.10001,37.85525],[-119.09986,37.85552],[-119.09971,37.85587],[-119.09963,37.85606],[-119.09954,37.85626],[-119.09944,37.85644],[-119.09932,37.85673],[-119.09921,37.857],[-119.09912,37.85732],[-119.09908,37.85759],[-119.09908,37.85774],[-119.09912,37.85814],[-119.09917,37.85846],[-119.09922,37.85874],[-119.09927,37.85898],[-119.09933,37.85916],[-119.09942,37.85931],[-119.09963,37.85954],[-119.0999,37.85974],[-119.10024,37.85992],[-119.10047,37.86009],[-119.10063,37.86015],[-119.10067,37.86016],[-119.10103,37.86033],[-119.10136,37.86045],[-119.10132,37.86062],[-119.10128,37.86076],[-119.10129,37.86091]]}},{"type":"Feature","properties":{"name":"(unnamed public road)","road_class":"track","surface":"unpaved","source":"Caltrans All Roads + OpenStreetMap explicit surface","source_detail":"osm way 364684882; Caltrans All Roads public-network geometry match","source_tile":"173/395","public_network_source":"Caltrans All Roads (ARNOLD/HPMS)","surface_source":"OpenStreetMap explicit surface tag","caltrans_match_coverage":1.0,"verified_length_m":658},"geometry":{"type":"LineString","coordinates":[[-119.10965,37.82999],[-119.10982,37.83002],[-119.11004,37.83019],[-119.11051,37.83041],[-119.11103,37.83067],[-119.11164,37.83094],[-119.11216,37.83103],[-119.1127,37.83102],[-119.11338,37.83096],[-119.11379,37.83097],[-119.11429,37.83089],[-119.11467,37.83075],[-119.115,37.83075],[-119.1154,37.83104],[-119.11523,37.83137],[-119.1153,37.83159],[-119.11519,37.83175],[-119.1152,37.83183],[-119.11525,37.83191]]}},{"type":"Feature","properties":{"name":"(unnamed public road)","road_class":"track","surface":"ground","tracktype":"grade3","access":"permissive","source":"Caltrans All Roads + OpenStreetMap explicit surface","source_detail":"osm way 366788559; Caltrans All Roads public-network geometry match","source_tile":"173/395","public_network_source":"Caltrans All Roads (ARNOLD/HPMS)","surface_source":"OpenStreetMap explicit surface tag","caltrans_match_coverage":1.0,"verified_length_m":2014},"geometry":{"type":"LineString","coordinates":[[-119.10114,37.9169],[-119.10122,37.91705],[-119.10125,37.91715],[-119.10125,37.91735],[-119.10124,37.91767],[-119.10123,37.9179],[-119.10121,37.91824],[-119.10119,37.91874],[-119.10118,37.91887],[-119.10117,37.91933],[-119.10118,37.9197],[-119.10117,37.92093],[-119.10115,37.92187],[-119.10114,37.92207],[-119.10113,37.92253],[-119.10113,37.92269],[-119.10115,37.92289],[-119.10121,37.92341],[-119.10123,37.92369],[-119.10126,37.92404],[-119.10126,37.92431],[-119.10127,37.9245],[-119.10131,37.92484],[-119.10132,37.92504],[-119.10132,37.92526],[-119.10132,37.92553],[-119.10133,37.92567],[-119.10135,37.92585],[-119.1014,37.92634],[-119.10142,37.92657],[-119.10144,37.92689],[-119.1015,37.92727],[-119.10151,37.92745],[-119.1015,37.92767],[-119.10148,37.92789],[-119.10147,37.92808],[-119.10148,37.92826],[-119.10149,37.9284],[-119.10151,37.9287],[-119.10151,37.92895],[-119.10151,37.92935],[-119.10149,37.92986],[-119.10147,37.93047],[-119.10145,37.93108],[-119.10143,37.93206],[-119.10143,37.93237],[-119.10142,37.93269],[-119.1014,37.93304],[-119.10139,37.93337],[-119.10139,37.93374],[-119.10136,37.93509]]}},{"type":"Feature","properties":{"name":"1S23","road_class":"unclassified","surface":"unpaved","motor_vehicle":"yes","source":"Caltrans All Roads + OpenStreetMap explicit surface","source_detail":"osm way 394582979; Caltrans All Roads public-network geometry match","source_tile":"173/395","public_network_source":"Caltrans All Roads (ARNOLD/HPMS)","surface_source":"OpenStreetMap explicit surface tag","caltrans_match_coverage":1.0,"verified_length_m":4341},"geometry":{"type":"LineString","coordinates":[[-119.12099,37.88006],[-119.12138,37.88005],[-119.12181,37.87999],[-119.12213,37.87993],[-119.12238,37.87993],[-119.12263,37.87989],[-119.12336,37.8796],[-119.12369,37.87949],[-119.1241,37.87948],[-119.12468,37.87952],[-119.12522,37.87954],[-119.12575,37.87956],[-119.126,37.87953],[-119.12638,37.87943],[-119.12664,37.87932],[-119.1271,37.87908],[-119.12791,37.87878],[-119.12822,37.87864],[-119.12851,37.87856],[-119.12952,37.87849],[-119.12987,37.87845],[-119.13035,37.87833],[-119.13084,37.87826],[-119.13123,37.87824],[-119.13161,37.87814],[-119.13224,37.87808],[-119.13244,37.87805],[-119.13268,37.87801],[-119.13285,37.87789],[-119.1331,37.87776],[-119.13334,37.87771],[-119.13385,37.87748],[-119.13411,37.87739],[-119.13496,37.87719],[-119.13525,37.87715],[-119.13584,37.87712],[-119.13613,37.87708],[-119.13638,37.87704],[-119.13686,37.87692],[-119.13713,37.87685],[-119.13753,37.87667],[-119.13783,37.87656],[-119.1382,37.87648],[-119.13919,37.87619],[-119.13964,37.87601],[-119.14008,37.87587],[-119.14074,37.87551],[-119.14101,37.87539],[-119.14144,37.8753],[-119.14221,37.87519],[-119.1428,37.87506],[-119.14305,37.87499],[-119.14332,37.87498],[-119.14347,37.87503],[-119.14373,37.87504],[-119.14442,37.87495],[-119.14504,37.87486],[-119.14562,37.87474],[-119.14713,37.87415],[-119.14747,37.87404],[-119.14771,37.87411],[-119.14784,37.87411],[-119.14817,37.87382],[-119.14847,37.87366],[-119.14878,37.87352],[-119.1489,37.87332],[-119.14909,37.87303],[-119.14933,37.87288],[-119.14951,37.87281],[-119.1499,37.87271],[-119.15011,37.87255],[-119.15036,37.87254],[-119.15085,37.87255],[-119.15117,37.87252],[-119.15142,37.87247],[-119.15169,37.87233],[-119.15214,37.87223],[-119.1524,37.87215],[-119.15266,37.87213],[-119.15276,37.87219],[-119.15295,37.87277],[-119.15298,37.87292],[-119.15302,37.87297],[-119.15311,37.87296],[-119.15314,37.87292],[-119.15333,37.87277],[-119.15355,37.8726],[-119.15371,37.87252],[-119.15483,37.87206],[-119.15531,37.87183],[-119.15549,37.87177],[-119.15559,37.87163],[-119.15564,37.8716],[-119.1558,37.87156],[-119.15585,37.87158],[-119.15591,37.87167],[-119.15591,37.87176],[-119.15574,37.87216],[-119.15534,37.873],[-119.15504,37.87349],[-119.15472,37.87407],[-119.15436,37.87484],[-119.15435,37.87507],[-119.15441,37.87511],[-119.15462,37.87511],[-119.15488,37.87502],[-119.15555,37.87478],[-119.15594,37.8745],[-119.15635,37.87417],[-119.15731,37.87355],[-119.15836,37.8728],[-119.15905,37.87236]]}},{"type":"Feature","properties":{"name":"1N19","road_class":"unclassified","surface":"unpaved","source":"Caltrans All Roads + OpenStreetMap explicit surface","source_detail":"osm way 394588907; Caltrans All Roads public-network geometry match","source_tile":"173/395","public_network_source":"Caltrans All Roads (ARNOLD/HPMS)","surface_source":"OpenStreetMap explicit surface tag","caltrans_match_coverage":0.978,"verified_length_m":2454},"geometry":{"type":"LineString","coordinates":[[-119.14091,37.89073],[-119.14095,37.8908],[-119.14105,37.89109],[-119.14108,37.89115],[-119.14115,37.89123],[-119.14161,37.89157],[-119.14173,37.89167],[-119.1418,37.8917],[-119.14187,37.89171],[-119.14214,37.89167],[-119.1424,37.89162],[-119.14264,37.89156],[-119.14287,37.89147],[-119.1431,37.89137],[-119.14336,37.89123],[-119.14385,37.891],[-119.14407,37.89093],[-119.14423,37.89086],[-119.14438,37.89079],[-119.14486,37.89038],[-119.14499,37.89031],[-119.14512,37.89026],[-119.14529,37.89015],[-119.14551,37.88998],[-119.14563,37.88987],[-119.14571,37.88978],[-119.14576,37.88968],[-119.14587,37.88938],[-119.14599,37.88929],[-119.14616,37.8892],[-119.14632,37.88908],[-119.14644,37.88896],[-119.1465,37.88887],[-119.14655,37.8888],[-119.14661,37.88858],[-119.1467,37.8883],[-119.14677,37.88822],[-119.14689,37.88811],[-119.1471,37.88795],[-119.14788,37.88743],[-119.1482,37.88723],[-119.14872,37.88693],[-119.14939,37.88658],[-119.15126,37.8857],[-119.15178,37.88551],[-119.15205,37.88542],[-119.15232,37.88535],[-119.1525,37.8853],[-119.15268,37.88519],[-119.1528,37.88511],[-119.15323,37.88485],[-119.15356,37.88469],[-119.15371,37.88456],[-119.1539,37.8844],[-119.15417,37.88412],[-119.15426,37.88399],[-119.15439,37.88374],[-119.15447,37.88362],[-119.15515,37.88312],[-119.15553,37.88282],[-119.15567,37.88267],[-119.15577,37.88254],[-119.15583,37.88242],[-119.15599,37.88193],[-119.1566,37.88038],[-119.15684,37.88005],[-119.15702,37.87967],[-119.15726,37.87948],[-119.15793,37.87869],[-119.15812,37.87867],[-119.15832,37.87864],[-119.1586,37.87862],[-119.15903,37.87848],[-119.15932,37.87845],[-119.15963,37.87834],[-119.1601,37.8785]]}},{"type":"Feature","properties":{"name":"Parker Lake Trailhead Road","road_class":"unclassified","surface":"gravel","source":"Caltrans All Roads + OpenStreetMap explicit surface","source_detail":"osm way 394906858; Caltrans All Roads public-network geometry match","source_tile":"173/395","public_network_source":"Caltrans All Roads (ARNOLD/HPMS)","surface_source":"OpenStreetMap explicit surface tag","caltrans_match_coverage":1.0,"verified_length_m":937},"geometry":{"type":"LineString","coordinates":[[-119.12628,37.85743],[-119.12643,37.85745],[-119.12655,37.85742],[-119.12674,37.8573],[-119.12698,37.85706],[-119.12712,37.85691],[-119.12724,37.85675],[-119.12744,37.85642],[-119.12765,37.85613],[-119.1278,37.85587],[-119.12789,37.85569],[-119.12803,37.85549],[-119.1282,37.85533],[-119.1301,37.85493],[-119.13056,37.85486],[-119.13079,37.85473],[-119.13115,37.85453],[-119.13195,37.85437],[-119.13257,37.8542],[-119.13294,37.85408],[-119.13321,37.85395],[-119.13339,37.85375],[-119.13355,37.85364],[-119.13386,37.85347],[-119.1342,37.85334],[-119.13433,37.85323],[-119.13441,37.85315],[-119.13445,37.85305],[-119.13449,37.85301],[-119.1346,37.85299]]}},{"type":"Feature","properties":{"name":"(unnamed public road)","road_class":"unclassified","surface":"unpaved","source":"Caltrans All Roads + OpenStreetMap explicit surface","source_detail":"osm way 394935793; Caltrans All Roads public-network geometry match","source_tile":"173/395","public_network_source":"Caltrans All Roads (ARNOLD/HPMS)","surface_source":"OpenStreetMap explicit surface tag","caltrans_match_coverage":1.0,"verified_length_m":3193},"geometry":{"type":"LineString","coordinates":[[-119.08591,37.86396],[-119.08563,37.86404],[-119.08545,37.86415],[-119.08532,37.86428],[-119.08523,37.8644],[-119.08519,37.86451],[-119.08513,37.86486],[-119.08507,37.86504],[-119.08497,37.86522],[-119.08486,37.86534],[-119.08465,37.86546],[-119.08434,37.86555],[-119.08395,37.86565],[-119.08367,37.86578],[-119.08304,37.86621],[-119.08172,37.86713],[-119.08121,37.86743],[-119.08066,37.86759],[-119.08016,37.86769],[-119.07902,37.86783],[-119.07813,37.86803],[-119.07671,37.86791],[-119.0765,37.86785],[-119.07419,37.86695],[-119.07394,37.86682],[-119.07378,37.86663],[-119.07345,37.86601],[-119.07271,37.86523],[-119.07167,37.86453],[-119.06992,37.86334],[-119.06942,37.86315],[-119.0692,37.86292],[-119.06902,37.86256],[-119.06897,37.86194],[-119.06888,37.8617],[-119.0687,37.86118],[-119.06862,37.86037],[-119.06836,37.85944],[-119.06803,37.85895],[-119.06709,37.85775],[-119.06694,37.85765],[-119.06604,37.85748],[-119.06579,37.85736],[-119.06516,37.85703],[-119.06483,37.85702],[-119.06468,37.85701],[-119.06258,37.857],[-119.06176,37.85714],[-119.05983,37.85779],[-119.05951,37.85786]]}},{"type":"Feature","properties":{"name":"Grant Lake Road","road_class":"unclassified","surface":"unpaved","source":"Caltrans All Roads + OpenStreetMap explicit surface","source_detail":"osm way 394935797; Caltrans All Roads public-network geometry match","source_tile":"173/395","public_network_source":"Caltrans All Roads (ARNOLD/HPMS)","surface_source":"OpenStreetMap explicit surface tag","caltrans_match_coverage":0.943,"verified_length_m":1583},"geometry":{"type":"LineString","coordinates":[[-119.10106,37.86101],[-119.10098,37.86103],[-119.1009,37.86104],[-119.1008,37.86104],[-119.10071,37.86101],[-119.10001,37.86069],[-119.09982,37.86065],[-119.09964,37.86065],[-119.09952,37.86068],[-119.09938,37.86073],[-119.0989,37.8609],[-119.09879,37.86093],[-119.09869,37.86093],[-119.0986,37.86093],[-119.09851,37.86091],[-119.09842,37.86087],[-119.09834,37.86082],[-119.0982,37.86066],[-119.09814,37.86058],[-119.09792,37.86023],[-119.09778,37.85995],[-119.09774,37.85986],[-119.0977,37.85974],[-119.09756,37.85922],[-119.09751,37.85912],[-119.09741,37.859],[-119.09732,37.8589],[-119.09719,37.8588],[-119.09712,37.85875],[-119.09704,37.85873],[-119.09697,37.85873],[-119.0969,37.85874],[-119.09663,37.85886],[-119.09654,37.85889],[-119.09645,37.85889],[-119.09626,37.85886],[-119.09614,37.85886],[-119.09602,37.85886],[-119.0959,37.85888],[-119.09541,37.85898],[-119.09526,37.85902],[-119.09514,37.85907],[-119.09486,37.85923],[-119.09472,37.85933],[-119.09461,37.85942],[-119.09431,37.8598],[-119.09418,37.85995],[-119.09406,37.86006],[-119.09322,37.86069],[-119.09296,37.86093],[-119.09285,37.86102],[-119.09273,37.86111],[-119.09245,37.86128],[-119.09145,37.86193],[-119.09102,37.8622],[-119.0906,37.86241],[-119.08923,37.86309],[-119.08826,37.86355],[-119.08793,37.86369],[-119.08782,37.86372],[-119.08771,37.86374],[-119.08751,37.86377],[-119.08724,37.8638]]}},{"type":"Feature","properties":{"name":"Obsidian Dome Road","road_class":"unclassified","surface":"unpaved","source":"Caltrans All Roads + OpenStreetMap explicit surface","source_detail":"osm way 492648378; Caltrans All Roads public-network geometry match","source_tile":"173/395","public_network_source":"Caltrans All Roads (ARNOLD/HPMS)","surface_source":"OpenStreetMap explicit surface tag","caltrans_match_coverage":1.0,"verified_length_m":2647},"geometry":{"type":"LineString","coordinates":[[-119.0146,37.77454],[-119.01486,37.77427],[-119.01544,37.77354],[-119.01605,37.77271],[-119.0163,37.77241],[-119.01656,37.77208],[-119.01665,37.77199],[-119.01719,37.77155],[-119.01785,37.77105],[-119.01824,37.77075],[-119.01847,37.77054],[-119.01864,37.7704],[-119.01887,37.77024],[-119.01902,37.77005],[-119.01924,37.76986],[-119.01942,37.76974],[-119.01952,37.7697],[-119.01971,37.76965],[-119.02032,37.76952],[-119.02061,37.76948],[-119.02081,37.76943],[-119.02125,37.76927],[-119.02137,37.7692],[-119.02156,37.76905],[-119.0217,37.7689],[-119.02184,37.76877],[-119.02214,37.76853],[-119.02235,37.76841],[-119.02287,37.76821],[-119.02388,37.76771],[-119.02394,37.76768],[-119.02494,37.76726],[-119.02502,37.76722],[-119.02508,37.7672],[-119.02513,37.76715],[-119.02526,37.76697],[-119.02539,37.76681],[-119.02553,37.7667],[-119.02571,37.76659],[-119.02625,37.76636],[-119.02658,37.76619],[-119.02673,37.76608],[-119.027,37.7659],[-119.02723,37.76573],[-119.02765,37.76558],[-119.02793,37.76554],[-119.02815,37.76557],[-119.02823,37.76566],[-119.02823,37.76571],[-119.02823,37.76578],[-119.02811,37.76595],[-119.02804,37.76606],[-119.02797,37.76615],[-119.02791,37.76625],[-119.02785,37.76641],[-119.02783,37.7665],[-119.02785,37.76659],[-119.0279,37.76667],[-119.028,37.76674],[-119.02812,37.76677],[-119.02828,37.76679],[-119.02858,37.7668],[-119.02875,37.76681],[-119.02892,37.76685],[-119.02951,37.76705],[-119.03004,37.76721],[-119.03036,37.76732],[-119.03066,37.7674],[-119.0309,37.76751],[-119.03117,37.76753],[-119.03139,37.76755],[-119.0316,37.76751],[-119.03234,37.76745],[-119.03323,37.76739],[-119.0338,37.76755],[-119.03407,37.76774],[-119.03443,37.76796],[-119.03476,37.76811],[-119.03525,37.76828],[-119.03555,37.76842],[-119.03592,37.76867],[-119.03624,37.76888],[-119.03657,37.76905],[-119.03702,37.76927],[-119.03718,37.76944]]}},{"type":"Feature","properties":{"name":"(unnamed public road)","road_class":"track","surface":"unpaved","source":"Caltrans All Roads + OpenStreetMap explicit surface","source_detail":"osm way 502230900; Caltrans All Roads public-network geometry match","source_tile":"173/395","public_network_source":"Caltrans All Roads (ARNOLD/HPMS)","surface_source":"OpenStreetMap explicit surface tag","caltrans_match_coverage":1.0,"verified_length_m":1119},"geometry":{"type":"LineString","coordinates":[[-118.89717,37.8725],[-118.89729,37.87267],[-118.89755,37.87293],[-118.89786,37.87317],[-118.89854,37.87356],[-118.89893,37.87378],[-118.89987,37.87442],[-118.90043,37.87466],[-118.9007,37.87474],[-118.90093,37.87477],[-118.90128,37.87474],[-118.90178,37.87443],[-118.90215,37.87413],[-118.90242,37.87367],[-118.9028,37.87308],[-118.90296,37.87291],[-118.90301,37.87281],[-118.90309,37.87268],[-118.90316,37.87254],[-118.90325,37.87242],[-118.9034,37.87234],[-118.90354,37.8723],[-118.9037,37.87231],[-118.90385,37.87236],[-118.90408,37.87252],[-118.90462,37.87283],[-118.90498,37.87297],[-118.90538,37.87314],[-118.90624,37.87355],[-118.90671,37.8737]]}},{"type":"Feature","properties":{"name":"1535","road_class":"unclassified","surface":"unpaved","source":"Caltrans All Roads + OpenStreetMap explicit surface","source_detail":"osm way 526354362; Caltrans All Roads public-network geometry match","source_tile":"173/395","public_network_source":"Caltrans All Roads (ARNOLD/HPMS)","surface_source":"OpenStreetMap explicit surface tag","caltrans_match_coverage":1.0,"verified_length_m":2071},"geometry":{"type":"LineString","coordinates":[[-119.05457,37.81355],[-119.05445,37.81365],[-119.05412,37.81393],[-119.0538,37.81417],[-119.05374,37.81421],[-119.05306,37.8148],[-119.05226,37.81543],[-119.05145,37.81608],[-119.05137,37.81613],[-119.05126,37.8162],[-119.05035,37.81697],[-119.04997,37.81736],[-119.04914,37.81831],[-119.04859,37.81898],[-119.04835,37.81931],[-119.0477,37.82009],[-119.04711,37.82075],[-119.04678,37.82103],[-119.04649,37.82121],[-119.04599,37.82141],[-119.04541,37.8216],[-119.04449,37.82195],[-119.04372,37.82236],[-119.04256,37.82303],[-119.042,37.82337],[-119.04173,37.82356],[-119.04141,37.82392],[-119.04106,37.82426],[-119.04048,37.82473],[-119.0403,37.82485],[-119.04006,37.82495],[-119.03984,37.82505],[-119.03966,37.8252],[-119.03942,37.82544],[-119.03923,37.82557],[-119.03905,37.82566],[-119.03876,37.82577],[-119.03833,37.82594],[-119.03799,37.82613],[-119.03781,37.82629]]}},{"type":"Feature","properties":{"name":"1540","road_class":"track","surface":"unpaved","source":"Caltrans All Roads + OpenStreetMap explicit surface","source_detail":"osm way 565175271; Caltrans All Roads public-network geometry match","source_tile":"173/395","public_network_source":"Caltrans All Roads (ARNOLD/HPMS)","surface_source":"OpenStreetMap explicit surface tag","caltrans_match_coverage":1.0,"verified_length_m":1504},"geometry":{"type":"LineString","coordinates":[[-119.03596,37.81467],[-119.03592,37.81471],[-119.03494,37.8156],[-119.03444,37.8158],[-119.03391,37.81595],[-119.03333,37.81612],[-119.033,37.81633],[-119.03218,37.81726],[-119.03143,37.81804],[-119.03091,37.81859],[-119.02962,37.82018],[-119.02903,37.82073],[-119.02862,37.82119],[-119.02834,37.82158],[-119.02809,37.82197],[-119.02796,37.82246],[-119.02788,37.82312],[-119.02784,37.82349],[-119.02787,37.8238],[-119.02792,37.82399],[-119.02842,37.82447],[-119.02908,37.82503],[-119.02914,37.8251],[-119.02932,37.82532]]}},{"type":"Feature","properties":{"name":"1539","road_class":"track","surface":"unpaved","source":"Caltrans All Roads + OpenStreetMap explicit surface","source_detail":"osm way 565175272; Caltrans All Roads public-network geometry match","source_tile":"173/395","public_network_source":"Caltrans All Roads (ARNOLD/HPMS)","surface_source":"OpenStreetMap explicit surface tag","caltrans_match_coverage":1.0,"verified_length_m":2706},"geometry":{"type":"LineString","coordinates":[[-119.03263,37.82881],[-119.0327,37.82829],[-119.03293,37.82777],[-119.03307,37.8275],[-119.0334,37.8272],[-119.03362,37.82684],[-119.0338,37.82666],[-119.03401,37.82627],[-119.03417,37.82596],[-119.03445,37.82545],[-119.03473,37.82501],[-119.03482,37.82482],[-119.03483,37.82455],[-119.03491,37.82423],[-119.03511,37.82383],[-119.03524,37.82359],[-119.03542,37.82342],[-119.03563,37.82309],[-119.03601,37.82238],[-119.03628,37.82193],[-119.03656,37.82125],[-119.03673,37.82077],[-119.03676,37.82027],[-119.03692,37.81994],[-119.03715,37.81948],[-119.03721,37.81919],[-119.03733,37.81897],[-119.03753,37.81869],[-119.03761,37.81837],[-119.03777,37.81803],[-119.03796,37.8178],[-119.03812,37.8176],[-119.03873,37.81658],[-119.03928,37.81567],[-119.03941,37.81546],[-119.03942,37.81528],[-119.0395,37.81503],[-119.03964,37.81482],[-119.04007,37.81429],[-119.04039,37.81383],[-119.04089,37.81324],[-119.04107,37.81288],[-119.04116,37.81273],[-119.04145,37.81244],[-119.04158,37.81228],[-119.0417,37.81207],[-119.04179,37.81191],[-119.0419,37.81177],[-119.04219,37.81155],[-119.0429,37.81104],[-119.0432,37.81074],[-119.04329,37.8106],[-119.0434,37.81045],[-119.0435,37.81013],[-119.04424,37.80912],[-119.04457,37.80885],[-119.04464,37.8088],[-119.0454,37.80817],[-119.04555,37.80807],[-119.04568,37.80802],[-119.04578,37.80801],[-119.04592,37.80804],[-119.04618,37.80807],[-119.0463,37.80807],[-119.04638,37.80804],[-119.04646,37.80796],[-119.04657,37.80786]]}},{"type":"Feature","properties":{"name":"(unnamed public road)","road_class":"track","surface":"unpaved","source":"Caltrans All Roads + OpenStreetMap explicit surface","source_detail":"osm way 565176236; Caltrans All Roads public-network geometry match","source_tile":"173/395","public_network_source":"Caltrans All Roads (ARNOLD/HPMS)","surface_source":"OpenStreetMap explicit surface tag","caltrans_match_coverage":1.0,"verified_length_m":2347},"geometry":{"type":"LineString","coordinates":[[-119.05137,37.81613],[-119.05101,37.81611],[-119.05086,37.81607],[-119.0507,37.816],[-119.05055,37.81585],[-119.05046,37.81562],[-119.05041,37.81547],[-119.05027,37.81524],[-119.04989,37.81479],[-119.04961,37.81456],[-119.04946,37.81445],[-119.04936,37.81435],[-119.04894,37.81356],[-119.04873,37.81293],[-119.04868,37.81274],[-119.04863,37.81269],[-119.04858,37.81265],[-119.04853,37.81264],[-119.04848,37.81263],[-119.04845,37.81264],[-119.04838,37.81266],[-119.04828,37.81271],[-119.048,37.81289],[-119.04761,37.81306],[-119.04721,37.81316],[-119.04709,37.81322],[-119.04695,37.81336],[-119.04658,37.81389],[-119.04627,37.81445],[-119.04615,37.81467],[-119.04577,37.81519],[-119.04549,37.81548],[-119.0449,37.81619],[-119.04452,37.81656],[-119.04434,37.81669],[-119.04421,37.81673],[-119.04413,37.81677],[-119.04399,37.81688],[-119.04383,37.81711],[-119.04361,37.81743],[-119.0434,37.8178],[-119.04317,37.81824],[-119.04281,37.81863],[-119.04237,37.819],[-119.04205,37.81919],[-119.0418,37.81939],[-119.0416,37.81964],[-119.04122,37.8202],[-119.0411,37.82037],[-119.04087,37.82071],[-119.04084,37.82103],[-119.04076,37.8216],[-119.04067,37.82187],[-119.04036,37.82213],[-119.04023,37.82229],[-119.0401,37.82251],[-119.03999,37.82265],[-119.0397,37.82283],[-119.03913,37.82307],[-119.0388,37.82325],[-119.03866,37.82339],[-119.03865,37.82345],[-119.03862,37.82365],[-119.03846,37.82425],[-119.03838,37.82441],[-119.03828,37.8247],[-119.0382,37.8252],[-119.03808,37.82546],[-119.03789,37.82601],[-119.03781,37.82629]]}},{"type":"Feature","properties":{"name":"Oil Plant Road","road_class":"unclassified","surface":"unpaved","source":"Caltrans All Roads + OpenStreetMap explicit surface","source_detail":"osm way 565936676; Caltrans All Roads public-network geometry match","source_tile":"173/395","public_network_source":"Caltrans All Roads (ARNOLD/HPMS)","surface_source":"OpenStreetMap explicit surface tag","caltrans_match_coverage":1.0,"verified_length_m":1869},"geometry":{"type":"LineString","coordinates":[[-119.09647,37.91771],[-119.09633,37.91775],[-119.09626,37.91778],[-119.09622,37.91783],[-119.09622,37.918],[-119.09625,37.91814],[-119.09623,37.91823],[-119.09621,37.91828],[-119.09609,37.91837],[-119.09571,37.9186],[-119.09526,37.9189],[-119.09373,37.9196],[-119.09283,37.92009],[-119.09251,37.92033],[-119.09236,37.92041],[-119.09203,37.92047],[-119.09111,37.92102],[-119.09016,37.92154],[-119.0891,37.92207],[-119.088,37.92255],[-119.087,37.92301],[-119.08657,37.9232],[-119.08626,37.92345],[-119.0855,37.92374],[-119.08524,37.92383],[-119.08508,37.92386],[-119.0849,37.92385],[-119.08455,37.92381],[-119.08444,37.92379],[-119.08432,37.92374],[-119.08421,37.92361],[-119.08401,37.92335],[-119.08373,37.92311],[-119.08361,37.923],[-119.0834,37.92275],[-119.08321,37.92258],[-119.08288,37.92236],[-119.08272,37.92224],[-119.08269,37.92217],[-119.08268,37.92205],[-119.0827,37.92059],[-119.08267,37.9205],[-119.08262,37.92043],[-119.0825,37.92032],[-119.08223,37.92011],[-119.08207,37.92],[-119.08198,37.91996],[-119.08189,37.91994],[-119.08174,37.91994],[-119.08127,37.91997]]}},{"type":"Feature","properties":{"name":"FR 1N106","road_class":"track","surface":"ground","tracktype":"grade4","motor_vehicle":"designated","source":"Caltrans All Roads + OpenStreetMap explicit surface","source_detail":"osm way 565936681; Caltrans All Roads public-network geometry match","source_tile":"173/395","public_network_source":"Caltrans All Roads (ARNOLD/HPMS)","surface_source":"OpenStreetMap explicit surface tag","caltrans_match_coverage":1.0,"verified_length_m":2361},"geometry":{"type":"LineString","coordinates":[[-119.13346,37.90583],[-119.13358,37.90586],[-119.13389,37.9059],[-119.13407,37.90593],[-119.13425,37.90594],[-119.13438,37.90595],[-119.13473,37.90595],[-119.13497,37.90596],[-119.13514,37.90597],[-119.1354,37.90599],[-119.13557,37.90601],[-119.13575,37.90601],[-119.136,37.90601],[-119.1362,37.90601],[-119.13636,37.90602],[-119.13649,37.90603],[-119.1366,37.90603],[-119.13672,37.90601],[-119.13693,37.90597],[-119.13709,37.90593],[-119.13727,37.90591],[-119.1374,37.9059],[-119.1375,37.9059],[-119.13762,37.90592],[-119.1377,37.90594],[-119.13781,37.90598],[-119.13832,37.90615],[-119.1384,37.90618],[-119.13848,37.90619],[-119.13858,37.90619],[-119.1387,37.90618],[-119.13877,37.90619],[-119.13883,37.90621],[-119.13887,37.90625],[-119.13892,37.9063],[-119.13904,37.90649],[-119.13906,37.90652],[-119.13911,37.90657],[-119.1392,37.90659],[-119.13934,37.90662],[-119.13941,37.90664],[-119.13946,37.90667],[-119.13951,37.9067],[-119.13956,37.90676],[-119.1396,37.90681],[-119.13964,37.90685],[-119.13971,37.90689],[-119.13982,37.90694],[-119.1399,37.90698],[-119.14002,37.90707],[-119.14063,37.90757],[-119.14075,37.90766],[-119.14081,37.90771],[-119.14087,37.90778],[-119.14097,37.90788],[-119.14101,37.90792],[-119.14105,37.90795],[-119.14109,37.90798],[-119.14111,37.90802],[-119.14111,37.90805],[-119.1411,37.90808],[-119.14106,37.9081],[-119.14096,37.90814],[-119.14089,37.90818],[-119.14079,37.90823],[-119.14072,37.90824],[-119.14065,37.90823],[-119.14054,37.9082],[-119.14042,37.90819],[-119.14029,37.90817],[-119.14012,37.90817],[-119.13992,37.90818],[-119.13957,37.9082],[-119.1394,37.90821],[-119.1393,37.90823],[-119.13922,37.90828],[-119.13914,37.90833],[-119.13909,37.9084],[-119.13905,37.90851],[-119.13902,37.90864],[-119.13901,37.90893],[-119.13902,37.9093],[-119.13903,37.90949],[-119.13901,37.90975],[-119.13901,37.90996],[-119.13903,37.9101],[-119.13908,37.91023],[-119.13923,37.91062],[-119.1393,37.91075],[-119.13938,37.91094],[-119.13952,37.91131],[-119.1396,37.91147],[-119.13964,37.91158],[-119.13963,37.91163],[-119.13961,37.91169],[-119.13957,37.91176],[-119.13947,37.9119],[-119.13936,37.91202],[-119.13933,37.91208],[-119.13933,37.91215],[-119.13934,37.9122],[-119.13938,37.91225],[-119.13945,37.9123],[-119.13959,37.91237],[-119.13968,37.91241],[-119.13978,37.91246],[-119.13984,37.91253],[-119.13986,37.9126],[-119.13987,37.91265],[-119.13986,37.91271],[-119.13982,37.91277],[-119.13978,37.91285],[-119.13974,37.91294],[-119.13973,37.91306],[-119.13975,37.91323],[-119.13979,37.91334],[-119.13985,37.91345],[-119.13992,37.91356],[-119.13998,37.91366],[-119.14001,37.91374],[-119.14002,37.91381],[-119.14001,37.91388],[-119.13997,37.91401],[-119.13994,37.91414],[-119.1399,37.91427],[-119.13984,37.91442],[-119.1398,37.91454],[-119.13977,37.91472],[-119.13974,37.91486],[-119.13971,37.91497],[-119.13969,37.91507],[-119.13969,37.91515],[-119.13971,37.91524],[-119.13975,37.91534],[-119.13986,37.91558],[-119.13991,37.91568],[-119.13993,37.91574],[-119.13993,37.91583],[-119.1399,37.9161],[-119.13992,37.9162],[-119.13997,37.91629],[-119.14003,37.91636],[-119.14013,37.91643],[-119.14026,37.91649],[-119.14041,37.91653],[-119.14049,37.91657],[-119.14057,37.91662],[-119.14069,37.91673],[-119.14081,37.91683],[-119.14091,37.91691],[-119.14098,37.91699],[-119.14103,37.91708],[-119.14106,37.91719],[-119.14108,37.91733],[-119.14109,37.91746],[-119.14109,37.91758],[-119.14109,37.91772],[-119.14108,37.91787],[-119.14109,37.91805],[-119.14107,37.91819],[-119.14104,37.91838],[-119.141,37.91852],[-119.14096,37.91865],[-119.14091,37.91875],[-119.14083,37.91888],[-119.14079,37.91895],[-119.14075,37.91905],[-119.14068,37.91915],[-119.14056,37.91928],[-119.14041,37.91943],[-119.14035,37.91952],[-119.14033,37.91958],[-119.14036,37.91967],[-119.14037,37.91977],[-119.14036,37.91996]]}},{"type":"Feature","properties":{"name":"Aquaduct Road","road_class":"unclassified","surface":"unpaved","access":"permissive","source":"Caltrans All Roads + OpenStreetMap explicit surface","source_detail":"osm way 565936682; Caltrans All Roads public-network geometry match","source_tile":"173/395","public_network_source":"Caltrans All Roads (ARNOLD/HPMS)","surface_source":"OpenStreetMap explicit surface tag","caltrans_match_coverage":1.0,"verified_length_m":2159},"geometry":{"type":"LineString","coordinates":[[-119.12349,37.89031],[-119.12261,37.8907],[-119.12247,37.89076],[-119.12238,37.89082],[-119.12227,37.89092],[-119.12219,37.891],[-119.12212,37.89108],[-119.12188,37.89143],[-119.12182,37.89156],[-119.12177,37.89169],[-119.12176,37.8918],[-119.12176,37.89189],[-119.1218,37.89264],[-119.12182,37.8928],[-119.12185,37.89293],[-119.1219,37.89304],[-119.12195,37.89313],[-119.12203,37.89322],[-119.12213,37.8933],[-119.1225,37.89359],[-119.12259,37.89368],[-119.12265,37.89375],[-119.12268,37.89382],[-119.12271,37.8939],[-119.12274,37.89402],[-119.1228,37.89434],[-119.1228,37.8944],[-119.1228,37.89446],[-119.12277,37.89452],[-119.12274,37.89458],[-119.12268,37.89471],[-119.12267,37.89477],[-119.12266,37.89486],[-119.12267,37.89511],[-119.12267,37.89521],[-119.12265,37.89529],[-119.12262,37.89537],[-119.12258,37.89543],[-119.12252,37.8955],[-119.12239,37.89564],[-119.1223,37.89575],[-119.12211,37.896],[-119.12187,37.89627],[-119.12168,37.89647],[-119.12158,37.89657],[-119.12149,37.89663],[-119.12135,37.89669],[-119.12117,37.89673],[-119.12022,37.89688],[-119.11998,37.89692],[-119.1197,37.89698],[-119.1195,37.89703],[-119.11919,37.89712],[-119.11903,37.89716],[-119.11887,37.8972],[-119.11879,37.89722],[-119.1187,37.89727],[-119.11865,37.89732],[-119.11861,37.89739],[-119.11859,37.89748],[-119.1186,37.89757],[-119.11862,37.89766],[-119.11866,37.89776],[-119.11872,37.8979],[-119.1188,37.89802],[-119.11888,37.89813],[-119.11897,37.89824],[-119.11914,37.89843],[-119.11932,37.8986],[-119.11996,37.8992],[-119.12003,37.89926],[-119.12007,37.89933],[-119.12009,37.89941],[-119.12008,37.89947],[-119.12004,37.89955],[-119.11998,37.89965],[-119.11922,37.90086],[-119.11624,37.90537],[-119.116,37.90576]]}},{"type":"Feature","properties":{"name":"Parker Lake Road","road_class":"unclassified","surface":"gravel","source":"Caltrans All Roads + OpenStreetMap explicit surface","source_detail":"osm way 565936683; Caltrans All Roads public-network geometry match","source_tile":"173/395","public_network_source":"Caltrans All Roads (ARNOLD/HPMS)","surface_source":"OpenStreetMap explicit surface tag","caltrans_match_coverage":1.0,"verified_length_m":1576},"geometry":{"type":"LineString","coordinates":[[-119.10854,37.87863],[-119.10862,37.8786],[-119.10868,37.87857],[-119.10872,37.87853],[-119.11103,37.87481],[-119.11168,37.87375],[-119.11192,37.87341],[-119.11268,37.87219],[-119.11287,37.87192],[-119.11291,37.87185],[-119.11358,37.87085],[-119.11369,37.87064],[-119.11384,37.87023],[-119.114,37.86995],[-119.11461,37.869],[-119.11488,37.86864],[-119.11547,37.8679],[-119.11563,37.86766],[-119.11575,37.86743],[-119.11645,37.86633],[-119.11665,37.86596]]}},{"type":"Feature","properties":{"name":"120-1S35 Connect Road","road_class":"track","surface":"dirt","source":"Caltrans All Roads + OpenStreetMap explicit surface","source_detail":"osm way 809223187; Caltrans All Roads public-network geometry match","source_tile":"173/395","public_network_source":"Caltrans All Roads (ARNOLD/HPMS)","surface_source":"OpenStreetMap explicit surface tag","caltrans_match_coverage":1.0,"verified_length_m":5869},"geometry":{"type":"LineString","coordinates":[[-119.04657,37.91399],[-119.04635,37.91361],[-119.04605,37.91321],[-119.0457,37.91279],[-119.04529,37.91243],[-119.04522,37.91234],[-119.04515,37.91224],[-119.04498,37.91171],[-119.04485,37.91111],[-119.04479,37.91056],[-119.04478,37.9101],[-119.04469,37.90945],[-119.04452,37.90892],[-119.04443,37.90852],[-119.04439,37.90835],[-119.04431,37.90771],[-119.04419,37.90721],[-119.04414,37.9068],[-119.0441,37.90635],[-119.044,37.90592],[-119.04388,37.90538],[-119.04379,37.90477],[-119.04366,37.90414],[-119.0435,37.90363],[-119.04334,37.90314],[-119.04325,37.90256],[-119.04308,37.90151],[-119.04293,37.90066],[-119.04287,37.9],[-119.04271,37.89915],[-119.04261,37.89865],[-119.04252,37.89808],[-119.04261,37.89748],[-119.04264,37.89707],[-119.04257,37.89686],[-119.04262,37.89674],[-119.04259,37.89663],[-119.04259,37.8964],[-119.04252,37.89619],[-119.04233,37.89578],[-119.04229,37.89554],[-119.04234,37.89474],[-119.04236,37.89381],[-119.0424,37.8931],[-119.04236,37.89257],[-119.04227,37.89184],[-119.04226,37.89108],[-119.04228,37.89013],[-119.04233,37.88957],[-119.04248,37.889],[-119.04253,37.88886],[-119.04263,37.88855],[-119.0429,37.88787],[-119.04296,37.88768],[-119.04292,37.88755],[-119.0429,37.88732],[-119.04292,37.88682],[-119.04296,37.88633],[-119.043,37.88599],[-119.04293,37.8858],[-119.04275,37.88562],[-119.04262,37.8854],[-119.0425,37.88494],[-119.04248,37.88477],[-119.0424,37.8841],[-119.04238,37.88401],[-119.04223,37.88311],[-119.04219,37.88229],[-119.04213,37.88153],[-119.04205,37.88086],[-119.04199,37.87974],[-119.04184,37.8785],[-119.04166,37.8763],[-119.04158,37.87524],[-119.04157,37.87458],[-119.04142,37.87401],[-119.04136,37.87382],[-119.04132,37.87366],[-119.0413,37.8736],[-119.04125,37.87333],[-119.0412,37.87308],[-119.04118,37.87284],[-119.04118,37.87251],[-119.04115,37.87204],[-119.04109,37.87162],[-119.04104,37.87133],[-119.04099,37.87098],[-119.04094,37.87072],[-119.04089,37.87048],[-119.04086,37.87023],[-119.04086,37.86988],[-119.04082,37.86941],[-119.04083,37.86895],[-119.04079,37.86843],[-119.04079,37.86826],[-119.04078,37.86813],[-119.04078,37.86793],[-119.04084,37.86755],[-119.04085,37.86721],[-119.04086,37.8667],[-119.04091,37.86629],[-119.04092,37.86588],[-119.04092,37.86538],[-119.04091,37.86486],[-119.04092,37.8645],[-119.04091,37.86423],[-119.04087,37.86393],[-119.04086,37.86352],[-119.04085,37.86307],[-119.04084,37.86271],[-119.04087,37.86237],[-119.04093,37.86174]]}},{"type":"Feature","properties":{"name":"FR 1N23","road_class":"track","surface":"dirt","source":"Caltrans All Roads + OpenStreetMap explicit surface","source_detail":"osm way 809223194; Caltrans All Roads public-network geometry match","source_tile":"173/395","public_network_source":"Caltrans All Roads (ARNOLD/HPMS)","surface_source":"OpenStreetMap explicit surface tag","caltrans_match_coverage":1.0,"verified_length_m":4307},"geometry":{"type":"LineString","coordinates":[[-119.0109,37.91934],[-119.0105,37.91938],[-119.00994,37.91932],[-119.00953,37.91926],[-119.00894,37.91928],[-119.00831,37.91947],[-119.00797,37.91944],[-119.00747,37.91918],[-119.00734,37.91912],[-119.00697,37.91907],[-119.00679,37.91907],[-119.00648,37.91914],[-119.00606,37.91927],[-119.00555,37.91947],[-119.00536,37.91951],[-119.00517,37.91949],[-119.00494,37.91943],[-119.00466,37.91932],[-119.00391,37.91926],[-119.00277,37.91927],[-119.00217,37.91931],[-119.00167,37.91923],[-119.00144,37.91923],[-119.00083,37.9193],[-119.00021,37.91943],[-118.99911,37.91956],[-118.99856,37.91949],[-118.99761,37.92002],[-118.99753,37.92008],[-118.99677,37.9206],[-118.99662,37.92069],[-118.99626,37.92076],[-118.99595,37.92079],[-118.99578,37.92079],[-118.99533,37.92075],[-118.99507,37.92065],[-118.99489,37.9205],[-118.99467,37.92046],[-118.99453,37.92049],[-118.99415,37.92063],[-118.99396,37.92067],[-118.99309,37.92075],[-118.99271,37.92075],[-118.99257,37.92078],[-118.99243,37.92086],[-118.99209,37.92115],[-118.99176,37.92136],[-118.99157,37.92152],[-118.9915,37.92161],[-118.99146,37.92185],[-118.99138,37.92203],[-118.99129,37.92214],[-118.99106,37.92234],[-118.99095,37.92238],[-118.99051,37.92242],[-118.99004,37.92244],[-118.98987,37.92242],[-118.98952,37.92236],[-118.98934,37.92235],[-118.98914,37.92238],[-118.98899,37.92242],[-118.98882,37.9225],[-118.98867,37.92253],[-118.98842,37.92252],[-118.98792,37.92244],[-118.98778,37.92246],[-118.9877,37.92249],[-118.98753,37.92261],[-118.9869,37.9233],[-118.98676,37.92344],[-118.98664,37.92353],[-118.9865,37.9236],[-118.98581,37.92388],[-118.98561,37.92393],[-118.98523,37.92399],[-118.98499,37.92404],[-118.98482,37.9241],[-118.98388,37.92455],[-118.9837,37.92467],[-118.98346,37.92492],[-118.98337,37.92499],[-118.98292,37.92519],[-118.98249,37.92546],[-118.98231,37.92556],[-118.98185,37.92577],[-118.98125,37.92598],[-118.98099,37.92611],[-118.98063,37.92633],[-118.98028,37.92645],[-118.97943,37.92669],[-118.9791,37.92687],[-118.97828,37.92752],[-118.97799,37.92791],[-118.97692,37.92908],[-118.97686,37.92929],[-118.97675,37.92948],[-118.97642,37.92995],[-118.97589,37.93075],[-118.97546,37.93151],[-118.97507,37.93208],[-118.97499,37.93229],[-118.97497,37.93262],[-118.97491,37.93278],[-118.97484,37.93288],[-118.97479,37.93292],[-118.97473,37.93294],[-118.97459,37.93296],[-118.9745,37.933],[-118.97447,37.93303],[-118.97438,37.93324],[-118.97436,37.93363],[-118.97431,37.93382],[-118.97423,37.93396],[-118.97402,37.93417],[-118.97384,37.93441],[-118.97364,37.93462],[-118.97355,37.93469],[-118.97334,37.93477],[-118.97327,37.93483],[-118.97319,37.93493],[-118.97315,37.93502],[-118.97304,37.93518],[-118.97254,37.93561]]}},{"type":"Feature","properties":{"name":"Panum Cutoff Road","road_class":"track","surface":"dirt","source":"Caltrans All Roads + OpenStreetMap explicit surface","source_detail":"osm way 809223199; Caltrans All Roads public-network geometry match","source_tile":"173/395","public_network_source":"Caltrans All Roads (ARNOLD/HPMS)","surface_source":"OpenStreetMap explicit surface tag","caltrans_match_coverage":1.0,"verified_length_m":968},"geometry":{"type":"LineString","coordinates":[[-119.05052,37.92179],[-119.05003,37.92194],[-119.0492,37.9221],[-119.04784,37.9223],[-119.04718,37.92241],[-119.04696,37.92241],[-119.0468,37.92242],[-119.04663,37.92243],[-119.04634,37.92244],[-119.04628,37.92244],[-119.04598,37.92239],[-119.0454,37.92226],[-119.04492,37.92216],[-119.04455,37.922],[-119.04406,37.92178],[-119.04377,37.92171],[-119.04354,37.92167],[-119.04303,37.92161],[-119.04268,37.92153],[-119.04231,37.92141],[-119.0418,37.92129],[-119.0414,37.92129],[-119.04085,37.92131],[-119.04074,37.9213],[-119.0406,37.92127],[-119.04045,37.92124],[-119.04037,37.92123],[-119.04024,37.92125],[-119.04006,37.92127],[-119.04,37.92126],[-119.03987,37.92126]]}},{"type":"Feature","properties":{"name":"Panum Crater Pit Road","road_class":"track","surface":"dirt","source":"Caltrans All Roads + OpenStreetMap explicit surface","source_detail":"osm way 809232149; Caltrans All Roads public-network geometry match","source_tile":"173/395","public_network_source":"Caltrans All Roads (ARNOLD/HPMS)","surface_source":"OpenStreetMap explicit surface tag","caltrans_match_coverage":0.979,"verified_length_m":2708},"geometry":{"type":"LineString","coordinates":[[-119.0468,37.92242],[-119.04644,37.92265],[-119.04606,37.92284],[-119.04573,37.92305],[-119.04539,37.92343],[-119.04516,37.92376],[-119.04494,37.92408],[-119.04471,37.92435],[-119.04448,37.92452],[-119.04418,37.92465],[-119.04381,37.92465],[-119.04332,37.92461],[-119.04304,37.92457],[-119.04268,37.92436],[-119.0423,37.92421],[-119.04181,37.92409],[-119.04174,37.92408],[-119.04164,37.92408],[-119.04113,37.92398],[-119.04088,37.92382],[-119.04078,37.92379],[-119.04054,37.92387],[-119.04012,37.92381],[-119.03991,37.92372],[-119.03967,37.92368],[-119.03938,37.92378],[-119.03933,37.92398],[-119.03927,37.92417],[-119.03914,37.92423],[-119.03898,37.9244],[-119.03855,37.9248],[-119.03827,37.92518],[-119.0381,37.92562],[-119.03796,37.92587],[-119.03785,37.92629],[-119.03773,37.92652],[-119.03766,37.9266],[-119.03765,37.92679],[-119.03713,37.92841],[-119.03688,37.92895],[-119.03672,37.92936],[-119.03649,37.92985],[-119.03628,37.93014],[-119.03593,37.93049],[-119.03552,37.93065],[-119.03487,37.93084],[-119.03441,37.93093],[-119.03421,37.93099],[-119.034,37.93111],[-119.03368,37.93122],[-119.03328,37.93144],[-119.0325,37.93192],[-119.03207,37.93215],[-119.03191,37.93227],[-119.03167,37.93257],[-119.03148,37.93278],[-119.03142,37.93292],[-119.03133,37.93347],[-119.03127,37.9336],[-119.03114,37.93378],[-119.03098,37.93391],[-119.03068,37.93415],[-119.03032,37.93451],[-119.02993,37.93494],[-119.02946,37.93535],[-119.0291,37.93554],[-119.02858,37.9358],[-119.02804,37.93603],[-119.02769,37.9362],[-119.02751,37.93637],[-119.02736,37.93657],[-119.02723,37.93669],[-119.02703,37.93687]]}},{"type":"Feature","properties":{"name":"(unnamed public road)","road_class":"track","surface":"unpaved","source":"Caltrans All Roads + OpenStreetMap explicit surface","source_detail":"osm way 810540267; Caltrans All Roads public-network geometry match","source_tile":"173/395","public_network_source":"Caltrans All Roads (ARNOLD/HPMS)","surface_source":"OpenStreetMap explicit surface tag","caltrans_match_coverage":1.0,"verified_length_m":1527},"geometry":{"type":"LineString","coordinates":[[-119.05942,37.83215],[-119.05926,37.83209],[-119.05887,37.83224],[-119.05835,37.83251],[-119.05817,37.83255],[-119.05774,37.83249],[-119.05725,37.83237],[-119.05648,37.83234],[-119.056,37.83248],[-119.05569,37.83261],[-119.05526,37.83289],[-119.0552,37.83297],[-119.05519,37.83309],[-119.05501,37.83326],[-119.05482,37.83332],[-119.05461,37.83334],[-119.05447,37.83336],[-119.05423,37.83332],[-119.05395,37.83332],[-119.0537,37.83336],[-119.05334,37.83335],[-119.05302,37.83336],[-119.05279,37.83347],[-119.05215,37.83401],[-119.05181,37.83431],[-119.05126,37.83472],[-119.0508,37.83502],[-119.05028,37.83529],[-119.04977,37.83555],[-119.04951,37.83575],[-119.04906,37.83597],[-119.04865,37.83618],[-119.04826,37.83643],[-119.04796,37.83676],[-119.04772,37.83713],[-119.04758,37.83765],[-119.04745,37.83803],[-119.0473,37.83832],[-119.0471,37.83847],[-119.04685,37.83854],[-119.04643,37.83866],[-119.04596,37.83881]]}},{"type":"Feature","properties":{"name":"(unnamed public road)","road_class":"track","surface":"fine_gravel","source":"Caltrans All Roads + OpenStreetMap explicit surface","source_detail":"osm way 813277126; Caltrans All Roads public-network geometry match","source_tile":"173/395","public_network_source":"Caltrans All Roads (ARNOLD/HPMS)","surface_source":"OpenStreetMap explicit surface tag","caltrans_match_coverage":1.0,"verified_length_m":1394},"geometry":{"type":"LineString","coordinates":[[-119.07976,37.81476],[-119.07976,37.81461],[-119.07974,37.81451],[-119.07967,37.8144],[-119.07965,37.81432],[-119.07965,37.81422],[-119.07967,37.81404],[-119.07971,37.81391],[-119.07971,37.81371],[-119.07973,37.81338],[-119.07971,37.81318],[-119.07973,37.81291],[-119.07974,37.81267],[-119.07976,37.81249],[-119.07971,37.8123],[-119.07968,37.81209],[-119.07966,37.81185],[-119.07964,37.81165],[-119.07957,37.81143],[-119.07954,37.81126],[-119.07954,37.81108],[-119.07956,37.81074],[-119.07951,37.81047],[-119.07942,37.81005],[-119.07934,37.80974],[-119.07927,37.80954],[-119.07918,37.80932],[-119.07918,37.80919],[-119.07913,37.80898],[-119.07908,37.80879],[-119.07908,37.8086],[-119.0791,37.80843],[-119.07908,37.80828],[-119.07903,37.80809],[-119.07895,37.80799],[-119.07892,37.80795],[-119.07877,37.80782],[-119.07874,37.80778],[-119.07866,37.80764],[-119.0786,37.80746],[-119.07854,37.80721],[-119.07838,37.80634],[-119.07828,37.80583],[-119.07814,37.80504],[-119.07791,37.80383],[-119.07769,37.80264],[-119.07764,37.80239]]}},{"type":"Feature","properties":{"name":"(unnamed public road)","road_class":"track","surface":"fine_gravel","source":"Caltrans All Roads + OpenStreetMap explicit surface","source_detail":"osm way 813277127; Caltrans All Roads public-network geometry match","source_tile":"173/395","public_network_source":"Caltrans All Roads (ARNOLD/HPMS)","surface_source":"OpenStreetMap explicit surface tag","caltrans_match_coverage":1.0,"verified_length_m":651},"geometry":{"type":"LineString","coordinates":[[-119.0778,37.80218],[-119.07783,37.8025],[-119.07797,37.80313],[-119.07809,37.80374],[-119.07816,37.80421],[-119.07836,37.80477],[-119.07845,37.80514],[-119.07851,37.80547],[-119.07856,37.80596],[-119.07865,37.80643],[-119.07874,37.80673],[-119.07883,37.80707],[-119.07889,37.80744],[-119.07892,37.80762],[-119.07895,37.80784],[-119.07895,37.80799]]}},{"type":"Feature","properties":{"name":"Obsidian Dome Road","road_class":"track","surface":"unpaved","source":"Caltrans All Roads + OpenStreetMap explicit surface","source_detail":"osm way 833741173; Caltrans All Roads public-network geometry match","source_tile":"173/395","public_network_source":"Caltrans All Roads (ARNOLD/HPMS)","surface_source":"OpenStreetMap explicit surface tag","caltrans_match_coverage":0.986,"verified_length_m":2019},"geometry":{"type":"LineString","coordinates":[[-119.03899,37.77267],[-119.03911,37.77298],[-119.03923,37.77346],[-119.03914,37.77373],[-119.03915,37.77414],[-119.03909,37.77452],[-119.03853,37.77503],[-119.03821,37.77519],[-119.03741,37.77554],[-119.03705,37.77592],[-119.03702,37.77606],[-119.03709,37.77616],[-119.03737,37.77637],[-119.03805,37.77653],[-119.03836,37.77669],[-119.03903,37.77717],[-119.03966,37.77753],[-119.03972,37.77765],[-119.03966,37.77777],[-119.03957,37.77786],[-119.03925,37.77794],[-119.03858,37.7784],[-119.03854,37.77855],[-119.03857,37.77863],[-119.03868,37.77871],[-119.03883,37.77877],[-119.03953,37.77906],[-119.03967,37.77915],[-119.03972,37.77925],[-119.03967,37.77941],[-119.03947,37.77986],[-119.03937,37.78108],[-119.03912,37.78178],[-119.03857,37.78267],[-119.03802,37.78328],[-119.03703,37.78472],[-119.03666,37.78511],[-119.03656,37.78533],[-119.03616,37.78562],[-119.03569,37.78596],[-119.03563,37.78601],[-119.03471,37.78673]]}},{"type":"Feature","properties":{"name":"Lee Vining Radio Road","road_class":"track","surface":"ground","tracktype":"grade5","motor_vehicle":"designated","source":"Caltrans All Roads + OpenStreetMap explicit surface","source_detail":"osm way 863376358; Caltrans All Roads public-network geometry match","source_tile":"173/395","public_network_source":"Caltrans All Roads (ARNOLD/HPMS)","surface_source":"OpenStreetMap explicit surface tag","caltrans_match_coverage":1.0,"verified_length_m":1037},"geometry":{"type":"LineString","coordinates":[[-119.12532,37.93485],[-119.12517,37.93487],[-119.12502,37.9349],[-119.12487,37.93493],[-119.12472,37.93495],[-119.12453,37.93496],[-119.12436,37.93498],[-119.12418,37.93501],[-119.12401,37.93504],[-119.12394,37.93505],[-119.12388,37.93504],[-119.12385,37.93501],[-119.12383,37.93498],[-119.12384,37.93494],[-119.12387,37.9349],[-119.12406,37.93478],[-119.12418,37.9347],[-119.12436,37.9346],[-119.12451,37.93451],[-119.12458,37.93445],[-119.12465,37.93437],[-119.12472,37.93423],[-119.12477,37.93415],[-119.12486,37.93408],[-119.12497,37.93403],[-119.1251,37.93398],[-119.12528,37.93393],[-119.12536,37.93389],[-119.12542,37.93381],[-119.12549,37.93371],[-119.12558,37.93353],[-119.12565,37.93339],[-119.12572,37.93328],[-119.12581,37.93316],[-119.12594,37.93302],[-119.12604,37.93289],[-119.12616,37.93272],[-119.12624,37.93258],[-119.1263,37.93247],[-119.12637,37.93237],[-119.12646,37.93227],[-119.12648,37.93223],[-119.12648,37.93221],[-119.12645,37.93218],[-119.12639,37.93217],[-119.12633,37.93218],[-119.12623,37.93221],[-119.12609,37.93224],[-119.12597,37.93228],[-119.12583,37.9323],[-119.1257,37.93235],[-119.1255,37.93243],[-119.12535,37.9325],[-119.12513,37.93259],[-119.1249,37.93268],[-119.12469,37.93274],[-119.12444,37.93281],[-119.12401,37.9329],[-119.12388,37.93293],[-119.12371,37.93295],[-119.12358,37.93297],[-119.12339,37.93301],[-119.12319,37.93303],[-119.12302,37.93304],[-119.12272,37.93304],[-119.1226,37.93303],[-119.12251,37.93304],[-119.12245,37.93306],[-119.12241,37.93305],[-119.12239,37.93303],[-119.12239,37.93301],[-119.12242,37.93298],[-119.12248,37.93294],[-119.12255,37.93288],[-119.12264,37.93281],[-119.1227,37.93272],[-119.12274,37.93264],[-119.12275,37.93258],[-119.12274,37.93248],[-119.12273,37.9324],[-119.1227,37.93226],[-119.12267,37.93219],[-119.12263,37.93213],[-119.12255,37.93207]]}},{"type":"Feature","properties":{"name":"(unnamed public road)","road_class":"track","surface":"unpaved","source":"Caltrans All Roads + OpenStreetMap explicit surface","source_detail":"osm way 863376394; Caltrans All Roads public-network geometry match","source_tile":"173/395","public_network_source":"Caltrans All Roads (ARNOLD/HPMS)","surface_source":"OpenStreetMap explicit surface tag","caltrans_match_coverage":1.0,"verified_length_m":607},"geometry":{"type":"LineString","coordinates":[[-119.08936,37.90035],[-119.08943,37.90045],[-119.08965,37.90068],[-119.08991,37.9008],[-119.09027,37.90082],[-119.09076,37.9007],[-119.09097,37.9006],[-119.09115,37.90044],[-119.09124,37.90034],[-119.0913,37.90024],[-119.09137,37.90005],[-119.09137,37.89995],[-119.09137,37.89963],[-119.09117,37.8992],[-119.09078,37.89904],[-119.09064,37.89902],[-119.09049,37.89902],[-119.09015,37.89908],[-119.08976,37.89923],[-119.08947,37.89955],[-119.08929,37.89992],[-119.08929,37.9002],[-119.08936,37.90035]]}},{"type":"Feature","properties":{"name":"(unnamed public road)","road_class":"track","surface":"unpaved","source":"Caltrans All Roads + OpenStreetMap explicit surface","source_detail":"osm way 863421007; Caltrans All Roads public-network geometry match","source_tile":"173/395","public_network_source":"Caltrans All Roads (ARNOLD/HPMS)","surface_source":"OpenStreetMap explicit surface tag","caltrans_match_coverage":0.908,"verified_length_m":802},"geometry":{"type":"LineString","coordinates":[[-119.02974,37.79716],[-119.03018,37.79703],[-119.03057,37.797],[-119.03121,37.79673],[-119.03164,37.79652],[-119.03381,37.79526],[-119.03424,37.79507],[-119.03509,37.79477],[-119.03573,37.79446],[-119.03688,37.79419],[-119.03743,37.79412],[-119.03761,37.79403],[-119.03775,37.79391]]}},{"type":"Feature","properties":{"name":"Bald Mountain Road","road_class":"unclassified","surface":"unpaved","source":"Caltrans All Roads + OpenStreetMap explicit surface","source_detail":"osm way 863421026; Caltrans All Roads public-network geometry match","source_tile":"173/395","public_network_source":"Caltrans All Roads (ARNOLD/HPMS)","surface_source":"OpenStreetMap explicit surface tag","caltrans_match_coverage":0.987,"verified_length_m":17920},"geometry":{"type":"LineString","coordinates":[[-119.01576,37.77742],[-119.01562,37.77741],[-119.01551,37.77747],[-119.0151,37.77735],[-119.01459,37.77719],[-119.01433,37.77713],[-119.01417,37.77712],[-119.01398,37.77711],[-119.01374,37.77712],[-119.01325,37.77717],[-119.01306,37.77718],[-119.01265,37.7773],[-119.01187,37.77749],[-119.01118,37.77773],[-119.01056,37.77791],[-119.01029,37.7781],[-119.01014,37.77819],[-119.01,37.77833],[-119.00987,37.7785],[-119.0098,37.77858],[-119.00963,37.77888],[-119.00953,37.77911],[-119.00939,37.77937],[-119.00926,37.77955],[-119.00912,37.77972],[-119.00889,37.77993],[-119.00882,37.77998],[-119.00863,37.78009],[-119.00856,37.78014],[-119.00847,37.78026],[-119.00795,37.78077],[-119.00765,37.78106],[-119.0074,37.78128],[-119.0071,37.78151],[-119.00688,37.78171],[-119.00658,37.78198],[-119.00642,37.78225],[-119.00602,37.78301],[-119.00593,37.78329],[-119.0059,37.78348],[-119.00588,37.7836],[-119.00594,37.7846],[-119.0057,37.78618],[-119.0056,37.78666],[-119.00559,37.78671],[-119.00557,37.7868],[-119.00554,37.78693],[-119.00543,37.78723],[-119.00521,37.78772],[-119.00514,37.78802],[-119.00513,37.78819],[-119.00514,37.78839],[-119.00517,37.78848],[-119.00533,37.78875],[-119.00564,37.78944],[-119.00567,37.78959],[-119.00566,37.78981],[-119.00556,37.79032],[-119.00538,37.79094],[-119.00525,37.7915],[-119.00506,37.7922],[-119.00495,37.79259],[-119.00485,37.7929],[-119.00462,37.79367],[-119.0046,37.79379],[-119.00462,37.7941],[-119.0047,37.79454],[-119.00483,37.79494],[-119.00495,37.79544],[-119.00496,37.79561],[-119.00493,37.79575],[-119.00489,37.79587],[-119.00484,37.79594],[-119.00462,37.79626],[-119.00435,37.79658],[-119.00418,37.79674],[-119.00386,37.79705],[-119.00356,37.79733],[-119.00321,37.79761],[-119.00238,37.79814],[-119.00202,37.7984],[-119.00079,37.79938],[-118.99989,37.79995],[-118.99965,37.80013],[-118.99919,37.80056],[-118.99886,37.80081],[-118.99876,37.80098],[-118.99865,37.80118],[-118.99847,37.80147],[-118.99829,37.80166],[-118.99786,37.80217],[-118.99768,37.80239],[-118.99739,37.80264],[-118.99691,37.80306],[-118.9965,37.80347],[-118.99596,37.80399],[-118.99576,37.80424],[-118.99565,37.80441],[-118.99538,37.80492],[-118.99528,37.80509],[-118.99514,37.80531],[-118.995,37.80549],[-118.99421,37.80638],[-118.99382,37.80686],[-118.99371,37.80698],[-118.99316,37.80748],[-118.9929,37.8077],[-118.99272,37.80783],[-118.99256,37.80792],[-118.99213,37.80813],[-118.9918,37.80826],[-118.99148,37.80834],[-118.99126,37.80846],[-118.99083,37.80869],[-118.99054,37.80892],[-118.99038,37.8091],[-118.99014,37.80942],[-118.98988,37.80971],[-118.98929,37.81031],[-118.98891,37.81074],[-118.98799,37.81184],[-118.98665,37.8134],[-118.98659,37.81348],[-118.98649,37.8136],[-118.98625,37.814],[-118.98611,37.81427],[-118.98572,37.81477],[-118.98556,37.815],[-118.98521,37.81548],[-118.98509,37.81566],[-118.98468,37.81625],[-118.98446,37.81655],[-118.98366,37.81701],[-118.98333,37.81715],[-118.98322,37.81718],[-118.98286,37.81724],[-118.98264,37.81724],[-118.9823,37.8172],[-118.98208,37.81714],[-118.9817,37.81704],[-118.98089,37.81675],[-118.98048,37.81656],[-118.97969,37.81611],[-118.97934,37.81592],[-118.97828,37.8153],[-118.97748,37.81488],[-118.97666,37.81449],[-118.97631,37.81431],[-118.97589,37.81411],[-118.97495,37.81362],[-118.97415,37.81319],[-118.9741,37.81316],[-118.97208,37.81204],[-118.97013,37.81101],[-118.96962,37.81072],[-118.96831,37.81005],[-118.96659,37.80912],[-118.96626,37.80893],[-118.96592,37.80875],[-118.96501,37.80826],[-118.96431,37.8079],[-118.96421,37.80785],[-118.96318,37.80733],[-118.96294,37.80718],[-118.96262,37.80698],[-118.9623,37.80678],[-118.96172,37.80646],[-118.96007,37.80565],[-118.95968,37.80548],[-118.95918,37.80555],[-118.95903,37.80559],[-118.95893,37.80563],[-118.95863,37.80581],[-118.95811,37.80611],[-118.9578,37.80623],[-118.95754,37.80629],[-118.95735,37.80632],[-118.95692,37.80635],[-118.95677,37.80637],[-118.95647,37.80644],[-118.95618,37.80651],[-118.95593,37.80654],[-118.95568,37.80654],[-118.95553,37.80652],[-118.9552,37.80646],[-118.95494,37.80637],[-118.95484,37.80632],[-118.9547,37.80628],[-118.95457,37.80625],[-118.95437,37.80624],[-118.95391,37.80624],[-118.95348,37.80627],[-118.95335,37.80632],[-118.9529,37.80654],[-118.95281,37.80656],[-118.95265,37.80658],[-118.95246,37.80659],[-118.95233,37.8066],[-118.95219,37.80662],[-118.95192,37.80665],[-118.95171,37.80672],[-118.95116,37.80696],[-118.95084,37.80712],[-118.95068,37.80718],[-118.95039,37.80731],[-118.95022,37.80737],[-118.95,37.80744],[-118.94958,37.8075],[-118.94914,37.80753],[-118.94886,37.80755],[-118.94868,37.80755],[-118.94812,37.80752],[-118.94728,37.80755],[-118.94634,37.80757],[-118.94484,37.80752],[-118.9441,37.80751],[-118.9433,37.80754],[-118.94206,37.80752],[-118.94146,37.80754],[-118.94098,37.80759],[-118.94047,37.80765],[-118.94033,37.80768],[-118.93943,37.80781],[-118.93874,37.80789],[-118.93809,37.80792],[-118.93767,37.80791],[-118.93716,37.80794],[-118.93661,37.80795],[-118.93555,37.80793],[-118.9354,37.80796],[-118.93531,37.80801],[-118.9352,37.80809],[-118.93502,37.80834],[-118.93493,37.80844],[-118.93436,37.80905],[-118.9333,37.80997],[-118.93269,37.81067],[-118.93229,37.81117],[-118.93192,37.81158],[-118.93153,37.81213],[-118.93105,37.81299],[-118.93079,37.81342],[-118.93058,37.81379],[-118.93024,37.81449],[-118.93005,37.8149],[-118.92989,37.81533],[-118.92969,37.81581],[-118.92934,37.8165],[-118.92925,37.81663],[-118.92915,37.81676],[-118.92907,37.81684],[-118.9288,37.81701],[-118.92796,37.81744],[-118.92684,37.81799],[-118.92658,37.81807],[-118.92624,37.81814],[-118.92607,37.81815],[-118.92589,37.81814],[-118.92566,37.8181],[-118.92553,37.81807],[-118.92526,37.81797],[-118.92518,37.81793],[-118.92486,37.81773],[-118.92362,37.81702],[-118.92337,37.8169],[-118.92295,37.81674],[-118.9227,37.81666],[-118.92257,37.81663],[-118.92207,37.81657],[-118.92154,37.81656],[-118.92078,37.81658],[-118.92018,37.81666],[-118.91947,37.81674],[-118.91889,37.81677],[-118.91787,37.81684],[-118.91608,37.81692],[-118.91581,37.81691],[-118.91547,37.81687],[-118.91521,37.81683],[-118.91467,37.81676],[-118.91458,37.81674],[-118.91384,37.81661],[-118.91279,37.81649],[-118.91222,37.81645],[-118.91125,37.81643],[-118.91031,37.81638],[-118.90971,37.81638],[-118.90905,37.81634],[-118.90798,37.81625],[-118.90777,37.81622],[-118.90753,37.81617],[-118.90715,37.81606],[-118.90701,37.81601],[-118.90689,37.81594],[-118.90673,37.81584],[-118.90661,37.81574],[-118.90643,37.81556],[-118.90625,37.81535],[-118.90596,37.81492],[-118.90551,37.81439],[-118.90542,37.81424],[-118.90534,37.81408],[-118.90528,37.81385],[-118.90527,37.81359],[-118.90526,37.81357],[-118.90518,37.81318],[-118.90511,37.81303],[-118.90487,37.81274],[-118.90459,37.81247],[-118.90447,37.81234],[-118.90422,37.81206],[-118.90397,37.81181],[-118.90387,37.81167],[-118.90367,37.81138],[-118.90353,37.8111],[-118.90312,37.8104],[-118.90282,37.80996],[-118.90249,37.80934],[-118.90242,37.80918],[-118.90214,37.80837],[-118.90182,37.80741],[-118.90148,37.80651],[-118.9011,37.80493],[-118.90105,37.8043],[-118.90102,37.80403],[-118.90097,37.80364],[-118.90094,37.80347],[-118.90085,37.80312],[-118.90073,37.80274],[-118.90063,37.80227],[-118.90057,37.8018],[-118.90054,37.80137],[-118.90019,37.79996],[-118.90011,37.79948],[-118.90009,37.79909],[-118.90007,37.79901],[-118.90043,37.79885],[-118.9006,37.79873],[-118.90065,37.79866],[-118.9007,37.79856],[-118.90071,37.79844],[-118.90065,37.79799],[-118.90062,37.79791],[-118.90053,37.79775],[-118.9002,37.79734],[-118.90004,37.79718],[-118.89963,37.79659],[-118.89956,37.79647],[-118.8995,37.7963],[-118.89927,37.79572],[-118.89895,37.79498],[-118.89884,37.7946],[-118.89866,37.79421],[-118.89852,37.79402],[-118.89838,37.79374],[-118.89831,37.79356],[-118.89828,37.79342],[-118.89826,37.79314],[-118.89828,37.793],[-118.89834,37.79279],[-118.89836,37.79261],[-118.89834,37.79222],[-118.89835,37.79213],[-118.89848,37.7915],[-118.89849,37.7914],[-118.89847,37.79118],[-118.89842,37.79106],[-118.89825,37.79082],[-118.89822,37.79073],[-118.89822,37.79058],[-118.8982,37.79041],[-118.89812,37.79015],[-118.89793,37.78977],[-118.89791,37.78967],[-118.89793,37.78957],[-118.89798,37.78946],[-118.89824,37.78923],[-118.89839,37.78911],[-118.89868,37.78881],[-118.89884,37.78861],[-118.89905,37.7882],[-118.89931,37.78752],[-118.89931,37.78741],[-118.89928,37.7873],[-118.89922,37.78723],[-118.89914,37.78718],[-118.89905,37.78715],[-118.89895,37.78715],[-118.89852,37.78719],[-118.89818,37.7872],[-118.89795,37.78719],[-118.8977,37.78715],[-118.89756,37.7871],[-118.89744,37.78706],[-118.89723,37.78694],[-118.89718,37.78685],[-118.89716,37.78676],[-118.89718,37.78666],[-118.89732,37.78641],[-118.89734,37.78629],[-118.89732,37.78618],[-118.89722,37.78606],[-118.89677,37.78564],[-118.89674,37.78556],[-118.89673,37.78549],[-118.89676,37.78539],[-118.89681,37.7853],[-118.89691,37.7852],[-118.89709,37.78507],[-118.8973,37.78497],[-118.89817,37.78471],[-118.89832,37.78465],[-118.89888,37.78435],[-118.89991,37.78378],[-118.90012,37.78364],[-118.90039,37.7835],[-118.90052,37.78345],[-118.90063,37.78344],[-118.90079,37.78344],[-118.90101,37.78347],[-118.90115,37.7835],[-118.90132,37.78355],[-118.90145,37.78363],[-118.90148,37.78372],[-118.90144,37.78392],[-118.90148,37.78406],[-118.90146,37.78415]]}},{"type":"Feature","properties":{"name":"(unnamed public road)","road_class":"track","surface":"unpaved","source":"Caltrans All Roads + OpenStreetMap explicit surface","source_detail":"osm way 863424604; Caltrans All Roads public-network geometry match","source_tile":"173/395","public_network_source":"Caltrans All Roads (ARNOLD/HPMS)","surface_source":"OpenStreetMap explicit surface tag","caltrans_match_coverage":0.983,"verified_length_m":3187},"geometry":{"type":"LineString","coordinates":[[-119.12088,37.87553],[-119.12103,37.8754],[-119.12113,37.87536],[-119.12157,37.87496],[-119.12191,37.87472],[-119.1224,37.87431],[-119.12263,37.87417],[-119.1234,37.87383],[-119.12359,37.87371],[-119.12404,37.87338],[-119.12415,37.87332],[-119.12438,37.87314],[-119.12488,37.87289],[-119.12499,37.87274],[-119.12518,37.87248],[-119.12551,37.87211],[-119.12582,37.87176],[-119.12611,37.8715],[-119.12628,37.87135],[-119.12647,37.87131],[-119.12679,37.87103],[-119.1272,37.8706],[-119.12729,37.87058],[-119.12752,37.87058],[-119.12765,37.87054],[-119.12783,37.87046],[-119.128,37.87035],[-119.12811,37.8703],[-119.12829,37.8702],[-119.12847,37.87005],[-119.12861,37.86981],[-119.12873,37.86975],[-119.12896,37.86974],[-119.1297,37.86961],[-119.13012,37.86961],[-119.13019,37.86959],[-119.13105,37.86956],[-119.13189,37.86955],[-119.13223,37.86951],[-119.13285,37.86934],[-119.13357,37.86922],[-119.13384,37.86916],[-119.13408,37.86909],[-119.1345,37.86892],[-119.13481,37.86871],[-119.13513,37.86859],[-119.13575,37.86848],[-119.13777,37.86805],[-119.13802,37.86799],[-119.13822,37.86797],[-119.13846,37.86801],[-119.13869,37.86802],[-119.13914,37.86799],[-119.13927,37.86796],[-119.13955,37.86785],[-119.13981,37.8678],[-119.14005,37.86774],[-119.1402,37.86772],[-119.14133,37.86785],[-119.14192,37.86784],[-119.14218,37.86787],[-119.14234,37.8679],[-119.14292,37.86809],[-119.14339,37.86821],[-119.14401,37.86831],[-119.14558,37.86849],[-119.14613,37.86854],[-119.14644,37.86855],[-119.14702,37.86851],[-119.14735,37.86844],[-119.14778,37.86848],[-119.14885,37.86836],[-119.14924,37.86809],[-119.14955,37.86789],[-119.14986,37.86779],[-119.15046,37.86754],[-119.1512,37.86725],[-119.15129,37.8672],[-119.15137,37.86713],[-119.15153,37.86694],[-119.15168,37.86666],[-119.15174,37.86659],[-119.15179,37.86657],[-119.1523,37.86658],[-119.1525,37.86644]]}},{"type":"Feature","properties":{"name":"Farrington Siphon Road","road_class":"unclassified","surface":"unpaved","source":"Caltrans All Roads + OpenStreetMap explicit surface","source_detail":"osm way 863424607; Caltrans All Roads public-network geometry match","source_tile":"173/395","public_network_source":"Caltrans All Roads (ARNOLD/HPMS)","surface_source":"OpenStreetMap explicit surface tag","caltrans_match_coverage":1.0,"verified_length_m":4684},"geometry":{"type":"LineString","coordinates":[[-119.11546,37.90648],[-119.1154,37.90657],[-119.11533,37.90668],[-119.11518,37.90686],[-119.11484,37.90731],[-119.11467,37.90755],[-119.11445,37.90788],[-119.11406,37.9085],[-119.11394,37.90871],[-119.11384,37.90886],[-119.1136,37.90917],[-119.11343,37.90943],[-119.11326,37.90969],[-119.11314,37.90988],[-119.11296,37.9102],[-119.11288,37.91034],[-119.11283,37.9104],[-119.11276,37.91045],[-119.11263,37.9105],[-119.11252,37.91056],[-119.1124,37.91063],[-119.11224,37.91076],[-119.11212,37.91085],[-119.11192,37.91097],[-119.11087,37.91164],[-119.11033,37.912],[-119.11008,37.91215],[-119.10972,37.91238],[-119.10948,37.91255],[-119.10929,37.9127],[-119.10891,37.91296],[-119.10864,37.91316],[-119.10854,37.91325],[-119.10835,37.9134],[-119.10821,37.9135],[-119.10804,37.91359],[-119.1075,37.91389],[-119.1073,37.91401],[-119.10717,37.9141],[-119.10704,37.91421],[-119.10686,37.91437],[-119.1067,37.91454],[-119.1064,37.91486],[-119.10631,37.91498],[-119.10622,37.9151],[-119.10612,37.9153],[-119.10589,37.91575],[-119.10586,37.91584],[-119.10584,37.91592],[-119.10584,37.91599],[-119.10584,37.91609],[-119.10587,37.91618],[-119.10593,37.9163],[-119.10601,37.91643],[-119.10672,37.91748],[-119.10687,37.91771],[-119.10695,37.91784],[-119.10699,37.91794],[-119.10701,37.91803],[-119.10702,37.91814],[-119.10701,37.91826],[-119.10703,37.91836],[-119.10706,37.91847],[-119.10713,37.91864],[-119.10715,37.91874],[-119.10716,37.91884],[-119.10716,37.91893],[-119.10715,37.91902],[-119.10712,37.9191],[-119.10707,37.91921],[-119.10703,37.9193],[-119.10701,37.91938],[-119.10699,37.91948],[-119.10699,37.91957],[-119.10699,37.91969],[-119.107,37.91978],[-119.10702,37.91987],[-119.10706,37.91998],[-119.10709,37.92009],[-119.10715,37.92022],[-119.10723,37.92037],[-119.10733,37.92055],[-119.10762,37.92098],[-119.10774,37.92117],[-119.10781,37.9213],[-119.10785,37.92139],[-119.10792,37.92154],[-119.10798,37.92172],[-119.10802,37.92184],[-119.10804,37.92194],[-119.10805,37.92208],[-119.10809,37.92245],[-119.10811,37.92256],[-119.10813,37.92266],[-119.10817,37.92274],[-119.1082,37.92282],[-119.10826,37.9229],[-119.10834,37.923],[-119.10868,37.92342],[-119.10875,37.92352],[-119.10884,37.92365],[-119.10892,37.92376],[-119.109,37.92387],[-119.10933,37.9243],[-119.10943,37.92441],[-119.10952,37.9245],[-119.10959,37.92457],[-119.10967,37.92462],[-119.10978,37.92468],[-119.10993,37.92475],[-119.11005,37.92481],[-119.1102,37.92491],[-119.11032,37.925],[-119.11037,37.92506],[-119.11039,37.9251],[-119.11039,37.92514],[-119.11036,37.92519],[-119.11031,37.92522],[-119.11024,37.92524],[-119.11011,37.92525],[-119.10995,37.92526],[-119.1098,37.92525],[-119.10964,37.92524],[-119.10941,37.92521],[-119.10917,37.92518],[-119.10891,37.92515],[-119.10857,37.92512],[-119.10834,37.9251],[-119.10819,37.9251],[-119.10799,37.92511],[-119.1078,37.92513],[-119.10766,37.92515],[-119.10746,37.92521],[-119.10716,37.92531],[-119.10675,37.92546],[-119.10657,37.92554],[-119.10642,37.92561],[-119.10629,37.92571],[-119.10615,37.9258],[-119.10601,37.92592],[-119.10591,37.92603],[-119.10584,37.92612],[-119.10579,37.92621],[-119.10577,37.92628],[-119.10577,37.92635],[-119.10577,37.92644],[-119.10578,37.9265],[-119.10581,37.92658],[-119.10586,37.92667],[-119.10591,37.92676],[-119.10597,37.92684],[-119.10603,37.92691],[-119.10611,37.92696],[-119.10618,37.92702],[-119.10629,37.92708],[-119.10684,37.92736],[-119.10695,37.92741],[-119.10701,37.92745],[-119.10706,37.9275],[-119.1071,37.92755],[-119.10714,37.92762],[-119.1073,37.92797],[-119.10737,37.92813],[-119.10741,37.92823],[-119.10743,37.92831],[-119.10747,37.9285],[-119.1075,37.92858],[-119.10753,37.92864],[-119.10758,37.92871],[-119.10765,37.92878],[-119.10774,37.92885],[-119.10804,37.92907],[-119.10824,37.92924],[-119.10841,37.92939],[-119.10852,37.9295],[-119.10866,37.92963],[-119.10892,37.92988],[-119.10939,37.93033],[-119.10965,37.93056],[-119.10981,37.93068],[-119.11013,37.93093],[-119.11047,37.93119],[-119.11074,37.93139],[-119.11086,37.93147],[-119.11098,37.93152],[-119.11112,37.93156],[-119.11129,37.93159],[-119.1115,37.9316],[-119.11172,37.93158],[-119.11193,37.93155],[-119.11213,37.93151],[-119.11227,37.93147],[-119.11236,37.93142],[-119.11244,37.93137],[-119.11253,37.93129],[-119.11269,37.93113],[-119.11283,37.93101],[-119.11302,37.93087],[-119.11316,37.93079],[-119.11328,37.93075],[-119.11338,37.93073],[-119.1135,37.93074],[-119.11364,37.93078],[-119.11376,37.93084],[-119.11386,37.93092],[-119.11399,37.93103],[-119.11438,37.93145],[-119.11482,37.93192],[-119.11517,37.93229],[-119.11526,37.93241],[-119.11531,37.93252],[-119.11533,37.93262],[-119.11533,37.93271],[-119.11531,37.93283],[-119.11528,37.93295],[-119.11526,37.93309],[-119.11525,37.93326],[-119.11526,37.93337],[-119.11527,37.93347],[-119.11533,37.93358],[-119.11541,37.93368],[-119.11548,37.93373],[-119.11557,37.93378],[-119.11573,37.93383],[-119.11592,37.9339],[-119.11603,37.93394],[-119.11645,37.93414],[-119.1167,37.93425],[-119.11706,37.93439],[-119.11715,37.93441],[-119.11722,37.93442],[-119.11736,37.9344],[-119.1177,37.93436],[-119.11779,37.93435],[-119.11787,37.93436],[-119.11792,37.93439],[-119.11799,37.93445],[-119.11805,37.93452],[-119.11805,37.93456],[-119.11805,37.93461],[-119.11802,37.93467],[-119.11798,37.93472],[-119.11792,37.9348],[-119.11786,37.93489]]}},{"type":"Feature","properties":{"name":"(unnamed public road)","road_class":"track","surface":"ground","source":"Caltrans All Roads + OpenStreetMap explicit surface","source_detail":"osm way 863424610; Caltrans All Roads public-network geometry match","source_tile":"173/395","public_network_source":"Caltrans All Roads (ARNOLD/HPMS)","surface_source":"OpenStreetMap explicit surface tag","caltrans_match_coverage":0.99,"verified_length_m":802},"geometry":{"type":"LineString","coordinates":[[-119.1189,37.94926],[-119.11871,37.94911],[-119.11858,37.94901],[-119.11859,37.94892],[-119.11862,37.94879],[-119.11867,37.94865],[-119.11885,37.94845],[-119.11899,37.94827],[-119.1191,37.94805],[-119.11915,37.94789],[-119.11915,37.94762],[-119.11915,37.9473],[-119.11917,37.94704],[-119.11922,37.94685],[-119.11922,37.94657],[-119.11921,37.94638],[-119.11922,37.94621],[-119.11935,37.94592],[-119.11948,37.94566],[-119.11964,37.94536],[-119.11983,37.94506],[-119.12002,37.94473],[-119.12026,37.94434],[-119.12043,37.94417],[-119.12067,37.94399],[-119.1209,37.94381],[-119.12108,37.94364],[-119.12127,37.94347],[-119.1214,37.94334],[-119.1215,37.94319],[-119.12159,37.94308],[-119.12165,37.94305],[-119.12173,37.94307],[-119.12182,37.9431],[-119.12192,37.94313]]}},{"type":"Feature","properties":{"name":"(unnamed public road)","road_class":"track","surface":"unpaved","source":"Caltrans All Roads + OpenStreetMap explicit surface","source_detail":"osm way 908651683; Caltrans All Roads public-network geometry match","source_tile":"173/395","public_network_source":"Caltrans All Roads (ARNOLD/HPMS)","surface_source":"OpenStreetMap explicit surface tag","caltrans_match_coverage":1.0,"verified_length_m":1294},"geometry":{"type":"LineString","coordinates":[[-118.8509,37.87273],[-118.85086,37.87271],[-118.85077,37.87273],[-118.85042,37.87264],[-118.84992,37.87266],[-118.8497,37.8727],[-118.84927,37.87286],[-118.84881,37.87299],[-118.84787,37.87354],[-118.84758,37.87369],[-118.84725,37.87383],[-118.84704,37.87394],[-118.84694,37.874],[-118.84685,37.87411],[-118.84668,37.87442],[-118.84663,37.87448],[-118.84652,37.87458],[-118.8464,37.87464],[-118.84621,37.87468],[-118.84554,37.87474],[-118.84519,37.8748],[-118.8447,37.87484],[-118.84429,37.87491],[-118.84373,37.87505],[-118.84325,37.87528],[-118.8431,37.87531],[-118.84221,37.87561],[-118.84165,37.87576],[-118.84139,37.87589],[-118.84122,37.87593],[-118.84083,37.8759],[-118.84054,37.87597],[-118.84038,37.87596],[-118.84025,37.87593],[-118.83991,37.87576],[-118.83978,37.87572],[-118.83963,37.87572],[-118.83937,37.87581],[-118.8393,37.87588],[-118.83927,37.87594],[-118.83927,37.87604],[-118.83932,37.87637],[-118.83932,37.87649],[-118.83914,37.87706],[-118.83913,37.87722]]}},{"type":"Feature","properties":{"name":"(unnamed public road)","road_class":"track","surface":"unpaved","source":"Caltrans All Roads + OpenStreetMap explicit surface","source_detail":"osm way 908651684; Caltrans All Roads public-network geometry match","source_tile":"173/395","public_network_source":"Caltrans All Roads (ARNOLD/HPMS)","surface_source":"OpenStreetMap explicit surface tag","caltrans_match_coverage":1.0,"verified_length_m":1098},"geometry":{"type":"LineString","coordinates":[[-118.8431,37.87531],[-118.8431,37.87516],[-118.84327,37.87479],[-118.84335,37.87467],[-118.8434,37.87453],[-118.84336,37.87429],[-118.84312,37.87357],[-118.84296,37.87319],[-118.84279,37.87286],[-118.84235,37.87192],[-118.8417,37.87065],[-118.84057,37.86887],[-118.83966,37.86839],[-118.83912,37.8682],[-118.83864,37.868],[-118.83769,37.86748],[-118.83732,37.86739]]}},{"type":"Feature","properties":{"name":"(unnamed public road)","road_class":"track","surface":"unpaved","source":"Caltrans All Roads + OpenStreetMap explicit surface","source_detail":"osm way 909233930; Caltrans All Roads public-network geometry match","source_tile":"173/395","public_network_source":"Caltrans All Roads (ARNOLD/HPMS)","surface_source":"OpenStreetMap explicit surface tag","caltrans_match_coverage":1.0,"verified_length_m":2570},"geometry":{"type":"LineString","coordinates":[[-118.86898,37.85187],[-118.87002,37.85215],[-118.87055,37.85233],[-118.87208,37.85298],[-118.87287,37.85325],[-118.87364,37.85345],[-118.87382,37.85351],[-118.87439,37.85373],[-118.87524,37.85414],[-118.87556,37.85434],[-118.87562,37.85438],[-118.87597,37.85463],[-118.87709,37.85533],[-118.87733,37.85546],[-118.87857,37.85607],[-118.87881,37.8562],[-118.88043,37.85751],[-118.88105,37.85796],[-118.88126,37.8581],[-118.88136,37.85819],[-118.88157,37.85829],[-118.88236,37.85865],[-118.88302,37.85881],[-118.88345,37.85919],[-118.8837,37.85943],[-118.88398,37.85971],[-118.8843,37.85999],[-118.88473,37.86033],[-118.88484,37.86043],[-118.88487,37.86048],[-118.88504,37.86064],[-118.88561,37.86097],[-118.8859,37.86112],[-118.88681,37.86147],[-118.88721,37.86157],[-118.88736,37.86166],[-118.88758,37.86184],[-118.88806,37.86235],[-118.88839,37.86267],[-118.88933,37.86347],[-118.88985,37.86388],[-118.89026,37.86423],[-118.89059,37.86455],[-118.89086,37.86487],[-118.89182,37.86556],[-118.89184,37.86565]]}},{"type":"Feature","properties":{"name":"(unnamed public road)","road_class":"track","surface":"unpaved","source":"Caltrans All Roads + OpenStreetMap explicit surface","source_detail":"osm way 909233932; Caltrans All Roads public-network geometry match","source_tile":"173/395","public_network_source":"Caltrans All Roads (ARNOLD/HPMS)","surface_source":"OpenStreetMap explicit surface tag","caltrans_match_coverage":1.0,"verified_length_m":748},"geometry":{"type":"LineString","coordinates":[[-118.87842,37.86121],[-118.87768,37.86116],[-118.87731,37.86105],[-118.87715,37.86095],[-118.87687,37.86082],[-118.876,37.86057],[-118.87557,37.86043],[-118.8752,37.86028],[-118.87393,37.85944],[-118.87297,37.85896],[-118.87229,37.85864],[-118.87167,37.85864],[-118.87139,37.85858],[-118.87087,37.85842]]}},{"type":"Feature","properties":{"name":"(unnamed public road)","road_class":"track","surface":"unpaved","source":"Caltrans All Roads + OpenStreetMap explicit surface","source_detail":"osm way 909233933; Caltrans All Roads public-network geometry match","source_tile":"173/395","public_network_source":"Caltrans All Roads (ARNOLD/HPMS)","surface_source":"OpenStreetMap explicit surface tag","caltrans_match_coverage":1.0,"verified_length_m":1982},"geometry":{"type":"LineString","coordinates":[[-118.87847,37.87283],[-118.87917,37.8729],[-118.87944,37.87299],[-118.87984,37.87315],[-118.88011,37.87322],[-118.88038,37.87328],[-118.88072,37.87331],[-118.88125,37.87331],[-118.88142,37.87329],[-118.88158,37.87324],[-118.88207,37.87301],[-118.88269,37.87268],[-118.88304,37.87254],[-118.88313,37.8725],[-118.88388,37.87208],[-118.88423,37.87185],[-118.88455,37.87161],[-118.88497,37.87127],[-118.8851,37.87113],[-118.88533,37.8708],[-118.88565,37.87019],[-118.88584,37.86998],[-118.88608,37.86978],[-118.88661,37.8694],[-118.88712,37.86897],[-118.88728,37.8688],[-118.88745,37.86847],[-118.88763,37.86824],[-118.88776,37.86812],[-118.8879,37.86807],[-118.88819,37.86791],[-118.88828,37.86788],[-118.88848,37.86778],[-118.88885,37.86757],[-118.88963,37.86717],[-118.88981,37.86707],[-118.88999,37.86693],[-118.89013,37.86678],[-118.89063,37.86623],[-118.89064,37.86618],[-118.89095,37.86591],[-118.8913,37.86573],[-118.89184,37.86565],[-118.89215,37.86574],[-118.89252,37.86579],[-118.89271,37.86577],[-118.89284,37.86572],[-118.89294,37.86561],[-118.89318,37.86531],[-118.89329,37.86512],[-118.89338,37.86488],[-118.89357,37.86479],[-118.89413,37.86471],[-118.89496,37.86474],[-118.89555,37.86501],[-118.89591,37.86512]]}},{"type":"Feature","properties":{"name":"(unnamed public road)","road_class":"track","surface":"unpaved","source":"Caltrans All Roads + OpenStreetMap explicit surface","source_detail":"osm way 909233934; Caltrans All Roads public-network geometry match","source_tile":"173/395","public_network_source":"Caltrans All Roads (ARNOLD/HPMS)","surface_source":"OpenStreetMap explicit surface tag","caltrans_match_coverage":1.0,"verified_length_m":1847},"geometry":{"type":"LineString","coordinates":[[-118.88112,37.87667],[-118.88196,37.87612],[-118.88234,37.87594],[-118.8832,37.87564],[-118.88373,37.87543],[-118.88479,37.87489],[-118.88536,37.87466],[-118.88577,37.87448],[-118.88612,37.8743],[-118.88646,37.87409],[-118.88677,37.87388],[-118.88705,37.87359],[-118.88729,37.87338],[-118.88788,37.87302],[-118.88833,37.87266],[-118.88872,37.87236],[-118.88894,37.87217],[-118.88916,37.872],[-118.88943,37.87185],[-118.88979,37.87169],[-118.89002,37.87155],[-118.89133,37.87044],[-118.89221,37.86974],[-118.89263,37.86944],[-118.89315,37.86912],[-118.89335,37.86896],[-118.89342,37.86888],[-118.89347,37.86885],[-118.8935,37.86881],[-118.89362,37.86873],[-118.89515,37.86728],[-118.89677,37.86618],[-118.89709,37.86607]]}},{"type":"Feature","properties":{"name":"(unnamed public road)","road_class":"track","surface":"unpaved","source":"Caltrans All Roads + OpenStreetMap explicit surface","source_detail":"osm way 909233935; Caltrans All Roads public-network geometry match","source_tile":"173/395","public_network_source":"Caltrans All Roads (ARNOLD/HPMS)","surface_source":"OpenStreetMap explicit surface tag","caltrans_match_coverage":1.0,"verified_length_m":902},"geometry":{"type":"LineString","coordinates":[[-118.88233,37.86156],[-118.88255,37.86213],[-118.88298,37.86288],[-118.8836,37.86354],[-118.88381,37.86366],[-118.88448,37.86415],[-118.88461,37.86427],[-118.88495,37.8648],[-118.88519,37.86526],[-118.88567,37.86582],[-118.88603,37.8662],[-118.88622,37.86642],[-118.88664,37.86684],[-118.88682,37.86704],[-118.88715,37.86753],[-118.88721,37.86767],[-118.88742,37.86777],[-118.88779,37.86787],[-118.88819,37.86791]]}},{"type":"Feature","properties":{"name":"Logging Camp Road","road_class":"track","surface":"unpaved","source":"Caltrans All Roads + OpenStreetMap explicit surface","source_detail":"osm way 909233948; Caltrans All Roads public-network geometry match","source_tile":"173/395","public_network_source":"Caltrans All Roads (ARNOLD/HPMS)","surface_source":"OpenStreetMap explicit surface tag","caltrans_match_coverage":1.0,"verified_length_m":1382},"geometry":{"type":"LineString","coordinates":[[-118.88359,37.85764],[-118.8834,37.85808],[-118.88302,37.85881],[-118.88297,37.85888],[-118.88293,37.85895],[-118.88288,37.85905],[-118.88285,37.85915],[-118.8828,37.85938],[-118.88267,37.8602],[-118.88263,37.8603],[-118.88257,37.86039],[-118.88248,37.86046],[-118.88169,37.86096],[-118.88133,37.86125],[-118.88098,37.86156],[-118.88053,37.8619],[-118.88015,37.86226],[-118.87966,37.86284],[-118.87957,37.86297],[-118.87944,37.86326],[-118.87925,37.86393],[-118.87921,37.864],[-118.87913,37.86408],[-118.87874,37.86428],[-118.87817,37.86452],[-118.87811,37.86457],[-118.87806,37.86465],[-118.878,37.86494],[-118.87794,37.86506],[-118.87756,37.86551],[-118.87738,37.8657],[-118.87702,37.86597],[-118.87665,37.86628],[-118.87637,37.86656],[-118.87618,37.86681],[-118.87598,37.86713],[-118.87577,37.86743],[-118.87553,37.86788]]}},{"type":"Feature","properties":{"name":"(unnamed public road)","road_class":"track","surface":"unpaved","source":"Caltrans All Roads + OpenStreetMap explicit surface","source_detail":"osm way 909235578; Caltrans All Roads public-network geometry match","source_tile":"173/395","public_network_source":"Caltrans All Roads (ARNOLD/HPMS)","surface_source":"OpenStreetMap explicit surface tag","caltrans_match_coverage":1.0,"verified_length_m":8193},"geometry":{"type":"LineString","coordinates":[[-118.90671,37.8737],[-118.90707,37.87374],[-118.90828,37.874],[-118.90849,37.87407],[-118.90868,37.87415],[-118.90888,37.87426],[-118.90949,37.87471],[-118.91,37.8752],[-118.91099,37.8763],[-118.91233,37.87808],[-118.9136,37.87979],[-118.91409,37.88066],[-118.9142,37.88093],[-118.91425,37.88112],[-118.91445,37.88228],[-118.91458,37.88313],[-118.9146,37.88358],[-118.9146,37.88412],[-118.91458,37.88461],[-118.9145,37.88538],[-118.91448,37.88589],[-118.91442,37.88636],[-118.91434,37.88676],[-118.9139,37.88807],[-118.9133,37.88968],[-118.91294,37.89074],[-118.91234,37.8922],[-118.91184,37.89343],[-118.91122,37.89471],[-118.91086,37.89555],[-118.91041,37.89645],[-118.90941,37.8986],[-118.90915,37.89923],[-118.90906,37.89941],[-118.90885,37.89995],[-118.90833,37.90151],[-118.90773,37.90349],[-118.90723,37.90495],[-118.90682,37.90639],[-118.90668,37.90681],[-118.90659,37.90703],[-118.90625,37.90798],[-118.9058,37.90943],[-118.9053,37.91086],[-118.90428,37.91405],[-118.90396,37.91494],[-118.90323,37.91737],[-118.90222,37.92036],[-118.9021,37.92059],[-118.89684,37.92687],[-118.89081,37.9341],[-118.89023,37.93449],[-118.8902,37.93453],[-118.88994,37.93471],[-118.88967,37.93491],[-118.88959,37.93497],[-118.88916,37.93527],[-118.88897,37.93544],[-118.88878,37.93557],[-118.88868,37.93567],[-118.88866,37.93571],[-118.88856,37.9359],[-118.88852,37.93603],[-118.88841,37.93659],[-118.88832,37.93694],[-118.88812,37.93807],[-118.88804,37.93878],[-118.88803,37.93925],[-118.88809,37.93974],[-118.8881,37.93998],[-118.88803,37.94033]]}},{"type":"Feature","properties":{"name":"(unnamed public road)","road_class":"track","surface":"unpaved","source":"Caltrans All Roads + OpenStreetMap explicit surface","source_detail":"osm way 909235583; Caltrans All Roads public-network geometry match","source_tile":"173/395","public_network_source":"Caltrans All Roads (ARNOLD/HPMS)","surface_source":"OpenStreetMap explicit surface tag","caltrans_match_coverage":1.0,"verified_length_m":1891},"geometry":{"type":"LineString","coordinates":[[-118.92983,37.8841],[-118.92955,37.88364],[-118.92901,37.88336],[-118.92867,37.88311],[-118.92827,37.88269],[-118.92813,37.88249],[-118.92767,37.88173],[-118.9275,37.88149],[-118.9274,37.8814],[-118.92714,37.8813],[-118.92684,37.88123],[-118.92651,37.88112],[-118.92622,37.88097],[-118.92564,37.88069],[-118.92515,37.88056],[-118.92478,37.8804],[-118.92468,37.88038],[-118.92444,37.88035],[-118.92435,37.88032],[-118.92417,37.88018],[-118.924,37.88],[-118.92393,37.87996],[-118.92374,37.87993],[-118.92327,37.87993],[-118.92255,37.87989],[-118.92236,37.87985],[-118.92176,37.87966],[-118.92171,37.87962],[-118.92154,37.87932],[-118.9215,37.87927],[-118.9214,37.8792],[-118.92125,37.87915],[-118.92097,37.87911],[-118.92086,37.87906],[-118.92076,37.87896],[-118.92064,37.8787],[-118.92055,37.87858],[-118.92018,37.87823],[-118.9199,37.87793],[-118.91985,37.8778],[-118.91976,37.87744],[-118.91959,37.87717],[-118.91957,37.87703],[-118.9196,37.87696],[-118.91964,37.87693],[-118.91992,37.87677],[-118.92001,37.87666],[-118.92054,37.87578],[-118.92065,37.87558],[-118.92068,37.87533],[-118.92063,37.87493],[-118.92061,37.87471],[-118.92063,37.87457],[-118.92075,37.87442],[-118.92089,37.87429],[-118.92094,37.87417],[-118.92092,37.87403],[-118.9207,37.87298],[-118.92066,37.8727],[-118.92061,37.87255],[-118.92051,37.87242],[-118.92049,37.87237],[-118.92044,37.87218],[-118.92047,37.87198]]}},{"type":"Feature","properties":{"name":"Bald Mountain Springs Road","road_class":"track","surface":"unpaved","source":"Caltrans All Roads + OpenStreetMap explicit surface","source_detail":"osm way 909237110; Caltrans All Roads public-network geometry match","source_tile":"173/395","public_network_source":"Caltrans All Roads (ARNOLD/HPMS)","surface_source":"OpenStreetMap explicit surface tag","caltrans_match_coverage":1.0,"verified_length_m":1101},"geometry":{"type":"LineString","coordinates":[[-118.88005,37.78468],[-118.87993,37.78477],[-118.87988,37.785],[-118.87965,37.78605],[-118.87965,37.78615],[-118.87966,37.78625],[-118.87968,37.78638],[-118.88003,37.78754],[-118.88064,37.78934],[-118.88083,37.79001],[-118.88099,37.79066],[-118.88109,37.79122],[-118.8812,37.79229],[-118.88119,37.79237],[-118.88114,37.79247],[-118.88106,37.79255],[-118.88096,37.79261],[-118.88091,37.79266],[-118.88089,37.79272],[-118.88091,37.79277],[-118.88112,37.79299],[-118.88121,37.79307],[-118.88133,37.79314],[-118.88146,37.79318],[-118.88168,37.79323],[-118.88188,37.79326],[-118.8821,37.79326],[-118.8822,37.79326],[-118.88239,37.79323],[-118.88262,37.79311]]}},{"type":"Feature","properties":{"name":"(unnamed public road)","road_class":"unclassified","surface":"unpaved","source":"Caltrans All Roads + OpenStreetMap explicit surface","source_detail":"osm way 909237117; Caltrans All Roads public-network geometry match","source_tile":"173/395","public_network_source":"Caltrans All Roads (ARNOLD/HPMS)","surface_source":"OpenStreetMap explicit surface tag","caltrans_match_coverage":1.0,"verified_length_m":3412},"geometry":{"type":"LineString","coordinates":[[-118.95968,37.80548],[-118.95891,37.805],[-118.9586,37.80483],[-118.9578,37.80441],[-118.95729,37.80416],[-118.95618,37.80358],[-118.95504,37.80295],[-118.95416,37.80248],[-118.95386,37.80232],[-118.95247,37.80155],[-118.95171,37.80117],[-118.94884,37.79967],[-118.94816,37.79935],[-118.94682,37.79857],[-118.94612,37.7982],[-118.94471,37.79748],[-118.944,37.79713],[-118.94334,37.79677],[-118.94204,37.7961],[-118.94139,37.79574],[-118.94077,37.79541],[-118.94013,37.7951],[-118.93948,37.79476],[-118.93882,37.79439],[-118.93824,37.79408],[-118.93684,37.79333],[-118.93645,37.7931],[-118.93568,37.79267],[-118.93509,37.79235],[-118.93414,37.79188],[-118.92789,37.78861],[-118.92766,37.78847],[-118.92749,37.7883]]}},{"type":"Feature","properties":{"name":"FR 1N17A","road_class":"track","surface":"ground","tracktype":"grade5","motor_vehicle":"designated","source":"Caltrans All Roads + OpenStreetMap explicit surface","source_detail":"osm way 910699303; Caltrans All Roads public-network geometry match","source_tile":"173/395","public_network_source":"Caltrans All Roads (ARNOLD/HPMS)","surface_source":"OpenStreetMap explicit surface tag","caltrans_match_coverage":1.0,"verified_length_m":1478},"geometry":{"type":"LineString","coordinates":[[-119.10243,37.91888],[-119.10253,37.91889],[-119.10265,37.91888],[-119.10279,37.91885],[-119.10292,37.9188],[-119.10302,37.91874],[-119.10309,37.91865],[-119.10313,37.91857],[-119.10319,37.91844],[-119.10324,37.91831],[-119.10332,37.91814],[-119.10336,37.91799],[-119.10337,37.91788],[-119.10336,37.91775],[-119.10328,37.91744],[-119.10322,37.91722],[-119.10319,37.91705],[-119.10316,37.91676],[-119.10315,37.91668],[-119.10319,37.91663],[-119.10322,37.91661],[-119.10328,37.9166],[-119.10335,37.91662],[-119.1034,37.91666],[-119.10346,37.91673],[-119.10358,37.91687],[-119.10381,37.91707],[-119.10402,37.91723],[-119.10439,37.91749],[-119.10463,37.91767],[-119.10478,37.91783],[-119.105,37.91809],[-119.1051,37.91824],[-119.10517,37.91839],[-119.10526,37.91856],[-119.10536,37.9187],[-119.10552,37.91893],[-119.10563,37.91912],[-119.10572,37.9193],[-119.10579,37.91945],[-119.1059,37.91974],[-119.10605,37.92004],[-119.10621,37.92036],[-119.10635,37.92068],[-119.10644,37.92089],[-119.10651,37.92113],[-119.10662,37.92151],[-119.10671,37.92196],[-119.10677,37.92219],[-119.10677,37.92234],[-119.10675,37.92244],[-119.10674,37.92257],[-119.10674,37.92266],[-119.10679,37.92277],[-119.10687,37.92287],[-119.10699,37.923],[-119.10714,37.92313],[-119.10732,37.92325],[-119.10758,37.92341],[-119.10778,37.92353],[-119.10793,37.9236],[-119.1082,37.92371],[-119.10835,37.92377],[-119.10845,37.92382],[-119.10858,37.92391],[-119.10869,37.92399],[-119.10899,37.92423],[-119.10911,37.92432],[-119.10922,37.92444],[-119.10938,37.92462],[-119.10947,37.92469],[-119.10962,37.9248],[-119.10982,37.92494],[-119.10989,37.92498],[-119.10995,37.92499],[-119.11002,37.92498],[-119.11013,37.92494],[-119.1102,37.92491]]}},{"type":"Feature","properties":{"name":"Horse Meadows Road","road_class":"unclassified","surface":"ground","source":"Caltrans All Roads + OpenStreetMap explicit surface","source_detail":"osm way 910699304; Caltrans All Roads public-network geometry match","source_tile":"173/395","public_network_source":"Caltrans All Roads (ARNOLD/HPMS)","surface_source":"OpenStreetMap explicit surface tag","caltrans_match_coverage":1.0,"verified_length_m":1525},"geometry":{"type":"LineString","coordinates":[[-119.11786,37.93489],[-119.11767,37.93499],[-119.11754,37.93504],[-119.1174,37.93508],[-119.11681,37.9352],[-119.11669,37.93522],[-119.11659,37.93522],[-119.11643,37.93519],[-119.11625,37.93516],[-119.11609,37.93515],[-119.11567,37.93511],[-119.1155,37.93509],[-119.11534,37.93505],[-119.11519,37.93501],[-119.11462,37.93485],[-119.1145,37.93482],[-119.1144,37.93481],[-119.11427,37.93482],[-119.11385,37.93486],[-119.11357,37.93487],[-119.11331,37.93488],[-119.11144,37.93488],[-119.11047,37.93488],[-119.11027,37.93488],[-119.11015,37.93489],[-119.11,37.9349],[-119.1099,37.9349],[-119.10983,37.93489],[-119.10976,37.93486],[-119.10957,37.9348],[-119.10944,37.93476],[-119.10924,37.93472],[-119.10904,37.93468],[-119.10877,37.93464],[-119.10859,37.93462],[-119.10845,37.9346],[-119.10834,37.9346],[-119.10821,37.9346],[-119.10808,37.93461],[-119.10793,37.93463],[-119.10782,37.93466],[-119.1077,37.93469],[-119.10752,37.93474],[-119.10739,37.93478],[-119.10728,37.9348],[-119.10716,37.93481],[-119.10703,37.93481],[-119.10591,37.93484],[-119.10576,37.93483],[-119.10565,37.93482],[-119.10558,37.93481],[-119.10553,37.93479],[-119.10539,37.93473],[-119.10526,37.93468],[-119.10516,37.93464],[-119.10509,37.93462],[-119.10499,37.9346],[-119.10489,37.9346],[-119.10477,37.9346],[-119.10466,37.93462],[-119.10452,37.93466],[-119.10434,37.93473],[-119.10374,37.93498],[-119.10335,37.93517],[-119.10308,37.93531],[-119.10277,37.9355],[-119.10254,37.93563],[-119.10241,37.93572],[-119.10229,37.93581],[-119.10214,37.93592],[-119.10205,37.93597],[-119.10198,37.936],[-119.10191,37.93601],[-119.10184,37.93601],[-119.10161,37.936],[-119.10146,37.93599],[-119.10138,37.93599],[-119.10134,37.936]]}},{"type":"Feature","properties":{"name":"(unnamed public road)","road_class":"track","surface":"unpaved","source":"Caltrans All Roads + OpenStreetMap explicit surface","source_detail":"osm way 910699310; Caltrans All Roads public-network geometry match","source_tile":"173/395","public_network_source":"Caltrans All Roads (ARNOLD/HPMS)","surface_source":"OpenStreetMap explicit surface tag","caltrans_match_coverage":1.0,"verified_length_m":1046},"geometry":{"type":"LineString","coordinates":[[-119.09469,37.94488],[-119.0957,37.94537],[-119.09639,37.94564],[-119.09787,37.94644],[-119.09846,37.94672],[-119.0985,37.94673],[-119.09885,37.94689],[-119.09897,37.94698],[-119.09958,37.94722],[-119.0998,37.94733],[-119.09995,37.94743],[-119.10008,37.94756],[-119.10095,37.94803],[-119.10106,37.94808],[-119.10168,37.94837],[-119.10243,37.94858],[-119.10301,37.94879],[-119.1037,37.94913],[-119.10446,37.94935],[-119.10465,37.94945],[-119.10483,37.94969]]}},{"type":"Feature","properties":{"name":"1N50B","road_class":"track","surface":"unpaved","source":"Caltrans All Roads + OpenStreetMap explicit surface","source_detail":"osm way 910699314; Caltrans All Roads public-network geometry match","source_tile":"173/395","public_network_source":"Caltrans All Roads (ARNOLD/HPMS)","surface_source":"OpenStreetMap explicit surface tag","caltrans_match_coverage":1.0,"verified_length_m":507},"geometry":{"type":"LineString","coordinates":[[-119.08127,37.91997],[-119.08136,37.91985],[-119.08161,37.91955],[-119.08187,37.91926],[-119.08193,37.91917],[-119.08218,37.91859],[-119.08226,37.91843],[-119.0823,37.91827],[-119.08231,37.91816],[-119.08227,37.91797],[-119.08226,37.91794],[-119.08226,37.91789],[-119.0823,37.91773],[-119.08247,37.9173],[-119.0825,37.91708],[-119.08254,37.91696],[-119.0826,37.91686],[-119.08272,37.91675],[-119.08278,37.91671],[-119.08282,37.91666],[-119.08283,37.9165],[-119.08277,37.9157]]}},{"type":"Feature","properties":{"name":"West Portal Road","road_class":"unclassified","surface":"unpaved","source":"Caltrans All Roads + OpenStreetMap explicit surface","source_detail":"osm way 910699322; Caltrans All Roads public-network geometry match","source_tile":"173/395","public_network_source":"Caltrans All Roads (ARNOLD/HPMS)","surface_source":"OpenStreetMap explicit surface tag","caltrans_match_coverage":1.0,"verified_length_m":2320},"geometry":{"type":"LineString","coordinates":[[-119.07174,37.84268],[-119.07168,37.8428],[-119.07148,37.84303],[-119.07136,37.84316],[-119.07111,37.84342],[-119.07082,37.84366],[-119.07015,37.84413],[-119.06945,37.84461],[-119.06836,37.84538],[-119.06799,37.84562],[-119.06485,37.84781],[-119.06314,37.84902],[-119.06188,37.84989],[-119.06156,37.85016],[-119.0612,37.85045],[-119.06088,37.85076],[-119.06036,37.85137],[-119.0601,37.8517],[-119.05944,37.8527],[-119.05921,37.85309],[-119.05821,37.85464],[-119.05787,37.85513],[-119.05784,37.8554],[-119.05785,37.85551],[-119.05793,37.85569],[-119.05796,37.85583],[-119.05796,37.85599],[-119.05792,37.85615],[-119.05785,37.85628],[-119.05776,37.8564],[-119.05765,37.8565],[-119.05733,37.85671],[-119.05729,37.85677],[-119.05728,37.85684],[-119.05731,37.85692],[-119.05736,37.85701],[-119.05738,37.85706],[-119.05742,37.8571],[-119.05747,37.85714],[-119.05752,37.8572],[-119.05756,37.85721],[-119.05762,37.85724],[-119.0577,37.85727],[-119.05771,37.85727],[-119.05792,37.85735],[-119.05833,37.85749],[-119.05884,37.85784],[-119.05897,37.8579],[-119.05908,37.85792],[-119.0592,37.85792],[-119.05921,37.85792],[-119.05951,37.85786]]}},{"type":"Feature","properties":{"name":"(unnamed public road)","road_class":"track","surface":"unpaved","source":"Caltrans All Roads + OpenStreetMap explicit surface","source_detail":"osm way 958023670; Caltrans All Roads public-network geometry match","source_tile":"173/395","public_network_source":"Caltrans All Roads (ARNOLD/HPMS)","surface_source":"OpenStreetMap explicit surface tag","caltrans_match_coverage":1.0,"verified_length_m":1891},"geometry":{"type":"LineString","coordinates":[[-119.01362,37.82981],[-119.01306,37.83005],[-119.01237,37.83032],[-119.01164,37.83063],[-119.01125,37.83089],[-119.01117,37.83091],[-119.01105,37.83092],[-119.01052,37.83078],[-119.01044,37.83075],[-119.01039,37.83069],[-119.01039,37.83057],[-119.01046,37.83033],[-119.01046,37.83028],[-119.01045,37.83013],[-119.0104,37.82992],[-119.0104,37.82987],[-119.01041,37.82977],[-119.01048,37.8296],[-119.01057,37.82928],[-119.01056,37.82922],[-119.01052,37.82918],[-119.01048,37.82919],[-119.01011,37.82978],[-119.01001,37.82997],[-119.00989,37.83024],[-119.00978,37.83039],[-119.00967,37.83072],[-119.00952,37.83109],[-119.00947,37.8313],[-119.00945,37.83144],[-119.00944,37.83174],[-119.00944,37.8319],[-119.00939,37.83208],[-119.00935,37.83223],[-119.00929,37.83263],[-119.00909,37.83373],[-119.00902,37.83385],[-119.0089,37.83395],[-119.00876,37.83403],[-119.00861,37.83408],[-119.00828,37.83413],[-119.00766,37.83427],[-119.00733,37.83442],[-119.00683,37.83454],[-119.00673,37.83457],[-119.00652,37.83462],[-119.0064,37.83464],[-119.00576,37.83467],[-119.00527,37.83467],[-119.0052,37.83467],[-119.00475,37.83467],[-119.00434,37.83468],[-119.00411,37.8347],[-119.00403,37.83471],[-119.00379,37.83475],[-119.0036,37.8348],[-119.00343,37.83485],[-119.00332,37.83491],[-119.0031,37.835],[-119.00295,37.83507],[-119.00228,37.83552],[-119.00222,37.83557],[-119.00197,37.83582],[-119.00185,37.83596],[-119.00176,37.83611],[-119.00167,37.83638],[-119.00162,37.83656],[-119.00157,37.83682],[-119.00152,37.83696],[-119.00146,37.83702],[-119.00134,37.83707],[-119.00113,37.83713]]}},{"type":"Feature","properties":{"name":"(unnamed public road)","road_class":"track","surface":"unpaved","source":"Caltrans All Roads + OpenStreetMap explicit surface","source_detail":"osm way 958023672; Caltrans All Roads public-network geometry match","source_tile":"173/395","public_network_source":"Caltrans All Roads (ARNOLD/HPMS)","surface_source":"OpenStreetMap explicit surface tag","caltrans_match_coverage":1.0,"verified_length_m":2700},"geometry":{"type":"LineString","coordinates":[[-119.06499,37.93906],[-119.06502,37.93927],[-119.06516,37.93945],[-119.0654,37.93957],[-119.06555,37.93968],[-119.06625,37.94044],[-119.0666,37.94078],[-119.06691,37.94103],[-119.067,37.94108],[-119.06753,37.94129],[-119.06823,37.94162],[-119.0687,37.94187],[-119.06885,37.94194],[-119.06963,37.94212],[-119.07027,37.94229],[-119.07102,37.94243],[-119.07132,37.94246],[-119.07271,37.94266],[-119.07339,37.94274],[-119.07424,37.94286],[-119.07499,37.94294],[-119.07615,37.94301],[-119.07773,37.94323],[-119.0788,37.94343],[-119.08128,37.94381],[-119.08188,37.94392],[-119.08269,37.94398],[-119.08364,37.94409],[-119.0837,37.94411],[-119.08375,37.9441],[-119.08407,37.94415],[-119.08438,37.94417],[-119.08628,37.94445],[-119.08687,37.94449],[-119.08745,37.9445],[-119.08766,37.94446],[-119.08818,37.94422],[-119.08874,37.94403],[-119.08906,37.94385],[-119.08934,37.94373],[-119.08969,37.94369],[-119.0899,37.94371],[-119.09073,37.94411],[-119.09153,37.94447],[-119.09186,37.94457],[-119.09257,37.94461],[-119.09303,37.94455],[-119.09327,37.94462]]}},{"type":"Feature","properties":{"name":"(unnamed public road)","road_class":"unclassified","surface":"unpaved","source":"Caltrans All Roads + OpenStreetMap explicit surface","source_detail":"osm way 961811173; Caltrans All Roads public-network geometry match","source_tile":"173/395","public_network_source":"Caltrans All Roads (ARNOLD/HPMS)","surface_source":"OpenStreetMap explicit surface tag","caltrans_match_coverage":1.0,"verified_length_m":768},"geometry":{"type":"LineString","coordinates":[[-119.03781,37.82629],[-119.03749,37.82668],[-119.03724,37.82711],[-119.0371,37.82743],[-119.03676,37.82827],[-119.03666,37.82859],[-119.03667,37.82887],[-119.03667,37.82913],[-119.03658,37.82926],[-119.03647,37.82936],[-119.03611,37.82958],[-119.03578,37.8298],[-119.03558,37.82988],[-119.03522,37.82994],[-119.03485,37.82997],[-119.03467,37.82996],[-119.03444,37.82991],[-119.03383,37.82966],[-119.03367,37.82958],[-119.03321,37.82929],[-119.03293,37.82912],[-119.03263,37.82881]]}},{"type":"Feature","properties":{"name":"Horse Meadows Road","road_class":"track","surface":"ground","tracktype":"grade4","motor_vehicle":"designated","source":"Caltrans All Roads + OpenStreetMap explicit surface","source_detail":"osm way 962001616; Caltrans All Roads public-network geometry match","source_tile":"173/395","public_network_source":"Caltrans All Roads (ARNOLD/HPMS)","surface_source":"OpenStreetMap explicit surface tag","caltrans_match_coverage":1.0,"verified_length_m":881},"geometry":{"type":"LineString","coordinates":[[-119.1327,37.92452],[-119.13317,37.9243],[-119.13342,37.92417],[-119.13425,37.92374],[-119.13437,37.92367],[-119.13448,37.92364],[-119.1346,37.92363],[-119.13473,37.92365],[-119.13515,37.92368],[-119.13531,37.9237],[-119.13541,37.9237],[-119.1355,37.9237],[-119.13558,37.92368],[-119.1357,37.92367],[-119.13585,37.92367],[-119.13597,37.92365],[-119.13606,37.92366],[-119.13616,37.92366],[-119.13626,37.92364],[-119.1364,37.9236],[-119.13649,37.92357],[-119.13667,37.92345],[-119.13675,37.92339],[-119.1369,37.92332],[-119.13703,37.92326],[-119.13724,37.92316],[-119.1374,37.92309],[-119.13752,37.923],[-119.13766,37.92292],[-119.13776,37.92286],[-119.13796,37.92279],[-119.13806,37.92275],[-119.13816,37.92268],[-119.13823,37.92264],[-119.13834,37.9226],[-119.13846,37.92256],[-119.13856,37.9225],[-119.13873,37.92239],[-119.13905,37.92217],[-119.13917,37.92213],[-119.13929,37.92211],[-119.1394,37.92212],[-119.13952,37.92214],[-119.1397,37.92219],[-119.13975,37.9222],[-119.13981,37.92221],[-119.13987,37.92219],[-119.13992,37.92216],[-119.13997,37.92211],[-119.14003,37.92206],[-119.14009,37.92202],[-119.14016,37.92199],[-119.14022,37.92199],[-119.14031,37.922],[-119.14049,37.92202],[-119.14058,37.92203],[-119.14067,37.92202],[-119.14078,37.922],[-119.14091,37.92196],[-119.141,37.92191],[-119.1411,37.92187],[-119.14122,37.92184],[-119.14134,37.92183],[-119.14147,37.92182],[-119.14156,37.92181],[-119.14162,37.92181]]}},{"type":"Feature","properties":{"name":"Grant Lake Road","road_class":"unclassified","surface":"unpaved","source":"Caltrans All Roads + OpenStreetMap explicit surface","source_detail":"osm way 1057995302; Caltrans All Roads public-network geometry match","source_tile":"173/395","public_network_source":"Caltrans All Roads (ARNOLD/HPMS)","surface_source":"OpenStreetMap explicit surface tag","caltrans_match_coverage":0.961,"verified_length_m":1475},"geometry":{"type":"LineString","coordinates":[[-119.10929,37.87059],[-119.10919,37.87058],[-119.10912,37.87055],[-119.10905,37.8705],[-119.10686,37.86876],[-119.10548,37.86767],[-119.10523,37.86748],[-119.10509,37.86737],[-119.10501,37.86728],[-119.10496,37.86717],[-119.10492,37.86706],[-119.10488,37.8669],[-119.10471,37.86572],[-119.1046,37.86509],[-119.10431,37.86375],[-119.10429,37.86358],[-119.10434,37.8634],[-119.1044,37.8633],[-119.10448,37.86317],[-119.10472,37.86288],[-119.10475,37.86284],[-119.10477,37.86278],[-119.10477,37.86272],[-119.10475,37.86268],[-119.10471,37.86264],[-119.10463,37.86261],[-119.10279,37.86216],[-119.10272,37.86214],[-119.10266,37.86211],[-119.10262,37.86207],[-119.10259,37.86202],[-119.10227,37.86134],[-119.10222,37.86121],[-119.10211,37.86105],[-119.10203,37.861],[-119.10196,37.86096],[-119.10172,37.8609],[-119.10162,37.86088],[-119.10143,37.86088],[-119.10129,37.86091],[-119.10106,37.86101]]}},{"type":"Feature","properties":{"name":"Oil Plant Road","road_class":"unclassified","surface":"unpaved","source":"Caltrans All Roads + OpenStreetMap explicit surface","source_detail":"osm way 1157017520; Caltrans All Roads public-network geometry match","source_tile":"173/395","public_network_source":"Caltrans All Roads (ARNOLD/HPMS)","surface_source":"OpenStreetMap explicit surface tag","caltrans_match_coverage":1.0,"verified_length_m":540},"geometry":{"type":"LineString","coordinates":[[-119.11546,37.90648],[-119.11445,37.907],[-119.11405,37.90721],[-119.11336,37.90754],[-119.11255,37.90797],[-119.11238,37.90806],[-119.11225,37.90811],[-119.1121,37.90815],[-119.11188,37.9082],[-119.11019,37.90854],[-119.10999,37.90857]]}},{"type":"Feature","properties":{"name":"FR 1N106","road_class":"track","surface":"ground","tracktype":"grade3","motor_vehicle":"designated","source":"Caltrans All Roads + OpenStreetMap explicit surface","source_detail":"osm way 1157017527; Caltrans All Roads public-network geometry match","source_tile":"173/395","public_network_source":"Caltrans All Roads (ARNOLD/HPMS)","surface_source":"OpenStreetMap explicit surface tag","caltrans_match_coverage":1.0,"verified_length_m":1338},"geometry":{"type":"LineString","coordinates":[[-119.11546,37.90648],[-119.11562,37.9064],[-119.11573,37.90635],[-119.11583,37.9063],[-119.11592,37.90626],[-119.11601,37.90623],[-119.11611,37.90622],[-119.11621,37.90623],[-119.11629,37.90625],[-119.11636,37.90629],[-119.11642,37.90633],[-119.11648,37.90641],[-119.11664,37.90665],[-119.11672,37.90675],[-119.11682,37.90685],[-119.11693,37.90694],[-119.11703,37.907],[-119.11715,37.90706],[-119.11731,37.90713],[-119.11741,37.90719],[-119.11753,37.90727],[-119.11779,37.90746],[-119.1179,37.90753],[-119.11799,37.90759],[-119.11806,37.90762],[-119.11815,37.90765],[-119.11829,37.90768],[-119.11855,37.90773],[-119.11872,37.90778],[-119.11931,37.90792],[-119.11943,37.90794],[-119.11963,37.90797],[-119.1198,37.90798],[-119.11993,37.90798],[-119.12012,37.90797],[-119.12021,37.90797],[-119.12034,37.90799],[-119.1205,37.90801],[-119.12077,37.90806],[-119.12098,37.9081],[-119.12147,37.90818],[-119.12163,37.9082],[-119.12177,37.90821],[-119.12197,37.90821],[-119.12227,37.90821],[-119.12245,37.90822],[-119.12261,37.90825],[-119.12276,37.90828],[-119.12289,37.9083],[-119.12301,37.90832],[-119.12313,37.90832],[-119.12325,37.90831],[-119.1234,37.9083],[-119.12354,37.90828],[-119.12393,37.90821],[-119.12408,37.90819],[-119.1242,37.90818],[-119.12433,37.90818],[-119.1245,37.90819],[-119.12489,37.90823],[-119.12505,37.90824],[-119.12516,37.90824],[-119.12525,37.90823],[-119.12537,37.90821],[-119.12549,37.90818],[-119.12565,37.90814],[-119.12591,37.90804],[-119.12604,37.908],[-119.12614,37.90798],[-119.12631,37.90795],[-119.12666,37.9079],[-119.12689,37.90784],[-119.12704,37.90777],[-119.12741,37.90766],[-119.12753,37.90763],[-119.12771,37.9076],[-119.12789,37.90757],[-119.128,37.90754],[-119.12819,37.90747],[-119.12834,37.90742],[-119.12843,37.90738],[-119.12856,37.90733],[-119.12883,37.90723],[-119.12893,37.90719],[-119.12908,37.90715],[-119.12918,37.90712],[-119.12932,37.90711],[-119.1294,37.9071],[-119.12946,37.90708]]}},{"type":"Feature","properties":{"name":"Horse Meadows Road","road_class":"track","surface":"ground","tracktype":"grade3","motor_vehicle":"designated","source":"Caltrans All Roads + OpenStreetMap explicit surface","source_detail":"osm way 1157017531; Caltrans All Roads public-network geometry match","source_tile":"173/395","public_network_source":"Caltrans All Roads (ARNOLD/HPMS)","surface_source":"OpenStreetMap explicit surface tag","caltrans_match_coverage":1.0,"verified_length_m":759},"geometry":{"type":"LineString","coordinates":[[-119.12412,37.93059],[-119.12399,37.93068],[-119.12385,37.93078],[-119.12374,37.93089],[-119.12364,37.93099],[-119.12351,37.93114],[-119.12341,37.93125],[-119.1233,37.93136],[-119.12318,37.93147],[-119.12299,37.93164],[-119.12286,37.93176],[-119.12276,37.93185],[-119.1227,37.93192],[-119.12262,37.932],[-119.12255,37.93207],[-119.1225,37.9321],[-119.12242,37.93213],[-119.12229,37.93217],[-119.12178,37.93229],[-119.12164,37.93233],[-119.12085,37.93257],[-119.12072,37.93261],[-119.12059,37.93265],[-119.12048,37.9327],[-119.12038,37.93276],[-119.12027,37.93282],[-119.12017,37.93288],[-119.12008,37.93292],[-119.11996,37.93297],[-119.11963,37.9331],[-119.11945,37.93317],[-119.11932,37.93324],[-119.11917,37.93331],[-119.11906,37.93337],[-119.119,37.93342],[-119.11896,37.93347],[-119.11892,37.93354],[-119.11878,37.93379],[-119.11871,37.93392],[-119.11861,37.93409],[-119.11855,37.9342],[-119.1185,37.9343],[-119.1184,37.93449],[-119.11833,37.93461],[-119.11828,37.93466],[-119.11822,37.93471],[-119.11814,37.93475],[-119.11786,37.93489]]}},{"type":"Feature","properties":{"name":"Horse Meadows Road","road_class":"track","surface":"ground","tracktype":"grade4","access":"permissive","source":"Caltrans All Roads + OpenStreetMap explicit surface","source_detail":"osm way 1157017533; Caltrans All Roads public-network geometry match","source_tile":"173/395","public_network_source":"Caltrans All Roads (ARNOLD/HPMS)","surface_source":"OpenStreetMap explicit surface tag","caltrans_match_coverage":1.0,"verified_length_m":916},"geometry":{"type":"LineString","coordinates":[[-119.14162,37.92181],[-119.14168,37.92182],[-119.14205,37.92184],[-119.14233,37.92185],[-119.14254,37.92186],[-119.14269,37.92186],[-119.14285,37.92187],[-119.14339,37.92195],[-119.14363,37.92199],[-119.14375,37.92203],[-119.14394,37.92211],[-119.14405,37.92218],[-119.1443,37.9223],[-119.1446,37.92243],[-119.14471,37.92246],[-119.14484,37.92248],[-119.14511,37.92251],[-119.14531,37.92253],[-119.14546,37.92256],[-119.14568,37.92262],[-119.14585,37.92266],[-119.14602,37.92269],[-119.14615,37.9227],[-119.14624,37.92271],[-119.14638,37.92268],[-119.14696,37.92255],[-119.14719,37.92249],[-119.14735,37.92244],[-119.14751,37.92237],[-119.14766,37.92229],[-119.14782,37.92219],[-119.14804,37.92203],[-119.14825,37.92184],[-119.14834,37.92175],[-119.14841,37.92167],[-119.14854,37.92147],[-119.14862,37.92137],[-119.14871,37.92129],[-119.14884,37.92118],[-119.14893,37.92109],[-119.14909,37.92091],[-119.14933,37.92064],[-119.14947,37.92052],[-119.14961,37.92042],[-119.14977,37.92032],[-119.15001,37.92019],[-119.15011,37.92016],[-119.15021,37.92015],[-119.15029,37.92014],[-119.1505,37.92014]]}},{"type":"Feature","properties":{"name":"1N19","road_class":"unclassified","surface":"unpaved","source":"Caltrans All Roads + OpenStreetMap explicit surface","source_detail":"osm way 1158493614; Caltrans All Roads public-network geometry match","source_tile":"173/395","public_network_source":"Caltrans All Roads (ARNOLD/HPMS)","surface_source":"OpenStreetMap explicit surface tag","caltrans_match_coverage":1.0,"verified_length_m":503},"geometry":{"type":"LineString","coordinates":[[-119.13847,37.89496],[-119.13849,37.89495],[-119.13858,37.89492],[-119.13878,37.89483],[-119.13898,37.89472],[-119.1391,37.89463],[-119.13918,37.89455],[-119.13926,37.89444],[-119.13934,37.8943],[-119.13938,37.89417],[-119.13942,37.89405],[-119.13954,37.89357],[-119.13958,37.89344],[-119.13961,37.89332],[-119.13962,37.8932],[-119.13963,37.89297],[-119.13964,37.89289],[-119.13966,37.89281],[-119.13971,37.89269],[-119.13979,37.89257],[-119.13986,37.89245],[-119.13989,37.89233],[-119.13991,37.89223],[-119.13994,37.89211],[-119.13999,37.89189],[-119.14005,37.89172],[-119.14014,37.89148],[-119.14025,37.89113],[-119.14028,37.89099],[-119.14036,37.89085]]}},{"type":"Feature","properties":{"name":"Farrington Siphon Road","road_class":"unclassified","surface":"unpaved","source":"Caltrans All Roads + OpenStreetMap explicit surface","source_detail":"osm way 1158493635; Caltrans All Roads public-network geometry match","source_tile":"173/395","public_network_source":"Caltrans All Roads (ARNOLD/HPMS)","surface_source":"OpenStreetMap explicit surface tag","caltrans_match_coverage":1.0,"verified_length_m":2975},"geometry":{"type":"LineString","coordinates":[[-119.11287,37.87192],[-119.11326,37.87202],[-119.11412,37.8726],[-119.11789,37.87437],[-119.1183,37.8745],[-119.11868,37.87449],[-119.11934,37.87467],[-119.11961,37.87507],[-119.11942,37.87566],[-119.11942,37.87579],[-119.11972,37.87615],[-119.11977,37.87625],[-119.119,37.87676],[-119.11887,37.8769],[-119.11886,37.87715],[-119.11886,37.87749],[-119.119,37.87826],[-119.11922,37.87875],[-119.11934,37.87914],[-119.11947,37.87933],[-119.12012,37.87976],[-119.12035,37.87989],[-119.1207,37.87994],[-119.12099,37.88006],[-119.12103,37.88012],[-119.12103,37.88021],[-119.12101,37.88028],[-119.12094,37.88036],[-119.12081,37.88046],[-119.12062,37.88064],[-119.12058,37.88071],[-119.12051,37.88086],[-119.12049,37.88091],[-119.12042,37.88119],[-119.12041,37.88129],[-119.12042,37.88139],[-119.12044,37.88149],[-119.12051,37.88166],[-119.12073,37.88202],[-119.12082,37.88213],[-119.12089,37.8822],[-119.12097,37.88226],[-119.12108,37.88233],[-119.12153,37.88252],[-119.12184,37.88264],[-119.12244,37.88287],[-119.1233,37.88318],[-119.12363,37.88332],[-119.12412,37.8835],[-119.12547,37.88403],[-119.12559,37.88409],[-119.12569,37.88416],[-119.12587,37.88432],[-119.12634,37.88471],[-119.12643,37.8848],[-119.12651,37.88489],[-119.12655,37.88495],[-119.12662,37.88509],[-119.12666,37.8852],[-119.12668,37.88531],[-119.12669,37.88543],[-119.1264,37.88749],[-119.12634,37.88791],[-119.12631,37.88827],[-119.12619,37.88892],[-119.12615,37.88903],[-119.12606,37.88915],[-119.12593,37.88927],[-119.12585,37.88932],[-119.12562,37.88941],[-119.12484,37.88974],[-119.12427,37.88999],[-119.12408,37.89009],[-119.12349,37.89031]]}},{"type":"Feature","properties":{"name":"Walker Lake Road","road_class":"unclassified","surface":"unpaved","access":"permissive","source":"Caltrans All Roads + OpenStreetMap explicit surface","source_detail":"osm way 1158493636; Caltrans All Roads public-network geometry match","source_tile":"173/395","public_network_source":"Caltrans All Roads (ARNOLD/HPMS)","surface_source":"OpenStreetMap explicit surface tag","caltrans_match_coverage":1.0,"verified_length_m":922},"geometry":{"type":"LineString","coordinates":[[-119.12149,37.89663],[-119.1216,37.89664],[-119.12176,37.89663],[-119.1223,37.89654],[-119.12285,37.89645],[-119.12302,37.89644],[-119.12318,37.89644],[-119.12337,37.89647],[-119.12362,37.89651],[-119.12417,37.89663],[-119.12431,37.89665],[-119.12445,37.89665],[-119.12465,37.89664],[-119.12501,37.8966],[-119.12521,37.89657],[-119.12545,37.89656],[-119.12568,37.89655],[-119.12585,37.89653],[-119.12598,37.89649],[-119.12609,37.89642],[-119.12618,37.89634],[-119.12636,37.89615],[-119.12645,37.89609],[-119.12656,37.89605],[-119.12665,37.89603],[-119.12681,37.89601],[-119.12703,37.896],[-119.12717,37.89601],[-119.12737,37.89603],[-119.12756,37.89605],[-119.12777,37.89609],[-119.12812,37.89617],[-119.12856,37.89626],[-119.12993,37.89653],[-119.13042,37.89662],[-119.13078,37.89667],[-119.13099,37.89667],[-119.1313,37.89664],[-119.13156,37.8966]]}},{"type":"Feature","properties":{"name":"FR 1N60","road_class":"track","surface":"dirt","source":"Caltrans All Roads + OpenStreetMap explicit surface","source_detail":"osm way 1254734273; Caltrans All Roads public-network geometry match","source_tile":"173/395","public_network_source":"Caltrans All Roads (ARNOLD/HPMS)","surface_source":"OpenStreetMap explicit surface tag","caltrans_match_coverage":1.0,"verified_length_m":1268},"geometry":{"type":"LineString","coordinates":[[-119.00831,37.91947],[-119.00849,37.9196],[-119.0092,37.92005],[-119.00932,37.92015],[-119.0095,37.92032],[-119.00964,37.92044],[-119.01009,37.9209],[-119.01011,37.92094],[-119.01017,37.92101],[-119.01041,37.92141],[-119.01065,37.92187],[-119.01072,37.92196],[-119.01088,37.92211],[-119.01099,37.92223],[-119.01113,37.92238],[-119.01148,37.92297],[-119.01197,37.92367],[-119.01233,37.9241],[-119.0127,37.92462],[-119.01291,37.9249],[-119.0132,37.92513],[-119.01332,37.92525],[-119.01368,37.92553],[-119.01403,37.9259],[-119.01419,37.92604],[-119.01444,37.92619],[-119.01459,37.92627],[-119.01523,37.92667],[-119.01547,37.92687],[-119.01635,37.92751],[-119.01673,37.92777],[-119.01741,37.92815]]}},{"type":"Feature","properties":{"name":"Mono Mills Connection Road","road_class":"track","surface":"dirt","source":"Caltrans All Roads + OpenStreetMap explicit surface","source_detail":"osm way 1254734274; Caltrans All Roads public-network geometry match","source_tile":"173/395","public_network_source":"Caltrans All Roads (ARNOLD/HPMS)","surface_source":"OpenStreetMap explicit surface tag","caltrans_match_coverage":1.0,"verified_length_m":6371},"geometry":{"type":"LineString","coordinates":[[-118.95475,37.93723],[-118.95556,37.93708],[-118.95665,37.93687],[-118.95876,37.93651],[-118.96115,37.93604],[-118.96205,37.93589],[-118.96313,37.93579],[-118.96328,37.93579],[-118.96342,37.9358],[-118.96374,37.93584],[-118.96389,37.93587],[-118.96562,37.93622],[-118.96582,37.93625],[-118.96622,37.93628],[-118.96764,37.93628],[-118.968,37.93626],[-118.96876,37.93622],[-118.97064,37.93601],[-118.97096,37.93596],[-118.97129,37.93585],[-118.97155,37.93577],[-118.97254,37.93561],[-118.9728,37.93557],[-118.973,37.93551],[-118.97313,37.93546],[-118.97326,37.93536],[-118.97391,37.93485],[-118.97448,37.93437],[-118.97493,37.93403],[-118.97546,37.93366],[-118.97602,37.93337],[-118.97666,37.93306],[-118.97696,37.93294],[-118.9771,37.93289],[-118.9773,37.93285],[-118.9774,37.93285],[-118.97937,37.93289],[-118.98122,37.93291],[-118.98217,37.93291],[-118.98307,37.93293],[-118.9849,37.93295],[-118.98654,37.93298],[-118.98723,37.93298],[-118.98793,37.933],[-118.99298,37.93305],[-118.99745,37.93314],[-118.99861,37.93314],[-118.99915,37.93315],[-118.99971,37.93315],[-119.00019,37.93321],[-119.00096,37.93338],[-119.00174,37.93357],[-119.00302,37.93386],[-119.00337,37.9339],[-119.00366,37.93391],[-119.00445,37.93392],[-119.00463,37.93394],[-119.00481,37.93398],[-119.00498,37.93403],[-119.00515,37.9341],[-119.00572,37.9344],[-119.006,37.93457],[-119.00615,37.93464],[-119.00641,37.93468],[-119.00658,37.93467],[-119.00685,37.93465],[-119.0069,37.93464],[-119.00721,37.93456],[-119.00737,37.9345],[-119.00769,37.93434],[-119.00807,37.93409],[-119.0083,37.9339],[-119.00902,37.93323],[-119.0094,37.93293],[-119.00979,37.93266],[-119.0102,37.93226],[-119.01034,37.93214],[-119.01114,37.9317],[-119.01156,37.93137],[-119.01223,37.93095],[-119.01331,37.9304],[-119.01372,37.93015],[-119.01414,37.92993],[-119.01474,37.92953],[-119.01546,37.92917],[-119.01694,37.9283],[-119.0171,37.92822],[-119.01741,37.92815],[-119.01813,37.92814],[-119.01931,37.92816],[-119.02071,37.9279],[-119.02161,37.92786],[-119.02214,37.92775],[-119.02235,37.92772]]}},{"type":"Feature","properties":{"name":"Navy Beach Parking West Road","road_class":"track","surface":"compacted","tracktype":"grade2","source":"Caltrans All Roads + OpenStreetMap explicit surface","source_detail":"osm way 1254734281; Caltrans All Roads public-network geometry match","source_tile":"173/395","public_network_source":"Caltrans All Roads (ARNOLD/HPMS)","surface_source":"OpenStreetMap explicit surface tag","caltrans_match_coverage":1.0,"verified_length_m":651},"geometry":{"type":"LineString","coordinates":[[-119.02,37.94069],[-119.01987,37.94056],[-119.01961,37.94031],[-119.01948,37.94019],[-119.01937,37.94011],[-119.01925,37.94006],[-119.01907,37.94003],[-119.01851,37.94002],[-119.01763,37.94001],[-119.01708,37.94002],[-119.01674,37.94001],[-119.01601,37.94005],[-119.01531,37.9401],[-119.01473,37.94014],[-119.01412,37.94019],[-119.01343,37.94027],[-119.01323,37.94027],[-119.01296,37.94027]]}},{"type":"Feature","properties":{"name":"Log Cabin Mine Road","road_class":"unclassified","surface":"unpaved","source":"Caltrans All Roads + OpenStreetMap explicit surface","source_detail":"osm way 1495152542; Caltrans All Roads public-network geometry match","source_tile":"173/395","public_network_source":"Caltrans All Roads (ARNOLD/HPMS)","surface_source":"OpenStreetMap explicit surface tag","caltrans_match_coverage":0.997,"verified_length_m":2973},"geometry":{"type":"LineString","coordinates":[[-119.14835,37.94515],[-119.1483,37.94503],[-119.1483,37.94493],[-119.14836,37.94483],[-119.14846,37.94471],[-119.14868,37.94456],[-119.14877,37.94444],[-119.14884,37.94426],[-119.14886,37.94416],[-119.14886,37.94407],[-119.14885,37.94402],[-119.14883,37.94394],[-119.14869,37.94372],[-119.14862,37.94357],[-119.14852,37.94343],[-119.14827,37.94295],[-119.14801,37.94263],[-119.14789,37.94251],[-119.1478,37.94234],[-119.14775,37.94227],[-119.14767,37.94213],[-119.14743,37.94179],[-119.14733,37.94156],[-119.14731,37.94146],[-119.14727,37.94138],[-119.14721,37.94117],[-119.147,37.94099],[-119.14678,37.94075],[-119.14667,37.9406],[-119.14663,37.94057],[-119.14654,37.94055],[-119.14636,37.94055],[-119.14618,37.94057],[-119.14605,37.9406],[-119.14534,37.94082],[-119.14478,37.94105],[-119.14429,37.94129],[-119.14396,37.94144],[-119.14266,37.94191],[-119.14244,37.94199],[-119.14219,37.94209],[-119.14147,37.94244],[-119.14122,37.94254],[-119.141,37.94261],[-119.1408,37.94266],[-119.14002,37.94281],[-119.13918,37.94294],[-119.13889,37.94297],[-119.13871,37.94298],[-119.1385,37.94296],[-119.13833,37.94292],[-119.13813,37.94286],[-119.13783,37.94277],[-119.13769,37.94271],[-119.13762,37.94269],[-119.13749,37.94268],[-119.13729,37.94267],[-119.13704,37.94266],[-119.13667,37.94265],[-119.13644,37.94265],[-119.13617,37.94267],[-119.1359,37.94269],[-119.13566,37.94271],[-119.13548,37.94272],[-119.13533,37.94275],[-119.13488,37.94286],[-119.1346,37.94292],[-119.13416,37.94298],[-119.13327,37.94306],[-119.13289,37.94309],[-119.13243,37.94311],[-119.13212,37.94311],[-119.13185,37.9431],[-119.13138,37.94309],[-119.13122,37.9431],[-119.13107,37.94313],[-119.13096,37.94314],[-119.13087,37.94313],[-119.13085,37.94309],[-119.13087,37.94304],[-119.13094,37.94298],[-119.13137,37.94273],[-119.13161,37.94261],[-119.13185,37.94251],[-119.13191,37.94246],[-119.13193,37.94241],[-119.13191,37.94237],[-119.13185,37.94234],[-119.13174,37.94234],[-119.13093,37.94238],[-119.13049,37.94238],[-119.1296,37.94235],[-119.12939,37.94234],[-119.12918,37.94235],[-119.12867,37.94238],[-119.12821,37.94238],[-119.12807,37.94237],[-119.128,37.94235],[-119.12796,37.94231],[-119.12796,37.94225],[-119.12799,37.94217],[-119.12803,37.94209],[-119.12803,37.94203],[-119.128,37.94199],[-119.12794,37.94198],[-119.12787,37.94199],[-119.12776,37.94204],[-119.12744,37.94219],[-119.12728,37.94228],[-119.12708,37.94241],[-119.12693,37.94251],[-119.12681,37.94257],[-119.12651,37.94271],[-119.12642,37.94273],[-119.12636,37.94271],[-119.12634,37.94269],[-119.12635,37.94264],[-119.12639,37.94256],[-119.12645,37.94247],[-119.1265,37.94234],[-119.12655,37.94224],[-119.12662,37.94217],[-119.1267,37.9421],[-119.12674,37.94205],[-119.12674,37.942],[-119.12671,37.94195],[-119.12662,37.94187],[-119.12648,37.94178],[-119.12639,37.94171],[-119.12629,37.94158],[-119.12622,37.94153],[-119.12614,37.94149],[-119.12591,37.94143],[-119.12578,37.94139],[-119.12573,37.94135],[-119.12572,37.94127],[-119.12572,37.94115],[-119.12577,37.94106],[-119.12585,37.94095]]}},{"type":"Feature","properties":{"name":"(unnamed public road)","road_class":"track","surface":"unpaved","source":"Caltrans All Roads + OpenStreetMap explicit surface","source_detail":"osm way 10450707; Caltrans All Roads public-network geometry match","source_tile":"173/396","public_network_source":"Caltrans All Roads (ARNOLD/HPMS)","surface_source":"OpenStreetMap explicit surface tag","caltrans_match_coverage":1.0,"verified_length_m":860},"geometry":{"type":"LineString","coordinates":[[-118.95782,37.71869],[-118.95768,37.71868],[-118.95763,37.71868],[-118.95741,37.71863],[-118.95719,37.7186],[-118.95708,37.71857],[-118.95703,37.71855],[-118.95697,37.7185],[-118.95691,37.71842],[-118.95689,37.71831],[-118.95685,37.71823],[-118.9568,37.71815],[-118.95673,37.71811],[-118.95667,37.7181],[-118.95654,37.71806],[-118.95648,37.71806],[-118.95643,37.71807],[-118.95622,37.71827],[-118.95603,37.71827],[-118.95582,37.71822],[-118.95557,37.71805],[-118.95548,37.71806],[-118.95534,37.71804],[-118.95521,37.71805],[-118.95507,37.71807],[-118.95477,37.71823],[-118.95469,37.71831],[-118.95453,37.7185],[-118.95445,37.71857],[-118.95438,37.71861],[-118.95427,37.71864],[-118.95377,37.71868],[-118.95358,37.71869],[-118.95302,37.71865],[-118.95291,37.71862],[-118.9527,37.71856],[-118.95223,37.71824],[-118.95206,37.71815],[-118.9509,37.71737],[-118.95082,37.7173],[-118.95069,37.7171],[-118.95062,37.71702],[-118.95034,37.71682],[-118.95025,37.71676],[-118.95017,37.71674],[-118.94989,37.7167]]}},{"type":"Feature","properties":{"name":"Antelope Mountain Road","road_class":"track","surface":"compacted","tracktype":"grade2","source":"Caltrans All Roads + OpenStreetMap explicit surface","source_detail":"osm way 10450854; Caltrans All Roads public-network geometry match","source_tile":"173/396","public_network_source":"Caltrans All Roads (ARNOLD/HPMS)","surface_source":"OpenStreetMap explicit surface tag","caltrans_match_coverage":1.0,"verified_length_m":5986},"geometry":{"type":"LineString","coordinates":[[-118.88722,37.68126],[-118.88713,37.68137],[-118.88686,37.68149],[-118.8864,37.68172],[-118.88623,37.68185],[-118.88478,37.68306],[-118.884,37.6839],[-118.88387,37.68405],[-118.88374,37.68419],[-118.88369,37.6843],[-118.88369,37.68437],[-118.8837,37.68446],[-118.88373,37.68453],[-118.8838,37.6846],[-118.88391,37.68469],[-118.88409,37.6848],[-118.88439,37.68499],[-118.88456,37.68512],[-118.88473,37.68531],[-118.88479,37.68544],[-118.88484,37.68564],[-118.88488,37.68582],[-118.885,37.68624],[-118.88505,37.68659],[-118.88507,37.68692],[-118.8851,37.68708],[-118.88523,37.68738],[-118.88532,37.68754],[-118.88546,37.68768],[-118.88564,37.68783],[-118.88584,37.68798],[-118.88608,37.68813],[-118.88639,37.68834],[-118.88685,37.68871],[-118.88703,37.6889],[-118.88712,37.68903],[-118.88719,37.68918],[-118.88722,37.68935],[-118.88722,37.68953],[-118.88717,37.68968],[-118.8871,37.6898],[-118.88678,37.69018],[-118.88642,37.69065],[-118.88629,37.69089],[-118.88614,37.69123],[-118.88602,37.69169],[-118.88597,37.6919],[-118.88595,37.69206],[-118.88596,37.69217],[-118.88603,37.69254],[-118.88611,37.69334],[-118.88618,37.69359],[-118.88628,37.69385],[-118.88641,37.69416],[-118.8866,37.69454],[-118.88674,37.69472],[-118.88683,37.69484],[-118.88727,37.69536],[-118.88759,37.69582],[-118.88773,37.69601],[-118.88784,37.69613],[-118.88798,37.69626],[-118.88812,37.69638],[-118.88833,37.69654],[-118.88851,37.69664],[-118.88909,37.69691],[-118.88953,37.69712],[-118.88988,37.69728],[-118.89013,37.69739],[-118.89032,37.69752],[-118.89045,37.69764],[-118.89055,37.69777],[-118.89066,37.69801],[-118.89086,37.69838],[-118.89096,37.69857],[-118.89107,37.69872],[-118.89147,37.69907],[-118.89178,37.69938],[-118.89189,37.69961],[-118.89211,37.70006],[-118.89241,37.70059],[-118.89282,37.70112],[-118.89301,37.70126],[-118.89371,37.70159],[-118.89406,37.70175],[-118.89435,37.70189],[-118.89453,37.70196],[-118.89471,37.70198],[-118.89487,37.70198],[-118.8955,37.70188],[-118.89572,37.70182],[-118.89595,37.70175],[-118.89612,37.70171],[-118.89644,37.70168],[-118.89714,37.70159],[-118.89738,37.7016],[-118.89762,37.70166],[-118.89779,37.70174],[-118.89794,37.70184],[-118.89805,37.70199],[-118.89809,37.70207],[-118.89814,37.70223],[-118.89814,37.70244],[-118.89812,37.7026],[-118.89807,37.70276],[-118.89791,37.7031],[-118.89789,37.70324],[-118.8979,37.70338],[-118.89795,37.7037],[-118.89798,37.70386],[-118.89807,37.70404],[-118.89844,37.70466],[-118.89857,37.70492],[-118.89882,37.70549],[-118.89901,37.70594],[-118.89925,37.70661],[-118.89938,37.70693],[-118.89957,37.70726],[-118.89966,37.70741],[-118.89976,37.70753],[-118.89999,37.70776],[-118.90019,37.70799],[-118.90033,37.70811],[-118.90045,37.70821],[-118.90057,37.70829],[-118.90073,37.70836],[-118.90088,37.70839],[-118.90192,37.70855],[-118.90216,37.70862],[-118.90231,37.7087],[-118.90246,37.70881],[-118.90294,37.70927],[-118.90336,37.70972],[-118.90363,37.71004],[-118.90375,37.71022],[-118.90392,37.71044],[-118.90428,37.71101],[-118.90463,37.71149],[-118.90474,37.71158],[-118.90491,37.71165],[-118.9054,37.71181],[-118.90554,37.71187],[-118.90565,37.71192],[-118.90572,37.71201],[-118.90576,37.71209],[-118.9058,37.71221],[-118.90582,37.71236],[-118.90582,37.71247],[-118.90576,37.7126],[-118.90569,37.71272],[-118.9056,37.71281],[-118.90542,37.71291],[-118.90512,37.71305],[-118.90496,37.71314],[-118.90486,37.7132],[-118.90478,37.71325],[-118.90471,37.71332],[-118.90469,37.71339],[-118.90468,37.71347],[-118.90471,37.71357],[-118.90475,37.71366],[-118.90483,37.71375],[-118.90493,37.71382],[-118.90539,37.71405],[-118.90559,37.71419],[-118.90577,37.71436],[-118.90586,37.71451],[-118.90589,37.71465],[-118.90589,37.71482],[-118.90587,37.71496],[-118.90584,37.71507],[-118.90579,37.71516],[-118.90549,37.71546],[-118.90541,37.71558],[-118.90535,37.71572],[-118.90532,37.71589],[-118.90531,37.71599],[-118.90534,37.7161],[-118.90537,37.71619],[-118.90556,37.71641],[-118.9058,37.71661],[-118.90601,37.71677],[-118.90621,37.71694],[-118.90659,37.71722],[-118.90669,37.71731],[-118.90706,37.71767],[-118.90735,37.71806],[-118.90744,37.71822],[-118.90759,37.71852],[-118.90766,37.71869],[-118.90776,37.71893],[-118.90787,37.71905],[-118.90823,37.71942],[-118.90862,37.7199],[-118.90871,37.71998],[-118.90881,37.72006],[-118.90889,37.72011],[-118.90897,37.72014],[-118.9091,37.72018],[-118.90987,37.72034],[-118.91006,37.72035],[-118.91019,37.72034],[-118.91029,37.72032],[-118.91042,37.72024],[-118.91055,37.72008],[-118.91063,37.71994],[-118.9107,37.71984],[-118.91082,37.71971],[-118.91098,37.71955],[-118.91119,37.71937],[-118.9114,37.7192]]}},{"type":"Feature","properties":{"name":"(unnamed public road)","road_class":"track","surface":"dirt","source":"Caltrans All Roads + OpenStreetMap explicit surface","source_detail":"osm way 10455878; Caltrans All Roads public-network geometry match","source_tile":"174/395","public_network_source":"Caltrans All Roads (ARNOLD/HPMS)","surface_source":"OpenStreetMap explicit surface tag","caltrans_match_coverage":1.0,"verified_length_m":12971},"geometry":{"type":"LineString","coordinates":[[-118.75708,37.9925],[-118.75761,37.99288],[-118.75795,37.99306],[-118.7582,37.99325],[-118.75868,37.99376],[-118.75916,37.99436],[-118.75937,37.99451],[-118.76014,37.9949],[-118.76055,37.9952],[-118.76116,37.9957],[-118.7615,37.99616],[-118.76171,37.99631],[-118.76314,37.9966],[-118.76409,37.99714],[-118.76456,37.99721],[-118.76524,37.99743],[-118.76818,37.99805],[-118.76938,37.99841],[-118.76983,37.99842],[-118.77004,37.99839],[-118.77047,37.99817],[-118.77064,37.99816],[-118.77084,37.99829],[-118.7713,37.99881],[-118.77149,37.99888],[-118.77163,37.99908],[-118.77185,37.99925],[-118.77279,37.99958],[-118.77322,37.99962],[-118.77381,37.99947],[-118.774,37.99951],[-118.77423,37.99954],[-118.77444,37.99971],[-118.77465,37.9998],[-118.77492,38.0001],[-118.77514,38.00013],[-118.77567,38.00096],[-118.77672,38.00162],[-118.77752,38.00196],[-118.77844,38.00245],[-118.77914,38.00275],[-118.78053,38.00355],[-118.781,38.00387],[-118.78172,38.00415],[-118.78278,38.00487],[-118.7843,38.00527],[-118.78466,38.00568],[-118.78513,38.00587],[-118.78555,38.00614],[-118.78646,38.00658],[-118.78696,38.00706],[-118.78725,38.00725],[-118.78798,38.00742],[-118.78854,38.00762],[-118.78894,38.00769],[-118.78916,38.00785],[-118.78962,38.00807],[-118.79004,38.00819],[-118.79049,38.00842],[-118.79085,38.00852],[-118.79112,38.00878],[-118.79158,38.00903],[-118.79192,38.00909],[-118.79237,38.00929],[-118.79286,38.00932],[-118.7938,38.00947],[-118.79505,38.00982],[-118.79585,38.01009],[-118.79627,38.01032],[-118.79761,38.01091],[-118.7989,38.01123],[-118.80037,38.01145],[-118.80057,38.01151],[-118.80086,38.01169],[-118.80149,38.01186],[-118.80196,38.01207],[-118.80249,38.01224],[-118.80276,38.01237],[-118.8035,38.01255],[-118.80391,38.01277],[-118.8051,38.01302],[-118.80678,38.01331],[-118.80748,38.01334],[-118.80849,38.01349],[-118.80979,38.01336],[-118.81072,38.01355],[-118.81168,38.01362],[-118.81349,38.01403],[-118.81554,38.01437],[-118.81579,38.01438],[-118.81631,38.01421],[-118.81724,38.01409],[-118.81784,38.01405],[-118.81858,38.01391],[-118.81876,38.01391],[-118.81962,38.0142],[-118.82184,38.01543],[-118.82244,38.01587],[-118.8237,38.01665],[-118.8264,38.01807],[-118.82725,38.01845],[-118.82769,38.01882],[-118.82825,38.01916],[-118.82969,38.01994],[-118.82997,38.02016],[-118.83076,38.02062],[-118.83122,38.02083],[-118.83164,38.02112],[-118.83249,38.02145],[-118.83294,38.02165],[-118.8332,38.02182],[-118.83404,38.02216],[-118.83426,38.0222],[-118.83498,38.02218],[-118.83581,38.02225],[-118.83603,38.02217],[-118.83612,38.02206],[-118.83648,38.02197],[-118.83676,38.02178],[-118.83782,38.0204],[-118.83816,38.01985],[-118.83919,38.0189],[-118.83939,38.01879],[-118.83999,38.01864],[-118.8405,38.01858],[-118.84213,38.01808],[-118.84316,38.01794],[-118.84377,38.01803],[-118.84454,38.01829],[-118.845,38.01837],[-118.84549,38.01854],[-118.84582,38.01873],[-118.84711,38.01906],[-118.84809,38.01964],[-118.84963,38.01989],[-118.85063,38.02014],[-118.85151,38.02045],[-118.85247,38.02091],[-118.85356,38.02113],[-118.85482,38.02151],[-118.85587,38.02175],[-118.8586,38.02286],[-118.85978,38.02321],[-118.86001,38.02325],[-118.86082,38.02338],[-118.86316,38.02446],[-118.86373,38.02487],[-118.86403,38.02508],[-118.86554,38.02551],[-118.8661,38.02556],[-118.86643,38.02566],[-118.86756,38.02636],[-118.86856,38.02655],[-118.8701,38.02702],[-118.87086,38.02734],[-118.87175,38.02745],[-118.87204,38.02755],[-118.87269,38.02785],[-118.87296,38.02802],[-118.87327,38.0283],[-118.87352,38.02842],[-118.87405,38.02855],[-118.87472,38.02864],[-118.87785,38.02975],[-118.87844,38.02999],[-118.87943,38.03052],[-118.87993,38.03089],[-118.88096,38.03092],[-118.8812,38.03098],[-118.88179,38.03135],[-118.88234,38.03185],[-118.88254,38.03194],[-118.88276,38.03196],[-118.88347,38.03187],[-118.88371,38.03197],[-118.88523,38.03214],[-118.88557,38.03239]]}},{"type":"Feature","properties":{"name":"Dobie Meadows Road","road_class":"unclassified","surface":"ground","source":"Caltrans All Roads + OpenStreetMap explicit surface","source_detail":"osm way 10458396; Caltrans All Roads public-network geometry match","source_tile":"174/395","public_network_source":"Caltrans All Roads (ARNOLD/HPMS)","surface_source":"OpenStreetMap explicit surface tag","caltrans_match_coverage":1.0,"verified_length_m":49587},"geometry":{"type":"LineString","coordinates":[[-119.05111,38.10789],[-119.05084,38.10774],[-119.05074,38.10773],[-119.05064,38.10775],[-119.04942,38.10818],[-119.04885,38.10832],[-119.04615,38.10946],[-119.04507,38.10975],[-119.04435,38.10987],[-119.04358,38.11008],[-119.04242,38.11049],[-119.04188,38.11062],[-119.04055,38.11112],[-119.03942,38.11141],[-119.03705,38.11227],[-119.03611,38.11249],[-119.03354,38.11362],[-119.03201,38.1141],[-119.03107,38.11459],[-119.02866,38.11562],[-119.02576,38.11714],[-119.0248,38.1177],[-119.02364,38.11822],[-119.02305,38.11853],[-119.02256,38.11878],[-119.02231,38.11893],[-119.02084,38.11977],[-119.02075,38.11977],[-119.02059,38.11978],[-119.02019,38.11962],[-119.01934,38.1198],[-119.0175,38.11984],[-119.01091,38.11971],[-119.00662,38.12065],[-119.00657,38.12068],[-119.00628,38.12087],[-119.00582,38.12134],[-119.00556,38.12154],[-119.00484,38.12187],[-119.00412,38.12232],[-119.00275,38.12277],[-119.00237,38.12294],[-119.00008,38.12425],[-118.99822,38.12502],[-118.99711,38.12541],[-118.99648,38.12573],[-118.99534,38.12642],[-118.99448,38.12699],[-118.99395,38.12741],[-118.99348,38.12763],[-118.99305,38.12801],[-118.99226,38.12853],[-118.98921,38.13091],[-118.98862,38.13112],[-118.98749,38.13177],[-118.98632,38.13235],[-118.98601,38.13255],[-118.98564,38.13292],[-118.98525,38.13304],[-118.98494,38.13314],[-118.98341,38.13389],[-118.98242,38.13437],[-118.98212,38.13455],[-118.98067,38.13567],[-118.98037,38.13585],[-118.97977,38.1359],[-118.97771,38.13587],[-118.97668,38.13588],[-118.97337,38.13594],[-118.97109,38.13661],[-118.9679,38.13783],[-118.96759,38.13784],[-118.96733,38.13787],[-118.96662,38.13828],[-118.96501,38.13883],[-118.9645,38.1391],[-118.96321,38.13987],[-118.96213,38.14045],[-118.96089,38.14128],[-118.95977,38.14192],[-118.95936,38.14223],[-118.95809,38.14285],[-118.95709,38.14359],[-118.95659,38.14383],[-118.9547,38.14306],[-118.95402,38.14273],[-118.95374,38.14273],[-118.95295,38.14292],[-118.95265,38.14311],[-118.95198,38.14373],[-118.95139,38.14444],[-118.95074,38.1449],[-118.95022,38.14549],[-118.94966,38.14594],[-118.94911,38.14625],[-118.94868,38.14637],[-118.94783,38.14652],[-118.9475,38.14665],[-118.94674,38.14711],[-118.94624,38.14756],[-118.94599,38.14769],[-118.94471,38.14799],[-118.94384,38.14833],[-118.94303,38.14887],[-118.94256,38.14905],[-118.94038,38.14955],[-118.93927,38.14971],[-118.93857,38.14986],[-118.93714,38.15022],[-118.93649,38.15043],[-118.93624,38.15059],[-118.93565,38.15126],[-118.93543,38.1514],[-118.93461,38.15173],[-118.93407,38.15183],[-118.93349,38.15205],[-118.93243,38.15257],[-118.93105,38.15313],[-118.93096,38.15317],[-118.92966,38.153],[-118.92948,38.15298],[-118.92842,38.15285],[-118.90972,38.15049],[-118.90845,38.15023],[-118.90675,38.14955],[-118.90357,38.1484],[-118.90192,38.14771],[-118.89812,38.14568],[-118.8959,38.14435],[-118.88904,38.14058],[-118.87781,38.13469],[-118.87015,38.13057],[-118.86657,38.12855],[-118.86002,38.12492],[-118.83309,38.11053],[-118.82738,38.1074],[-118.82334,38.10518],[-118.82316,38.10508],[-118.82065,38.10368],[-118.81542,38.10096],[-118.80768,38.09679],[-118.80187,38.0938],[-118.8008,38.0932],[-118.79995,38.09251],[-118.79134,38.08393],[-118.7895,38.08208],[-118.7891,38.08169],[-118.78895,38.08153],[-118.78471,38.07727],[-118.78412,38.07671],[-118.7841,38.07669],[-118.77975,38.07239],[-118.77767,38.07038],[-118.77639,38.06909],[-118.77614,38.06876],[-118.77594,38.06842],[-118.77553,38.06759],[-118.77516,38.06677],[-118.77482,38.06589],[-118.77463,38.06527],[-118.77431,38.06462],[-118.77423,38.06443],[-118.7742,38.0643],[-118.77421,38.06415],[-118.77424,38.06392],[-118.7743,38.06366],[-118.77432,38.06355],[-118.7743,38.06345],[-118.77426,38.06335],[-118.77392,38.06288],[-118.77388,38.0628],[-118.77385,38.0627],[-118.77385,38.0626],[-118.77388,38.06249],[-118.77395,38.06238],[-118.77408,38.06224],[-118.77519,38.06137],[-118.77546,38.06113],[-118.77555,38.06101],[-118.77558,38.06092],[-118.77558,38.06087],[-118.77555,38.06081],[-118.77549,38.06068],[-118.77543,38.06059],[-118.77538,38.06055],[-118.7751,38.06036],[-118.77505,38.06031],[-118.77498,38.06022],[-118.77466,38.0594],[-118.77462,38.05934],[-118.77445,38.0592],[-118.77427,38.059],[-118.77417,38.05882],[-118.77414,38.05866],[-118.77411,38.05839],[-118.77408,38.0583],[-118.77404,38.05822],[-118.77393,38.05811],[-118.77383,38.05806],[-118.7732,38.05753],[-118.77161,38.05627],[-118.77081,38.05567],[-118.76996,38.05494],[-118.76882,38.05398],[-118.76809,38.05334],[-118.76733,38.05271],[-118.76651,38.05211],[-118.76638,38.05203],[-118.76627,38.05194],[-118.76617,38.05184],[-118.76608,38.05174],[-118.76601,38.05163],[-118.76594,38.05147],[-118.76577,38.05117],[-118.76511,38.04971],[-118.76411,38.04754],[-118.7638,38.04697],[-118.76355,38.04648],[-118.76307,38.04536],[-118.76256,38.04427],[-118.76213,38.04342],[-118.76205,38.04331],[-118.76172,38.04303],[-118.76091,38.04247],[-118.76075,38.04237],[-118.7606,38.04225],[-118.76048,38.04213],[-118.76037,38.042],[-118.76027,38.04185],[-118.7602,38.0417],[-118.76016,38.04159],[-118.76005,38.04117],[-118.7593,38.03852],[-118.75894,38.03758],[-118.75846,38.0363],[-118.75816,38.03542],[-118.75717,38.03284],[-118.75609,38.0303],[-118.75549,38.02899],[-118.75495,38.02772],[-118.75493,38.02766],[-118.7549,38.02756],[-118.75479,38.02723],[-118.75477,38.02712],[-118.75478,38.02682],[-118.75484,38.0256],[-118.75488,38.02439],[-118.75485,38.02388],[-118.75489,38.0235],[-118.75495,38.02315],[-118.75511,38.0223],[-118.75521,38.02148],[-118.75529,38.02067],[-118.75538,38.01987],[-118.75573,38.01755],[-118.75591,38.01609],[-118.75603,38.01536],[-118.75616,38.01467],[-118.75639,38.01377],[-118.75653,38.0134],[-118.75677,38.01286],[-118.75719,38.012],[-118.75774,38.01084],[-118.75787,38.01043],[-118.75796,38.00979],[-118.75797,38.00954],[-118.75795,38.00933],[-118.75786,38.00885],[-118.75786,38.0086],[-118.75783,38.00825],[-118.75765,38.00738],[-118.75757,38.00715],[-118.7575,38.00688],[-118.75745,38.00654],[-118.75744,38.00637],[-118.75754,38.00554],[-118.75752,38.00531],[-118.75748,38.00511],[-118.75741,38.00491],[-118.75732,38.00472],[-118.7572,38.00454],[-118.75706,38.00436],[-118.75633,38.00368],[-118.75478,38.0025],[-118.75399,38.00171],[-118.75327,38.00111],[-118.75253,38.00053],[-118.75175,37.99986],[-118.7515,37.99969],[-118.75137,37.99957],[-118.75129,37.99945],[-118.75124,37.9993],[-118.7512,37.99882],[-118.75114,37.99742],[-118.75112,37.99727],[-118.75106,37.99713],[-118.75097,37.99699],[-118.75081,37.99679],[-118.75035,37.99622],[-118.74936,37.9949],[-118.74838,37.99357],[-118.74743,37.99208],[-118.74651,37.99056],[-118.74599,37.98975],[-118.74579,37.98946],[-118.74562,37.98925],[-118.74464,37.98814],[-118.74452,37.98804],[-118.74419,37.98784],[-118.7436,37.98752],[-118.74325,37.98732],[-118.74304,37.98714],[-118.74285,37.98692],[-118.74277,37.98681],[-118.74269,37.98665],[-118.74263,37.98641],[-118.74262,37.98575],[-118.74259,37.98564],[-118.74254,37.98555],[-118.74246,37.98546],[-118.74236,37.98539],[-118.74216,37.98533],[-118.74203,37.98531],[-118.74152,37.98528],[-118.74137,37.98528],[-118.74118,37.98531],[-118.74086,37.98539],[-118.74073,37.9854],[-118.74052,37.9854],[-118.74039,37.98539],[-118.74026,37.98536],[-118.74014,37.98532],[-118.74002,37.98527],[-118.73991,37.98522],[-118.73981,37.98515],[-118.73971,37.98508],[-118.73958,37.98494],[-118.73936,37.98452],[-118.73929,37.98444],[-118.7391,37.98431],[-118.73833,37.98386],[-118.73808,37.98374],[-118.73767,37.98351],[-118.73748,37.98332],[-118.73717,37.98311],[-118.73701,37.98304],[-118.73692,37.98302],[-118.73669,37.98298],[-118.73605,37.98291],[-118.73569,37.98284],[-118.73551,37.98279],[-118.7351,37.98264],[-118.73486,37.98257],[-118.7347,37.98253],[-118.73395,37.9823],[-118.73373,37.98218],[-118.73335,37.9819],[-118.7332,37.98181],[-118.73265,37.9815],[-118.73252,37.9814],[-118.7324,37.98128],[-118.73195,37.98089],[-118.73183,37.9808],[-118.73165,37.98066],[-118.73124,37.98039],[-118.73115,37.98034],[-118.73096,37.98027],[-118.73067,37.98019],[-118.73039,37.98008],[-118.73022,37.97997],[-118.73009,37.97985],[-118.72986,37.97956],[-118.72983,37.97954],[-118.72972,37.97942],[-118.72961,37.97935],[-118.72923,37.97919],[-118.72915,37.97914],[-118.72906,37.97906],[-118.72893,37.97893],[-118.72884,37.97877],[-118.72854,37.97795],[-118.72833,37.97762],[-118.72815,37.97728],[-118.72797,37.97701],[-118.72739,37.97637],[-118.72644,37.97542],[-118.72567,37.9748],[-118.72527,37.97456],[-118.72507,37.97449],[-118.72488,37.97444],[-118.72478,37.97443],[-118.72465,37.97443],[-118.72427,37.97447],[-118.72404,37.97446],[-118.72334,37.97432],[-118.72315,37.9743],[-118.72302,37.97429],[-118.72293,37.9743],[-118.72234,37.97447],[-118.72217,37.97451],[-118.72203,37.97453],[-118.72188,37.97454],[-118.72164,37.97454],[-118.72145,37.97451],[-118.72128,37.97447],[-118.72102,37.97436],[-118.7207,37.9742],[-118.72045,37.97404],[-118.72027,37.97386],[-118.72016,37.97371],[-118.71998,37.97339],[-118.71989,37.97312],[-118.71975,37.97241],[-118.71965,37.97199],[-118.71954,37.97174],[-118.7193,37.97134],[-118.71921,37.97125],[-118.7191,37.97117],[-118.71897,37.97111],[-118.71882,37.97107],[-118.71867,37.97106],[-118.71826,37.97108],[-118.71736,37.9711],[-118.71575,37.97116],[-118.71558,37.97114],[-118.71542,37.97111],[-118.71526,37.97106],[-118.71406,37.97062],[-118.71368,37.97044],[-118.71348,37.97032],[-118.71334,37.97019],[-118.71325,37.97007],[-118.71314,37.96991],[-118.71298,37.96958],[-118.71282,37.96919],[-118.71267,37.96866],[-118.71239,37.96743],[-118.71203,37.96614],[-118.71184,37.96539],[-118.71172,37.96513],[-118.71156,37.96484],[-118.71091,37.96399],[-118.70964,37.96237],[-118.70888,37.96151],[-118.70865,37.96127],[-118.70839,37.96103],[-118.70816,37.96082],[-118.70767,37.96044],[-118.70508,37.95851],[-118.70408,37.95778],[-118.70287,37.95692],[-118.70038,37.95507],[-118.69702,37.9526],[-118.69618,37.95198],[-118.6949,37.95105],[-118.69404,37.9504],[-118.69135,37.94843],[-118.68774,37.94575],[-118.68636,37.94471],[-118.6862,37.94458],[-118.68605,37.94444],[-118.68588,37.94422],[-118.6858,37.94409],[-118.6857,37.94392],[-118.6856,37.94361],[-118.68555,37.94333],[-118.68552,37.94306],[-118.68551,37.94284],[-118.68552,37.94276],[-118.68582,37.94106],[-118.68599,37.94026],[-118.68605,37.94007],[-118.68614,37.93989],[-118.68666,37.9391],[-118.68699,37.93866],[-118.68714,37.93846],[-118.68825,37.93705],[-118.68943,37.9355],[-118.69005,37.93471],[-118.69054,37.93406],[-118.69103,37.9334],[-118.69423,37.92931],[-118.69554,37.92759],[-118.69691,37.92585],[-118.69894,37.92324],[-118.69951,37.92247],[-118.70042,37.92128],[-118.70166,37.91971],[-118.7017,37.91967]]}},{"type":"Feature","properties":{"name":"Crooked Meadow Road","road_class":"unclassified","surface":"unpaved","tracktype":"grade1","source":"Caltrans All Roads + OpenStreetMap explicit surface","source_detail":"osm way 10462894; Caltrans All Roads public-network geometry match","source_tile":"174/395","public_network_source":"Caltrans All Roads (ARNOLD/HPMS)","surface_source":"OpenStreetMap explicit surface tag","caltrans_match_coverage":1.0,"verified_length_m":28889},"geometry":{"type":"LineString","coordinates":[[-118.86802,37.84818],[-118.86731,37.84797],[-118.8671,37.84787],[-118.86667,37.8476],[-118.86597,37.84717],[-118.86584,37.84706],[-118.8656,37.8468],[-118.86503,37.8463],[-118.86468,37.84595],[-118.86427,37.84551],[-118.86405,37.8452],[-118.86381,37.8449],[-118.86337,37.84441],[-118.86323,37.84422],[-118.86319,37.84414],[-118.86267,37.84289],[-118.86249,37.84235],[-118.86224,37.84167],[-118.86216,37.84143],[-118.86207,37.84107],[-118.86195,37.84045],[-118.8619,37.84029],[-118.86152,37.83956],[-118.86126,37.83895],[-118.86115,37.83873],[-118.86097,37.83847],[-118.86053,37.838],[-118.86043,37.83792],[-118.86026,37.83775],[-118.85972,37.83708],[-118.85946,37.83684],[-118.85666,37.83449],[-118.85611,37.83408],[-118.85582,37.8339],[-118.85562,37.83375],[-118.85399,37.83242],[-118.85356,37.83217],[-118.85324,37.83192],[-118.85309,37.83178],[-118.85281,37.83148],[-118.85265,37.83124],[-118.85254,37.83102],[-118.8523,37.83047],[-118.85223,37.83036],[-118.85207,37.83019],[-118.85192,37.83008],[-118.8518,37.83003],[-118.85168,37.83002],[-118.85156,37.83002],[-118.85143,37.83004],[-118.85128,37.8301],[-118.85111,37.83019],[-118.85068,37.83053],[-118.85057,37.8306],[-118.85037,37.83071],[-118.85015,37.8308],[-118.84963,37.83096],[-118.84935,37.83102],[-118.84897,37.83107],[-118.84878,37.83107],[-118.84861,37.83104],[-118.84853,37.83101],[-118.84833,37.83092],[-118.84797,37.83073],[-118.84764,37.83054],[-118.84724,37.83025],[-118.84716,37.83017],[-118.84703,37.83],[-118.84698,37.82988],[-118.84693,37.82971],[-118.84691,37.82954],[-118.84691,37.82936],[-118.84691,37.82914],[-118.84697,37.8285],[-118.84698,37.82801],[-118.84695,37.82787],[-118.8469,37.82778],[-118.84682,37.8277],[-118.84673,37.82764],[-118.84664,37.82759],[-118.84653,37.82756],[-118.84638,37.82756],[-118.84617,37.8276],[-118.84599,37.82766],[-118.84587,37.82768],[-118.84574,37.82768],[-118.84563,37.82765],[-118.84555,37.82759],[-118.84548,37.8275],[-118.84544,37.82741],[-118.84543,37.82732],[-118.84555,37.82653],[-118.84556,37.82619],[-118.84554,37.82584],[-118.84551,37.82566],[-118.84543,37.82544],[-118.84534,37.82526],[-118.84512,37.82481],[-118.84496,37.82449],[-118.84483,37.82432],[-118.84468,37.82419],[-118.84444,37.82404],[-118.84431,37.82395],[-118.84419,37.82383],[-118.84411,37.82371],[-118.84406,37.8236],[-118.84404,37.82347],[-118.84406,37.82335],[-118.84421,37.82297],[-118.84427,37.82284],[-118.84435,37.82273],[-118.84455,37.82247],[-118.84541,37.8217],[-118.84591,37.82119],[-118.84632,37.8207],[-118.8467,37.82031],[-118.84734,37.8197],[-118.84791,37.81923],[-118.84808,37.8191],[-118.84816,37.81902],[-118.84829,37.81884],[-118.84833,37.81875],[-118.84838,37.81858],[-118.84841,37.81836],[-118.8484,37.81822],[-118.84834,37.81793],[-118.84827,37.81775],[-118.84821,37.81765],[-118.8481,37.81748],[-118.8475,37.81682],[-118.8462,37.81523],[-118.8449,37.81385],[-118.84459,37.81357],[-118.84391,37.81298],[-118.84382,37.81292],[-118.84369,37.81286],[-118.84355,37.81281],[-118.84286,37.8126],[-118.84254,37.81248],[-118.84218,37.81231],[-118.84189,37.81214],[-118.84148,37.81182],[-118.84134,37.81167],[-118.84057,37.81086],[-118.83953,37.80973],[-118.83908,37.80926],[-118.83855,37.80868],[-118.83815,37.80817],[-118.83776,37.8077],[-118.83739,37.80729],[-118.83701,37.80676],[-118.83669,37.80623],[-118.83656,37.80594],[-118.83652,37.80577],[-118.83646,37.80557],[-118.83611,37.80494],[-118.83555,37.80398],[-118.83522,37.80345],[-118.83507,37.8032],[-118.83495,37.80294],[-118.8349,37.80279],[-118.83488,37.80261],[-118.83488,37.80183],[-118.83487,37.80168],[-118.83484,37.8015],[-118.83479,37.80131],[-118.83466,37.80096],[-118.83455,37.80075],[-118.83408,37.8],[-118.8339,37.79977],[-118.83372,37.79947],[-118.83339,37.79898],[-118.83246,37.79776],[-118.83226,37.79748],[-118.83211,37.79724],[-118.83192,37.79685],[-118.83188,37.79674],[-118.8318,37.79645],[-118.83172,37.79598],[-118.83167,37.79557],[-118.83168,37.79536],[-118.83171,37.79518],[-118.83182,37.79486],[-118.83184,37.79478],[-118.83184,37.79466],[-118.83183,37.7945],[-118.83179,37.79433],[-118.83176,37.79421],[-118.83165,37.79398],[-118.83157,37.79385],[-118.83092,37.79284],[-118.8307,37.79246],[-118.83034,37.79198],[-118.83024,37.79185],[-118.8297,37.79133],[-118.82934,37.79104],[-118.82921,37.79096],[-118.82905,37.79091],[-118.82891,37.79089],[-118.82869,37.79089],[-118.82817,37.79098],[-118.8273,37.79119],[-118.82707,37.79127],[-118.82692,37.79133],[-118.82683,37.79136],[-118.8266,37.79148],[-118.82623,37.7917],[-118.82536,37.7925],[-118.825,37.79286],[-118.82469,37.79311],[-118.82451,37.7933],[-118.82408,37.7938],[-118.82399,37.79391],[-118.82363,37.79475],[-118.82335,37.79527],[-118.823,37.79589],[-118.82291,37.79604],[-118.82275,37.79619],[-118.8224,37.79648],[-118.82191,37.79691],[-118.82176,37.79705],[-118.82148,37.79727],[-118.82047,37.79776],[-118.81912,37.79823],[-118.81896,37.79832],[-118.81888,37.79839],[-118.81853,37.79862],[-118.81738,37.79921],[-118.8165,37.79975],[-118.81636,37.79986],[-118.81627,37.79995],[-118.81619,37.80004],[-118.81579,37.80058],[-118.81488,37.80199],[-118.81451,37.80249],[-118.81431,37.80274],[-118.81411,37.80293],[-118.81384,37.80315],[-118.81358,37.80332],[-118.81327,37.80349],[-118.81308,37.80358],[-118.81274,37.80371],[-118.81248,37.80379],[-118.81182,37.80392],[-118.8115,37.80396],[-118.81136,37.80397],[-118.81125,37.80395],[-118.81056,37.80372],[-118.81045,37.80371],[-118.81003,37.80369],[-118.80956,37.80369],[-118.80937,37.80372],[-118.80858,37.80401],[-118.80818,37.80413],[-118.80779,37.80421],[-118.80712,37.80439],[-118.80686,37.80444],[-118.80544,37.80464],[-118.80514,37.80472],[-118.80497,37.80479],[-118.80479,37.80488],[-118.80469,37.80494],[-118.80458,37.80503],[-118.80414,37.80538],[-118.8039,37.80554],[-118.80378,37.80558],[-118.80366,37.8056],[-118.80348,37.8056],[-118.80321,37.80556],[-118.80305,37.80551],[-118.80246,37.80527],[-118.80238,37.80526],[-118.80231,37.80527],[-118.80197,37.80541],[-118.80177,37.80546],[-118.80164,37.80548],[-118.80127,37.8055],[-118.80114,37.80548],[-118.80103,37.80544],[-118.80086,37.80535],[-118.80059,37.80517],[-118.80052,37.80511],[-118.80043,37.805],[-118.80036,37.8049],[-118.80031,37.80478],[-118.80027,37.80473],[-118.80021,37.8047],[-118.80008,37.80469],[-118.8,37.8047],[-118.79989,37.80473],[-118.79981,37.80478],[-118.79975,37.80486],[-118.79928,37.80535],[-118.79901,37.80557],[-118.79873,37.80575],[-118.79775,37.80625],[-118.79725,37.80653],[-118.79715,37.80656],[-118.79699,37.80658],[-118.79689,37.80657],[-118.79663,37.8065],[-118.79618,37.80633],[-118.79574,37.8062],[-118.7952,37.80609],[-118.79464,37.80605],[-118.79423,37.8061],[-118.79383,37.80618],[-118.79371,37.80618],[-118.79365,37.80616],[-118.79358,37.80611],[-118.79353,37.80605],[-118.79311,37.80496],[-118.79303,37.80487],[-118.79293,37.8048],[-118.7928,37.80477],[-118.79266,37.80476],[-118.79253,37.80479],[-118.79242,37.80485],[-118.79233,37.80493],[-118.79221,37.80502],[-118.79209,37.80508],[-118.79195,37.80511],[-118.79173,37.80513],[-118.79157,37.80516],[-118.79142,37.80521],[-118.79129,37.80529],[-118.79118,37.80538],[-118.79107,37.80553],[-118.79098,37.80559],[-118.79087,37.80562],[-118.79076,37.80562],[-118.79065,37.8056],[-118.79056,37.80555],[-118.78959,37.80457],[-118.78941,37.80442],[-118.7892,37.80429],[-118.78905,37.80421],[-118.78894,37.80414],[-118.78886,37.80405],[-118.78883,37.80394],[-118.78883,37.80382],[-118.7889,37.80365],[-118.78901,37.80347],[-118.78902,37.80344],[-118.78902,37.80337],[-118.78898,37.8033],[-118.78893,37.80325],[-118.78871,37.80313],[-118.78853,37.80306],[-118.78837,37.80302],[-118.78824,37.80301],[-118.78811,37.803],[-118.78798,37.80301],[-118.78791,37.80305],[-118.78785,37.8031],[-118.78784,37.80317],[-118.78785,37.80324],[-118.78788,37.80406],[-118.7879,37.80433],[-118.78789,37.80447],[-118.78782,37.8046],[-118.78772,37.80468],[-118.78762,37.80472],[-118.78719,37.80485],[-118.78707,37.8049],[-118.78696,37.80496],[-118.78682,37.80505],[-118.78627,37.80537],[-118.78618,37.80544],[-118.78613,37.80553],[-118.78611,37.80563],[-118.7862,37.8063],[-118.78618,37.80638],[-118.78614,37.80645],[-118.78607,37.8065],[-118.78598,37.80653],[-118.78589,37.80655],[-118.78566,37.80652],[-118.78552,37.80651],[-118.78538,37.80652],[-118.78524,37.80654],[-118.78511,37.80657],[-118.78481,37.80666],[-118.78471,37.80668],[-118.78451,37.8067],[-118.78438,37.80669],[-118.78421,37.80664],[-118.78406,37.80657],[-118.78294,37.8055],[-118.78287,37.80539],[-118.78285,37.80531],[-118.78285,37.8052],[-118.78283,37.80502],[-118.78257,37.8042],[-118.78255,37.80414],[-118.78249,37.80406],[-118.78241,37.80399],[-118.7823,37.80393],[-118.78211,37.80392],[-118.78201,37.80396],[-118.78187,37.80406],[-118.78178,37.80415],[-118.7814,37.8048],[-118.78116,37.8053],[-118.78111,37.80545],[-118.78106,37.80555],[-118.78094,37.80569],[-118.78056,37.80599],[-118.78047,37.80608],[-118.78043,37.80617],[-118.78041,37.80625],[-118.7804,37.80652],[-118.78037,37.80662],[-118.78017,37.80697],[-118.78008,37.80705],[-118.77997,37.80711],[-118.77985,37.80714],[-118.77918,37.80732],[-118.77909,37.80736],[-118.779,37.80742],[-118.77895,37.8075],[-118.77893,37.80759],[-118.77893,37.80768],[-118.77899,37.80787],[-118.77899,37.80798],[-118.77894,37.80808],[-118.77887,37.80815],[-118.7788,37.80819],[-118.77876,37.80825],[-118.77875,37.80832],[-118.77878,37.80839],[-118.77904,37.80864],[-118.77906,37.80867],[-118.77909,37.80876],[-118.77908,37.80885],[-118.77904,37.80893],[-118.77876,37.80922],[-118.77872,37.80928],[-118.77869,37.80936],[-118.7787,37.80945],[-118.77874,37.80952],[-118.7788,37.80957],[-118.77888,37.8096],[-118.77973,37.80972],[-118.78026,37.80983],[-118.78031,37.80985],[-118.78039,37.80991],[-118.78048,37.81],[-118.78054,37.81011],[-118.78072,37.81076],[-118.78084,37.81187],[-118.78081,37.81195],[-118.78076,37.81202],[-118.7802,37.81238],[-118.78013,37.81242],[-118.78003,37.81243],[-118.77993,37.81242],[-118.77956,37.81224],[-118.77948,37.81222],[-118.77936,37.81222],[-118.77906,37.81231],[-118.77893,37.81233],[-118.7788,37.81233],[-118.77862,37.81228],[-118.77843,37.8122],[-118.7783,37.81218],[-118.77822,37.81217],[-118.77806,37.81219],[-118.77794,37.81224],[-118.77783,37.81232],[-118.77775,37.81241],[-118.77765,37.81256],[-118.7776,37.81267],[-118.77754,37.81289],[-118.77749,37.81335],[-118.77741,37.81372],[-118.77722,37.81411],[-118.77717,37.81417],[-118.7771,37.81422],[-118.77701,37.81425],[-118.77681,37.81426],[-118.77673,37.81428],[-118.77665,37.81432],[-118.77661,37.81438],[-118.77654,37.81455],[-118.77639,37.81472],[-118.77637,37.81476],[-118.77635,37.81483],[-118.77637,37.81491],[-118.77709,37.81605],[-118.77737,37.8166],[-118.77773,37.81735],[-118.77784,37.81754],[-118.77802,37.81774],[-118.77855,37.81825],[-118.77918,37.81887],[-118.77922,37.81894],[-118.77927,37.81905],[-118.77927,37.81909],[-118.77928,37.81916],[-118.77921,37.81983],[-118.77918,37.81995],[-118.77913,37.82003],[-118.77884,37.82038],[-118.7788,37.82052],[-118.77887,37.82103],[-118.77907,37.82196],[-118.7791,37.82237],[-118.77909,37.82255],[-118.77906,37.82268],[-118.77899,37.82287],[-118.7789,37.82298],[-118.77879,37.82305],[-118.77861,37.82308],[-118.7784,37.82308],[-118.77824,37.82306],[-118.77803,37.82298],[-118.77796,37.82298],[-118.77789,37.823],[-118.77787,37.82303],[-118.77786,37.82309],[-118.77788,37.82317],[-118.77826,37.8236],[-118.77849,37.82409],[-118.7785,37.82417],[-118.77849,37.82425],[-118.77846,37.82433],[-118.77833,37.82449],[-118.77808,37.82472],[-118.77801,37.82476],[-118.77736,37.82507],[-118.77725,37.82514],[-118.77714,37.82523],[-118.77712,37.82526],[-118.77708,37.82538],[-118.77709,37.82551],[-118.77725,37.82587],[-118.77726,37.826],[-118.77726,37.82611],[-118.77724,37.82622],[-118.77718,37.82637],[-118.777,37.82673],[-118.7769,37.82686],[-118.77653,37.82719],[-118.77628,37.82746],[-118.77623,37.82756],[-118.77619,37.82769],[-118.77618,37.82812],[-118.77619,37.82832],[-118.77618,37.82846],[-118.77614,37.82859],[-118.77609,37.82867],[-118.77599,37.82878],[-118.77552,37.82906],[-118.775,37.82941],[-118.77488,37.8295],[-118.77475,37.82963],[-118.7747,37.82977],[-118.77469,37.82995],[-118.77469,37.83044],[-118.77469,37.83055],[-118.77466,37.83066],[-118.77463,37.83077],[-118.77438,37.83131],[-118.77408,37.8319],[-118.7738,37.83239],[-118.77357,37.83283],[-118.77346,37.83297],[-118.77334,37.83309],[-118.77316,37.83324],[-118.77307,37.83333],[-118.77299,37.83342],[-118.77292,37.83354],[-118.77283,37.83365],[-118.77274,37.83373],[-118.77262,37.83382],[-118.77206,37.83416],[-118.77086,37.83471],[-118.77073,37.83482],[-118.77062,37.83496],[-118.77055,37.83502],[-118.77045,37.83506],[-118.77026,37.8351],[-118.77003,37.83511],[-118.76993,37.83515],[-118.76965,37.83538],[-118.76939,37.83555],[-118.76925,37.83562],[-118.76895,37.83574],[-118.76875,37.83581],[-118.76774,37.83609],[-118.7675,37.83614],[-118.76736,37.83615],[-118.76723,37.83614],[-118.76708,37.8361],[-118.767,37.83605],[-118.76692,37.83598],[-118.76686,37.8359],[-118.76665,37.83539],[-118.76662,37.83526],[-118.76661,37.83514],[-118.76663,37.83493],[-118.7666,37.83486],[-118.76655,37.83481],[-118.76648,37.83481],[-118.76641,37.83483],[-118.76621,37.83503],[-118.76599,37.83529],[-118.76591,37.83536],[-118.7657,37.83552],[-118.7655,37.83565],[-118.76535,37.8357],[-118.76524,37.8357],[-118.76463,37.83566],[-118.76325,37.83568],[-118.7629,37.83567],[-118.76201,37.83557],[-118.76147,37.83553],[-118.76088,37.83558],[-118.76074,37.83555],[-118.76067,37.83552],[-118.76062,37.83546],[-118.76059,37.83538],[-118.76059,37.83531],[-118.76062,37.83525],[-118.76086,37.83488],[-118.76094,37.83478],[-118.76101,37.83472],[-118.76109,37.83465],[-118.76118,37.83459],[-118.76152,37.83443],[-118.7616,37.83438],[-118.7617,37.83429],[-118.76177,37.83419],[-118.76182,37.83407],[-118.76184,37.83398],[-118.76184,37.83389],[-118.76182,37.83375],[-118.76178,37.83363],[-118.76172,37.83354],[-118.76169,37.83351],[-118.76161,37.83347],[-118.76148,37.83345],[-118.76066,37.83374],[-118.76,37.83396],[-118.75948,37.83415],[-118.7593,37.83423],[-118.75901,37.83438],[-118.75847,37.83462],[-118.75834,37.83466],[-118.75806,37.83471],[-118.75787,37.8347],[-118.7576,37.83462],[-118.75692,37.83434],[-118.75648,37.83412],[-118.75565,37.83359],[-118.75554,37.83356],[-118.75539,37.83355],[-118.75533,37.83356],[-118.75502,37.83368],[-118.755,37.83372],[-118.75464,37.83405],[-118.75434,37.8343],[-118.75398,37.83454],[-118.7538,37.83462],[-118.7536,37.83469],[-118.7535,37.83472],[-118.75329,37.83473],[-118.75287,37.83473],[-118.75237,37.83474],[-118.75222,37.83475],[-118.75132,37.83487],[-118.74998,37.83499],[-118.74907,37.83505],[-118.74878,37.83505],[-118.74755,37.83495],[-118.74587,37.83476],[-118.74575,37.83478],[-118.74563,37.83481],[-118.74553,37.83485],[-118.74524,37.83507],[-118.74511,37.83515],[-118.74495,37.8352],[-118.74461,37.83526],[-118.7444,37.83534],[-118.74434,37.83537],[-118.74377,37.83574],[-118.7433,37.83605],[-118.74316,37.83612],[-118.74296,37.8362],[-118.74282,37.83625],[-118.7426,37.83628],[-118.74243,37.83628],[-118.74156,37.83622],[-118.74107,37.83617],[-118.741,37.83616],[-118.74086,37.83611],[-118.74068,37.836],[-118.74062,37.8359],[-118.74058,37.83581],[-118.74053,37.83567],[-118.74053,37.83556],[-118.74078,37.83433],[-118.74079,37.83423],[-118.74078,37.83413],[-118.74074,37.83397],[-118.74065,37.83382],[-118.74057,37.83373],[-118.74049,37.83364],[-118.74003,37.83327],[-118.73997,37.8332],[-118.73994,37.83312],[-118.73993,37.83303],[-118.73998,37.83293],[-118.74006,37.83285],[-118.74017,37.83279],[-118.74021,37.83274],[-118.74022,37.83268],[-118.74018,37.83262],[-118.73984,37.83237],[-118.73977,37.83231],[-118.73972,37.8322],[-118.73956,37.83176],[-118.73952,37.83167],[-118.73949,37.83158],[-118.73949,37.83148],[-118.73954,37.83114],[-118.73948,37.83084],[-118.73948,37.83073],[-118.73951,37.83061],[-118.73954,37.83057],[-118.73973,37.83036],[-118.74007,37.82992],[-118.74009,37.82985],[-118.74007,37.82977],[-118.74003,37.82972],[-118.73996,37.82969],[-118.73975,37.82966],[-118.73955,37.82965],[-118.73946,37.82962],[-118.73938,37.82957],[-118.73934,37.82953],[-118.73926,37.82938],[-118.73922,37.82922],[-118.73919,37.82865],[-118.73915,37.82856],[-118.73908,37.8285],[-118.73893,37.8284],[-118.73887,37.82833],[-118.73876,37.82815],[-118.73867,37.82807],[-118.73857,37.82801],[-118.73851,37.82799],[-118.73779,37.82782],[-118.73766,37.82783],[-118.73756,37.82786],[-118.73746,37.8279],[-118.73738,37.82791],[-118.7373,37.8279],[-118.73717,37.82786],[-118.73705,37.8278],[-118.737,37.82777],[-118.73694,37.8277],[-118.73684,37.82751],[-118.73673,37.82734],[-118.73663,37.82721],[-118.73623,37.82684],[-118.7361,37.82678],[-118.73589,37.8267],[-118.73577,37.82667],[-118.73556,37.8266],[-118.73545,37.8265],[-118.73501,37.82589],[-118.73494,37.82585],[-118.73487,37.82584],[-118.7348,37.82585],[-118.73449,37.82604],[-118.73406,37.82639],[-118.73398,37.8265],[-118.73393,37.82661],[-118.73386,37.82737],[-118.73386,37.82801],[-118.73385,37.8284],[-118.73381,37.8288],[-118.73361,37.82968],[-118.73351,37.83019],[-118.73338,37.83084],[-118.73319,37.83203],[-118.73316,37.83234],[-118.73314,37.8325],[-118.73315,37.83272],[-118.73331,37.8338],[-118.73327,37.83452],[-118.73319,37.83479],[-118.73311,37.83495],[-118.73306,37.83515],[-118.73304,37.83584],[-118.73295,37.83656],[-118.73298,37.83678],[-118.73314,37.83717],[-118.73316,37.83729],[-118.73314,37.83744],[-118.73309,37.83753],[-118.73299,37.83768],[-118.73246,37.83819],[-118.73239,37.83831],[-118.73226,37.8388],[-118.73215,37.83942],[-118.73207,37.83999],[-118.73209,37.8407],[-118.73209,37.84079],[-118.73202,37.84104],[-118.73192,37.84157],[-118.73189,37.84217],[-118.73186,37.84245],[-118.7318,37.84272],[-118.73179,37.84304],[-118.73188,37.84425],[-118.73191,37.84476],[-118.73189,37.84495],[-118.73173,37.84577],[-118.73162,37.84645],[-118.73156,37.84663],[-118.73127,37.84721],[-118.73102,37.84765],[-118.73086,37.84786],[-118.7307,37.84801],[-118.73054,37.84818],[-118.7303,37.8485],[-118.73024,37.84866],[-118.73017,37.84907],[-118.73011,37.84921],[-118.73002,37.84933],[-118.72994,37.84941],[-118.7295,37.84975],[-118.72904,37.85007],[-118.72894,37.85015],[-118.72885,37.85024],[-118.72877,37.85034],[-118.72868,37.85049],[-118.72863,37.85066],[-118.72859,37.85083],[-118.72858,37.85103],[-118.72859,37.8512],[-118.72863,37.85133],[-118.72868,37.85143],[-118.72877,37.85156],[-118.72906,37.8519],[-118.72933,37.8522],[-118.72943,37.85236],[-118.72964,37.85273],[-118.72994,37.8532],[-118.73029,37.85368],[-118.7306,37.8542],[-118.73071,37.85441],[-118.73075,37.85455],[-118.73093,37.85561],[-118.73095,37.85585],[-118.73095,37.85604],[-118.73092,37.85617],[-118.73079,37.85646],[-118.73057,37.85704],[-118.73043,37.85745],[-118.73042,37.85756],[-118.73043,37.85766],[-118.73055,37.85802],[-118.73058,37.85815],[-118.73058,37.85882],[-118.73058,37.85907],[-118.73047,37.85959],[-118.73034,37.86014],[-118.73028,37.86029],[-118.73021,37.8604],[-118.73013,37.86048],[-118.72996,37.86061],[-118.72981,37.86071],[-118.72817,37.86164],[-118.72805,37.86173],[-118.72793,37.86182],[-118.72782,37.86193],[-118.72774,37.86202],[-118.72767,37.86214],[-118.72761,37.86226],[-118.72741,37.86277],[-118.72725,37.86309],[-118.72703,37.86364],[-118.72687,37.86431],[-118.7265,37.86566],[-118.72616,37.86716],[-118.72615,37.86735],[-118.72618,37.86786],[-118.72622,37.86799],[-118.72626,37.86811],[-118.72716,37.86993],[-118.7276,37.87085],[-118.7278,37.87118],[-118.72831,37.87191],[-118.72848,37.87217],[-118.72864,37.87251]]}},{"type":"Feature","properties":{"name":"1N02","road_class":"unclassified","surface":"unpaved","source":"Caltrans All Roads + OpenStreetMap explicit surface","source_detail":"osm way 10463364; Caltrans All Roads public-network geometry match","source_tile":"174/395","public_network_source":"Caltrans All Roads (ARNOLD/HPMS)","surface_source":"OpenStreetMap explicit surface tag","caltrans_match_coverage":1.0,"verified_length_m":7423},"geometry":{"type":"LineString","coordinates":[[-118.78531,37.84136],[-118.78518,37.84136],[-118.78506,37.84134],[-118.78495,37.8413],[-118.78485,37.84124],[-118.78456,37.84096],[-118.78437,37.84075],[-118.78383,37.83991],[-118.78282,37.83866],[-118.78275,37.83855],[-118.7827,37.83842],[-118.78242,37.83749],[-118.78223,37.83695],[-118.78218,37.8368],[-118.78216,37.83664],[-118.78215,37.83618],[-118.78216,37.83593],[-118.78224,37.83571],[-118.78233,37.83552],[-118.78267,37.83501],[-118.78277,37.8349],[-118.78295,37.83478],[-118.78316,37.83474],[-118.78327,37.83474],[-118.78472,37.83486],[-118.7849,37.8349],[-118.78507,37.83498],[-118.78563,37.83538],[-118.78575,37.83547],[-118.78585,37.83556],[-118.78603,37.8358],[-118.78618,37.83593],[-118.78635,37.83603],[-118.78651,37.83609],[-118.78685,37.83618],[-118.78786,37.83639],[-118.78806,37.83642],[-118.78878,37.83658],[-118.78891,37.8366],[-118.78942,37.8366],[-118.78953,37.8366],[-118.78965,37.83658],[-118.78994,37.83652],[-118.79005,37.8365],[-118.79027,37.8365],[-118.79042,37.83652],[-118.79066,37.83658],[-118.79081,37.8366],[-118.79099,37.83661],[-118.79115,37.8366],[-118.79134,37.83661],[-118.79153,37.83666],[-118.7917,37.83674],[-118.79179,37.8368],[-118.79193,37.83687],[-118.79208,37.83693],[-118.79223,37.83698],[-118.79241,37.83701],[-118.79276,37.83706],[-118.79299,37.83707],[-118.79387,37.83705],[-118.79426,37.83702],[-118.7944,37.83702],[-118.79457,37.83699],[-118.79474,37.83693],[-118.79489,37.83685],[-118.79499,37.83676],[-118.79516,37.83656],[-118.79524,37.83644],[-118.79534,37.8363],[-118.79547,37.83618],[-118.79561,37.83607],[-118.79572,37.836],[-118.79605,37.83577],[-118.79618,37.83566],[-118.79626,37.83555],[-118.79629,37.83547],[-118.79646,37.8352],[-118.79664,37.83499],[-118.79689,37.83473],[-118.79733,37.83432],[-118.79801,37.83371],[-118.79836,37.83343],[-118.79849,37.83334],[-118.79871,37.83324],[-118.79893,37.83318],[-118.79926,37.83311],[-118.79958,37.83307],[-118.80006,37.83302],[-118.80057,37.833],[-118.80123,37.83298],[-118.80147,37.83294],[-118.80159,37.8329],[-118.80177,37.83279],[-118.80189,37.83269],[-118.80272,37.83188],[-118.80289,37.83169],[-118.80341,37.83093],[-118.80359,37.83053],[-118.80364,37.83045],[-118.80379,37.83029],[-118.80395,37.83017],[-118.80439,37.83001],[-118.80515,37.82978],[-118.80529,37.82977],[-118.80542,37.8298],[-118.80623,37.83015],[-118.80638,37.83018],[-118.80654,37.8302],[-118.8067,37.83018],[-118.80748,37.83005],[-118.80889,37.82986],[-118.809,37.82982],[-118.80911,37.82975],[-118.81003,37.82902],[-118.81048,37.82869],[-118.8107,37.82856],[-118.81083,37.82852],[-118.81097,37.82852],[-118.81111,37.82855],[-118.81116,37.82856],[-118.81128,37.82864],[-118.81145,37.82878],[-118.8119,37.8292],[-118.81235,37.82968],[-118.81258,37.82988],[-118.81348,37.83041],[-118.81409,37.83074],[-118.81425,37.8308],[-118.81443,37.83083],[-118.81461,37.83083],[-118.81468,37.83082],[-118.8148,37.83078],[-118.81497,37.83071],[-118.81512,37.8306],[-118.81532,37.83037],[-118.81542,37.83022],[-118.81572,37.82955],[-118.81598,37.82887],[-118.8163,37.82815],[-118.81638,37.82803],[-118.81651,37.82792],[-118.81669,37.82782],[-118.81682,37.82777],[-118.81697,37.82775],[-118.81705,37.82774],[-118.81715,37.82778],[-118.81722,37.82787],[-118.81726,37.82796],[-118.81734,37.82839],[-118.81741,37.8286],[-118.81754,37.82878],[-118.81761,37.82893],[-118.81789,37.83007],[-118.81795,37.83024],[-118.81809,37.83051],[-118.81821,37.83071],[-118.81833,37.83085],[-118.81847,37.83099],[-118.81944,37.83175],[-118.81968,37.8319],[-118.82007,37.83212],[-118.82031,37.83221],[-118.82044,37.83223],[-118.82061,37.83225],[-118.82093,37.83226],[-118.82124,37.83225],[-118.82144,37.83226],[-118.82167,37.83229],[-118.82197,37.83236],[-118.82282,37.83271],[-118.82295,37.83277],[-118.82307,37.83285],[-118.82318,37.83294],[-118.82332,37.83308],[-118.82345,37.83333],[-118.82354,37.83361],[-118.8236,37.83371],[-118.82369,37.83381],[-118.82377,37.83387],[-118.82397,37.83394],[-118.82407,37.83396],[-118.82423,37.83398],[-118.82439,37.83398],[-118.8245,37.83399],[-118.8247,37.83404],[-118.8248,37.83408],[-118.82504,37.83423],[-118.82583,37.83487],[-118.82589,37.83494],[-118.82599,37.83523],[-118.82606,37.83531],[-118.82616,37.8354],[-118.82629,37.83548],[-118.82664,37.83563],[-118.8268,37.83568],[-118.82696,37.83571],[-118.82759,37.83578],[-118.8283,37.83582],[-118.8284,37.83583],[-118.82859,37.83588],[-118.82877,37.83596],[-118.83023,37.83683],[-118.83077,37.83721],[-118.83107,37.83739],[-118.83191,37.83784],[-118.83234,37.83813],[-118.83286,37.83863],[-118.8331,37.83892],[-118.83331,37.83924],[-118.83362,37.83983],[-118.83373,37.84],[-118.83412,37.84053],[-118.83425,37.84072],[-118.83446,37.84099],[-118.83463,37.84116],[-118.83482,37.84138],[-118.83523,37.84215],[-118.83549,37.84282],[-118.83554,37.84294],[-118.83562,37.84305],[-118.8357,37.84315],[-118.83581,37.84325],[-118.83595,37.84333],[-118.8361,37.84338],[-118.83633,37.84342],[-118.83652,37.84343],[-118.8367,37.84342],[-118.83685,37.8434],[-118.83696,37.84355],[-118.83763,37.84396]]}}]}