{"type":"FeatureCollection","features":[{"type":"Feature","properties":{"name":"Sierra Madre Road","road_class":"track","surface":"unpaved","tracktype":"grade2","source":"Caltrans All Roads + OpenStreetMap explicit surface","source_detail":"osm way 16227656; Caltrans All Roads public-network geometry match","source_tile":"171/406","public_network_source":"Caltrans All Roads (ARNOLD/HPMS)","surface_source":"OpenStreetMap explicit surface tag","caltrans_match_coverage":0.946,"verified_length_m":40554},"geometry":{"type":"LineString","coordinates":[[-119.80636,34.87882],[-119.80655,34.87897],[-119.80665,34.87905],[-119.80676,34.87909],[-119.80709,34.87905],[-119.80726,34.87906],[-119.80739,34.87912],[-119.80766,34.8794],[-119.80781,34.87944],[-119.8083,34.8795],[-119.80859,34.87951],[-119.80914,34.87987],[-119.80951,34.88022],[-119.80949,34.88069],[-119.8097,34.88133],[-119.8098,34.88143],[-119.81074,34.88159],[-119.811,34.88185],[-119.81142,34.88266],[-119.81192,34.88317],[-119.81208,34.88326],[-119.81225,34.88331],[-119.8124,34.8834],[-119.81255,34.88357],[-119.81266,34.88367],[-119.81276,34.88372],[-119.81291,34.88372],[-119.81305,34.88365],[-119.8132,34.88359],[-119.81448,34.88376],[-119.81461,34.88381],[-119.81474,34.8839],[-119.81485,34.8841],[-119.81498,34.88423],[-119.81503,34.88426],[-119.81515,34.88426],[-119.81552,34.88412],[-119.81582,34.88395],[-119.81611,34.88383],[-119.81622,34.88383],[-119.81637,34.88385],[-119.81648,34.88394],[-119.81664,34.8845],[-119.81778,34.88539],[-119.81793,34.88558],[-119.818,34.88585],[-119.81815,34.88607],[-119.81817,34.88617],[-119.81809,34.88654],[-119.81811,34.88666],[-119.81841,34.88689],[-119.81844,34.88705],[-119.81823,34.88766],[-119.81811,34.8881],[-119.81819,34.88843],[-119.81819,34.88855],[-119.81811,34.88879],[-119.8178,34.88917],[-119.81744,34.89053],[-119.81739,34.89119],[-119.81749,34.89138],[-119.81779,34.89166],[-119.81797,34.89188],[-119.81803,34.89203],[-119.8181,34.89243],[-119.81823,34.89265],[-119.81842,34.89282],[-119.81881,34.8929],[-119.81976,34.89326],[-119.82029,34.89344],[-119.82089,34.8936],[-119.82134,34.89369],[-119.82251,34.89385],[-119.82293,34.89389],[-119.82306,34.89393],[-119.82318,34.894],[-119.82324,34.89407],[-119.82329,34.89418],[-119.82331,34.89437],[-119.82334,34.8945],[-119.82341,34.89463],[-119.82351,34.89474],[-119.82489,34.89593],[-119.82515,34.89612],[-119.82532,34.8962],[-119.82557,34.8963],[-119.82604,34.89641],[-119.82637,34.89652],[-119.82672,34.89665],[-119.82701,34.89679],[-119.82853,34.89754],[-119.82894,34.89777],[-119.8294,34.89809],[-119.82953,34.89816],[-119.82982,34.89826],[-119.82997,34.89829],[-119.83016,34.89831],[-119.83094,34.89831],[-119.83204,34.89833],[-119.83286,34.89837],[-119.83384,34.89843],[-119.83409,34.89842],[-119.83436,34.89838],[-119.83464,34.89832],[-119.83506,34.89817],[-119.83517,34.89817],[-119.83562,34.89825],[-119.83596,34.89824],[-119.83613,34.89822],[-119.83673,34.89807],[-119.83706,34.89802],[-119.83723,34.89797],[-119.83737,34.89789],[-119.83747,34.89781],[-119.83758,34.89768],[-119.83769,34.89751],[-119.83779,34.89743],[-119.83824,34.89729],[-119.83867,34.89721],[-119.83886,34.89718],[-119.83897,34.89718],[-119.83908,34.8972],[-119.83921,34.89727],[-119.83935,34.89742],[-119.83937,34.89747],[-119.83923,34.89804],[-119.83923,34.89814],[-119.83926,34.89834],[-119.83935,34.89854],[-119.83954,34.89874],[-119.83982,34.89899],[-119.84034,34.89934],[-119.84088,34.89962],[-119.84185,34.89999],[-119.84205,34.90002],[-119.84225,34.90002],[-119.84281,34.89992],[-119.84299,34.89992],[-119.84307,34.89994],[-119.84315,34.89997],[-119.84395,34.90038],[-119.84437,34.90058],[-119.84467,34.9007],[-119.8448,34.90073],[-119.845,34.90071],[-119.84577,34.90043],[-119.84591,34.9004],[-119.84604,34.9004],[-119.8465,34.90053],[-119.84662,34.90054],[-119.84674,34.90053],[-119.84686,34.90049],[-119.84697,34.90044],[-119.84744,34.90002],[-119.84751,34.89998],[-119.84762,34.89994],[-119.84774,34.89994],[-119.84785,34.89996],[-119.84794,34.90001],[-119.84834,34.90038],[-119.84872,34.90066],[-119.84893,34.90077],[-119.84915,34.90086],[-119.84938,34.90093],[-119.84994,34.90102],[-119.85009,34.90104],[-119.85053,34.90104],[-119.85115,34.90109],[-119.85136,34.90113],[-119.85148,34.90118],[-119.85184,34.9014],[-119.85197,34.90146],[-119.85219,34.90151],[-119.8524,34.90151],[-119.85266,34.90149],[-119.85307,34.90142],[-119.85376,34.90135],[-119.85385,34.90132],[-119.854,34.9012],[-119.85406,34.90111],[-119.85412,34.90087],[-119.85421,34.90068],[-119.85428,34.9006],[-119.8544,34.90053],[-119.85453,34.9005],[-119.85467,34.90051],[-119.8548,34.90055],[-119.85515,34.90078],[-119.85538,34.90091],[-119.85579,34.90105],[-119.85606,34.90111],[-119.85638,34.90117],[-119.8565,34.90117],[-119.85662,34.90114],[-119.85673,34.90109],[-119.8568,34.90101],[-119.85689,34.90081],[-119.85695,34.90074],[-119.85707,34.90066],[-119.85717,34.90062],[-119.85727,34.90061],[-119.85772,34.90059],[-119.85798,34.90056],[-119.85811,34.90052],[-119.85822,34.90047],[-119.85832,34.90039],[-119.85839,34.90031],[-119.85845,34.90021],[-119.85855,34.89975],[-119.8588,34.89909],[-119.85888,34.89876],[-119.85897,34.89853],[-119.85905,34.89836],[-119.85932,34.89799],[-119.85954,34.89778],[-119.85972,34.89766],[-119.8598,34.89764],[-119.85991,34.89764],[-119.86002,34.89768],[-119.86011,34.89773],[-119.86017,34.89781],[-119.8602,34.8979],[-119.86019,34.89845],[-119.86024,34.8986],[-119.86034,34.89871],[-119.86049,34.89883],[-119.86137,34.89935],[-119.8615,34.89947],[-119.86154,34.89955],[-119.86157,34.89968],[-119.86156,34.89977],[-119.86151,34.89988],[-119.86127,34.90019],[-119.86123,34.90027],[-119.86121,34.90044],[-119.86127,34.9006],[-119.86142,34.9008],[-119.86162,34.90096],[-119.86206,34.90116],[-119.86217,34.90123],[-119.86222,34.90129],[-119.86225,34.90137],[-119.86225,34.90146],[-119.8622,34.90156],[-119.86221,34.90167],[-119.86224,34.90174],[-119.8623,34.90179],[-119.86241,34.90185],[-119.863,34.90199],[-119.86308,34.90203],[-119.86324,34.90212],[-119.86343,34.90231],[-119.8636,34.90266],[-119.86375,34.90326],[-119.86387,34.90363],[-119.86392,34.90371],[-119.86399,34.90377],[-119.86409,34.90381],[-119.86422,34.90383],[-119.86436,34.90381],[-119.86459,34.90373],[-119.8648,34.9036],[-119.86489,34.90353],[-119.86505,34.90332],[-119.86513,34.90326],[-119.86521,34.90322],[-119.86531,34.90321],[-119.8654,34.90322],[-119.8655,34.90326],[-119.8656,34.90335],[-119.86603,34.90384],[-119.86612,34.90391],[-119.86622,34.90395],[-119.86633,34.90398],[-119.86644,34.90399],[-119.86698,34.90389],[-119.86711,34.90391],[-119.86723,34.90396],[-119.86732,34.90403],[-119.86753,34.90437],[-119.86762,34.90445],[-119.86774,34.9045],[-119.86787,34.90451],[-119.868,34.9045],[-119.86829,34.90437],[-119.86842,34.90434],[-119.86856,34.90435],[-119.86869,34.90439],[-119.8688,34.90446],[-119.86894,34.90462],[-119.86912,34.90468],[-119.86926,34.90469],[-119.8694,34.90466],[-119.86948,34.90462],[-119.87008,34.90417],[-119.87016,34.90414],[-119.87025,34.90413],[-119.87036,34.90415],[-119.87043,34.90418],[-119.87048,34.90424],[-119.87057,34.90441],[-119.87067,34.90454],[-119.87088,34.90463],[-119.87101,34.90465],[-119.87121,34.90464],[-119.87138,34.9046],[-119.87165,34.90448],[-119.87176,34.90445],[-119.87191,34.90443],[-119.87204,34.90443],[-119.87236,34.90456],[-119.87241,34.90457],[-119.87257,34.90454],[-119.87266,34.9045],[-119.87288,34.90433],[-119.87301,34.90427],[-119.87325,34.90426],[-119.8734,34.90427],[-119.87362,34.90433],[-119.87378,34.90431],[-119.87392,34.90426],[-119.87406,34.90417],[-119.87417,34.90404],[-119.87425,34.9039],[-119.8743,34.90378],[-119.87438,34.90322],[-119.87443,34.90306],[-119.87449,34.90298],[-119.87457,34.90293],[-119.87466,34.90289],[-119.87476,34.90289],[-119.87486,34.90291],[-119.87573,34.90332],[-119.87589,34.90338],[-119.87606,34.9034],[-119.87623,34.9034],[-119.8764,34.90337],[-119.87663,34.90328],[-119.877,34.90301],[-119.87712,34.90295],[-119.87725,34.90291],[-119.87739,34.9029],[-119.87745,34.9029],[-119.87764,34.90294],[-119.87777,34.903],[-119.87787,34.90307],[-119.87841,34.90357],[-119.87868,34.90386],[-119.87877,34.90392],[-119.87887,34.90395],[-119.87898,34.90395],[-119.87919,34.9039],[-119.87948,34.90374],[-119.87959,34.90371],[-119.87969,34.90372],[-119.87978,34.90376],[-119.87985,34.90382],[-119.88004,34.90418],[-119.88012,34.90426],[-119.8802,34.9043],[-119.88029,34.90432],[-119.88038,34.90432],[-119.88046,34.90429],[-119.8806,34.90421],[-119.88071,34.90418],[-119.88083,34.90419],[-119.88093,34.90422],[-119.881,34.90426],[-119.88107,34.90435],[-119.88115,34.9044],[-119.88124,34.90443],[-119.88134,34.90443],[-119.88148,34.9044],[-119.88154,34.90437],[-119.8816,34.90432],[-119.88171,34.9042],[-119.88204,34.90359],[-119.88209,34.9035],[-119.88222,34.90337],[-119.88236,34.90328],[-119.883,34.90295],[-119.88345,34.90274],[-119.88356,34.90271],[-119.88367,34.9027],[-119.88377,34.90271],[-119.88388,34.90273],[-119.88406,34.90284],[-119.88412,34.90291],[-119.88479,34.90393],[-119.88495,34.90421],[-119.88519,34.9045],[-119.88547,34.90474],[-119.88576,34.90496],[-119.88596,34.90514],[-119.88605,34.90525],[-119.88611,34.90535],[-119.88617,34.90557],[-119.88617,34.90621],[-119.88618,34.90634],[-119.88624,34.90657],[-119.88636,34.90675],[-119.88655,34.90688],[-119.88673,34.90696],[-119.88711,34.90709],[-119.88747,34.90719],[-119.88759,34.90729],[-119.88767,34.90741],[-119.88769,34.90749],[-119.88768,34.90762],[-119.88759,34.90826],[-119.88749,34.9091],[-119.88748,34.9094],[-119.88757,34.90985],[-119.88779,34.9107],[-119.88787,34.91093],[-119.88796,34.91111],[-119.88805,34.91124],[-119.8884,34.91169],[-119.88866,34.91197],[-119.88885,34.91213],[-119.8892,34.91237],[-119.88961,34.91255],[-119.89022,34.91276],[-119.89064,34.91293],[-119.89116,34.91324],[-119.89135,34.91333],[-119.89235,34.91364],[-119.89252,34.91367],[-119.8928,34.91369],[-119.893,34.91367],[-119.89314,34.91363],[-119.89363,34.91337],[-119.89411,34.91322],[-119.8948,34.91314],[-119.89521,34.91313],[-119.89544,34.91315],[-119.89566,34.91322],[-119.89647,34.91361],[-119.8971,34.91386],[-119.89738,34.91394],[-119.89896,34.91424],[-119.89926,34.91427],[-119.89937,34.91428],[-119.89956,34.91425],[-119.89974,34.91421],[-119.89987,34.91416],[-119.89996,34.91409],[-119.90027,34.91372],[-119.90039,34.91363],[-119.90048,34.91358],[-119.90064,34.91352],[-119.90085,34.91349],[-119.90101,34.91348],[-119.90122,34.91352],[-119.90173,34.91362],[-119.90194,34.91369],[-119.90217,34.91383],[-119.90243,34.91403],[-119.90282,34.91435],[-119.90297,34.91444],[-119.90313,34.9145],[-119.90368,34.91458],[-119.90389,34.91464],[-119.90431,34.91485],[-119.90445,34.91489],[-119.90457,34.91487],[-119.90519,34.91456],[-119.90542,34.91446],[-119.90553,34.91444],[-119.9059,34.91448],[-119.90624,34.91449],[-119.90678,34.91446],[-119.90697,34.91447],[-119.90711,34.91451],[-119.90715,34.91453],[-119.90721,34.91458],[-119.90731,34.91471],[-119.90764,34.91532],[-119.90769,34.91539],[-119.90782,34.9155],[-119.90828,34.9158],[-119.90857,34.91607],[-119.90887,34.91641],[-119.90896,34.91649],[-119.90907,34.91654],[-119.9095,34.91658],[-119.91007,34.91649],[-119.91057,34.91645],[-119.91081,34.91647],[-119.91098,34.91651],[-119.91124,34.91669],[-119.91172,34.91715],[-119.91184,34.91732],[-119.91202,34.91774],[-119.91258,34.91858],[-119.91273,34.91875],[-119.91285,34.91884],[-119.91299,34.9189],[-119.9135,34.91907],[-119.91388,34.91917],[-119.91433,34.91926],[-119.91475,34.91932],[-119.91505,34.91934],[-119.91525,34.91934],[-119.91545,34.91931],[-119.91626,34.91909],[-119.91642,34.91907],[-119.91671,34.91909],[-119.91708,34.91916],[-119.91727,34.91915],[-119.9175,34.91912],[-119.91877,34.91885],[-119.91884,34.91885],[-119.91896,34.91888],[-119.91907,34.91895],[-119.91912,34.91902],[-119.91915,34.91913],[-119.91916,34.91963],[-119.91919,34.91982],[-119.91926,34.92001],[-119.91935,34.9201],[-119.91941,34.92015],[-119.91957,34.92021],[-119.92006,34.92036],[-119.92028,34.92049],[-119.92093,34.92093],[-119.92107,34.92106],[-119.92143,34.92156],[-119.92153,34.92164],[-119.92165,34.9217],[-119.92198,34.92181],[-119.92266,34.92205],[-119.92284,34.92214],[-119.92308,34.9223],[-119.92332,34.92252],[-119.92348,34.92261],[-119.92387,34.92276],[-119.92435,34.92292],[-119.92447,34.92296],[-119.92467,34.92307],[-119.92492,34.92324],[-119.92509,34.92341],[-119.92528,34.92365],[-119.92544,34.92395],[-119.92553,34.92406],[-119.92564,34.92415],[-119.92572,34.92419],[-119.92589,34.92423],[-119.92608,34.92425],[-119.92631,34.92424],[-119.92662,34.92421],[-119.928,34.924],[-119.92818,34.92395],[-119.92835,34.92388],[-119.9286,34.92374],[-119.92869,34.92371],[-119.92878,34.92369],[-119.92896,34.9237],[-119.92912,34.92373],[-119.92924,34.9238],[-119.92934,34.92391],[-119.92939,34.92399],[-119.92942,34.92416],[-119.9294,34.92436],[-119.92927,34.92459],[-119.92918,34.92479],[-119.92911,34.92509],[-119.92906,34.92566],[-119.92908,34.92599],[-119.92912,34.92614],[-119.92925,34.92633],[-119.92943,34.92656],[-119.9295,34.9267],[-119.92955,34.92687],[-119.9296,34.92713],[-119.92962,34.92737],[-119.92965,34.92749],[-119.92974,34.92764],[-119.93088,34.92874],[-119.93166,34.92943],[-119.93184,34.92956],[-119.93206,34.9297],[-119.93275,34.92997],[-119.93311,34.93014],[-119.9333,34.93026],[-119.9337,34.93055],[-119.93406,34.93092],[-119.93427,34.93122],[-119.93467,34.93187],[-119.93492,34.93219],[-119.93528,34.93252],[-119.93616,34.93315],[-119.93645,34.93343],[-119.93659,34.93353],[-119.93681,34.93362],[-119.93715,34.93372],[-119.93736,34.93382],[-119.93756,34.93393],[-119.93772,34.93405],[-119.93794,34.93428],[-119.93812,34.93442],[-119.93829,34.93452],[-119.93853,34.93459],[-119.93875,34.93464],[-119.93904,34.93464],[-119.94065,34.93454],[-119.9413,34.93455],[-119.94259,34.93452],[-119.94292,34.93454],[-119.94333,34.9346],[-119.94353,34.93466],[-119.9443,34.93497],[-119.94452,34.9351],[-119.94468,34.93525],[-119.94476,34.93541],[-119.94504,34.93605],[-119.94513,34.93619],[-119.94548,34.93659],[-119.94561,34.93676],[-119.94574,34.937],[-119.946,34.93758],[-119.94685,34.93921],[-119.94723,34.94],[-119.94728,34.94017],[-119.94728,34.94049],[-119.94722,34.94078],[-119.94689,34.94168],[-119.94663,34.94231],[-119.94657,34.94249],[-119.94655,34.94264],[-119.94656,34.94313],[-119.9466,34.94331],[-119.9467,34.94353],[-119.94712,34.94418],[-119.94789,34.94543],[-119.94808,34.94563],[-119.94834,34.94584],[-119.94862,34.94602],[-119.94894,34.94619],[-119.94928,34.94633],[-119.94949,34.94639],[-119.95025,34.94649],[-119.95061,34.94656],[-119.95093,34.94664],[-119.95151,34.94684],[-119.95171,34.94695],[-119.95184,34.94706],[-119.95195,34.9472],[-119.95209,34.94747],[-119.95237,34.94816],[-119.95251,34.94841],[-119.95267,34.94866],[-119.95284,34.94888],[-119.953,34.94902],[-119.95352,34.94941],[-119.95508,34.95039],[-119.95522,34.95051],[-119.95544,34.95072],[-119.95568,34.95101],[-119.95608,34.95163],[-119.9569,34.95305],[-119.95717,34.9534],[-119.95766,34.95394],[-119.95946,34.95557],[-119.9596,34.95566],[-119.96004,34.95586],[-119.96031,34.956],[-119.96043,34.95608],[-119.9608,34.95635],[-119.96438,34.95932],[-119.96454,34.95952],[-119.9647,34.9598],[-119.96475,34.95995],[-119.96479,34.96024],[-119.96476,34.96054],[-119.96471,34.96069],[-119.96465,34.96084],[-119.96441,34.96122],[-119.96431,34.96146],[-119.96431,34.96173],[-119.96437,34.96194],[-119.96452,34.96225],[-119.96463,34.96239],[-119.96479,34.96251],[-119.96492,34.96258],[-119.9664,34.9631],[-119.96653,34.96318],[-119.9666,34.96327],[-119.96666,34.96337],[-119.96668,34.96347],[-119.96669,34.96358],[-119.96667,34.96376],[-119.9666,34.96393],[-119.96643,34.96426],[-119.96641,34.96434],[-119.96645,34.96453],[-119.96658,34.96468],[-119.96717,34.96519],[-119.96773,34.96572],[-119.96911,34.96692],[-119.96942,34.9671],[-119.96966,34.96719],[-119.96991,34.96725],[-119.97014,34.96728],[-119.97027,34.96729],[-119.97048,34.96728],[-119.97096,34.96717],[-119.97114,34.96715],[-119.97137,34.96716],[-119.97161,34.9672],[-119.97191,34.96728],[-119.97214,34.96738],[-119.97232,34.9675],[-119.9725,34.96767],[-119.97275,34.96794],[-119.97288,34.96802],[-119.97303,34.96807],[-119.97318,34.9681],[-119.97552,34.96814],[-119.97574,34.96812],[-119.97663,34.96799],[-119.97712,34.96789],[-119.9772,34.96787],[-119.97733,34.96779],[-119.9776,34.96757],[-119.97801,34.96719],[-119.97846,34.9668],[-119.9786,34.96671],[-119.97871,34.96667],[-119.97881,34.96666],[-119.97897,34.96669],[-119.97915,34.96677],[-119.97936,34.9669],[-119.97974,34.96718],[-119.97998,34.96733],[-119.98016,34.96741],[-119.98031,34.96745],[-119.9806,34.96746],[-119.9808,34.96742],[-119.9821,34.96705],[-119.98225,34.96702],[-119.98243,34.96702],[-119.98268,34.96708],[-119.98277,34.96712],[-119.98358,34.96769],[-119.98488,34.96871],[-119.98505,34.96881],[-119.98517,34.96887],[-119.98532,34.9689],[-119.98544,34.9689],[-119.9856,34.96885],[-119.98586,34.96867],[-119.98632,34.96828],[-119.9866,34.9681],[-119.98673,34.96805],[-119.98691,34.96802],[-119.98716,34.96802],[-119.98737,34.96808],[-119.98755,34.96818],[-119.98775,34.96842],[-119.98781,34.96855],[-119.98782,34.96869],[-119.98776,34.96886],[-119.98767,34.96896],[-119.98749,34.9691],[-119.98692,34.96941],[-119.98672,34.96958],[-119.98667,34.96971],[-119.9867,34.96988],[-119.98676,34.96999],[-119.98718,34.97041],[-119.98735,34.97061],[-119.98747,34.97085],[-119.98749,34.97106],[-119.98735,34.97252],[-119.98723,34.97292],[-119.98712,34.97317],[-119.98702,34.97358],[-119.98702,34.9738],[-119.98707,34.97403],[-119.98723,34.97444],[-119.98773,34.97511],[-119.98784,34.97534],[-119.98796,34.9757],[-119.98801,34.97597],[-119.98803,34.97625],[-119.988,34.97652],[-119.98793,34.97694],[-119.98761,34.9778],[-119.98761,34.97795],[-119.98765,34.97805],[-119.98776,34.97818],[-119.98874,34.97922],[-119.9897,34.98036],[-119.99021,34.98089],[-119.99063,34.98141],[-119.99089,34.98195],[-119.99121,34.98254],[-119.99137,34.98287],[-119.99141,34.98319],[-119.9915,34.98341],[-119.99204,34.98385],[-119.99214,34.98397],[-119.99221,34.98409],[-119.99228,34.98428],[-119.99241,34.98496],[-119.99249,34.98557],[-119.99268,34.98674],[-119.99283,34.98809],[-119.99283,34.98858],[-119.99285,34.9887],[-119.99293,34.98884],[-119.99302,34.98895],[-119.99318,34.98909],[-119.99467,34.99011],[-119.99536,34.99072],[-119.99557,34.99085],[-119.99581,34.99098],[-119.99602,34.99106],[-119.99644,34.99134],[-119.99714,34.99161],[-119.99737,34.99168],[-119.99774,34.99173],[-119.99791,34.99176],[-119.99832,34.99193],[-119.99852,34.99205],[-119.99868,34.99222],[-119.99891,34.99251],[-119.99899,34.99282],[-119.99924,34.99436],[-119.9993,34.99484],[-119.99934,34.99502],[-119.99951,34.99525],[-119.99995,34.99547],[-120.00072,34.99595],[-120.00087,34.99607],[-120.00117,34.99652],[-120.00132,34.99681],[-120.00165,34.99732],[-120.00172,34.99748],[-120.00172,34.99762],[-120.0017,34.99777],[-120.00164,34.99789],[-120.00161,34.99813],[-120.00166,34.99837],[-120.00179,34.99954],[-120.0019,34.99996],[-120.0019,35.0001],[-120.00187,35.00027],[-120.00186,35.00045],[-120.00192,35.001],[-120.00192,35.00123],[-120.00189,35.00139],[-120.00192,35.00156],[-120.00201,35.00178],[-120.00222,35.00208],[-120.00237,35.00246],[-120.00246,35.00257],[-120.0028,35.00283],[-120.00289,35.00294],[-120.00297,35.0031],[-120.00298,35.00325],[-120.00305,35.00343],[-120.00314,35.00362],[-120.00327,35.00379],[-120.00349,35.00399],[-120.00388,35.00429],[-120.0041,35.00444],[-120.0043,35.00459],[-120.00506,35.00547],[-120.00536,35.00574],[-120.00572,35.00601],[-120.00671,35.00666],[-120.00735,35.00711],[-120.00795,35.00744],[-120.00827,35.00774],[-120.00837,35.00788],[-120.00843,35.00804],[-120.00844,35.00854],[-120.00848,35.00872],[-120.00862,35.00902],[-120.00871,35.00914],[-120.00884,35.00927],[-120.0091,35.00947],[-120.00923,35.00959],[-120.00933,35.00972],[-120.00943,35.00988],[-120.00964,35.0103],[-120.00971,35.0105],[-120.01,35.01093],[-120.01088,35.01204],[-120.0112,35.01234],[-120.01136,35.01246],[-120.01151,35.01253],[-120.01234,35.013],[-120.01253,35.01313],[-120.01285,35.01323],[-120.0131,35.01345],[-120.0132,35.01351],[-120.01337,35.01355],[-120.01365,35.01356],[-120.01417,35.01349],[-120.01492,35.01361],[-120.01502,35.01365],[-120.01553,35.01412],[-120.01563,35.01424],[-120.01565,35.01432],[-120.01565,35.01441],[-120.01556,35.01451],[-120.01529,35.01478],[-120.01515,35.01495],[-120.01507,35.01514],[-120.01502,35.0155],[-120.01497,35.01566],[-120.01488,35.01578],[-120.01458,35.01598],[-120.01453,35.01606],[-120.0145,35.0162],[-120.01454,35.01629],[-120.01462,35.01637],[-120.01473,35.01641],[-120.01486,35.01642],[-120.01498,35.01641],[-120.01567,35.01604],[-120.01582,35.01594],[-120.01596,35.01572],[-120.01611,35.01539],[-120.01617,35.01532],[-120.01625,35.01527],[-120.01649,35.01527],[-120.01666,35.01533],[-120.01735,35.01565],[-120.01853,35.01616],[-120.0187,35.01622],[-120.01879,35.01623],[-120.01904,35.01613],[-120.01914,35.01605],[-120.01928,35.0158],[-120.01935,35.01562],[-120.01947,35.01548],[-120.01976,35.01517],[-120.01998,35.015],[-120.02007,35.01497],[-120.0203,35.01494],[-120.02073,35.01493],[-120.02129,35.01496],[-120.02166,35.01501],[-120.022,35.01507],[-120.02227,35.01516],[-120.02305,35.01551],[-120.02326,35.01564],[-120.02335,35.01573],[-120.0234,35.01583],[-120.02344,35.01597],[-120.02347,35.01711],[-120.02349,35.01727],[-120.02357,35.0174],[-120.02386,35.01771],[-120.0242,35.01802],[-120.02494,35.0189],[-120.02515,35.01908],[-120.02564,35.0194],[-120.02575,35.01955],[-120.02584,35.01971],[-120.02593,35.02006],[-120.02593,35.02027],[-120.02584,35.02095],[-120.02586,35.02108],[-120.02595,35.02121],[-120.02665,35.02172],[-120.02691,35.02185],[-120.02726,35.02199],[-120.02782,35.02228],[-120.02828,35.02255],[-120.02858,35.02276],[-120.02872,35.02284],[-120.02882,35.02289],[-120.02896,35.02287],[-120.02921,35.02271],[-120.02949,35.02257],[-120.0299,35.02247],[-120.03001,35.02244],[-120.03011,35.02238],[-120.03046,35.02206],[-120.03059,35.02201],[-120.03067,35.02199],[-120.03092,35.02199],[-120.031,35.02202],[-120.03107,35.02207],[-120.0311,35.02217],[-120.0311,35.02227],[-120.03104,35.0224],[-120.02992,35.02379],[-120.02984,35.02395],[-120.02985,35.02403],[-120.02988,35.02412],[-120.02996,35.02423],[-120.03001,35.02436],[-120.03004,35.02456],[-120.03009,35.02468],[-120.03033,35.02499],[-120.03059,35.02545],[-120.03068,35.02589],[-120.03073,35.02601],[-120.03083,35.02613],[-120.03128,35.02654],[-120.03137,35.02663],[-120.03155,35.02712],[-120.03165,35.02727],[-120.03204,35.02772],[-120.03212,35.02787],[-120.03218,35.02806],[-120.03221,35.02839],[-120.03229,35.02896],[-120.0323,35.02926],[-120.03233,35.02943],[-120.0324,35.02949],[-120.03258,35.02962],[-120.0331,35.02991],[-120.03321,35.03003],[-120.03327,35.03015],[-120.03335,35.03034],[-120.03368,35.03137],[-120.03404,35.03238],[-120.03411,35.0325],[-120.03463,35.03274],[-120.03594,35.03383],[-120.03617,35.03396],[-120.03655,35.0341],[-120.03691,35.0342],[-120.03713,35.03424],[-120.03741,35.03424],[-120.03755,35.03429],[-120.03764,35.03438],[-120.03774,35.03451],[-120.03788,35.03475],[-120.03796,35.03484],[-120.03805,35.03488],[-120.03833,35.03495],[-120.03842,35.03499],[-120.0386,35.03514],[-120.03865,35.03522],[-120.03875,35.03543],[-120.03887,35.03557],[-120.03901,35.03563],[-120.03941,35.03574],[-120.0395,35.0358],[-120.03949,35.03605],[-120.03947,35.03614],[-120.03942,35.03625],[-120.03912,35.03679],[-120.03904,35.03708],[-120.03865,35.03758],[-120.03861,35.03769],[-120.03864,35.0378],[-120.0387,35.03792],[-120.03936,35.03865],[-120.03939,35.03871],[-120.03938,35.03883],[-120.03934,35.03889],[-120.03929,35.03894],[-120.03915,35.039],[-120.03909,35.03902],[-120.0383,35.03909],[-120.03823,35.03912],[-120.03818,35.03916],[-120.03776,35.04024],[-120.03772,35.04078],[-120.03773,35.04082],[-120.03784,35.04095],[-120.03785,35.041],[-120.03789,35.04134],[-120.0379,35.04177],[-120.03795,35.04186],[-120.03835,35.04211],[-120.03842,35.04225],[-120.03843,35.04232],[-120.0384,35.04245],[-120.03827,35.04262],[-120.03805,35.04364],[-120.03806,35.04379],[-120.03822,35.04415],[-120.03823,35.04428],[-120.03821,35.04434],[-120.03816,35.04441],[-120.038,35.04456],[-120.03785,35.04467],[-120.03775,35.04473],[-120.03765,35.04476],[-120.03738,35.04481],[-120.0373,35.04484],[-120.03724,35.0449],[-120.03718,35.045],[-120.03713,35.04517],[-120.03711,35.04544],[-120.03712,35.04574],[-120.03732,35.04626],[-120.03736,35.04633],[-120.03758,35.04656],[-120.0377,35.04665],[-120.03797,35.04679],[-120.03811,35.04692],[-120.03852,35.04717],[-120.03967,35.04808],[-120.03981,35.04817],[-120.04024,35.04839],[-120.04036,35.04843],[-120.04051,35.04845],[-120.04078,35.04844],[-120.04094,35.04845],[-120.04104,35.04849],[-120.04126,35.04861],[-120.04135,35.04868],[-120.04154,35.04885],[-120.04172,35.04905],[-120.04187,35.04912],[-120.04244,35.04924],[-120.04257,35.04929],[-120.04265,35.04934],[-120.04274,35.04945],[-120.04278,35.04958],[-120.0427,35.0498],[-120.0427,35.04985],[-120.04285,35.05029],[-120.04283,35.05037],[-120.04278,35.05048],[-120.0428,35.05059],[-120.04305,35.05084],[-120.04319,35.05106],[-120.04336,35.0512],[-120.04353,35.05139],[-120.04427,35.05212],[-120.04476,35.05257],[-120.04481,35.05266],[-120.04482,35.05283],[-120.04492,35.05297],[-120.04498,35.05302],[-120.04525,35.05317],[-120.04532,35.05329],[-120.04549,35.05345],[-120.04585,35.05365],[-120.0459,35.05369],[-120.04608,35.054],[-120.04614,35.05405],[-120.04623,35.0541],[-120.04673,35.05425],[-120.04697,35.05435],[-120.04711,35.05443],[-120.04724,35.05448],[-120.04736,35.0545],[-120.04769,35.05449],[-120.04792,35.0545],[-120.04802,35.05453],[-120.04848,35.05473],[-120.04853,35.05477],[-120.04856,35.0548],[-120.04867,35.05527],[-120.04871,35.05534],[-120.04879,35.05543],[-120.04881,35.05548],[-120.0488,35.05552],[-120.04875,35.05561],[-120.04865,35.05569],[-120.04863,35.05573],[-120.04864,35.05582],[-120.04868,35.05588],[-120.04889,35.05607],[-120.04901,35.05623],[-120.04899,35.05632],[-120.0489,35.05654],[-120.04888,35.05662],[-120.04891,35.05674],[-120.04895,35.0568],[-120.04903,35.05684],[-120.04942,35.05699],[-120.04952,35.05709],[-120.04955,35.05715],[-120.04952,35.05723],[-120.0493,35.05743],[-120.04928,35.05753],[-120.04934,35.05763],[-120.04975,35.05796],[-120.04994,35.05813],[-120.05052,35.0584],[-120.05059,35.05846],[-120.05068,35.0586],[-120.05092,35.05884],[-120.05095,35.05889],[-120.05094,35.05896],[-120.05088,35.05902],[-120.0507,35.05909],[-120.05065,35.05918],[-120.05067,35.05928],[-120.05105,35.0596],[-120.05108,35.05971],[-120.05106,35.05989],[-120.05094,35.06024],[-120.051,35.06048],[-120.05097,35.06066],[-120.05075,35.06109],[-120.05074,35.06114],[-120.05079,35.06124],[-120.05096,35.06137],[-120.051,35.06141],[-120.05103,35.06148],[-120.05103,35.06155],[-120.051,35.06177],[-120.05127,35.06224],[-120.05138,35.06232],[-120.05159,35.06242],[-120.05175,35.06255],[-120.05178,35.0626],[-120.05177,35.06279],[-120.05183,35.06287],[-120.05213,35.06308],[-120.05256,35.06345],[-120.05259,35.06356],[-120.05258,35.06366],[-120.05251,35.06395],[-120.05242,35.06465],[-120.05245,35.06478],[-120.05265,35.06515],[-120.05267,35.06532],[-120.05262,35.06564],[-120.05265,35.06571],[-120.05284,35.06601],[-120.05293,35.06626],[-120.05304,35.06647],[-120.05314,35.06661],[-120.0532,35.06665],[-120.05372,35.06681],[-120.05377,35.06684],[-120.05384,35.06692],[-120.05393,35.06717],[-120.05418,35.06749],[-120.05472,35.0678],[-120.05503,35.06784],[-120.05517,35.06791],[-120.05542,35.06815],[-120.0555,35.06826],[-120.05551,35.06831],[-120.0555,35.06855],[-120.05555,35.06874],[-120.05557,35.06891],[-120.05555,35.06895],[-120.05536,35.06912],[-120.05496,35.06939],[-120.05483,35.0695],[-120.05448,35.06989],[-120.05445,35.06993],[-120.05443,35.07006],[-120.05449,35.07014],[-120.05457,35.0702],[-120.05499,35.07028],[-120.05512,35.07035],[-120.05521,35.07046],[-120.05535,35.07077],[-120.05554,35.07099],[-120.05571,35.0711],[-120.0558,35.07113],[-120.056,35.07116],[-120.05642,35.07117],[-120.05692,35.07122],[-120.05706,35.07129],[-120.05744,35.0716]]}},{"type":"Feature","properties":{"name":"Cottonwood Canyon Road","road_class":"unclassified","surface":"unpaved","source":"Caltrans All Roads + OpenStreetMap explicit surface","source_detail":"osm way 16255168; Caltrans All Roads public-network geometry match","source_tile":"171/405","public_network_source":"Caltrans All Roads (ARNOLD/HPMS)","surface_source":"OpenStreetMap explicit surface tag","caltrans_match_coverage":1.0,"verified_length_m":7043},"geometry":{"type":"LineString","coordinates":[[-119.88993,34.97688],[-119.88974,34.97764],[-119.88959,34.97817],[-119.88922,34.97936],[-119.88907,34.97991],[-119.88905,34.98001],[-119.88901,34.98151],[-119.88901,34.98205],[-119.889,34.98269],[-119.88903,34.98347],[-119.88909,34.98429],[-119.88913,34.98471],[-119.88912,34.98555],[-119.8891,34.98595],[-119.88906,34.98633],[-119.88906,34.98672],[-119.88905,34.98695],[-119.88906,34.98756],[-119.88909,34.98878],[-119.88906,34.98998],[-119.88915,34.99103],[-119.8892,34.99206],[-119.88923,34.993],[-119.88926,34.9936],[-119.8893,34.9942],[-119.88956,34.99559],[-119.88964,34.99612],[-119.88984,34.99709],[-119.88992,34.99757],[-119.88999,34.99788],[-119.89002,34.9982],[-119.89013,34.99884],[-119.89019,34.99911],[-119.89025,34.99931],[-119.89032,34.99944],[-119.89042,34.99958],[-119.89065,34.99978],[-119.89102,35.0],[-119.89118,35.00011],[-119.89129,35.00021],[-119.89135,35.00031],[-119.89142,35.0005],[-119.89148,35.00083],[-119.89148,35.001],[-119.89146,35.00125],[-119.89132,35.00225],[-119.89127,35.00262],[-119.89115,35.00332],[-119.8911,35.00357],[-119.89106,35.00375],[-119.89098,35.00444],[-119.89095,35.00461],[-119.89088,35.00483],[-119.89076,35.00508],[-119.89065,35.00527],[-119.89052,35.00544],[-119.89036,35.00556],[-119.89011,35.00564],[-119.88979,35.00574],[-119.88934,35.00587],[-119.88911,35.00596],[-119.88888,35.00607],[-119.88846,35.00632],[-119.8874,35.00687],[-119.88678,35.00723],[-119.88606,35.00763],[-119.88554,35.00793],[-119.88526,35.00812],[-119.8851,35.00827],[-119.88487,35.00853],[-119.88479,35.00863],[-119.88473,35.00875],[-119.88469,35.00887],[-119.88458,35.0094],[-119.88443,35.00989],[-119.88429,35.0105],[-119.88414,35.01107],[-119.88394,35.01209],[-119.88376,35.01308],[-119.88366,35.01378],[-119.88365,35.01396],[-119.88366,35.01413],[-119.8838,35.01532],[-119.88397,35.01655],[-119.88409,35.01754],[-119.88412,35.01846],[-119.88405,35.01936],[-119.8839,35.02027],[-119.88367,35.02102],[-119.8834,35.02177],[-119.8831,35.02252],[-119.88277,35.02328],[-119.88217,35.02488],[-119.88205,35.02553],[-119.88203,35.02583],[-119.882,35.02606],[-119.88193,35.02685],[-119.88182,35.02768],[-119.8818,35.02854],[-119.88164,35.02948],[-119.88136,35.03126],[-119.88129,35.03174],[-119.88118,35.03233],[-119.88109,35.03262],[-119.88097,35.03293],[-119.88088,35.03313],[-119.88071,35.0334],[-119.88048,35.03364],[-119.88031,35.03377],[-119.88015,35.03386],[-119.87983,35.03398],[-119.87971,35.03401],[-119.87948,35.03404],[-119.87875,35.03409],[-119.87789,35.03413],[-119.87766,35.03414],[-119.87747,35.03417],[-119.87727,35.03422],[-119.87723,35.03424],[-119.87718,35.03426],[-119.87708,35.03434],[-119.87704,35.0344],[-119.87693,35.03453]]}},{"type":"Feature","properties":{"name":"(unnamed public road)","road_class":"track","surface":"unpaved","tracktype":"grade5","source":"Caltrans All Roads + OpenStreetMap explicit surface","source_detail":"osm way 1254787040; Caltrans All Roads public-network geometry match","source_tile":"171/405","public_network_source":"Caltrans All Roads (ARNOLD/HPMS)","surface_source":"OpenStreetMap explicit surface tag","caltrans_match_coverage":0.976,"verified_length_m":2306},"geometry":{"type":"LineString","coordinates":[[-119.88141,35.17308],[-119.88139,35.17304],[-119.88127,35.17283],[-119.88124,35.17272],[-119.88121,35.17245],[-119.88123,35.17176],[-119.8812,35.17002],[-119.88121,35.16966],[-119.88122,35.16891],[-119.88123,35.16835],[-119.88123,35.16775],[-119.88123,35.16665],[-119.88121,35.16634],[-119.88122,35.16589],[-119.8812,35.16486],[-119.88121,35.16431],[-119.88119,35.16346],[-119.8812,35.16308],[-119.88119,35.16288],[-119.88118,35.16246],[-119.88121,35.16202],[-119.88125,35.1619],[-119.88133,35.16175],[-119.88176,35.1612],[-119.88207,35.16073],[-119.8824,35.16016],[-119.88252,35.15999],[-119.88302,35.15925],[-119.88313,35.15913],[-119.88318,35.1591],[-119.88354,35.15896],[-119.88377,35.15889],[-119.8841,35.15878],[-119.88424,35.15875],[-119.88454,35.15872],[-119.88497,35.15874],[-119.88531,35.15877],[-119.88545,35.15877],[-119.88564,35.15875],[-119.88574,35.15873],[-119.88583,35.1587],[-119.88593,35.15863],[-119.88605,35.15852],[-119.88617,35.15835],[-119.88622,35.15825],[-119.88622,35.15807],[-119.8862,35.15801],[-119.88614,35.15793],[-119.88608,35.15786],[-119.88596,35.15776],[-119.88572,35.1576],[-119.88559,35.15753],[-119.88544,35.15748],[-119.8851,35.15739],[-119.88485,35.15731],[-119.8843,35.15707],[-119.88415,35.15705],[-119.88395,35.157],[-119.88372,35.15691],[-119.88369,35.15689],[-119.88362,35.15677],[-119.88353,35.15672],[-119.88344,35.15671],[-119.88337,35.15675],[-119.88332,35.15677],[-119.8832,35.15674],[-119.88314,35.15675],[-119.88312,35.1568],[-119.88314,35.15687],[-119.88319,35.15688],[-119.88327,35.15687],[-119.88331,35.15682],[-119.88337,35.15675]]}},{"type":"Feature","properties":{"name":"Elkhorn Road","road_class":"unclassified","surface":"gravel","source":"Caltrans All Roads + OpenStreetMap explicit surface","source_detail":"osm way 10537989; Caltrans All Roads public-network geometry match","source_tile":"172/405","public_network_source":"Caltrans All Roads (ARNOLD/HPMS)","surface_source":"OpenStreetMap explicit surface tag","caltrans_match_coverage":1.0,"verified_length_m":56404},"geometry":{"type":"LineString","coordinates":[[-119.48793,34.99367],[-119.48788,34.99397],[-119.48784,34.99431],[-119.48781,34.99443],[-119.48775,34.99453],[-119.4877,34.9946],[-119.48748,34.99479],[-119.48737,34.99485],[-119.48723,34.9949],[-119.48698,34.99491],[-119.48675,34.99489],[-119.48657,34.99483],[-119.48625,34.99456],[-119.48609,34.99446],[-119.48597,34.99445],[-119.48586,34.99446],[-119.48574,34.9945],[-119.48571,34.99454],[-119.48564,34.99467],[-119.48564,34.99494],[-119.48566,34.99528],[-119.48562,34.99546],[-119.48548,34.99596],[-119.48544,34.99613],[-119.48541,34.9963],[-119.4854,34.99654],[-119.48549,34.99703],[-119.48551,34.99712],[-119.48556,34.99718],[-119.48575,34.9973],[-119.48596,34.99739],[-119.48616,34.99746],[-119.48659,34.99755],[-119.48702,34.99766],[-119.4873,34.99775],[-119.48755,34.99786],[-119.48779,34.99806],[-119.48785,34.99814],[-119.48804,34.99849],[-119.48816,34.99879],[-119.48829,34.99905],[-119.48831,34.99913],[-119.48833,34.99935],[-119.48838,34.99952],[-119.48853,34.9998],[-119.48868,35.00019],[-119.48876,35.00051],[-119.4888,35.00082],[-119.48876,35.00094],[-119.48869,35.00109],[-119.48852,35.00133],[-119.48851,35.00145],[-119.48874,35.00259],[-119.48882,35.00283],[-119.48903,35.00314],[-119.48928,35.00338],[-119.48938,35.00351],[-119.48965,35.00392],[-119.4898,35.00406],[-119.49002,35.00414],[-119.49057,35.00428],[-119.49069,35.00434],[-119.49079,35.00441],[-119.49096,35.0046],[-119.49108,35.00467],[-119.49166,35.00492],[-119.49173,35.00499],[-119.49181,35.00509],[-119.49181,35.00519],[-119.49175,35.0053],[-119.49162,35.00541],[-119.49139,35.00554],[-119.49124,35.00555],[-119.49103,35.00555],[-119.4909,35.00556],[-119.49077,35.00558],[-119.49058,35.00567],[-119.48966,35.00627],[-119.48952,35.00643],[-119.48944,35.00657],[-119.48929,35.00677],[-119.48877,35.00707],[-119.48867,35.00715],[-119.48858,35.00726],[-119.48856,35.00733],[-119.48856,35.0074],[-119.48859,35.00747],[-119.4889,35.00776],[-119.48891,35.00783],[-119.48888,35.00789],[-119.48882,35.00793],[-119.48875,35.00795],[-119.48869,35.00795],[-119.48858,35.00792],[-119.48827,35.00773],[-119.48794,35.00761],[-119.48783,35.00754],[-119.48778,35.00748],[-119.48754,35.00712],[-119.48739,35.00697],[-119.4873,35.00691],[-119.48719,35.00688],[-119.48707,35.00686],[-119.48679,35.00685],[-119.48651,35.00687],[-119.48632,35.0069],[-119.4862,35.00695],[-119.48611,35.00703],[-119.48591,35.00731],[-119.48562,35.00785],[-119.48556,35.00804],[-119.48559,35.00824],[-119.48566,35.00835],[-119.48575,35.00847],[-119.48587,35.00855],[-119.48613,35.00866],[-119.48643,35.0087],[-119.48675,35.00868],[-119.48704,35.00863],[-119.48716,35.00863],[-119.48724,35.00867],[-119.4873,35.00874],[-119.48732,35.00882],[-119.48722,35.00945],[-119.4872,35.00996],[-119.4872,35.01039],[-119.4873,35.01087],[-119.48742,35.01164],[-119.4875,35.01192],[-119.48762,35.01252],[-119.48761,35.01274],[-119.48763,35.01295],[-119.48768,35.01317],[-119.48776,35.01335],[-119.48803,35.01429],[-119.48809,35.01487],[-119.48806,35.01501],[-119.488,35.01508],[-119.48786,35.01518],[-119.48757,35.01534],[-119.48745,35.01538],[-119.48723,35.01542],[-119.48693,35.01544],[-119.48685,35.01546],[-119.4868,35.01552],[-119.48677,35.01558],[-119.48678,35.01568],[-119.48682,35.01575],[-119.4869,35.01585],[-119.48703,35.01596],[-119.48714,35.01603],[-119.48743,35.01612],[-119.48763,35.01621],[-119.48802,35.01651],[-119.48818,35.01665],[-119.48828,35.01676],[-119.48833,35.01687],[-119.48834,35.01694],[-119.48831,35.01717],[-119.48833,35.01739],[-119.48836,35.01749],[-119.48842,35.01757],[-119.48863,35.0178],[-119.48873,35.018],[-119.4888,35.01829],[-119.48877,35.01847],[-119.48873,35.01856],[-119.48864,35.01872],[-119.48769,35.01983],[-119.48754,35.02007],[-119.48721,35.02078],[-119.48705,35.0211],[-119.48678,35.0216],[-119.48654,35.02191],[-119.48623,35.02226],[-119.48588,35.02258],[-119.48529,35.02316],[-119.48513,35.0233],[-119.48496,35.02341],[-119.48458,35.02363],[-119.48422,35.02377],[-119.48383,35.02395],[-119.48344,35.02412],[-119.48335,35.02417],[-119.48328,35.02424],[-119.48322,35.02432],[-119.48315,35.02459],[-119.48312,35.02477],[-119.48308,35.02484],[-119.48299,35.02495],[-119.48288,35.02503],[-119.48257,35.02511],[-119.48231,35.02514],[-119.48221,35.02521],[-119.48216,35.02527],[-119.48215,35.02531],[-119.4822,35.02608],[-119.48222,35.0262],[-119.48228,35.0264],[-119.48239,35.02658],[-119.48267,35.02697],[-119.48301,35.02738],[-119.48306,35.02748],[-119.48306,35.02763],[-119.48296,35.02794],[-119.48273,35.0285],[-119.48266,35.0287],[-119.48267,35.02878],[-119.4827,35.02885],[-119.48274,35.02889],[-119.48298,35.02905],[-119.48395,35.02961],[-119.48503,35.03028],[-119.48597,35.03091],[-119.48656,35.03128],[-119.48694,35.03147],[-119.48701,35.0315],[-119.4872,35.03163],[-119.48896,35.03264],[-119.4906,35.03361],[-119.49474,35.03612],[-119.49779,35.03802],[-119.49937,35.03902],[-119.50164,35.04042],[-119.50239,35.04086],[-119.503,35.04121],[-119.50553,35.04275],[-119.50639,35.04326],[-119.5071,35.04372],[-119.51343,35.04754],[-119.52085,35.05206],[-119.52219,35.05285],[-119.52534,35.05476],[-119.52557,35.05488],[-119.52696,35.05574],[-119.52912,35.057],[-119.52964,35.05734],[-119.53159,35.05855],[-119.53213,35.05889],[-119.53225,35.05899],[-119.53365,35.05987],[-119.53437,35.06025],[-119.53723,35.06199],[-119.53979,35.06354],[-119.5418,35.06475],[-119.54524,35.06683],[-119.54971,35.06964],[-119.54983,35.06971],[-119.55053,35.07027],[-119.55071,35.0704],[-119.55304,35.0719],[-119.55462,35.07285],[-119.55535,35.07327],[-119.55586,35.07362],[-119.55665,35.07412],[-119.55676,35.07421],[-119.5569,35.07437],[-119.55727,35.07472],[-119.55789,35.07522],[-119.56223,35.07853],[-119.56467,35.0805],[-119.56503,35.08074],[-119.5661,35.08136],[-119.56732,35.08194],[-119.56818,35.08238],[-119.56906,35.08289],[-119.56956,35.08315],[-119.57061,35.08359],[-119.57111,35.08387],[-119.57162,35.08424],[-119.57203,35.08451],[-119.57266,35.08483],[-119.57351,35.08519],[-119.574,35.08545],[-119.57433,35.0857],[-119.57458,35.08595],[-119.57478,35.08624],[-119.57488,35.0864],[-119.57505,35.08666],[-119.57527,35.08686],[-119.57554,35.08705],[-119.57617,35.0874],[-119.57636,35.08754],[-119.57684,35.08794],[-119.57744,35.08839],[-119.57779,35.08875],[-119.5781,35.08921],[-119.57824,35.08937],[-119.57842,35.08953],[-119.57859,35.08964],[-119.57924,35.08999],[-119.57938,35.09009],[-119.57961,35.09033],[-119.58007,35.09064],[-119.58124,35.09123],[-119.5818,35.09149],[-119.58282,35.09193],[-119.58567,35.09299],[-119.58968,35.09437],[-119.59077,35.09471],[-119.59229,35.09512],[-119.59282,35.0953],[-119.59334,35.09557],[-119.59353,35.09564],[-119.59441,35.09589],[-119.59488,35.09609],[-119.5963,35.09682],[-119.59665,35.09705],[-119.59688,35.09723],[-119.59719,35.09754],[-119.5978,35.09831],[-119.59814,35.09865],[-119.5984,35.09887],[-119.59909,35.09941],[-119.59957,35.09971],[-119.60071,35.10035],[-119.60102,35.10057],[-119.6016,35.10103],[-119.60223,35.10145],[-119.60265,35.10175],[-119.60286,35.10198],[-119.60311,35.10245],[-119.60366,35.10318],[-119.60394,35.10352],[-119.60408,35.10372],[-119.60419,35.10399],[-119.60427,35.10416],[-119.60461,35.10476],[-119.60507,35.10545],[-119.60587,35.10653],[-119.60704,35.10854],[-119.60716,35.10886],[-119.60721,35.10903],[-119.60734,35.10951],[-119.60737,35.10972],[-119.60738,35.10995],[-119.60736,35.11027],[-119.60738,35.11035],[-119.60792,35.11116],[-119.60803,35.11124],[-119.60811,35.11128],[-119.60924,35.11167],[-119.60989,35.11192],[-119.61026,35.1121],[-119.61075,35.11235],[-119.61114,35.11258],[-119.61215,35.11305],[-119.61277,35.11346],[-119.61294,35.11355],[-119.61328,35.11365],[-119.61405,35.1138],[-119.61453,35.11391],[-119.61469,35.11398],[-119.61494,35.11412],[-119.61554,35.11458],[-119.61617,35.11499],[-119.61639,35.11517],[-119.61673,35.1155],[-119.6168,35.11552],[-119.61732,35.11561],[-119.61782,35.11573],[-119.61837,35.11592],[-119.61865,35.11599],[-119.61912,35.11607],[-119.61995,35.11625],[-119.62056,35.11649],[-119.6216,35.11677],[-119.62192,35.11687],[-119.62259,35.11717],[-119.62272,35.11719],[-119.62285,35.11718],[-119.62317,35.11705],[-119.62339,35.11698],[-119.6236,35.11694],[-119.6238,35.11696],[-119.624,35.11701],[-119.62455,35.11718],[-119.62485,35.11724],[-119.62552,35.11731],[-119.62585,35.11738],[-119.62664,35.11766],[-119.62697,35.11781],[-119.62731,35.11803],[-119.62938,35.11945],[-119.62953,35.1196],[-119.62967,35.11978],[-119.62976,35.11987],[-119.62998,35.11999],[-119.63018,35.12013],[-119.63054,35.12048],[-119.63151,35.12129],[-119.63334,35.12259],[-119.63436,35.12328],[-119.63504,35.12377],[-119.63601,35.12436],[-119.63661,35.12475],[-119.63881,35.12623],[-119.63968,35.1268],[-119.64055,35.1274],[-119.64171,35.12812],[-119.64504,35.1301],[-119.64719,35.13129],[-119.64954,35.13257],[-119.65011,35.13293],[-119.65037,35.13306],[-119.65083,35.13323],[-119.65097,35.1333],[-119.65181,35.13385],[-119.65253,35.13449],[-119.65326,35.135],[-119.65378,35.13539],[-119.65404,35.13566],[-119.65454,35.1363],[-119.65477,35.13654],[-119.65497,35.13669],[-119.65537,35.13691],[-119.65558,35.13709],[-119.65595,35.13749],[-119.6564,35.13794],[-119.65726,35.13871],[-119.65743,35.1388],[-119.65793,35.13896],[-119.65811,35.13905],[-119.65837,35.13923],[-119.65845,35.13932],[-119.65866,35.1397],[-119.65888,35.13994],[-119.65931,35.14033],[-119.65951,35.14059],[-119.65991,35.14117],[-119.66027,35.14163],[-119.6606,35.14196],[-119.66105,35.14239],[-119.66158,35.14289],[-119.6619,35.14328],[-119.6623,35.14393],[-119.66246,35.14412],[-119.66293,35.14456],[-119.66316,35.1448],[-119.66389,35.14568],[-119.66437,35.14629],[-119.66447,35.14639],[-119.66481,35.14667],[-119.66495,35.1468],[-119.66508,35.14711],[-119.66581,35.14799],[-119.66604,35.1482],[-119.66658,35.1486],[-119.66669,35.14869],[-119.66689,35.14898],[-119.66714,35.14948],[-119.66727,35.14982],[-119.66731,35.14996],[-119.66738,35.15037],[-119.66744,35.15054],[-119.66749,35.15064],[-119.66771,35.15097],[-119.66783,35.15127],[-119.66811,35.1526],[-119.66813,35.15284],[-119.66811,35.1532],[-119.66807,35.1535],[-119.66785,35.15424],[-119.66777,35.15443],[-119.66737,35.15508],[-119.6673,35.15532],[-119.6673,35.15557],[-119.66733,35.15572],[-119.66739,35.15584],[-119.66744,35.15589],[-119.66779,35.1561],[-119.66797,35.15624],[-119.66831,35.15661],[-119.6685,35.1568],[-119.66901,35.15723],[-119.66919,35.15747],[-119.66945,35.15776],[-119.66961,35.15791],[-119.66969,35.15801],[-119.66989,35.15837],[-119.67004,35.15886],[-119.67009,35.15895],[-119.67037,35.15924],[-119.67048,35.15941],[-119.67054,35.15953],[-119.67065,35.15991],[-119.67078,35.16014],[-119.67099,35.16036],[-119.67139,35.16069],[-119.67148,35.16077],[-119.67178,35.16116],[-119.67191,35.1613],[-119.67221,35.16149],[-119.67252,35.16166],[-119.6731,35.16204],[-119.67364,35.16247],[-119.67415,35.1628],[-119.67424,35.16287],[-119.67435,35.16297],[-119.67448,35.16315],[-119.67474,35.16354],[-119.67549,35.16436],[-119.67591,35.16479],[-119.67656,35.16527],[-119.67683,35.16554],[-119.67701,35.16568],[-119.67755,35.16601],[-119.67767,35.1661],[-119.67787,35.16638],[-119.67796,35.16646],[-119.67814,35.16655],[-119.67828,35.1666],[-119.67841,35.16662],[-119.67873,35.16666],[-119.67907,35.16675],[-119.68024,35.16727],[-119.68037,35.16735],[-119.68048,35.16744],[-119.68063,35.16767],[-119.68075,35.16798],[-119.68083,35.16842],[-119.68086,35.1688],[-119.68091,35.16891],[-119.6812,35.16915],[-119.68132,35.16934],[-119.68135,35.16955],[-119.68134,35.17007],[-119.68136,35.17017],[-119.68142,35.17027],[-119.6815,35.17036],[-119.68165,35.17042],[-119.68218,35.17056],[-119.68225,35.17055],[-119.68231,35.17052],[-119.68243,35.17041],[-119.68254,35.17034],[-119.68266,35.1703],[-119.68279,35.17027],[-119.68302,35.17027],[-119.68316,35.1703],[-119.68329,35.17034],[-119.6834,35.17041],[-119.68372,35.1707],[-119.68385,35.17084],[-119.68392,35.17095],[-119.68397,35.17106],[-119.68399,35.17115],[-119.68405,35.17146],[-119.68411,35.17169],[-119.68414,35.17175],[-119.68429,35.17187],[-119.6844,35.17195],[-119.68448,35.17206],[-119.68452,35.17215],[-119.68457,35.17252],[-119.68457,35.17281],[-119.68454,35.17341],[-119.68457,35.17366],[-119.68462,35.17382],[-119.68468,35.1739],[-119.68478,35.17397],[-119.68487,35.174],[-119.68499,35.17401],[-119.6853,35.17399],[-119.68542,35.17402],[-119.68549,35.17406],[-119.68559,35.17413],[-119.68582,35.17441],[-119.68599,35.17474],[-119.68605,35.1748],[-119.68614,35.17485],[-119.68649,35.1749],[-119.68664,35.17496],[-119.6872,35.17531],[-119.68732,35.17536],[-119.68774,35.17543],[-119.68792,35.17548],[-119.68847,35.17573],[-119.6886,35.17576],[-119.68873,35.17577],[-119.68908,35.17576],[-119.68919,35.17578],[-119.68929,35.17581],[-119.68938,35.17587],[-119.68971,35.17612],[-119.68986,35.17619],[-119.69034,35.17637],[-119.69072,35.17652],[-119.69091,35.17659],[-119.69135,35.17669],[-119.69146,35.17673],[-119.69157,35.17679],[-119.69173,35.1769],[-119.69195,35.17709],[-119.69206,35.17715],[-119.69246,35.17726],[-119.69257,35.17731],[-119.69301,35.17755],[-119.6936,35.17782],[-119.69415,35.1782],[-119.69441,35.17843],[-119.69457,35.17862],[-119.69476,35.17877],[-119.69489,35.17885],[-119.6952,35.17901],[-119.69596,35.17937],[-119.69631,35.17952],[-119.69647,35.17961],[-119.69664,35.17977],[-119.69679,35.17996],[-119.69691,35.18008],[-119.69705,35.18019],[-119.69731,35.18034],[-119.69744,35.18039],[-119.69774,35.18047],[-119.69798,35.18056],[-119.69839,35.18077],[-119.69853,35.18087],[-119.69867,35.181],[-119.69869,35.18104],[-119.6988,35.18111],[-119.69894,35.18115],[-119.69956,35.18127],[-119.69979,35.18132],[-119.69992,35.18138],[-119.70022,35.18162],[-119.70036,35.18168],[-119.70175,35.18207],[-119.70331,35.18236],[-119.70372,35.18246],[-119.7041,35.18259],[-119.70418,35.18263],[-119.70431,35.18272],[-119.70438,35.1828],[-119.7049,35.18341],[-119.70516,35.18374],[-119.70559,35.18438],[-119.70572,35.1846],[-119.70581,35.1847],[-119.70618,35.18499],[-119.70628,35.18511],[-119.70632,35.18521],[-119.70634,35.18532],[-119.70632,35.18546],[-119.70625,35.18566],[-119.70625,35.18575],[-119.70633,35.18591],[-119.70641,35.18604],[-119.70646,35.18612],[-119.70658,35.18628],[-119.70673,35.18655],[-119.70711,35.18773],[-119.70737,35.18832],[-119.70786,35.18858],[-119.70812,35.18884],[-119.70832,35.18913],[-119.70856,35.18967],[-119.70889,35.19016],[-119.70897,35.19037],[-119.70905,35.19068],[-119.70911,35.19074],[-119.70918,35.19078],[-119.70929,35.19078],[-119.70953,35.19077],[-119.70963,35.19077],[-119.70972,35.19081],[-119.70979,35.19088],[-119.70985,35.19098],[-119.70999,35.19143],[-119.71005,35.19176],[-119.71011,35.19184],[-119.71023,35.19195],[-119.71056,35.19215],[-119.7109,35.19239],[-119.71116,35.19262],[-119.7112,35.19265],[-119.71127,35.19271],[-119.71141,35.19284],[-119.71151,35.1929],[-119.71164,35.19295],[-119.71185,35.19299],[-119.71198,35.19303],[-119.71207,35.1931],[-119.7121,35.1932],[-119.71208,35.19334],[-119.71204,35.19349],[-119.71196,35.19367],[-119.71196,35.19379],[-119.71199,35.19389],[-119.71205,35.19399],[-119.71267,35.19449],[-119.71337,35.19499],[-119.71369,35.19528],[-119.71378,35.19541],[-119.71383,35.19554],[-119.7139,35.19578],[-119.71395,35.1959],[-119.71415,35.19621],[-119.7144,35.19665],[-119.71449,35.19673],[-119.7146,35.1968],[-119.71499,35.19689],[-119.71509,35.19692],[-119.71516,35.19698],[-119.71521,35.19704],[-119.71521,35.19715],[-119.71506,35.19739],[-119.71486,35.19763],[-119.71467,35.19779],[-119.71462,35.19785],[-119.71459,35.19796],[-119.71461,35.19813],[-119.71465,35.19822],[-119.71479,35.19826],[-119.71504,35.19834],[-119.71515,35.19834],[-119.71524,35.19831],[-119.71544,35.19817],[-119.71566,35.19808],[-119.71589,35.19805],[-119.71628,35.19793],[-119.71644,35.19792],[-119.71671,35.19794],[-119.71701,35.19803],[-119.7176,35.19827],[-119.71784,35.19834],[-119.71842,35.19844],[-119.71908,35.19859],[-119.7196,35.19866],[-119.72036,35.19874],[-119.72088,35.19885],[-119.72112,35.19888],[-119.72124,35.19893],[-119.72132,35.199],[-119.72141,35.19914],[-119.72375,35.20164],[-119.72392,35.20182],[-119.72571,35.20401],[-119.72656,35.20481],[-119.72703,35.2054],[-119.72783,35.20623],[-119.72809,35.20672],[-119.72868,35.20742],[-119.72917,35.2082],[-119.72966,35.2088],[-119.73015,35.20955],[-119.73043,35.20993],[-119.73061,35.21014],[-119.73122,35.21073],[-119.73176,35.21121],[-119.73211,35.21145],[-119.73229,35.21161],[-119.73249,35.21187],[-119.73302,35.21279],[-119.73342,35.21333],[-119.73349,35.21355],[-119.73354,35.21379],[-119.73358,35.21388],[-119.73368,35.21397],[-119.73378,35.21403],[-119.73452,35.21434],[-119.73487,35.2145],[-119.73502,35.21455],[-119.73583,35.21474],[-119.7362,35.21489],[-119.73661,35.21511],[-119.7367,35.2152],[-119.73683,35.21539],[-119.73691,35.21547],[-119.73711,35.21557],[-119.73721,35.21565],[-119.738,35.21672],[-119.73859,35.2176],[-119.73947,35.2187],[-119.73978,35.21904],[-119.74118,35.22021],[-119.74237,35.22131],[-119.74261,35.22156],[-119.7429,35.2219],[-119.74311,35.2222],[-119.74326,35.22235],[-119.7438,35.22277],[-119.74564,35.22444],[-119.74582,35.22463],[-119.74592,35.22486],[-119.74601,35.22524],[-119.74612,35.22552],[-119.74615,35.22575],[-119.74613,35.22597],[-119.74615,35.22629],[-119.7463,35.22734],[-119.74639,35.22766],[-119.74642,35.22774],[-119.74649,35.22784],[-119.74658,35.22794],[-119.74684,35.22811],[-119.74724,35.22831],[-119.7477,35.22851],[-119.74847,35.22879],[-119.74863,35.2289],[-119.74909,35.22935],[-119.74918,35.2294],[-119.7507,35.2301],[-119.75168,35.23072],[-119.75213,35.23096],[-119.75267,35.23123],[-119.75342,35.23169],[-119.75371,35.23179],[-119.75447,35.232],[-119.75484,35.23211],[-119.75584,35.23249],[-119.75615,35.23267],[-119.75634,35.23282],[-119.75694,35.23342],[-119.75749,35.23385],[-119.76036,35.23595],[-119.76117,35.23651],[-119.76571,35.23981],[-119.76743,35.24108],[-119.76765,35.24127],[-119.76781,35.24148],[-119.76796,35.24158],[-119.76849,35.24202],[-119.7687,35.24218],[-119.76963,35.24276],[-119.76983,35.24291],[-119.77001,35.24311],[-119.7705,35.24379],[-119.77059,35.24389],[-119.77111,35.24436],[-119.77151,35.24463],[-119.77164,35.24469],[-119.77211,35.24461],[-119.77258,35.24459],[-119.77335,35.24459],[-119.77365,35.2446],[-119.774,35.24471],[-119.77469,35.24498],[-119.77597,35.24553],[-119.77618,35.24557],[-119.7764,35.24557],[-119.7769,35.24551],[-119.77702,35.24551],[-119.77724,35.24555],[-119.77827,35.24593],[-119.78005,35.24656],[-119.78025,35.24665],[-119.78087,35.24688],[-119.78111,35.24694],[-119.78146,35.24701],[-119.78197,35.24701],[-119.78221,35.24701],[-119.78235,35.24698],[-119.78255,35.24691],[-119.78265,35.24684],[-119.7829,35.24661],[-119.78321,35.24628],[-119.78364,35.24578],[-119.78368,35.2457],[-119.7837,35.24561],[-119.78371,35.24525],[-119.78376,35.24514],[-119.78387,35.24498],[-119.78431,35.24444],[-119.78496,35.24386],[-119.78528,35.24355],[-119.78537,35.24345],[-119.78564,35.24298],[-119.78594,35.24258],[-119.78605,35.24247],[-119.7863,35.24227],[-119.7865,35.24222],[-119.78727,35.24191],[-119.78842,35.24141],[-119.78889,35.24123],[-119.79056,35.24077],[-119.79088,35.24066],[-119.79235,35.2403],[-119.79257,35.24026],[-119.79355,35.24013],[-119.79528,35.23993],[-119.79728,35.23949],[-119.79758,35.2395],[-119.79767,35.23952],[-119.79793,35.23962],[-119.79855,35.24017],[-119.79893,35.24058],[-119.79962,35.24127],[-119.79983,35.24146],[-119.80022,35.24175],[-119.80057,35.24204],[-119.80072,35.2422],[-119.8008,35.24227],[-119.80088,35.24236],[-119.8017,35.243],[-119.80196,35.24319],[-119.80262,35.24387],[-119.80311,35.24431],[-119.80341,35.24455],[-119.80406,35.24509],[-119.80528,35.24619],[-119.80652,35.24724],[-119.80671,35.24742],[-119.80726,35.24786],[-119.80874,35.24896],[-119.80973,35.24954],[-119.81032,35.24992],[-119.81084,35.25021],[-119.81148,35.2506],[-119.8122,35.25106],[-119.81281,35.25147],[-119.81295,35.25156],[-119.81347,35.25181],[-119.81455,35.25245],[-119.81511,35.25284],[-119.81525,35.25291],[-119.81555,35.25303],[-119.81651,35.25354],[-119.81668,35.25366],[-119.81685,35.25381],[-119.81755,35.25469],[-119.81794,35.25527],[-119.81802,35.25544],[-119.8182,35.25566],[-119.81844,35.25586],[-119.81871,35.25621],[-119.81888,35.25661],[-119.81899,35.25691],[-119.81903,35.25735],[-119.81905,35.25747],[-119.81912,35.25763],[-119.81923,35.25779],[-119.81935,35.25795],[-119.81951,35.25806],[-119.82009,35.25829],[-119.82033,35.25846],[-119.82044,35.25857],[-119.8206,35.25879],[-119.82092,35.25945],[-119.82132,35.25997],[-119.82147,35.26023],[-119.82159,35.26035],[-119.82194,35.26061],[-119.82229,35.26089],[-119.8231,35.26168],[-119.8235,35.26226],[-119.82427,35.26356],[-119.82438,35.26389],[-119.82449,35.26449],[-119.82459,35.26471],[-119.82477,35.2649],[-119.8251,35.26513],[-119.82564,35.26564],[-119.82586,35.26582],[-119.82634,35.26613],[-119.82661,35.26637],[-119.82673,35.26652],[-119.82704,35.26704],[-119.82712,35.26713],[-119.8272,35.26724],[-119.82734,35.26742],[-119.82743,35.26752],[-119.82764,35.26784],[-119.82789,35.26814],[-119.82822,35.26846],[-119.82852,35.26873],[-119.82887,35.26897],[-119.82978,35.26954],[-119.83041,35.27004],[-119.83103,35.27068],[-119.83135,35.27097],[-119.83259,35.27202],[-119.83344,35.27278],[-119.83354,35.27289],[-119.83373,35.27317],[-119.83406,35.27384],[-119.83444,35.27428],[-119.83459,35.27454],[-119.83469,35.27488],[-119.83483,35.27522],[-119.8351,35.27572],[-119.83518,35.27595],[-119.83526,35.2764],[-119.83528,35.27663],[-119.83526,35.27696],[-119.83531,35.27722],[-119.83549,35.27754],[-119.83596,35.278],[-119.83607,35.27816],[-119.83611,35.27838],[-119.83608,35.27882],[-119.83586,35.27952],[-119.83587,35.27959],[-119.83594,35.27975],[-119.83611,35.27995],[-119.83673,35.28056],[-119.83697,35.28086],[-119.83717,35.28108],[-119.83816,35.28195],[-119.83952,35.28306],[-119.83995,35.2835],[-119.84011,35.28377],[-119.84034,35.28409],[-119.84161,35.28541],[-119.84336,35.28717],[-119.84373,35.28756],[-119.84412,35.28802],[-119.84455,35.28872],[-119.84494,35.28922],[-119.84502,35.28934],[-119.84517,35.28946],[-119.84634,35.29075],[-119.84725,35.29176],[-119.84768,35.29217],[-119.84824,35.29266],[-119.8494,35.2936],[-119.85205,35.29576],[-119.85224,35.29595],[-119.8524,35.29614],[-119.85254,35.29634],[-119.85376,35.29834],[-119.854,35.29868],[-119.85413,35.29899],[-119.85419,35.29919],[-119.85442,35.30013],[-119.85452,35.30098],[-119.85476,35.30205],[-119.85479,35.30234],[-119.85475,35.30262],[-119.85455,35.30313],[-119.85446,35.30343],[-119.85443,35.30365],[-119.85444,35.30405],[-119.85481,35.30599],[-119.85491,35.30629],[-119.85539,35.30726],[-119.85605,35.30858],[-119.85615,35.3088],[-119.85688,35.31028],[-119.85701,35.3107],[-119.85708,35.31101],[-119.85715,35.31153],[-119.85717,35.31226],[-119.85719,35.31414],[-119.85717,35.31453],[-119.85717,35.3156],[-119.85714,35.31573],[-119.85697,35.31616],[-119.85659,35.31703],[-119.85633,35.31772],[-119.8563,35.31793],[-119.85632,35.31807],[-119.8564,35.31826],[-119.85667,35.31858]]}},{"type":"Feature","properties":{"name":"Foothill Road","road_class":"unclassified","surface":"unpaved","source":"Caltrans All Roads + OpenStreetMap explicit surface","source_detail":"osm way 16255174; Caltrans All Roads public-network geometry match","source_tile":"171/405","public_network_source":"Caltrans All Roads (ARNOLD/HPMS)","surface_source":"OpenStreetMap explicit surface tag","caltrans_match_coverage":1.0,"verified_length_m":5010},"geometry":{"type":"LineString","coordinates":[[-119.8983,34.97959],[-119.89827,34.97947],[-119.89827,34.97935],[-119.89831,34.97912],[-119.89831,34.9789],[-119.89831,34.97881],[-119.89832,34.97858],[-119.89827,34.97792],[-119.89828,34.97762],[-119.8983,34.9775],[-119.8983,34.97713],[-119.89826,34.97613],[-119.89823,34.97598],[-119.89818,34.97592],[-119.89811,34.97587],[-119.89805,34.97586],[-119.89791,34.97586],[-119.8966,34.97596],[-119.89555,34.97602],[-119.89421,34.97609],[-119.89382,34.97615],[-119.89359,34.97622],[-119.89343,34.9763],[-119.89313,34.97647],[-119.89301,34.97657],[-119.89279,34.9767],[-119.89247,34.97686],[-119.89221,34.97695],[-119.89193,34.97699],[-119.89174,34.977],[-119.89149,34.97699],[-119.891,34.97695],[-119.89055,34.97692],[-119.89025,34.97691],[-119.88993,34.97688],[-119.88918,34.97678],[-119.88857,34.97664],[-119.88805,34.97655],[-119.88786,34.97651],[-119.88761,34.97649],[-119.88748,34.97649],[-119.88742,34.97649],[-119.88717,34.97645],[-119.88684,34.97638],[-119.88659,34.9763],[-119.88623,34.97613],[-119.88618,34.97609],[-119.88615,34.97606],[-119.88613,34.97603],[-119.88613,34.97582],[-119.88618,34.97545],[-119.88618,34.9754],[-119.88614,34.97531],[-119.88597,34.97509],[-119.88588,34.97492],[-119.88583,34.97477],[-119.88576,34.97461],[-119.88574,34.97456],[-119.88564,34.97445],[-119.88562,34.97439],[-119.88561,34.97432],[-119.88549,34.97373],[-119.88541,34.97351],[-119.88535,34.97329],[-119.88529,34.97317],[-119.88528,34.97316],[-119.88524,34.97309],[-119.88518,34.97305],[-119.88512,34.97303],[-119.88503,34.97301],[-119.88471,34.97299],[-119.88449,34.97293],[-119.88421,34.97281],[-119.88399,34.9727],[-119.88385,34.97265],[-119.88379,34.97261],[-119.88372,34.97256],[-119.8837,34.97252],[-119.88367,34.97248],[-119.8836,34.97234],[-119.8834,34.97216],[-119.8832,34.97205],[-119.88234,34.97158],[-119.88216,34.97147],[-119.8819,34.97127],[-119.88182,34.97116],[-119.88177,34.97108],[-119.88172,34.9709],[-119.88167,34.97082],[-119.88144,34.97056],[-119.88132,34.97047],[-119.88107,34.97033],[-119.88088,34.97025],[-119.8807,34.97015],[-119.88044,34.97005],[-119.88034,34.97],[-119.88027,34.96993],[-119.88021,34.96986],[-119.88011,34.96973],[-119.88004,34.96966],[-119.87991,34.96948],[-119.87964,34.96924],[-119.87922,34.96887],[-119.87897,34.96861],[-119.87884,34.96842],[-119.8787,34.96791],[-119.87867,34.96774],[-119.87841,34.96691],[-119.87827,34.96655],[-119.87823,34.96641],[-119.87821,34.96625],[-119.87817,34.96619],[-119.87807,34.96608],[-119.87794,34.96599],[-119.87784,34.96589],[-119.87773,34.96577],[-119.87748,34.96541],[-119.87739,34.96522],[-119.87734,34.96508],[-119.87729,34.96464],[-119.8773,34.96453],[-119.8774,34.96419],[-119.8774,34.96403],[-119.87737,34.96395],[-119.87732,34.96387],[-119.8773,34.96376],[-119.8771,34.96371],[-119.87672,34.96357],[-119.87649,34.96352],[-119.8762,34.9635],[-119.87563,34.96348],[-119.87536,34.96347],[-119.87525,34.96346],[-119.87512,34.96341],[-119.87493,34.9633],[-119.87474,34.96319],[-119.8744,34.96304],[-119.87403,34.96292],[-119.87374,34.96281],[-119.87358,34.96271],[-119.8735,34.96263],[-119.87342,34.96252],[-119.87323,34.96176],[-119.87317,34.96164],[-119.87304,34.96148],[-119.87255,34.96102],[-119.87235,34.96084],[-119.87218,34.96067],[-119.87205,34.96056],[-119.87178,34.96044],[-119.87162,34.96042],[-119.87147,34.96042],[-119.87136,34.96044],[-119.87124,34.9605],[-119.87107,34.96063],[-119.8709,34.96074],[-119.87078,34.9608],[-119.87067,34.96083],[-119.87058,34.96085],[-119.87046,34.96088],[-119.87034,34.96092],[-119.87024,34.96096],[-119.87002,34.96116],[-119.86993,34.96122],[-119.86964,34.96139],[-119.86956,34.96139],[-119.86941,34.96138],[-119.8689,34.96137],[-119.86855,34.96133],[-119.8683,34.96134],[-119.86818,34.96137],[-119.86803,34.96144],[-119.8679,34.9615],[-119.86784,34.96155],[-119.8678,34.96159],[-119.86774,34.96165],[-119.86761,34.9618],[-119.86739,34.96201],[-119.86723,34.96211],[-119.86692,34.96223],[-119.86654,34.96237],[-119.86646,34.96239],[-119.86617,34.96242],[-119.86592,34.96243],[-119.86578,34.96243],[-119.86526,34.96253],[-119.86515,34.96255],[-119.8649,34.96261],[-119.86454,34.96273],[-119.86377,34.96302],[-119.86357,34.96311],[-119.86309,34.96332],[-119.86278,34.96344],[-119.86228,34.96355],[-119.86196,34.96363],[-119.86163,34.96373],[-119.86159,34.96374],[-119.86114,34.96381]]}},{"type":"Feature","properties":{"name":"Selby Road","road_class":"unclassified","surface":"gravel","source":"Caltrans All Roads + OpenStreetMap explicit surface","source_detail":"osm way 293368408; Caltrans All Roads public-network geometry match","source_tile":"171/405","public_network_source":"Caltrans All Roads (ARNOLD/HPMS)","surface_source":"OpenStreetMap explicit surface tag","caltrans_match_coverage":1.0,"verified_length_m":7521},"geometry":{"type":"LineString","coordinates":[[-119.84073,35.12824],[-119.84119,35.12793],[-119.8416,35.12755],[-119.84173,35.12748],[-119.84183,35.12747],[-119.8419,35.12749],[-119.84195,35.12757],[-119.84193,35.12768],[-119.84188,35.12779],[-119.8417,35.12794],[-119.84137,35.12816],[-119.84118,35.12824],[-119.84103,35.12825],[-119.84073,35.12824],[-119.84039,35.12835],[-119.84003,35.12846],[-119.83955,35.12873],[-119.83792,35.13003],[-119.83748,35.13054],[-119.8371,35.13117],[-119.83689,35.13153],[-119.83682,35.13161],[-119.83658,35.13175],[-119.83632,35.13194],[-119.83614,35.13215],[-119.83612,35.13231],[-119.83614,35.13239],[-119.83621,35.13244],[-119.83632,35.13248],[-119.83647,35.13248],[-119.83754,35.13246],[-119.83861,35.13244],[-119.83894,35.13244],[-119.83912,35.1324],[-119.8394,35.1323],[-119.8397,35.13215],[-119.83985,35.13211],[-119.84002,35.1321],[-119.84019,35.13213],[-119.84028,35.1322],[-119.8403,35.1323],[-119.8403,35.13248],[-119.84021,35.13292],[-119.8402,35.13308],[-119.84024,35.13322],[-119.84023,35.13336],[-119.84017,35.1336],[-119.84001,35.13372],[-119.83981,35.13388],[-119.83938,35.13416],[-119.83913,35.13435],[-119.83902,35.13443],[-119.83882,35.13457],[-119.83851,35.13481],[-119.83844,35.13487],[-119.8384,35.13492],[-119.83836,35.13499],[-119.83836,35.13508],[-119.83839,35.13517],[-119.83853,35.1355],[-119.83869,35.13583],[-119.83881,35.13612],[-119.83894,35.13642],[-119.83911,35.13674],[-119.83916,35.13688],[-119.83918,35.13697],[-119.83917,35.13707],[-119.83913,35.13716],[-119.83908,35.13724],[-119.839,35.1373],[-119.83887,35.13736],[-119.83877,35.13737],[-119.83867,35.13738],[-119.83847,35.13733],[-119.83831,35.13732],[-119.83815,35.13734],[-119.83806,35.13736],[-119.83696,35.13768],[-119.83684,35.13773],[-119.83675,35.1378],[-119.83668,35.13788],[-119.83666,35.13793],[-119.83661,35.13805],[-119.8366,35.13812],[-119.8366,35.13818],[-119.83661,35.13826],[-119.83679,35.13866],[-119.83689,35.13884],[-119.83748,35.13977],[-119.83781,35.14027],[-119.83795,35.1405],[-119.83823,35.14084],[-119.83843,35.14107],[-119.83858,35.14117],[-119.83884,35.1413],[-119.83914,35.1414],[-119.83942,35.14147],[-119.83987,35.14153],[-119.84013,35.14159],[-119.84028,35.14166],[-119.84032,35.14168],[-119.84042,35.14176],[-119.84053,35.14188],[-119.8408,35.14214],[-119.84094,35.14228],[-119.84112,35.14242],[-119.84175,35.14287],[-119.84228,35.1432],[-119.84245,35.14333],[-119.8432,35.14381],[-119.84356,35.14405],[-119.84378,35.14419],[-119.84415,35.14437],[-119.84435,35.14448],[-119.84446,35.14455],[-119.84484,35.1448],[-119.84528,35.14512],[-119.84544,35.1453],[-119.84561,35.14551],[-119.84573,35.14571],[-119.84611,35.14638],[-119.84614,35.14649],[-119.84617,35.14661],[-119.8462,35.14708],[-119.8462,35.14764],[-119.84619,35.14789],[-119.8461,35.1487],[-119.846,35.14998],[-119.84594,35.15075],[-119.84595,35.15133],[-119.84597,35.15164],[-119.84604,35.15197],[-119.84607,35.15214],[-119.84609,35.15248],[-119.8461,35.15313],[-119.84602,35.15389],[-119.84595,35.15433],[-119.84588,35.15469],[-119.84583,35.15507],[-119.84579,35.15535],[-119.84566,35.15695],[-119.84558,35.15789],[-119.84552,35.15819],[-119.84546,35.15847],[-119.84513,35.15959],[-119.84504,35.16002],[-119.84501,35.16022],[-119.84496,35.16105],[-119.84496,35.16158],[-119.84498,35.16304],[-119.845,35.16475],[-119.845,35.16526],[-119.84501,35.16616],[-119.84502,35.16662],[-119.845,35.16756],[-119.845,35.1677],[-119.84498,35.1686],[-119.84494,35.17029],[-119.8449,35.17248],[-119.84486,35.17891],[-119.84487,35.17985],[-119.84492,35.18073],[-119.84495,35.18137],[-119.84496,35.18196],[-119.84493,35.18209],[-119.84487,35.18215]]}},{"type":"Feature","properties":{"name":"Painted Rock Road","road_class":"unclassified","surface":"gravel","access":"permit","source":"Caltrans All Roads + OpenStreetMap explicit surface","source_detail":"osm way 480680418; Caltrans All Roads public-network geometry match","source_tile":"171/405","public_network_source":"Caltrans All Roads (ARNOLD/HPMS)","surface_source":"OpenStreetMap explicit surface tag","caltrans_match_coverage":1.0,"verified_length_m":4123},"geometry":{"type":"LineString","coordinates":[[-119.86364,35.18754],[-119.86364,35.1869],[-119.86365,35.1838],[-119.86365,35.18311],[-119.86367,35.18217],[-119.86366,35.17839],[-119.86363,35.17644],[-119.86362,35.17564],[-119.86368,35.17373],[-119.86369,35.17127],[-119.86372,35.17094],[-119.86377,35.17048],[-119.86374,35.17021],[-119.86371,35.16984],[-119.8637,35.1696],[-119.86369,35.16799],[-119.86371,35.16762],[-119.86373,35.16713],[-119.86374,35.16695],[-119.86379,35.16471],[-119.86386,35.16279],[-119.86384,35.1625],[-119.86377,35.1622],[-119.86362,35.16181],[-119.86325,35.16108],[-119.86258,35.15976],[-119.86217,35.15881],[-119.86203,35.15847],[-119.86205,35.15823],[-119.86218,35.15791],[-119.8624,35.15756],[-119.86266,35.1574],[-119.86297,35.15731],[-119.86357,35.1572],[-119.86396,35.15709],[-119.86489,35.15668],[-119.86501,35.15656],[-119.86508,35.15643],[-119.86503,35.1562],[-119.86494,35.15597],[-119.86482,35.15584],[-119.86482,35.15568],[-119.86491,35.15554],[-119.86508,35.15551],[-119.86557,35.15555],[-119.86575,35.15557],[-119.86596,35.15557],[-119.86606,35.15554],[-119.86616,35.15548],[-119.86621,35.15542],[-119.86624,35.15529],[-119.86621,35.15497],[-119.86616,35.15483],[-119.86611,35.15473],[-119.86606,35.15453],[-119.866,35.15428],[-119.86593,35.15418],[-119.86588,35.15413],[-119.86582,35.15411],[-119.8657,35.15412],[-119.86564,35.15416],[-119.86561,35.15423],[-119.86564,35.15434],[-119.86575,35.15456],[-119.8658,35.1546],[-119.8659,35.15466],[-119.86611,35.15473]]}},{"type":"Feature","properties":{"name":"(unnamed public road)","road_class":"track","surface":"unpaved","tracktype":"grade3","source":"Caltrans All Roads + OpenStreetMap explicit surface","source_detail":"osm way 10534857; Caltrans All Roads public-network geometry match","source_tile":"171/405","public_network_source":"Caltrans All Roads (ARNOLD/HPMS)","surface_source":"OpenStreetMap explicit surface tag","caltrans_match_coverage":0.99,"verified_length_m":2649},"geometry":{"type":"LineString","coordinates":[[-119.73461,35.07177],[-119.73445,35.07179],[-119.73426,35.07189],[-119.73411,35.07201],[-119.73403,35.07214],[-119.73396,35.07228],[-119.73378,35.07257],[-119.73369,35.07268],[-119.73345,35.07285],[-119.73327,35.07295],[-119.733,35.07306],[-119.73263,35.07319],[-119.73249,35.07324],[-119.73232,35.07329],[-119.73205,35.07333],[-119.73166,35.07337],[-119.73145,35.07343],[-119.73129,35.07347],[-119.73084,35.07366],[-119.73049,35.07381],[-119.72997,35.07406],[-119.72931,35.07425],[-119.7291,35.07434],[-119.72898,35.0744],[-119.72892,35.07446],[-119.72887,35.07455],[-119.72883,35.07469],[-119.72882,35.07559],[-119.72882,35.07627],[-119.72884,35.07651],[-119.72884,35.07711],[-119.72885,35.07743],[-119.72883,35.07778],[-119.7288,35.07792],[-119.72875,35.07802],[-119.72863,35.07812],[-119.72832,35.07828],[-119.72818,35.07841],[-119.72756,35.07906],[-119.72687,35.07984],[-119.72669,35.08004],[-119.72664,35.08009],[-119.72645,35.08028],[-119.72626,35.0805],[-119.7262,35.08059],[-119.72616,35.0807],[-119.72606,35.08106],[-119.72604,35.08118],[-119.72571,35.08231],[-119.72552,35.08308],[-119.72547,35.08329],[-119.72522,35.08422],[-119.72506,35.08491],[-119.72503,35.08509],[-119.72497,35.08533],[-119.72483,35.08593],[-119.72466,35.08658],[-119.72453,35.087],[-119.72436,35.08765],[-119.72435,35.08785],[-119.72429,35.08799],[-119.7242,35.0881],[-119.72409,35.08824],[-119.72396,35.08844],[-119.72363,35.08889],[-119.72351,35.08905],[-119.72334,35.08925],[-119.72288,35.0898],[-119.72271,35.08995],[-119.72206,35.0905],[-119.72167,35.09081],[-119.72152,35.0909],[-119.72138,35.09096]]}},{"type":"Feature","properties":{"name":"(unnamed public road)","road_class":"track","surface":"unpaved","tracktype":"grade3","source":"Caltrans All Roads + OpenStreetMap explicit surface","source_detail":"osm way 10535495; Caltrans All Roads public-network geometry match","source_tile":"171/405","public_network_source":"Caltrans All Roads (ARNOLD/HPMS)","surface_source":"OpenStreetMap explicit surface tag","caltrans_match_coverage":1.0,"verified_length_m":838},"geometry":{"type":"LineString","coordinates":[[-119.62277,35.06428],[-119.6228,35.06443],[-119.62281,35.06462],[-119.62281,35.06489],[-119.62279,35.06594],[-119.62283,35.06699],[-119.62282,35.06705],[-119.62271,35.06743],[-119.62269,35.06802],[-119.62271,35.0697],[-119.62272,35.07039],[-119.62275,35.07048],[-119.6228,35.07066],[-119.62282,35.07093],[-119.6228,35.07101],[-119.62272,35.07122],[-119.6227,35.07128],[-119.62273,35.07133],[-119.62278,35.07136],[-119.62284,35.07137],[-119.62288,35.07134],[-119.62289,35.07128],[-119.62287,35.07121],[-119.62284,35.07115],[-119.6228,35.07106],[-119.6228,35.07101]]}},{"type":"Feature","properties":{"name":"(unnamed public road)","road_class":"track","surface":"unpaved","tracktype":"grade5","source":"Caltrans All Roads + OpenStreetMap explicit surface","source_detail":"osm way 10538090; Caltrans All Roads public-network geometry match","source_tile":"171/405","public_network_source":"Caltrans All Roads (ARNOLD/HPMS)","surface_source":"OpenStreetMap explicit surface tag","caltrans_match_coverage":1.0,"verified_length_m":1103},"geometry":{"type":"LineString","coordinates":[[-119.77462,35.1039],[-119.77474,35.10418],[-119.7749,35.10474],[-119.77502,35.10518],[-119.775,35.10575],[-119.77493,35.10629],[-119.77494,35.10645],[-119.77546,35.10747],[-119.77572,35.10825],[-119.77599,35.10862],[-119.77593,35.10895],[-119.77594,35.10932],[-119.77592,35.10942],[-119.77562,35.11033],[-119.77552,35.11057],[-119.77546,35.1107],[-119.77523,35.11096],[-119.77509,35.11117],[-119.77499,35.11147],[-119.77496,35.11155],[-119.77492,35.11164],[-119.77483,35.11177],[-119.77468,35.11187],[-119.77458,35.11194],[-119.77444,35.112],[-119.77419,35.11209],[-119.77407,35.11215],[-119.77402,35.11218],[-119.77387,35.11233],[-119.77373,35.11251],[-119.77362,35.11257],[-119.77334,35.11268],[-119.77322,35.11276]]}},{"type":"Feature","properties":{"name":"Caliente Mountain Road","road_class":"track","surface":"gravel","tracktype":"grade2","source":"Caltrans All Roads + OpenStreetMap explicit surface","source_detail":"osm way 10538531; Caltrans All Roads public-network geometry match","source_tile":"171/405","public_network_source":"Caltrans All Roads (ARNOLD/HPMS)","surface_source":"OpenStreetMap explicit surface tag","caltrans_match_coverage":1.0,"verified_length_m":10537},"geometry":{"type":"LineString","coordinates":[[-119.86284,35.0888],[-119.86266,35.08863],[-119.86232,35.08827],[-119.86216,35.08802],[-119.86211,35.08792],[-119.86207,35.08778],[-119.86206,35.0877],[-119.86208,35.08755],[-119.86225,35.08711],[-119.86226,35.087],[-119.86225,35.08688],[-119.86218,35.08676],[-119.86205,35.08659],[-119.86188,35.08641],[-119.86159,35.08614],[-119.86134,35.08597],[-119.86081,35.08566],[-119.86065,35.08555],[-119.86059,35.08549],[-119.86052,35.08537],[-119.86043,35.08519],[-119.86035,35.08507],[-119.86029,35.08495],[-119.8602,35.08468],[-119.86016,35.08448],[-119.86012,35.0844],[-119.86005,35.08432],[-119.85998,35.08426],[-119.85989,35.08421],[-119.85976,35.08418],[-119.85957,35.08415],[-119.85934,35.08413],[-119.8589,35.08407],[-119.85859,35.08401],[-119.85815,35.08383],[-119.85784,35.08367],[-119.85773,35.08358],[-119.85766,35.08347],[-119.85763,35.08331],[-119.85762,35.08314],[-119.85765,35.08288],[-119.8577,35.08271],[-119.85793,35.0822],[-119.85797,35.08211],[-119.85798,35.08201],[-119.85798,35.08194],[-119.85797,35.08175],[-119.85792,35.08149],[-119.85776,35.08078],[-119.8577,35.08038],[-119.85765,35.07997],[-119.85769,35.07985],[-119.85777,35.07944],[-119.85775,35.07932],[-119.85773,35.07923],[-119.85767,35.07915],[-119.85716,35.07867],[-119.8571,35.07855],[-119.85706,35.07843],[-119.85701,35.07812],[-119.85697,35.07801],[-119.8569,35.07791],[-119.85683,35.07784],[-119.85673,35.07776],[-119.85616,35.07744],[-119.85566,35.07719],[-119.85513,35.07697],[-119.85493,35.07688],[-119.85472,35.07676],[-119.85458,35.07664],[-119.85455,35.0766],[-119.85453,35.07656],[-119.85452,35.07651],[-119.85452,35.07638],[-119.8546,35.07627],[-119.85472,35.07614],[-119.8551,35.07566],[-119.85535,35.07529],[-119.85548,35.07514],[-119.85574,35.07493],[-119.85583,35.07482],[-119.85586,35.07471],[-119.85582,35.07461],[-119.85574,35.07454],[-119.8556,35.07443],[-119.85541,35.07426],[-119.85533,35.07416],[-119.85531,35.07404],[-119.85526,35.07392],[-119.8552,35.07383],[-119.85504,35.07368],[-119.85485,35.0735],[-119.85473,35.07341],[-119.85456,35.07333],[-119.85436,35.07324],[-119.85422,35.07316],[-119.85406,35.07303],[-119.85362,35.07258],[-119.8534,35.07235],[-119.85326,35.07218],[-119.85319,35.07204],[-119.85312,35.0719],[-119.853,35.07167],[-119.85294,35.07155],[-119.85281,35.07147],[-119.85267,35.0714],[-119.8524,35.07131],[-119.85221,35.07123],[-119.85208,35.07112],[-119.852,35.07103],[-119.85196,35.07091],[-119.85187,35.07073],[-119.85174,35.0705],[-119.85164,35.07038],[-119.85151,35.0702],[-119.85143,35.07004],[-119.85143,35.06999],[-119.85138,35.06992],[-119.85133,35.06986],[-119.85121,35.06982],[-119.85103,35.0698],[-119.85056,35.06971],[-119.85043,35.06964],[-119.85034,35.06956],[-119.85027,35.06949],[-119.85021,35.06938],[-119.8501,35.06925],[-119.84979,35.06903],[-119.84971,35.06893],[-119.84964,35.0688],[-119.84954,35.0687],[-119.84942,35.0686],[-119.84932,35.06848],[-119.84929,35.0684],[-119.84928,35.06816],[-119.84941,35.06774],[-119.8494,35.06757],[-119.84938,35.06745],[-119.84935,35.06736],[-119.84929,35.06719],[-119.84929,35.06692],[-119.84929,35.06677],[-119.84919,35.06653],[-119.8491,35.06634],[-119.84898,35.06602],[-119.84886,35.06583],[-119.84868,35.06568],[-119.84845,35.06556],[-119.84825,35.0655],[-119.8481,35.06547],[-119.84799,35.06548],[-119.84734,35.06555],[-119.84709,35.06555],[-119.84698,35.06549],[-119.84686,35.0654],[-119.8468,35.06532],[-119.84648,35.06503],[-119.84636,35.06489],[-119.84632,35.0648],[-119.8463,35.0647],[-119.84633,35.06442],[-119.84632,35.06424],[-119.84624,35.0641],[-119.84614,35.06402],[-119.84596,35.06394],[-119.84574,35.06385],[-119.84565,35.06378],[-119.84557,35.06369],[-119.84551,35.06355],[-119.84515,35.06267],[-119.84513,35.06261],[-119.84516,35.06257],[-119.84519,35.06252],[-119.84519,35.06243],[-119.84518,35.06236],[-119.84507,35.06232],[-119.84498,35.06218],[-119.84494,35.06211],[-119.84492,35.06202],[-119.84494,35.06188],[-119.84524,35.06105],[-119.84531,35.06096],[-119.84541,35.06086],[-119.84551,35.06082],[-119.84569,35.06076],[-119.84581,35.0607],[-119.84591,35.06063],[-119.84603,35.0605],[-119.84612,35.06035],[-119.84612,35.06028],[-119.84608,35.06019],[-119.84601,35.06009],[-119.84591,35.06],[-119.84581,35.05986],[-119.84573,35.05971],[-119.84567,35.05951],[-119.84565,35.05938],[-119.84565,35.05926],[-119.84562,35.05916],[-119.84557,35.05906],[-119.84546,35.05897],[-119.84524,35.05884],[-119.84502,35.05866],[-119.84485,35.05849],[-119.84474,35.05836],[-119.84464,35.05821],[-119.84444,35.058],[-119.84387,35.05745],[-119.84359,35.05722],[-119.84342,35.05711],[-119.84308,35.05694],[-119.84292,35.05683],[-119.84283,35.05674],[-119.84278,35.05665],[-119.84271,35.05652],[-119.84263,35.05622],[-119.84259,35.05612],[-119.84243,35.05599],[-119.84227,35.05593],[-119.84208,35.05588],[-119.84199,35.05583],[-119.84193,35.05576],[-119.84192,35.0557],[-119.84196,35.05559],[-119.84204,35.05546],[-119.84213,35.05534],[-119.8422,35.05523],[-119.84222,35.05516],[-119.84222,35.05507],[-119.84218,35.05499],[-119.8421,35.05492],[-119.84196,35.0547],[-119.84187,35.05466],[-119.84163,35.05462],[-119.84156,35.05459],[-119.84151,35.05451],[-119.84145,35.05437],[-119.8414,35.05415],[-119.84138,35.05401],[-119.8414,35.05386],[-119.84146,35.05365],[-119.84149,35.05352],[-119.84147,35.05331],[-119.84148,35.05323],[-119.8415,35.05315],[-119.84162,35.053],[-119.84163,35.05294],[-119.84161,35.05287],[-119.84154,35.05281],[-119.84119,35.0526],[-119.84085,35.05234],[-119.84073,35.05221],[-119.8406,35.05203],[-119.84049,35.05186],[-119.84045,35.05169],[-119.84042,35.0515],[-119.84044,35.05135],[-119.8405,35.0512],[-119.84052,35.05105],[-119.84052,35.05086],[-119.8405,35.05058],[-119.84046,35.05033],[-119.84047,35.05022],[-119.8405,35.05013],[-119.84068,35.04994],[-119.84072,35.04982],[-119.84073,35.04967],[-119.84068,35.04954],[-119.84061,35.04943],[-119.84037,35.04917],[-119.84033,35.0491],[-119.84033,35.04903],[-119.84041,35.04882],[-119.84041,35.04866],[-119.84038,35.04844],[-119.8404,35.04821],[-119.84038,35.04807],[-119.8404,35.04782],[-119.84045,35.04776],[-119.84047,35.04767],[-119.8404,35.04752],[-119.84038,35.04744],[-119.8404,35.04736],[-119.84044,35.04727],[-119.84046,35.04718],[-119.84047,35.04702],[-119.8405,35.04691],[-119.84054,35.04683],[-119.84086,35.04642],[-119.84095,35.04624],[-119.841,35.04605],[-119.84101,35.04588],[-119.84098,35.0457],[-119.84092,35.04555],[-119.84076,35.04517],[-119.84069,35.04497],[-119.84066,35.0448],[-119.8405,35.04444],[-119.84049,35.04436],[-119.8406,35.04414],[-119.84064,35.04404],[-119.8406,35.04393],[-119.84054,35.04385],[-119.84045,35.04381],[-119.8403,35.04377],[-119.84019,35.04373],[-119.84011,35.04368],[-119.84002,35.04358],[-119.83993,35.04341],[-119.83986,35.04324],[-119.83979,35.04315],[-119.83969,35.04309],[-119.83956,35.04307],[-119.83943,35.04308],[-119.83907,35.04318],[-119.83898,35.04315],[-119.83889,35.04309],[-119.83883,35.04302],[-119.83882,35.04293],[-119.83884,35.04288],[-119.83889,35.04283],[-119.8392,35.04274],[-119.83936,35.04266],[-119.8395,35.04255],[-119.8398,35.04225],[-119.83982,35.04219],[-119.83981,35.04213],[-119.83976,35.04208],[-119.83962,35.04202],[-119.83955,35.042],[-119.83939,35.04197],[-119.83933,35.04193],[-119.83929,35.04188],[-119.83928,35.04182],[-119.8393,35.04176],[-119.83945,35.04163],[-119.8395,35.04154],[-119.83952,35.04145],[-119.8395,35.04134],[-119.83945,35.04127],[-119.83939,35.0412],[-119.83927,35.04112],[-119.83906,35.04106],[-119.83898,35.04102],[-119.83893,35.04096],[-119.83891,35.04089],[-119.83893,35.04082],[-119.83898,35.04076],[-119.83904,35.04074],[-119.8392,35.04072],[-119.8393,35.04072],[-119.83945,35.04074],[-119.83963,35.04077],[-119.83971,35.04077],[-119.8398,35.04073],[-119.83987,35.04067],[-119.83998,35.04039],[-119.83999,35.04029],[-119.83995,35.04019],[-119.83983,35.04004],[-119.8397,35.03986],[-119.83964,35.03973],[-119.83955,35.03951],[-119.83953,35.03944],[-119.83952,35.03929],[-119.83949,35.03918],[-119.8394,35.03902],[-119.83929,35.03895],[-119.8392,35.03892],[-119.83906,35.0389],[-119.83863,35.03891],[-119.83819,35.03894],[-119.83812,35.03893],[-119.83804,35.03889],[-119.838,35.03885],[-119.83798,35.03879],[-119.83797,35.03871],[-119.838,35.03863],[-119.83805,35.03855],[-119.83815,35.03848],[-119.83825,35.03843],[-119.83837,35.0384],[-119.83853,35.03838],[-119.83861,35.03835],[-119.83866,35.03831],[-119.83871,35.03822],[-119.83873,35.03816],[-119.83873,35.0381],[-119.83869,35.03803],[-119.83859,35.03795],[-119.83841,35.03785],[-119.83833,35.03779],[-119.8383,35.03773],[-119.83831,35.03767],[-119.83835,35.03762],[-119.83842,35.03759],[-119.83853,35.03759],[-119.83884,35.03766],[-119.83892,35.03766],[-119.839,35.03765],[-119.83907,35.03761],[-119.83913,35.03753],[-119.83915,35.03747],[-119.83912,35.0369],[-119.83912,35.03658],[-119.83909,35.03646],[-119.83883,35.03599],[-119.83877,35.03591],[-119.83863,35.03581],[-119.83855,35.03578],[-119.83847,35.03577],[-119.83838,35.03578],[-119.83823,35.03585],[-119.83814,35.03587],[-119.83799,35.03588],[-119.83784,35.03586],[-119.83774,35.03586],[-119.83765,35.03589],[-119.83739,35.03606],[-119.83714,35.03618],[-119.837,35.03622],[-119.83664,35.03629],[-119.83644,35.03632],[-119.83604,35.03636],[-119.83585,35.03634],[-119.83576,35.03632],[-119.83559,35.03626],[-119.83534,35.03611],[-119.8352,35.03606],[-119.83478,35.036],[-119.83464,35.03596],[-119.83453,35.03591],[-119.8343,35.03579],[-119.83419,35.03575],[-119.83401,35.0357],[-119.83349,35.03564],[-119.83321,35.03561],[-119.83272,35.03554],[-119.83263,35.0355],[-119.83258,35.03544],[-119.8325,35.0352],[-119.83249,35.03509],[-119.83249,35.03502],[-119.83253,35.03494],[-119.83259,35.03488],[-119.83265,35.03484],[-119.83276,35.03483],[-119.83288,35.03484],[-119.83298,35.03488],[-119.83308,35.03496],[-119.83326,35.03508],[-119.83335,35.03511],[-119.83345,35.03511],[-119.83358,35.03508],[-119.83368,35.03507],[-119.83388,35.03508],[-119.83402,35.03507],[-119.83426,35.03501],[-119.83436,35.035],[-119.83445,35.03501],[-119.8345,35.035],[-119.83456,35.03497],[-119.83459,35.03492],[-119.83458,35.03486],[-119.83455,35.03478],[-119.83449,35.03472],[-119.83441,35.03468],[-119.83426,35.03466],[-119.83407,35.03465],[-119.83396,35.03462],[-119.83363,35.03439],[-119.83348,35.03426],[-119.83334,35.03408],[-119.83325,35.034],[-119.83308,35.03393],[-119.83285,35.03378],[-119.83242,35.03346],[-119.83217,35.03321],[-119.83197,35.03298],[-119.83186,35.0329],[-119.83173,35.03284],[-119.83138,35.03274],[-119.83118,35.03266],[-119.83105,35.03259],[-119.83095,35.03255],[-119.83081,35.03252],[-119.83071,35.03249],[-119.83045,35.03232],[-119.83034,35.03223],[-119.83025,35.03214],[-119.83006,35.03188],[-119.82979,35.03152],[-119.82964,35.03128],[-119.82956,35.03108],[-119.82951,35.03083],[-119.82952,35.03075],[-119.82957,35.03067],[-119.82963,35.03063],[-119.82971,35.03061],[-119.82986,35.03064],[-119.83013,35.03072],[-119.83029,35.03078],[-119.83046,35.03088],[-119.83053,35.0309],[-119.83061,35.0309],[-119.83068,35.03086],[-119.83071,35.03081],[-119.83072,35.03074],[-119.83061,35.03055],[-119.83055,35.03041],[-119.83054,35.03033],[-119.83053,35.03015],[-119.83057,35.02985],[-119.8306,35.02973],[-119.83066,35.02966],[-119.83075,35.02962],[-119.83085,35.02961],[-119.83104,35.02965],[-119.83117,35.0297],[-119.83132,35.02977],[-119.83164,35.02999],[-119.83172,35.03],[-119.83179,35.02999],[-119.83185,35.02994],[-119.83187,35.02988],[-119.83182,35.02971],[-119.83171,35.02953],[-119.83158,35.02937],[-119.83154,35.02926],[-119.83152,35.02914],[-119.83153,35.02902],[-119.83158,35.02891],[-119.83167,35.02881],[-119.83175,35.0287],[-119.83179,35.02858],[-119.83181,35.02846],[-119.83178,35.02818],[-119.83186,35.02722],[-119.83182,35.02696],[-119.83187,35.02643],[-119.83189,35.02618],[-119.83194,35.02608],[-119.83212,35.02563],[-119.83229,35.02502],[-119.83235,35.02489],[-119.83243,35.02477],[-119.83261,35.02456],[-119.83295,35.0242],[-119.83308,35.02406],[-119.83325,35.02394],[-119.83342,35.02385],[-119.83366,35.02371],[-119.83387,35.02358],[-119.83398,35.02348],[-119.8341,35.02335],[-119.83424,35.02315],[-119.83437,35.0229],[-119.83453,35.02258]]}},{"type":"Feature","properties":{"name":"(unnamed public road)","road_class":"track","surface":"unpaved","tracktype":"grade5","source":"Caltrans All Roads + OpenStreetMap explicit surface","source_detail":"osm way 10542108; Caltrans All Roads public-network geometry match","source_tile":"171/405","public_network_source":"Caltrans All Roads (ARNOLD/HPMS)","surface_source":"OpenStreetMap explicit surface tag","caltrans_match_coverage":1.0,"verified_length_m":2031},"geometry":{"type":"LineString","coordinates":[[-119.6176,35.09291],[-119.61752,35.0931],[-119.61749,35.09323],[-119.61751,35.09357],[-119.61742,35.09424],[-119.61732,35.09449],[-119.61724,35.09455],[-119.6172,35.0947],[-119.61725,35.09502],[-119.61703,35.09564],[-119.6169,35.09582],[-119.61666,35.09614],[-119.61629,35.09662],[-119.61598,35.09696],[-119.61575,35.09727],[-119.61553,35.09743],[-119.61515,35.09791],[-119.61482,35.09842],[-119.61465,35.09873],[-119.6142,35.09945],[-119.61378,35.10004],[-119.61352,35.10039],[-119.6134,35.10054],[-119.61327,35.1007],[-119.61221,35.10221],[-119.61163,35.10299],[-119.61068,35.1043],[-119.61019,35.10495],[-119.60865,35.10708],[-119.60805,35.10793],[-119.6078,35.10828],[-119.60752,35.10854],[-119.60716,35.10886]]}},{"type":"Feature","properties":{"name":"(unnamed public road)","road_class":"track","surface":"unpaved","tracktype":"grade5","source":"Caltrans All Roads + OpenStreetMap explicit surface","source_detail":"osm way 10544347; Caltrans All Roads public-network geometry match","source_tile":"171/405","public_network_source":"Caltrans All Roads (ARNOLD/HPMS)","surface_source":"OpenStreetMap explicit surface tag","caltrans_match_coverage":1.0,"verified_length_m":1821},"geometry":{"type":"LineString","coordinates":[[-119.73268,35.06359],[-119.73284,35.06351],[-119.73296,35.06347],[-119.73314,35.06344],[-119.73332,35.06345],[-119.73362,35.06344],[-119.73375,35.06346],[-119.73388,35.0635],[-119.73398,35.06356],[-119.73438,35.06393],[-119.73463,35.06421],[-119.73475,35.06431],[-119.73492,35.06445],[-119.73525,35.06458],[-119.73548,35.06466],[-119.7357,35.06481],[-119.73587,35.065],[-119.73604,35.06513],[-119.73625,35.06527],[-119.73649,35.06544],[-119.7369,35.06582],[-119.73701,35.06591],[-119.73713,35.06599],[-119.73737,35.06604],[-119.73757,35.06606],[-119.73767,35.06607],[-119.73794,35.06634],[-119.73807,35.06645],[-119.73837,35.06666],[-119.73851,35.06678],[-119.73856,35.06682],[-119.7386,35.06686],[-119.73865,35.06689],[-119.73872,35.0669],[-119.73887,35.06688],[-119.73893,35.06687],[-119.73896,35.06688],[-119.739,35.0669],[-119.73903,35.06695],[-119.73901,35.06701],[-119.73902,35.06708],[-119.73898,35.06726],[-119.73899,35.06735],[-119.73903,35.06744],[-119.73909,35.06753],[-119.73922,35.06764],[-119.73955,35.06788],[-119.7398,35.06808],[-119.74002,35.06826],[-119.74015,35.06832],[-119.74031,35.06836],[-119.74073,35.06842],[-119.74089,35.06841],[-119.741,35.06843],[-119.74112,35.06846],[-119.7412,35.06851],[-119.74126,35.06857],[-119.74129,35.0687],[-119.74128,35.0688],[-119.74127,35.06888],[-119.74117,35.06895],[-119.74096,35.06905],[-119.74087,35.06908],[-119.74078,35.0691],[-119.74054,35.06915],[-119.74033,35.06917],[-119.74011,35.06921],[-119.7398,35.06931],[-119.73964,35.06938],[-119.73928,35.06943],[-119.73875,35.06953],[-119.73825,35.06964],[-119.73772,35.06972],[-119.73722,35.06973],[-119.73691,35.06972],[-119.73678,35.06975],[-119.7366,35.06983],[-119.73621,35.07012],[-119.73593,35.07029],[-119.73545,35.07049],[-119.73528,35.07059],[-119.73501,35.07075],[-119.73469,35.0709],[-119.73456,35.07094],[-119.73446,35.07098],[-119.73421,35.07123],[-119.73411,35.07132],[-119.73404,35.07134],[-119.73397,35.07133]]}},{"type":"Feature","properties":{"name":"(unnamed public road)","road_class":"track","surface":"unpaved","tracktype":"grade5","source":"Caltrans All Roads + OpenStreetMap explicit surface","source_detail":"osm way 10546423; Caltrans All Roads public-network geometry match","source_tile":"171/405","public_network_source":"Caltrans All Roads (ARNOLD/HPMS)","surface_source":"OpenStreetMap explicit surface tag","caltrans_match_coverage":1.0,"verified_length_m":1515},"geometry":{"type":"LineString","coordinates":[[-119.58567,35.09299],[-119.58551,35.09285],[-119.58545,35.09279],[-119.58539,35.09273],[-119.58531,35.09262],[-119.58498,35.09209],[-119.58477,35.0917],[-119.58464,35.09138],[-119.58447,35.09087],[-119.58434,35.09065],[-119.58427,35.09047],[-119.58416,35.09017],[-119.58413,35.08999],[-119.58412,35.08984],[-119.58414,35.08974],[-119.58417,35.08963],[-119.58439,35.0891],[-119.58448,35.0888],[-119.58482,35.08738],[-119.58483,35.08727],[-119.58482,35.08716],[-119.5848,35.08706],[-119.58474,35.08687],[-119.58455,35.08628],[-119.58451,35.0861],[-119.58449,35.08594],[-119.58452,35.08527],[-119.58452,35.08506],[-119.5846,35.08455],[-119.5847,35.08415],[-119.58474,35.08396],[-119.58477,35.08364],[-119.58476,35.08333],[-119.58468,35.08301],[-119.58469,35.08292],[-119.5847,35.08283],[-119.58474,35.08272],[-119.58482,35.08247],[-119.58483,35.08234],[-119.58483,35.08222],[-119.58478,35.08179],[-119.58471,35.08127],[-119.58467,35.08093],[-119.58465,35.08057],[-119.58465,35.08033],[-119.58473,35.07992],[-119.58476,35.07973]]}},{"type":"Feature","properties":{"name":"(unnamed public road)","road_class":"track","surface":"unpaved","tracktype":"grade5","source":"Caltrans All Roads + OpenStreetMap explicit surface","source_detail":"osm way 10546807; Caltrans All Roads public-network geometry match","source_tile":"171/405","public_network_source":"Caltrans All Roads (ARNOLD/HPMS)","surface_source":"OpenStreetMap explicit surface tag","caltrans_match_coverage":1.0,"verified_length_m":2075},"geometry":{"type":"LineString","coordinates":[[-119.79474,35.1143],[-119.79473,35.11377],[-119.79475,35.11365],[-119.7948,35.11356],[-119.79484,35.11346],[-119.79486,35.11335],[-119.79485,35.11313],[-119.79478,35.11293],[-119.79472,35.11278],[-119.79466,35.11272],[-119.79457,35.11263],[-119.79443,35.11253],[-119.79438,35.11246],[-119.79431,35.11225],[-119.79421,35.11175],[-119.7942,35.11162],[-119.79421,35.11129],[-119.79419,35.11113],[-119.79416,35.11105],[-119.79412,35.11096],[-119.79387,35.11065],[-119.79305,35.10957],[-119.79286,35.10937],[-119.79258,35.10913],[-119.79238,35.109],[-119.79216,35.10891],[-119.79187,35.10881],[-119.79169,35.10873],[-119.79157,35.10865],[-119.79148,35.10858],[-119.79121,35.10828],[-119.79104,35.10811],[-119.79091,35.10801],[-119.79071,35.1079],[-119.7905,35.10785],[-119.7903,35.10776],[-119.79017,35.10773],[-119.78967,35.10764],[-119.7894,35.10761],[-119.78927,35.10757],[-119.78854,35.10741],[-119.78827,35.10735],[-119.78813,35.10731],[-119.78808,35.10728],[-119.78787,35.10712],[-119.78778,35.10706],[-119.78768,35.10702],[-119.78744,35.10693],[-119.78731,35.10687],[-119.78692,35.10666],[-119.78681,35.10661],[-119.78669,35.10657],[-119.78656,35.10655],[-119.78627,35.10655],[-119.78609,35.10657],[-119.78594,35.10658],[-119.78576,35.10657],[-119.78531,35.10652],[-119.7849,35.10649],[-119.78437,35.10647],[-119.78395,35.10644],[-119.78349,35.1064],[-119.78333,35.10641],[-119.78321,35.10642],[-119.78288,35.10651],[-119.78264,35.10661],[-119.78216,35.10684],[-119.7819,35.10699],[-119.78164,35.10716],[-119.78134,35.1074],[-119.78113,35.10758],[-119.7807,35.10808],[-119.7805,35.10831],[-119.78029,35.10852],[-119.78016,35.10863],[-119.78013,35.10864],[-119.78006,35.10865],[-119.78,35.10863],[-119.77993,35.10856],[-119.77992,35.10853],[-119.77991,35.10844],[-119.77994,35.10836],[-119.78006,35.1082],[-119.78008,35.10813],[-119.78009,35.10772]]}},{"type":"Feature","properties":{"name":"(unnamed public road)","road_class":"track","surface":"unpaved","tracktype":"grade5","source":"Caltrans All Roads + OpenStreetMap explicit surface","source_detail":"osm way 10547591; Caltrans All Roads public-network geometry match","source_tile":"171/405","public_network_source":"Caltrans All Roads (ARNOLD/HPMS)","surface_source":"OpenStreetMap explicit surface tag","caltrans_match_coverage":1.0,"verified_length_m":1000},"geometry":{"type":"LineString","coordinates":[[-119.8056,35.03301],[-119.80577,35.03249],[-119.80584,35.03202],[-119.80585,35.032],[-119.80589,35.03188],[-119.80609,35.03155],[-119.80615,35.03146],[-119.8062,35.03125],[-119.80627,35.03096],[-119.80632,35.03074],[-119.80644,35.03046],[-119.80665,35.03014],[-119.80675,35.02997],[-119.80688,35.02981],[-119.80695,35.0297],[-119.80705,35.02943],[-119.80721,35.02901],[-119.80736,35.0286],[-119.80752,35.02815],[-119.8079,35.0269],[-119.80801,35.02645],[-119.80811,35.0264],[-119.80818,35.02607],[-119.80809,35.0259],[-119.80813,35.02563],[-119.80816,35.02553],[-119.80823,35.0253],[-119.80829,35.02488],[-119.80837,35.02439]]}},{"type":"Feature","properties":{"name":"(unnamed public road)","road_class":"track","surface":"unpaved","tracktype":"grade5","source":"Caltrans All Roads + OpenStreetMap explicit surface","source_detail":"osm way 10557312; Caltrans All Roads public-network geometry match","source_tile":"171/405","public_network_source":"Caltrans All Roads (ARNOLD/HPMS)","surface_source":"OpenStreetMap explicit surface tag","caltrans_match_coverage":0.896,"verified_length_m":3913},"geometry":{"type":"LineString","coordinates":[[-119.69122,35.12134],[-119.69122,35.12126],[-119.69128,35.12116],[-119.69173,35.12082],[-119.69269,35.1197],[-119.69293,35.11943],[-119.69309,35.1192],[-119.69344,35.11877],[-119.69367,35.11858],[-119.69394,35.11818],[-119.69455,35.11758],[-119.69483,35.11713],[-119.69549,35.11646],[-119.69633,35.11545],[-119.69846,35.11302],[-119.69848,35.11293],[-119.6985,35.10396],[-119.6985,35.1031],[-119.6984,35.10251],[-119.6985,35.10014],[-119.69843,35.09862],[-119.6984,35.09524],[-119.69839,35.09234],[-119.69847,35.0911],[-119.69853,35.09055],[-119.69847,35.08951],[-119.69851,35.08908],[-119.6985,35.08866],[-119.69844,35.08815],[-119.69847,35.08792]]}},{"type":"Feature","properties":{"name":"(unnamed public road)","road_class":"track","surface":"unpaved","tracktype":"grade5","source":"Caltrans All Roads + OpenStreetMap explicit surface","source_detail":"osm way 10558131; Caltrans All Roads public-network geometry match","source_tile":"171/405","public_network_source":"Caltrans All Roads (ARNOLD/HPMS)","surface_source":"OpenStreetMap explicit surface tag","caltrans_match_coverage":1.0,"verified_length_m":1953},"geometry":{"type":"LineString","coordinates":[[-119.64618,35.04677],[-119.64637,35.04684],[-119.64649,35.04694],[-119.64659,35.04705],[-119.64682,35.04747],[-119.64702,35.04779],[-119.64716,35.04798],[-119.64727,35.04817],[-119.64737,35.04838],[-119.6474,35.04847],[-119.64743,35.04878],[-119.64747,35.0489],[-119.64783,35.04955],[-119.64803,35.04982],[-119.64812,35.04995],[-119.64824,35.05008],[-119.64834,35.05015],[-119.64845,35.05022],[-119.64897,35.0505],[-119.64908,35.05057],[-119.64916,35.05063],[-119.64924,35.05071],[-119.64957,35.05097],[-119.64969,35.05108],[-119.64983,35.05118],[-119.65003,35.05135],[-119.65034,35.05158],[-119.65115,35.05206],[-119.65183,35.05251],[-119.65208,35.05269],[-119.65249,35.05295],[-119.65277,35.0532],[-119.653,35.05335],[-119.6533,35.05352],[-119.65407,35.05402],[-119.65427,35.05414],[-119.65471,35.05438],[-119.65512,35.05463],[-119.65551,35.05484],[-119.65613,35.05514],[-119.65653,35.05529],[-119.65664,35.05535],[-119.65673,35.0554],[-119.65687,35.05553],[-119.65704,35.05573],[-119.65726,35.05597],[-119.65735,35.0561],[-119.65744,35.0562],[-119.65769,35.05646],[-119.65791,35.05674],[-119.65833,35.05735],[-119.65863,35.05795],[-119.65872,35.05818],[-119.659,35.05872],[-119.65912,35.05901],[-119.65934,35.05947],[-119.65946,35.05969],[-119.65945,35.05977],[-119.65941,35.05984]]}},{"type":"Feature","properties":{"name":"(unnamed public road)","road_class":"track","surface":"unpaved","tracktype":"grade4","source":"Caltrans All Roads + OpenStreetMap explicit surface","source_detail":"osm way 10558274; Caltrans All Roads public-network geometry match","source_tile":"171/405","public_network_source":"Caltrans All Roads (ARNOLD/HPMS)","surface_source":"OpenStreetMap explicit surface tag","caltrans_match_coverage":1.0,"verified_length_m":3445},"geometry":{"type":"LineString","coordinates":[[-119.72917,35.09229],[-119.729,35.09239],[-119.72722,35.09365],[-119.72687,35.09395],[-119.72623,35.09462],[-119.7252,35.09559],[-119.72309,35.09729],[-119.71936,35.10037],[-119.71879,35.10095],[-119.71674,35.10277],[-119.71543,35.10397],[-119.71488,35.10442],[-119.71321,35.10563],[-119.71225,35.1064],[-119.71221,35.10646],[-119.7122,35.10658],[-119.71218,35.10807],[-119.71222,35.10986],[-119.71219,35.11076],[-119.71222,35.1112],[-119.71222,35.11286],[-119.71218,35.11301],[-119.71199,35.11335],[-119.71154,35.11393],[-119.71126,35.1142],[-119.71043,35.11498],[-119.70974,35.11561],[-119.70918,35.11617],[-119.70892,35.11638],[-119.70876,35.11648],[-119.70855,35.11653]]}},{"type":"Feature","properties":{"name":"(unnamed public road)","road_class":"track","surface":"unpaved","source":"Caltrans All Roads + OpenStreetMap explicit surface","source_detail":"osm way 16227270; Caltrans All Roads public-network geometry match","source_tile":"171/405","public_network_source":"Caltrans All Roads (ARNOLD/HPMS)","surface_source":"OpenStreetMap explicit surface tag","caltrans_match_coverage":0.88,"verified_length_m":1324},"geometry":{"type":"LineString","coordinates":[[-119.81842,34.89282],[-119.81827,34.89281],[-119.81812,34.89277],[-119.818,34.89269],[-119.81792,34.89252],[-119.81785,34.89237],[-119.81777,34.89226],[-119.8177,34.89218],[-119.81759,34.89209],[-119.81747,34.89202],[-119.81735,34.89197],[-119.81711,34.89188],[-119.817,34.89183],[-119.81693,34.89177],[-119.81688,34.89171],[-119.81683,34.89163],[-119.81678,34.89152],[-119.81675,34.89143],[-119.81673,34.89132],[-119.8167,34.89085],[-119.81664,34.89054],[-119.81662,34.89034],[-119.81662,34.8897],[-119.81664,34.88906],[-119.81665,34.88833],[-119.81666,34.8882],[-119.81665,34.88811],[-119.81663,34.88802],[-119.8166,34.88793],[-119.81656,34.88784],[-119.81651,34.88776],[-119.81643,34.88766],[-119.81635,34.88762],[-119.81627,34.88756],[-119.8162,34.88748],[-119.81615,34.8874],[-119.81603,34.88697],[-119.81597,34.88691],[-119.8159,34.88685],[-119.81575,34.88681],[-119.81561,34.88684],[-119.81534,34.8869],[-119.81506,34.88699],[-119.81499,34.88703],[-119.81492,34.88711],[-119.81488,34.8872],[-119.81487,34.88728],[-119.81478,34.88759],[-119.8147,34.88784],[-119.81463,34.88794],[-119.81452,34.88801],[-119.81439,34.88805],[-119.81427,34.88807],[-119.81414,34.88807],[-119.814,34.88805],[-119.81388,34.88801],[-119.8138,34.88797],[-119.81362,34.88781],[-119.81349,34.88773],[-119.81316,34.8875],[-119.81297,34.88747],[-119.81276,34.8875],[-119.81265,34.88757],[-119.81262,34.88766],[-119.81268,34.88784],[-119.81288,34.88817],[-119.81303,34.8884],[-119.81311,34.88845],[-119.81318,34.88846],[-119.81337,34.88844],[-119.81347,34.88848],[-119.81353,34.88853],[-119.81354,34.8886]]}},{"type":"Feature","properties":{"name":"(unnamed public road)","road_class":"track","surface":"unpaved","tracktype":"grade5","source":"Caltrans All Roads + OpenStreetMap explicit surface","source_detail":"osm way 194706164; Caltrans All Roads public-network geometry match","source_tile":"171/405","public_network_source":"Caltrans All Roads (ARNOLD/HPMS)","surface_source":"OpenStreetMap explicit surface tag","caltrans_match_coverage":1.0,"verified_length_m":1356},"geometry":{"type":"LineString","coordinates":[[-119.77955,35.10747],[-119.77942,35.10753],[-119.7792,35.10757],[-119.77899,35.10753],[-119.77888,35.10751],[-119.77881,35.10746],[-119.77881,35.1074],[-119.77881,35.10728],[-119.77876,35.10718],[-119.77868,35.10708],[-119.77832,35.10683],[-119.7782,35.10674],[-119.777,35.10583],[-119.77655,35.1056],[-119.77605,35.1052],[-119.7752,35.10446],[-119.77512,35.10437],[-119.77507,35.10419],[-119.77496,35.10408],[-119.77462,35.1039],[-119.77449,35.10377],[-119.77373,35.10311],[-119.77351,35.10283],[-119.77317,35.10228],[-119.77296,35.10192],[-119.77249,35.10138],[-119.77233,35.10109],[-119.77211,35.10006],[-119.7717,35.09918],[-119.77138,35.09863],[-119.7712,35.09819],[-119.77115,35.09814]]}},{"type":"Feature","properties":{"name":"(unnamed public road)","road_class":"track","surface":"unpaved","tracktype":"grade5","source":"Caltrans All Roads + OpenStreetMap explicit surface","source_detail":"osm way 195005869; Caltrans All Roads public-network geometry match","source_tile":"171/405","public_network_source":"Caltrans All Roads (ARNOLD/HPMS)","surface_source":"OpenStreetMap explicit surface tag","caltrans_match_coverage":1.0,"verified_length_m":3533},"geometry":{"type":"LineString","coordinates":[[-119.77115,35.09814],[-119.77099,35.09805],[-119.77082,35.09797],[-119.76936,35.09748],[-119.76637,35.09663],[-119.76578,35.0966],[-119.76536,35.0965],[-119.76437,35.09627],[-119.76359,35.09586],[-119.76276,35.0952],[-119.76214,35.09442],[-119.76135,35.09309],[-119.76075,35.09189],[-119.76002,35.09128],[-119.75911,35.0905],[-119.75808,35.08913],[-119.75757,35.08849],[-119.75721,35.08824],[-119.75669,35.08819],[-119.75654,35.08815],[-119.75638,35.08797],[-119.75622,35.08792],[-119.75595,35.08797],[-119.75549,35.08804],[-119.75514,35.08805],[-119.75451,35.08807],[-119.7542,35.08811],[-119.75392,35.08814],[-119.75357,35.08813],[-119.75329,35.08812],[-119.75251,35.08813],[-119.75229,35.08811],[-119.75198,35.08801],[-119.75159,35.0879],[-119.75116,35.08774],[-119.75082,35.08761],[-119.75047,35.08748],[-119.75028,35.08743],[-119.75011,35.08728],[-119.74995,35.08716],[-119.74963,35.08698],[-119.74938,35.08684],[-119.74924,35.08678],[-119.74897,35.08664],[-119.74841,35.08633],[-119.74826,35.08626],[-119.74813,35.0862],[-119.74799,35.08618],[-119.74759,35.08616],[-119.74687,35.08605],[-119.74651,35.08598],[-119.74636,35.08594],[-119.74612,35.08585],[-119.74601,35.08578],[-119.74594,35.08572],[-119.74589,35.08564],[-119.74586,35.08551],[-119.74583,35.08541],[-119.74577,35.08537],[-119.74573,35.08533],[-119.74565,35.08533],[-119.74554,35.08535],[-119.74528,35.08543],[-119.74505,35.08548],[-119.74483,35.08552],[-119.74469,35.08552],[-119.74447,35.0855],[-119.74318,35.08526],[-119.74295,35.08519],[-119.74286,35.08515],[-119.74261,35.08501],[-119.74227,35.08478],[-119.74221,35.08473],[-119.74213,35.08469],[-119.74205,35.08468],[-119.74187,35.08466],[-119.74134,35.08465],[-119.74114,35.08463],[-119.74099,35.08459],[-119.74063,35.0845],[-119.74029,35.08443],[-119.74005,35.08441],[-119.73972,35.08433],[-119.73948,35.08432]]}},{"type":"Feature","properties":{"name":"(unnamed public road)","road_class":"track","surface":"unpaved","tracktype":"grade3","source":"Caltrans All Roads + OpenStreetMap explicit surface","source_detail":"osm way 195658754; Caltrans All Roads public-network geometry match","source_tile":"171/405","public_network_source":"Caltrans All Roads (ARNOLD/HPMS)","surface_source":"OpenStreetMap explicit surface tag","caltrans_match_coverage":1.0,"verified_length_m":3206},"geometry":{"type":"LineString","coordinates":[[-119.67209,35.03549],[-119.67229,35.03558],[-119.67251,35.03569],[-119.67284,35.03587],[-119.67294,35.03593],[-119.67303,35.03595],[-119.67335,35.03605],[-119.67344,35.03607],[-119.67356,35.03612],[-119.67372,35.03621],[-119.6738,35.03625],[-119.67394,35.03632],[-119.67416,35.03641],[-119.67452,35.03669],[-119.67498,35.03708],[-119.67509,35.03718],[-119.6752,35.03727],[-119.67538,35.03742],[-119.67563,35.03758],[-119.67577,35.03767],[-119.67583,35.03779],[-119.67581,35.0379],[-119.67582,35.03797],[-119.67591,35.03806],[-119.67599,35.03807],[-119.67615,35.03806],[-119.67627,35.03805],[-119.67638,35.03806],[-119.67653,35.0381],[-119.67682,35.03822],[-119.67732,35.03845],[-119.67751,35.03853],[-119.67811,35.03881],[-119.6782,35.03884],[-119.67831,35.03886],[-119.67841,35.03886],[-119.67852,35.03878],[-119.67863,35.03868],[-119.67875,35.03858],[-119.67892,35.03846],[-119.67902,35.0384],[-119.6791,35.03838],[-119.67919,35.03839],[-119.67929,35.03841],[-119.67947,35.03854],[-119.67961,35.0386],[-119.67997,35.03869],[-119.68004,35.03872],[-119.68012,35.03875],[-119.68032,35.03886],[-119.68039,35.03892],[-119.68048,35.03902],[-119.68053,35.0391],[-119.68059,35.03927],[-119.68065,35.03947],[-119.6807,35.03954],[-119.68079,35.03966],[-119.68098,35.03976],[-119.68116,35.0398],[-119.68134,35.0399],[-119.68161,35.04],[-119.68215,35.04031],[-119.68232,35.04044],[-119.68244,35.04055],[-119.68275,35.04073],[-119.68291,35.04084],[-119.68305,35.04092],[-119.68318,35.04101],[-119.68333,35.0411],[-119.68351,35.04126],[-119.68373,35.04144],[-119.68406,35.04165],[-119.68421,35.04173],[-119.68431,35.04177],[-119.68452,35.04182],[-119.68476,35.04185],[-119.68507,35.04189],[-119.6852,35.04194],[-119.68529,35.04201],[-119.68536,35.04206],[-119.68543,35.04217],[-119.68554,35.04224],[-119.68562,35.04231],[-119.68572,35.04235],[-119.68602,35.0424],[-119.68607,35.04244],[-119.68616,35.0425],[-119.68622,35.04254],[-119.68627,35.04257],[-119.68658,35.0427],[-119.68688,35.04283],[-119.68718,35.04309],[-119.68752,35.04332],[-119.68793,35.0436],[-119.68804,35.04374],[-119.68807,35.04386],[-119.68807,35.0441],[-119.68809,35.04415],[-119.68815,35.04418],[-119.68821,35.04418],[-119.68829,35.04413],[-119.68838,35.04402],[-119.68846,35.04398],[-119.68855,35.04399],[-119.68868,35.04403],[-119.68878,35.04415],[-119.68884,35.04443],[-119.6889,35.04453],[-119.689,35.04461],[-119.68926,35.04476],[-119.68961,35.04505],[-119.68972,35.04512],[-119.69003,35.0453],[-119.69009,35.04538],[-119.69018,35.04556],[-119.69022,35.04568],[-119.69025,35.04572],[-119.6904,35.04585],[-119.69051,35.04592],[-119.69056,35.04592],[-119.69063,35.0459],[-119.69069,35.04588],[-119.69089,35.04573],[-119.69102,35.04565],[-119.69122,35.04556],[-119.69143,35.04551],[-119.69151,35.04551],[-119.69158,35.04552],[-119.69162,35.04554],[-119.69164,35.04558],[-119.69164,35.04563],[-119.6916,35.04574],[-119.69156,35.04577],[-119.69151,35.0458],[-119.69145,35.04581],[-119.6914,35.04583],[-119.69135,35.04587],[-119.69132,35.04592],[-119.6913,35.04602],[-119.69125,35.04608],[-119.69122,35.04614],[-119.69117,35.04619],[-119.69112,35.04626],[-119.69111,35.04632],[-119.69112,35.04651],[-119.69114,35.04657],[-119.6912,35.04664],[-119.69129,35.04668],[-119.69136,35.04676],[-119.69139,35.04687],[-119.69145,35.04693],[-119.6915,35.04699],[-119.69176,35.04712],[-119.69185,35.04719],[-119.69192,35.04726],[-119.69205,35.04731],[-119.69228,35.04739],[-119.6925,35.04743],[-119.69278,35.04752],[-119.69285,35.04757],[-119.69308,35.04776],[-119.69324,35.04791],[-119.6934,35.0481],[-119.69353,35.04822],[-119.69361,35.04827],[-119.69367,35.04832],[-119.69385,35.04846],[-119.69406,35.04856],[-119.6942,35.04866],[-119.69451,35.04881],[-119.69457,35.04886],[-119.69463,35.04892],[-119.6947,35.04905],[-119.69473,35.0491],[-119.69477,35.04915],[-119.69485,35.04921],[-119.69498,35.04929],[-119.69531,35.04942],[-119.69562,35.04955],[-119.6958,35.0497],[-119.69587,35.04977],[-119.69595,35.04981],[-119.69607,35.04981],[-119.69618,35.04989],[-119.69645,35.05006],[-119.69661,35.05023],[-119.69668,35.05029],[-119.6969,35.05038],[-119.69709,35.05043],[-119.69717,35.05044],[-119.69721,35.05047],[-119.69723,35.0505]]}},{"type":"Feature","properties":{"name":"(unnamed public road)","road_class":"track","surface":"unpaved","tracktype":"grade4","source":"Caltrans All Roads + OpenStreetMap explicit surface","source_detail":"osm way 241370494; Caltrans All Roads public-network geometry match","source_tile":"171/405","public_network_source":"Caltrans All Roads (ARNOLD/HPMS)","surface_source":"OpenStreetMap explicit surface tag","caltrans_match_coverage":0.972,"verified_length_m":10032},"geometry":{"type":"LineString","coordinates":[[-119.75615,35.11689],[-119.75598,35.11689],[-119.754,35.11688],[-119.7506,35.11688],[-119.74943,35.11689],[-119.74686,35.11686],[-119.74379,35.11687],[-119.74352,35.11686],[-119.74333,35.11685],[-119.74289,35.11678],[-119.74276,35.11679],[-119.74048,35.11678],[-119.74004,35.11677],[-119.73775,35.11676],[-119.73644,35.11674],[-119.73614,35.11675],[-119.7344,35.11671],[-119.73301,35.1167],[-119.73178,35.11671],[-119.73082,35.1167],[-119.73046,35.11669],[-119.7296,35.11668],[-119.72818,35.11669],[-119.72781,35.11669],[-119.72739,35.11667],[-119.72584,35.11664],[-119.72532,35.11659],[-119.72424,35.11659],[-119.72364,35.11656],[-119.72314,35.11661],[-119.72158,35.1166],[-119.71893,35.11655],[-119.71472,35.11654],[-119.71351,35.11653],[-119.70855,35.11653],[-119.70826,35.11653],[-119.70706,35.11652],[-119.70585,35.11652],[-119.70112,35.11651],[-119.70013,35.11646],[-119.69992,35.11652],[-119.69961,35.11674],[-119.69875,35.11761],[-119.69851,35.11781],[-119.69819,35.11803],[-119.69775,35.11838],[-119.69698,35.11892],[-119.69657,35.11918],[-119.69509,35.12047],[-119.69487,35.12068],[-119.69469,35.12088],[-119.69461,35.12102],[-119.69456,35.12118],[-119.69453,35.12133],[-119.69444,35.12151],[-119.69435,35.12164],[-119.69429,35.12175],[-119.6939,35.12245],[-119.69384,35.12253],[-119.6938,35.12258],[-119.69361,35.12272],[-119.69344,35.12286],[-119.6933,35.12299],[-119.6932,35.12311],[-119.69295,35.1236],[-119.69277,35.12396],[-119.69226,35.12493],[-119.69211,35.12517],[-119.69194,35.12536],[-119.6917,35.12567],[-119.69139,35.12609],[-119.69118,35.12633],[-119.69087,35.12666],[-119.69055,35.12697],[-119.68998,35.12757],[-119.68954,35.12803],[-119.68944,35.12814],[-119.68935,35.12826],[-119.68929,35.12836],[-119.68924,35.12848],[-119.68892,35.12929],[-119.68879,35.12948],[-119.68831,35.13021],[-119.68734,35.13155],[-119.68639,35.13296],[-119.68599,35.13354],[-119.68584,35.13376],[-119.68572,35.13388],[-119.68551,35.13395],[-119.68532,35.13397],[-119.6851,35.13399],[-119.68476,35.13405],[-119.68445,35.13412],[-119.68436,35.13414],[-119.68421,35.13418],[-119.68406,35.13425],[-119.68374,35.13439],[-119.68354,35.13452],[-119.68348,35.13459],[-119.68336,35.13465],[-119.68259,35.13497],[-119.68213,35.13515],[-119.68173,35.13526],[-119.68128,35.1354],[-119.68065,35.13567],[-119.68014,35.13589],[-119.67962,35.13612],[-119.67905,35.13638],[-119.67859,35.1365],[-119.67838,35.1366],[-119.6783,35.13668],[-119.67818,35.13686],[-119.67813,35.13695],[-119.67803,35.13707],[-119.67797,35.13713],[-119.67794,35.13726],[-119.67794,35.13733],[-119.67795,35.13741],[-119.67788,35.13748],[-119.67767,35.13756],[-119.67754,35.13753],[-119.6774,35.13753],[-119.67727,35.1375],[-119.67719,35.1375],[-119.67711,35.13753],[-119.67704,35.13757],[-119.67701,35.13761],[-119.67691,35.13779],[-119.67678,35.13795],[-119.67669,35.13801],[-119.67657,35.13805],[-119.67644,35.13807],[-119.67617,35.13809],[-119.67599,35.13809],[-119.67559,35.13805],[-119.67549,35.13804],[-119.67534,35.13804],[-119.67518,35.13807],[-119.67503,35.13809],[-119.67465,35.13806],[-119.67454,35.13805],[-119.67443,35.13806],[-119.67433,35.13807],[-119.67416,35.13811],[-119.67402,35.13817],[-119.67392,35.13819],[-119.67336,35.13825],[-119.673,35.13827],[-119.67281,35.1383],[-119.67272,35.13834],[-119.6726,35.13842],[-119.67255,35.13848],[-119.67235,35.13883],[-119.67219,35.1392],[-119.67211,35.13939],[-119.6716,35.13997],[-119.67103,35.14053],[-119.6704,35.14127],[-119.67018,35.14151],[-119.66921,35.14251],[-119.6686,35.14309],[-119.66827,35.14341],[-119.66813,35.14351],[-119.66802,35.14357],[-119.66751,35.14383],[-119.66704,35.14404],[-119.66646,35.14435],[-119.66609,35.14479],[-119.66571,35.1452],[-119.66536,35.14565],[-119.6649,35.14631],[-119.66487,35.14642],[-119.66489,35.14653],[-119.66495,35.1468]]}},{"type":"Feature","properties":{"name":"(unnamed public road)","road_class":"track","surface":"unpaved","tracktype":"grade2","source":"Caltrans All Roads + OpenStreetMap explicit surface","source_detail":"osm way 293351453; Caltrans All Roads public-network geometry match","source_tile":"171/405","public_network_source":"Caltrans All Roads (ARNOLD/HPMS)","surface_source":"OpenStreetMap explicit surface tag","caltrans_match_coverage":1.0,"verified_length_m":5658},"geometry":{"type":"LineString","coordinates":[[-119.69723,35.0505],[-119.69716,35.05052],[-119.69713,35.05052],[-119.69704,35.05052],[-119.69687,35.05048],[-119.69673,35.05045],[-119.69658,35.05042],[-119.69646,35.05042],[-119.69636,35.05043],[-119.69632,35.05045],[-119.69627,35.05049],[-119.69625,35.05054],[-119.69625,35.0506],[-119.69632,35.05083],[-119.69634,35.05112],[-119.69634,35.05134],[-119.69634,35.05147],[-119.69631,35.05157],[-119.69626,35.05171],[-119.69615,35.05187],[-119.69604,35.05214],[-119.696,35.05225],[-119.69598,35.05233],[-119.69603,35.0526],[-119.69601,35.05272],[-119.69598,35.05282],[-119.69595,35.05291],[-119.69588,35.053],[-119.69568,35.05317],[-119.69563,35.05325],[-119.69558,35.05334],[-119.69552,35.05342],[-119.69529,35.05364],[-119.69519,35.05375],[-119.69516,35.05379],[-119.69516,35.05385],[-119.69518,35.05393],[-119.69523,35.05399],[-119.69549,35.05421],[-119.69568,35.05439],[-119.69581,35.05451],[-119.69589,35.05456],[-119.69594,35.0546],[-119.69596,35.05467],[-119.69595,35.05474],[-119.69594,35.05483],[-119.69592,35.05492],[-119.69587,35.05499],[-119.69579,35.05508],[-119.69562,35.05522],[-119.69556,35.05532],[-119.69555,35.05556],[-119.69555,35.05569],[-119.69557,35.05577],[-119.69557,35.05584],[-119.69554,35.05619],[-119.69551,35.0563],[-119.69538,35.0565],[-119.69533,35.05658],[-119.69518,35.05695],[-119.6951,35.05708],[-119.69499,35.05725],[-119.69477,35.0578],[-119.69468,35.058],[-119.69461,35.05814],[-119.69437,35.05845],[-119.69425,35.0588],[-119.69412,35.05913],[-119.69402,35.0593],[-119.69391,35.05962],[-119.69386,35.0597],[-119.6938,35.05976],[-119.69367,35.05986],[-119.69362,35.05995],[-119.69361,35.06004],[-119.69361,35.06011],[-119.69367,35.06026],[-119.69368,35.06034],[-119.69363,35.06042],[-119.69354,35.06065],[-119.6935,35.06084],[-119.6935,35.06088],[-119.69351,35.06097],[-119.69353,35.06106],[-119.69357,35.06122],[-119.69359,35.06135],[-119.69364,35.0616],[-119.69366,35.06205],[-119.69368,35.06309],[-119.69366,35.0632],[-119.69363,35.06329],[-119.69354,35.06338],[-119.69343,35.06343],[-119.69334,35.06344],[-119.69324,35.06345],[-119.6927,35.06338],[-119.69251,35.06338],[-119.69143,35.06341],[-119.68903,35.06339],[-119.68824,35.06339],[-119.68764,35.0634],[-119.68726,35.06339],[-119.68712,35.06338],[-119.68698,35.06335],[-119.68685,35.06331],[-119.68665,35.06323],[-119.68509,35.06249],[-119.68459,35.06229],[-119.68407,35.06205],[-119.68329,35.06173],[-119.68279,35.06152],[-119.68258,35.06145],[-119.68252,35.06142],[-119.68239,35.06133],[-119.68221,35.06126],[-119.682,35.06122],[-119.68187,35.06117],[-119.68152,35.0609],[-119.68137,35.06082],[-119.68106,35.06074],[-119.68079,35.06063],[-119.68065,35.06058],[-119.68055,35.06054],[-119.68029,35.0605],[-119.67997,35.06042],[-119.67983,35.06039],[-119.67962,35.06039],[-119.67948,35.06034],[-119.67929,35.06019],[-119.67913,35.06008],[-119.67878,35.05986],[-119.67841,35.05953],[-119.6781,35.05925],[-119.67802,35.05922],[-119.67795,35.05923],[-119.67788,35.05928],[-119.67781,35.05939],[-119.67777,35.05947],[-119.67745,35.05994],[-119.6773,35.06012],[-119.67705,35.06033],[-119.67641,35.06091],[-119.67603,35.06125],[-119.67595,35.06128],[-119.67585,35.06132],[-119.67574,35.06136],[-119.67544,35.06142],[-119.67505,35.06145],[-119.67375,35.0615],[-119.67357,35.06151],[-119.6733,35.06156],[-119.67279,35.06161],[-119.67263,35.06162],[-119.67229,35.06168],[-119.67211,35.06169],[-119.67199,35.06171],[-119.6719,35.06173],[-119.67169,35.06184],[-119.6715,35.06196],[-119.67135,35.06206],[-119.67126,35.06215],[-119.67117,35.06224],[-119.6707,35.0628],[-119.67016,35.06337],[-119.67004,35.06352],[-119.66991,35.06375],[-119.66981,35.06387],[-119.66892,35.0647],[-119.66838,35.06518],[-119.66824,35.06534],[-119.6679,35.06574],[-119.66701,35.06697],[-119.66695,35.06706],[-119.66691,35.06714],[-119.66686,35.06732],[-119.66684,35.0675],[-119.66686,35.068],[-119.66683,35.06822],[-119.66681,35.06834],[-119.66668,35.06873],[-119.66658,35.06906],[-119.66652,35.06915],[-119.66639,35.06929],[-119.66616,35.06946],[-119.66564,35.06979],[-119.66547,35.06992],[-119.66541,35.06998],[-119.66535,35.07007],[-119.66526,35.07025],[-119.66509,35.07054],[-119.6649,35.07079],[-119.66474,35.07096],[-119.66455,35.07129],[-119.66442,35.07163],[-119.6643,35.07198],[-119.66416,35.07227],[-119.66405,35.07247],[-119.66386,35.07294],[-119.66373,35.07321],[-119.66363,35.07347],[-119.66358,35.07364],[-119.66351,35.07375],[-119.66346,35.07386],[-119.66339,35.07403],[-119.66333,35.07427],[-119.6633,35.07435],[-119.6632,35.07454],[-119.66312,35.07466],[-119.66306,35.07478],[-119.66302,35.07489],[-119.66301,35.07503],[-119.66298,35.07518],[-119.66295,35.07528],[-119.66288,35.07536],[-119.66275,35.07563]]}},{"type":"Feature","properties":{"name":"(unnamed public road)","road_class":"track","surface":"unpaved","tracktype":"grade4","source":"Caltrans All Roads + OpenStreetMap explicit surface","source_detail":"osm way 1254534151; Caltrans All Roads public-network geometry match","source_tile":"171/405","public_network_source":"Caltrans All Roads (ARNOLD/HPMS)","surface_source":"OpenStreetMap explicit surface tag","caltrans_match_coverage":1.0,"verified_length_m":1315},"geometry":{"type":"LineString","coordinates":[[-119.63988,35.11366],[-119.63947,35.1137],[-119.6394,35.1137],[-119.63933,35.11373],[-119.63919,35.11377],[-119.63904,35.11378],[-119.63876,35.11379],[-119.63826,35.11384],[-119.63785,35.11388],[-119.63764,35.11389],[-119.63748,35.11389],[-119.6373,35.11386],[-119.63715,35.11386],[-119.63691,35.11388],[-119.63666,35.11393],[-119.63644,35.11402],[-119.63638,35.11409],[-119.63631,35.1142],[-119.63626,35.11423],[-119.63619,35.11423],[-119.63607,35.11422],[-119.63564,35.11428],[-119.63532,35.11432],[-119.63509,35.11436],[-119.63465,35.1145],[-119.6343,35.11459],[-119.63381,35.11467],[-119.63236,35.11495],[-119.6322,35.115],[-119.63195,35.11515],[-119.63176,35.11537],[-119.63151,35.11606],[-119.63103,35.11711],[-119.63038,35.1182],[-119.62987,35.11897],[-119.62969,35.11933],[-119.62966,35.11946],[-119.62967,35.11978]]}},{"type":"Feature","properties":{"name":"(unnamed public road)","road_class":"track","surface":"unpaved","tracktype":"grade5","source":"Caltrans All Roads + OpenStreetMap explicit surface","source_detail":"osm way 1254534152; Caltrans All Roads public-network geometry match","source_tile":"171/405","public_network_source":"Caltrans All Roads (ARNOLD/HPMS)","surface_source":"OpenStreetMap explicit surface tag","caltrans_match_coverage":0.929,"verified_length_m":2625},"geometry":{"type":"LineString","coordinates":[[-119.64002,35.09458],[-119.64013,35.09467],[-119.6402,35.0949],[-119.64022,35.09537],[-119.64013,35.09638],[-119.64007,35.09728],[-119.64005,35.09789],[-119.64,35.09867],[-119.63974,35.10142],[-119.63969,35.10199],[-119.63959,35.10238],[-119.63953,35.10271],[-119.63941,35.10358],[-119.63943,35.10366],[-119.63948,35.10377],[-119.64051,35.10463],[-119.6406,35.1047],[-119.64069,35.10476],[-119.64111,35.10511],[-119.64125,35.10523],[-119.64137,35.10534],[-119.64157,35.1055],[-119.64192,35.10579],[-119.642,35.10587],[-119.64305,35.10672],[-119.64327,35.1069],[-119.64362,35.10725],[-119.64391,35.1074],[-119.6442,35.10765],[-119.64446,35.10796],[-119.64456,35.10812],[-119.64468,35.10831],[-119.64498,35.10863],[-119.64579,35.10961],[-119.64595,35.10977],[-119.64605,35.10991],[-119.64613,35.11],[-119.64622,35.1101],[-119.64627,35.11016],[-119.64634,35.11023],[-119.64686,35.11084],[-119.64715,35.11122],[-119.64738,35.11149],[-119.64768,35.11184],[-119.64768,35.11191],[-119.64766,35.11198],[-119.64696,35.1128],[-119.6466,35.1133],[-119.64651,35.11337],[-119.64642,35.1134],[-119.64638,35.11342],[-119.64633,35.11348],[-119.64632,35.11352],[-119.64629,35.1136],[-119.64613,35.11382],[-119.64605,35.11398],[-119.64601,35.11411],[-119.64604,35.11421],[-119.64614,35.11433],[-119.64637,35.11449],[-119.64645,35.11462],[-119.64658,35.11471],[-119.64663,35.11471],[-119.64665,35.11468],[-119.64665,35.11465],[-119.64663,35.11461],[-119.64656,35.11458],[-119.64637,35.11449]]}},{"type":"Feature","properties":{"name":"(unnamed public road)","road_class":"track","surface":"unpaved","tracktype":"grade4","source":"Caltrans All Roads + OpenStreetMap explicit surface","source_detail":"osm way 1254534153; Caltrans All Roads public-network geometry match","source_tile":"171/405","public_network_source":"Caltrans All Roads (ARNOLD/HPMS)","surface_source":"OpenStreetMap explicit surface tag","caltrans_match_coverage":1.0,"verified_length_m":692},"geometry":{"type":"LineString","coordinates":[[-119.64916,35.06917],[-119.64907,35.06922],[-119.64897,35.06927],[-119.64886,35.06927],[-119.64865,35.06928],[-119.64846,35.06939],[-119.64835,35.0695],[-119.64824,35.06964],[-119.64807,35.07006],[-119.64799,35.07014],[-119.64767,35.07037],[-119.64762,35.07043],[-119.64757,35.07051],[-119.64755,35.07058],[-119.64752,35.07068],[-119.64752,35.0711],[-119.64751,35.07125],[-119.64749,35.07135],[-119.64745,35.07146],[-119.64739,35.07157],[-119.64729,35.07168],[-119.64711,35.07182],[-119.64678,35.07204],[-119.64657,35.07222],[-119.64621,35.07255],[-119.64597,35.07282],[-119.64559,35.07337],[-119.64534,35.07369],[-119.64519,35.0738],[-119.64512,35.07383],[-119.64506,35.07388],[-119.64496,35.07399]]}},{"type":"Feature","properties":{"name":"(unnamed public road)","road_class":"track","surface":"unpaved","tracktype":"grade4","source":"Caltrans All Roads + OpenStreetMap explicit surface","source_detail":"osm way 1254787054; Caltrans All Roads public-network geometry match","source_tile":"171/405","public_network_source":"Caltrans All Roads (ARNOLD/HPMS)","surface_source":"OpenStreetMap explicit surface tag","caltrans_match_coverage":1.0,"verified_length_m":2206},"geometry":{"type":"LineString","coordinates":[[-119.70171,35.07841],[-119.70163,35.07822],[-119.70163,35.07815],[-119.70166,35.07809],[-119.70172,35.07807],[-119.70178,35.07808],[-119.70181,35.07814],[-119.70179,35.07818],[-119.70175,35.07829],[-119.70171,35.07841],[-119.70168,35.07861],[-119.70144,35.07937],[-119.70135,35.07995],[-119.70128,35.08009],[-119.70113,35.0802],[-119.70088,35.08043],[-119.70059,35.08068],[-119.70027,35.08099],[-119.70017,35.08107],[-119.70002,35.08115],[-119.69994,35.08122],[-119.69989,35.08127],[-119.69984,35.08135],[-119.69976,35.0815],[-119.6997,35.08154],[-119.69961,35.08158],[-119.69945,35.0816],[-119.69919,35.08161],[-119.69886,35.08164],[-119.69871,35.08164],[-119.69862,35.08165],[-119.69858,35.08167],[-119.69852,35.0817],[-119.69814,35.08205],[-119.6976,35.08246],[-119.69725,35.08269],[-119.69711,35.08278],[-119.69689,35.08286],[-119.69667,35.08293],[-119.69654,35.08295],[-119.69648,35.08295],[-119.69617,35.08293],[-119.69559,35.08285],[-119.69485,35.08277],[-119.69464,35.08274],[-119.69396,35.08265],[-119.69367,35.08264],[-119.69326,35.0826],[-119.69273,35.08255],[-119.69229,35.08249],[-119.69213,35.08246],[-119.69157,35.0824],[-119.6907,35.08233],[-119.69029,35.08228],[-119.68954,35.08219],[-119.68903,35.08213],[-119.68879,35.0821],[-119.68869,35.0821],[-119.68865,35.08213],[-119.6886,35.08217],[-119.68849,35.08241],[-119.68804,35.08325],[-119.68798,35.08337],[-119.6879,35.08347],[-119.68776,35.08368],[-119.68767,35.08383],[-119.68731,35.08438],[-119.68725,35.08454],[-119.68716,35.08472],[-119.68708,35.08483],[-119.68702,35.0849],[-119.68692,35.08496],[-119.68672,35.08506],[-119.68648,35.08509],[-119.68622,35.08511],[-119.68535,35.08505],[-119.68485,35.08505],[-119.68455,35.08508],[-119.68446,35.08515],[-119.68422,35.08564]]}},{"type":"Feature","properties":{"name":"(unnamed public road)","road_class":"track","surface":"unpaved","tracktype":"grade5","source":"Caltrans All Roads + OpenStreetMap explicit surface","source_detail":"osm way 1254787064; Caltrans All Roads public-network geometry match","source_tile":"171/405","public_network_source":"Caltrans All Roads (ARNOLD/HPMS)","surface_source":"OpenStreetMap explicit surface tag","caltrans_match_coverage":0.926,"verified_length_m":2409},"geometry":{"type":"LineString","coordinates":[[-119.72197,35.06341],[-119.72086,35.06342],[-119.72079,35.06344],[-119.72073,35.06348],[-119.72017,35.0641],[-119.72012,35.06419],[-119.72011,35.06431],[-119.72011,35.06532],[-119.7201,35.06625],[-119.72008,35.06782],[-119.72007,35.0688],[-119.72006,35.06891],[-119.72009,35.06901],[-119.72013,35.06906],[-119.72019,35.06909],[-119.72105,35.06918],[-119.72159,35.06925],[-119.72196,35.06932],[-119.72225,35.06937],[-119.72268,35.06941],[-119.72281,35.06943],[-119.72309,35.06954],[-119.72319,35.06959],[-119.72335,35.06968],[-119.72349,35.06972],[-119.72381,35.06975],[-119.72397,35.06975],[-119.72407,35.06972],[-119.72414,35.06968],[-119.72429,35.06963],[-119.72443,35.06961],[-119.72444,35.06961],[-119.72457,35.06962],[-119.72478,35.06965],[-119.72509,35.0697],[-119.72527,35.06973],[-119.72538,35.06975],[-119.72543,35.06976],[-119.72544,35.06988],[-119.72546,35.06994],[-119.72548,35.06999],[-119.72594,35.07042],[-119.72607,35.07051],[-119.72618,35.07057],[-119.72634,35.0707],[-119.72669,35.07102],[-119.7269,35.0712],[-119.72699,35.07132],[-119.72705,35.07142],[-119.72716,35.07157],[-119.72725,35.07167],[-119.72732,35.0717],[-119.72749,35.07177],[-119.72761,35.07186],[-119.72797,35.0722],[-119.72817,35.07244],[-119.7283,35.07269],[-119.72847,35.07301],[-119.72858,35.07333],[-119.72863,35.07348],[-119.72865,35.07359],[-119.72872,35.07384],[-119.72877,35.07389],[-119.72886,35.07391],[-119.72914,35.07379],[-119.73005,35.07332],[-119.73022,35.07324],[-119.73092,35.07311],[-119.73161,35.07302],[-119.73231,35.07289],[-119.73249,35.0728],[-119.73272,35.07265],[-119.73283,35.07247],[-119.73296,35.07236],[-119.73367,35.07167],[-119.73381,35.07142],[-119.73385,35.07129],[-119.73389,35.07126],[-119.73393,35.07125],[-119.73399,35.07126]]}},{"type":"Feature","properties":{"name":"(unnamed public road)","road_class":"track","surface":"unpaved","tracktype":"grade5","source":"Caltrans All Roads + OpenStreetMap explicit surface","source_detail":"osm way 1254787073; Caltrans All Roads public-network geometry match","source_tile":"171/405","public_network_source":"Caltrans All Roads (ARNOLD/HPMS)","surface_source":"OpenStreetMap explicit surface tag","caltrans_match_coverage":1.0,"verified_length_m":1735},"geometry":{"type":"LineString","coordinates":[[-119.66323,35.05813],[-119.66296,35.05815],[-119.66287,35.05816],[-119.66279,35.05817],[-119.6627,35.05821],[-119.66228,35.05837],[-119.6615,35.0588],[-119.66112,35.05899],[-119.66052,35.05934],[-119.65994,35.05966],[-119.65973,35.05977],[-119.65941,35.05984],[-119.65922,35.05994],[-119.65908,35.0601],[-119.65898,35.06028],[-119.6589,35.0604],[-119.65876,35.06052],[-119.65852,35.0607],[-119.65836,35.06081],[-119.65806,35.06112],[-119.65764,35.06159],[-119.65748,35.06179],[-119.65743,35.06187],[-119.6574,35.06199],[-119.65738,35.06207],[-119.65739,35.06216],[-119.6575,35.06254],[-119.65762,35.06306],[-119.65767,35.06326],[-119.65768,35.06333],[-119.65756,35.06358],[-119.65745,35.06399],[-119.65729,35.06436],[-119.65717,35.06458],[-119.65701,35.0648],[-119.65682,35.06502],[-119.6567,35.06515],[-119.65649,35.06539],[-119.65638,35.06553],[-119.65604,35.06594],[-119.65578,35.06633],[-119.65568,35.06644],[-119.65518,35.06684],[-119.65464,35.06738],[-119.65451,35.0675],[-119.65405,35.06801],[-119.65383,35.06822],[-119.65367,35.06834],[-119.65336,35.06862],[-119.653,35.06887],[-119.65274,35.06909],[-119.65258,35.06923],[-119.65249,35.0693],[-119.65214,35.06963],[-119.6521,35.06968]]}},{"type":"Feature","properties":{"name":"(unnamed public road)","road_class":"track","surface":"unpaved","tracktype":"grade3","source":"Caltrans All Roads + OpenStreetMap explicit surface","source_detail":"osm way 1254787075; Caltrans All Roads public-network geometry match","source_tile":"171/405","public_network_source":"Caltrans All Roads (ARNOLD/HPMS)","surface_source":"OpenStreetMap explicit surface tag","caltrans_match_coverage":1.0,"verified_length_m":3750},"geometry":{"type":"LineString","coordinates":[[-119.6935,35.06088],[-119.69355,35.06095],[-119.69362,35.061],[-119.69366,35.06102],[-119.69372,35.06103],[-119.69401,35.06103],[-119.69431,35.06101],[-119.6946,35.06097],[-119.69478,35.06097],[-119.69489,35.06098],[-119.695,35.06102],[-119.69532,35.06117],[-119.69652,35.06177],[-119.69777,35.06238],[-119.69823,35.06264],[-119.69848,35.06275],[-119.69907,35.06303],[-119.69951,35.06325],[-119.70124,35.0641],[-119.70218,35.06458],[-119.70438,35.06556],[-119.70466,35.06569],[-119.70476,35.06571],[-119.70484,35.06571],[-119.70583,35.06541],[-119.70627,35.0653],[-119.70645,35.06526],[-119.70651,35.06523],[-119.70655,35.06518],[-119.70662,35.06496],[-119.70667,35.0649],[-119.70687,35.0648],[-119.70694,35.06474],[-119.70708,35.06436],[-119.70718,35.06415],[-119.70723,35.06395],[-119.70724,35.06384],[-119.70723,35.0637],[-119.70725,35.06362],[-119.70728,35.06356],[-119.70756,35.06317],[-119.70812,35.06256],[-119.70835,35.06234],[-119.70857,35.06218],[-119.70872,35.06211],[-119.709,35.062],[-119.70933,35.06189],[-119.70947,35.06181],[-119.70955,35.06173],[-119.70961,35.06164],[-119.70975,35.06132],[-119.70979,35.06118],[-119.70978,35.06103],[-119.70973,35.06076],[-119.70969,35.06066],[-119.70953,35.06046],[-119.70949,35.06036],[-119.70943,35.06026],[-119.70941,35.06015],[-119.70942,35.06002],[-119.70942,35.05993],[-119.70937,35.05979],[-119.70937,35.0597],[-119.70942,35.05957],[-119.70942,35.05949],[-119.70933,35.05935],[-119.70929,35.0592],[-119.70922,35.0591],[-119.70908,35.05902],[-119.70881,35.05891],[-119.70869,35.05884],[-119.70831,35.05851],[-119.70793,35.05827],[-119.70688,35.05761],[-119.70677,35.05751],[-119.70673,35.05744],[-119.70664,35.05726],[-119.70633,35.05681],[-119.70626,35.05669],[-119.70621,35.05661],[-119.7061,35.05655],[-119.70598,35.0565],[-119.70577,35.05642],[-119.70558,35.05634],[-119.70553,35.05627],[-119.70548,35.0562],[-119.70548,35.05615],[-119.7055,35.05608],[-119.70554,35.05601],[-119.70562,35.05591],[-119.70567,35.0558],[-119.70568,35.05557],[-119.70563,35.05546],[-119.70559,35.05535],[-119.7055,35.05506],[-119.70545,35.05499],[-119.70535,35.05487],[-119.70522,35.05476],[-119.70501,35.05445],[-119.70489,35.0543],[-119.70473,35.05417],[-119.70433,35.05388],[-119.70423,35.05379],[-119.70409,35.0537],[-119.70389,35.0536],[-119.70377,35.05351],[-119.70357,35.05334],[-119.70345,35.05317],[-119.70329,35.053],[-119.70318,35.0529],[-119.70307,35.05282],[-119.70298,35.05277],[-119.70259,35.05258],[-119.70229,35.05251],[-119.70207,35.05244],[-119.70172,35.05232],[-119.70149,35.05221],[-119.70133,35.05216],[-119.70107,35.0521],[-119.70082,35.05202],[-119.70069,35.05195],[-119.70059,35.0519],[-119.70044,35.05177],[-119.7002,35.05151],[-119.69965,35.05098],[-119.69955,35.05086],[-119.69949,35.05083],[-119.69935,35.05076],[-119.69924,35.05067],[-119.69919,35.05058],[-119.69917,35.05053],[-119.69914,35.05046],[-119.69909,35.05041],[-119.69903,35.05038],[-119.69895,35.05038],[-119.69882,35.0504],[-119.69869,35.0504],[-119.69852,35.05037],[-119.69824,35.05031],[-119.69806,35.05027],[-119.69798,35.05026],[-119.69791,35.05027],[-119.69785,35.0503],[-119.69768,35.05044],[-119.69754,35.05049],[-119.69743,35.05049],[-119.69732,35.0505],[-119.69723,35.0505]]}},{"type":"Feature","properties":{"name":"(unnamed public road)","road_class":"track","surface":"unpaved","tracktype":"grade5","source":"Caltrans All Roads + OpenStreetMap explicit surface","source_detail":"osm way 1254787078; Caltrans All Roads public-network geometry match","source_tile":"171/405","public_network_source":"Caltrans All Roads (ARNOLD/HPMS)","surface_source":"OpenStreetMap explicit surface tag","caltrans_match_coverage":1.0,"verified_length_m":1160},"geometry":{"type":"LineString","coordinates":[[-119.73268,35.06359],[-119.73261,35.0637],[-119.73243,35.06402],[-119.7324,35.0641],[-119.73239,35.06416],[-119.7324,35.06431],[-119.73247,35.06453],[-119.73247,35.06465],[-119.73243,35.06478],[-119.73235,35.06498],[-119.73209,35.06546],[-119.73202,35.06552],[-119.73182,35.06561],[-119.73169,35.0657],[-119.7315,35.06594],[-119.73138,35.06608],[-119.73115,35.06619],[-119.73103,35.06625],[-119.73092,35.06638],[-119.73062,35.06683],[-119.73042,35.0671],[-119.73023,35.06732],[-119.73014,35.06747],[-119.73009,35.06759],[-119.72997,35.06787],[-119.72985,35.06799],[-119.72977,35.06807],[-119.72973,35.06813],[-119.7297,35.0682],[-119.72968,35.06833],[-119.72965,35.06839],[-119.72957,35.06846],[-119.72948,35.0685],[-119.72935,35.06853],[-119.72917,35.06852],[-119.72894,35.06849],[-119.72866,35.06852],[-119.72846,35.06855],[-119.72819,35.06855],[-119.72798,35.06852],[-119.72789,35.06848],[-119.72779,35.06842],[-119.7277,35.06836],[-119.72746,35.06816],[-119.72734,35.06804],[-119.72723,35.06797],[-119.72713,35.06793],[-119.72705,35.06793],[-119.72695,35.06795],[-119.7268,35.068],[-119.72649,35.06814],[-119.72629,35.06823],[-119.72603,35.06841],[-119.72586,35.06861],[-119.7258,35.06872],[-119.72573,35.06884],[-119.72567,35.06895],[-119.72563,35.06911],[-119.72555,35.06937],[-119.72549,35.06953],[-119.72543,35.06976]]}},{"type":"Feature","properties":{"name":"Caliente Mountain Road","road_class":"unclassified","surface":"gravel","source":"Caltrans All Roads + OpenStreetMap explicit surface","source_detail":"osm way 1261384655; Caltrans All Roads public-network geometry match","source_tile":"171/405","public_network_source":"Caltrans All Roads (ARNOLD/HPMS)","surface_source":"OpenStreetMap explicit surface tag","caltrans_match_coverage":1.0,"verified_length_m":8944},"geometry":{"type":"LineString","coordinates":[[-119.84017,35.1336],[-119.84049,35.13335],[-119.84079,35.1331],[-119.84098,35.13296],[-119.84103,35.13293],[-119.84115,35.13289],[-119.84127,35.13287],[-119.84142,35.13286],[-119.84162,35.13285],[-119.84201,35.13287],[-119.84209,35.13287],[-119.84222,35.13287],[-119.84242,35.1328],[-119.84257,35.13278],[-119.84268,35.13278],[-119.84275,35.1328],[-119.84279,35.13286],[-119.8432,35.13338],[-119.84325,35.13349],[-119.84328,35.1339],[-119.8433,35.13396],[-119.84335,35.13407],[-119.84344,35.13416],[-119.84356,35.13422],[-119.84363,35.13424],[-119.84368,35.13425],[-119.8437,35.13425],[-119.84377,35.13425],[-119.84386,35.13421],[-119.84393,35.13413],[-119.84406,35.13386],[-119.8441,35.13368],[-119.84418,35.13345],[-119.84421,35.13339],[-119.84429,35.13334],[-119.84438,35.13331],[-119.84448,35.13331],[-119.84465,35.13335],[-119.8448,35.13341],[-119.84492,35.13347],[-119.84522,35.13368],[-119.84527,35.13373],[-119.84535,35.13385],[-119.84545,35.13409],[-119.84569,35.13481],[-119.84576,35.13512],[-119.8458,35.13524],[-119.84584,35.1353],[-119.8459,35.13535],[-119.84598,35.13537],[-119.84609,35.13536],[-119.84619,35.13534],[-119.84628,35.13529],[-119.84637,35.13522],[-119.84662,35.13491],[-119.84673,35.13481],[-119.84681,35.13475],[-119.84693,35.13473],[-119.84715,35.13472],[-119.84727,35.13474],[-119.84738,35.13476],[-119.84747,35.13481],[-119.84757,35.13489],[-119.84775,35.13509],[-119.84784,35.13516],[-119.84793,35.13519],[-119.84809,35.1352],[-119.84834,35.13515],[-119.84847,35.13512],[-119.8486,35.13512],[-119.84872,35.13514],[-119.84895,35.1352],[-119.84919,35.13527],[-119.84937,35.13534],[-119.84952,35.13536],[-119.84964,35.13536],[-119.84977,35.13533],[-119.84988,35.13526],[-119.84994,35.1352],[-119.84999,35.1351],[-119.84999,35.13499],[-119.84997,35.13481],[-119.84994,35.13458],[-119.84995,35.13453],[-119.84999,35.13446],[-119.85004,35.13441],[-119.85017,35.13437],[-119.85032,35.13437],[-119.85058,35.13436],[-119.85071,35.13435],[-119.85081,35.13431],[-119.85089,35.13413],[-119.85096,35.13403],[-119.85096,35.13395],[-119.85095,35.13383],[-119.85089,35.13354],[-119.85091,35.13344],[-119.85096,35.13339],[-119.85106,35.13329],[-119.85112,35.13322],[-119.85116,35.1331],[-119.85124,35.13297],[-119.85136,35.13284],[-119.85153,35.13271],[-119.8518,35.13246],[-119.85188,35.13236],[-119.85191,35.13223],[-119.85191,35.132],[-119.85192,35.13193],[-119.85198,35.13184],[-119.85231,35.13139],[-119.85239,35.13131],[-119.85248,35.13122],[-119.85262,35.13114],[-119.85296,35.13096],[-119.85355,35.13061],[-119.85388,35.13045],[-119.85399,35.13038],[-119.85408,35.1303],[-119.85425,35.13012],[-119.85437,35.12995],[-119.85448,35.12987],[-119.85473,35.12971],[-119.85481,35.12962],[-119.85489,35.12954],[-119.85495,35.12945],[-119.85512,35.12915],[-119.85519,35.12906],[-119.85537,35.12888],[-119.85571,35.12859],[-119.85582,35.12847],[-119.85595,35.12836],[-119.85602,35.12822],[-119.85607,35.12807],[-119.85607,35.12794],[-119.8561,35.12781],[-119.85614,35.12765],[-119.85613,35.1273],[-119.85616,35.12714],[-119.85617,35.127],[-119.85618,35.12683],[-119.8562,35.12651],[-119.85623,35.12639],[-119.85632,35.12609],[-119.85641,35.12578],[-119.85654,35.12536],[-119.85661,35.12521],[-119.85672,35.12503],[-119.8569,35.12482],[-119.85699,35.12471],[-119.85712,35.12459],[-119.85721,35.12451],[-119.85729,35.12437],[-119.8575,35.12381],[-119.85751,35.12372],[-119.85752,35.12363],[-119.8575,35.12352],[-119.85745,35.12342],[-119.85733,35.12331],[-119.857,35.12304],[-119.85696,35.12297],[-119.85694,35.12288],[-119.85701,35.12274],[-119.85701,35.12267],[-119.85698,35.12259],[-119.85675,35.12242],[-119.85668,35.12233],[-119.85663,35.1222],[-119.85654,35.12168],[-119.85654,35.12155],[-119.85665,35.12113],[-119.85663,35.12101],[-119.85657,35.12082],[-119.85659,35.12071],[-119.8566,35.12055],[-119.85668,35.12036],[-119.85682,35.12015],[-119.85693,35.11998],[-119.85701,35.11988],[-119.85702,35.11973],[-119.85699,35.11942],[-119.85693,35.11928],[-119.8569,35.11921],[-119.85679,35.11909],[-119.85662,35.11877],[-119.85658,35.11866],[-119.85657,35.1186],[-119.85656,35.1185],[-119.85648,35.11827],[-119.85645,35.11797],[-119.85643,35.1179],[-119.85635,35.11781],[-119.85614,35.11762],[-119.85608,35.11761],[-119.85602,35.11763],[-119.85578,35.11784],[-119.85574,35.11789],[-119.85567,35.11791],[-119.8556,35.11791],[-119.85553,35.11789],[-119.85544,35.11781],[-119.85538,35.1177],[-119.85534,35.11767],[-119.85526,35.11764],[-119.85519,35.11765],[-119.855,35.11775],[-119.85494,35.11776],[-119.85484,35.11772],[-119.85481,35.11767],[-119.85484,35.11751],[-119.85487,35.11741],[-119.85494,35.11725],[-119.85501,35.11714],[-119.85509,35.11707],[-119.85519,35.11701],[-119.85534,35.11697],[-119.85545,35.11691],[-119.85554,35.11682],[-119.85558,35.11672],[-119.85562,35.11654],[-119.85565,35.11647],[-119.8557,35.11642],[-119.85577,35.1164],[-119.85593,35.1164],[-119.85604,35.11643],[-119.85633,35.11664],[-119.85648,35.11671],[-119.85669,35.11684],[-119.85696,35.11695],[-119.85709,35.11698],[-119.85738,35.11706],[-119.85748,35.11706],[-119.85758,35.11702],[-119.8578,35.11667],[-119.85784,35.11658],[-119.85785,35.11648],[-119.85782,35.11641],[-119.85757,35.1161],[-119.85743,35.11595],[-119.8574,35.11586],[-119.8574,35.11571],[-119.85739,35.11562],[-119.85734,35.11552],[-119.85726,35.11544],[-119.85666,35.11512],[-119.85657,35.11504],[-119.85646,35.11489],[-119.85638,35.11482],[-119.8563,35.11478],[-119.8562,35.11478],[-119.85611,35.11481],[-119.85593,35.11489],[-119.85585,35.11491],[-119.85576,35.11491],[-119.85568,35.11487],[-119.85553,35.11473],[-119.85541,35.11452],[-119.85534,35.11437],[-119.85531,35.11424],[-119.85527,35.114],[-119.85526,35.11385],[-119.85522,35.11357],[-119.85518,35.11341],[-119.8551,35.11327],[-119.85484,35.11297],[-119.85456,35.11261],[-119.85443,35.11241],[-119.85423,35.11204],[-119.85409,35.11183],[-119.85394,35.11162],[-119.85385,35.11154],[-119.85375,35.11148],[-119.85364,35.11144],[-119.85334,35.11139],[-119.85318,35.11135],[-119.85305,35.11129],[-119.85299,35.11124],[-119.85291,35.11111],[-119.85287,35.111],[-119.85286,35.11093],[-119.85286,35.11051],[-119.85285,35.11041],[-119.85282,35.1103],[-119.85276,35.11024],[-119.85249,35.10992],[-119.85246,35.10989],[-119.85237,35.10976],[-119.8523,35.10965],[-119.85225,35.10948],[-119.85205,35.10869],[-119.85202,35.1084],[-119.85201,35.10799],[-119.85212,35.1079],[-119.85256,35.10761],[-119.85332,35.10721],[-119.85357,35.10702],[-119.85375,35.1069],[-119.85389,35.10682],[-119.85431,35.10666],[-119.8545,35.10656],[-119.8548,35.10638],[-119.85507,35.10623],[-119.85529,35.10613],[-119.85558,35.10605],[-119.8557,35.10601],[-119.85578,35.10596],[-119.85587,35.10587],[-119.85592,35.10579],[-119.85608,35.10548],[-119.85613,35.10542],[-119.85622,35.10533],[-119.85631,35.10529],[-119.85656,35.10522],[-119.85675,35.10515],[-119.85701,35.105],[-119.8572,35.10492],[-119.85737,35.10487],[-119.85769,35.10481],[-119.8579,35.10479],[-119.85832,35.10479],[-119.85865,35.1048],[-119.85905,35.10486],[-119.85915,35.10489],[-119.85924,35.10493],[-119.85936,35.10499],[-119.8595,35.1051],[-119.86014,35.10554],[-119.86022,35.10558],[-119.86032,35.1056],[-119.86042,35.1056],[-119.86051,35.10556],[-119.86088,35.10535],[-119.86097,35.10526],[-119.86104,35.10516],[-119.86108,35.10505],[-119.86114,35.10474],[-119.86117,35.1045],[-119.86117,35.1044],[-119.86114,35.10431],[-119.86099,35.10401],[-119.86092,35.10385],[-119.86092,35.1037],[-119.86094,35.10363],[-119.86101,35.10356],[-119.86108,35.10351],[-119.86117,35.10347],[-119.8614,35.10346],[-119.86156,35.10345],[-119.86165,35.10341],[-119.86172,35.10335],[-119.86185,35.10318],[-119.86204,35.1029],[-119.86208,35.10281],[-119.86212,35.10265],[-119.86217,35.10182],[-119.86216,35.10164],[-119.86215,35.10153],[-119.86209,35.10131],[-119.86211,35.10117],[-119.86214,35.10097],[-119.86214,35.10072],[-119.86216,35.10061],[-119.86221,35.10056],[-119.86226,35.10055],[-119.86235,35.10054],[-119.86245,35.1006],[-119.86252,35.10064],[-119.86257,35.10068],[-119.8627,35.10079],[-119.86278,35.10083],[-119.86288,35.10084],[-119.86295,35.10082],[-119.8633,35.10064],[-119.8634,35.10055],[-119.86387,35.09982],[-119.86394,35.09974],[-119.86404,35.09969],[-119.86412,35.09965],[-119.86435,35.09959],[-119.86469,35.09952],[-119.86488,35.09952],[-119.86499,35.09952],[-119.8651,35.09954],[-119.86522,35.09957],[-119.86541,35.09961],[-119.86558,35.09964],[-119.86575,35.09963],[-119.86592,35.0996],[-119.86624,35.09949],[-119.86641,35.09945],[-119.8665,35.09945],[-119.86667,35.09946],[-119.86694,35.09953],[-119.86707,35.09954],[-119.86719,35.0995],[-119.8673,35.0994],[-119.86741,35.09929],[-119.86746,35.0992],[-119.86746,35.09914],[-119.86745,35.09909],[-119.86728,35.09875],[-119.86722,35.09856],[-119.86719,35.09839],[-119.86718,35.09821],[-119.8672,35.09803],[-119.86732,35.09766],[-119.86733,35.09752],[-119.8673,35.09741],[-119.8672,35.09725],[-119.86718,35.09715],[-119.8672,35.09685],[-119.86717,35.09657],[-119.86717,35.09636],[-119.86715,35.09621],[-119.86711,35.09605],[-119.86704,35.096],[-119.86691,35.09584],[-119.8668,35.09567],[-119.8667,35.09546],[-119.86663,35.09531],[-119.8665,35.09495],[-119.86624,35.09443],[-119.86619,35.09431],[-119.86618,35.09413],[-119.8662,35.09398],[-119.86623,35.09384],[-119.86626,35.09369],[-119.86633,35.09361],[-119.86641,35.09356],[-119.86663,35.09344],[-119.86687,35.09326],[-119.86697,35.09315],[-119.86699,35.09306],[-119.86698,35.09299],[-119.86682,35.09277],[-119.8667,35.0925],[-119.86661,35.09244],[-119.86649,35.09237],[-119.86633,35.09229],[-119.86625,35.09222],[-119.86613,35.09205],[-119.86594,35.09171],[-119.86587,35.09167],[-119.86581,35.09164],[-119.86573,35.09163],[-119.86523,35.09175],[-119.86504,35.09178],[-119.86471,35.09178],[-119.86459,35.09175],[-119.86448,35.0917],[-119.86438,35.09164],[-119.8643,35.09149],[-119.86404,35.091],[-119.8639,35.09082],[-119.86377,35.09063],[-119.86336,35.09021],[-119.86327,35.0901],[-119.86323,35.09],[-119.8632,35.08993],[-119.86317,35.08982],[-119.86317,35.0897],[-119.86314,35.08933],[-119.86313,35.08925],[-119.86308,35.08917],[-119.86304,35.08908],[-119.86298,35.08899],[-119.86284,35.0888]]}},{"type":"Feature","properties":{"name":"(unnamed public road)","road_class":"track","surface":"unpaved","tracktype":"grade2","source":"Caltrans All Roads + OpenStreetMap explicit surface","source_detail":"osm way 10382264; Caltrans All Roads public-network geometry match","source_tile":"172/405","public_network_source":"Caltrans All Roads (ARNOLD/HPMS)","surface_source":"OpenStreetMap explicit surface tag","caltrans_match_coverage":1.0,"verified_length_m":3700},"geometry":{"type":"LineString","coordinates":[[-119.52375,35.09523],[-119.52328,35.09548],[-119.52317,35.09551],[-119.52306,35.09553],[-119.52199,35.09542],[-119.52185,35.09539],[-119.5216,35.09526],[-119.52146,35.09517],[-119.52129,35.09508],[-119.52115,35.09502],[-119.52096,35.09497],[-119.52077,35.09489],[-119.52068,35.09483],[-119.5206,35.09476],[-119.52052,35.09471],[-119.52034,35.09461],[-119.52027,35.09455],[-119.52003,35.09429],[-119.51986,35.09406],[-119.51966,35.09381],[-119.51951,35.09359],[-119.51922,35.09302],[-119.51909,35.09272],[-119.51898,35.09239],[-119.51888,35.09212],[-119.5188,35.09188],[-119.51878,35.09174],[-119.51875,35.09144],[-119.51874,35.09107],[-119.51868,35.09074],[-119.51869,35.09062],[-119.51873,35.09055],[-119.51886,35.09041],[-119.51892,35.09037],[-119.51912,35.09029],[-119.5192,35.09027],[-119.51924,35.09026],[-119.5194,35.09023],[-119.51954,35.0902],[-119.51977,35.0901],[-119.51998,35.08998],[-119.52005,35.08993],[-119.52014,35.08985],[-119.5202,35.08976],[-119.52037,35.08933],[-119.52039,35.08918],[-119.52052,35.08893],[-119.52059,35.08885],[-119.52071,35.08876],[-119.52079,35.08873],[-119.52096,35.08868],[-119.52108,35.08867],[-119.52162,35.08866],[-119.52178,35.08864],[-119.52193,35.08858],[-119.52244,35.08829],[-119.52286,35.0881],[-119.52304,35.08805],[-119.52323,35.088],[-119.52353,35.08794],[-119.52415,35.08785],[-119.52434,35.08783],[-119.52456,35.08785],[-119.52465,35.08787],[-119.52476,35.08791],[-119.52485,35.08799],[-119.52493,35.08811],[-119.52497,35.0882],[-119.525,35.0884],[-119.52501,35.08852],[-119.52505,35.08872],[-119.5251,35.08885],[-119.52515,35.08892],[-119.52521,35.08898],[-119.52534,35.08905],[-119.52561,35.0892],[-119.52572,35.08931],[-119.52576,35.0894],[-119.52581,35.08954],[-119.52589,35.08965],[-119.52597,35.08973],[-119.52606,35.08978],[-119.52617,35.08982],[-119.52629,35.08985],[-119.52639,35.0899],[-119.52648,35.08997],[-119.52669,35.09018],[-119.52687,35.09032],[-119.527,35.09038],[-119.52707,35.0904],[-119.52727,35.09043],[-119.52752,35.09042],[-119.52784,35.09037],[-119.52818,35.09031],[-119.52832,35.09026],[-119.52843,35.0902],[-119.5285,35.09013],[-119.52855,35.09007],[-119.52877,35.08963],[-119.52888,35.08949],[-119.5293,35.08893],[-119.52937,35.08886],[-119.52947,35.0888],[-119.52959,35.08876],[-119.52965,35.08876],[-119.52972,35.08879],[-119.52975,35.08882],[-119.52984,35.089],[-119.52993,35.08921],[-119.52996,35.08933],[-119.52997,35.08942],[-119.52996,35.08951],[-119.52989,35.08964],[-119.52974,35.08982],[-119.52962,35.08992],[-119.5295,35.09006],[-119.52929,35.09033],[-119.52924,35.0904],[-119.52907,35.09071],[-119.5289,35.0911],[-119.52889,35.09121],[-119.5289,35.09131],[-119.52895,35.09143],[-119.52925,35.09195],[-119.52936,35.09211],[-119.52949,35.09224],[-119.52964,35.09238],[-119.52978,35.09248],[-119.53038,35.09284],[-119.53065,35.09304],[-119.53105,35.09336],[-119.53108,35.09339],[-119.53112,35.09341],[-119.53119,35.09342],[-119.53144,35.0934],[-119.53158,35.09336],[-119.5317,35.0933],[-119.53181,35.09322],[-119.53189,35.09311],[-119.53249,35.09216],[-119.53254,35.09206],[-119.53257,35.09192],[-119.53257,35.09177],[-119.53255,35.09167],[-119.53234,35.09105],[-119.53231,35.0909],[-119.53226,35.09042],[-119.53222,35.09021],[-119.53216,35.09],[-119.53206,35.08978],[-119.5319,35.0895],[-119.53188,35.08939],[-119.53187,35.08932],[-119.53187,35.08916],[-119.53189,35.08898],[-119.53194,35.08879],[-119.53202,35.08852],[-119.53215,35.08814],[-119.53223,35.0879],[-119.53227,35.08759],[-119.53228,35.08707],[-119.53229,35.087],[-119.53233,35.08691],[-119.53239,35.08682],[-119.53253,35.08669],[-119.53263,35.08662],[-119.53274,35.08656],[-119.53284,35.08654]]}}]}