{
  "allowed_road_classes": [
    "road",
    "service",
    "services",
    "track",
    "unclassified"
  ],
  "allowlisted_properties": [
    "access",
    "motor_vehicle",
    "name",
    "road_class",
    "source",
    "source_detail",
    "surface",
    "surface_inferred",
    "tracktype"
  ],
  "base_zoom": 10,
  "bounds": [
    -124.14428,
    32.54044,
    -116.15053,
    42.2439
  ],
  "created_utc": "2026-06-21T21:02:23Z",
  "description": "Staging file for public-road vector tile build pipeline",
  "filtered_out_feature_count": 589347,
  "forest_bbox_count": 18,
  "forest_bbox_pad_degrees": 0.1,
  "layer_name": "public_roads",
  "manifest_path": "build/vector_tiles/public_roads_staging_manifest.json",
  "max_zoom": 13,
  "mbtiles_path": "build/vector_tiles/public_roads.mbtiles",
  "min_zoom": 0,
  "pmtiles_path": "build/vector_tiles/public_roads.pmtiles",
  "source_counts": {
    "159/379": 108,
    "159/380": 499,
    "159/381": 720,
    "159/382": 537,
    "159/383": 690,
    "159/384": 1976,
    "159/385": 621,
    "159/386": 688,
    "159/387": 1205,
    "160/379": 1261,
    "160/380": 392,
    "160/381": 178,
    "160/382": 404,
    "160/383": 419,
    "160/384": 592,
    "160/385": 498,
    "160/386": 521,
    "160/387": 477,
    "160/388": 711,
    "160/389": 921,
    "160/390": 838,
    "161/378": 2646,
    "161/379": 882,
    "161/380": 571,
    "161/381": 246,
    "161/382": 185,
    "161/383": 231,
    "161/384": 202,
    "161/385": 417,
    "161/386": 653,
    "161/387": 324,
    "161/388": 512,
    "161/389": 1039,
    "161/390": 3359,
    "161/391": 1024,
    "161/392": 673,
    "162/378": 5926,
    "162/379": 1882,
    "162/380": 818,
    "162/381": 1160,
    "162/382": 634,
    "162/383": 175,
    "162/384": 487,
    "162/385": 441,
    "162/386": 390,
    "162/387": 270,
    "162/388": 479,
    "162/389": 533,
    "162/390": 1643,
    "162/391": 3235,
    "162/392": 3809,
    "163/378": 499,
    "163/379": 1185,
    "163/380": 963,
    "163/381": 1584,
    "163/382": 1223,
    "163/383": 565,
    "163/384": 442,
    "163/385": 4780,
    "163/386": 1251,
    "163/387": 1170,
    "163/388": 711,
    "163/389": 432,
    "163/390": 480,
    "163/391": 2150,
    "163/392": 2556,
    "164/378": 400,
    "164/379": 856,
    "164/380": 568,
    "164/381": 574,
    "164/382": 1268,
    "164/383": 787,
    "164/384": 583,
    "164/385": 4414,
    "164/386": 2471,
    "164/387": 3813,
    "164/388": 2136,
    "164/389": 1487,
    "164/390": 2030,
    "164/391": 2130,
    "164/399": 0,
    "164/400": 0,
    "164/401": 0,
    "164/402": 0,
    "165/379": 2122,
    "165/380": 452,
    "165/381": 423,
    "165/382": 413,
    "165/383": 603,
    "165/384": 993,
    "165/385": 1228,
    "165/386": 733,
    "165/387": 251,
    "165/388": 5757,
    "165/389": 778,
    "165/390": 2558,
    "165/399": 7746,
    "165/400": 3321,
    "165/401": 250,
    "165/402": 0,
    "165/403": 0,
    "166/379": 332,
    "166/380": 637,
    "166/381": 463,
    "166/382": 450,
    "166/383": 792,
    "166/384": 490,
    "166/385": 399,
    "166/386": 754,
    "166/387": 318,
    "166/388": 2446,
    "166/389": 3336,
    "166/390": 5475,
    "166/391": 4453,
    "166/399": 5309,
    "166/400": 1696,
    "166/401": 438,
    "166/402": 260,
    "166/403": 3,
    "167/380": 258,
    "167/381": 328,
    "167/382": 436,
    "167/383": 613,
    "167/384": 503,
    "167/385": 644,
    "167/386": 1101,
    "167/387": 858,
    "167/388": 628,
    "167/389": 1431,
    "167/390": 4931,
    "167/391": 9063,
    "167/392": 22664,
    "167/393": 3309,
    "167/399": 1020,
    "167/400": 1074,
    "167/401": 1072,
    "167/402": 1235,
    "167/403": 932,
    "167/404": 5,
    "167/405": 0,
    "168/383": 395,
    "168/384": 373,
    "168/385": 606,
    "168/386": 1160,
    "168/387": 796,
    "168/388": 905,
    "168/389": 1395,
    "168/390": 1436,
    "168/391": 1824,
    "168/392": 5924,
    "168/393": 2438,
    "168/394": 1883,
    "168/395": 2793,
    "168/400": 496,
    "168/401": 482,
    "168/402": 1609,
    "168/403": 4453,
    "168/404": 4198,
    "168/405": 942,
    "168/406": 238,
    "169/383": 265,
    "169/384": 115,
    "169/385": 127,
    "169/386": 739,
    "169/387": 483,
    "169/388": 1175,
    "169/389": 1075,
    "169/390": 1077,
    "169/391": 757,
    "169/392": 1213,
    "169/393": 2128,
    "169/394": 2861,
    "169/395": 2456,
    "169/396": 705,
    "169/397": 5617,
    "169/403": 985,
    "169/404": 1029,
    "169/405": 5348,
    "169/406": 3610,
    "169/407": 210,
    "169/408": 0,
    "170/385": 82,
    "170/386": 382,
    "170/387": 868,
    "170/388": 1795,
    "170/389": 2470,
    "170/390": 1841,
    "170/391": 1920,
    "170/392": 867,
    "170/393": 764,
    "170/394": 1366,
    "170/395": 1428,
    "170/396": 1524,
    "170/397": 573,
    "170/398": 4644,
    "170/403": 426,
    "170/404": 1401,
    "170/405": 290,
    "170/406": 1857,
    "170/407": 655,
    "170/408": 2,
    "171/386": 158,
    "171/387": 166,
    "171/388": 1984,
    "171/389": 15428,
    "171/390": 5827,
    "171/391": 3876,
    "171/392": 1086,
    "171/393": 353,
    "171/394": 12,
    "171/395": 264,
    "171/396": 1073,
    "171/397": 3237,
    "171/398": 3786,
    "171/399": 26335,
    "171/400": 7857,
    "171/403": 467,
    "171/404": 1297,
    "171/405": 474,
    "171/406": 16,
    "171/407": 4949,
    "171/408": 4,
    "172/389": 2599,
    "172/390": 1373,
    "172/391": 1725,
    "172/392": 1188,
    "172/393": 850,
    "172/394": 633,
    "172/395": 73,
    "172/396": 225,
    "172/397": 1126,
    "172/398": 2213,
    "172/399": 2645,
    "172/400": 9601,
    "172/401": 6938,
    "172/402": 2355,
    "172/403": 2317,
    "172/404": 2235,
    "172/405": 1530,
    "172/406": 270,
    "172/407": 2762,
    "172/408": 5237,
    "173/393": 622,
    "173/394": 613,
    "173/395": 1699,
    "173/396": 1380,
    "173/397": 354,
    "173/398": 473,
    "173/399": 967,
    "173/400": 1559,
    "173/401": 4124,
    "173/402": 1125,
    "173/403": 1594,
    "173/404": 21651,
    "173/405": 1386,
    "173/406": 993,
    "173/407": 3644,
    "173/408": 9994,
    "174/393": 1646,
    "174/394": 237,
    "174/395": 502,
    "174/396": 1491,
    "174/397": 1098,
    "174/398": 0,
    "174/399": 164,
    "174/400": 103,
    "174/401": 693,
    "174/402": 537,
    "174/403": 932,
    "174/404": 928,
    "174/405": 1531,
    "174/406": 1342,
    "174/407": 8177,
    "174/408": 20197,
    "175/393": 595,
    "175/394": 377,
    "175/395": 618,
    "175/396": 562,
    "175/397": 2209,
    "175/398": 823,
    "175/399": 536,
    "175/400": 106,
    "175/401": 197,
    "175/402": 415,
    "175/403": 1741,
    "175/404": 867,
    "175/405": 6293,
    "175/406": 8918,
    "175/407": 6591,
    "175/408": 42530,
    "176/393": 630,
    "176/394": 306,
    "176/395": 405,
    "176/396": 376,
    "176/397": 221,
    "176/398": 194,
    "176/399": 618,
    "176/400": 981,
    "176/401": 711,
    "176/402": 603,
    "176/403": 886,
    "176/404": 1864,
    "176/405": 3109,
    "176/406": 2936,
    "176/407": 4838,
    "176/408": 31749,
    "176/409": 65340,
    "176/410": 18915,
    "176/411": 0,
    "177/395": 379,
    "177/396": 364,
    "177/397": 437,
    "177/398": 17,
    "177/399": 76,
    "177/400": 281,
    "177/401": 437,
    "177/402": 333,
    "177/403": 1734,
    "177/404": 1029,
    "177/406": 1477,
    "177/407": 6202,
    "177/408": 27043,
    "177/409": 23494,
    "177/410": 15386,
    "177/411": 636,
    "178/406": 2129,
    "178/407": 13044,
    "178/408": 22985,
    "178/409": 19060,
    "178/410": 19070,
    "178/411": 18861,
    "178/412": 21655,
    "178/413": 17288,
    "178/414": 3175,
    "179/406": 1309,
    "179/407": 2423,
    "179/408": 3207,
    "179/409": 9177,
    "179/410": 4237,
    "179/411": 3635,
    "179/412": 10482,
    "179/413": 21387,
    "179/414": 31687,
    "180/406": 512,
    "180/407": 553,
    "180/408": 3550,
    "180/409": 9832,